Date,MSFT,AAPL,JNJ,XOM,JPM,PG,CVX,MRK,KO,PEP,PFE,INTC,IBM,ORCL,MCD,CSCO,WMT,HD,MMM,HON,CAT,CL,BA,AMGN,GE,ABT,CVS,BMY,CI,LLY,LMT,AXP,BAC,GILD,WFC,GS,TROW,MS,F,WBA,KR,COP,UPS,NOC,KMB,MO,ADM,GIS,PPG,DE
2005-01-03,18.454879760742188,0.9499868154525757,34.75191116333008,25.09366226196289,22.36893653869629,31.104503631591797,23.147207260131836,14.135261535644531,11.093915939331055,28.97685432434082,10.582680702209473,13.33491039276123,50.237430572509766,10.750163078308105,18.097230911254883,12.567924499511719,11.738045692443848,26.042388916015625,37.62184524536133,21.112699508666992,28.323455810546875,15.451322555541992,35.678855895996094,44.0917854309082,105.3247299194336,13.884212493896484,14.962939262390137,11.425093650817871,24.23478126525879,30.66204071044922,30.170976638793945,36.00469970703125,29.16921615600586,6.072021007537842,17.432214736938477,76.1075668334961,16.741411209106445,29.80193519592285,7.116373062133789,23.41530990600586,6.0695905685424805,16.229394912719727,44.60911178588867,31.19793128967285,30.214353561401367,4.115128040313721,13.33794116973877,12.691508293151855,21.149089813232422,24.427019119262695
2005-01-04,18.523895263671875,0.959743320941925,34.64140319824219,24.92333221435547,22.138399124145508,30.715654373168945,22.988048553466797,14.076480865478516,10.939010620117188,28.770435333251953,10.582680702209473,13.069019317626953,49.69780731201172,10.469590187072754,18.245094299316406,12.073529243469238,11.709444046020508,25.710079193115234,37.315948486328125,20.735904693603516,28.01063346862793,15.343199729919434,34.98585891723633,43.39213943481445,104.05821228027344,13.744383811950684,14.793360710144043,11.299290657043457,24.059080123901367,30.25320816040039,29.658933639526367,35.463768005371094,28.76738929748535,5.923410415649414,17.446285247802734,75.61443328857422,16.2744140625,29.482059478759766,7.092186450958252,23.247146606445312,5.9067888259887695,16.12327003479004,44.04233932495117,30.529193878173828,30.2283935546875,4.143636703491211,13.19217586517334,12.652570724487305,20.67108917236328,23.844303131103516
2005-01-05,18.48249053955078,0.9681493043899536,34.61931228637695,24.793067932128906,22.18450164794922,31.03687286376953,23.138120651245117,14.171439170837402,10.888270378112793,28.803916931152344,10.51065444946289,12.941859245300293,49.595027923583984,10.501653671264648,18.10291290283203,12.08004093170166,11.724846839904785,25.474414825439453,36.85935974121094,20.676090240478516,27.474376678466797,14.99722957611084,35.56685256958008,42.70620346069336,103.4249267578125,13.586711883544922,15.046070098876953,11.26295280456543,23.90761375427246,30.56937599182129,30.40472984313965,35.13460922241211,28.434635162353516,5.841238975524902,17.466001510620117,75.27359771728516,16.20652961730957,29.311450958251953,6.980917930603027,23.844417572021484,5.857239246368408,16.242908477783203,43.95310974121094,30.99441909790039,29.708812713623047,4.13616943359375,12.96744441986084,12.912111282348633,20.378616333007812,23.61322784423828
2005-01-06,18.461790084838867,0.9688997864723206,34.718746185302734,25.108692169189453,22.311294555664062,31.189054489135742,23.524667739868164,14.270919799804688,10.979073524475098,29.010326385498047,10.518658638000488,12.982317924499512,49.440826416015625,10.597854614257812,18.245094299316406,12.262187957763672,11.892059326171875,25.09375762939453,37.19266128540039,20.538522720336914,27.87953758239746,15.361738204956055,35.335845947265625,43.10404968261719,104.25968170166016,13.893135070800781,15.049397468566895,11.24477767944336,23.919729232788086,30.814664840698242,30.337932586669922,34.95390701293945,28.39069175720215,5.8779520988464355,17.527952194213867,76.31063842773438,16.36129379272461,30.00452423095703,6.990591049194336,23.856006622314453,5.8112335205078125,16.478315353393555,43.9058837890625,30.913007736206055,30.19095802307129,4.1069841384887695,13.234689712524414,13.006134033203125,20.667943954467773,23.941425323486328
2005-01-07,18.406566619873047,1.0394463539123535,34.591670989990234,24.9433650970459,22.13263511657715,31.515941619873047,23.260892868041992,14.076480865478516,10.992426872253418,29.261377334594727,10.522666931152344,13.178849220275879,49.22499084472656,10.68603515625,18.125669479370117,12.177618980407715,11.878863334655762,25.02728271484375,37.576171875,20.46077537536621,27.819971084594727,15.469847679138184,35.21684646606445,43.193214416503906,103.62640380859375,14.131135940551758,15.212315559387207,11.240230560302734,23.8773136138916,30.667491912841797,30.482637405395508,34.69573974609375,28.083057403564453,5.865715026855469,17.505416870117188,75.98428344726562,16.239116668701172,29.887237548828125,7.087349891662598,24.06477165222168,5.885552883148193,16.374114990234375,43.8219108581543,30.849021911621094,30.022441864013672,4.167389869689941,13.265058517456055,13.303863525390625,20.768569946289062,23.609882354736328
2005-01-10,18.49629783630371,1.0350936651229858,34.86240768432617,25.038557052612305,22.057708740234375,31.7639217376709,23.36549186706543,14.243789672851562,11.053853034973145,29.992212295532227,10.57867431640625,13.22508716583252,49.173580169677734,10.57380485534668,18.011917114257812,12.177618980407715,11.8194580078125,25.25688934326172,38.32497787475586,20.39497947692871,27.563739776611328,15.611948013305664,35.68583679199219,43.65277862548828,103.36732482910156,14.267984390258789,15.298770904541016,11.349267959594727,24.243867874145508,31.038158416748047,30.61065673828125,34.76674270629883,28.434635162353516,5.867462158203125,17.49415397644043,76.12928771972656,16.2744140625,29.881895065307617,7.038971900939941,24.145950317382812,5.966953277587891,16.522693634033203,43.884883880615234,30.77342987060547,30.219030380249023,4.2216877937316895,13.3743896484375,13.345648765563965,20.711965560913086,23.50271224975586
2005-01-11,18.447982788085938,0.969049334526062,34.74085235595703,24.973426818847656,21.84444808959961,31.7301082611084,23.374595642089844,14.094566345214844,10.992426872253418,29.830427169799805,10.462647438049316,13.028562545776367,48.82414245605469,10.581818580627441,17.6877384185791,12.125577926635742,11.790849685668945,25.202495574951172,38.67652130126953,20.335172653198242,27.182416915893555,15.584139823913574,35.5738525390625,43.74882125854492,101.8993148803711,14.006180763244629,15.664535522460938,11.176624298095703,24.534687042236328,31.087207794189453,30.666297912597656,34.444053649902344,28.36557960510254,5.734589099884033,17.460371017456055,75.54192352294922,16.1522274017334,29.56203269958496,6.980917930603027,24.163349151611328,5.885552883148193,16.516895294189453,43.716949462890625,30.674583435058594,29.99436378479004,4.180964469909668,13.186101913452148,13.314311027526855,20.535858154296875,23.191255569458008
2005-01-12,18.48249053955078,0.9825584888458252,34.98395538330078,25.344152450561523,21.896318435668945,31.848447799682617,23.870285034179688,14.053871154785156,10.992426872253418,29.908527374267578,10.414639472961426,13.386934280395508,48.93202590942383,10.806282043457031,17.824228286743164,12.314226150512695,11.898662567138672,25.49858283996582,38.79069137573242,20.92131233215332,27.519058227539062,15.510010719299316,36.357845306396484,44.49649429321289,102.70533752441406,14.039092063903809,15.65455150604248,11.20388126373291,24.99212074279785,31.496036529541016,31.0559024810791,34.36660385131836,28.290241241455078,5.794031620025635,17.226669311523438,74.88921356201172,16.103347778320312,29.61558723449707,6.927702903747559,24.308326721191406,5.903248310089111,16.839139938354492,40.505088806152344,30.907196044921875,30.2424373626709,4.18300199508667,13.101068496704102,13.309085845947266,20.781150817871094,23.442434310913086
2005-01-13,18.130508422851562,1.0477021932601929,34.23807907104492,25.324115753173828,21.769521713256836,31.296127319335938,23.674728393554688,13.859430313110352,10.88025951385498,29.523574829101562,10.134562492370605,13.190408706665039,48.54145431518555,10.806282043457031,17.568302154541016,12.216649055480957,11.801844596862793,25.214603424072266,38.2564697265625,20.682069778442383,27.665050506591797,15.414247512817383,35.440834045410156,43.824283599853516,101.41001892089844,13.769854545593262,15.521556854248047,11.085753440856934,25.028470993041992,30.754709243774414,30.805450439453125,34.1278076171875,27.93865966796875,5.683885097503662,17.074615478515625,74.64997100830078,15.967602729797363,29.733455657958984,6.811594009399414,23.937196731567383,5.86077880859375,17.095762252807617,39.93828582763672,30.50013542175293,29.760316848754883,4.2284746170043945,13.271130561828613,13.212453842163086,20.721391677856445,23.62662696838379
2005-01-14,18.02698516845703,1.0537054538726807,34.64140319824219,25.584609985351562,21.79257583618164,31.493398666381836,23.78386116027832,13.95891284942627,10.941686630249023,29.473369598388672,10.102553367614746,13.306008338928223,48.36157989501953,10.926530838012695,17.80716896057129,12.28170394897461,11.878863334655762,25.317323684692383,38.33867263793945,21.136619567871094,27.91232681274414,15.469847679138184,35.636863708496094,43.7693977355957,102.24476623535156,13.835670471191406,15.627955436706543,11.099384307861328,25.24355125427246,31.2071533203125,31.167205810546875,34.02455520629883,28.18350601196289,5.711860179901123,17.08868408203125,75.57820892333984,16.059911727905273,30.038829803466797,6.801919460296631,24.140161514282227,5.9386420249938965,17.17680549621582,39.85956573486328,30.610605239868164,30.130102157592773,4.29974365234375,13.307573318481445,13.22551441192627,20.793731689453125,23.72374725341797
2005-01-18,18.165019989013672,1.0604603290557861,34.82373046875,25.80002784729004,22.13263511657715,31.555383682250977,24.143125534057617,14.153356552124023,11.016463279724121,29.841583251953125,10.12256145477295,13.259774208068848,48.77273941040039,11.04677963256836,17.972110748291016,12.190627098083496,11.988863945007324,25.474414825439453,37.44834899902344,21.441646575927734,27.687891006469727,15.48839282989502,36.31584930419922,44.009483337402344,103.51130676269531,13.772848129272461,15.794214248657227,11.099384307861328,25.125410079956055,31.365217208862305,31.462186813354492,34.30205154418945,28.710880279541016,5.858720302581787,17.305496215820312,76.1438217163086,16.214670181274414,30.242408752441406,6.811594009399414,25.027359008789062,6.01650333404541,17.389055252075195,39.51845169067383,30.645509719848633,30.00839614868164,4.341145038604736,14.08500862121582,13.533692359924316,20.82203483581543,23.660123825073242
2005-01-19,17.930362701416016,1.0489027500152588,34.70769500732422,25.5745906829834,21.80986785888672,32.08753967285156,23.961231231689453,14.026742935180664,10.976398468017578,30.142847061157227,9.954519271850586,13.063243865966797,47.84765625,10.798266410827637,17.98348045349121,11.806824684143066,11.832653999328613,25.25688934326172,37.51683044433594,21.15456199645996,27.382688522338867,15.466761589050293,35.98683547973633,43.54304504394531,102.0145034790039,13.775837898254395,15.7144193649292,11.140278816223145,24.822463989257812,31.070859909057617,31.105981826782227,34.24397659301758,28.233722686767578,5.822005748748779,17.17597770690918,75.46214294433594,16.114219665527344,29.695964813232422,6.739028453826904,24.951976776123047,6.020040512084961,17.22504425048828,39.6601448059082,30.221012115478516,29.956912994384766,4.3139967918396,14.157903671264648,13.627711296081543,20.9163875579834,23.45917320251465
2005-01-20,17.8475399017334,1.0576086044311523,34.5253791809082,25.409269332885742,21.469816207885742,32.09886932373047,23.629249572753906,13.89560604095459,11.037832260131836,29.87505340576172,9.994526863098145,13.051681518554688,47.79623031616211,10.645952224731445,17.886798858642578,11.917410850524902,11.742446899414062,24.864147186279297,37.872962951660156,21.034936904907227,26.95478630065918,15.482207298278809,35.629859924316406,42.91197967529297,101.81299591064453,13.686094284057617,15.542241096496582,11.103931427001953,24.558917999267578,30.760135650634766,30.61065673828125,33.818031311035156,28.44720458984375,5.848230838775635,17.046459197998047,74.9835205078125,15.856287956237793,29.385236740112305,6.511654853820801,24.975177764892578,6.002344131469727,16.927892684936523,39.47644805908203,29.87211036682129,30.186283111572266,4.282774448394775,14.170045852661133,13.67210578918457,20.894371032714844,23.20131492614746
2005-01-21,17.702613830566406,1.0580593347549438,34.17176055908203,25.269001007080078,21.2392578125,31.504432678222656,23.638362884521484,13.728302001953125,10.9256591796875,29.88620948791504,9.794477462768555,12.959202766418457,47.47760772705078,10.669999122619629,17.77304458618164,11.715750694274902,11.663243293762207,24.713088989257812,37.105892181396484,20.927288055419922,26.700424194335938,15.383356094360352,35.04885482788086,42.91884994506836,101.12212371826172,13.754908561706543,15.282474517822266,10.9812593460083,24.286277770996094,30.15509796142578,30.471519470214844,33.51469802856445,28.3090763092041,5.750323295593262,16.92819595336914,75.1143798828125,15.71780776977539,29.186996459960938,6.342329978942871,24.482282638549805,5.949258327484131,16.844921112060547,39.355743408203125,29.953495025634766,29.85393524169922,4.25901985168457,13.763108253479004,13.557193756103516,21.03273582458496,22.772640228271484
2005-01-24,17.716411590576172,1.0621109008789062,33.97288131713867,25.61466407775879,21.25655746459961,31.255352020263672,23.906652450561523,13.497688293457031,10.939010620117188,29.74115753173828,9.706454277038574,12.71065616607666,47.17437744140625,10.613884925842285,18.051729202270508,11.54662036895752,11.676441192626953,24.404930114746094,37.26570510864258,21.034936904907227,26.3682804107666,15.290236473083496,34.74784469604492,42.61017608642578,101.4963607788086,13.739940643310547,15.022714614868164,10.876765251159668,24.25295639038086,29.893447875976562,30.315685272216797,33.94711685180664,28.39069175720215,5.6401777267456055,16.880325317382812,75.0489501953125,15.74223804473877,28.967357635498047,6.32297945022583,24.18074607849121,6.01650333404541,17.070676803588867,39.570926666259766,29.825593948364258,30.144142150878906,4.218972682952881,13.872426986694336,13.538917541503906,20.9289608001709,22.658788681030273
2005-01-25,17.95796775817871,1.0814746618270874,35.204952239990234,25.714866638183594,21.245023727416992,31.549711227416992,24.120397567749023,13.995092391967773,11.013797760009766,29.785783767700195,9.838489532470703,12.866718292236328,47.379947662353516,10.894464492797852,18.165468215942383,11.390496253967285,11.722648620605469,24.513675689697266,37.8135986328125,20.98111915588379,27.080448150634766,15.457850456237793,34.88784408569336,42.644474029541016,102.76290130615234,13.733963966369629,15.17590618133545,10.899480819702148,24.177217483520508,29.898900985717773,30.198787689208984,34.48922348022461,28.622989654541016,5.598216533660889,16.98733139038086,74.77273559570312,15.801974296569824,29.14415740966797,6.400381565093994,24.337310791015625,6.005884170532227,17.15365219116211,39.933048248291016,29.80230140686035,30.237770080566406,4.227797985076904,13.757026672363281,13.551970481872559,21.22456932067871,22.812841415405273
2005-01-26,17.951066970825195,1.0844775438308716,35.71876525878906,25.900224685668945,21.227733612060547,31.38555145263672,24.3477783203125,14.094566345214844,11.131300926208496,29.79693603515625,9.838489532470703,12.959202766418457,47.25660705566406,10.918512344360352,18.19391441345215,11.507591247558594,11.722648620605469,24.61037254333496,38.087554931640625,21.3818416595459,27.265975952148438,15.482687950134277,34.90185546875,43.59791946411133,102.15841674804688,13.727974891662598,15.152600288391113,10.949451446533203,24.18025016784668,30.25320816040039,30.738645553588867,34.26979446411133,28.736007690429688,5.799278259277344,17.13937759399414,75.06348419189453,15.774824142456055,29.020925521850586,6.507627964019775,24.389495849609375,6.034197807312012,17.460451126098633,39.62338638305664,30.023290634155273,30.12074851989746,4.197255611419678,13.757026672363281,13.601593971252441,21.337787628173828,22.672183990478516
2005-01-27,18.02008628845215,1.0903302431106567,35.48119354248047,25.925264358520508,21.181623458862305,31.317625045776367,24.58425521850586,14.09908676147461,11.152669906616211,29.824848175048828,9.874497413635254,12.895618438720703,47.27202224731445,11.199089050292969,18.267845153808594,11.82634162902832,11.678642272949219,24.568071365356445,37.845550537109375,21.549306869506836,25.889509201049805,16.354909896850586,35.678855895996094,42.23976135253906,102.50382995605469,13.599343299865723,15.19922161102295,10.944912910461426,24.401391983032227,30.291370391845703,31.38982582092285,34.063270568847656,28.5853271484375,5.697873115539551,17.015487670898438,75.60143280029297,15.98660945892334,28.79591941833496,6.42963171005249,24.435876846313477,6.119134902954102,17.558853149414062,38.84141159057617,30.29659652709961,30.28925323486328,4.250873565673828,13.84206485748291,13.758291244506836,21.35980224609375,22.46120262145996
2005-01-28,18.068397521972656,1.110444188117981,35.70219421386719,25.684804916381836,21.325712203979492,30.655250549316406,24.429637908935547,12.670185089111328,11.080559730529785,29.690961837768555,9.742464065551758,12.855156898498535,47.739707946777344,10.966611862182617,18.199600219726562,11.644197463989258,11.535630226135254,24.417020797729492,38.00993347167969,21.34595489501953,26.17078971862793,16.035202026367188,34.943851470947266,42.04771041870117,102.90679931640625,13.54250431060791,15.259167671203613,10.658682823181152,23.810672760009766,29.206628799438477,31.378711700439453,34.07619094848633,28.692062377929688,5.683885097503662,17.04082679748535,77.14251708984375,15.954023361206055,29.128074645996094,6.405259609222412,24.859203338623047,6.101439952850342,17.556930541992188,38.8886604309082,30.104703903198242,30.50923728942871,4.28956413269043,14.00605583190918,13.815756797790527,21.344074249267578,22.76260757446289
2005-01-31,18.13741111755371,1.154273271560669,35.74638366699219,25.85012435913086,21.515913009643555,30.134435653686523,24.738866806030273,12.68375015258789,11.080559730529785,29.9587345123291,9.666444778442383,12.976542472839355,48.0120964050293,11.038763999938965,18.421411514282227,11.735267639160156,11.529024124145508,24.930606842041016,38.5167350769043,21.519399642944336,26.66152572631836,16.3083438873291,35.41984176635742,42.69248580932617,104.0006103515625,13.467717170715332,15.435667037963867,10.649595260620117,24.310518264770508,29.56639289855957,32.1745719909668,34.43115234375,29.11271095275879,5.7870402336120605,17.260452270507812,78.40011596679688,16.24997329711914,29.97989845275879,6.419881820678711,24.708433151245117,6.051891326904297,17.90424919128418,39.19304656982422,30.16866111755371,30.663724899291992,4.33232307434082,14.698463439941406,13.83924674987793,21.630252838134766,23.25154685974121
2005-02-01,18.21333122253418,1.163729190826416,36.144195556640625,26.686744689941406,21.613895416259766,29.930631637573242,25.079946517944336,12.584272384643555,11.06186294555664,30.059162139892578,9.546415328979492,13.080583572387695,48.23822784423828,10.942564964294434,18.188230514526367,11.793814659118652,11.575231552124023,24.858110427856445,38.388893127441406,21.567245483398438,26.966751098632812,16.51630973815918,35.727848052978516,42.89139175415039,104.43240356445312,13.626262664794922,15.495620727539062,10.749547958374023,25.007266998291016,29.849842071533203,32.68104553222656,36.62544631958008,29.307336807250977,5.84998083114624,17.401229858398438,78.79996490478516,16.407455444335938,30.67100715637207,6.3760085105896,24.90559959411621,6.073128700256348,18.25543212890625,39.48169708251953,30.23845100402832,30.565414428710938,4.337751388549805,14.570914268493652,13.93588924407959,21.74662208557129,23.53955841064453
2005-02-02,18.261640548706055,1.195250391960144,36.464637756347656,27.01738739013672,21.62542724609375,30.230674743652344,25.25274085998535,12.869145393371582,11.195401191711426,30.20420265197754,9.630434036254883,13.051681518554688,48.464351654052734,10.870410919189453,18.06879425048828,11.806824684143066,11.674243927001953,24.954782485961914,38.05103302001953,21.973947525024414,27.23305892944336,16.85154151916504,36.56083679199219,42.973716735839844,104.34606170654297,13.653182029724121,16.071748733520508,10.904027938842773,24.870941162109375,30.056982040405273,32.77009201049805,35.99296188354492,29.33871841430664,5.7083635330200195,17.247995376586914,78.93807220458984,16.32327651977539,30.57457160949707,6.468629360198975,25.311504364013672,6.076666355133057,18.34610939025879,39.46595764160156,30.4361515045166,30.935199737548828,4.337073802947998,14.552693367004395,13.867974281311035,21.89757537841797,23.48932456970215
2005-02-03,18.068397521972656,1.1679322719573975,36.27126693725586,27.312952041625977,21.550500869750977,30.140079498291016,25.575624465942383,12.846540451049805,11.147326469421387,30.310209274291992,9.566422462463379,12.982076644897461,48.07374954223633,10.694049835205078,18.233722686767578,11.397003173828125,11.753447532653809,25.117919921875,38.05103302001953,22.41654396057129,27.469467163085938,17.00363540649414,36.39984893798828,42.62388610839844,103.82793426513672,13.659172058105469,16.381452560424805,10.831329345703125,24.8164119720459,29.90981101989746,32.45840835571289,35.7606201171875,29.131534576416016,5.643675327301025,17.32461929321289,79.0470962524414,16.073486328125,30.633502960205078,6.3906331062316895,25.38688087463379,6.080205917358398,18.49468421936035,39.26652526855469,30.343114852905273,31.16455841064453,4.3262128829956055,14.607354164123535,13.86276626586914,21.840959548950195,23.54290771484375
2005-02-04,18.165019989013672,1.1833925247192383,36.59724044799805,27.69870948791504,21.72340202331543,29.789094924926758,25.803001403808594,12.819408416748047,11.34228515625,30.856945037841797,9.694451332092285,13.34172534942627,48.572288513183594,10.950575828552246,18.52377700805664,11.644197463989258,11.762252807617188,25.631511688232422,38.388893127441406,22.637840270996094,27.499378204345703,17.019161224365234,36.80584716796875,43.04230880737305,104.34606170654297,13.617286682128906,16.60124969482422,10.958540916442871,25.198110580444336,29.997005462646484,32.08552551269531,36.025245666503906,29.439180374145508,5.815013408660889,17.30474853515625,79.97757720947266,16.29340934753418,31.43709945678711,6.444255828857422,25.613025665283203,6.083743095397949,18.566083908081055,38.8886604309082,30.38964080810547,31.314342498779297,4.547478199005127,14.62557601928711,13.841867446899414,22.123998641967773,23.224756240844727
2005-02-07,18.054588317871094,1.1848939657211304,36.713260650634766,27.753812789916992,21.884782791137695,29.7381534576416,25.584718704223633,12.855585098266602,11.347626686096191,30.516626358032227,9.966521263122559,13.289511680603027,48.58256530761719,10.862396240234375,18.643211364746094,11.813329696655273,11.7732515335083,25.691938400268555,38.297576904296875,22.542150497436523,27.337799072265625,17.134002685546875,36.74983596801758,43.31668472290039,104.28846740722656,13.63823127746582,16.468048095703125,10.97216796875,25.125410079956055,30.3840389251709,32.35823440551758,35.85744094848633,29.282224655151367,5.685634613037109,17.429611206054688,79.66498565673828,16.11964225769043,31.110301971435547,6.541749477386475,25.299894332885742,6.0554304122924805,18.540996551513672,38.90965270996094,30.87809944152832,31.25349235534668,4.5169358253479,14.558764457702637,13.789631843566895,22.265512466430664,22.85637092590332
2005-02-08,18.109800338745117,1.2143138647079468,36.64696502685547,28.081045150756836,21.763755798339844,29.426786422729492,25.739334106445312,13.02288818359375,11.39035415649414,30.96293830871582,10.222591400146484,13.579551696777344,48.469295501708984,10.798266410827637,18.43846893310547,11.865370750427246,11.705045700073242,25.407941818237305,38.507598876953125,22.434484481811523,27.373687744140625,17.040889739990234,37.44983673095703,43.23438262939453,104.86421203613281,13.545496940612793,16.424745559692383,10.904027938842773,25.422277450561523,30.198711395263672,32.6699104309082,35.54121017456055,29.439180374145508,5.6244425773620605,17.435293197631836,81.08980560302734,15.978462219238281,31.394241333007812,6.4150071144104,25.317296981811523,6.172225475311279,18.658695220947266,38.8781623840332,30.761804580688477,31.267532348632812,4.506753444671631,14.41299819946289,13.828807830810547,22.35671615600586,22.873126983642578
2005-02-09,17.992475509643555,1.1818912029266357,36.56960678100586,27.960206985473633,21.613895416259766,29.160707473754883,25.53925132751465,12.977672576904297,11.41972827911377,30.678424835205078,10.097628593444824,13.51574420928955,47.732967376708984,10.557768821716309,18.182538986206055,11.46855640411377,11.555429458618164,25.29314422607422,38.05558776855469,22.368684768676758,27.122333526611328,16.91982650756836,38.061702728271484,42.589595794677734,103.88553619384766,13.509592056274414,16.211610794067383,10.75863265991211,25.85548210144043,29.789871215820312,32.53077697753906,35.34758758544922,29.156639099121094,5.4793291091918945,17.284896850585938,81.01710510253906,15.983887672424316,31.16387367248535,6.3955078125,25.120147705078125,6.104977607727051,18.689586639404297,38.731224060058594,30.34893035888672,31.211360931396484,4.430737018585205,14.376554489135742,13.750454902648926,22.13972282409668,22.638689041137695
2005-02-10,17.985572814941406,1.1761884689331055,36.53645324707031,28.36296272277832,21.585086822509766,29.222970962524414,26.1031436920166,13.004805564880371,11.350299835205078,30.77326011657715,10.097628593444824,13.631755828857422,47.76383590698242,10.533717155456543,18.256471633911133,11.436031341552734,11.49822998046875,25.6013126373291,38.30671691894531,23.002668380737305,27.547264099121094,16.761533737182617,37.87883758544922,43.0628776550293,103.77037811279297,13.455748558044434,16.33150863647461,10.799519538879395,26.346233367919922,29.871633529663086,33.22645950317383,35.567020416259766,29.464292526245117,5.426878929138184,17.148681640625,81.97663879394531,16.165809631347656,31.53889274597168,6.385758399963379,25.218725204467773,6.122674942016602,19.193185806274414,39.10383224487305,30.645509719848633,31.34710121154785,4.506753444671631,14.485881805419922,13.750454902648926,22.312685012817383,22.80614471435547
2005-02-11,17.9234619140625,1.2189669609069824,36.95541000366211,28.24717903137207,21.60236930847168,29.523025512695312,26.448755264282227,13.20828628540039,11.41972827911377,30.739788055419922,10.137941360473633,14.020410537719727,48.04188919067383,10.702062606811523,18.34178352355957,11.514090538024902,11.46302318572998,25.867170333862305,38.370628356933594,23.409385681152344,27.762697219848633,16.963289260864258,38.075767517089844,43.50187301635742,104.28846740722656,13.820709228515625,16.617900848388672,10.949451446533203,27.161123275756836,30.464454650878906,33.22090530395508,35.61863327026367,29.395227432250977,5.734589099884033,17.111787796020508,81.97663879394531,16.54320526123047,32.31571960449219,6.366263389587402,24.824403762817383,6.115596294403076,19.206756591796875,39.46595764160156,31.238649368286133,31.674762725830078,4.493178844451904,14.72883129119873,13.750454902648926,22.438480377197266,23.218053817749023
2005-02-14,17.951066970825195,1.2703014612197876,36.622467041015625,28.60964012145996,21.613895416259766,29.834396362304688,26.60904884338379,13.298723220825195,11.446438789367676,30.572423934936523,10.27095890045166,14.101616859436035,48.180931091308594,10.669999122619629,18.546531677246094,11.68973159790039,11.474024772644043,25.75235366821289,38.630863189697266,23.505069732666016,27.595144271850586,16.913619995117188,38.00542449951172,43.385276794433594,104.54753112792969,13.907458305358887,16.30486488342285,10.96308708190918,27.082366943359375,30.409578323364258,33.04281234741211,35.237876892089844,29.464292526245117,5.77305269241333,17.398405075073242,81.39511108398438,16.556779861450195,32.28893280029297,6.385758399963379,24.499671936035156,6.175762176513672,19.581045150756836,39.36098098754883,31.546844482421875,31.899433135986328,4.486390113830566,14.941413879394531,13.742622375488281,22.44163703918457,23.224756240844727
2005-02-15,17.951068878173828,1.3270388841629028,36.572532653808594,28.654953002929688,21.64271354675293,30.275964736938477,26.636499404907227,13.271591186523438,11.39035415649414,30.483144760131836,10.166152000427246,14.19444465637207,48.572265625,10.65396499633789,18.859331130981445,11.657209396362305,11.595032691955566,25.818828582763672,39.260948181152344,23.355548858642578,27.379688262939453,16.7366943359375,38.27970504760742,43.687076568603516,104.74906921386719,14.021145820617676,16.16832733154297,10.872217178344727,27.309568405151367,30.612672805786133,33.371185302734375,35.1733283996582,29.545907974243164,5.780045986175537,17.39556312561035,81.93302917480469,16.69253921508789,32.144283294677734,6.4150071144104,24.569259643554688,6.331480979919434,19.660554885864258,40.421112060546875,31.384017944335938,31.361141204833984,4.483675956726074,14.871316909790039,13.750454902648926,22.671201705932617,22.136354446411133
2005-02-16,17.854143142700195,1.3528566360473633,36.47819900512695,29.44029426574707,21.515913009643555,30.17972183227539,27.245519638061523,13.1223726272583,11.563948631286621,30.42736053466797,10.057312965393066,14.00300121307373,48.721588134765625,10.68603515625,18.540847778320312,11.520599365234375,11.57303237915039,25.6013126373291,39.63078308105469,23.142696380615234,27.69088363647461,16.755325317382812,37.92104721069336,43.447017669677734,104.25968170166016,14.009171485900879,16.268230438232422,10.90856647491455,27.17325210571289,30.426050186157227,33.36561584472656,35.250770568847656,29.363834381103516,5.8779520988464355,17.242326736450195,81.6131820678711,16.676252365112305,31.9996280670166,6.458879470825195,25.302261352539062,6.3668742179870605,20.228761672973633,41.39202117919922,31.39564323425293,30.86498260498047,4.446347713470459,15.200439453125,13.763518333435059,22.605161666870117,22.3372859954834
2005-02-17,17.757234573364258,1.3180334568023682,36.26179122924805,29.26407814025879,21.19891929626465,30.191041946411133,26.83799171447754,13.04549503326416,11.483832359313965,29.975473403930664,10.101661682128906,13.707171440124512,48.273616790771484,10.389424324035645,18.36453628540039,11.351468086242676,11.595032691955566,25.26293182373047,39.133113861083984,22.799978256225586,27.47543716430664,16.7366943359375,37.73818588256836,42.76793670654297,103.71280670166016,13.928401947021484,16.24158477783203,10.86767578125,26.870317459106445,30.26136589050293,33.003841400146484,35.1733283996582,29.10642433166504,5.897183895111084,17.140165328979492,80.3991928100586,16.594785690307617,31.935348510742188,6.3370137214660645,24.930673599243164,6.250083923339844,20.16864013671875,40.93352127075195,31.000215530395508,30.790102005004883,4.392726898193359,15.109014511108398,13.625100135803223,22.570350646972656,22.052637100219727
2005-02-18,17.639537811279297,1.3030234575271606,36.30615997314453,29.908477783203125,21.04329490661621,30.28729248046875,27.35084342956543,14.745712280273438,11.473149299621582,30.23770523071289,10.803051948547363,13.933398246765137,48.02647018432617,10.37338638305664,18.387287139892578,11.253888130187988,11.599438667297363,25.38982582092285,39.06005859375,22.902198791503906,27.18218994140625,16.513208389282227,37.119293212890625,42.52785873413086,103.281005859375,13.880534172058105,16.194965362548828,11.067584037780762,27.255043029785156,29.970439910888672,32.942623138427734,34.93455123901367,28.717164993286133,5.865715026855469,16.972734451293945,79.23609924316406,16.516056060791016,30.885290145874023,6.317515850067139,24.895849227905273,6.363336086273193,20.604984283447266,40.696372985839844,30.849021911621094,30.855628967285156,4.404945373535156,15.127300262451172,13.512801170349121,22.620988845825195,22.293750762939453
2005-02-22,17.46645736694336,1.2802081108093262,36.10641860961914,29.324493408203125,20.709003448486328,29.579635620117188,27.17224884033203,14.112650871276855,11.427743911743164,29.668630599975586,10.718396186828613,13.782574653625488,47.53727722167969,10.14892578125,18.17116355895996,11.260394096374512,11.441022872924805,24.33846664428711,38.3797492980957,22.409162521362305,26.769250869750977,16.2648868560791,36.676239013671875,42.28092575073242,101.75533294677734,13.593356132507324,15.901900291442871,11.067584037780762,26.71884536743164,29.9484806060791,32.6532096862793,34.70866394042969,28.378145217895508,5.795781135559082,16.694631576538086,78.40740203857422,16.31784439086914,30.472780227661133,6.220022201538086,24.75650405883789,6.2465434074401855,20.54680633544922,40.174591064453125,30.284969329833984,30.392227172851562,4.284132480621338,15.182158470153809,13.254240036010742,22.222240447998047,22.18324089050293
2005-02-23,17.445695877075195,1.3243380784988403,36.29509353637695,29.91351890563965,21.026002883911133,30.2816219329834,27.54774284362793,14.361353874206543,11.371660232543945,29.808101654052734,10.60552978515625,13.52154541015625,47.42399215698242,10.381404876708984,18.449840545654297,11.240878105163574,11.353009223937988,24.018207550048828,38.50823211669922,22.475292205810547,27.0684871673584,16.32697105407715,37.07709884643555,42.07514190673828,101.5251235961914,13.683100700378418,16.00181007385254,11.299295425415039,27.11568832397461,30.096698760986328,32.58641815185547,34.84418487548828,28.710880279541016,5.935649394989014,16.881927490234375,79.31605529785156,16.236400604248047,30.553136825561523,6.244394779205322,24.425569534301758,6.25362491607666,20.789222717285156,40.395957946777344,30.337312698364258,30.83220672607422,4.367613792419434,14.078995704650879,13.413554191589355,22.668460845947266,22.370771408081055
2005-02-24,17.563383102416992,1.3348448276519775,36.561439514160156,30.774362564086914,21.141271591186523,30.47411346435547,28.005647659301758,14.465359687805176,11.393025398254395,29.930835723876953,10.641806602478027,13.747772216796875,47.70207977294922,10.4295072555542,18.569278717041016,11.175825119018555,11.322212219238281,23.939666748046875,38.6688346862793,22.655675888061523,27.876415252685547,16.40146255493164,37.93510818481445,42.459259033203125,102.97340393066406,13.868576049804688,16.454730987548828,11.240230560302734,27.17325210571289,30.255861282348633,32.97045135498047,35.07651901245117,29.005979537963867,6.113981246948242,16.938674926757812,78.87261962890625,16.301565170288086,30.38170051574707,6.239521026611328,24.582334518432617,6.264240741729736,21.36712646484375,40.79124450683594,30.576784133911133,31.19731903076172,4.424627780914307,14.206986427307129,13.515406608581543,22.75707244873047,23.030515670776367
2005-02-25,17.480308532714844,1.335745096206665,36.744537353515625,31.846660614013672,21.308425903320312,30.67790985107422,28.36280632019043,14.424659729003906,11.489173889160156,30.1093692779541,10.82723331451416,13.974005699157715,47.78444290161133,10.525701522827148,18.756961822509766,11.188840866088867,11.328808784484863,24.51972770690918,38.82026290893555,22.926240921020508,28.373136520385742,16.32697105407715,38.673553466796875,43.083473205566406,103.1761474609375,13.841652870178223,16.607913970947266,11.326552391052246,27.68824005126953,30.645586013793945,33.428768157958984,35.22496032714844,29.376415252685547,6.217133045196533,16.99827003479004,80.03575134277344,16.640945434570312,30.890647888183594,6.3370137214660645,24.76812171936035,6.24300479888916,21.78213882446289,40.68053436279297,30.90386962890625,31.033483505249023,4.459244728088379,14.737232208251953,13.591146469116211,23.086185455322266,23.640018463134766
2005-02-28,17.41800308227539,1.3467025756835938,36.400516510009766,31.87183380126953,21.066354751586914,30.055164337158203,28.426931381225586,14.33422565460205,11.43041706085205,30.048002243041992,10.597466468811035,13.915995597839355,47.67115020751953,10.381404876708984,18.813838958740234,11.331951141357422,11.355212211608887,24.181364059448242,38.517425537109375,22.830036163330078,28.441959381103516,16.42629051208496,38.65947723388672,42.26034164428711,101.95963287353516,13.757887840270996,16.59459114074707,11.371983528137207,27.506467819213867,30.73891830444336,33.09901428222656,34.94744873046875,29.28850555419922,6.040550708770752,16.850704193115234,79.09073638916016,16.66810417175293,30.253131866455078,6.166401386260986,24.866823196411133,6.3668742179870605,21.50481605529785,40.83864974975586,30.89802360534668,30.88370704650879,4.455848217010498,14.688475608825684,13.677330017089844,22.76972007751465,23.81416130065918
2005-03-01,17.501073837280273,1.3358956575393677,36.98313522338867,31.26268196105957,21.377599716186523,30.29294776916504,27.9049072265625,14.528665542602539,11.555938720703125,30.159584045410156,10.726462364196777,14.281448364257812,48.04188919067383,10.541738510131836,18.956024169921875,11.383993148803711,11.449822425842285,24.199481964111328,38.7606201171875,22.655675888061523,29.136178970336914,16.41077995300293,38.32190704345703,42.69248580932617,102.01751708984375,13.748912811279297,16.8909912109375,11.49010944366455,27.803356170654297,31.007888793945312,33.2555046081543,35.2701530456543,29.558467864990234,5.986351490020752,16.984085083007812,79.97757720947266,16.99934196472168,30.510282516479492,6.176150321960449,25.279037475585938,6.3881096839904785,21.04132652282715,40.80176544189453,31.40033721923828,31.108383178710938,4.486390113830566,14.865228652954102,13.797472953796387,22.927955627441406,23.770627975463867
2005-03-02,17.487232208251953,1.3244876861572266,37.1551513671875,31.554677963256836,21.31995391845703,30.338237762451172,28.193395614624023,14.460023880004883,11.494512557983398,30.13167953491211,10.726462364196777,14.223437309265137,47.846221923828125,10.46157169342041,18.927581787109375,11.540114402770996,11.430026054382324,24.157182693481445,38.80191421508789,22.70979881286621,29.07632827758789,16.36111068725586,38.89155578613281,42.143741607666016,103.11822509765625,13.778829574584961,16.671194076538086,11.431048393249512,27.824548721313477,30.931034088134766,33.38404846191406,35.30240249633789,29.52044105529785,6.150696754455566,16.884767532348633,79.76675415039062,16.977622985839844,30.397775650024414,6.078659534454346,25.412572860717773,6.338560104370117,21.235254287719727,40.532997131347656,31.306880950927734,31.056533813476562,4.470101833343506,14.853035926818848,13.666891098022461,22.779224395751953,23.931379318237305
2005-03-03,17.424924850463867,1.2545408010482788,37.03861999511719,31.740936279296875,21.331478118896484,30.275964736938477,28.019378662109375,14.4508695602417,11.531905174255371,30.142847061157227,10.718396186828613,14.211837768554688,47.5836181640625,10.493639945983887,19.00152587890625,11.579145431518555,11.630240440368652,24.000089645385742,38.95792007446289,22.84808349609375,29.246889114379883,16.351797103881836,40.38251876831055,42.50727844238281,102.97340393066406,13.763869285583496,17.57701873779297,11.385611534118652,27.255043029785156,30.821245193481445,33.3617057800293,35.30885696411133,29.3682804107666,6.143702983856201,16.85923194885254,79.53414916992188,16.833723068237305,30.49955177307129,6.093282222747803,25.923505783081055,6.2713212966918945,21.448585510253906,40.712154388427734,31.21343231201172,31.01883888244629,4.458565711975098,15.121206283569336,13.669500350952148,22.893150329589844,23.62327766418457
2005-03-04,17.424924850463867,1.2851612567901611,37.587947845458984,32.002723693847656,21.619653701782227,30.485443115234375,28.25749397277832,14.496635437011719,11.65475082397461,30.103784561157227,10.823204040527344,14.316247940063477,47.56304168701172,10.645952224731445,19.31432342529297,11.735267639160156,11.6830415725708,24.223661422729492,39.673763275146484,23.256938934326172,29.911191940307617,16.40146255493164,41.057674407958984,42.555294036865234,104.62444305419922,13.883526802062988,17.510404586791992,11.358354568481445,27.315635681152344,31.156095504760742,33.50142288208008,35.463775634765625,29.65355682373047,6.094749450683594,17.16854476928711,81.07525634765625,17.05093002319336,31.281747817993164,6.044536113739014,26.149932861328125,6.317328929901123,21.760805130004883,41.06002426147461,31.476266860961914,31.037696838378906,4.482997417449951,15.432035446166992,13.659051895141602,23.244422912597656,24.22942543029785
2005-03-07,17.632614135742188,1.2833601236343384,37.97638702392578,31.71577262878418,21.521671295166016,30.400510787963867,28.11553382873535,14.505784034729004,11.676116943359375,30.24326515197754,10.956222534179688,14.565685272216797,47.16654968261719,10.90247917175293,19.45650863647461,11.865370750427246,11.61263370513916,24.096771240234375,39.788482666015625,23.29302215576172,29.594003677368164,16.42939567565918,41.00143051147461,42.603309631347656,104.65343475341797,13.955324172973633,17.61032485961914,11.35381031036377,27.188396453857422,31.463481903076172,33.40082550048828,35.463775634765625,29.457035064697266,6.134962558746338,17.233808517456055,81.99848175048828,17.094371795654297,31.715686798095703,6.103032112121582,25.911884307861328,6.2713212966918945,21.68128776550293,41.30769729614258,31.5755558013916,30.87746810913086,4.455848217010498,15.267477989196777,13.541524887084961,23.253910064697266,23.944772720336914
2005-03-08,17.58415985107422,1.2167150974273682,37.83766174316406,31.766117095947266,21.291135787963867,30.202363967895508,28.16132926940918,14.519509315490723,11.595998764038086,30.03684425354004,10.786922454833984,14.385852813720703,47.4394416809082,10.918512344360352,19.04132843017578,11.787308692932129,11.533431053161621,24.211864471435547,39.637062072753906,23.280981063842773,29.623916625976562,16.395254135131836,40.895912170410156,42.35636520385742,104.45060729980469,13.910449981689453,17.380529403686523,11.358354568481445,26.87940216064453,31.145111083984375,33.77528381347656,35.12171173095703,29.32394027709961,6.152443885803223,17.25082778930664,81.87489318847656,17.186689376831055,31.822834014892578,6.068910598754883,25.836410522460938,5.963413715362549,21.256591796875,41.39731979370117,32.09540557861328,30.985849380493164,4.459244728088379,15.163869857788086,13.502349853515625,23.355188369750977,23.881134033203125
2005-03-09,17.521848678588867,1.1812912225723267,37.599056243896484,30.603206634521484,21.020244598388672,30.00421905517578,27.36457633972168,14.565268516540527,11.53991413116455,29.67825698852539,10.778861045837402,14.409056663513184,47.552711486816406,10.702062606811523,18.501026153564453,12.054020881652832,11.540031433105469,23.92110252380371,39.51774597167969,22.92023468017578,28.968591690063477,16.066238403320312,40.614620208740234,41.93109130859375,103.52373504638672,13.730963706970215,17.280630111694336,11.231142044067383,26.521930694580078,30.519357681274414,33.836761474609375,34.624752044677734,28.968944549560547,6.148946285247803,16.952865600585938,80.5954818725586,17.045499801635742,32.12284469604492,6.015288352966309,25.522897720336914,5.839547157287598,20.672866821289062,40.638404846191406,31.686534881591797,30.7360782623291,4.41105318069458,14.938362121582031,13.356096267700195,23.307710647583008,23.362060546875
2005-03-10,17.60492515563965,1.1957008838653564,37.73222732543945,30.39176368713379,20.95684242248535,30.157072067260742,26.78303337097168,14.716272354125977,11.502527236938477,29.77910804748535,10.782892227172852,14.414859771728516,47.5836181640625,10.629919052124023,18.626148223876953,12.171116828918457,11.474024772644043,24.163393020629883,39.760955810546875,23.05853271484375,29.402482986450195,16.358001708984375,40.776363372802734,41.86250686645508,104.65343475341797,13.84763240814209,17.533720016479492,11.299295425415039,26.650728225708008,30.497392654418945,33.83119583129883,34.869991302490234,29.070358276367188,6.131463527679443,17.08624267578125,80.92987060546875,16.993915557861328,32.133544921875,6.02991247177124,25.650623321533203,5.6873626708984375,20.471179962158203,40.55934143066406,31.680686950683594,31.094247817993164,4.444991111755371,15.096823692321777,13.52063274383545,23.16847038269043,23.10753631591797
2005-03-11,17.369550704956055,1.2089099884033203,37.5102653503418,30.734085083007812,20.812747955322266,29.726818084716797,26.69602394104004,14.716272354125977,11.419188499450684,29.526973724365234,10.62568473815918,14.037813186645508,47.12018966674805,10.493639945983887,18.535154342651367,12.00197982788086,11.353009223937988,23.87870216369629,39.29290771484375,23.16073226928711,29.623916625976562,16.246265411376953,40.43175506591797,41.025665283203125,103.75550079345703,13.760882377624512,17.600326538085938,11.24477767944336,26.423458099365234,30.10767364501953,33.24991989135742,34.55376434326172,29.013317108154297,6.0440473556518555,16.969890594482422,79.63592529296875,16.583927154541016,31.33531951904297,6.039661884307861,25.609983444213867,5.65197229385376,20.476991653442383,40.08501434326172,31.709911346435547,30.91046142578125,4.471073627471924,14.999314308166504,13.400492668151855,23.086185455322266,23.238143920898438
2005-03-14,17.38339614868164,1.2104108333587646,37.63236999511719,30.849884033203125,21.008712768554688,30.145753860473633,26.98908805847168,14.775768280029297,11.381552696228027,29.543790817260742,10.694214820861816,14.07840633392334,47.32103729248047,10.541738510131836,18.74559211730957,12.06052303314209,11.287008285522461,23.908981323242188,39.41680908203125,23.389217376708984,28.884830474853516,16.320768356323242,40.586483001708984,41.45094680786133,104.91415405273438,13.796778678894043,17.50374412536621,11.24477767944336,26.226491928100586,29.476421356201172,33.4678840637207,34.75383377075195,29.032339096069336,6.241610050201416,17.055030822753906,79.96308898925781,16.87716293334961,31.608543395996094,6.039661884307861,25.74350357055664,5.669668197631836,20.614683151245117,40.337989807128906,31.774169921875,31.10366439819336,4.473132133483887,15.054156303405762,13.549361228942871,23.203279495239258,22.940095901489258
2005-03-15,17.24492835998535,1.229623794555664,37.32163619995117,30.381694793701172,20.89344024658203,29.958940505981445,26.636499404907227,14.643067359924316,11.354677200317383,29.420534133911133,10.597466468811035,13.85218334197998,47.053253173828125,10.541738510131836,18.44415283203125,11.871870994567871,11.22760009765625,24.084651947021484,39.39844512939453,23.479415893554688,28.95065689086914,16.32697105407715,41.12800598144531,40.20255661010742,104.27684783935547,13.659172058105469,17.420490264892578,11.117559432983398,26.356788635253906,28.927515029907227,33.53496551513672,34.527950286865234,28.86752700805664,6.124470233917236,17.020971298217773,80.3555908203125,16.6898250579834,31.52817726135254,5.961669445037842,25.49384880065918,5.528103351593018,20.30633544921875,39.726654052734375,31.55221176147461,30.891590118408203,4.4786224365234375,14.993215560913086,13.68777084350586,23.105180740356445,22.749208450317383
2005-03-16,17.051088333129883,1.2362278699874878,37.20509338378906,30.351505279541016,20.89344024658203,29.896665573120117,26.83799171447754,14.505784034729004,11.274032592773438,29.218812942504883,10.500720977783203,13.6549654006958,46.6773796081543,10.437520980834961,18.381591796875,11.754783630371094,11.326904296875,23.551591873168945,39.46268081665039,22.938261032104492,28.8070125579834,16.205915451049805,39.925392150878906,39.77040481567383,103.14723205566406,13.587373733520508,17.310592651367188,11.017605781555176,25.86286735534668,28.702470779418945,33.507022857666016,33.99872970581055,28.398439407348633,6.120975017547607,16.893278121948242,79.94120025634766,16.670808792114258,31.04601287841797,5.805681228637695,25.220972061157227,5.421929836273193,20.65540885925293,39.21543502807617,30.956422805786133,30.6276912689209,4.428516387939453,14.700668334960938,13.567635536193848,22.731752395629883,22.504735946655273
2005-03-17,16.988788604736328,1.268350601196289,37.17179489135742,30.95560646057129,20.835803985595703,29.862689971923828,27.222623825073242,14.514938354492188,11.290157318115234,29.30286979675293,10.484601020812988,13.579551696777344,46.27058792114258,10.549750328063965,18.085853576660156,11.72876262664795,11.54757022857666,23.56975746154785,39.44892501831055,23.106626510620117,28.971599578857422,16.12830924987793,40.00978469848633,40.435760498046875,102.45209503173828,13.32112979888916,17.64694595336914,10.976717948913574,26.029531478881836,28.66953468322754,33.66349792480469,33.85029602050781,28.385761260986328,6.16293478012085,16.913137435913086,79.99212646484375,16.64366340637207,30.57457160949707,5.688690185546875,25.650623321533203,5.574111461639404,20.93854522705078,39.278690338134766,30.5709285736084,30.585281372070312,4.454598903656006,14.840846061706543,13.319535255432129,22.845672607421875,22.688922882080078
2005-03-18,16.829561233520508,1.2896642684936523,37.31607437133789,31.539573669433594,20.755111694335938,30.230674743652344,27.64847755432129,14.661364555358887,11.144998550415039,29.482162475585938,10.412042617797852,13.579551696777344,45.971923828125,10.052726745605469,18.142724990844727,11.579145431518555,11.353382110595703,23.551591873168945,39.536102294921875,23.100616455078125,28.845911026000977,16.18418312072754,40.19967269897461,40.3740348815918,103.92927551269531,13.303187370300293,17.600326538085938,11.099384307861328,26.0961971282959,28.828716278076172,33.842342376708984,33.818031311035156,28.487180709838867,6.189161777496338,16.850704193115234,79.94850158691406,16.82286262512207,30.954938888549805,5.552198886871338,26.242815017700195,5.528103351593018,21.38070297241211,38.73583221435547,30.594316482543945,30.585281372070312,4.442242622375488,14.77989673614502,13.457952499389648,22.696937561035156,22.896560668945312
2005-03-21,16.75341033935547,1.3118786811828613,37.094120025634766,31.287857055664062,20.6283016204834,29.85703468322754,27.483631134033203,14.569851875305176,11.182633399963379,29.44854736328125,10.363669395446777,13.631755828857422,46.09035873413086,10.14090633392334,18.01759910583496,11.670219421386719,11.291598320007324,23.012474060058594,39.31126403808594,23.02244758605957,28.78009033203125,16.035202026367188,39.97462463378906,39.83213806152344,104.30583953857422,13.123698234558105,17.423824310302734,11.003973960876465,26.168912887573242,28.532302856445312,33.507022857666016,33.74703598022461,28.081499099731445,6.138460159301758,16.796789169311523,79.6722412109375,16.73596954345703,30.542428970336914,5.610694885253906,26.283466339111328,5.563494682312012,21.157678604125977,38.725303649902344,30.664384841918945,30.604127883911133,4.3434062004089355,14.536107063293457,13.455343246459961,22.60516357421875,22.98697280883789
2005-03-22,16.608020782470703,1.2857615947723389,37.06081771850586,30.658578872680664,20.207555770874023,29.466411590576172,27.09440803527832,14.6339111328125,11.12887954711914,29.19080924987793,10.246769905090332,13.353317260742188,46.085227966308594,10.01264762878418,17.886798858642578,11.657209396362305,11.232017517089844,22.90950584411621,39.178184509277344,22.99238395690918,28.34021759033203,15.703073501586914,40.24186706542969,39.907588958740234,102.82861328125,13.090789794921875,17.467119216918945,11.226603507995605,25.756807327270508,28.455453872680664,33.47906494140625,33.03067398071289,27.675800323486328,6.09999418258667,16.56693458557129,78.50186920166016,16.297208786010742,29.840608596801758,5.444956302642822,26.56214714050293,5.549336910247803,20.756254196166992,38.47235107421875,30.6118221282959,30.467472076416016,4.361939907073975,14.444687843322754,12.906888008117676,22.611492156982422,22.528181076049805
2005-03-23,16.73955726623535,1.2773563861846924,37.843204498291016,30.250797271728516,20.132627487182617,29.907978057861328,26.750978469848633,14.670511245727539,11.069733619689941,29.140392303466797,10.496688842773438,13.567950248718262,46.61043167114258,10.028679847717285,17.886798858642578,11.54662036895752,11.176848411560059,22.836803436279297,39.03593826293945,22.41517448425293,28.02004623413086,16.181087493896484,39.981666564941406,40.3740348815918,102.82861328125,13.342070579528809,17.713558197021484,11.503745079040527,26.099225997924805,28.97142791748047,33.52937316894531,32.540164947509766,27.878639221191406,6.2870683670043945,16.669095993041992,78.55278778076172,16.10098648071289,29.808460235595703,5.35721492767334,26.980178833007812,5.528103351593018,20.381969451904297,38.08233642578125,30.827930450439453,30.792625427246094,4.385962009429932,14.962742805480957,13.097538948059082,22.31401252746582,22.46120262145996
2005-03-24,16.808786392211914,1.275855302810669,37.78217315673828,29.702068328857422,20.132627487182617,29.777782440185547,26.654817581176758,14.583579063415527,11.075109481811523,29.089962005615234,10.549098014831543,13.446135520935059,46.703121185302734,9.940494537353516,17.960725784301758,11.631189346313477,11.179058074951172,23.036699295043945,39.132293701171875,22.34902572631836,28.002086639404297,16.0693359375,39.94648742675781,40.45634460449219,103.49479675292969,13.44378662109375,17.800146102905273,11.367445945739746,26.135587692260742,29.03730583190918,33.43994140625,32.449832916259766,27.73285484313965,6.183915138244629,16.569765090942383,78.79996490478516,16.163663864135742,29.781673431396484,5.503453254699707,26.84082794189453,5.55641508102417,20.321847915649414,38.05072784423828,31.137493133544922,30.542865753173828,4.373607158660889,14.871316909790039,13.019195556640625,22.40578842163086,22.869770050048828
2005-03-28,16.75341033935547,1.2767562866210938,37.92642593383789,29.646682739257812,20.086524963378906,29.726818084716797,26.691455841064453,14.53323745727539,11.053609848022461,29.33089256286621,10.573286056518555,13.51574420928955,46.87818145751953,9.964545249938965,17.932294845581055,11.637688636779785,11.251876831054688,23.375926971435547,39.081809997558594,22.2949161529541,28.193603515625,16.022785186767578,40.86076354980469,40.10652160644531,104.19000244140625,13.515580177307129,17.70023536682129,11.381072998046875,26.329519271850586,28.9549617767334,33.64673614501953,32.97257995605469,28.07515525817871,6.148946285247803,16.705978393554688,79.73043060302734,16.261783599853516,29.722747802734375,5.469331741333008,26.190570831298828,5.513946533203125,20.411052703857422,38.166683197021484,31.353620529174805,30.67953109741211,4.427144527435303,14.877419471740723,13.060979843139648,22.34882354736328,22.802799224853516
2005-03-29,16.559560775756836,1.2533398866653442,37.687843322753906,29.334571838378906,19.930904388427734,29.35885238647461,26.50828742980957,14.647636413574219,11.126184463500977,29.297277450561523,10.335455894470215,13.428733825683594,46.65161895751953,9.844297409057617,17.642236709594727,11.54662036895752,11.203327178955078,22.830753326416016,38.843204498291016,21.940168380737305,26.870988845825195,15.963805198669434,40.262962341308594,39.96247100830078,102.91546630859375,13.686094284057617,17.463790893554688,11.390158653259277,26.059837341308594,28.395065307617188,33.75294876098633,32.85641860961914,27.821603775024414,6.115728378295898,16.723012924194336,78.83629608154297,15.991971015930176,28.720905303955078,5.493701457977295,25.894472122192383,5.55641508102417,20.096891403198242,37.87154769897461,31.020689010620117,30.84447479248047,4.418907642364502,14.883511543273926,12.88077163696289,21.981721878051758,22.257780075073242
2005-03-30,16.72572135925293,1.2848607301712036,37.759979248046875,29.822900772094727,20.144155502319336,30.208019256591797,26.67770767211914,14.844400405883789,11.27672290802002,29.896764755249023,10.597466468811035,13.625950813293457,46.69281005859375,10.004624366760254,18.00053596496582,11.72876262664795,11.21877384185791,23.109399795532227,39.45351028442383,22.337005615234375,27.373687744140625,16.227645874023438,41.346031188964844,40.46319580078125,104.8562240600586,13.985244750976562,17.636962890625,11.734757423400879,26.7840518951416,28.96592903137207,34.3565559387207,33.296321868896484,27.90399932861328,6.2695841789245605,16.941516876220703,79.817626953125,16.207271575927734,29.61558723449707,5.576572895050049,26.12670135498047,5.641355514526367,20.445959091186523,38.662078857421875,31.633970260620117,31.00942039489746,4.485489368438721,14.840846061706543,12.917332649230957,22.46908187866211,22.30487632751465
2005-03-31,16.732641220092773,1.250938057899475,37.266136169433594,30.004119873046875,19.942419052124023,30.00421905517578,26.700611114501953,14.812376976013184,11.20145320892334,29.711883544921875,10.58940601348877,13.475140571594238,47.053253173828125,10.004624366760254,17.71048927307129,11.637688636779785,11.057687759399414,23.163904190063477,39.32044219970703,22.373079299926758,27.36172866821289,16.193496704101562,41.113956451416016,39.92817306518555,104.45060729980469,13.946358680725098,17.52372932434082,11.69800090789795,27.05980110168457,28.598169326782227,34.12741470336914,33.23161315917969,27.954708099365234,6.25909423828125,16.969890594482422,79.95574951171875,16.182748794555664,30.67100715637207,5.522951126098633,25.789949417114258,5.673207759857178,20.91333770751953,38.33531188964844,31.528844833374023,30.976428985595703,4.488232612609863,14.981017112731934,12.836370468139648,22.633657455444336,22.584110260009766
2005-04-01,16.69802474975586,1.227522850036621,37.094120025634766,30.482385635375977,19.740686416625977,29.783445358276367,27.158519744873047,14.784916877746582,11.123493194580078,29.56060218811035,10.541037559509277,13.34752082824707,46.56923294067383,10.04471206665039,17.630863189697266,11.514090538024902,10.810538291931152,22.776226043701172,39.05886459350586,22.2468204498291,26.97573471069336,15.991738319396973,41.3389892578125,39.338253021240234,102.74169921875,13.817720413208008,17.170724868774414,11.45907974243164,26.9537410736084,28.098657608032227,34.18328094482422,32.92755889892578,27.897659301757812,6.17692232131958,16.86490249633789,79.45416259765625,16.021949768066406,30.467430114746094,5.449833393096924,25.37774085998535,5.545799732208252,21.386516571044922,37.89262771606445,31.6573486328125,30.849185943603516,4.473817825317383,15.218727111816406,12.705794334411621,22.282367706298828,22.284696578979492
2005-04-04,16.774173736572266,1.2335262298583984,37.721134185791016,30.53271484375,19.65919303894043,30.513731002807617,26.091588973999023,14.871857643127441,11.147690773010254,29.549402236938477,10.452350616455078,13.301117897033691,46.5074577331543,10.172975540161133,17.625173568725586,11.494576454162598,10.903225898742676,22.964017868041992,38.86616897583008,22.150611877441406,26.99367332458496,16.072439193725586,41.022518157958984,39.324546813964844,102.07546997070312,13.814726829528809,17.150741577148438,11.62448501586914,26.662845611572266,28.175518035888672,34.42922592163086,33.18631362915039,27.99274253845215,6.15593957901001,16.98124122619629,80.68998718261719,16.237258911132812,31.233516693115234,5.405960559844971,25.72609519958496,5.570570468902588,21.442764282226562,38.12977981567383,31.81503677368164,30.787921905517578,4.425085544586182,15.005402565002441,12.742352485656738,22.434276580810547,22.230867385864258
2005-04-05,16.94031524658203,1.2575420141220093,38.29267883300781,30.235702514648438,20.1307430267334,30.570335388183594,25.51004409790039,15.118966102600098,11.25252628326416,29.695072174072266,10.843355178833008,13.417135238647461,46.12125015258789,9.980581283569336,17.75029754638672,11.59215259552002,10.96059513092041,23.157855987548828,38.7606201171875,22.3189640045166,27.038558959960938,16.22454261779785,41.022518157958984,39.688087463378906,102.82861328125,14.119856834411621,17.443805694580078,11.711785316467285,27.01435089111328,29.207460403442383,34.932254791259766,33.13459777832031,28.087841033935547,6.290563106536865,16.935840606689453,80.3919448852539,16.15276527404785,30.242408752441406,5.4108357429504395,25.90606689453125,5.613040924072266,21.006425857543945,38.47235107421875,32.305660247802734,30.999996185302734,4.461463451385498,14.627528190612793,12.88338565826416,22.459596633911133,22.341894149780273
2005-04-06,17.07878875732422,1.270751714706421,38.18168640136719,30.658578872680664,20.188953399658203,30.547698974609375,26.206064224243164,15.050326347351074,11.212207794189453,29.6390438079834,10.82723331451416,13.370726585388184,45.82775115966797,9.924464225769043,17.9095458984375,11.559629440307617,10.923078536987305,22.89131736755371,38.92121505737305,22.601552963256836,27.346786499023438,16.395254135131836,41.09284591674805,39.81842041015625,102.82861328125,14.242514610290527,17.5203914642334,11.615300178527832,27.55069923400879,29.39958381652832,34.70867919921875,33.335140228271484,28.27167320251465,6.404207706451416,16.952865600585938,81.78038787841797,16.095539093017578,30.32275390625,5.415708541870117,25.78415298461914,5.605962753295898,21.500938415527344,38.493431091308594,32.53345489501953,30.990568161010742,4.498528480529785,12.994121551513672,12.930394172668457,22.61782455444336,22.456275939941406
2005-04-07,17.376462936401367,1.3076761960983276,38.420284271240234,30.633405685424805,20.258806228637695,31.176082611083984,26.540340423583984,15.324881553649902,11.322420120239258,29.930389404296875,10.843355178833008,13.579551696777344,45.53939437866211,9.980581283569336,17.898164749145508,11.806824684143066,10.790678977966309,22.65508270263672,39.077239990234375,22.769914627075195,27.403623580932617,16.618741989135742,41.500755310058594,40.29857635498047,103.63960266113281,14.463881492614746,17.363880157470703,11.766923904418945,27.635540008544922,29.641090393066406,34.46834182739258,33.477447509765625,28.417448043823242,6.619253158569336,16.99258804321289,82.52912139892578,16.0655574798584,29.990612030029297,5.508327960968018,25.865434646606445,5.655510425567627,21.400094985961914,38.4301643371582,32.88975524902344,31.29217529296875,4.50813627243042,13.195255279541016,12.95266056060791,22.681116104125977,22.651405334472656
2005-04-08,17.265703201293945,1.3130797147750854,38.08736801147461,30.21051788330078,20.084163665771484,30.85341453552246,25.95878791809082,15.251665115356445,11.317041397094727,29.739891052246094,10.72242546081543,13.509946823120117,45.10685729980469,9.908429145812988,17.71048927307129,11.644197463989258,10.71785831451416,22.70353889465332,38.79732894897461,22.59555435180664,27.137317657470703,16.618741989135742,41.2123908996582,40.25056076049805,103.52373504638672,14.317303657531738,17.20069694519043,11.610706329345703,27.374948501586914,29.81125831604004,34.27272415161133,33.34158706665039,28.322368621826172,6.489874839782715,16.90178680419922,82.09294891357422,15.970175743103027,29.824533462524414,5.376712322235107,25.64479637145996,5.641355514526367,21.16350555419922,37.787227630615234,32.63859558105469,30.99527359008789,4.497840881347656,13.219630241394043,12.897647857666016,22.181102752685547,22.54374122619629
2005-04-11,17.286462783813477,1.2584434747695923,38.22609329223633,30.351505279541016,20.15401840209961,31.32893943786621,26.04121971130371,15.164726257324219,11.255217552185059,29.7510986328125,10.665994644165039,13.411334991455078,44.3859748840332,9.940494537353516,17.51711654663086,11.702742576599121,10.704617500305176,22.861040115356445,38.7606201171875,22.475292205810547,26.981712341308594,16.67151641845703,41.77501678466797,40.69643020629883,103.75550079345703,14.284395217895508,17.337238311767578,11.528005599975586,27.37190818786621,29.844188690185547,34.792537689208984,33.19927215576172,28.512531280517578,6.461903095245361,17.026653289794922,81.48231506347656,15.727619171142578,29.111995697021484,5.089109420776367,25.650623321533203,5.563494682312012,21.39621925354004,37.945316314697266,32.854705810546875,31.334569931030273,4.4992146492004395,12.994121551513672,12.936942100524902,21.889957427978516,22.341894149780273
2005-04-12,17.528770446777344,1.2806577682495117,38.08736801147461,30.421960830688477,20.398521423339844,31.43084716796875,25.523794174194336,15.471305847167969,11.378870010375977,30.053651809692383,10.835293769836426,13.469340324401855,44.15425109863281,10.01264762878418,17.573993682861328,11.865370750427246,10.731093406677246,23.351701736450195,39.1185302734375,22.51738929748535,27.346786499023438,16.746007919311523,41.10690689086914,41.55384063720703,104.53758239746094,14.329265594482422,17.510404586791992,11.633679389953613,28.032493591308594,29.54229736328125,34.71426010131836,33.7426643371582,28.85485076904297,6.579042911529541,17.205425262451172,81.2424545288086,15.771235466003418,29.331649780273438,4.903873920440674,25.400962829589844,5.574111461639404,20.9986572265625,38.28788375854492,32.88975524902344,31.4052791595459,4.474503993988037,13.292763710021973,12.984101295471191,22.120975494384766,22.237594604492188
2005-04-13,17.334938049316406,1.232025384902954,38.05961608886719,29.777589797973633,20.124908447265625,31.255352020263672,24.850656509399414,15.796209335327148,11.317041397094727,30.048051834106445,10.996533393859863,13.237310409545898,43.54668426513672,9.828266143798828,17.7559871673584,11.709247589111328,10.71785831451416,22.95795440673828,38.645896911621094,22.270870208740234,26.511917114257812,16.739795684814453,41.261627197265625,41.4783821105957,103.23407745361328,14.454127311706543,17.387189865112305,11.845026969909668,27.753726959228516,31.35370445251465,34.62483596801758,33.69093704223633,28.594940185546875,6.463651657104492,17.089080810546875,79.97030639648438,15.54503059387207,28.604827880859375,4.898998737335205,25.441606521606445,5.637814521789551,20.42074966430664,37.434104919433594,32.70869827270508,31.00942039489746,4.521177768707275,13.140397071838379,12.85572338104248,21.61146354675293,21.73969078063965
2005-04-14,17.196468353271484,1.1185493469238281,38.42584228515625,29.57622528076172,19.903696060180664,31.136457443237305,24.621702194213867,15.915176391601562,11.308977127075195,30.894075393676758,11.0650634765625,13.045878410339355,43.06779098510742,9.691981315612793,17.494373321533203,11.585653305053711,10.583251953125,22.503646850585938,37.80158615112305,21.8499813079834,25.55438232421875,16.544246673583984,40.902950286865234,40.92964172363281,102.82861328125,14.529346466064453,17.4005184173584,11.863409996032715,27.16282844543457,30.277830123901367,34.09946823120117,33.063419342041016,28.322368621826172,6.357001781463623,16.984085083007812,78.86534881591797,15.408758163452148,28.17411231994629,4.752761363983154,25.273229598999023,5.623658180236816,20.337364196777344,36.849124908447266,32.305660247802734,30.806774139404297,4.495096683502197,13.21353530883789,12.803332328796387,21.073467254638672,21.36626625061035
2005-04-15,16.93340301513672,1.0612112283706665,38.509071350097656,28.287450790405273,19.75234031677246,31.023235321044922,23.907367706298828,15.924327850341797,11.0993013381958,30.720386505126953,11.169867515563965,12.831257820129395,39.4942626953125,9.379339218139648,17.232744216918945,11.188840866088867,10.525876998901367,21.873666763305664,37.10409164428711,21.44112205505371,24.9738712310791,16.395254135131836,40.08715057373047,41.121707916259766,103.55274200439453,15.004737854003906,17.270633697509766,11.923139572143555,27.281003952026367,31.875165939331055,33.14929962158203,32.81114196777344,28.068822860717773,6.17692232131958,16.779762268066406,77.4115219116211,15.081729888916016,27.721858978271484,4.630894184112549,25.006166458129883,5.538720607757568,19.4064998626709,36.23251724243164,31.87343978881836,30.41090202331543,4.460091590881348,12.66500186920166,12.667099952697754,20.560789108276367,21.016382217407227
2005-04-18,17.064937591552734,1.0693165063858032,38.30930709838867,28.821086883544922,20.165666580200195,30.91001319885254,24.08594512939453,15.755021095275879,11.013286590576172,30.52989959716797,11.12552547454834,12.883464813232422,39.468505859375,9.459505081176758,17.118999481201172,11.071748733520508,10.565594673156738,22.249223709106445,34.828102111816406,21.549345016479492,25.009780883789062,16.252473831176758,40.030887603759766,40.49062728881836,104.27684783935547,14.736957550048828,17.227340698242188,11.79908275604248,26.353759765625,32.38563919067383,33.110198974609375,32.94698715209961,28.35407066345215,6.154191970825195,16.88759422302246,78.03667449951172,15.114437103271484,27.770307540893555,4.552901268005371,24.895849227905273,5.404235363006592,19.910717010498047,36.2957649230957,31.686534881591797,30.387348175048828,4.374293804168701,12.329789161682129,12.719493865966797,20.703205108642578,21.164405822753906
2005-04-19,17.051088333129883,1.1134462356567383,38.31486511230469,29.51581382751465,20.346134185791016,30.757152557373047,24.424814224243164,15.869418144226074,11.397686958312988,30.535490036010742,11.05296802520752,13.127092361450195,38.866050720214844,9.523639678955078,17.16449737548828,11.175825119018555,10.503809928894043,22.085678100585938,35.300743103027344,21.946189880371094,25.419723510742188,16.1779727935791,40.85373306274414,40.181968688964844,104.27684783935547,14.493240356445312,17.52706527709961,11.77610969543457,26.84769058227539,32.632652282714844,32.808372497558594,32.701171875,28.480846405029297,6.327280044555664,16.723012924194336,77.5569076538086,15.327004432678223,27.85107421875,4.523653030395508,24.97713279724121,5.439624786376953,20.275299072265625,35.92683410644531,31.347768783569336,30.274232864379883,4.401062488555908,12.49434757232666,12.706390380859375,21.092458724975586,21.45709228515625
2005-04-20,16.836483001708984,1.0660141706466675,37.78773880004883,28.765689849853516,20.235517501831055,30.381591796875,23.834104537963867,15.590279579162598,11.257904052734375,30.344999313354492,10.786922454833984,13.144495964050293,37.07927703857422,9.44347095489502,17.027999877929688,11.182333946228027,10.448638916015625,21.564722061157227,34.828102111816406,21.30282974243164,26.344350814819336,15.85826301574707,40.2489013671875,39.873287200927734,102.88653564453125,14.231478691101074,17.064510345458984,11.739356994628906,26.629512786865234,31.847705841064453,32.635108947753906,32.364768981933594,28.037128448486328,6.489874839782715,16.501657485961914,75.84131622314453,15.070831298828125,27.021940231323242,4.552901268005371,24.437179565429688,5.503329277038574,20.027076721191406,35.447261810302734,31.27768325805664,29.689865112304688,4.307028770446777,12.098184585571289,12.617319107055664,20.807645797729492,21.265331268310547
2005-04-21,17.501073837280273,1.1161476373672485,37.893157958984375,29.84303092956543,20.398521423339844,30.836822509765625,24.42938804626465,15.686388969421387,11.28478717803955,30.653146743774414,10.984442710876465,13.550554275512695,38.119422912597656,9.756110191345215,16.97681427001953,11.501079559326172,10.543532371520996,22.212881088256836,35.74125289916992,21.868011474609375,26.954633712768555,16.140735626220703,41.54999542236328,40.64153289794922,104.62444305419922,14.472176551818848,17.151226043701172,11.83125114440918,26.999202728271484,32.111183166503906,33.188419342041016,32.60410690307617,28.138538360595703,6.769611835479736,16.64922523498535,76.40831756591797,15.346085548400879,27.554950714111328,4.786881446838379,24.68682861328125,5.588268280029297,20.496387481689453,37.18641662597656,31.680686950683594,30.156415939331055,4.4827399253845215,12.378545761108398,12.711633682250977,21.34563446044922,21.867536544799805
2005-04-22,17.293380737304688,1.065713882446289,38.00413131713867,29.91351890563965,20.2995548248291,30.66612434387207,24.66749382019043,15.649768829345703,11.325104713439941,30.518686294555664,10.972352981567383,13.480937004089355,38.21211242675781,9.555702209472656,17.096250534057617,11.338458061218262,10.329483985900879,21.81914710998535,35.36040496826172,21.67560577392578,26.99971580505371,16.03772735595703,40.70602798461914,40.39459991455078,104.56654357910156,14.312716484069824,16.841079711914062,11.81286907196045,26.665876388549805,32.05630111694336,32.8642578125,32.22246170043945,28.125865936279297,6.914725303649902,16.64922523498535,75.92009735107422,14.978169441223145,27.05425262451172,4.821005344390869,24.309436798095703,5.517486095428467,20.742677688598633,35.7845573425293,31.52299690246582,29.93964195251465,4.4477362632751465,12.402929306030273,12.722113609313965,21.393095016479492,21.722871780395508
2005-04-25,17.30031394958496,1.1101435422897339,38.0318717956543,30.185359954833984,20.474212646484375,30.631977081298828,24.896459579467773,15.521649360656738,11.472951889038086,30.894075393676758,10.895759582519531,13.579551696777344,38.4180793762207,9.67595100402832,17.221372604370117,11.370981216430664,10.375823974609375,21.928186416625977,35.56688690185547,21.837955474853516,27.396554946899414,16.121999740600586,41.90161895751953,39.80470275878906,105.37755584716797,14.372893333435059,17.0378360748291,11.881787300109863,26.993139266967773,32.2593994140625,33.39522171020508,32.972862243652344,28.417448043823242,6.872764587402344,16.78544044494629,77.04955291748047,15.305204391479492,27.576488494873047,4.7722601890563965,24.739086151123047,5.531642913818359,21.080116271972656,36.3642578125,31.7274227142334,29.802978515625,4.4827399253845215,12.890511512756348,12.84524917602539,21.662097930908203,21.665679931640625
2005-04-26,17.141084671020508,1.0864278078079224,37.74333190917969,29.838001251220703,20.421812057495117,30.37020492553711,24.55302619934082,15.375214576721191,11.548225402832031,30.927701950073242,10.847389221191406,13.52734375,38.84031677246094,9.523639678955078,17.062131881713867,11.240878105163574,10.37140941619873,21.928186416625977,34.933650970458984,21.825927734375,26.714122772216797,15.825475692749023,41.493717193603516,39.23537826538086,104.79826354980469,14.42404842376709,17.34130859375,11.803680419921875,26.514362335205078,32.05630111694336,33.44552993774414,33.348060607910156,28.27800178527832,6.8710150718688965,16.683284759521484,77.03498840332031,15.253419876098633,27.210386276245117,4.665017127990723,24.744884490966797,5.475017070770264,20.701940536499023,36.09548568725586,31.476266860961914,29.251585006713867,4.392826557159424,12.872227668762207,12.693293571472168,21.032323837280273,21.221601486206055
2005-04-27,17.30031394958496,1.0792237520217896,37.91534423828125,29.389951705932617,20.666309356689453,30.461265563964844,23.811203002929688,15.324881553649902,11.510584831237793,30.950109481811523,10.851418495178223,13.63755989074707,39.674476623535156,9.539669036865234,17.153125762939453,11.22136116027832,10.435399055480957,21.8252010345459,35.149314880371094,21.86200714111328,26.470613479614258,15.8348388671875,41.9578971862793,39.72239303588867,105.43556213378906,14.583505630493164,17.30796241760254,11.835840225219727,27.435550689697266,31.96297836303711,33.50142288208008,33.703853607177734,28.44282341003418,6.447916030883789,16.88759422302246,78.521484375,15.275218963623047,27.554950714111328,4.601648330688477,25.139699935913086,5.595346450805664,20.110471725463867,36.8438606262207,31.24847412109375,29.312849044799805,4.45048189163208,13.140397071838379,12.7954740524292,20.96902847290039,20.905357360839844
2005-04-28,16.926481246948242,1.0669151544570923,37.5435676574707,28.191797256469727,20.386877059936523,30.7230224609375,23.421979904174805,15.462160110473633,11.475643157958984,30.871654510498047,10.758707046508789,13.451935768127441,39.087459564208984,9.315210342407227,16.840314865112305,11.149807929992676,10.382442474365234,21.255796432495117,34.52066421508789,21.60346221923828,26.06475830078125,15.738068580627441,41.29679870605469,39.338253021240234,103.32098388671875,14.469173431396484,17.074520111083984,11.80827522277832,26.947683334350586,31.836740493774414,33.797645568847656,33.44510269165039,28.328725814819336,6.423438549041748,16.896114349365234,77.40657806396484,14.940014839172363,27.156536102294922,4.503110885620117,24.826168060302734,5.545799732208252,19.928171157836914,36.77007293701172,31.67486000061035,29.025381088256836,4.425085544586182,13.183058738708496,12.85048770904541,20.927898406982422,20.636228561401367
2005-04-29,17.514915466308594,1.0825252532958984,38.08181381225586,28.710309982299805,20.66049575805664,30.814067840576172,23.811203002929688,15.512490272521973,11.677250862121582,31.174222946166992,10.952194213867188,13.64335823059082,39.3294792175293,9.267109870910645,16.669694900512695,11.23437213897705,10.402302742004395,21.42540168762207,35.089683532714844,21.501245498657227,26.470613479614258,15.541424751281738,41.859432220458984,39.92817306518555,104.8562240600586,14.791110038757324,17.20124053955078,11.946114540100098,27.87189292907715,32.0947265625,34.065921783447266,34.092018127441406,28.550575256347656,6.488127708435059,17.00962257385254,77.81464385986328,15.035407066345215,28.33023452758789,4.488330364227295,25.000349044799805,5.581188678741455,20.33348274230957,37.581687927246094,32.031150817871094,29.4306697845459,4.460775375366211,10.964552879333496,12.942182540893555,21.377281188964844,21.039932250976562
2005-05-02,17.46645736694336,1.093632459640503,38.16504669189453,29.067745208740234,20.707059860229492,31.18395233154297,24.36526870727539,15.558249473571777,11.712198257446289,31.32548713684082,11.04893684387207,13.660762786865234,39.396419525146484,9.299172401428223,16.817567825317383,11.227867126464844,10.547945022583008,21.96453285217285,35.27779769897461,21.74175453186035,26.57583236694336,15.641304016113281,41.760955810546875,40.291725158691406,105.00104522705078,14.8572998046875,17.504716873168945,11.982865333557129,27.935529708862305,32.336238861083984,34.574546813964844,34.31842041015625,28.740751266479492,6.608761310577393,17.140165328979492,76.11686706542969,15.024500846862793,26.591230392456055,4.542524814605713,25.383535385131836,5.641355514526367,20.692249298095703,37.934791564941406,32.29982376098633,29.458940505981445,4.48960542678833,11.354613304138184,12.910743713378906,21.519689559936523,20.912090301513672
2005-05-03,17.556459426879883,1.0870282649993896,38.137306213378906,28.443506240844727,20.666309356689453,31.24085807800293,24.113426208496094,15.750438690185547,11.763276100158691,31.331098556518555,11.085216522216797,13.82318115234375,39.375823974609375,9.291154861450195,16.948381423950195,11.260394096374512,10.68034839630127,22.261348724365234,35.22275161743164,21.224660873413086,26.329317092895508,15.560148239135742,42.1055793762207,39.88702392578125,104.56654357910156,14.821200370788574,17.65478515625,12.152873039245605,28.620361328125,32.79732131958008,34.881954193115234,34.286067962646484,28.753414154052734,6.790594100952148,17.108945846557617,76.05128479003906,15.256149291992188,26.607379913330078,4.665696144104004,25.412572860717773,5.581188678741455,20.07168197631836,37.76087188720703,32.14797592163086,29.416522979736328,4.529416084289551,11.610600471496582,13.086273193359375,21.563983917236328,20.861629486083984
2005-05-04,17.45261573791504,1.1152480840682983,37.85429763793945,28.81100845336914,21.01559829711914,31.377424240112305,24.273693084716797,15.983813285827637,11.808971405029297,31.723308563232422,11.218240737915039,14.032712936401367,39.68993377685547,9.395369529724121,17.13606071472168,11.481563568115234,10.69137954711914,22.473358154296875,35.493473052978516,21.35694122314453,26.882484436035156,15.619452476501465,42.3939208984375,40.44261932373047,104.8562240600586,14.956591606140137,17.80152702331543,12.166656494140625,29.323373794555664,33.07725524902344,35.703556060791016,34.62247848510742,29.14009666442871,6.830803394317627,17.354944229125977,77.43571472167969,15.60498332977295,27.12424087524414,5.005644798278809,25.575132369995117,5.779381275177002,20.1783447265625,37.73978042602539,32.416629791259766,29.402400970458984,4.581578731536865,11.464325904846191,13.015539169311523,21.832988739013672,21.05675506591797
2005-05-05,17.46645736694336,1.1011381149291992,38.015235900878906,29.09796714782715,20.899171829223633,31.172576904296875,24.406496047973633,15.901450157165527,11.868112564086914,31.622455596923828,11.226305961608887,14.120016098022461,38.8763542175293,9.347271919250488,17.027999877929688,11.709247589111328,10.71785831451416,22.32192039489746,35.548545837402344,21.146499633789062,27.01173973083496,15.475871086120605,42.014129638671875,40.35345458984375,103.84239959716797,14.800138473510742,17.974933624267578,12.001250267028809,29.211252212524414,33.17606735229492,35.42409133911133,34.402530670166016,29.064041137695312,6.750380516052246,17.23480987548828,76.7289810180664,15.656765937805176,27.05425262451172,4.779012680053711,25.650623321533203,5.768764495849609,20.364513397216797,37.76087188720703,32.20051956176758,29.289278030395508,4.587069511413574,11.366809844970703,13.007681846618652,21.810832977294922,21.15768051147461
2005-05-06,17.459537506103516,1.1179490089416504,37.84877395629883,28.997270584106445,20.730348587036133,31.15549087524414,24.150056838989258,15.631470680236816,11.878865242004395,31.39833641052246,11.129557609558105,14.253883361816406,38.85569381713867,9.427441596984863,16.709508895874023,11.722256660461426,10.803919792175293,22.509700775146484,35.484291076660156,22.156625747680664,27.104948043823242,15.347893714904785,42.907310485839844,40.18882369995117,103.84239959716797,14.748991012573242,17.898235321044922,11.936929702758789,29.535491943359375,33.03335952758789,35.22846603393555,34.286067962646484,28.835834503173828,6.769611835479736,17.094642639160156,76.27716064453125,15.57227897644043,26.94657325744629,4.808572769165039,25.59836196899414,5.662590026855469,20.347061157226562,37.69233703613281,32.504249572753906,28.99711036682129,4.550691604614258,11.458227157592773,12.955284118652344,21.951034545898438,21.090396881103516
2005-05-09,17.38339614868164,1.109843373298645,37.82656478881836,29.203670501708984,20.934101104736328,31.2863826751709,24.475173950195312,15.649768829345703,11.981016159057617,31.583242416381836,11.274675369262695,14.434309005737305,38.711143493652344,9.419422149658203,17.13037109375,11.845855712890625,10.867916107177734,22.564212799072266,35.667842864990234,22.168657302856445,27.14101791381836,15.291720390319824,42.59083938598633,41.382362365722656,104.94310760498047,14.764034271240234,17.864883422851562,11.918545722961426,29.79910659790039,32.802818298339844,35.463226318359375,34.15022277832031,28.987947463989258,6.795837879180908,17.226228713989258,76.8746566772461,15.651315689086914,27.32345199584961,4.902182102203369,25.795759201049805,5.740447521209717,20.703887939453125,37.98222351074219,32.63859558105469,29.355262756347656,4.538338661193848,11.72640323638916,12.984101295471191,21.855443954467773,21.043296813964844
2005-05-10,17.238012313842773,1.0933330059051514,37.58241653442383,28.81100845336914,20.456735610961914,31.22947883605957,24.25995635986328,15.503344535827637,11.889612197875977,31.583242416381836,11.149713516235352,14.358647346496582,37.843788146972656,9.2350435256958,17.118999481201172,11.845855712890625,10.750961303710938,22.085678100585938,35.153907775878906,21.964216232299805,26.951622009277344,15.169976234436035,42.92840576171875,41.86250686645508,103.784423828125,14.697836875915527,17.75817108154297,11.748547554016113,29.471845626831055,32.457000732421875,35.60853958129883,33.949684143066406,28.766094207763672,6.757376670837402,17.083206176757812,74.40448760986328,15.515047073364258,26.607379913330078,4.818427085876465,25.418376922607422,5.751066207885742,20.343181610107422,37.75034713745117,32.165489196777344,29.086650848388672,4.513627529144287,11.750784873962402,12.900264739990234,21.463520050048828,20.70350456237793
2005-05-11,17.24492835998535,1.0690162181854248,37.7044792175293,28.988113403320312,20.549877166748047,31.57091522216797,24.452274322509766,15.329462051391602,11.900364875793457,31.89699363708496,11.222771644592285,14.416851043701172,37.83344650268555,9.379339218139648,16.97681427001953,12.067026138305664,10.724479675292969,22.122024536132812,35.328277587890625,22.048398971557617,27.32741355895996,15.385350227355957,42.65301513671875,42.1300163269043,104.82718658447266,14.821200370788574,17.874881744384766,11.684220314025879,29.368824005126953,32.456993103027344,36.02771759033203,33.88500213623047,28.94359016418457,6.886750221252441,17.17759895324707,75.59949493408203,15.75214672088623,26.838899612426758,4.749452590942383,25.54030418395996,5.751066207885742,20.55263328552246,38.920310974121094,32.066184997558594,29.4071102142334,4.488232612609863,11.653268814086914,12.994580268859863,21.37747573852539,20.922182083129883
2005-05-12,17.307241439819336,1.024586796760559,37.53801727294922,27.738317489624023,20.276268005371094,31.548139572143555,23.834104537963867,15.393514633178711,11.8734769821167,31.75691032409668,11.214654922485352,14.45759391784668,37.49269485473633,9.531655311584473,16.937002182006836,12.164608001708984,10.51484203338623,21.946353912353516,34.77305221557617,21.807893753051758,26.720129013061523,15.37286376953125,42.716552734375,42.39066696166992,103.90028381347656,14.77907657623291,17.978275299072266,11.665837287902832,29.277915954589844,32.700069427490234,36.1898193359375,33.729736328125,28.740751266479492,6.780102729797363,17.111806869506836,73.02728271484375,15.523228645324707,26.59661865234375,4.606574058532715,25.575132369995117,5.697981834411621,19.56947898864746,38.40150451660156,31.82671546936035,29.388259887695312,4.471073627471924,11.842203140258789,12.892402648925781,20.79755401611328,20.356990814208984
2005-05-13,17.514915466308594,1.0438001155853271,37.415348052978516,27.17159652709961,20.060876846313477,31.15549087524414,23.48151206970215,15.311151504516602,11.857354164123535,31.616846084594727,11.30800724029541,14.620567321777344,37.77149963378906,9.908429145812988,16.863065719604492,12.288206100463867,10.400094985961914,21.982698440551758,34.6950569152832,21.60346221923828,26.756208419799805,15.169976234436035,42.01744079589844,42.61017608642578,103.40794372558594,14.670759201049805,17.911577224731445,11.62448501586914,28.708242416381836,32.4625244140625,35.78181457519531,33.477447509765625,28.607614517211914,6.783598899841309,16.948753356933594,71.27848052978516,15.354249000549316,25.9613094329834,4.581939220428467,25.575132369995117,5.634274959564209,19.216388702392578,38.1950569152832,31.394512176513672,29.20916748046875,4.458033561706543,11.793445587158203,12.821662902832031,20.552207946777344,20.081117630004883
2005-05-16,17.70243263244629,1.0672149658203125,37.71644592285156,26.994503021240234,20.2238826751709,31.377424240112305,23.128923416137695,15.30657958984375,11.897682189941406,31.745708465576172,11.458189964294434,14.74278736114502,38.380714416503906,9.900413513183594,16.993877410888672,12.418305397033691,10.419955253601074,22.636903762817383,35.06673049926758,21.964216232299805,27.171079635620117,15.351016998291016,42.66008377075195,43.20693588256836,104.97205352783203,14.884378433227539,18.028295516967773,11.69800090789795,28.902172088623047,32.81608963012695,36.05006790161133,33.93675994873047,29.064041137695312,6.794088840484619,17.166160583496094,71.7156753540039,15.784855842590332,26.273590087890625,4.636134624481201,26.0454044342041,5.775840759277344,18.87891960144043,38.740318298339844,31.458751678466797,29.887794494628906,4.536963939666748,11.903151512145996,12.942182540893555,20.66054916381836,20.11476707458496
2005-05-17,17.681594848632812,1.0615110397338867,37.86701583862305,27.252567291259766,20.497486114501953,31.65625762939453,23.78038215637207,15.105236053466797,11.935315132141113,31.538408279418945,11.44601058959961,14.958136558532715,38.35490417480469,9.788179397583008,17.045059204101562,12.39879322052002,10.37140941619873,23.53947639465332,35.33743667602539,21.759790420532227,27.646074295043945,15.478992462158203,43.013153076171875,43.14520263671875,105.60930633544922,14.866331100463867,18.211711883544922,11.725569725036621,29.265798568725586,32.90449142456055,36.21775436401367,34.053192138671875,29.247865676879883,6.801082134246826,17.294885635375977,71.66468811035156,15.8856840133667,26.198211669921875,4.586865425109863,26.422807693481445,5.988187789916992,19.2924747467041,39.13207244873047,31.733272552490234,30.203540802001953,4.550691604614258,11.955184936523438,12.95004653930664,21.01423454284668,20.955829620361328
2005-05-18,17.848278045654297,1.0759210586547852,37.69415283203125,27.14629364013672,20.986494064331055,32.09443283081055,23.77114486694336,15.077779769897461,12.075098037719727,31.762516021728516,11.543423652648926,15.092010498046875,39.423606872558594,9.884377479553223,17.391996383666992,12.515887260437012,10.533010482788086,24.108882904052734,36.03414535522461,22.319744110107422,28.115060806274414,15.731826782226562,43.56398391723633,42.76793670654297,106.88383483886719,14.848280906677246,18.341766357421875,11.665837287902832,29.244583129882812,33.346458435058594,36.2401123046875,34.63542175292969,29.57114601135254,6.939201831817627,17.440776824951172,72.56097412109375,16.11188507080078,26.338184356689453,4.887402534484863,26.680007934570312,5.974030017852783,19.468032836914062,39.650875091552734,31.768314361572266,30.368497848510742,4.580207347869873,12.200040817260742,12.881924629211426,21.4284610748291,21.52102279663086
2005-05-19,18.00106430053711,1.1272547245025635,37.58820724487305,27.743379592895508,21.067995071411133,32.219635009765625,24.099170684814453,15.004557609558105,12.16380786895752,31.953022003173828,11.657076835632324,15.138566970825195,39.83665084838867,9.964545249938965,17.613801956176758,12.60695743560791,10.517516136169434,24.314838409423828,35.92341232299805,22.464874267578125,28.109060287475586,15.822343826293945,43.323875427246094,42.40439224243164,106.94174194335938,14.7550048828125,18.375118255615234,11.69340991973877,29.27185821533203,33.114410400390625,36.195396423339844,34.44134521484375,29.44437026977539,7.063333988189697,17.529443740844727,72.95443725585938,16.212722778320312,27.000415802001953,4.931743621826172,26.988088607788086,5.966953277587891,19.7723388671875,39.78849792480469,31.85009002685547,30.759647369384766,4.626196384429932,12.151070594787598,12.955284118652344,21.211793899536133,21.729598999023438
2005-05-20,17.876056671142578,1.1272547245025635,37.471107482910156,27.328466415405273,20.9923152923584,32.139949798583984,23.895885467529297,14.926769256591797,12.1100435256958,32.003448486328125,11.600253105163574,15.336456298828125,39.449424743652344,10.060745239257812,17.59673500061035,12.665502548217773,10.44446086883545,24.005916595458984,35.55430221557617,22.464874267578125,28.14812660217285,15.956567764282227,43.71226501464844,42.43869400024414,107.17338562011719,14.706864356994629,18.341766357421875,11.822060585021973,29.5142765045166,32.53988265991211,36.07244110107422,34.32487869262695,29.52044105529785,7.024873733520508,17.543750762939453,73.65394592285156,16.22362518310547,26.919649124145508,4.926817893981934,26.7207088470459,6.051891326904297,19.723575592041016,39.69850540161133,32.28813552856445,30.726673126220703,4.651590824127197,12.151070594787598,12.95266056060791,21.062034606933594,21.679134368896484
2005-05-23,17.952451705932617,1.1935994625091553,37.50458526611328,27.702898025512695,20.904991149902344,32.139949798583984,24.288602828979492,14.931344985961914,12.088541030883789,31.7905330657959,11.673312187194824,15.423773765563965,39.50105667114258,10.180990219116211,17.8128604888916,12.71753978729248,10.592784881591797,24.205799102783203,36.23252868652344,22.531402587890625,28.271392822265625,15.831708908081055,43.528656005859375,42.603309631347656,107.69482421875,14.652706146240234,18.39179801940918,11.895573616027832,29.371856689453125,32.440425872802734,36.17863082885742,34.31842041015625,29.507762908935547,7.124527454376221,17.563777923583984,73.3697509765625,16.275405883789062,26.860431671142578,5.010572910308838,26.91834259033203,5.9775710105896,20.1605224609375,39.867897033691406,32.393287658691406,30.670114517211914,4.663259506225586,12.242891311645508,12.976236343383789,21.367923736572266,21.884347915649414
2005-05-24,17.88300323486328,1.1917988061904907,37.69415283203125,27.849634170532227,20.89334487915039,31.86682891845703,24.325559616088867,14.981687545776367,12.101977348327637,31.807331085205078,11.705772399902344,15.691489219665527,39.13964080810547,10.261157035827637,17.556922912597656,13.010273933410645,10.548506736755371,24.139162063598633,36.07566452026367,22.537450790405273,28.2082576751709,15.859800338745117,43.95941925048828,42.89139175415039,107.37628173828125,14.643682479858398,18.341766357421875,11.881787300109863,29.393064498901367,32.38518142700195,36.3686637878418,34.22138214111328,29.545785903930664,7.047598838806152,17.457929611206055,72.56097412109375,16.15549087524414,26.602006912231445,4.916964054107666,26.56377601623535,5.942180633544922,20.353654861450195,39.920860290527344,32.62690734863281,30.72195053100586,4.66737699508667,12.297983169555664,12.944803237915039,21.288267135620117,21.874263763427734
2005-05-25,17.85523223876953,1.1942001581192017,37.621646881103516,28.173460006713867,20.904991149902344,31.713167190551758,24.63512420654297,14.890164375305176,12.069721221923828,31.93619728088379,11.636777877807617,15.714773178100586,39.23775100708008,10.221076011657715,17.568302154541016,12.763077735900879,10.471025466918945,23.848421096801758,35.55430221557617,22.150428771972656,27.79941177368164,15.750556945800781,43.39448928833008,42.78852081298828,106.76792907714844,14.514305114746094,18.308425903320312,11.762327194213867,29.39912223815918,32.429386138916016,36.24568557739258,34.04673385620117,29.501415252685547,7.063333988189697,17.417890548706055,70.86314392089844,15.896586418151855,26.650463104248047,4.90710973739624,26.598636627197266,5.952798843383789,20.548721313476562,39.650875091552734,32.258941650390625,30.632408142089844,4.655022621154785,12.212287902832031,12.923843383789062,21.0269775390625,21.867536544799805
2005-05-26,17.987171173095703,1.2230195999145508,37.593788146972656,28.446699142456055,20.922454833984375,31.758697509765625,24.81992530822754,14.803215026855469,12.067034721374512,31.94181251525879,11.730132102966309,15.930133819580078,39.826316833496094,10.357354164123535,17.903850555419922,12.945220947265625,10.473243713378906,24.181577682495117,35.51740646362305,22.162521362304688,28.38863754272461,15.697493553161621,44.481998443603516,43.00801086425781,106.9996337890625,14.508291244506836,18.331768035888672,11.762327194213867,29.917282104492188,32.650360107421875,36.50839614868164,34.20845031738281,29.60919189453125,7.196210861206055,17.43218421936035,70.3895034790039,16.095539093017578,26.5212459564209,4.941598415374756,26.714889526367188,5.959877014160156,20.498001098632812,39.67732238769531,32.481937408447266,30.76906967163086,4.645413398742676,12.273503303527832,13.036498069763184,21.062034606933594,22.20395851135254
2005-05-27,18.10523223876953,1.2176154851913452,37.599365234375,28.740169525146484,20.840957641601562,31.730241775512695,25.217283248901367,14.848986625671387,12.077781677246094,31.712093353271484,11.5068941116333,15.941767692565918,39.805660247802734,10.301237106323242,17.778724670410156,12.87367057800293,10.464387893676758,24.211864471435547,35.51740646362305,22.150428771972656,28.352563858032227,15.625701904296875,44.50319290161133,43.11091232299805,106.82585144042969,14.442098617553711,18.32843017578125,11.730164527893066,29.965776443481445,32.62275314331055,36.69355392456055,34.447811126708984,29.57114601135254,7.169984340667725,17.3892765045166,69.58797454833984,16.177297592163086,26.5212459564209,4.961304664611816,26.459131240844727,5.974030017852783,20.979827880859375,39.53969192504883,32.540626525878906,30.51459312438965,4.636490345001221,12.249011039733887,13.015539169311523,21.01423454284668,22.311616897583008
2005-05-31,17.917722702026367,1.1935994625091553,37.415348052978516,28.436574935913086,20.811845779418945,31.38312530517578,24.84765625,14.844400405883789,11.997140884399414,31.52158546447754,11.324248313903809,15.691489219665527,39.00543212890625,10.261157035827637,17.59673500061035,12.619963645935059,10.455531120300293,23.836301803588867,35.365142822265625,21.90854835510254,28.29243278503418,15.597602844238281,45.12461471557617,42.92570114135742,105.66720581054688,14.514305114746094,18.291749954223633,11.652053833007812,29.468822479248047,32.208412170410156,36.407413482666016,34.83595657348633,29.361961364746094,7.133269309997559,17.280582427978516,71.0453109741211,16.25905418395996,26.359729766845703,4.916964054107666,26.35451316833496,5.93510103225708,21.036407470703125,38.989139556884766,32.6990852355957,30.316659927368164,4.608348846435547,12.151070594787598,12.968378067016602,20.835796356201172,22.25442886352539
2005-06-01,17.924671173095703,1.2098110914230347,37.53245544433594,28.917264938354492,20.817670822143555,31.93509292602539,25.295812606811523,14.904598236083984,11.986388206481934,31.835355758666992,11.43383502960205,15.883567810058594,39.671417236328125,10.333306312561035,17.642236709594727,12.776092529296875,10.60827922821045,24.193681716918945,35.52661895751953,22.059717178344727,28.701282501220703,15.685009956359863,45.05400085449219,43.33726501464844,106.97074127197266,14.54138469696045,18.36844253540039,11.707193374633789,29.811237335205078,32.291263580322266,36.39058303833008,34.984737396240234,29.630807876586914,7.306354522705078,17.592374801635742,71.87600708007812,16.28631019592285,26.95734214782715,4.887402534484863,26.633506774902344,5.892631530761719,21.487016677856445,38.989139556884766,32.48781204223633,30.717233657836914,4.602170467376709,12.304110527038574,13.248708724975586,21.19268226623535,22.052566528320312
2005-06-02,17.91077995300293,1.20200514793396,37.359596252441406,29.00328826904297,20.806028366088867,31.849735260009766,25.397472381591797,14.923113822937012,12.037460327148438,31.880191802978516,11.44601058959961,16.058177947998047,39.93473815917969,10.405449867248535,17.699108123779297,12.932211875915527,10.674696922302246,24.43598175048828,35.3282470703125,22.150428771972656,28.614099502563477,15.485238075256348,45.46357345581055,43.1314697265625,106.88383483886719,14.520328521728516,19.09210968017578,11.716384887695312,29.544574737548828,32.14762496948242,36.57011795043945,35.09471130371094,29.56038475036621,7.530144214630127,17.60095977783203,71.1691665649414,16.444379806518555,26.53200912475586,5.059839725494385,26.854402542114258,5.945716381072998,21.43044090270996,38.98384094238281,32.64625549316406,30.31193733215332,4.641295433044434,12.506111145019531,13.274906158447266,21.0875244140625,21.864173889160156
2005-06-03,17.6607666015625,1.147969126701355,37.04732894897461,28.917264938354492,20.695417404174805,31.451404571533203,25.439044952392578,14.858295440673828,11.889612197875977,31.381515502929688,11.34859848022461,15.906846046447754,39.12932205200195,10.09281063079834,17.352184295654297,12.619963645935059,10.482091903686523,24.060428619384766,35.06523895263672,21.975067138671875,28.250350952148438,15.322933197021484,45.661312103271484,42.17803955078125,106.30449676513672,14.523330688476562,19.098793029785156,11.587723731994629,29.871837615966797,31.84930419921875,36.50278091430664,35.04943084716797,29.304336547851562,7.243414878845215,17.549468994140625,70.89956665039062,16.329912185668945,26.332799911499023,4.877547740936279,26.662578582763672,5.910326957702637,21.461654663085938,38.54973602294922,32.62278747558594,30.359060287475586,4.615212440490723,12.3775634765625,13.253952980041504,20.845359802246094,21.722871780395508
2005-06-06,17.619098663330078,1.1383627653121948,37.01385498046875,29.14495277404785,20.672136306762695,31.474170684814453,25.342018127441406,14.830514907836914,11.81972599029541,31.247058868408203,11.368890762329102,15.813720703125,38.721466064453125,10.14090633392334,17.295310974121094,12.60695743560791,10.566221237182617,24.19974708557129,35.139060974121094,21.987163543701172,28.304471969604492,15.28234577178955,46.28981399536133,41.84877014160156,106.04383850097656,14.57748794555664,19.362239837646484,11.679619789123535,30.36273765563965,31.871376037597656,36.407413482666016,35.0235481262207,29.381174087524414,7.294116973876953,17.57521629333496,71.7156753540039,16.441648483276367,26.44049072265625,4.90710973739624,26.627702713012695,5.949258327484131,21.531877517700195,38.57090377807617,32.71079635620117,30.613534927368164,4.610408782958984,12.334718704223633,13.32205867767334,20.829421997070312,21.958358764648438
2005-06-07,17.71632194519043,1.0969351530075073,37.103092193603516,29.069067001342773,20.6546688079834,31.553829193115234,25.309675216674805,14.853663444519043,11.857354164123535,31.319900512695312,11.34859848022461,15.633295059204102,38.74210739135742,10.09281063079834,16.817567825317383,12.626473426818848,10.572858810424805,24.290847778320312,35.22210693359375,21.999258041381836,28.418697357177734,15.5039644241333,46.099151611328125,41.293174743652344,106.71003723144531,14.670759201049805,19.43560218811035,11.587723731994629,30.517274856567383,31.84930419921875,36.3456916809082,35.36641311645508,29.355562210083008,7.362304210662842,17.55518913269043,71.70108032226562,16.482526779174805,26.45663070678711,4.956377983093262,26.60445785522461,5.91740608215332,21.317291259765625,38.65561294555664,32.60517120361328,30.783206939697266,4.652276992797852,12.665275573730469,13.374463081359863,20.813495635986328,21.92136573791504
2005-06-08,17.63994026184082,1.1083420515060425,37.00271987915039,28.70474624633789,20.765275955200195,31.474170684814453,25.332782745361328,14.645305633544922,11.800902366638184,31.229835510253906,11.222771644592285,15.772984504699707,38.61820602416992,10.156942367553711,16.624197006225586,12.626473426818848,10.530797958374023,24.09044647216797,35.323604583740234,21.848081588745117,29.035009384155273,15.54454517364502,45.527137756347656,41.19029235839844,106.59416961669922,14.640667915344238,19.268856048583984,11.509621620178223,30.468786239624023,31.69459342956543,36.289588928222656,35.28877639770508,29.387557983398438,7.364051818847656,17.592374801635742,71.66468811035156,16.398042678833008,26.61815643310547,4.971158504486084,26.47657012939453,5.91386604309082,21.26268768310547,38.30621337890625,32.49954605102539,30.79745101928711,4.718855381011963,12.855033874511719,13.32205867767334,20.775253295898438,22.092939376831055
2005-06-09,17.71632194519043,1.1302573680877686,37.20903778076172,29.569990158081055,20.666309356689453,31.411569595336914,25.877967834472656,14.515652656555176,11.733701705932617,31.24108123779297,11.17406940460205,16.122196197509766,38.68531036376953,10.156942367553711,16.482011795043945,12.665502548217773,10.586139678955078,24.047929763793945,35.14828109741211,21.860170364379883,29.296546936035156,15.513319969177246,45.979087829589844,41.43036651611328,106.56517791748047,14.736957550048828,19.36890411376953,11.518811225891113,31.225013732910156,31.52886962890625,36.58131790161133,35.37934875488281,29.502784729003906,7.62630558013916,17.543750762939453,72.83056640625,16.64332389831543,26.720439910888672,4.936670780181885,26.738130569458008,5.9386420249938965,21.949331283569336,37.692134857177734,33.086402893066406,30.73575210571289,4.753172397613525,12.879524230957031,13.392804145812988,20.663726806640625,22.412534713745117
2005-06-10,17.6607666015625,1.07502019405365,37.069637298583984,29.539636611938477,20.62557029724121,31.15549087524414,26.011959075927734,14.534180641174316,11.814347267150879,31.252349853515625,11.234951972961426,15.703139305114746,38.60271072387695,10.132893562316895,16.794818878173828,12.515887260437012,10.621560096740723,23.987201690673828,34.9683723449707,22.011354446411133,29.167278289794922,15.53205394744873,45.65425109863281,41.30004119873047,106.1017074584961,14.712885856628418,19.362239837646484,11.482048988342285,31.273517608642578,31.484670639038086,36.553279876708984,35.39228820800781,29.445165634155273,7.573855876922607,17.53803253173828,72.17475891113281,16.591535568237305,26.855051040649414,5.0894012451171875,26.796266555786133,5.889094352722168,21.824495315551758,37.565093994140625,33.22135925292969,30.740497589111328,4.7483696937561035,12.506111145019531,13.434722900390625,20.756135940551758,22.476463317871094
2005-06-13,17.577428817749023,1.0777225494384766,37.064056396484375,29.57505989074707,20.666309356689453,30.905115127563477,25.877967834472656,14.608263969421387,11.792696952819824,31.280498504638672,11.320186614990234,15.714773178100586,38.74726104736328,10.100824356079102,16.555950164794922,12.554917335510254,10.687976837158203,24.145090103149414,35.10677719116211,21.82993507385254,29.335636138916016,15.510201454162598,45.640132904052734,41.162845611572266,105.8699722290039,14.697836875915527,19.24219512939453,11.633679389953613,31.31291961669922,31.65593147277832,36.233482360839844,35.55402374267578,29.393957138061523,7.690993309020996,17.477949142456055,72.32775115966797,16.558834075927734,27.39344024658203,5.183012962341309,26.77881622314453,5.843086242675781,21.84788703918457,37.146873474121094,33.31525421142578,30.7120361328125,4.739350318908691,12.848916053771973,13.366601943969727,20.80712127685547,22.550474166870117
2005-06-14,17.61215591430664,1.0807238817214966,37.12540054321289,29.625652313232422,20.72453498840332,30.950639724731445,25.93341064453125,14.714751243591309,11.830578804016113,31.269248962402344,11.523128509521484,15.54017162322998,38.66468048095703,10.004624366760254,16.664020538330078,12.476855278015137,10.99789810180664,24.309049606323242,35.3697509765625,22.27741813659668,29.63326072692871,15.497722625732422,44.43963623046875,41.27260208129883,105.46448516845703,14.748991012573242,19.43560218811035,11.69800090789795,31.85546112060547,31.84930419921875,36.1661376953125,35.579898834228516,29.425960540771484,7.690993309020996,17.492267608642578,71.62826538085938,16.616065979003906,27.24267578125,5.330816268920898,26.87763786315918,5.910326957702637,22.062461853027344,37.07805633544922,33.062923431396484,30.83067512512207,4.644315242767334,12.830549240112305,13.324688911437988,20.832611083984375,22.560562133789062
2005-06-15,17.542701721191406,1.1146467924118042,36.997135162353516,29.97984504699707,20.788562774658203,30.95633316040039,26.261442184448242,14.770318031311035,11.806233406066895,31.409971237182617,11.539362907409668,15.679859161376953,39.39263153076172,10.116857528686523,16.464954376220703,12.567924499511719,11.035533905029297,24.309049606323242,35.12522888183594,22.55558967590332,29.63626480102539,15.463395118713379,45.484779357910156,41.046234130859375,105.20374298095703,14.748991012573242,19.495635986328125,11.578543663024902,32.0858154296875,31.6890869140625,36.03710174560547,35.57342529296875,29.82923698425293,7.60532283782959,17.549468994140625,72.27679443359375,16.607887268066406,27.248062133789062,5.498327255249023,26.802080154418945,6.1899189949035645,22.366779327392578,36.97745895385742,33.115745544433594,30.901844024658203,4.611711502075195,12.965226173400879,13.361366271972656,20.94731903076172,22.251056671142578
2005-06-16,17.389909744262695,1.1401640176773071,36.96927261352539,30.4200382232666,20.899171829223633,30.8709659576416,26.760440826416016,14.816620826721191,11.844107627868652,31.545061111450195,11.608358383178711,15.784619331359863,39.77985763549805,9.988597869873047,16.56732749938965,12.704533576965332,10.92484188079834,24.41229248046875,35.37436294555664,23.027263641357422,29.55507469177246,15.263622283935547,44.9763298034668,41.341182708740234,104.59556579589844,14.767036437988281,19.615697860717773,11.606107711791992,32.20401382446289,32.24155044555664,36.009037017822266,35.528133392333984,29.720415115356445,7.736449718475342,17.578081130981445,74.79794311523438,16.665124893188477,27.94260597229004,5.601791858673096,26.726512908935547,6.218233108520508,22.862262725830078,37.3162727355957,33.07465744018555,30.83540153503418,4.6214213371276855,12.904008865356445,13.350882530212402,21.339248657226562,22.523555755615234
2005-06-17,17.389909744262695,1.150070309638977,37.11425018310547,30.809673309326172,21.00396156311035,30.967700958251953,27.245559692382812,14.918489456176758,11.917154312133789,31.387435913085938,11.681429862976074,15.784619331359863,39.43910598754883,9.892398834228516,16.49338722229004,12.704533576965332,10.831868171691895,24.41229248046875,35.489723205566406,23.051450729370117,30.123268127441406,15.397843360900879,45.633060455322266,41.58127975463867,105.72518157958984,14.872345924377441,19.702390670776367,11.684220314025879,32.34950256347656,32.32992935180664,36.278350830078125,35.46991729736328,29.854835510253906,7.953244686126709,17.618120193481445,75.63594055175781,16.68692398071289,27.66265106201172,5.557448863983154,26.674203872680664,6.1545257568359375,23.67375946044922,37.57566833496094,33.098121643066406,30.96828269958496,4.6505584716796875,13.099894523620605,13.426859855651855,21.22134780883789,22.853248596191406
2005-06-20,17.43852996826172,1.1290565729141235,37.10866928100586,30.789426803588867,20.986494064331055,30.8709659576416,27.4165096282959,14.867555618286133,11.879276275634766,31.522531509399414,11.673312187194824,15.656569480895996,39.52171325683594,9.948512077331543,16.52751350402832,12.75007438659668,10.81637191772461,24.260475158691406,35.61428451538086,22.876073837280273,30.30365753173828,15.837952613830566,44.96219253540039,41.937965393066406,105.08792114257812,14.860312461853027,19.48895835876465,11.762327194213867,32.261592864990234,32.07028579711914,36.3232536315918,35.33405685424805,29.8996639251709,7.886806964874268,17.638147354125977,75.23518371582031,16.618791580200195,27.75954246520996,5.473692417144775,26.49983024597168,6.260702610015869,23.455280303955078,37.42744827270508,32.9396858215332,30.79745101928711,4.637378692626953,13.087654113769531,13.361366271972656,20.969627380371094,22.917184829711914
2005-06-21,17.4663143157959,1.1365618705749512,37.09751510620117,30.111392974853516,20.980674743652344,30.91649055480957,27.157793045043945,14.811996459960938,11.817055702209473,31.449365615844727,11.612421989440918,15.819543838500977,39.449424743652344,10.060745239257812,16.516132354736328,12.860657691955566,10.743315696716309,24.096506118774414,35.61428451538086,22.803503036499023,30.724552154541016,15.869169235229492,44.333702087402344,41.944820404052734,104.71138763427734,14.878364562988281,19.39559555053711,11.81286907196045,32.328285217285156,32.10894775390625,36.39058303833008,35.41816329956055,30.136499404907227,7.5895891189575195,17.589513778686523,74.79065704345703,16.594263076782227,27.441896438598633,5.503253936767578,26.28475570678711,6.8835835456848145,22.717905044555664,37.353336334228516,32.71079635620117,30.579164505004883,4.643623352050781,13.179469108581543,13.369220733642578,20.835796356201172,22.917184829711914
2005-06-22,17.410747528076172,1.1572760343551636,36.8019905090332,30.19236946105957,21.108747482299805,30.979097366333008,26.92214012145996,14.80736255645752,11.749418258666992,31.0834903717041,11.68548583984375,15.778802871704102,39.87279510498047,10.124876976013184,16.5047607421875,12.880169868469238,10.800872802734375,24.108671188354492,35.93263626098633,22.803503036499023,30.234519958496094,15.981539726257324,44.580867767333984,41.759613037109375,103.46583557128906,14.959598541259766,19.475629806518555,11.77610969543457,32.41921615600586,32.21944046020508,36.36812973022461,35.43756866455078,30.13008689880371,7.4514689445495605,17.652450561523438,74.66680145263672,16.717365264892578,27.199623107910156,5.261840343475342,26.389385223388672,6.876506805419922,22.788114547729492,37.17863082885742,32.845787048339844,30.507984161376953,4.665820121765137,13.320273399353027,13.3797025680542,20.79755401611328,22.54037857055664
2005-06-23,17.577428817749023,1.1674829721450806,36.43954086303711,29.863462448120117,20.916643142700195,30.535226821899414,26.48784065246582,14.46936321258545,11.652026176452637,30.886474609375,11.730132102966309,15.580916404724121,38.933135986328125,10.028679847717285,16.24883270263672,12.86716365814209,10.599424362182617,23.768592834472656,35.00526809692383,22.610008239746094,29.603193283081055,16.02835464477539,43.68402099609375,41.67729568481445,101.01764678955078,14.767036437988281,19.315547943115234,11.707193374633789,32.43132781982422,31.777490615844727,36.05392837524414,34.72599411010742,29.82923698425293,7.2416672706604,17.45221519470215,74.33885192871094,16.41644287109375,27.845672607421875,5.123887538909912,26.05225372314453,6.894200325012207,22.632081985473633,36.47985076904297,32.470218658447266,30.13310432434082,4.592285633087158,12.92237377166748,13.361366271972656,20.415189743041992,22.31497573852539
2005-06-24,17.389909744262695,1.133558988571167,36.56779479980469,29.423261642456055,20.707059860229492,30.057233810424805,26.192150115966797,14.145248413085938,11.416661262512207,30.548728942871094,11.575895309448242,15.19095230102539,38.21033477783203,10.020662307739258,16.08390235900879,12.554917335510254,10.486522674560547,23.222034454345703,34.8253059387207,22.19275665283203,29.119163513183594,15.794257164001465,42.78718185424805,42.06142044067383,101.36736297607422,14.748991012573242,19.14214324951172,11.59692096710205,32.382843017578125,31.440492630004883,35.633155822753906,34.68067932128906,29.92524528503418,7.299362659454346,17.369258880615234,75.54119110107422,16.75019645690918,28.59943199157715,5.030279636383057,25.796489715576172,6.961447238922119,22.710105895996094,36.315731048583984,32.14156723022461,29.805652618408203,4.519450664520264,13.014196395874023,13.28014850616455,20.067882537841797,22.183767318725586
2005-06-27,17.396867752075195,1.113746166229248,36.6068229675293,30.005149841308594,20.71870994567871,29.971874237060547,26.450881958007812,14.122093200683594,11.45182991027832,30.554353713989258,11.39730167388916,15.051262855529785,38.14321517944336,10.052726745605469,16.015644073486328,12.379277229309082,10.519725799560547,23.36171531677246,34.9683723449707,21.95087432861328,29.1372127532959,15.653800964355469,43.61341094970703,41.89678192138672,100.87191009521484,14.739965438842773,19.062103271484375,11.440704345703125,32.058536529541016,31.18082618713379,35.627525329589844,34.525428771972656,29.70122718811035,7.346565246582031,17.334932327270508,75.19873809814453,16.733781814575195,28.561744689941406,4.985938549041748,26.650949478149414,6.865889549255371,23.2211971282959,36.20987319946289,32.04179763793945,29.710752487182617,4.506962776184082,12.855033874511719,13.204170227050781,20.122045516967773,21.988643646240234
2005-06-28,17.410747528076172,1.1200504302978516,36.84101486206055,29.898887634277344,20.91081428527832,30.34743881225586,26.335371017456055,14.339712142944336,11.59791374206543,30.863943099975586,11.324248313903809,15.324821472167969,38.8763427734375,10.285204887390137,16.0611515045166,12.463848114013672,10.721182823181152,23.8718204498291,35.572757720947266,22.356029510498047,29.401775360107422,15.803618431091309,44.10066604614258,42.383819580078125,102.44576263427734,14.893407821655273,19.60902214050293,11.615300178527832,32.628353118896484,31.302366256713867,36.14369201660156,34.93299102783203,29.874053955078125,7.5581183433532715,17.546613693237305,75.75252532958984,17.16327476501465,28.54560089111328,5.123887538909912,27.48797035217285,6.81280517578125,22.667186737060547,36.961585998535156,32.66972351074219,30.004968643188477,4.522222995758057,13.03255844116211,13.259186744689941,20.43431282043457,22.41118049621582
2005-06-29,17.424640655517578,1.0918322801589966,36.63469314575195,29.569990158081055,20.934101104736328,30.427125930786133,26.2244815826416,14.274886131286621,11.55193042755127,30.638784408569336,11.299894332885742,15.278253555297852,38.58208084106445,10.878433227539062,15.873465538024902,12.593949317932129,10.745535850524902,23.562110900878906,35.08369064331055,22.331850051879883,29.053049087524414,15.878536224365234,43.54985809326172,41.883087158203125,102.00856018066406,14.812172889709473,19.615697860717773,11.712869644165039,32.73442077636719,31.103473663330078,35.99222183227539,34.693119049072266,30.02767562866211,7.579100131988525,17.718244552612305,74.89997100830078,17.160531997680664,28.70711326599121,5.1288161277771,27.09853172302246,6.7774128913879395,22.53843879699707,36.728668212890625,32.70494842529297,30.080890655517578,4.515980243682861,12.793819427490234,12.368430137634277,20.332347869873047,22.461889266967773
2005-06-30,17.251022338867188,1.1050409078598022,36.2443962097168,29.07918930053711,20.5615291595459,30.01738739013672,25.836374282836914,14.260994911193848,11.294920921325684,30.357324600219727,11.194360733032227,15.144392013549805,38.30843734741211,10.581818580627441,15.782464981079102,12.411802291870117,10.67026424407959,23.622831344604492,33.358123779296875,22.150428771972656,28.6532039642334,15.578882217407227,46.60758590698242,41.47152328491211,100.98848724365234,14.74597454071045,19.388919830322266,11.606002807617188,32.440433502197266,30.777515411376953,36.39619445800781,34.51156234741211,29.195541381835938,7.690993309020996,17.615259170532227,74.33885192871094,17.124975204467773,28.249483108520508,5.045060157775879,26.73232650756836,6.7349395751953125,22.4292049407959,36.6121940612793,32.42326736450195,29.701282501220703,4.485459327697754,13.087654113769531,12.25839614868164,19.997774124145508,22.137374877929688
2005-07-01,17.160737991333008,1.095733404159546,36.216487884521484,29.504215240478516,20.608552932739258,30.102745056152344,26.32151222229004,14.381386756896973,11.41935920715332,30.12091636657715,10.999533653259277,15.254966735839844,38.55108642578125,10.65396499633789,15.890520095825195,12.353252410888672,10.687976837158203,23.981130599975586,33.68110275268555,21.93877410888672,28.839584350585938,15.62258529663086,45.67544174194336,41.745906829833984,101.25074768066406,14.75200080871582,19.375579833984375,11.708222389221191,32.36466979980469,30.6173095703125,36.21664047241211,34.712562561035156,28.792247772216797,7.715471267700195,17.526582717895508,74.8416748046875,17.122241973876953,28.550983428955078,5.07954740524292,26.784650802612305,6.67477560043335,23.057327270507812,36.63867950439453,32.46434783935547,29.95751953125,4.511122703552246,13.148862838745117,12.237433433532715,20.077436447143555,22.343570709228516
2005-07-05,17.34824562072754,1.1401640176773071,36.16072463989258,30.4301700592041,20.555652618408203,30.01738739013672,27.056133270263672,14.399903297424316,11.470767974853516,30.143428802490234,10.97924518585205,15.528532028198242,38.6130256652832,10.637933731079102,15.907586097717285,12.242667198181152,11.024463653564453,24.339426040649414,33.967140197753906,21.745281219482422,28.91173553466797,15.722456932067871,46.19800567626953,42.877689361572266,101.19251251220703,14.727925300598145,19.93583869934082,11.740744590759277,32.79507064819336,30.78304100036621,35.89684295654297,34.97837448120117,28.875469207763672,7.830860137939453,17.50656509399414,75.18415832519531,17.27269744873047,28.94938850402832,5.123887538909912,27.145030975341797,6.798645973205566,23.892230987548828,36.48514938354492,32.29414749145508,29.95751953125,4.512512683868408,12.99582576751709,12.339609146118164,20.051942825317383,22.732303619384766
2005-07-06,17.153793334960938,1.122451901435852,35.77040481567383,29.909013748168945,20.33815574645996,29.875131607055664,26.409297943115234,14.149874687194824,11.349023818969727,29.5974178314209,10.86559009552002,15.423773765563965,39.13964080810547,10.678018569946289,15.754027366638184,12.242667198181152,10.931483268737793,23.847532272338867,33.602657318115234,21.430831909179688,28.65019416809082,15.466509819030762,45.4000358581543,43.62535095214844,100.0267105102539,14.785088539123535,19.655702590942383,11.559545516967773,32.82839584350586,30.733348846435547,35.346988677978516,34.531005859375,28.613021850585938,7.808132171630859,17.40358543395996,75.45376586914062,17.365703582763672,28.728660583496094,5.099255084991455,27.052026748657227,6.805726528167725,23.40065574645996,35.844573974609375,32.01248550415039,29.25044822692871,4.482682704925537,12.830549240112305,12.061905860900879,19.844825744628906,22.850616455078125
2005-07-07,17.11907386779785,1.12965726852417,35.64216613769531,30.116451263427734,20.25586700439453,29.681650161743164,26.704994201660156,13.881324768066406,11.297621726989746,29.70999526977539,10.857475280761719,15.458687782287598,39.950225830078125,10.65396499633789,15.924647331237793,12.2556791305542,10.960265159606934,23.902179718017578,34.054805755615234,21.412687301635742,29.2664794921875,15.603853225708008,46.028526306152344,45.90949630737305,99.61863708496094,14.73394775390625,19.60234832763672,11.429454803466797,32.925376892089844,30.501283645629883,35.2572135925293,34.66717529296875,28.60022735595703,7.953244686126709,17.346372604370117,75.85450744628906,17.368444442749023,28.717884063720703,5.059839725494385,27.017141342163086,6.802184104919434,23.64644432067871,36.36867904663086,32.15917205810547,29.041654586791992,4.45354700088501,12.775455474853516,12.06059455871582,19.75560760498047,22.83709716796875
2005-07-08,17.424640655517578,1.1482688188552856,35.84291076660156,30.055734634399414,20.461597442626953,30.136892318725586,26.501699447631836,14.353601455688477,11.560042381286621,30.132171630859375,11.015772819519043,15.877751350402832,40.941490173339844,10.870410919189453,16.294328689575195,12.561420440673828,11.046605110168457,24.339426040649414,34.603851318359375,21.78155517578125,29.67234230041504,15.750556945800781,45.95084762573242,47.418556213378906,101.97941589355469,14.848280906677246,20.1826229095459,11.573486328125,33.07391357421875,31.07586669921875,35.06645965576172,34.965396881103516,28.901084899902344,8.152558326721191,17.526582717895508,76.98397827148438,17.535310745239258,28.59943199157715,5.133744239807129,27.255464553833008,6.89774227142334,23.50208282470703,37.0304069519043,32.253089904785156,29.084367752075195,4.500025272369385,12.787697792053223,12.147358894348145,20.096555709838867,23.242727279663086
2005-07-11,17.563535690307617,1.1437660455703735,36.12728500366211,30.34415626525879,20.549768447875977,30.67180824279785,26.47398567199707,14.464730262756348,11.570866584777832,30.31231117248535,11.007648468017578,16.122196197509766,40.765953063964844,10.99066162109375,16.47632598876953,12.711037635803223,11.024463653564453,24.473012924194336,35.12522888183594,21.702953338623047,30.054134368896484,15.738068580627441,45.88022232055664,47.30881881713867,102.32915496826172,14.9385404586792,20.50275993347168,11.587422370910645,33.413368225097656,31.280275344848633,34.65690612792969,34.991336822509766,28.913877487182617,8.049402236938477,17.658172607421875,78.19355010986328,17.655683517456055,28.84171485900879,5.276622295379639,27.482162475585938,6.88712215423584,23.763484954833984,36.945682525634766,32.45260238647461,29.38332176208496,4.566622257232666,12.806056022644043,12.268309593200684,20.54902458190918,23.4996280670166
2005-07-12,17.78577423095703,1.147969126701355,36.1217041015625,30.303667068481445,20.72024154663086,30.694551467895508,26.57099723815918,14.631417274475098,11.584390640258789,30.73447036743164,10.987356185913086,16.151296615600586,41.32354736328125,11.062808990478516,16.584388732910156,12.86716365814209,11.088665008544922,25.080291748046875,34.543880462646484,21.82993507385254,29.750492095947266,15.866045951843262,45.40708923339844,47.651771545410156,102.3000259399414,15.040841102600098,20.61615562438965,11.568841934204102,33.492183685302734,31.186351776123047,34.71861267089844,34.90058135986328,29.003488540649414,7.8605828285217285,17.60668182373047,78.14253997802734,17.8799991607666,28.809415817260742,5.311108589172363,27.64490509033203,6.865889549255371,24.020971298217773,36.945682525634766,32.32349395751953,29.359594345092773,4.5138983726501465,12.793819427490234,12.40502643585205,20.469364166259766,23.5537052154541
2005-07-13,17.820493698120117,1.1512715816497803,35.920963287353516,30.23789405822754,20.861312866210938,31.058761596679688,26.552534103393555,14.640677452087402,11.614151000976562,30.886474609375,11.052300453186035,16.058177947998047,42.051517486572266,11.191076278686523,16.828941345214844,12.99075698852539,11.0997314453125,24.885963439941406,34.65922927856445,21.878314971923828,30.015058517456055,15.97842025756836,45.604820251464844,47.30195236206055,102.53316497802734,14.416088104248047,20.576135635375977,11.568841934204102,33.04359817504883,31.147676467895508,34.49418258666992,34.965396881103516,29.2851505279541,7.956739902496338,17.658172607421875,78.69635009765625,17.863590240478516,28.933862686157227,5.266767501831055,27.31940269470215,6.8835835456848145,23.993663787841797,37.035682678222656,32.45260238647461,29.44976043701172,4.566622257232666,12.91624927520752,12.347187042236328,20.297300338745117,23.333988189697266
2005-07-14,18.035799026489258,1.2233197689056396,36.021331787109375,29.645891189575195,20.97887420654297,31.15549087524414,26.252214431762695,14.774956703186035,11.681787490844727,31.207313537597656,11.202475547790527,16.226957321166992,42.55230712890625,11.263218879699707,16.834627151489258,12.971247673034668,11.181640625,24.922399520874023,34.80223846435547,22.138343811035156,30.66441535949707,16.000268936157227,45.604820251464844,48.310279846191406,103.84478759765625,14.104476928710938,20.376039505004883,11.647821426391602,32.95872497558594,31.457050323486328,34.589561462402344,35.06264877319336,29.323551177978516,8.021430969238281,17.86985969543457,79.09711456298828,17.942922592163086,29.06914710998535,5.365302562713623,27.22640609741211,6.922515869140625,23.228992462158203,37.41157150268555,32.481937408447266,29.748720169067383,4.622117042541504,13.063164710998535,12.328784942626953,20.450244903564453,23.462446212768555
2005-07-15,17.91077995300293,1.2473361492156982,36.261112213134766,29.428327560424805,21.078798294067383,31.013229370117188,26.182893753051758,14.774956703186035,11.654730796813965,31.21295928955078,11.190306663513184,16.471418380737305,42.53165817260742,11.255205154418945,17.625173568725586,12.938720703125,11.124085426330566,25.2685489654541,34.811485290527344,22.114139556884766,30.46601104736328,16.09078598022461,45.72486877441406,48.44745635986328,103.55325317382812,14.1801118850708,20.382705688476562,11.726808547973633,33.325477600097656,31.302366256713867,34.64567184448242,34.855186462402344,29.432374954223633,7.94974946975708,17.984275817871094,79.06068420410156,17.98395347595215,29.025863647460938,5.419498920440674,27.377538681030273,6.92605447769165,23.15486717224121,37.136268615722656,32.68146514892578,29.506694793701172,4.623505115509033,13.30802059173584,12.313007354736328,20.447053909301758,23.577369689941406
2005-07-18,17.744112014770508,1.2455344200134277,36.021331787109375,29.423261642456055,20.873065948486328,31.08152961730957,26.03968048095703,14.761062622070312,11.614151000976562,30.756996154785156,11.060415267944336,16.4306697845459,42.237369537353516,11.142974853515625,17.573993682861328,12.78259563446045,11.066523551940918,25.778657913208008,34.38701248168945,22.216943740844727,30.55618667602539,16.06894302368164,45.717796325683594,48.35829162597656,102.59146881103516,14.040939331054688,20.536108016967773,11.675694465637207,33.42852783203125,31.37971305847168,34.48856735229492,34.36243438720703,28.85627555847168,7.963737487792969,17.73255157470703,78.87117767333984,18.085174560546875,28.89598846435547,5.385011672973633,27.26128387451172,6.950830936431885,23.096338272094727,37.04098892211914,32.22958755493164,29.634830474853516,4.572170734405518,13.130499839782715,12.228870391845703,20.338720321655273,23.634841918945312
2005-07-19,18.167734146118164,1.2965692281723022,36.255531311035156,29.742015838623047,20.69672203063965,31.22947883605957,26.47398567199707,14.793472290039062,11.722365379333496,31.26361846923828,11.11318588256836,16.710052490234375,43.213157653808594,11.175039291381836,17.545549392700195,13.120868682861328,11.015608787536621,26.234107971191406,34.27627182006836,22.73700523376465,32.10746383666992,16.0533390045166,45.8237419128418,48.372005462646484,102.97041320800781,14.022784233093262,20.640287399291992,11.661757469177246,33.04966354370117,31.335519790649414,34.55029296875,34.62178421020508,28.689844131469727,8.147313117980957,17.686779022216797,79.94966888427734,18.39977264404297,28.955514907836914,5.34066915512085,27.203153610229492,6.904819965362549,23.630844116210938,37.136268615722656,32.15917205810547,29.64432144165039,4.527080535888672,13.30802059173584,12.228870391845703,20.60956573486328,24.165536880493164
2005-07-20,18.188573837280273,1.3097774982452393,36.22207260131836,29.853342056274414,20.667327880859375,31.46968650817871,26.61258316040039,14.747169494628906,11.722365379333496,30.73447036743164,10.983301162719727,15.970870018005371,43.677818298339844,11.2471923828125,17.573993682861328,13.088335037231445,11.068741798400879,26.68956756591797,34.45623016357422,23.42031478881836,32.137664794921875,16.0533390045166,46.66407775878906,55.67719650268555,102.8829574584961,14.174054145812988,20.633607864379883,11.736098289489746,32.79507064819336,31.633834838867188,34.64567184448242,34.95244216918945,28.715465545654297,8.147313117980957,17.79547882080078,79.86952209472656,18.284879684448242,29.08538246154785,5.385011672973633,27.44147491455078,6.911901473999023,23.62302589416504,38.54973602294922,32.53474426269531,29.948009490966797,4.596450328826904,13.405970573425293,12.171021461486816,20.953693389892578,24.216236114501953
2005-07-21,18.36219596862793,1.2995699644088745,35.67561340332031,29.291704177856445,20.808393478393555,31.532609939575195,26.32151222229004,14.529544830322266,11.890097618103027,30.779504776000977,10.79253101348877,15.73223876953125,43.57456588745117,10.998678207397461,17.5057373046875,12.724047660827637,10.933701515197754,26.325191497802734,34.3962287902832,23.30543327331543,31.59398078918457,16.184425354003906,46.402801513671875,56.21221160888672,102.00856018066406,14.05606460571289,20.24630355834961,11.606002807617188,31.446279525756836,31.07586669921875,34.589561462402344,35.22473907470703,28.549020767211914,8.07213020324707,17.67247772216797,78.87852478027344,18.175445556640625,28.88517189025879,5.2421345710754395,27.424041748046875,6.834038734436035,23.420162200927734,38.295631408691406,33.04531478881836,29.824647903442383,4.564538955688477,13.191719055175781,12.231498718261719,20.526718139648438,24.1013126373291
2005-07-22,17.834392547607422,1.3208856582641602,35.86520767211914,30.106346130371094,20.925973892211914,31.452533721923828,26.70036506652832,14.418426513671875,11.911742210388184,30.863943099975586,10.756000518798828,15.569268226623535,43.59522247314453,11.062808990478516,17.59673500061035,12.567924499511719,10.966901779174805,26.398069381713867,34.470054626464844,23.099815368652344,31.66042709350586,16.316265106201172,46.748809814453125,55.77322769165039,102.21257019042969,13.929001808166504,20.31308364868164,11.592072486877441,31.494766235351562,30.385271072387695,34.785926818847656,35.380348205566406,28.709043502807617,7.7749128341674805,17.66389274597168,79.70382690429688,18.257516860961914,29.22066307067871,5.281547546386719,27.13339614868164,6.901278018951416,23.89613914489746,38.602691650390625,33.021846771240234,30.550701141357422,4.614485263824463,13.461065292358398,12.268309593200684,20.89634132385254,24.118209838867188
2005-07-25,17.841331481933594,1.315181016921997,35.31875991821289,30.32897186279297,20.8319149017334,31.423938751220703,26.968353271484375,14.2332181930542,11.80893325805664,30.717575073242188,10.723532676696777,15.435404777526855,43.4713020324707,11.054791450500488,17.414737701416016,12.262187957763672,10.946983337402344,26.149091720581055,34.220909118652344,22.870031356811523,31.322128295898438,16.278594970703125,46.642887115478516,55.608604431152344,101.33821105957031,13.762603759765625,20.032630920410156,11.517732620239258,31.531145095825195,30.247167587280273,35.07207489013672,35.37385559082031,28.587425231933594,7.491679668426514,17.689640045166016,79.1122055053711,18.191865921020508,29.199031829833984,5.227353572845459,26.953216552734375,6.918976783752441,24.27846908569336,38.48621368408203,33.1978874206543,30.194787979125977,4.595061302185059,13.467185974121094,12.328784942626953,20.663726806640625,23.90524673461914
2005-07-26,17.737150192260742,1.3097774982452393,34.94516372680664,30.15693473815918,20.790775299072266,31.521175384521484,26.72809410095215,14.210066795349121,11.819759368896484,30.66129493713379,10.650474548339844,15.650757789611816,43.429996490478516,11.054791450500488,17.266868591308594,12.39879322052002,10.964693069458008,26.531654357910156,34.040977478027344,23.003067016601562,31.304006576538086,16.244064331054688,46.8547477722168,56.342559814453125,101.13420867919922,13.838234901428223,20.286375045776367,11.503790855407715,31.458391189575195,30.031709671020508,35.90245056152344,35.19233322143555,28.50421905517578,7.687497138977051,17.735403060913086,78.67401885986328,18.131675720214844,29.06374168395996,5.350523471832275,27.069469451904297,7.025148391723633,24.083391189575195,38.86737823486328,33.338741302490234,29.91481590270996,4.605467319488525,13.381481170654297,12.318259239196777,20.485305786132812,23.834270477294922
2005-07-27,17.862167358398438,1.3205845355987549,35.987884521484375,30.15693473815918,20.779008865356445,31.66988182067871,26.94987678527832,14.455461502075195,11.906330108642578,30.818904876708984,10.837182998657227,15.749701499938965,43.300899505615234,11.094876289367676,17.107624053955078,12.476855278015137,11.024463653564453,26.325191497802734,33.98100280761719,22.99098014831543,31.88997459411621,16.32254409790039,47.101890563964844,55.75265884399414,101.4256820678711,13.992541313171387,20.33978843688965,11.661757469177246,31.37050437927246,30.335540771484375,35.94171142578125,35.626739501953125,28.26097297668457,7.942756175994873,17.67818832397461,79.71842956542969,18.112531661987305,28.955514907836914,5.360378265380859,27.203153610229492,7.01807165145874,24.412771224975586,38.75089645385742,33.2741813659668,30.095134735107422,4.6165666580200195,13.467185974121094,12.336664199829102,20.85491371154785,24.537372589111328
2005-07-28,17.88300323486328,1.3148809671401978,36.09382629394531,30.359331130981445,20.843677520751953,31.92727279663086,27.231693267822266,14.487878799438477,12.009137153625488,30.92024040222168,10.86559009552002,15.912673950195312,43.26478576660156,11.102892875671387,17.221372604370117,12.554917335510254,11.028895378112793,26.6409854888916,34.465450286865234,23.57754135131836,32.89277267456055,16.730613708496094,46.60758590698242,55.560577392578125,101.6588134765625,14.164978981018066,20.546804428100586,11.694283485412598,32.34647750854492,30.628360748291016,35.40312576293945,35.9638671875,28.171358108520508,7.895549297332764,17.718244552612305,80.09817504882812,18.298559188842773,28.987985610961914,5.370232105255127,27.900657653808594,7.046381950378418,24.84016227722168,39.03147888183594,32.969024658203125,30.356109619140625,4.65541410446167,13.681431770324707,12.499687194824219,21.09389305114746,24.81793975830078
2005-07-29,17.78577423095703,1.280358076095581,35.66447067260742,29.72686004638672,20.65557098388672,31.818599700927734,26.802017211914062,14.381386756896973,11.838698387145996,30.695068359375,10.756000518798828,15.796256065368652,43.089237213134766,10.878433227539062,17.727542877197266,12.457343101501465,10.92484188079834,26.422361373901367,34.603851318359375,23.752906799316406,32.566566467285156,16.61760139465332,46.614654541015625,54.716896057128906,100.55133056640625,14.107498168945312,20.720417022705078,11.606002807617188,32.35556411743164,31.114521026611328,35.01036834716797,35.65913391113281,27.908899307250977,7.834360122680664,17.546613693237305,78.49871826171875,18.15083122253418,28.706600189208984,5.340395450592041,27.819292068481445,7.025148391723633,24.542171478271484,38.62914276123047,32.540626525878906,30.2564697265625,4.6450090408325195,14.042593955993652,12.462871551513672,20.721078872680664,24.855119705200195
2005-08-01,18.00106430053711,1.2833601236343384,35.965576171875,29.96973419189453,20.74962043762207,31.64130401611328,26.99606704711914,14.205437660217285,11.868453979492188,30.740123748779297,10.81282901763916,15.778802871704102,43.073760986328125,10.838348388671875,17.73323631286621,12.528897285461426,10.964693069458008,26.027629852294922,34.742279052734375,23.450546264648438,32.63300323486328,16.652128219604492,46.43103790283203,55.99273681640625,99.8226547241211,14.225489616394043,20.700376510620117,11.633886337280273,32.62532424926758,31.318925857543945,35.038394927978516,35.548919677734375,27.94731903076172,8.021430969238281,17.603822708129883,78.23580169677734,18.298559188842773,28.592954635620117,5.395092964172363,27.871604919433594,7.042843818664551,24.702926635742188,38.66090774536133,32.55824661254883,30.180545806884766,4.607548236846924,13.25905704498291,12.439208030700684,20.73702049255371,24.74357032775879
2005-08-02,18.619157791137695,1.2965692281723022,36.038063049316406,30.263195037841797,20.896574020385742,31.664186477661133,27.518157958984375,14.210066795349121,11.979373931884766,30.86958122253418,10.934590339660645,16.04070472717285,43.011802673339844,10.886444091796875,17.903850555419922,12.678515434265137,11.024463653564453,25.75436019897461,34.54849624633789,23.740808486938477,32.8988151550293,16.61760139465332,46.84062576293945,56.67866134643555,99.8226547241211,14.304154396057129,20.86731719970703,11.615296363830566,32.85566711425781,30.943260192871094,35.33015441894531,35.91846466064453,28.126537322998047,7.960239887237549,17.655309677124023,79.98863220214844,18.446277618408203,29.015045166015625,5.410012722015381,27.883230209350586,7.000378608703613,25.244054794311523,38.86737823486328,32.44674301147461,30.180545806884766,4.644315242767334,13.424330711364746,12.449723243713379,20.99510955810547,24.638769149780273
2005-08-03,18.924732208251953,1.2974693775177002,36.1718864440918,29.853342056274414,20.931846618652344,31.458261489868164,27.88315200805664,14.270254135131836,12.084881782531738,30.785139083862305,10.930537223815918,16.134113311767578,43.399017333984375,10.726115226745605,17.98348045349121,12.711037635803223,10.99789810180664,25.64504623413086,34.23012924194336,23.541250228881836,32.85651397705078,16.67409896850586,47.06660461425781,57.61837387084961,99.70613098144531,14.319283485412598,20.546804428100586,11.661757469177246,35.02888488769531,30.35211944580078,35.31894302368164,35.9703369140625,28.024120330810547,7.93051815032959,17.66973304748535,80.97461700439453,18.525604248046875,29.447946548461914,5.345367908477783,27.99367332458496,7.057000637054443,25.055828094482422,39.243228912353516,32.59931945800781,29.95751953125,4.682466983795166,13.320273399353027,12.420799255371094,21.157623291015625,24.486671447753906
2005-08-04,18.973342895507812,1.2821592092514038,35.77040481567383,29.61048126220703,20.843677520751953,30.9835262298584,27.910879135131836,14.048008918762207,12.001016616821289,30.790746688842773,10.796586990356445,15.766362190246582,42.913726806640625,10.661982536315918,17.744609832763672,12.639486312866211,10.911561012268066,25.068157196044922,33.84258270263672,23.347761154174805,32.63300323486328,16.441829681396484,46.79826736450195,56.71294021606445,99.12318420410156,14.228517532348633,20.045976638793945,11.62923526763916,34.3620719909668,29.777576446533203,35.24599838256836,36.210227966308594,27.979324340820312,7.731207847595215,17.586071014404297,79.79147338867188,18.14809799194336,28.950115203857422,5.2906718254089355,27.74373435974121,6.904819965362549,25.165613174438477,39.03147888183594,32.72254943847656,29.696521759033203,4.68593692779541,13.038681030273438,12.334039688110352,20.740209579467773,24.141874313354492
2005-08-05,19.278921127319336,1.2905646562576294,35.430267333984375,29.392898559570312,20.72024154663086,30.9434871673584,27.8785343170166,14.196172714233398,11.919861793518066,30.61626434326172,10.654531478881836,15.626274108886719,43.0376091003418,10.645952224731445,17.80147933959961,12.554917335510254,10.918204307556152,24.86774253845215,33.67646789550781,23.269149780273438,32.38532638549805,16.517160415649414,46.74176788330078,56.17106246948242,98.54029083251953,14.065144538879395,19.985881805419922,11.545608520507812,33.722530364990234,29.528966903686523,35.25162124633789,36.18431091308594,27.684856414794922,7.453214645385742,17.415870666503906,80.12010192871094,17.874528884887695,28.49013328552246,5.151444435119629,27.48797035217285,6.8552727699279785,24.997020721435547,38.877952575683594,32.52300262451172,29.549421310424805,4.60130500793457,12.720364570617676,12.281450271606445,20.600000381469727,24.1993408203125
2005-08-08,18.841384887695312,1.280358076095581,35.374507904052734,29.777433395385742,20.567413330078125,31.029279708862305,28.303598403930664,14.098944664001465,11.814348220825195,30.34046173095703,10.638297080993652,15.591241836547852,43.141117095947266,10.65396499633789,18.27922248840332,12.52238941192627,10.880569458007812,24.649120330810547,33.37657165527344,23.238908767700195,32.42763137817383,16.504602432250977,46.60053634643555,55.149024963378906,98.39452362060547,14.03186321258545,19.71211051940918,11.517732620239258,33.17393112182617,29.335615158081055,35.459197998046875,36.11299514770508,27.48642921447754,7.362304210662842,17.41298484802246,80.27348327636719,17.88547134399414,28.19253158569336,5.156415939331055,27.482162475585938,6.918976783752441,25.475391387939453,38.67150115966797,32.435001373291016,29.468734741210938,4.58881950378418,12.659146308898926,12.320891380310059,20.677040100097656,24.141874313354492
2005-08-09,18.994169235229492,1.315481424331665,35.697914123535156,30.086109161376953,20.59090805053711,30.851961135864258,28.285112380981445,14.344338417053223,11.93067741394043,30.53746223449707,10.837182998657227,15.702149391174316,43.213584899902344,10.710081100463867,18.449840545654297,12.756579399108887,10.89606761932373,25.116724014282227,33.21971130371094,23.504976272583008,32.8263053894043,16.52029800415039,47.405555725097656,54.98441696166992,99.50204467773438,14.098423957824707,19.90575408935547,11.666404724121094,33.28001403808594,29.744421005249023,35.21231460571289,36.04166793823242,27.460830688476562,7.461957931518555,17.43606185913086,81.42015838623047,17.975749969482422,28.452281951904297,5.191224098205566,28.03436279296875,7.0039167404174805,25.334213256835938,38.729736328125,32.393917083740234,29.58262825012207,4.60616397857666,12.585691452026367,12.436578750610352,20.766902923583984,24.209482192993164
2005-08-10,18.71637535095215,1.302272915840149,35.60313415527344,30.457277297973633,20.455718994140625,30.720420837402344,28.867273330688477,14.432316780090332,11.876568794250488,30.61064338684082,10.788124084472656,15.690483093261719,42.447635650634766,10.702062606811523,18.597719192504883,11.871870994567871,10.811945915222168,25.298908233642578,33.21971130371094,23.22681427001953,33.22502899169922,16.557964324951172,46.753456115722656,54.517982482910156,98.74430084228516,14.098423957824707,19.932462692260742,11.6524658203125,34.101402282714844,29.777576446533203,35.1450080871582,36.631649017333984,27.364803314208984,7.2643938064575195,17.398563385009766,81.82183837890625,18.024993896484375,28.749895095825195,5.171331882476807,28.01691436767578,6.97206449508667,25.738107681274414,38.676795959472656,32.22958755493164,29.492473602294922,4.642928600311279,12.891770362854004,12.481280326843262,20.725189208984375,24.135120391845703
2005-08-11,18.938610076904297,1.3208856582641602,35.85963821411133,30.99117088317871,20.461597442626953,30.691816329956055,28.876510620117188,14.395276069641113,11.933381080627441,30.796396255493164,10.808565139770508,15.655454635620117,42.77885437011719,10.71810245513916,19.729496002197266,11.748279571533203,10.836298942565918,25.20174789428711,33.38578414916992,23.486833572387695,33.527069091796875,16.54227066040039,47.710350036621094,55.45085525512695,100.5804672241211,14.152883529663086,19.73213768005371,11.666404724121094,34.465126037597656,29.84433937072754,35.408714294433594,36.8261604309082,27.390419006347656,7.454964637756348,17.441835403442383,83.36289978027344,18.131675720214844,29.22066307067871,5.151444435119629,28.09830093383789,6.97206449508667,26.036115646362305,38.7614860534668,32.264808654785156,29.895832061767578,4.679692268371582,12.92237377166748,12.531235694885254,21.058992385864258,24.638769149780273
2005-08-12,18.785825729370117,1.3839277029037476,35.441429138183594,31.042015075683594,20.167694091796875,30.62890625,28.774864196777344,14.145248413085938,11.789997100830078,30.740123748779297,10.694100379943848,15.357758522033691,42.53561782836914,10.661982536315918,18.9105224609375,11.579145431518555,10.78095531463623,25.068157196044922,33.19200897216797,23.154245376586914,33.10419464111328,16.573657989501953,47.16455841064453,55.162750244140625,99.8226547241211,14.080272674560547,19.71211051940918,11.615296363830566,34.377220153808594,29.716386795043945,35.038394927978516,36.741878509521484,27.326398849487305,7.41475248336792,17.3581600189209,83.00501251220703,17.953868865966797,28.598377227783203,5.042048931121826,27.865787506103516,6.841116905212402,26.122365951538086,38.676795959472656,32.388057708740234,29.948009490966797,4.636684417724609,12.87339973449707,12.541752815246582,20.728397369384766,24.540754318237305
2005-08-15,18.897274017333984,1.4313592910766602,35.3243293762207,30.721691131591797,20.3675479888916,30.989238739013672,28.705568313598633,14.196172714233398,11.779179573059082,30.93149185180664,10.710451126098633,15.486175537109375,42.69605255126953,10.65396499633789,19.109577178955078,11.520599365234375,10.8695068359375,25.2685489654541,33.302757263183594,23.504976272583008,33.38209533691406,16.564247131347656,47.81666946411133,55.27934646606445,99.70613098144531,14.134725570678711,19.9725284576416,11.550251007080078,34.44996643066406,29.51606559753418,35.1338005065918,36.65110778808594,27.64005470275879,7.496926307678223,17.52260971069336,83.75,17.926513671875,29.004213333129883,5.04702091217041,28.075056076049805,6.89774227142334,25.8165340423584,38.645023345947266,32.716670989990234,30.28020477294922,4.649169445037842,12.861153602600098,12.544374465942383,20.799009323120117,24.611724853515625
2005-08-16,18.625627517700195,1.3884308338165283,35.13473129272461,30.035249710083008,20.326412200927734,30.64607048034668,28.155752182006836,14.029483795166016,11.71424388885498,30.84142303466797,10.649133682250977,15.17680549621582,42.07501220703125,10.661982536315918,18.86501693725586,11.46855640411377,10.530797958374023,24.69770622253418,33.062835693359375,22.99701690673828,32.43367385864258,16.441829681396484,46.973175048828125,54.53853225708008,98.74430084228516,13.92294979095459,19.318124771118164,11.527018547058105,34.13777160644531,29.33803367614746,35.088905334472656,36.346397399902344,27.985719680786133,7.297614097595215,17.297588348388672,81.8583755493164,17.50796127319336,28.65789222717285,5.002270698547363,27.546096801757812,6.869429588317871,25.12640380859375,38.18976974487305,32.81056594848633,29.990726470947266,4.673450946807861,12.646903991699219,12.468134880065918,20.3785343170166,21.846670150756836
2005-08-17,18.771900177001953,1.4154486656188965,35.407981872558594,29.582714080810547,20.25586700439453,30.55453872680664,27.760099411010742,14.149874687194824,11.716955184936523,30.80765724182129,10.694100379943848,15.229336738586426,42.07501220703125,10.613884925842285,19.26313591003418,11.605165481567383,10.461954116821289,24.66734504699707,33.30417251586914,23.3958797454834,32.29472351074219,16.291152954101562,47.50479507446289,54.18872833251953,99.38545989990234,13.944128036499023,19.49173927307129,11.58277416229248,34.113529205322266,29.365842819213867,35.2965087890625,36.32693099975586,27.99211883544922,7.33258056640625,17.312015533447266,81.1645278930664,17.576353073120117,28.598377227783203,4.937629222869873,27.694520950317383,6.936671733856201,24.19318389892578,38.279762268066406,32.62278747558594,29.791423797607422,4.7074408531188965,12.772913932800293,12.504936218261719,20.3785343170166,21.8128719329834
2005-08-18,18.681350708007812,1.3899312019348145,35.826175689697266,29.547138214111328,20.373424530029297,30.989238739013672,27.685626983642578,14.080424308776855,11.776469230651855,30.723217010498047,10.57964038848877,15.106754302978516,41.99738693237305,10.493639945983887,18.990148544311523,11.488072395324707,10.490823745727539,24.715930938720703,33.37841033935547,23.189157485961914,32.107452392578125,16.557964324951172,47.22836685180664,54.579708099365234,99.06488800048828,13.92294979095459,19.431650161743164,11.559545516967773,34.00440979003906,29.221208572387695,35.150630950927734,36.38529586791992,28.036930084228516,7.456713676452637,17.40721893310547,80.96002197265625,17.50248908996582,28.300745010375977,4.853097438812256,27.583934783935547,6.97206449508667,24.15398597717285,38.17339324951172,32.70494842529297,30.07614517211914,4.882946968078613,12.8651123046875,12.549646377563477,20.262977600097656,21.71146583557129
2005-08-19,18.611696243286133,1.3758227825164795,35.62999725341797,29.908140182495117,20.302888870239258,31.19515609741211,27.89043426513672,12.992324829101562,12.009137153625488,30.925865173339844,10.444737434387207,14.972500801086426,42.830604553222656,10.477607727050781,18.984455108642578,11.59215259552002,10.344254493713379,24.515531539916992,33.44805145263672,23.237794876098633,33.11629104614258,16.360219955444336,47.59694290161133,54.64143753051758,98.94831085205078,13.865469932556152,19.26471519470215,11.466621398925781,34.21658706665039,29.24900245666504,35.044029235839844,36.37233352661133,27.92171287536621,7.430490016937256,17.49086570739746,81.26679229736328,17.48881721496582,28.160058975219727,4.853097438812256,27.304534912109375,6.97206449508667,24.730377197265625,38.013851165771484,32.68733215332031,29.98124885559082,4.853810787200928,12.908138275146484,12.575932502746582,20.577539443969727,21.9548397064209
2005-08-22,18.744035720825195,1.3770222663879395,35.59077453613281,30.035249710083008,20.285253524780273,31.549774169921875,28.0859317779541,12.913614273071289,11.976667404174805,30.98777198791504,10.3670654296875,15.211831092834473,42.7477912902832,10.493639945983887,18.933269500732422,11.507591247558594,10.364239692687988,24.612695693969727,33.37841033935547,23.353313446044922,33.11024475097656,16.451236724853516,48.05059814453125,54.31903839111328,99.00657653808594,13.904797554016113,19.037668228149414,11.494499206542969,34.292354583740234,29.326906204223633,35.375057220458984,36.48902130126953,27.9985294342041,7.343071937561035,17.502408981323242,81.58081817626953,17.5927677154541,28.295339584350586,4.853097438812256,27.234699249267578,7.039304733276367,24.7852725982666,38.476524353027344,33.05117416381836,29.568395614624023,4.8336920738220215,13.46135139465332,12.57856559753418,20.54864501953125,21.86695671081543
2005-08-23,18.716182708740234,1.373119831085205,35.1760139465332,29.999658584594727,20.191205978393555,31.687034606933594,27.960254669189453,12.770071983337402,11.955026626586914,30.908992767333984,10.25668716430664,15.013357162475586,42.45280456542969,10.501653671264648,18.79109001159668,11.553122520446777,10.2909574508667,24.679487228393555,32.946807861328125,23.243867874145508,33.03776168823242,16.63958168029785,47.79540252685547,54.06526184082031,99.00657653808594,13.826138496398926,19.091093063354492,11.3458251953125,34.28022766113281,29.888853073120117,35.375057220458984,36.30747985839844,27.742477416992188,7.313349723815918,17.32355308532715,81.65382385253906,17.43956184387207,28.354862213134766,4.872988700866699,27.403488159179688,7.08885383605957,24.589221954345703,38.34889602661133,32.969024658203125,29.421283721923828,4.835082054138184,13.719515800476074,12.520715713500977,20.429889678955078,21.660764694213867
2005-08-24,18.67438507080078,1.3740209341049194,34.89017105102539,29.938640594482422,19.89729881286621,31.240921020507812,27.848546981811523,12.885832786560059,11.857634544372559,30.576881408691406,10.244427680969238,14.90245246887207,42.08536148071289,10.381404876708984,18.756961822509766,11.397003173828125,10.115518569946289,24.230112075805664,33.09996795654297,23.061466217041016,32.14369583129883,16.526582717895508,47.582767486572266,54.0103759765625,97.75332641601562,13.590149879455566,19.191251754760742,11.271482467651367,34.20748519897461,29.70524024963379,34.948638916015625,35.94443130493164,27.467222213745117,7.190964221954346,17.15911293029785,80.3319091796875,17.527109146118164,27.88408851623535,4.9326558113098145,26.94366455078125,7.035768032073975,24.78919219970703,38.2637825012207,32.6990852355957,29.07960319519043,4.828840732574463,13.571991920471191,12.494422912597656,20.282249450683594,21.40723991394043
2005-08-25,18.827627182006836,1.382726788520813,35.047088623046875,30.09117889404297,20.056011199951172,31.458261489868164,27.853200912475586,12.858052253723145,11.852218627929688,30.68380355834961,10.166757583618164,14.861589431762695,41.971527099609375,10.397438049316406,18.938961029052734,11.370981216430664,10.057780265808105,24.400142669677734,33.09067153930664,23.116195678710938,32.25847244262695,16.470081329345703,47.63947677612305,54.586578369140625,97.63675689697266,13.647635459899902,19.57187843322754,11.206436157226562,34.292354583740234,29.766437530517578,34.81398391723633,36.13242721557617,27.569637298583984,7.166487693786621,17.185075759887695,80.70443725585938,17.60917854309082,27.932790756225586,4.882930278778076,27.06589126586914,6.97206449508667,24.71862030029297,38.24253463745117,32.840572357177734,29.388072967529297,4.8496503829956055,13.793272972106934,12.36558723449707,20.14422607421875,21.57963752746582
2005-08-26,18.78582763671875,1.373119831085205,34.71641540527344,29.69965362548828,19.779741287231445,31.435392379760742,27.639081954956055,12.807120323181152,11.787294387817383,30.571245193481445,10.174927711486816,14.83240795135498,41.59890365600586,10.341320991516113,19.04132843017578,11.318937301635742,10.148829460144043,24.175466537475586,32.946807861328125,23.116195678710938,32.31284713745117,16.37590789794922,47.00154495239258,53.969207763671875,97.28704071044922,13.532666206359863,19.351526260375977,11.136750221252441,34.189308166503906,29.716386795043945,34.651268005371094,35.665618896484375,27.422407150268555,7.176977634429932,16.96006202697754,80.15664672851562,17.55446434020996,27.90031623840332,4.858068943023682,26.85634422302246,6.8835835456848145,24.26376724243164,37.93407440185547,32.75215148925781,29.388072967529297,4.81981897354126,13.811716079711914,12.331412315368652,20.038307189941406,21.576248168945312
2005-08-29,18.911205291748047,1.376121997833252,35.31611633300781,29.704740524291992,19.93256950378418,31.824323654174805,27.69959831237793,13.020108222961426,11.90362548828125,30.852685928344727,10.260775566101074,15.019192695617676,42.09571838378906,10.485620498657227,18.86501693725586,11.475062370300293,10.137725830078125,24.618759155273438,32.988582611083984,23.158754348754883,32.43968963623047,16.586214065551758,47.9017333984375,54.93638229370117,97.9281997680664,13.653688430786133,19.518455505371094,11.220373153686523,34.331756591796875,30.0668888092041,35.16184616088867,36.2361946105957,27.755273818969727,7.343071937561035,17.101417541503906,80.44879913330078,17.50796127319336,27.716339111328125,4.858068943023682,26.97275733947754,6.975600242614746,24.730377197265625,37.86493682861328,32.99977111816406,29.459259033203125,4.826062202453613,13.793272972106934,12.368220329284668,20.198793411254883,21.63372230529785
2005-08-30,18.93210220336914,1.3980367183685303,35.31052017211914,29.80135726928711,19.738588333129883,31.687034606933594,28.179019927978516,13.0988187789917,11.738593101501465,30.847061157226562,10.277132034301758,14.925803184509277,41.68169021606445,10.445534706115723,18.427099227905273,11.390496253967285,10.035572052001953,24.198701858520508,32.94215774536133,23.18306541442871,32.48804473876953,16.451236724853516,47.30633544921875,54.98441696166992,96.87898254394531,13.502416610717773,19.3648738861084,11.178563117980957,34.72577667236328,30.083574295043945,35.07171630859375,35.78879928588867,27.588848114013672,7.2101969718933105,16.96006202697754,80.22236633300781,17.166006088256836,27.613527297973633,4.8481245040893555,26.571144104003906,6.904819965362549,25.25580596923828,37.45013427734375,32.95260238647461,29.38332176208496,4.848958969116211,13.731813430786133,12.199941635131836,20.083240509033203,21.8128719329834
2005-08-31,19.0714111328125,1.40764319896698,35.52912521362305,30.457277297973633,19.92081069946289,31.732820510864258,28.57931900024414,13.249001502990723,11.90362548828125,30.875200271606445,10.416126251220703,15.013357162475586,41.72309875488281,10.413471221923828,18.45553207397461,11.462052345275879,9.98449420928955,24.545713424682617,33.02106857299805,23.274261474609375,33.52103805541992,16.479490280151367,47.50479507446289,54.806053161621094,97.95740509033203,13.653688430786133,19.611940383911133,11.36905288696289,34.9531135559082,30.612154006958008,35.060447692871094,35.81475067138672,27.867332458496094,7.517906188964844,17.199506759643555,81.20101928710938,17.234403610229492,27.526952743530273,4.957518577575684,26.96693992614746,6.9862213134765625,25.85572624206543,37.70008850097656,33.070526123046875,29.573137283325195,4.904452323913574,13.836299896240234,12.126317977905273,20.214841842651367,22.100196838378906
2005-09-01,18.9460391998291,1.3887306451797485,35.38340377807617,31.36237144470215,20.020750045776367,31.89295768737793,29.189071655273438,13.333478927612305,11.871158599853516,30.93149185180664,10.342535972595215,14.744850158691406,41.1641731262207,10.669999122619629,17.94366455078125,11.481563568115234,9.993377685546875,24.72224998474121,32.886470794677734,23.286426544189453,34.39695739746094,16.523435592651367,46.77470397949219,54.92266845703125,96.58757781982422,13.656712532043457,19.46503257751465,11.341177940368652,34.989471435546875,30.32838249206543,34.82384490966797,35.8536376953125,27.912660598754883,7.512659072875977,17.231231689453125,82.6179428100586,17.308271408081055,27.81374168395996,4.838179588317871,26.62933921813965,7.010993480682373,27.05559730529785,37.040618896484375,33.04103469848633,29.516197204589844,4.859360694885254,14.432537078857422,12.11581039428711,20.185955047607422,21.93455696105957
2005-09-02,18.820663452148438,1.3875296115875244,35.25448226928711,30.853897094726562,20.050142288208008,32.02452087402344,28.998233795166016,13.530598640441895,11.876568794250488,30.762605667114258,10.354801177978516,14.756519317626953,41.12275314331055,10.734129905700684,18.142724990844727,11.527105331420898,9.89344310760498,24.55179214477539,33.18349075317383,23.085783004760742,35.18830490112305,16.47635269165039,45.605167388916016,55.10103988647461,97.14128875732422,13.57805061340332,19.344839096069336,11.364408493041992,35.037960052490234,30.461933135986328,34.68866729736328,35.89253616333008,27.78960609436035,7.446222305297852,17.104297637939453,82.68363952636719,17.217985153198242,27.505294799804688,4.9028215408325195,26.26848030090332,7.046381950378418,26.18117332458496,36.684322357177734,33.548095703125,29.40704917907715,4.860055446624756,14.573905944824219,12.134210586547852,20.192373275756836,21.98863410949707
2005-09-06,18.806724548339844,1.4649813175201416,35.753318786621094,31.04710578918457,20.320518493652344,32.35625457763672,29.016855239868164,13.605688095092773,12.044306755065918,31.06658935546875,10.575551986694336,15.00168228149414,41.930118560791016,10.870410919189453,18.57495880126953,11.83935260772705,10.14660930633545,25.39189338684082,33.740413665771484,23.462751388549805,35.345367431640625,16.796520233154297,46.0942497253418,56.50715637207031,98.91917419433594,13.705117225646973,19.73213768005371,11.592072486877441,35.189517974853516,30.951536178588867,35.00975036621094,36.929901123046875,28.07457160949707,7.5895891189575195,17.378366470336914,83.69156646728516,17.39853858947754,28.100536346435547,4.952545642852783,26.646814346313477,7.120709419250488,26.18903350830078,37.25335693359375,33.630638122558594,29.82938003540039,4.903759956359863,14.604644775390625,12.215720176696777,20.179536819458008,22.330049514770508
2005-09-07,18.70224952697754,1.4613789319992065,36.31940460205078,31.250492095947266,20.508621215820312,32.1789436340332,29.030818939208984,13.727709770202637,12.079477310180664,31.360700607299805,10.751334190368652,14.978337287902832,41.90939712524414,10.750163078308105,19.16644859313965,11.969453811645508,10.184366226196289,25.52583122253418,34.23701095581055,23.426267623901367,35.68368148803711,16.96917152404785,45.71858215332031,56.01329040527344,99.12318420410156,13.82008171081543,19.932462692260742,11.694283485412598,35.071311950683594,31.357707977294922,35.415313720703125,37.19571304321289,28.048660278320312,7.566861152648926,17.329317092895508,83.92530059814453,17.343820571899414,28.16547966003418,5.037076950073242,26.803966522216797,7.06054162979126,26.145898818969727,37.08318328857422,33.801612854003906,29.671669006347656,4.929422855377197,14.260428428649902,12.2393798828125,20.2373046875,22.26244354248047
2005-09-08,18.535076141357422,1.494401216506958,35.927059173583984,31.169143676757812,20.361669540405273,32.11602783203125,28.886518478393555,13.699556350708008,11.979373931884766,31.168394088745117,10.837183952331543,15.229336738586426,41.81625747680664,10.71810245513916,18.97877311706543,11.949941635131836,10.184366226196289,25.069252014160156,33.93534851074219,23.286426544189453,35.23664474487305,16.76199722290039,45.78239059448242,56.445457458496094,98.65682220458984,13.732351303100586,19.431650161743164,11.559545516967773,34.70902633666992,31.40776252746582,35.34773254394531,37.18922805786133,27.867332458496094,7.5406341552734375,17.25142478942871,84.10787200927734,17.245336532592773,28.257471084594727,4.9326558113098145,26.128774642944336,6.996837139129639,26.34978675842285,36.60454559326172,33.99620056152344,29.25105094909668,5.032092571258545,14.248133659362793,12.131589889526367,20.18916130065918,21.877092361450195
2005-09-09,18.514179229736328,1.5403321981430054,36.28017044067383,32.13521957397461,20.46747398376465,32.545005798339844,29.701068878173828,13.755871772766113,11.917154312133789,31.236251831054688,10.763595581054688,14.739015579223633,42.14748001098633,10.645952224731445,19.416702270507812,12.086546897888184,10.191027641296387,25.093585968017578,34.120994567871094,23.602598190307617,35.55681610107422,16.74315643310547,46.35652542114258,57.96822738647461,99.03575134277344,13.7868070602417,19.692075729370117,11.666404724121094,34.92124938964844,31.557992935180664,35.34773254394531,37.72736358642578,27.81551742553711,7.741694450378418,17.257200241088867,84.84549713134766,17.33562660217285,28.419797897338867,4.922708988189697,26.140411376953125,7.103011608123779,27.06342887878418,36.42905044555664,34.1200065612793,29.48048210144043,5.040416240692139,14.260428428649902,12.255157470703125,20.14101219177246,21.81963539123535
2005-09-12,18.535076141357422,1.5430338382720947,36.25214385986328,31.789466857910156,20.320518493652344,32.35054016113281,29.46368980407715,13.68547534942627,11.971256256103516,31.349369049072266,10.767683982849121,14.587246894836426,42.16817092895508,10.814295768737793,19.22332000732422,12.021493911743164,10.191027641296387,25.160568237304688,34.45050811767578,23.596508026123047,35.81657409667969,16.667823791503906,46.17223358154297,57.18625259399414,100.3473129272461,13.68393611907959,20.172855377197266,11.48985481262207,34.772701263427734,31.685962677001953,35.33646774291992,37.98670196533203,27.653600692749023,7.932263374328613,17.25142478942871,86.18206787109375,17.49428367614746,28.65248680114746,4.9326558113098145,26.355775833129883,7.156096458435059,26.334104537963867,36.43437194824219,33.724979400634766,29.595184326171875,5.038333892822266,14.389500617980957,12.37084674835205,20.221254348754883,22.083290100097656
2005-09-13,18.444522857666016,1.5256222486495972,35.899051666259766,31.45895767211914,20.07364845275879,31.767118453979492,29.030818939208984,13.4555082321167,11.886859893798828,31.366329193115234,10.620519638061523,14.534707069396973,41.790374755859375,10.934544563293457,18.836580276489258,11.871870994567871,10.00892448425293,24.716169357299805,34.3437614440918,23.687715530395508,35.88300704956055,16.56110954284668,46.35652542114258,56.77467727661133,99.91008758544922,13.511495590209961,19.932462692260742,11.550251007080078,34.34827423095703,30.890352249145508,35.22380065917969,37.43561553955078,27.627704620361328,7.920026779174805,17.1937313079834,85.5977554321289,17.35476303100586,28.45768928527832,4.882930278778076,26.146230697631836,7.067620754241943,25.957687377929688,36.39182662963867,33.11178970336914,29.327526092529297,4.981517791748047,14.094462394714355,12.310371398925781,19.93560028076172,21.853435516357422
2005-09-14,18.32612419128418,1.4892983436584473,36.039161682128906,31.764053344726562,20.126550674438477,31.46968650817871,29.114599227905273,13.469587326049805,11.848737716674805,31.304121017456055,10.640954971313477,14.295376777648926,41.650638580322266,10.774215698242188,18.404342651367188,11.605165481567383,9.926753997802734,24.557876586914062,34.21381378173828,23.578264236450195,35.21852111816406,16.49518394470215,45.49177551269531,56.50030517578125,99.23975372314453,13.266432762145996,19.298097610473633,11.494499206542969,34.74541473388672,30.851394653320312,35.032291412353516,36.9363899230957,27.614768981933594,7.890307426452637,17.07545280456543,84.64836120605469,17.226192474365234,28.39274787902832,4.952545642852783,26.024009704589844,7.25873327255249,26.459583282470703,36.32270812988281,33.017459869384766,29.0742130279541,5.024309158325195,14.051435470581055,12.176280975341797,19.868188858032227,21.457942962646484
2005-09-15,18.298254013061523,1.4971027374267578,36.07839584350586,31.758956909179688,20.0618896484375,31.7442626953125,29.068058013916016,13.497746467590332,11.878691673278809,31.496421813964844,10.506057739257812,14.330409049987793,41.40742111206055,10.71810245513916,19.024267196655273,11.72876262664795,9.842365264892578,24.557876586914062,34.02354431152344,23.468828201293945,34.880218505859375,16.6332950592041,46.12969970703125,57.330291748046875,100.2015380859375,13.221056938171387,19.424972534179688,11.429454803466797,34.53622817993164,30.550939559936523,35.1336784362793,37.31890106201172,27.673051834106445,7.995204448699951,16.90813636779785,84.68486022949219,17.269956588745117,28.13842010498047,4.9028215408325195,25.872665405273438,7.237496852874756,26.483118057250977,36.40776824951172,32.98796081542969,29.43267822265625,5.067795753479004,14.235838890075684,12.097396850585938,19.736589431762695,21.173992156982422
2005-09-16,18.158939361572266,1.5373307466506958,36.53238296508789,32.38947677612305,20.567413330078125,32.00162887573242,29.50092315673828,13.56344985961914,11.816076278686523,31.671743392944336,10.587817192077637,14.482172012329102,41.573028564453125,10.621899604797363,19.473567962646484,11.982463836669922,9.742431640625,24.29002571105957,34.04209899902344,23.88835906982422,34.868160247802734,16.8310489654541,45.93122863769531,58.20829772949219,100.46387481689453,13.233159065246582,19.932462692260742,11.619945526123047,34.89397430419922,30.712291717529297,35.13931655883789,38.55076599121094,28.288280487060547,8.098358154296875,17.300472259521484,86.47420501708984,17.50248908996582,28.13842010498047,4.937629222869873,26.29175567626953,7.272887706756592,27.11440658569336,36.684322357177734,33.20613098144531,29.91063117980957,5.130221843719482,14.223544120788574,12.192054748535156,19.948429107666016,21.14358139038086
2005-09-19,18.110187530517578,1.580259084701538,36.23533630371094,32.862335205078125,20.332284927368164,31.77857780456543,29.933815002441406,13.446120262145996,11.805181503295898,31.349369049072266,10.465179443359375,14.406285285949707,41.10724639892578,10.65396499633789,19.052703857421875,11.81983757019043,9.773521423339844,24.064781188964844,33.64760971069336,23.286426544189453,34.415077209472656,16.579940795898438,45.435054779052734,59.10685348510742,99.23975372314453,13.10306167602539,19.718782424926758,11.475914001464844,34.72419738769531,30.467485427856445,35.03791046142578,38.271976470947266,28.100473403930664,8.070382118225098,17.1937313079834,86.3865737915039,17.395803451538086,28.27370262145996,4.828235149383545,25.9250545501709,7.226879119873047,27.518281936645508,35.769596099853516,32.934913635253906,29.17458152770996,5.1190009117126465,13.928503036499023,12.023778915405273,19.832881927490234,20.822450637817383
2005-09-20,17.99873924255371,1.5967704057693481,36.09522247314453,32.811485290527344,20.297008514404297,32.0531120300293,29.808137893676758,13.225537300109863,11.679940223693848,30.993070602416992,10.383417129516602,14.289546012878418,40.72943115234375,10.742147445678711,18.552215576171875,11.68973159790039,9.59585952758789,23.565582275390625,33.577980041503906,22.836511611938477,34.31843948364258,16.507736206054688,44.974327087402344,58.290611267089844,98.62769317626953,13.036499977111816,19.02431869506836,11.406225204467773,34.151222229003906,30.100269317626953,34.7055549621582,37.9283561706543,27.84789276123047,7.998702526092529,17.08700180053711,86.21862030029297,17.631067276000977,28.354862213134766,4.853097438812256,25.23240089416504,7.191488742828369,27.016387939453125,35.55689239501953,32.88776397705078,29.160255432128906,5.110584259033203,13.762543678283691,11.884430885314941,19.373889923095703,20.62977409362793
2005-09-21,17.754945755004883,1.564347743988037,36.26335525512695,33.035221099853516,19.991350173950195,31.973031997680664,29.91519546508789,13.04719352722168,11.502978324890137,30.551929473876953,10.346625328063965,14.301220893859863,40.139461517333984,10.65396499633789,17.86974334716797,11.611675262451172,9.435967445373535,23.346426010131836,33.56871032714844,22.43523597717285,34.49966812133789,16.30685043334961,44.23716735839844,57.85847854614258,97.7824935913086,13.039532661437988,18.576913833618164,11.29471492767334,33.93899917602539,29.872150421142578,34.114078521728516,36.955841064453125,27.368661880493164,7.867578029632568,16.850427627563477,84.48763275146484,16.971782684326172,28.00313949584961,4.803371429443359,24.9180850982666,7.117166042327881,27.616313934326172,36.120601654052734,32.068206787109375,29.179357528686523,5.024309158325195,13.633452415466309,11.747702598571777,18.979087829589844,20.41682243347168
2005-09-22,17.65045738220215,1.5580439567565918,36.25214385986328,33.04030990600586,20.132417678833008,32.42488479614258,29.68245506286621,12.95333194732666,11.494800567626953,30.62545394897461,10.322096824645996,14.336236953735352,40.475860595703125,10.838348388671875,18.81953239440918,11.780802726745605,9.591423988342285,23.58992576599121,33.786834716796875,22.246755599975586,35.03729248046875,16.313127517700195,44.30804443359375,57.61837387084961,97.69447326660156,13.284586906433105,19.204614639282227,11.229671478271484,34.2360954284668,30.016822814941406,34.03520965576172,36.955841064453125,27.323307037353516,8.005697250366211,16.962953567504883,86.54727172851562,17.243606567382812,28.246633529663086,4.833206653594971,24.935546875,7.177333354949951,27.353595733642578,36.48223114013672,31.749818801879883,29.22715950012207,5.043946266174316,13.80556583404541,12.14472770690918,19.00156593322754,20.612873077392578
2005-09-23,17.601713180541992,1.597070336341858,35.86542510986328,32.45556640625,20.026620864868164,32.4534912109375,29.449739456176758,12.962709426879883,11.530197143554688,30.829042434692383,10.166757583618164,14.231172561645508,40.36716079711914,9.980581283569336,18.56359100341797,11.741775512695312,9.593639373779297,23.45601463317871,33.67082214355469,22.78786849975586,35.59305953979492,16.34765625,44.79713439941406,57.13138198852539,97.98786926269531,13.378371238708496,19.01763916015625,11.243609428405762,34.70902633666992,29.92779541015625,34.52530288696289,36.8910026550293,27.349239349365234,8.047658920288086,17.011987686157227,87.25568389892578,17.268329620361328,28.1059513092041,4.868014812469482,24.74346351623535,7.2127227783203125,26.777196884155273,36.359928131103516,31.68496322631836,29.035982131958008,5.043946266174316,14.00225830078125,12.097396850585938,19.11710548400879,20.4675235748291
2005-09-26,17.601713180541992,1.6162829399108887,35.79816436767578,32.847084045410156,19.93845558166504,32.3676872253418,29.90123176574707,13.06127643585205,11.535642623901367,30.73855972290039,10.297567367553711,14.137771606445312,40.06183624267578,9.940494537353516,18.916208267211914,11.657209396362305,9.573653221130371,23.382944107055664,33.93998718261719,22.648029327392578,35.24269485473633,16.118513107299805,45.839080810546875,56.280818939208984,97.60648345947266,12.906403541564941,18.85070037841797,11.211089134216309,34.72722625732422,29.64961814880371,34.592891693115234,36.955841064453125,27.200265884399414,8.260953903198242,16.91389274597168,87.64276885986328,17.301271438598633,28.0897216796875,4.952545642852783,24.155588150024414,7.22334098815918,27.2045955657959,36.31205749511719,31.667280197143555,28.906932830810547,5.086734294891357,13.959237098693848,12.063218116760254,18.921323776245117,20.579072952270508
2005-09-27,17.65045738220215,1.6042746305465698,35.56275177001953,32.857261657714844,19.91493034362793,32.65938186645508,29.873302459716797,12.882930755615234,11.524752616882324,31.168394088745117,10.138140678405762,13.910123825073242,40.36199951171875,9.884377479553223,18.77402114868164,11.527105331420898,9.571434020996094,23.370784759521484,33.96320724487305,22.854734420776367,35.47223663330078,16.316265106201172,47.171661376953125,54.85408401489258,98.69194030761719,12.92758846282959,19.111129760742188,11.220373153686523,34.83333206176758,29.805395126342773,34.699928283691406,36.76133346557617,27.14847755432129,8.245219230651855,16.899484634399414,87.40174865722656,17.369916915893555,28.3386287689209,4.897850036621094,25.12763023376465,7.226879119873047,27.047748565673828,36.42905044555664,31.643692016601562,28.91170883178711,5.1547722816467285,14.512445449829102,12.220979690551758,18.776884078979492,20.896818161010742
2005-09-28,17.880327224731445,1.5334279537200928,35.42823028564453,32.89792251586914,19.93845558166504,32.85386276245117,30.245681762695312,12.915779113769531,11.671771049499512,31.140119552612305,10.162665367126465,13.980173110961914,41.14348220825195,9.772150039672852,18.825212478637695,11.657209396362305,9.578097343444824,23.042034149169922,33.73115539550781,22.842592239379883,34.76545715332031,16.438690185546875,47.63947677612305,54.75118637084961,98.25189208984375,12.688581466674805,19.010961532592773,11.183212280273438,35.209251403808594,29.7497501373291,34.60417556762695,36.70945739746094,26.94122314453125,8.184027671813965,16.766769409179688,87.71580505371094,17.391887664794922,28.52262306213379,4.947573661804199,24.79585838317871,7.180870056152344,27.25165367126465,36.663047790527344,31.82647705078125,28.89259147644043,5.1533708572387695,14.690691947937012,12.331412315368652,18.597139358520508,20.665803909301758
2005-09-29,18.068391799926758,1.5712530612945557,35.730899810791016,32.94879150390625,20.191205978393555,33.254241943359375,30.613384246826172,12.821920394897461,11.734394073486328,31.954530715942383,10.25668716430664,14.289546012878418,41.588565826416016,9.876362800598145,19.04132843017578,11.61817741394043,9.669149398803711,23.169885635375977,33.96320724487305,22.830429077148438,35.031246185302734,16.498319625854492,47.68910598754883,54.716896057128906,98.72130584716797,12.733960151672363,19.157869338989258,11.169267654418945,35.603355407714844,30.205982208251953,34.33377456665039,37.28649139404297,27.265037536621094,8.304661750793457,17.023530960083008,88.5338363647461,17.773555755615234,29.139495849609375,4.9028215408325195,25.174196243286133,7.2976579666137695,27.80451202392578,37.42354965209961,31.749818801879883,28.601051330566406,5.1659932136535645,14.875101089477539,12.473389625549316,18.77367401123047,20.587661743164062
2005-09-30,17.9221134185791,1.6093785762786865,35.467445373535156,32.30812454223633,19.9443302154541,34.00925064086914,30.129314422607422,12.770291328430176,11.758893966674805,32.07329559326172,10.207633972167969,14.388782501220703,41.516082763671875,9.940494537353516,19.047019958496094,11.657209396362305,9.731328964233398,23.218584060668945,34.04672622680664,22.800029754638672,35.4903564453125,16.57052230834961,48.164005279541016,54.64829635620117,98.77999877929688,12.827746391296387,19.371545791625977,11.178563117980957,35.73069381713867,29.777565002441406,34.38447952270508,37.24111557006836,27.265037536621094,8.524953842163086,16.896595001220703,88.7967529296875,17.930065155029297,29.188207626342773,4.9028215408325195,25.290607452392578,7.287042617797852,27.412410736083984,36.76409912109375,32.04462432861328,28.452869415283203,5.170202732086182,15.157845497131348,12.673215866088867,18.998348236083984,20.79150390625
2005-10-03,17.76190185546875,1.634295105934143,35.075130462646484,31.77421760559082,20.056011199951172,33.92344284057617,29.99897575378418,12.789063453674316,11.7643404006958,31.96018409729004,10.338447570800781,14.35959243774414,41.63512420654297,9.924464225769043,19.26313591003418,11.540114402770996,9.71800422668457,23.20641326904297,33.66152572631836,22.53858757019043,35.64742660522461,16.636430740356445,47.589866638183594,54.61400604248047,97.48910522460938,12.851950645446777,19.104450225830078,11.12745189666748,35.83073425292969,29.44931411743164,34.592891693115234,37.591278076171875,27.232643127441406,8.371099472045898,16.861974716186523,88.8478775024414,17.913585662841797,29.144901275634766,4.917739391326904,25.139263153076172,7.272887706756592,27.0399169921875,36.865150451660156,31.767536163330078,28.2712459564209,5.2017693519592285,15.213166236877441,12.65218448638916,18.67096710205078,20.934188842773438
2005-10-04,17.39969825744629,1.6135812997817993,35.338539123535156,30.78778839111328,19.949140548706055,33.21993637084961,29.24958610534668,12.765597343444824,11.718059539794922,31.97150421142578,10.318012237548828,14.301220893859863,41.45915985107422,9.812233924865723,18.700090408325195,11.494576454162598,9.73798942565918,23.27945899963379,33.18349075317383,22.362266540527344,34.904388427734375,16.645851135253906,48.164005279541016,54.9432487487793,96.37431335449219,13.314842224121094,18.964223861694336,11.085641860961914,36.1672477722168,29.827655792236328,34.0915412902832,36.98392868041992,27.14198112487793,8.266200065612793,16.668684005737305,86.85404205322266,17.751588821411133,28.804000854492188,4.863040924072266,25.692228317260742,7.124240875244141,26.036115646362305,36.349281311035156,31.755727767944336,28.381166458129883,5.2017693519592285,15.366828918457031,12.631146430969238,18.420604705810547,20.648820877075195
2005-10-05,17.183774948120117,1.5844614505767822,34.89017105102539,29.974239349365234,19.86007308959961,32.66511917114258,28.87722396850586,12.620107650756836,11.603707313537598,32.37870407104492,10.138140678405762,14.050222396850586,41.309078216552734,9.756110191345215,18.68301773071289,11.383993148803711,9.660262107849121,22.938552856445312,33.03034210205078,22.27106475830078,33.962013244628906,16.451236724853516,47.52605438232422,53.50962829589844,95.87557983398438,13.093985557556152,18.730506896972656,10.892889976501465,35.18197250366211,29.90554428100586,33.85497283935547,37.17694854736328,27.17437171936035,8.068634986877441,16.680234909057617,85.99948120117188,17.55937957763672,28.674137115478516,4.684033393859863,25.535078048706055,7.042843818664551,24.800966262817383,35.57815933227539,31.820575714111328,27.845869064331055,5.196157932281494,14.991881370544434,12.670860290527344,18.141355514526367,20.41100311279297
2005-10-06,17.225563049316406,1.552040696144104,34.50904083251953,29.781024932861328,19.984771728515625,32.15606689453125,27.92766571044922,12.591951370239258,11.628210067749023,32.78025436401367,10.076821327209473,13.869260787963867,41.246978759765625,9.64388370513916,18.614774703979492,11.53360652923584,9.755758285522461,23.08464813232422,33.00249481201172,22.125141143798828,33.33978271484375,16.385324478149414,48.14982223510742,52.103485107421875,98.5452880859375,13.015327453613281,17.561933517456055,10.897589683532715,35.09101104736328,30.050189971923828,34.06901550292969,37.17694854736328,27.349239349365234,7.9584879875183105,16.80427360534668,85.40058898925781,17.534671783447266,28.76069450378418,4.634308815002441,25.59910011291504,7.057000637054443,24.318674087524414,36.32270812988281,31.92081069946289,27.69770622253418,5.102865695953369,14.924263954162598,12.78205394744873,18.01617431640625,20.506128311157227
2005-10-07,17.12805938720703,1.540031909942627,34.380130767822266,30.304738998413086,20.12725257873535,32.0531120300293,28.39313316345215,12.132015228271484,11.489361763000488,32.503135681152344,9.970535278320312,13.90428638458252,41.6609992980957,9.603802680969238,18.324724197387695,11.46855640411377,9.777966499328613,23.011598587036133,33.290245056152344,22.222429275512695,34.203651428222656,16.523435592651367,47.703269958496094,52.83058166503906,100.3935546875,12.918509483337402,17.081151962280273,10.812963485717773,35.097084045410156,29.716386795043945,33.98452377319336,36.9913330078125,27.375139236450195,8.306413650512695,16.896595001220703,85.86800384521484,17.3561954498291,28.923063278198242,4.589558124542236,25.610734939575195,7.099471569061279,24.93820571899414,36.397132873535156,31.86775016784668,27.86019515991211,5.082525730133057,15.05949592590332,12.715865135192871,18.3917179107666,20.760923385620117
2005-10-10,17.037504196166992,1.5121135711669922,34.45298767089844,29.745420455932617,19.901641845703125,31.9387149810791,28.081274032592773,12.624796867370605,11.429465293884277,32.4069709777832,9.995064735412598,13.670801162719727,42.04914474487305,9.627853393554688,18.392969131469727,11.377486228942871,9.89122200012207,23.14552879333496,33.132442474365234,21.808988571166992,33.56935501098633,16.40415382385254,48.12855911254883,52.611083984375,99.7187728881836,12.761189460754395,16.780662536621094,10.718942642211914,34.80301284790039,29.44374656677246,34.063385009765625,36.41961669921875,27.258563995361328,8.397327423095703,16.688886642456055,86.5545425415039,17.485240936279297,28.950115203857422,4.440385341644287,25.634016036987305,7.06408166885376,24.793119430541992,36.60454559326172,31.531667709350586,27.726367950439453,5.016591548919678,14.678404808044434,12.644387245178223,18.122100830078125,20.546899795532227
2005-10-11,17.002674102783203,1.548737645149231,34.35209655761719,30.203052520751953,19.776962280273438,32.03595733642578,28.92841148376465,12.554408073425293,11.342334747314453,32.31084060668945,9.933740615844727,13.670801162719727,43.05315399169922,9.68397045135498,18.392969131469727,11.182333946228027,9.997819900512695,23.273374557495117,32.742591857910156,21.9123477935791,33.56331253051758,16.366485595703125,47.27796936035156,52.3641471862793,99.16140747070312,12.833802223205566,16.693857192993164,10.606108665466309,34.08148193359375,28.99861717224121,33.55641174316406,36.51613235473633,27.1225528717041,8.332637786865234,16.694658279418945,85.85338592529297,17.205171585083008,28.70118522644043,4.330990791320801,25.68058967590332,7.0782365798950195,25.334213256835938,36.93959426879883,30.965656280517578,27.61644172668457,5.054469585418701,14.758316993713379,12.670860290527344,17.958410263061523,20.23773765563965
2005-10-12,16.92605972290039,1.4784908294677734,34.637943267822266,29.96915626525879,19.753215789794922,32.04738235473633,28.374515533447266,12.56848430633545,11.35867977142334,32.63887023925781,10.154491424560547,13.565727233886719,42.53561782836914,9.619834899902344,18.011917114257812,11.338458061218262,9.980051040649414,23.20641326904297,32.66371154785156,21.736024856567383,33.08004379272461,16.309986114501953,47.95136642456055,51.2872314453125,99.16140747070312,12.820096969604492,16.526920318603516,10.587305068969727,33.00224304199219,29.032026290893555,33.51133728027344,35.795894622802734,27.129024505615234,8.07213020324707,16.697538375854492,84.46574401855469,16.83173942565918,28.255199432373047,4.321045875549316,25.244041442871094,6.957909107208252,24.887224197387695,36.546051025390625,31.01283836364746,27.430034637451172,4.97450590133667,14.629233360290527,12.692033767700195,17.961606979370117,20.33626937866211
2005-10-13,17.12805938720703,1.6132811307907104,35.88221740722656,29.572547912597656,20.03819465637207,32.144615173339844,27.71356201171875,12.582563400268555,11.35867977142334,32.503135681152344,10.015501022338867,13.542377471923828,42.54080581665039,9.68397045135498,18.228038787841797,11.253888130187988,9.940077781677246,23.102916717529297,32.51982879638672,21.808988571166992,32.620941162109375,16.253482818603516,47.129127502441406,52.00745391845703,99.80680084228516,12.963217735290527,16.493528366088867,10.554394721984863,33.22657775878906,29.232318878173828,33.398685455322266,35.82560348510742,27.200265884399414,8.182281494140625,16.887941360473633,82.66175842285156,16.72191047668457,28.119226455688477,4.470218181610107,25.255672454833984,6.9826812744140625,23.938310623168945,36.232269287109375,31.254579544067383,27.20061492919922,4.881918430328369,14.653813362121582,12.670860290527344,18.038652420043945,20.156206130981445
2005-10-14,17.183774948120117,1.6210857629776,35.702877044677734,29.816617965698242,20.234132766723633,32.09315490722656,27.685626983642578,12.746825218200684,11.453964233398438,32.52574920654297,9.941919326782227,13.559893608093262,42.618431091308594,9.86834716796875,18.381591796875,11.23437213897705,10.002256393432617,23.382944107055664,32.82148742675781,21.94882583618164,33.06795120239258,16.448102951049805,47.84503936767578,51.95945358276367,100.74559020996094,12.98453140258789,16.68050193786621,10.488578796386719,33.829864501953125,29.276826858520508,34.20420837402344,35.60286331176758,27.232643127441406,8.290675163269043,17.014877319335938,83.66234588623047,17.03767967224121,28.39116668701172,4.281266689300537,25.610734939575195,6.979143142700195,24.44021987915039,37.23208999633789,31.45501136779785,27.358341217041016,4.956270694732666,14.991881370544434,12.967377662658691,18.250490188598633,20.162992477416992
2005-10-17,17.08626365661621,1.6042746305465698,35.31052017211914,29.928482055664062,20.18663215637207,31.904390335083008,27.90439796447754,12.709282875061035,11.459409713745117,32.66714096069336,9.860157012939453,13.694146156311035,42.742618560791016,9.924464225769043,18.597719192504883,11.169320106506348,10.046679496765137,23.413387298583984,33.6336784362793,22.11298179626465,33.243133544921875,16.444961547851562,47.66074752807617,51.719364166259766,99.77747344970703,12.957134246826172,16.860790252685547,10.568496704101562,34.111812591552734,28.67037582397461,34.46333694458008,35.72907638549805,27.232643127441406,8.344876289367676,17.061023712158203,85.48827362060547,17.029447555541992,28.58151626586914,4.306129455566406,25.849388122558594,7.039304733276367,24.71077537536621,37.439491271972656,31.85006332397461,27.18149757385254,5.2578816413879395,15.01032543182373,12.991207122802734,18.298641204833984,20.156206130981445
2005-10-18,17.114118576049805,1.5673500299453735,35.29372024536133,28.626798629760742,20.05006980895996,31.658449172973633,26.666276931762695,12.695201873779297,11.36684513092041,32.98385238647461,9.86424446105957,13.845918655395508,43.203250885009766,9.916446685791016,18.46690559387207,11.045721054077148,10.02224349975586,23.230762481689453,34.67328643798828,21.845470428466797,32.59675598144531,16.35707664489746,47.575687408447266,52.0417594909668,99.74811553955078,12.911447525024414,16.980993270874023,10.44626522064209,34.04509353637695,28.72600555419922,34.29997253417969,35.558311462402344,26.921796798706055,8.432293891906738,16.991792678833008,85.51747131347656,16.914113998413086,28.48906135559082,4.2116522789001465,25.4477596282959,7.010993480682373,23.557973861694336,36.950218200683594,31.60830307006836,27.25318717956543,5.083928108215332,15.01032543182373,12.980613708496094,18.163822174072266,19.830062866210938
2005-10-19,17.476333618164062,1.6493057012557983,36.05036544799805,29.069156646728516,20.620054244995117,32.00337219238281,27.154996871948242,12.634193420410156,11.380451202392578,32.876407623291016,9.79884147644043,13.828400611877441,43.56032180786133,9.772150039672852,19.1607666015625,11.188840866088867,10.21323013305664,23.900409698486328,35.10953903198242,20.702421188354492,33.48477554321289,16.535993576049805,48.46170425415039,53.56452178955078,100.95099639892578,13.383455276489258,17.39290428161621,10.366345405578613,34.77573013305664,28.709312438964844,35.325191497802734,36.360191345214844,27.48523712158203,8.044158935546875,17.222583770751953,88.51921081542969,17.419342041015625,28.896989822387695,4.2116522789001465,26.571144104003906,7.074698448181152,24.134370803833008,37.66817855834961,32.610633850097656,27.501728057861328,5.180024147033691,15.077947616577148,12.975321769714355,18.31146812438965,19.976152420043945
2005-10-20,17.267364501953125,1.6853294372558594,35.966304779052734,28.067480087280273,20.631925582885742,31.71593475341797,25.94945526123047,12.634193420410156,11.462128639221191,32.616241455078125,8.952630043029785,13.787545204162598,43.04277801513672,9.73206901550293,18.427099227905273,11.013198852539062,10.12662124633789,24.08913230895996,34.76145553588867,20.28290367126465,32.78693771362305,16.350793838500977,47.703269958496094,50.827659606933594,99.39608764648438,13.173335075378418,17.198989868164062,10.187699317932129,34.463478088378906,28.51457977294922,34.72246170043945,35.16477966308594,27.329790115356445,7.9042887687683105,17.055261611938477,86.90908813476562,17.25460433959961,28.35853385925293,4.1867899894714355,26.239360809326172,7.010993480682373,22.644367218017578,38.52438735961914,31.73213005065918,27.26753044128418,5.099360466003418,14.598491668701172,12.811173439025879,18.53936004638672,19.901409149169922
2005-10-21,17.26039695739746,1.6709192991256714,35.91024398803711,28.1539249420166,20.857542037963867,31.50897789001465,26.205467224121094,12.286883354187012,11.415846824645996,32.570987701416016,8.686917304992676,13.51319408416748,43.12559509277344,9.828266143798828,18.472597122192383,11.078248977661133,10.15326976776123,24.137842178344727,34.75680923461914,20.19170379638672,29.686033248901367,16.331958770751953,46.795982360839844,50.32692337036133,98.95603942871094,13.018031120300293,17.47315216064453,10.084271430969238,34.666595458984375,28.208576202392578,34.2492790222168,35.008853912353516,27.368661880493164,7.975973129272461,17.066797256469727,86.92376708984375,17.336971282958984,28.336780548095703,4.102258682250977,26.204444885253906,7.007453441619873,22.801206588745117,38.12019729614258,31.089481353759766,27.1575984954834,5.11829948425293,14.616939544677734,12.784700393676758,18.70305824279785,19.418991088867188
2005-10-24,17.483293533325195,1.7048419713974,35.927059173583984,28.906450271606445,21.231582641601562,31.67569923400879,26.917621612548828,12.671736717224121,11.54381275177002,32.78025436401367,8.621503829956055,13.484006881713867,43.19804382324219,10.277189254760742,18.836580276489258,11.16281509399414,10.2620849609375,24.752695083618164,35.06776809692383,20.6173095703125,30.529539108276367,16.571853637695312,47.71742248535156,51.657630920410156,100.1294937133789,13.063708305358887,17.499897003173828,10.173589706420898,35.0243034362793,28.25307273864746,35.12240982055664,36.78343200683594,28.094005584716797,8.353617668151855,17.303359985351562,90.23908996582031,17.858671188354492,29.043825149536133,4.276294231414795,26.44891357421875,7.103011608123779,23.644237518310547,39.29550552368164,31.779294967651367,27.78371810913086,5.194754123687744,14.825922012329102,12.903840065002441,18.98230743408203,19.87422752380371
2005-10-25,17.434532165527344,1.6841284036636353,35.63563537597656,29.084413528442383,21.20783042907715,31.957387924194336,27.308618545532227,12.681123733520508,11.560151100158691,32.80286407470703,8.666472434997559,13.489838600158691,43.141117095947266,10.397438049316406,18.768339157104492,11.136795043945312,10.079986572265625,24.423954010009766,35.11881637573242,20.501789093017578,30.517393112182617,16.54029083251953,47.4693603515625,52.12406921386719,99.48407745361328,13.179421424865723,17.292600631713867,10.178289413452148,33.89351272583008,27.991579055786133,34.49149703979492,36.91707229614258,27.964468002319336,8.386835098266602,17.271625518798828,90.42206573486328,17.77629852294922,28.97858238220215,4.291213035583496,26.274276733398438,7.007453441619873,24.483354568481445,39.09873962402344,31.20149803161621,27.205408096313477,5.218601703643799,14.739867210388184,12.858830451965332,18.613191604614258,19.789304733276367
2005-10-26,17.490259170532227,1.7120473384857178,35.20405197143555,28.575952529907227,21.43345069885254,31.61245346069336,26.838504791259766,12.760909080505371,11.527472496032715,32.54837417602539,8.609243392944336,13.46649169921875,42.89788818359375,10.14892578125,18.375911712646484,11.12378215789795,10.122179985046387,24.50918197631836,34.88676071166992,20.556509017944336,30.675167083740234,16.46138572692871,46.14387130737305,51.58218002319336,98.86799621582031,13.09720230102539,16.9582576751709,10.206498146057129,33.381187438964844,28.04166030883789,33.83807373046875,37.22893524169922,27.97742462158203,8.180530548095703,17.231231689453125,90.93440246582031,17.801013946533203,29.000329971313477,4.236514568328857,25.948331832885742,6.979143142700195,24.624509811401367,38.715850830078125,31.10126495361328,27.00464630126953,5.241047382354736,14.512445449829102,12.906484603881836,18.71268653869629,20.091659545898438
2005-10-27,17.309154510498047,1.6634151935577393,34.436161041259766,28.270870208740234,21.391881942749023,31.629711151123047,26.29854965209961,12.634193420410156,11.475743293762207,32.95558166503906,8.625595092773438,13.33224105834961,42.597713470458984,9.980581283569336,17.94366455078125,11.091259956359863,9.935640335083008,23.979549407958984,34.71969985961914,20.313304901123047,30.280723571777344,16.439287185668945,45.39963150024414,50.45038986206055,98.51594543457031,12.923625946044922,16.55034637451172,10.187699317932129,33.393306732177734,27.81911277770996,33.697235107421875,36.30823516845703,27.964468002319336,7.968982696533203,17.190845489501953,89.60237884521484,17.680198669433594,28.837158203125,4.047563076019287,25.5758113861084,6.773874759674072,23.99796485900879,38.274436950683594,30.853641510009766,26.975971221923828,5.148460865020752,14.291157722473145,12.813824653625488,18.59071922302246,19.758718490600586
2005-10-28,17.78281021118164,1.6351959705352783,35.282508850097656,28.631868362426758,21.63532066345215,32.147090911865234,26.70816993713379,12.92516803741455,11.660883903503418,33.27230453491211,8.789112091064453,13.61826229095459,42.137123107910156,10.189004898071289,18.36453628540039,11.149807929992676,10.104415893554688,24.66746711730957,35.38335037231445,20.42882537841797,30.9907283782959,16.773880004882812,46.52663040161133,51.980010986328125,99.89480590820312,13.018031120300293,16.797771453857422,9.93852710723877,34.84242630004883,27.813552856445312,34.542198181152344,36.78343200683594,28.482568740844727,8.238222122192383,17.499526977539062,91.1612548828125,17.784530639648438,29.332096099853516,4.037492752075195,26.018198013305664,6.936671733856201,24.927936553955078,38.7264518737793,31.897226333618164,27.4013614654541,5.268401622772217,14.936567306518555,12.906484603881836,19.065765380859375,20.261518478393555
2005-10-31,17.901220321655273,1.7288594245910645,35.0975456237793,28.545442581176758,21.742185592651367,32.187347412109375,26.563871383666992,13.244312286376953,11.6472749710083,33.413692474365234,8.887223243713379,13.717489242553711,42.37517166137695,10.164962768554688,17.972110748291016,11.351468086242676,10.506369590759277,24.984027862548828,35.262691497802734,20.793624877929688,31.913101196289062,16.717063903808594,45.81782150268555,51.87025833129883,99.48407745361328,13.109379768371582,16.3229923248291,9.952631950378418,35.12740707397461,27.702255249023438,34.114078521728516,36.95421600341797,28.327152252197266,8.260953903198242,17.3668270111084,92.48591613769531,17.990461349487305,29.593168258666992,4.188521862030029,26.443090438842773,7.042843818664551,25.763328552246094,38.79029083251953,31.63190269470215,27.167158126831055,5.264194011688232,14.97959041595459,12.776754379272461,19.24871063232422,20.614839553833008
2005-11-01,18.082319259643555,1.7261563539505005,34.69399642944336,28.67764663696289,21.878740310668945,31.761930465698242,26.829185485839844,13.385104179382324,11.611873626708984,33.11959457397461,8.80955696105957,13.221329689025879,42.2251091003418,10.205039024353027,18.06879425048828,11.370981216430664,10.435307502746582,24.94750213623047,34.74289321899414,20.988178253173828,31.991979598999023,16.52766227722168,46.10844039916992,51.64391326904297,98.57460021972656,13.027166366577148,16.302927017211914,9.886815071105957,35.6367073059082,27.685579299926758,33.77045440673828,36.493865966796875,28.249431610107422,8.243473052978516,17.27739715576172,92.65424346923828,18.127769470214844,28.842599868774414,4.138179779052734,26.285926818847656,7.01807165145874,26.062814712524414,38.715850830078125,31.909008026123047,26.751331329345703,5.205273628234863,15.053356170654297,12.901187896728516,19.232666015625,20.75752830505371
2005-11-02,18.43059539794922,1.7997056245803833,34.35771179199219,29.175935745239258,22.086549758911133,31.991865158081055,27.23879051208496,13.333478927612305,11.58465576171875,33.35148239135742,8.82999038696289,13.64161491394043,41.95079803466797,10.004624366760254,18.347471237182617,11.46855640411377,10.5618896484375,25.11795997619629,34.87749099731445,21.213134765625,32.580623626708984,16.50556182861328,45.86034393310547,50.69045639038086,99.19073486328125,12.98453140258789,16.37649154663086,9.886815071105957,33.459999084472656,27.76347541809082,33.7873649597168,37.10271453857422,28.547334671020508,8.549429893493652,17.35306167602539,94.50587463378906,18.36115837097168,28.924179077148438,4.163351535797119,25.97743797302246,7.025148391723633,26.287425994873047,39.29020690917969,31.956193923950195,26.8756160736084,5.236138820648193,15.034913063049316,12.821767807006836,19.438085556030273,21.11424446105957
2005-11-03,18.41666603088379,1.8567447662353516,34.30165481567383,29.781024932861328,22.02124786376953,32.17009735107422,27.685626983642578,13.835657119750977,11.592815399169922,33.39673614501953,8.9403657913208,13.993053436279297,42.887535095214844,9.780166625976562,18.899150848388672,11.390496253967285,10.537463188171387,24.831838607788086,34.87285232543945,21.541465759277344,32.45318603515625,16.41402816772461,46.42739486694336,53.16667556762695,99.68946075439453,13.030214309692383,17.68045997619629,9.957334518432617,33.90867614746094,27.908124923706055,33.78172302246094,36.924522399902344,28.50200843811035,8.879870414733887,17.31523323059082,94.55711364746094,18.421558380126953,28.673988342285156,4.218728065490723,26.59441566467285,6.940211296081543,26.86273956298828,39.492286682128906,32.144840240478516,27.17194175720215,5.210887432098389,14.998026847839355,12.69733715057373,19.245502471923828,21.219562530517578
2005-11-04,18.56989860534668,1.8357295989990234,34.12230682373047,29.44034194946289,22.1518497467041,32.147090911865234,27.001413345336914,13.713630676269531,11.516585350036621,33.1422233581543,9.099799156188965,14.051620483398438,42.95481872558594,10.108841896057129,19.012897491455078,11.624683380126953,10.590761184692383,25.178831100463867,34.868186950683594,21.827226638793945,32.49563980102539,16.366676330566406,46.27146530151367,54.31903839111328,99.80680084228516,12.963217735290527,18.06830406188965,10.023149490356445,33.829864501953125,28.280900955200195,33.3254508972168,36.67947769165039,28.64449119567871,8.685805320739746,17.379249572753906,95.8451919555664,18.470979690551758,28.505382537841797,4.17341947555542,26.827245712280273,6.8552727699279785,26.106151580810547,39.40719223022461,32.516292572021484,27.047672271728516,5.19265079498291,14.881247520446777,12.612615585327148,19.19414710998535,21.04629898071289
2005-11-07,18.81369400024414,1.8081109523773193,34.430564880371094,29.0335636138916,22.371532440185547,31.95163917541504,26.717472076416016,13.821576118469238,11.546539306640625,33.11959457397461,9.103886604309082,14.350343704223633,43.27052307128906,10.108841896057129,19.16644859313965,11.611675262451172,10.670706748962402,25.26406478881836,35.20236587524414,21.827226638793945,32.92042541503906,16.40456199645996,46.562076568603516,54.799198150634766,99.80680084228516,12.957134246826172,18.502958297729492,10.013744354248047,33.9056510925293,28.431129455566406,33.61836624145508,36.97648620605469,28.79343032836914,8.71902084350586,17.545129776000977,94.5204849243164,18.564346313476562,28.673988342285156,4.1985907554626465,27.17648696899414,6.837573051452637,25.909135818481445,39.7847785949707,32.59294509887695,27.492177963256836,5.203871726989746,14.616939544677734,12.615265846252441,19.264760971069336,21.426788330078125
2005-11-08,18.841556549072266,1.7982053756713867,34.060646057128906,29.319766998291016,22.16965675354004,32.026363372802734,26.93157196044922,13.784034729003906,11.47301959991455,32.9725456237793,9.033794403076172,14.379636764526367,43.135623931884766,10.116857528686523,19.337072372436523,11.61817741394043,10.572990417480469,24.69789695739746,35.2487678527832,21.748191833496094,32.92042541503906,16.622360229492188,46.256126403808594,54.73746871948242,99.04402923583984,12.947997093200684,18.02817726135254,10.074861526489258,33.857147216796875,28.75382423400879,33.51698303222656,36.479007720947266,28.748096466064453,9.009247779846191,17.50729751586914,93.32758331298828,18.547868728637695,28.576086044311523,4.158318042755127,26.961118698120117,6.724324703216553,26.248022079467773,39.720970153808594,32.368896484375,27.406143188476562,5.227016925811768,14.604644775390625,12.58349609375,19.12888526916504,21.43019676208496
2005-11-09,18.77887535095215,1.8045094013214111,34.20079040527344,29.386199951171875,22.395286560058594,32.19308090209961,26.42422866821289,13.88728141784668,11.483916282653809,32.9725456237793,9.136866569519043,14.52606201171875,42.97479248046875,10.028679847717285,18.956024169921875,11.54662036895752,10.704019546508789,24.844013214111328,35.31373596191406,21.736024856567383,32.82941436767578,16.780193328857422,46.04266357421875,55.02556228637695,99.51347351074219,13.002802848815918,18.181976318359375,10.164189338684082,33.33267593383789,28.948566436767578,33.37051773071289,36.62750244140625,28.845232009887695,9.023238182067871,17.585872650146484,94.1911849975586,18.69614028930664,28.869794845581055,4.042527198791504,26.95822525024414,6.745558738708496,25.84609031677246,39.72628402709961,32.870052337646484,27.80284309387207,5.176515579223633,14.752168655395508,12.66026496887207,19.115949630737305,21.559293746948242
2005-11-10,18.86941909790039,1.8366303443908691,34.41935348510742,28.849594116210938,22.751523971557617,32.405784606933594,26.17287254333496,14.093781471252441,11.576486587524414,33.306243896484375,9.157487869262695,14.78377914428711,43.57139205932617,10.180990219116211,19.286853790283203,11.156312942504883,10.890559196472168,25.410160064697266,35.81962203979492,21.851552963256836,33.18743896484375,16.934865951538086,47.03168869018555,56.11618423461914,101.21503448486328,13.033257484436035,18.188663482666016,10.22530746459961,33.59644317626953,28.808448791503906,33.33107376098633,37.021026611328125,29.337440490722656,9.145620346069336,17.88269805908203,95.20846557617188,19.094282150268555,29.614917755126953,3.9368069171905518,27.511962890625,6.773874759674072,24.979167938232422,40.252769470214844,32.899539947509766,28.213899612426758,5.226317405700684,14.998026847839355,12.774110794067383,19.487977981567383,21.841272354125977
2005-11-11,19.001760482788086,1.8474377393722534,34.144718170166016,28.88536262512207,22.71589469909668,32.405784606933594,26.359071731567383,14.093781471252441,11.64182186126709,33.19877624511719,9.248194694519043,14.719350814819336,43.861900329589844,10.269172668457031,19.617685317993164,11.364476203918457,10.88167667388916,25.513656616210938,35.9913215637207,22.046112060546875,33.296653747558594,16.92854881286621,46.49802780151367,55.62919235229492,101.65507507324219,13.316457748413086,18.108413696289062,10.385149002075195,33.98750305175781,28.573047637939453,33.45499801635742,37.45912551879883,29.441059112548828,9.455079078674316,18.08639907836914,95.1426010131836,19.157426834106445,30.066370010375977,4.012323379516602,27.436182022094727,6.876506805419922,25.02250099182129,40.555904388427734,32.73446273803711,28.223451614379883,5.250166893005371,15.004179000854492,12.729104995727539,19.47504234313965,21.701980590820312
2005-11-14,19.0644474029541,1.844736933708191,33.914920806884766,28.951793670654297,22.63871192932129,32.147090911865234,26.345108032226562,14.187650680541992,11.592815399169922,33.1422233581543,9.173980712890625,14.859923362731934,43.76333999633789,10.277189254760742,19.693132400512695,11.28641414642334,10.948296546936035,25.915456771850586,36.028446197509766,22.246755599975586,33.6364860534668,16.78334617614746,47.12417984008789,56.00645446777344,100.92163848876953,12.338963508605957,18.148544311523438,10.220602989196777,34.18153381347656,28.141475677490234,33.680362701416016,37.800655364990234,29.544668197631836,9.089674949645996,18.1562557220459,94.58638000488281,19.182147979736328,30.2458438873291,3.992185592651367,27.319597244262695,6.851734638214111,24.955528259277344,41.04518127441406,33.11178970336914,28.615371704101562,5.232632160186768,14.844359397888184,12.713223457336426,19.5559139251709,21.691783905029297
2005-11-15,19.21115493774414,1.8696537017822266,35.21525192260742,28.83936309814453,22.40123176574707,32.19308090209961,26.386991500854492,14.08909797668457,11.560151100158691,33.19877624511719,9.025544166564941,14.690065383911133,44.37029266357422,10.156942367553711,19.333288192749023,11.23437213897705,10.8328218460083,25.811946868896484,36.22803497314453,22.222429275512695,33.92170333862305,16.89698028564453,47.67205047607422,56.00645446777344,100.92163848876953,12.628252983093262,17.760692596435547,10.22530746459961,34.70600128173828,28.270376205444336,33.798622131347656,37.81550216674805,29.305063247680664,9.028481483459473,17.90016746520996,93.65691375732422,18.984453201293945,30.00652313232422,3.946875810623169,26.777517318725586,6.830496311187744,24.77820587158203,40.18363952636719,33.09410858154297,28.400299072265625,5.217899799346924,14.709134101867676,12.69733715057373,19.601205825805664,21.420001983642578
2005-11-16,19.378812789916992,1.949805498123169,35.45063781738281,29.22266960144043,22.44871711730957,32.53800582885742,26.813953399658203,13.97645378112793,11.47301959991455,33.187469482421875,8.811141014099121,14.590497016906738,44.89423751831055,10.01264762878418,19.037269592285156,11.201845169067383,10.855025291442871,25.708463668823242,35.694305419921875,22.43398666381836,34.42537307739258,16.91907501220703,47.985111236572266,55.732086181640625,101.3323974609375,12.357237815856934,17.633647918701172,10.272319793701172,34.560482025146484,27.91168975830078,34.03520965576172,37.18438720703125,29.12371826171875,9.72607135772705,17.748830795288086,93.8105697631836,19.0805606842041,29.576854705810547,3.8512256145477295,26.981525421142578,6.869429588317871,25.49537467956543,40.11981964111328,33.44196319580078,28.366830825805664,5.1828293800354,14.891112327575684,12.665568351745605,19.413570404052734,21.668006896972656
2005-11-17,19.539485931396484,1.936897873878479,35.50108337402344,29.32486915588379,22.519960403442383,32.85420227050781,26.95940589904785,13.8966703414917,11.399515151977539,32.938621520996094,8.802894592285156,14.707640647888184,45.07581329345703,10.108841896057129,19.263633728027344,11.299423217773438,10.934976577758789,25.878934860229492,35.85675048828125,22.275005340576172,34.87442398071289,17.108469009399414,48.134552001953125,56.9873161315918,101.68443298339844,12.442495346069336,18.121793746948242,10.32873249053955,34.65447235107422,27.88924789428711,34.33940887451172,36.75373077392578,29.36334228515625,9.572216033935547,18.1562557220459,95.4426498413086,19.418285369873047,29.919509887695312,3.9267396926879883,27.377893447875977,6.89774227142334,24.85700225830078,40.85372543334961,33.38301086425781,28.56759262084961,5.0362324714660645,15.267400741577148,12.612615585327148,19.54621124267578,21.34865951538086
2005-11-18,19.609344482421875,1.938098669052124,35.24192428588867,29.76951026916504,22.579341888427734,33.026668548583984,27.264360427856445,14.276823997497559,11.489361763000488,33.09696578979492,8.905975341796875,14.818927764892578,45.5323486328125,10.116857528686523,19.205608367919922,11.071748733520508,10.992713928222656,25.836318969726562,36.27444839477539,22.24444580078125,34.759117126464844,17.001150131225586,47.63646697998047,57.0833625793457,104.88224792480469,12.454679489135742,18.001432418823242,10.48387336730957,34.530174255371094,28.21433448791504,33.776092529296875,37.05816650390625,29.505826950073242,9.504033088684082,18.191177368164062,96.2989273071289,19.4979190826416,30.186017990112305,4.228797435760498,27.50612449645996,6.880044937133789,24.52205467224121,41.56102752685547,33.0764274597168,28.601051330566406,4.997653007507324,15.11935043334961,12.639095306396484,19.70473289489746,21.436986923217773
2005-11-21,19.672222137451172,1.9501062631607056,34.92640686035156,30.341894149780273,22.45465850830078,33.13588333129883,27.611568450927734,14.30029010772705,11.475743293762207,33.029117584228516,8.963701248168945,14.789637565612793,45.283329010009766,9.972566604614258,19.193988800048828,11.09776496887207,11.019364356994629,25.738906860351562,36.77103042602539,22.409536361694336,35.02006912231445,17.168447494506836,49.095088958740234,57.9064826965332,106.20244598388672,12.293286323547363,17.914493560791016,10.479175567626953,34.533199310302734,28.43852996826172,34.46333694458008,37.793235778808594,29.68714141845703,9.476057052612305,18.394882202148438,96.90641021728516,19.7148380279541,30.468849182128906,4.188521862030029,27.500286102294922,6.894200325012207,25.318044662475586,41.582298278808594,33.394813537597656,28.629703521728516,5.022905349731445,15.094676971435547,12.628500938415527,19.966773986816406,21.403018951416016
2005-11-22,19.497575759887695,1.9969373941421509,34.71230697631836,30.490110397338867,22.680269241333008,32.84844207763672,27.73825454711914,14.319062232971191,11.527472496032715,33.57770538330078,8.815263748168945,15.322653770446777,45.646480560302734,9.932479858398438,19.14755630493164,11.240878105163574,11.148168563842773,25.799774169921875,36.52375030517578,22.586851119995117,35.65721130371094,17.00429916381836,49.1662483215332,57.52237319946289,105.7916259765625,11.973541259765625,18.496265411376953,10.502679824829102,33.98750305175781,28.37128257751465,34.1366081237793,38.42436218261719,29.85553741455078,9.458575248718262,18.575315475463867,97.04545593261719,19.7093448638916,30.70270347595215,4.1985907554626465,27.855836868286133,6.837573051452637,25.377153396606445,42.42786407470703,33.55400466918945,27.994020462036133,5.128820419311523,15.057662963867188,12.69468879699707,20.08969497680664,22.8978271484375
2005-11-23,19.504566192626953,2.0146498680114746,34.7461051940918,30.597427368164062,23.024633407592773,32.773704528808594,27.545881271362305,14.459860801696777,11.611873626708984,33.70778274536133,8.922469139099121,15.603798866271973,46.0666618347168,10.132893562316895,19.565439224243164,11.344961166381836,11.230332374572754,25.872835159301758,36.45376205444336,22.599082946777344,35.20210647583008,17.045337677001953,49.408180236816406,56.80899429321289,105.43961334228516,11.87305736541748,18.71693229675293,10.530891418457031,34.48469543457031,28.50018310546875,33.84932327270508,38.90696334838867,30.250595092773438,9.404375076293945,18.70044708251953,98.12862396240234,19.868593215942383,31.192209243774414,4.243900775909424,27.861665725708008,6.89066219329834,25.262882232666016,42.30503845214844,33.4592399597168,27.998809814453125,5.1491618156433105,15.125520706176758,12.739696502685547,19.976476669311523,23.03371810913086
2005-11-25,19.392791748046875,2.0815951824188232,35.01654815673828,30.720075607299805,23.072128295898438,32.928932189941406,27.466115951538086,14.539642333984375,11.652713775634766,33.87746047973633,8.934836387634277,15.70337963104248,46.0666618347168,10.108841896057129,19.420345306396484,11.416516304016113,11.212566375732422,25.824125289916992,36.54240036010742,22.574634552001953,35.16569900512695,17.06110954284668,49.13777542114258,56.788429260253906,106.20244598388672,11.870007514953613,18.696876525878906,10.465071678161621,34.569576263427734,28.32643699645996,34.1647834777832,39.07032012939453,30.43191909790039,9.481303215026855,18.723722457885742,98.15789031982422,20.280466079711914,31.420644760131836,4.188521862030029,27.919973373413086,6.904819965362549,25.219539642333984,42.475948333740234,33.69615173339844,28.242565155029297,5.1533708572387695,15.125520706176758,12.734399795532227,19.798547744750977,22.99295425415039
2005-11-28,19.38579559326172,2.091200828552246,35.15739822387695,30.019922256469727,23.09587287902832,32.831199645996094,26.828035354614258,13.873200416564941,11.6472749710083,33.719093322753906,8.901849746704102,15.732665061950684,46.22749328613281,10.052726745605469,19.704742431640625,11.370981216430664,11.103754997253418,25.35538673400879,36.486412048339844,22.268892288208008,34.86227798461914,17.1431941986084,48.83182144165039,55.78695297241211,105.55699157714844,11.860870361328125,18.489578247070312,10.394550323486328,34.14211654663086,28.135862350463867,34.00704574584961,39.233680725097656,30.153440475463867,9.11240005493164,18.560760498046875,95.94764709472656,20.038841247558594,30.816930770874023,4.2086615562438965,27.762584686279297,6.929593086242676,24.325021743774414,42.06473922729492,33.613224029541016,28.051387786865234,5.112688064575195,14.965140342712402,12.713223457336426,19.64972686767578,23.407421112060547
2005-11-29,19.33689308166504,2.04436993598938,34.932037353515625,29.815494537353516,23.131500244140625,33.158878326416016,26.917171478271484,14.08909797668457,11.798002243041992,33.80392837524414,8.852374076843262,15.685806274414062,46.22230529785156,10.205039024353027,19.693132400512695,11.390496253967285,10.883895874023438,25.62998390197754,36.55640411376953,22.489015579223633,34.649898529052734,17.13687515258789,49.18758010864258,55.58116149902344,105.4102554321289,11.620306968688965,18.235477447509766,10.29582691192627,34.95762634277344,28.05181312561035,34.476951599121094,38.706485748291016,30.29592514038086,9.02148723602295,18.578214645385742,95.47193145751953,19.994905471801758,30.8930721282959,4.294241428375244,27.37206268310547,6.802184104919434,24.15164566040039,41.91521072387695,33.909358978271484,28.39551544189453,5.117595672607422,14.952797889709473,12.760873794555664,19.863250732421875,23.526325225830078
2005-11-30,19.33689308166504,2.0359647274017334,34.79118347167969,29.657058715820312,22.70995330810547,32.8771858215332,26.889020919799805,13.975008964538574,11.6993408203125,33.48155975341797,8.741045951843262,15.627224922180176,46.1185302734375,10.100824356079102,19.646696090698242,11.410014152526855,10.783963203430176,25.495737075805664,36.617069244384766,22.342266082763672,35.062530517578125,17.209484100341797,48.518760681152344,55.512542724609375,104.79421997070312,11.483275413513184,18.06830406188965,10.15008544921875,34.111812591552734,28.30401039123535,34.307106018066406,38.179317474365234,30.040624618530273,8.862387657165527,18.290117263793945,94.38147735595703,19.756011962890625,30.474273681640625,4.092871189117432,26.625965118408203,6.88712215423584,23.84428596496582,41.600154876708984,33.98044967651367,28.189992904663086,5.1056718826293945,14.53950309753418,12.58349609375,19.646499633789062,23.5602970123291
2005-12-01,19.483600616455078,2.149440050125122,34.75737380981445,30.331668853759766,22.899946212768555,33.13588333129883,27.545881271362305,14.10810375213623,11.740450859069824,33.854827880859375,8.815263748168945,15.920093536376953,46.27937316894531,10.30925464630127,20.50569725036621,11.507591247558594,10.666267395019531,25.349275588989258,36.98564910888672,22.78251075744629,35.8028678894043,17.420969009399414,49.57182312011719,55.99959182739258,104.88224792480469,11.458915710449219,18.375896453857422,10.168889045715332,34.978843688964844,28.864503860473633,35.04307556152344,38.6025505065918,30.03408432006836,9.264505386352539,18.313400268554688,95.34751892089844,19.868593215942383,30.980093002319336,4.0777692794799805,26.876619338989258,6.954368591308594,24.813642501831055,41.69093704223633,34.21738052368164,28.56759262084961,5.120401859283447,14.897279739379883,12.845596313476562,19.863250732421875,23.468576431274414
2005-12-02,19.567432403564453,2.180361747741699,34.48692321777344,30.188568115234375,23.149307250976562,32.974910736083984,27.76641082763672,14.245956420898438,11.734966278076172,33.87746047973633,8.782282829284668,16.066532135009766,45.98885726928711,10.22909164428711,20.261924743652344,11.475062370300293,10.652941703796387,25.428607940673828,37.04630661010742,22.048770904541016,35.68757247924805,17.348358154296875,49.408180236816406,55.40968704223633,104.14877319335938,11.742106437683105,18.242155075073242,10.286421775817871,34.95155334472656,28.90372657775879,34.89021682739258,38.32040023803711,30.19773292541504,9.367664337158203,18.275564193725586,95.93302154541016,20.052553176879883,31.154136657714844,4.102939128875732,26.911579132080078,7.053461074829102,24.585105895996094,41.35982894897461,34.06337356567383,28.46719741821289,5.142847061157227,14.743070602416992,12.78205394744873,19.678850173950195,23.39723014831543
2005-12-05,19.45566177368164,2.1560447216033936,34.39680480957031,30.413440704345703,23.06619644165039,33.01514434814453,27.982219696044922,14.312506675720215,11.688375473022461,33.854827880859375,8.802894592285156,15.756082534790039,45.87472152709961,10.028679847717285,20.064594268798828,11.383993148803711,10.468615531921387,25.257740020751953,36.54240036010742,21.969295501708984,35.39630126953125,17.43990135192871,49.237388610839844,55.34796142578125,104.94087982177734,11.629443168640137,18.235477447509766,10.248815536499023,34.8636474609375,28.847688674926758,34.82794189453125,38.15705871582031,30.39410972595215,9.509279251098633,18.368688583374023,97.37480926513672,20.058055877685547,31.235734939575195,4.057631969451904,26.78334617614746,7.159637451171875,24.809703826904297,40.60688781738281,34.06337356567383,28.3907413482666,5.102865695953369,14.440799713134766,12.739696502685547,19.458871841430664,23.16961669921875
2005-12-06,19.343887329101562,2.222989559173584,34.07000732421875,30.505422592163086,23.06619644165039,33.003662109375,28.141748428344727,14.322011947631836,11.658228874206543,33.76999282836914,8.716312408447266,15.621367454528809,46.243045806884766,10.036694526672363,20.40703582763672,11.423022270202637,10.575214385986328,25.26995277404785,36.25312805175781,22.08545684814453,35.68149185180664,17.528289794921875,49.50065231323242,54.723751068115234,105.02890014648438,11.532000541687012,18.45614242553711,10.168889045715332,34.27854919433594,29.251222610473633,35.13363265991211,38.238731384277344,30.315561294555664,9.32919979095459,18.316303253173828,96.1013412475586,19.948225021362305,30.767976760864258,4.082801818847656,26.97570037841797,6.908360004425049,25.11313247680664,41.20499801635742,34.3121223449707,28.505447387695312,5.08042049407959,14.588848114013672,12.72646427154541,19.497682571411133,23.645233154296875
2005-12-07,19.38579559326172,2.219986915588379,33.82774353027344,30.16303062438965,22.840585708618164,32.79095458984375,27.822702407836914,14.398063659667969,11.565055847167969,33.63935852050781,8.699816703796387,15.316797256469727,46.02517318725586,10.028679847717285,20.465072631835938,11.56613540649414,10.604082107543945,25.33707046508789,36.103824615478516,21.99375343322754,35.062530517578125,17.33258819580078,49.55760192871094,54.195587158203125,104.35417175292969,11.5715913772583,18.797183990478516,10.12657642364502,34.25733947753906,29.67719268798828,35.26951217651367,37.94915771484375,30.020977020263672,9.17708969116211,18.188268661499023,95.06207275390625,19.918012619018555,30.62112808227539,4.128109931945801,27.19135856628418,6.918976783752441,24.8924617767334,41.2263298034668,34.241065979003906,28.062381744384766,5.050258159637451,14.88493824005127,12.78205394744873,19.3294620513916,23.424402236938477
2005-12-08,19.343887329101562,2.2238900661468506,33.85027313232422,30.367446899414062,22.94744873046875,32.773704528808594,27.97283172607422,14.10810375213623,11.477357864379883,33.554141998291016,8.65034008026123,15.053213119506836,45.39227294921875,9.972566604614258,20.20969581604004,11.475062370300293,10.592982292175293,25.153980255126953,35.89853286743164,21.798086166381836,34.795528411865234,17.44305992126465,49.85642623901367,54.682579040527344,103.70867919921875,11.659894943237305,18.670124053955078,10.182994842529297,34.07992935180664,29.262432098388672,35.31480407714844,37.60762405395508,29.96860122680664,9.19981861114502,18.100961685180664,94.14725494384766,19.972936630249023,30.65376091003418,4.113007545471191,26.95822525024414,6.858811378479004,25.188013076782227,40.06216812133789,34.4128303527832,27.97088050842285,5.041844844818115,15.199542045593262,12.737043380737305,19.203292846679688,23.478769302368164
2005-12-09,19.357860565185547,2.2313950061798096,33.86153793334961,29.89727020263672,23.22649383544922,32.957679748535156,27.597505569458008,13.846668243408203,11.375961303710938,33.51438522338867,8.49366283416748,15.275796890258789,45.11732482910156,10.020662307739258,20.221302032470703,11.416516304016113,10.677369117736816,25.03194808959961,36.32777404785156,21.834762573242188,35.25064468383789,17.373619079589844,49.55760192871094,53.7634391784668,104.23677062988281,11.87305736541748,18.663442611694336,10.07016372680664,34.08296203613281,29.93501091003418,35.62049865722656,37.97884750366211,30.04717254638672,9.087926864624023,18.220277786254883,94.8937759399414,20.143178939819336,30.43619728088379,4.118041515350342,27.022323608398438,6.89774227142334,24.853057861328125,40.4733772277832,34.738582611083984,28.047931671142578,5.064990997314453,15.29824447631836,12.747638702392578,18.870084762573242,23.478769302368164
2005-12-12,19.17622184753418,2.2488062381744385,33.889713287353516,30.08125114440918,23.244312286376953,32.71623611450195,27.954076766967773,13.504426002502441,11.277300834655762,33.690467834472656,8.633849143981934,15.592085838317871,44.593379974365234,10.293221473693848,20.006555557250977,11.397003173828125,10.810614585876465,25.21501922607422,35.97784423828125,22.04265785217285,35.21424865722656,17.319961547851562,49.941810607910156,53.132381439208984,104.29547882080078,11.927865982055664,18.924230575561523,10.027850151062012,34.052635192871094,30.52910614013672,35.173274993896484,37.88975524902344,29.94243621826172,9.035473823547363,18.14460563659668,95.14989471435547,20.189857482910156,30.740787506103516,4.123076915740967,27.18552589416504,6.795106410980225,24.135889053344727,40.36656188964844,34.655670166015625,28.18277359008789,5.086034297943115,15.267400741577148,13.025620460510254,18.714801788330078,23.101665496826172
2005-12-13,18.952667236328125,2.250908374786377,33.946067810058594,30.1834659576416,23.39866828918457,33.636024475097656,27.61625862121582,13.737340927124023,11.225223541259766,33.49733352661133,9.198714256286621,15.65065860748291,43.426143646240234,10.285204887390137,20.47087860107422,11.383993148803711,10.986052513122559,25.794748306274414,35.90318298339844,21.9387149810791,35.78465270996094,17.566162109375,50.22641372680664,53.132381439208984,104.0607681274414,12.019222259521484,19.0245361328125,10.131280899047852,33.72212219238281,31.21849250793457,35.739402770996094,37.696712493896484,30.439937591552734,9.43234920501709,18.39197540283203,96.34288787841797,20.351852416992188,31.203086853027344,4.092871189117432,26.946550369262695,6.858811378479004,22.934022903442383,40.265113830566406,34.97550964355469,28.572866439819336,5.19265079498291,15.230389595031738,13.195060729980469,18.695384979248047,23.543319702148438
2005-12-14,18.92473030090332,2.161748170852661,33.86717224121094,30.592321395874023,23.48180389404297,34.27413558959961,27.813304901123047,13.879940032958984,11.260854721069336,33.65639114379883,9.421364784240723,15.597949028015137,43.12525939941406,10.269172668457031,20.604373931884766,11.507591247558594,11.028374671936035,25.922910690307617,36.18313217163086,22.929264068603516,35.65114974975586,17.75556755065918,50.83832931518555,52.665958404541016,104.94087982177734,12.019222259521484,19.432445526123047,10.314627647399902,34.27702713012695,31.36422348022461,35.76202392578125,38.20903396606445,30.623231887817383,9.108904838562012,18.630599975585938,94.87181854248047,20.519350051879883,31.24115753173828,4.107973098754883,27.313764572143555,6.798645973205566,22.94977569580078,40.65492630004883,35.141361236572266,28.442834854125977,5.171607494354248,15.137856483459473,13.245359420776367,18.397768020629883,23.68260955810547
2005-12-15,18.805973052978516,2.1668527126312256,33.89535140991211,30.403221130371094,23.499616622924805,33.911964416503906,27.69133758544922,14.150886535644531,11.280036926269531,33.855201721191406,9.396628379821777,15.56865406036377,43.332763671875,10.285204887390137,20.30256462097168,11.553122520446777,10.972691535949707,25.98393440246582,36.155147552490234,23.21051788330078,35.62688064575195,17.799747467041016,50.36872100830078,55.17648696899414,105.61564636230469,11.952224731445312,19.131532669067383,10.277018547058105,34.24065017700195,31.543561935424805,36.084739685058594,38.186767578125,30.55776596069336,9.196322441101074,18.540386199951172,93.89845275878906,20.511119842529297,30.952905654907227,4.113007545471191,26.96403694152832,6.720786094665527,23.15862274169922,40.72969436645508,35.242069244384766,28.264650344848633,5.374317646026611,15.29207706451416,13.11563491821289,18.3168888092041,23.750566482543945
2005-12-16,18.79199981689453,2.134730100631714,34.28973388671875,29.67238998413086,23.624292373657227,33.40608215332031,26.98284339904785,14.264965057373047,11.29373836517334,33.980186462402344,9.310043334960938,15.451505661010742,43.249755859375,10.172975540161133,20.169069290161133,11.397003173828125,10.974913597106934,25.935100555419922,35.96852493286133,23.1616153717041,36.19124221801758,17.65771484375,50.34025192260742,54.18185043334961,105.7916259765625,12.232381820678711,18.897485733032227,10.352235794067383,33.764583587646484,31.756534576416016,36.124359130859375,38.55799865722656,30.747615814208984,8.862387657165527,18.552030563354492,92.58106994628906,20.456195831298828,30.936586380004883,4.1784539222717285,26.981525421142578,6.763255596160889,22.599071502685547,40.5961799621582,35.028831481933594,28.471731185913086,5.423416614532471,15.458624839782715,13.171233177185059,18.333059310913086,23.78793716430664
2005-12-19,18.743104934692383,2.142835855484009,34.475669860839844,29.488407135009766,23.511474609375,33.65901565551758,26.626279830932617,15.329737663269043,11.351289749145508,33.82112121582031,10.027471542358398,15.100078582763672,42.93330764770508,9.876362800598145,19.791805267333984,11.364476203918457,10.905860900878906,25.520143508911133,36.192466735839844,23.149372100830078,34.48604965209961,17.63876724243164,49.78528594970703,53.24899673461914,105.08758544921875,12.311553955078125,18.482887268066406,10.573199272155762,33.22482681274414,32.27779006958008,35.45633316040039,38.067935943603516,30.459571838378906,8.843153953552246,18.52292823791504,91.57838439941406,20.17613983154297,30.82236099243164,4.14321231842041,26.561847686767578,6.759716987609863,23.091638565063477,40.08887481689453,34.57868957519531,28.341705322265625,5.371511936187744,15.150196075439453,13.105046272277832,18.488346099853516,23.584089279174805
2005-12-20,18.764053344726562,2.164750814437866,34.24466323852539,29.605960845947266,23.511474609375,33.463558197021484,26.68258285522461,15.20613956451416,11.296480178833008,33.61094665527344,9.895528793334961,15.11764144897461,42.78805923461914,9.844297409057617,19.82082748413086,11.260394096374512,10.825672149658203,25.294353485107422,36.12714767456055,23.326688766479492,34.43143844604492,17.471473693847656,50.333133697509766,53.83204650878906,104.26614379882812,12.18061351776123,18.536386489868164,10.549696922302246,33.928314208984375,31.95831871032715,35.52992630004883,38.42436218261719,30.564319610595703,9.024985313415527,18.453086853027344,92.11267852783203,19.86585235595703,31.38801383972168,4.052595615386963,26.42780113220215,6.727864742279053,23.25713539123535,40.174320220947266,34.82744216918945,28.736614227294922,5.335038661956787,14.965140342712402,13.060037612915039,18.39130210876465,23.77094268798828
2005-12-21,18.673242568969727,2.206479072570801,34.30101776123047,29.437305450439453,23.648046493530273,33.641780853271484,26.75296401977539,15.177620887756348,11.29373836517334,33.650718688964844,9.91202163696289,15.158646583557129,43.12007141113281,9.76413345336914,19.989139556884766,11.195341110229492,10.836809158325195,25.355379104614258,36.416419982910156,23.039323806762695,34.637760162353516,17.43990135192871,50.084110260009766,54.25046920776367,103.62071228027344,12.293286323547363,18.44277572631836,10.63901424407959,34.380126953125,31.947111129760742,35.68844223022461,38.89956283569336,30.531593322753906,9.453329086303711,18.531658172607422,93.17388916015625,19.91253089904785,31.605567932128906,4.037492752075195,26.404478073120117,6.632309913635254,23.387182235717773,40.91660690307617,35.08805847167969,28.678808212280273,5.352574348449707,15.421609878540039,13.065332412719727,18.465696334838867,23.68260955810547
2005-12-22,18.575441360473633,2.22208833694458,34.54892349243164,29.181758880615234,23.77865219116211,33.79124069213867,26.795194625854492,15.215645790100098,11.312919616699219,33.63935852050781,9.920269012451172,15.211371421813965,43.17195129394531,9.876362800598145,20.070404052734375,11.247381210327148,10.825672149658203,25.282150268554688,36.691715240478516,23.424528121948242,35.46910095214844,17.493568420410156,50.7458381652832,55.622314453125,104.65482330322266,12.405956268310547,18.141849517822266,10.751851081848145,34.3407096862793,32.01435470581055,35.94887161254883,38.83272171020508,30.71488380432129,9.685859680175781,18.61895751953125,93.67154693603516,19.95645523071289,31.806814193725586,4.002253532409668,26.28207778930664,6.717246055603027,23.42657470703125,41.034088134765625,35.17690658569336,28.72217559814453,5.389749526977539,15.255062103271484,13.263899803161621,18.67920684814453,23.961181640625
2005-12-23,18.61037254333496,2.2019753456115723,34.43059158325195,29.181758880615234,23.86772346496582,33.848731994628906,26.804580688476562,15.305965423583984,11.277300834655762,33.63365173339844,9.879035949707031,15.211371421813965,43.306827545166016,9.892398834228516,20.052982330322266,11.28641414642334,10.7677583694458,25.379789352416992,36.67304611206055,23.20440673828125,35.5055046081543,17.518827438354492,50.86678695678711,55.47141647338867,104.65482330322266,12.442495346069336,18.148544311523438,10.784757614135742,34.28006362915039,32.33944320678711,35.98283004760742,38.840171813964844,30.72797966003418,9.539000511169434,18.633516311645508,93.75936126708984,20.126710891723633,31.76874542236328,3.9770822525024414,26.241270065307617,6.713706970214844,23.308368682861328,41.19429016113281,35.21242141723633,28.813669204711914,5.391168594360352,15.544986724853516,13.147407531738281,18.756860733032227,23.978164672851562
2005-12-27,18.484621047973633,2.2283923625946045,33.97422409057617,28.553171157836914,23.808347702026367,33.68775939941406,26.2227783203125,15.182373046875,11.2279691696167,33.62230682373047,9.74297046661377,14.91263484954834,43.052616119384766,9.900413513183594,19.791805267333984,11.22136116027832,10.631878852844238,25.03194808959961,36.103824615478516,22.910913467407227,35.12929916381836,17.370464324951172,50.18374252319336,55.05986404418945,103.5911636352539,12.302419662475586,17.961301803588867,10.855278968811035,34.14665222167969,32.40108871459961,35.988494873046875,38.067935943603516,30.47921371459961,9.472563743591309,18.508377075195312,93.86913299560547,19.90703582763672,31.534860610961914,3.9720489978790283,25.804109573364258,6.621689319610596,22.658172607421875,40.905906677246094,35.242069244384766,28.775142669677734,5.326667308807373,15.384604454040527,13.171233177185059,18.68568992614746,23.43800163269043
2005-12-28,18.435728073120117,2.208580732345581,34.041831970214844,28.74737548828125,23.695545196533203,33.65327835083008,26.602819442749023,15.16811466217041,11.175902366638184,33.70182418823242,9.730599403381348,14.90092945098877,43.07855987548828,9.844297409057617,19.844038009643555,11.247381210327148,10.65638256072998,25.074663162231445,36.486412048339844,22.972064971923828,35.09893798828125,17.43990135192871,50.48967361450195,54.66887664794922,103.7388916015625,12.28719425201416,17.914493560791016,10.765955924987793,34.270965576171875,32.36746597290039,36.124359130859375,38.186767578125,30.289377212524414,9.343182563781738,18.37741470336914,93.66421508789062,19.9952392578125,31.34451675415039,3.946875810623169,25.815765380859375,6.6464643478393555,22.969482421875,40.79911422729492,35.34274673461914,29.184480667114258,5.326667308807373,15.544986724853516,13.205657005310059,18.692161560058594,23.557567596435547
2005-12-29,18.351896286010742,2.144937753677368,33.946067810058594,28.742265701293945,23.665847778320312,33.58427810668945,26.49491310119629,15.377267837524414,11.126565933227539,33.82112121582031,9.66875171661377,14.6842041015625,42.74655532836914,9.852313041687012,19.815017700195312,11.214853286743164,10.576191902160645,24.861093521118164,36.528411865234375,22.984281539916992,35.2809944152832,17.4556884765625,50.646202087402344,54.20243835449219,103.97525787353516,12.119712829589844,17.774070739746094,10.8740873336792,34.419551849365234,32.20492935180664,35.96018600463867,37.94915771484375,30.23699378967285,9.238283157348633,18.35123062133789,93.69354248046875,19.860183715820312,31.07255744934082,3.931774377822876,25.699195861816406,6.696010589599609,22.736982345581055,40.51076126098633,35.46122741699219,28.890708923339844,5.323121547698975,15.526488304138184,13.213592529296875,18.72450065612793,23.46192169189453
2005-12-30,18.268056869506836,2.1581461429595947,33.86153793334961,28.706483840942383,23.564910888671875,33.27384948730469,26.63566017150879,15.120582580566406,11.04709243774414,33.5598258972168,9.615156173706055,14.619776725769043,42.642784118652344,9.788179397583008,19.571247100830078,11.136795043945312,10.424721717834473,24.70241928100586,36.159820556640625,22.776403427124023,35.05646514892578,17.31365394592285,49.97738265991211,54.09267807006836,103.56159973144531,12.007037162780762,17.66707992553711,10.803567886352539,33.87071228027344,31.71730613708496,36.0224494934082,38.20903396606445,30.210826873779297,9.191078186035156,18.284299850463867,93.46662139892578,19.854665756225586,30.860431671142578,3.886464834213257,25.79827880859375,6.681853294372559,22.926137924194336,40.131595611572266,35.60337829589844,28.72697639465332,5.296186923980713,15.211881637573242,13.057390213012695,18.730979919433594,23.270593643188477
2006-01-03,18.750085830688477,2.2440037727355957,34.72358703613281,29.881938934326172,23.861783981323242,33.79124069213867,27.719480514526367,15.567401885986328,11.208785057067871,33.94609832763672,9.804818153381348,14.977070808410645,42.570159912109375,10.100824356079102,19.455167770385742,11.351468086242676,10.29775333404541,25.166210174560547,36.911006927490234,22.904802322387695,35.074668884277344,17.33258819580078,50.119693756103516,55.1215934753418,104.50713348388672,12.043583869934082,17.620269775390625,10.925798416137695,34.052635192871094,32.14885711669922,35.9771614074707,39.04064178466797,30.81962776184082,9.563478469848633,18.56658172607422,94.31556701660156,20.119285583496094,31.71433448791504,3.941842794418335,26.456932067871094,6.706629276275635,23.84428596496582,40.345211029052734,35.31904983520508,28.616207122802734,5.314619064331055,15.03916072845459,13.126228332519531,18.763328552246094,23.232995986938477
2006-01-04,18.84090232849121,2.250607490539551,35.258827209472656,29.933032989501953,23.72406005859375,33.85448455810547,27.63972282409668,15.748035430908203,11.186858177185059,33.929054260253906,10.122303009033203,15.17622184753418,42.513099670410156,10.116857528686523,19.629291534423828,11.611675262451172,10.317800521850586,24.70241928100586,36.724369049072266,22.813087463378906,35.96670913696289,17.53775978088379,50.639102935791016,54.86094665527344,104.35932922363281,12.061854362487793,17.620269775390625,10.768765449523926,34.8198127746582,31.991945266723633,36.50365447998047,38.66106033325195,30.4923152923584,9.69460391998291,18.35123062133789,93.01287078857422,20.210250854492188,31.736099243164062,4.032461166381836,25.635068893432617,6.635847568511963,23.64331817626953,40.39860916137695,35.57373809814453,28.72697639465332,5.352890968322754,15.98913288116455,13.234773635864258,19.025367736816406,23.263751983642578
2006-01-05,18.85487174987793,2.2328968048095703,35.11233139038086,29.784828186035156,23.795917510986328,33.745262145996094,27.301912307739258,15.771799087524414,11.241669654846191,33.73023986816406,10.13466739654541,15.387080192565918,42.79841613769531,10.253141403198242,19.652511596679688,11.936930656433105,10.177470207214355,24.45833396911621,36.3884391784668,22.800853729248047,35.96670913696289,17.275766372680664,50.041404724121094,54.06526184082031,104.09344482421875,12.217154502868652,18.048236846923828,10.768765449523926,35.33833312988281,32.165687561035156,36.52629852294922,39.07040023803711,30.531593322753906,9.899158477783203,18.330862045288086,92.97623443603516,20.193706512451172,31.823131561279297,4.203624725341797,25.401912689208984,6.66062068939209,23.458101272583008,40.41461944580078,35.63298034667969,28.83293342590332,5.339426040649414,15.60667610168457,13.163290023803711,19.083595275878906,23.30133819580078
2006-01-06,18.79898452758789,2.290534496307373,35.27008056640625,30.372560501098633,23.96357536315918,33.71075439453125,27.799253463745117,15.743269920349121,11.348549842834473,33.855201721191406,10.245997428894043,15.410513877868652,44.06941604614258,10.517684936523438,19.768583297729492,12.210143089294434,10.219792366027832,24.64139747619629,36.687049865722656,23.155492782592773,36.68275833129883,17.30417823791504,49.344139099121094,53.57135772705078,104.80255889892578,12.451635360717773,18.148544311523438,10.840147018432617,35.474788665771484,32.406700134277344,37.06412887573242,39.20435333251953,30.485750198364258,9.970843315124512,18.438533782958984,94.29363250732422,20.359092712402344,31.855754852294922,4.28920841217041,25.279512405395508,6.639386177062988,23.994022369384766,40.174320220947266,35.92320251464844,29.00149154663086,5.383370876312256,16.0693302154541,13.256596565246582,19.313289642333984,23.379920959472656
2006-01-09,18.764053344726562,2.2830300331115723,35.48982238769531,30.35723114013672,24.352794647216797,33.96369171142578,27.658496856689453,15.999958038330078,11.403362274169922,33.684783935546875,10.245997428894043,15.504232406616211,43.43650436401367,10.325287818908691,20.145849227905273,12.39879322052002,10.181925773620605,24.90989875793457,36.86901092529297,22.9659481048584,37.35026931762695,17.50935173034668,48.93144989013672,54.175010681152344,104.53663635253906,12.914494514465332,18.021486282348633,10.868693351745605,34.995697021484375,32.832672119140625,37.307559967041016,40.179256439208984,30.505395889282227,10.124693870544434,18.43562889099121,95.42800903320312,20.634742736816406,32.19297409057617,4.3395514488220215,25.594274520874023,6.6464643478393555,23.990076065063477,40.66560745239258,36.10090637207031,29.353042602539062,5.399672985076904,16.266719818115234,13.259260177612305,19.4912166595459,23.516582489013672
2006-01-10,18.861858367919922,2.4274258613586426,35.551795959472656,30.592321395874023,24.388717651367188,33.831485748291016,27.794544219970703,15.843096733093262,11.414326667785645,33.57118225097656,10.076948165893555,15.29922103881836,43.61289596557617,10.116857528686523,20.163267135620117,12.340242385864258,10.215337753295898,25.507936477661133,36.64037322998047,22.929264068603516,37.198570251464844,17.33258819580078,49.1662483215332,53.489078521728516,103.97525787353516,12.789645195007324,18.148544311523438,10.759244918823242,34.989620208740234,32.60846710205078,37.330204010009766,40.060184478759766,30.25010108947754,9.981332778930664,18.42106819152832,96.62830352783203,20.55755615234375,32.209285736083984,4.415065288543701,25.227048873901367,6.603993892669678,23.94280433654785,40.4466552734375,36.24898147583008,29.0737247467041,5.392585277557373,16.161853790283203,13.291247367858887,19.306821823120117,23.52682876586914
2006-01-11,19.064451217651367,2.5186879634857178,35.2137565612793,30.80184555053711,24.37075424194336,33.952205657958984,28.076059341430664,15.904888153076172,11.419804573059082,33.43486785888672,10.204760551452637,15.31093692779541,43.66474533081055,10.100824356079102,20.511503219604492,12.619963645935059,10.373490333557129,26.209705352783203,36.56573486328125,22.941495895385742,37.21678161621094,17.259979248046875,49.87775802612305,53.37245559692383,104.68435668945312,12.699224472045898,18.10173225402832,10.711655616760254,34.95323181152344,32.60846710205078,37.51136779785156,39.8443717956543,30.178096771240234,9.953356742858887,18.51711082458496,96.58435821533203,21.067508697509766,32.54805374145508,4.4956135749816895,25.1804256439209,6.575681209564209,23.94673728942871,40.23838424682617,36.385196685791016,29.463808059692383,5.420228958129883,16.50728988647461,13.379220008850098,19.219470977783203,23.62591552734375
2006-01-12,18.95965576171875,2.530395746231079,35.05035400390625,30.47988510131836,23.921663284301758,33.57853317260742,28.099523544311523,15.91439437866211,11.356772422790527,33.423484802246094,10.13466739654541,15.211371421813965,43.353519439697266,10.036694526672363,20.192291259765625,12.489863395690918,10.188608169555664,25.96562957763672,36.25312805175781,22.67245864868164,37.75078201293945,17.124258041381836,49.5860595703125,52.95404052734375,103.41389465332031,12.671632766723633,18.054922103881836,10.687865257263184,34.92290115356445,32.47956848144531,37.43209457397461,39.851806640625,29.981700897216797,10.21735668182373,18.3017635345459,96.78932189941406,21.00135612487793,32.493404388427734,4.309345245361328,25.26785659790039,6.6287689208984375,23.94673728942871,39.87526321411133,36.33781433105469,29.454172134399414,5.411722660064697,16.704687118530273,13.320564270019531,18.915369033813477,23.67032814025879
2006-01-13,18.994592666625977,2.5694215297698975,34.83061981201172,31.159603118896484,23.903696060180664,33.860233306884766,28.32004165649414,15.909646987915039,11.321146965026855,33.34395980834961,10.171777725219727,15.105928421020508,43.14600372314453,10.028679847717285,20.006555557250977,12.307720184326172,10.112869262695312,25.575061798095703,36.159820556640625,22.721372604370117,37.82360076904297,17.282073974609375,49.436622619628906,53.228416442871094,103.70933532714844,12.625657081604004,17.88774871826172,10.668828964233398,34.68639373779297,32.47956848144531,37.24529266357422,39.76993942260742,29.981700897216797,10.385200500488281,18.406517028808594,97.5284652709961,20.951736450195312,32.44424057006836,4.304311752319336,25.291166305541992,6.639386177062988,23.94280433654785,39.78448486328125,36.094966888427734,29.574573516845703,5.4181036949157715,16.52581214904785,13.317904472351074,18.915369033813477,23.779659271240234
2006-01-17,18.85487174987793,2.543004035949707,34.5263671875,31.450891494750977,23.777938842773438,33.71650314331055,29.02381706237793,15.786052703857422,11.24441146850586,33.19060516357422,10.010977745056152,14.947785377502441,43.05782699584961,9.972566604614258,20.076196670532227,12.151595115661621,10.012629508972168,25.367586135864258,35.96852493286133,22.537933349609375,38.205909729003906,17.200010299682617,48.874515533447266,53.65369415283203,103.23663330078125,12.588869094848633,17.961301803588867,10.611726760864258,34.73794174194336,32.098426818847656,37.20564651489258,39.41273498535156,29.66094207763672,10.325758934020996,18.217363357543945,97.03811645507812,20.68160057067871,32.13279342651367,4.183488845825195,25.518489837646484,6.650003433227539,25.333797454833984,40.0087776184082,35.9468879699707,29.44454574584961,5.372738361358643,16.51963233947754,13.195280075073242,18.79568099975586,24.049575805664062
2006-01-18,18.743104934692383,2.4763600826263428,35.039085388183594,31.011388778686523,23.520479202270508,33.889808654785156,28.573408126831055,15.700496673583984,11.186858177185059,33.167884826660156,9.895528793334961,13.237456321716309,43.47282028198242,9.892398834228516,20.308364868164062,12.184127807617188,10.06386947631836,25.568965911865234,36.0105094909668,22.635761260986328,37.69414520263672,17.209484100341797,48.61838150024414,54.07212448120117,102.88202667236328,12.634856224060059,18.188663482666016,10.554622650146484,34.82284164428711,31.92467498779297,37.0018424987793,39.27133560180664,29.62820816040039,10.24882698059082,18.508377075195312,96.87712860107422,20.954484939575195,31.93610954284668,4.133144378662109,25.809934616088867,6.749100208282471,24.987049102783203,40.36656188964844,35.75735855102539,29.160396575927734,5.377697467803955,17.259876251220703,13.301912307739258,18.640392303466797,24.05640983581543
2006-01-19,18.875831604003906,2.3727903366088867,35.02781677246094,31.430448532104492,23.388729095458984,33.79737854003906,28.901826858520508,15.838348388671875,11.217007637023926,33.13379669189453,10.295470237731934,13.120314598083496,43.1045036315918,10.036694526672363,20.430255889892578,12.372771263122559,10.201972961425781,25.190629959106445,35.88453674316406,22.739707946777344,38.084049224853516,17.364154815673828,48.50453567504883,53.77030563354492,102.46833801269531,12.73294448852539,18.368804931640625,10.735447883605957,34.73794174194336,32.048004150390625,37.075443267822266,39.13737487792969,29.549644470214844,10.34323787689209,18.220277786254883,97.93836975097656,21.139169692993164,32.4278450012207,4.138179779052734,25.874040603637695,6.724324703216553,25.30229949951172,40.89523696899414,35.90542221069336,29.044837951660156,5.355728626251221,17.34006690979004,13.288583755493164,18.785968780517578,24.07691192626953
2006-01-20,18.44969367980957,2.2842302322387695,34.25592041015625,30.934724807739258,22.783964157104492,33.41035842895508,28.676618576049805,15.805068016052246,10.986799240112305,32.537353515625,10.188268661499023,12.745450019836426,42.2070198059082,9.852313041687012,20.813316345214844,12.041008949279785,10.023771286010742,24.513240814208984,35.10533905029297,21.914262771606445,37.03006362915039,16.950641632080078,47.3162841796875,51.911434173583984,98.59773254394531,12.368179321289062,18.16790008544922,10.626005172729492,33.96774673461914,31.891067504882812,36.7301139831543,38.25178146362305,28.927766799926758,10.063504219055176,17.897247314453125,96.37653350830078,20.844219207763672,31.608272552490234,3.9770822525024414,25.139629364013672,6.742018222808838,25.475662231445312,40.179664611816406,35.739593505859375,28.818477630615234,5.304692268371582,16.976119995117188,13.123307228088379,18.446292877197266,23.52682876586914
2006-01-23,18.407779693603516,2.331662893295288,34.475669860839844,31.277132034301758,22.915693283081055,33.294837951660156,29.188037872314453,15.605432510375977,11.099162101745605,32.66231155395508,10.262486457824707,12.505294799804688,42.23295593261719,9.860334396362305,20.72625732421875,11.813329696655273,10.07945728302002,24.2203311920166,35.319976806640625,22.04265785217285,37.18846130371094,17.020084381103516,47.686283111572266,51.37638473510742,98.36141204833984,12.417223930358887,18.05406379699707,10.516554832458496,33.494693756103516,32.064796447753906,37.02448654174805,38.28154373168945,28.77720069885254,9.8589448928833,17.929264068603516,97.42505645751953,20.998592376708984,31.952497482299805,4.188521862030029,24.725770950317383,6.7349395751953125,25.578123092651367,40.16362762451172,35.988365173339844,28.755874633789062,5.296186923980713,17.235200881958008,13.027344703674316,18.83449935913086,23.64299774169922
2006-01-24,18.3588809967041,2.282728910446167,33.444610595703125,31.154497146606445,22.81989288330078,33.427703857421875,29.112972259521484,15.581659317016602,11.208785057067871,32.96906661987305,10.138792037963867,12.464298248291016,41.94246292114258,9.780166625976562,20.807504653930664,11.92391586303711,10.184151649475098,24.684114456176758,34.62009048461914,22.342266082763672,37.3773307800293,17.058170318603516,48.14166259765625,51.40383529663086,97.38632202148438,12.279284477233887,18.321931838989258,10.150144577026367,33.706966400146484,32.008750915527344,37.194339752197266,39.30854797363281,28.960498809814453,10.142179489135742,17.923442840576172,97.52042388916016,21.183269500732422,32.067222595214844,4.228797435760498,24.88898277282715,6.720786094665527,25.408681869506836,40.66560745239258,36.77021408081055,28.197221755981445,5.26003885269165,17.48194122314453,12.998016357421875,19.00271987915039,24.162334442138672
2006-01-25,18.442710876464844,2.227492332458496,32.960060119628906,30.771190643310547,23.041444778442383,33.7742805480957,28.742294311523438,15.7765531539917,11.274559020996094,32.74184799194336,10.237749099731445,12.423295021057129,41.97359085083008,10.028679847717285,20.40703582763672,12.08004093170166,10.239839553833008,24.39729118347168,34.06019592285156,22.048770904541016,37.81599807739258,17.661157608032227,47.6080207824707,51.76737976074219,96.79541015625,12.92604923248291,18.335323333740234,10.454691886901855,33.885868072509766,32.042388916015625,36.803688049316406,39.368080139160156,29.215789794921875,10.028536796569824,18.04275131225586,97.93099975585938,21.27974510192871,32.329490661621094,4.3395514488220215,24.772415161132812,6.586302757263184,25.03826904296875,40.991371154785156,36.6280403137207,27.994958877563477,5.234523296356201,17.259876251220703,12.966032028198242,19.096540451049805,24.45273208618164
2006-01-26,18.51256561279297,2.1713550090789795,33.038936614990234,30.638309478759766,23.706098556518555,33.97644805908203,28.25436019897461,16.13780975341797,11.367732048034668,32.60552978515625,10.328458786010742,12.587302207946777,41.875022888183594,9.972566604614258,20.27933692932129,12.086546897888184,10.317800521850586,24.653596878051758,33.92024230957031,22.87422752380371,39.70463943481445,17.33110237121582,48.8958740234375,49.31858825683594,97.56362915039062,13.278543472290039,18.489337921142578,10.764004707336426,34.2497444152832,31.907861709594727,37.92462921142578,39.680641174316406,29.392541885375977,10.299531936645508,18.208633422851562,100.74662780761719,21.800710678100586,32.76660919189453,4.415953159332275,25.058025360107422,6.561524391174316,25.219539642333984,40.345211029052734,37.20259094238281,28.20685386657715,5.227433681488037,17.543624877929688,12.864727973937988,19.203292846679688,24.377567291259766
2006-01-27,19.413740158081055,2.1623497009277344,33.07839584350586,31.32313346862793,23.801908493041992,34.507877349853516,28.329435348510742,16.49431037902832,11.50202465057373,33.0599479675293,10.716032981872559,12.692729949951172,42.030635833740234,9.948512077331543,20.34318733215332,12.216649055480957,10.210882186889648,24.409515380859375,33.896915435791016,23.118810653686523,41.14249038696289,17.76906394958496,48.782020568847656,48.91390609741211,97.35674285888672,13.180464744567871,18.79738426208496,10.940073013305664,35.79621887207031,32.25537872314453,37.46607208251953,39.66575241088867,29.327098846435547,10.444645881652832,18.24646759033203,101.87580108642578,21.533344268798828,33.209171295166016,4.405764579772949,25.454381942749023,6.572142601013184,25.645105361938477,40.265113830566406,37.11966323852539,28.317626953125,5.2968950271606445,17.808879852294922,12.998016357421875,19.242115020751953,24.736318588256836
2006-01-30,19.560447692871094,2.2515082359313965,32.90374755859375,32.25326919555664,23.861787796020508,34.161285400390625,28.50303077697754,16.380229949951172,11.441733360290527,32.74184799194336,10.695416450500488,12.68101692199707,42.34709548950195,10.108841896057129,20.325775146484375,12.288206100463867,10.337847709655762,24.409515380859375,33.896915435791016,23.253328323364258,40.82566833496094,17.565942764282227,49.116455078125,49.606689453125,97.29769897460938,13.162076950073242,18.656757354736328,10.863931655883789,36.16007995605469,32.15447998046875,37.73782730102539,39.20435333251953,29.11760902404785,10.12294864654541,18.179534912109375,102.55772399902344,21.205326080322266,33.149070739746094,4.421044826507568,24.95893096923828,6.494284629821777,25.71211051940918,39.99808120727539,36.740596771240234,27.95160484313965,5.238774299621582,17.728683471679688,13.016679763793945,19.17094612121582,24.674808502197266
2006-01-31,19.665231704711914,2.2668185234069824,32.41919708251953,32.069297790527344,23.801908493041992,34.21327590942383,27.860231399536133,16.399246215820312,11.340325355529785,32.48054885864258,10.588212966918945,12.452580451965332,42.175899505615234,10.076776504516602,20.31997299194336,12.08004093170166,10.27102279663086,24.745141983032227,33.94355773925781,23.491790771484375,41.36787796020508,17.419965744018555,48.60415267944336,49.997684478759766,96.76581573486328,13.226441383361816,18.589792251586914,10.844901084899902,36.872676849365234,31.734113693237305,38.29826354980469,39.033172607421875,28.953941345214844,10.64220905303955,18.14752960205078,103.56958770751953,21.067508697509766,33.57524490356445,4.370111465454102,25.227048873901367,6.511980056762695,25.49537467956543,40.00343704223633,36.79982376098633,27.508548736572266,5.127490520477295,19.43124008178711,12.95803451538086,19.248584747314453,24.517656326293945
2006-02-01,19.58838653564453,2.2641165256500244,32.59946823120117,31.660442352294922,23.879745483398438,34.554080963134766,27.541194915771484,16.475297927856445,11.373217582702637,32.53166580200195,10.740769386291504,12.622444152832031,42.5079345703125,10.084793090820312,20.703035354614258,12.086546897888184,10.277701377868652,24.54987335205078,34.14883804321289,24.0543212890625,42.184295654296875,17.55007553100586,50.95927429199219,52.261260986328125,97.91818237304688,13.2111177444458,18.603181838989258,10.95434856414795,37.16680908203125,31.885448455810547,38.47943115234375,39.15970993041992,28.770654678344727,10.754098892211914,18.147523880004883,103.9068374633789,21.117122650146484,33.78287887573242,4.410858631134033,25.26202964782715,6.473049640655518,25.38502311706543,39.92333221435547,37.31511306762695,27.87456703186035,5.209712028503418,18.623144149780273,12.990018844604492,19.103008270263672,25.658809661865234
2006-02-02,19.33689308166504,2.1644504070281982,32.48115921020508,31.660442352294922,23.945621490478516,34.45587921142578,27.452043533325195,16.076013565063477,11.299220085144043,32.6339225769043,10.629447937011719,12.417436599731445,42.13959503173828,9.932479858398438,20.575353622436523,11.949941635131836,10.308893203735352,24.385093688964844,33.66360855102539,23.559051513671875,41.66642379760742,17.404096603393555,51.01620101928711,51.21176528930664,97.20903015136719,13.002677917480469,19.225971221923828,10.735447883605957,36.89693832397461,31.554765701293945,38.56435012817383,39.115047454833984,28.436784744262695,10.614234924316406,17.98904800415039,104.5008316040039,21.175010681152344,33.476898193359375,4.263150691986084,25.46604347229004,6.465970039367676,25.341691970825195,39.362613677978516,37.01896667480469,27.932350158691406,5.105520248413086,18.660158157348633,12.902054786682129,18.763328552246094,25.535810470581055
2006-02-03,19.239099502563477,2.15694522857666,32.32904052734375,31.374242782592773,23.670166015625,34.47321319580078,26.978172302246094,16.346948623657227,11.203304290771484,32.57143020629883,10.423288345336914,12.205577850341797,41.48593521118164,9.788179397583008,20.87715721130371,11.806824684143066,10.132917404174805,24.299659729003906,33.173709869384766,23.987062454223633,41.50802230834961,17.30889129638672,50.425662994384766,51.184349060058594,97.06130981445312,13.024140357971191,19.57419204711914,10.592693328857422,36.78474807739258,31.308156967163086,39.017250061035156,38.94388961791992,28.207674026489258,10.612489700317383,17.91275978088379,104.66212463378906,21.070262908935547,33.56977844238281,4.207124710083008,25.454381942749023,6.593377113342285,24.62845230102539,39.015506744384766,37.13151550292969,27.595232009887695,5.082129001617432,18.505935668945312,12.67812728881836,18.59510612487793,25.457216262817383
2006-02-06,18.980619430541992,2.0203542709350586,32.03042221069336,31.670656204223633,23.616275787353516,34.536746978759766,27.60686492919922,16.08077049255371,11.219749450683594,32.247642517089844,10.344948768615723,12.129075050354004,41.2473030090332,9.820245742797852,20.970033645629883,11.598660469055176,10.04159164428711,24.098289489746094,33.206363677978516,24.10934829711914,41.85528564453125,17.185108184814453,50.61775207519531,50.41608428955078,96.76581573486328,13.002677917480469,19.212581634521484,10.645036697387695,36.166141510009766,31.061559677124023,39.63998794555664,38.86201477050781,28.390962600708008,10.493596076965332,17.915691375732422,104.72078704833984,21.031673431396484,33.728240966796875,4.1307220458984375,25.512664794921875,6.67477560043335,24.73090362548828,39.24513244628906,37.45725631713867,27.619312286376953,5.059445381164551,18.407241821289062,12.662137985229492,18.559513092041016,25.597322463989258
2006-02-07,18.819944381713867,2.0293595790863037,32.00225830078125,30.94493293762207,23.50850486755371,34.2652587890625,27.090774536132812,16.01421546936035,11.24441146850586,32.29877471923828,10.382061958312988,12.164381980895996,41.4236946105957,9.916446685791016,21.004837036132812,11.767794609069824,9.965858459472656,23.634506225585938,32.96375274658203,23.938146591186523,40.91704177856445,17.08038902282715,50.90949630737305,50.031959533691406,95.46575164794922,12.907660484313965,18.984895706176758,10.687865257263184,36.30562973022461,30.814958572387695,39.470157623291016,38.750389099121094,28.469532012939453,10.549544334411621,17.93916130065918,102.27177429199219,20.554800033569336,33.072574615478516,4.1205363273620605,25.65254783630371,6.706629276275635,23.682722091674805,38.87128829956055,37.634971618652344,27.287017822265625,5.036057949066162,18.499773025512695,12.662137985229492,18.413938522338867,25.655380249023438
2006-02-08,18.79898452758789,2.0656838417053223,33.01640319824219,31.02715301513672,23.712078094482422,34.35190963745117,27.161149978637695,16.29942512512207,11.299220085144043,32.537353515625,10.977340698242188,12.164381980895996,42.02177429199219,10.076776504516602,21.103527069091797,12.619963645935059,10.112869262695312,23.96404266357422,33.127071380615234,23.858657836914062,41.92229080200195,17.099422454833984,51.273902893066406,49.42149353027344,96.73629760742188,12.892330169677734,18.884449005126953,10.821109771728516,36.70589828491211,31.21849250793457,39.594696044921875,39.241546630859375,28.587371826171875,10.381704330444336,17.99786376953125,103.48894500732422,20.67332649230957,33.476898193359375,4.191842079162598,25.291166305541992,6.788029193878174,23.722124099731445,39.453399658203125,37.30327224731445,27.556716918945312,5.0573201179504395,18.888391494750977,12.592827796936035,18.53687858581543,25.136058807373047
2006-02-09,18.624343872070312,1.949805498123169,32.988243103027344,30.785688400268555,23.813884735107422,34.43855285644531,26.696653366088867,16.323196411132812,11.236190795898438,32.781612396240234,10.96485424041748,12.358590126037598,41.8137321472168,10.172975540161133,21.068695068359375,12.71753978729248,10.179694175720215,23.829776763916016,33.64961242675781,24.164382934570312,41.702972412109375,17.06133460998535,51.45252990722656,48.70811080932617,97.26815032958984,12.919916152954102,18.663454055786133,10.74973201751709,37.16074752807617,31.554765701293945,39.97965621948242,39.47227096557617,28.692089080810547,10.198126792907715,17.96851921081543,103.27631378173828,20.576852798461914,33.42772674560547,4.258059024810791,25.063852310180664,6.851734638214111,23.367473602294922,39.39461898803711,37.87189483642578,27.70118522644043,5.090633869171143,19.307859420776367,12.595495223999023,18.68568992614746,25.23855972290039
2006-02-10,18.645296096801758,2.0206542015075684,32.8980827331543,30.533933639526367,23.903696060180664,34.48476028442383,26.560596466064453,16.308931350708008,11.280036926269531,32.90657424926758,10.690104484558105,12.529258728027344,42.29741287231445,10.172975540161133,21.086109161376953,12.854154586791992,10.190831184387207,23.933515548706055,33.878238677978516,24.231645584106445,41.88576889038086,17.14386558532715,51.82405471801758,49.009925842285156,98.33180236816406,13.0180082321167,18.683549880981445,10.659308433532715,37.48823165893555,31.48751449584961,40.404258728027344,39.4425163269043,28.75100326538086,10.332745552062988,18.1152400970459,103.24696350097656,20.510705947875977,32.9523811340332,4.212215900421143,25.21540641784668,6.908360004425049,23.387182235717773,39.93400192260742,38.07918167114258,27.484479904174805,5.094180583953857,18.950090408325195,12.66480541229248,18.727741241455078,25.15314483642578
2006-02-13,18.435728073120117,1.9426013231277466,32.960060119628906,30.621265411376953,23.813884735107422,34.334571838378906,26.565284729003906,16.308931350708008,11.164933204650879,32.7191276550293,10.648479461669922,12.435090065002441,41.83454513549805,10.01264762878418,21.103527069091797,12.71753978729248,10.137372016906738,24.2264461517334,34.01820373535156,24.50067710876465,41.806541442871094,17.166078567504883,51.523963928222656,48.79728317260742,98.24319458007812,13.128351211547852,18.690242767333984,10.902002334594727,36.29351043701172,31.244775772094727,40.5457878112793,39.457374572753906,28.60699462890625,10.346735000610352,18.091766357421875,102.39636993408203,20.372880935668945,32.67918014526367,4.1765618324279785,25.285354614257812,6.943753242492676,23.42657470703125,40.06751251220703,38.04957580566406,27.638574600219727,5.050231456756592,18.968584060668945,12.702126502990723,18.84096908569336,25.214635848999023
2006-02-14,18.617361068725586,2.03056001663208,33.269954681396484,30.59559440612793,24.011484146118164,34.56561279296875,26.352455139160156,16.480051040649414,11.329368591308594,32.917938232421875,10.615172386169434,12.576334953308105,42.17259979248047,9.940494537353516,21.10932731628418,12.815119743347168,10.346755981445312,25.099075317382812,34.386810302734375,24.769712448120117,42.781349182128906,17.216848373413086,51.95268249511719,49.33918380737305,98.86363983154297,13.404223442077637,19.159006118774414,10.902002334594727,36.899967193603516,31.31816291809082,41.140220642089844,39.822044372558594,28.908111572265625,10.54080581665039,18.385221481323242,103.95819854736328,20.72295379638672,32.82124328613281,4.227495193481445,26.13052749633789,7.010993480682373,23.324132919311523,40.54277420043945,38.60634231567383,27.681922912597656,5.145213603973389,19.061115264892578,12.702126502990723,19.458871841430664,25.511890411376953
2006-02-15,18.84165382385254,2.0779926776885986,33.298126220703125,30.70347785949707,24.143213272094727,34.72157669067383,26.465967178344727,16.774765014648438,11.329368591308594,32.8781623840332,10.660967826843262,12.56456470489502,42.047786712646484,9.948512077331543,20.90037727355957,12.971247673034668,10.444766998291016,25.343181610107422,34.12086486816406,24.97149085998535,43.62210464477539,17.299367904663086,51.76690673828125,50.05253601074219,98.86363983154297,13.532964706420898,19.406782150268555,10.992419242858887,37.151649475097656,31.62299156188965,40.66468048095703,40.328102111816406,29.03904151916504,10.698153495788574,18.631732940673828,106.4218978881836,20.877300262451172,33.25288391113281,4.268242835998535,26.711336135864258,7.007453441619873,23.11922264099121,40.74571990966797,38.558963775634766,27.67228889465332,5.201206207275391,18.93733787536621,12.790092468261719,19.44255256652832,25.727136611938477
2006-02-16,18.79259490966797,2.118518590927124,33.23051834106445,30.95523452758789,24.442604064941406,35.07971954345703,26.62677001953125,17.102754592895508,11.397879600524902,33.34395980834961,10.744222640991211,12.56456470489502,42.0789794921875,9.972566604614258,21.10932731628418,12.997259140014648,10.386852264404297,25.544540405273438,34.08354568481445,25.423959732055664,43.84144973754883,17.39457893371582,51.8383674621582,50.73847579956055,98.53862762451172,13.597333908081055,19.487138748168945,10.940073013305664,36.86357498168945,31.814908981323242,40.71562957763672,40.543914794921875,29.255075454711914,10.75235366821289,18.766712188720703,106.97911834716797,21.045448303222656,33.493289947509766,4.2733378410339355,26.793046951293945,7.0817766189575195,23.749650955200195,40.842323303222656,38.80773162841797,27.91790771484375,5.188448429107666,18.91877555847168,12.950031280517578,19.621891021728516,25.6246395111084
2006-02-17,18.715490341186523,2.110114097595215,33.281211853027344,31.109344482421875,24.41866111755371,35.23569107055664,27.038236618041992,17.136022567749023,11.452695846557617,33.46894073486328,10.748387336730957,12.129075050354004,41.974952697753906,9.940494537353516,20.92938995361328,12.919206619262695,10.268794059753418,25.544540405273438,34.41946792602539,25.79083824157715,43.89629364013672,17.391401290893555,52.13132095336914,51.36954116821289,99.30683135986328,13.591200828552246,19.15230941772461,10.982902526855469,37.05765151977539,31.52136993408203,41.2364501953125,40.521568298339844,29.23542022705078,10.745361328125,18.666940689086914,106.71515655517578,21.048206329345703,33.225555419921875,4.303897857666016,26.798892974853516,7.071157932281494,24.22144889831543,40.92282485961914,38.9202766418457,28.202041625976562,5.165059566497803,18.615524291992188,13.046002388000488,19.586027145385742,26.031221389770508
2006-02-21,18.603334426879883,2.0737898349761963,33.32064437866211,31.217235565185547,24.37075424194336,35.166378021240234,27.383480072021484,16.91736602783203,11.469139099121094,33.423484802246094,10.673457145690918,12.134961128234863,41.865753173828125,9.892398834228516,20.69723892211914,12.73705768585205,10.188608169555664,25.550642013549805,34.15351867675781,25.326143264770508,44.22527313232422,17.23906707763672,52.19562530517578,51.122589111328125,98.56816101074219,13.483912467956543,18.871051788330078,10.887728691101074,36.566402435302734,31.32945442199707,41.315731048583984,40.08250427246094,29.16341781616211,10.486603736877441,18.637601852416992,105.1827163696289,20.791858673095703,33.20370101928711,4.2733378410339355,26.75218391418457,7.099471569061279,24.91135025024414,40.38612747192383,38.67742156982422,28.187599182128906,5.1175689697265625,19.302473068237305,13.024675369262695,19.458871841430664,26.536861419677734
2006-02-22,18.729507446289062,2.1410348415374756,33.25869369506836,30.96036720275879,24.7958927154541,35.77865982055664,27.071340560913086,17.074237823486328,11.532164573669434,33.51438522338867,10.902411460876465,11.858360290527344,42.307796478271484,10.004624366760254,20.865550994873047,12.79560661315918,10.130691528320312,25.556760787963867,34.26621627807617,25.699106216430664,44.51161575317383,17.31840705871582,53.15306854248047,51.4998664855957,99.39551544189453,13.45633316040039,19.058549880981445,11.116140365600586,37.12132263183594,31.668161392211914,41.881858825683594,40.81184387207031,29.510379791259766,10.817041397094727,18.895841598510742,106.70779418945312,21.10609245300293,33.646278381347656,4.227495193481445,26.938982009887695,7.053461074829102,24.54261016845703,40.71887969970703,39.01504135131836,28.553604125976562,5.201206207275391,19.1972713470459,13.008684158325195,19.465381622314453,26.953710556030273
2006-02-23,18.68745231628418,2.153942823410034,33.01077651977539,30.73944091796875,24.616256713867188,35.512943267822266,27.024045944213867,16.831806182861328,11.518465995788574,33.88929748535156,10.881597518920898,11.940752029418945,41.70973205566406,9.940494537353516,20.6566104888916,12.828132629394531,10.179694175720215,25.373687744140625,34.580810546875,25.46981430053711,44.07904815673828,17.343799591064453,52.8029670715332,51.23235321044922,99.00853729248047,13.31226634979248,19.08534049987793,11.040003776550293,37.58829116821289,31.572195053100586,41.60444641113281,40.61087417602539,29.700225830078125,10.713889122009277,18.895841598510742,105.55661010742188,21.139169692993164,33.247413635253906,4.161283493041992,26.83974838256836,7.1136274337768555,24.360225677490234,40.396873474121094,38.82475662231445,28.630657196044922,5.201206207275391,19.178693771362305,13.093981742858887,19.37082862854004,26.5642032623291
2006-02-24,18.666419982910156,2.145237684249878,32.72746658325195,31.04256248474121,24.945585250854492,35.52450180053711,27.265239715576172,16.6844482421875,11.57327938079834,33.82112121582031,10.977340698242188,11.981942176818848,41.6577033996582,9.988597869873047,20.511503219604492,12.912698745727539,10.124009132385254,25.40418815612793,34.7028694152832,25.50054359436035,44.292301177978516,17.334274291992188,53.095909118652344,51.27350616455078,98.65133666992188,13.471662521362305,18.891132354736328,10.93055534362793,37.77326202392578,31.62299156188965,42.22151565551758,40.83412551879883,29.929336547851562,10.780328750610352,18.94866371154785,105.70328521728516,21.144672393798828,33.23649215698242,4.1256303787231445,26.524534225463867,7.074698448181152,24.871692657470703,40.4236946105957,39.205326080322266,28.746244430541992,5.135289669036865,19.160125732421875,13.235275268554688,19.377349853515625,26.52661895751953
2006-02-27,18.96082305908203,2.1311280727386475,32.81247329711914,30.785688400268555,24.89769172668457,35.43785858154297,27.005117416381836,16.80803871154785,11.655488014221191,33.804073333740234,11.07308578491211,12.076109886169434,41.93337631225586,9.988597869873047,20.459264755249023,12.99075698852539,10.19306468963623,25.90459632873535,34.599571228027344,25.555871963500977,44.77967834472656,17.591327667236328,52.967308044433594,51.77423095703125,99.18711853027344,13.624918937683105,19.31302833557129,11.044769287109375,37.50339126586914,32.0237922668457,42.09647750854492,40.737396240234375,30.099531173706055,11.131747245788574,18.925188064575195,105.45402526855469,21.290775299072266,33.187320709228516,4.115443229675293,26.66462516784668,7.163175106048584,24.538646697998047,40.761817932128906,38.961517333984375,28.808837890625,5.154426574707031,19.73568344116211,13.187284469604492,19.644718170166016,26.42070198059082
2006-02-28,18.834651947021484,2.056076765060425,32.66514205932617,30.50310516357422,24.634218215942383,34.61763000488281,26.711889266967773,16.570375442504883,11.50202465057373,33.57686233520508,10.902411460876465,12.123186111450195,41.730533599853516,9.95652961730957,20.261924743652344,13.166397094726562,10.103962898254395,25.721521377563477,34.5526123046875,25.174718856811523,44.5237922668457,17.289844512939453,51.938392639160156,51.77423095703125,97.84758758544922,13.542153358459473,18.971500396728516,10.992419242858887,37.22138977050781,31.39719009399414,41.42006301879883,40.09737777709961,30.014429092407227,10.88697624206543,18.840089797973633,103.59892272949219,21.163982391357422,32.59721755981445,4.059415340423584,26.185972213745117,7.092395305633545,24.169923782348633,40.0963020324707,38.11711120605469,28.50063705444336,5.096305847167969,19.630470275878906,13.128637313842773,19.76861572265625,26.058544158935547
2006-03-01,19.023906707763672,2.074389696121216,32.670814514160156,31.00145721435547,24.92763328552246,34.72157669067383,27.071340560913086,16.617904663085938,11.595199584960938,33.65639114379883,10.931546211242676,12.240883827209473,41.55369186401367,10.269172668457031,20.27353858947754,13.699819564819336,10.057185173034668,25.990032196044922,34.59018325805664,25.371444702148438,45.32191467285156,17.381874084472656,52.12416076660156,52.16521453857422,97.52013397216797,13.486985206604004,19.460346221923828,10.835383415222168,37.25171661376953,31.549610137939453,41.68153762817383,40.276004791259766,30.179901123046875,10.673676490783691,18.98388671875,104.96277618408203,21.288022994995117,32.854026794433594,4.049229145050049,26.06338882446289,7.117166042327881,24.491058349609375,40.4236946105957,38.378746032714844,28.70290184020996,5.106936931610107,19.30866241455078,13.067326545715332,20.225088119506836,26.33871078491211
2006-03-02,18.904747009277344,2.0896999835968018,32.68782043457031,31.263486862182617,24.945585250854492,34.39812088012695,26.96256446838379,16.693958282470703,11.485578536987305,33.673431396484375,10.848295211791992,12.058453559875488,41.574520111083984,10.261157035827637,20.27933692932129,13.582728385925293,10.037137031555176,25.80695343017578,34.29907989501953,25.50054359436035,45.291465759277344,17.299367904663086,52.016990661621094,52.45331954956055,97.78802490234375,13.315338134765625,19.4737491607666,10.825872421264648,37.39120101928711,31.4705753326416,41.670169830322266,40.02297592163086,29.882081985473633,10.715638160705566,18.73444175720215,105.5859603881836,21.36244010925293,32.66825866699219,3.901520252227783,26.045888900756836,7.0039167404174805,24.891515731811523,40.22513961791992,38.83068084716797,28.70290184020996,5.075750827789307,19.766618728637695,13.109977722167969,20.28052520751953,26.530040740966797
2006-03-03,18.876710891723633,2.0329623222351074,32.56316375732422,31.33028221130371,24.9036865234375,34.46744155883789,26.94363784790039,16.727231979370117,11.455429077148438,33.78703689575195,10.96485424041748,11.958401679992676,41.58491516113281,10.253141403198242,20.22710418701172,13.686812400817871,10.097274780273438,25.752037048339844,34.21925735473633,25.64809226989746,45.455963134765625,17.410444259643555,52.43854522705078,51.712486267089844,98.4131851196289,13.41954517364502,19.219274520874023,10.897244453430176,37.454872131347656,31.44801139831543,41.778160095214844,40.000648498535156,29.90854263305664,10.505837440490723,18.72857093811035,107.0524673461914,21.183269500732422,32.63001251220703,3.855680227279663,25.91160774230957,7.06408166885376,24.77257537841797,40.525657653808594,39.1220703125,28.587310791015625,5.111190319061279,19.970855712890625,13.016679763793945,20.300077438354492,26.776052474975586
2006-03-06,18.862686157226562,1.9657167196273804,32.77846145629883,30.816499710083008,24.80788230895996,34.46744155883789,26.413938522338867,16.617904663085938,11.496541976928711,33.900638580322266,10.814990043640137,11.946635246276855,41.605716705322266,10.237109184265137,20.122636795043945,13.693317413330078,10.05049991607666,25.507936477661133,33.7825813293457,25.1193790435791,44.609073638916016,17.232711791992188,51.8955078125,50.45038986206055,98.5322036743164,13.388895034790039,19.065250396728516,10.854413986206055,37.000030517578125,31.88832664489746,41.31773376464844,40.000648498535156,29.921783447265625,10.402682304382324,18.699228286743164,106.33389282226562,20.97654151916504,32.739280700683594,3.9168012142181396,25.584739685058594,7.035768032073975,24.019256591796875,40.842323303222656,38.52147674560547,28.418752670288086,5.067953109741211,19.896589279174805,12.99268913269043,20.293561935424805,26.051712036132812
2006-03-07,18.967838287353516,1.9906330108642578,32.98811340332031,30.74971580505371,24.83781623840332,34.83134841918945,26.163280487060547,16.589384078979492,11.455429077148438,33.94609832763672,10.902411460876465,11.805397033691406,41.75654602050781,10.325287818908691,20.105224609375,13.57621955871582,10.083913803100586,25.336454391479492,33.9328498840332,25.439062118530273,44.49944305419922,17.34062957763672,52.27422332763672,50.615020751953125,98.68110656738281,13.34291934967041,19.366600036621094,10.74973201751709,37.44881820678711,31.956039428710938,41.56214904785156,39.88157653808594,30.193143844604492,10.331002235412598,18.925188064575195,105.7912826538086,20.910383224487305,32.59721755981445,3.896427869796753,25.765687942504883,7.131326198577881,23.583114624023438,41.27166748046875,38.6641960144043,28.33687973022461,5.088507652282715,19.63666534423828,13.011343955993652,20.143569946289062,26.07904815673828
2006-03-08,19.101011276245117,1.9711205959320068,33.28274917602539,30.677780151367188,24.909664154052734,35.2761116027832,26.068693161010742,16.66627311706543,11.57327938079834,34.128665924072266,10.894083023071289,11.775969505310059,42.198604583740234,10.30925464630127,20.12843894958496,13.569718360900879,10.083913803100586,25.20783805847168,33.98450469970703,25.512845993041992,44.10951232910156,17.943605422973633,52.03126907348633,50.896236419677734,99.51453399658203,13.327594757080078,20.136707305908203,10.863931655883789,38.08558654785156,32.37942123413086,41.73268508911133,40.06761932373047,30.252695083618164,10.626476287841797,18.90171241760254,104.47882843017578,20.76429557800293,32.27485656738281,3.845493793487549,26.396114349365234,7.244574069976807,23.610862731933594,41.32535171508789,38.83662796020508,28.603984832763672,5.149464130401611,19.537641525268555,13.051338195800781,20.013164520263672,25.60413360595703
2006-03-09,18.92577362060547,1.9191856384277344,33.03911209106445,30.27189064025879,24.580331802368164,35.466732025146484,25.75182342529297,16.584575653076172,11.619866371154785,34.231353759765625,10.902411460876465,11.622960090637207,42.136173248291016,10.293221473693848,20.041379928588867,13.296499252319336,10.077230453491211,24.889371871948242,33.712154388427734,25.371444702148438,43.5002555847168,18.178451538085938,52.702938079833984,50.47097396850586,98.82994842529297,13.238700866699219,20.170190811157227,10.802069664001465,38.09316635131836,32.22136688232422,41.829307556152344,39.591331481933594,30.14680290222168,10.589755058288574,18.754989624023438,103.89952850341797,20.780839920043945,32.05083465576172,3.9473612308502197,26.150955200195312,7.141940593719482,23.448312759399414,41.16434097290039,39.009090423583984,28.259187698364258,5.162224769592285,19.939908981323242,13.014013290405273,19.856658935546875,25.45379638671875
2006-03-10,19.044939041137695,1.8969714641571045,33.45273208618164,30.40547752380371,24.628232955932617,35.957733154296875,25.576833724975586,16.704715728759766,11.721266746520996,34.425323486328125,10.856616973876953,11.681807518005371,42.4222297668457,10.341320991516113,20.11102867126465,13.543697357177734,10.097274780273438,25.26296043395996,33.95631408691406,25.906291961669922,43.22608947753906,18.31809425354004,53.43886184692383,50.40924072265625,100.16948699951172,13.462462425231934,20.357688903808594,10.902002334594727,38.67247009277344,32.31732177734375,42.24993133544922,40.35785675048828,30.411540985107422,10.680671691894531,18.854761123657227,103.77489471435547,20.924171447753906,32.302181243896484,3.9932010173797607,26.530366897583008,7.255194664001465,23.420551300048828,41.518558502197266,39.811866760253906,28.458303451538086,5.235230922698975,19.939908981323242,13.022010803222656,19.99359130859375,25.614391326904297
2006-03-13,19.002878189086914,1.9717206954956055,33.47540283203125,30.64182472229004,24.586320877075195,35.801761627197266,26.097076416015625,16.916175842285156,11.729548454284668,34.51089859008789,10.810829162597656,11.611186981201172,42.609439849853516,10.341320991516113,19.919498443603516,13.569718360900879,10.083913803100586,25.26296043395996,33.848323822021484,25.617351531982422,43.256568908691406,18.346668243408203,53.47461700439453,50.47782897949219,100.22901916503906,13.772046089172363,20.13001251220703,10.916278839111328,38.344905853271484,32.31168746948242,41.789520263671875,40.06761932373047,30.40491485595703,10.750604629516602,18.887033462524414,103.18096923828125,20.747756958007812,32.12186050415039,4.00338888168335,26.518699645996094,7.272887706756592,23.85271644592285,41.26630783081055,40.014041900634766,28.73024559020996,5.266758918762207,20.70111846923828,12.995352745056152,20.055538177490234,25.689558029174805
2006-03-14,19.086992263793945,2.0209548473358154,33.594398498535156,31.242938995361328,24.777935028076172,34.66383743286133,26.650419235229492,16.86810874938965,11.812359809875488,34.4766731262207,10.810829162597656,11.62884521484375,43.103511810302734,10.389424324035645,19.884672164916992,13.823420524597168,10.144055366516113,25.808027267456055,34.52444839477539,26.035390853881836,43.829261779785156,17.978517532348633,53.91044616699219,51.45182418823242,100.55646514892578,13.842551231384277,20.471538543701172,10.902002334594727,38.59662628173828,32.48666763305664,42.10214614868164,40.15692901611328,30.61671257019043,10.991875648498535,19.051376342773438,109.56010437011719,21.125389099121094,32.799373626708984,3.9371747970581055,26.763866424560547,7.333053112030029,24.11836814880371,41.91571807861328,40.382720947265625,28.642833709716797,5.335548400878906,21.31998062133789,13.040671348571777,20.293561935424805,26.314800262451172
2006-03-15,19.17811393737793,1.988231897354126,33.88336944580078,31.35083770751953,24.682132720947266,34.60029602050781,26.721357345581055,16.896949768066406,11.795795440673828,34.26558303833008,10.802504539489746,11.723007202148438,43.363548278808594,10.613884925842285,20.1806697845459,13.947014808654785,10.132427215576172,25.881526947021484,34.7451171875,26.342775344848633,45.26099395751953,17.98485565185547,54.339176177978516,51.36954116821289,102.46163177490234,13.870134353637695,19.895626068115234,10.835383415222168,39.724884033203125,32.15926742553711,42.187416076660156,40.20158767700195,30.709373474121094,11.1439847946167,19.045507431030273,109.25212860107422,21.141925811767578,32.58628845214844,3.9982941150665283,26.33191680908203,7.347209930419922,24.451414108276367,41.985477447509766,40.83464431762695,28.69139289855957,5.293274402618408,21.07243537902832,13.077987670898438,20.671777725219727,26.8512020111084
2006-03-16,19.115036010742188,1.9305943250656128,34.00800704956055,31.66938018798828,24.742006301879883,34.30569076538086,27.307804107666016,16.95462417602539,11.784757614135742,34.174293518066406,10.844128608703613,11.564105987548828,43.098331451416016,10.82231330871582,20.348995208740234,13.823420524597168,10.364946365356445,26.18161964416504,35.16302490234375,26.18293571472168,45.63264083862305,17.978517532348633,54.82505798339844,50.64929962158203,102.34252166748047,13.793505668640137,19.821964263916016,10.859177589416504,40.11004638671875,32.306034088134766,43.11391830444336,40.276004791259766,30.947628021240234,10.995372772216797,19.057247161865234,108.2916030883789,21.390005111694336,32.750205993652344,4.039041519165039,26.232675552368164,7.343672275543213,24.71707534790039,41.862037658691406,41.12008285522461,28.943933486938477,5.295421123504639,21.431379318237305,13.056662559509277,20.851116180419922,26.782875061035156
2006-03-17,19.276256561279297,1.9411009550094604,34.1893310546875,31.36624526977539,24.789905548095703,34.13818359375,27.042972564697266,17.127626419067383,11.812359809875488,34.26558303833008,10.985666275024414,11.499370574951172,43.321937561035156,10.90247917175293,20.37220573425293,14.06411075592041,10.438730239868164,26.273481369018555,35.116050720214844,26.287456512451172,46.44292068481445,17.991212844848633,55.625335693359375,50.244606018066406,102.72953796386719,13.848679542541504,19.821964263916016,10.90676212310791,40.194969177246094,32.22700500488281,43.17074966430664,40.6704216003418,31.040279388427734,11.068803787231445,19.09246063232422,110.24935150146484,21.442378997802734,32.925052642822266,3.9779224395751953,26.454484939575195,7.34013032913208,24.328508377075195,41.93716812133789,41.524444580078125,28.647686004638672,5.27034330368042,21.821260452270508,13.1499605178833,20.64569854736328,26.786293029785156
2006-03-20,19.549619674682617,1.9209870100021362,34.26866149902344,31.165868759155273,24.819854736328125,34.18438720703125,26.8395938873291,17.137243270874023,11.839967727661133,34.151485443115234,11.018964767456055,11.546455383300781,43.46757125854492,10.998678207397461,20.157455444335938,14.10313606262207,10.677952766418457,26.242860794067383,35.21466827392578,26.170639038085938,46.21141052246094,18.089588165283203,55.86110305786133,49.97022247314453,102.69976043701172,13.563615798950195,19.975988388061523,10.949590682983398,40.13433074951172,32.41328048706055,43.61411666870117,40.276004791259766,31.040279388427734,11.01810073852539,19.112995147705078,111.58384704589844,21.166732788085938,32.98515319824219,4.039041519165039,26.296884536743164,7.2339606285095215,23.904260635375977,41.980106353759766,41.292545318603516,28.861371994018555,5.27320671081543,21.660367965698242,13.155294418334961,20.632652282714844,26.618871688842773
2006-03-21,19.444480895996094,1.855543613433838,34.319644927978516,31.19671058654785,24.670150756835938,34.09773635864258,26.75446128845215,17.24776840209961,11.80131721496582,33.963199615478516,10.95236873626709,11.640616416931152,43.58718490600586,10.918512344360352,20.256126403808594,13.927499771118164,10.756206512451172,26.33472442626953,35.18177795410156,25.9862117767334,45.27317428588867,18.273664474487305,55.91826629638672,49.36662292480469,102.22347259521484,13.468597412109375,19.835351943969727,10.863931655883789,39.721858978271484,32.3511962890625,43.36970901489258,39.88157653808594,30.821866989135742,10.892221450805664,19.03963851928711,109.54545593261719,20.896604537963867,33.00700759887695,4.100162029266357,26.086742401123047,7.269348621368408,23.587081909179688,41.88350296020508,41.280643463134766,28.72540283203125,5.192237854003906,21.61703872680664,13.117973327636719,20.590272903442383,26.08247184753418
2006-03-22,19.03091049194336,1.8513400554656982,34.56328582763672,31.36624526977539,25.17911720275879,34.363460540771484,26.71664810180664,17.411161422729492,11.806843757629395,34.128665924072266,10.989825248718262,11.758315086364746,43.92003631591797,11.21512508392334,20.19809341430664,13.933999061584473,10.75396728515625,26.56131935119629,35.717071533203125,26.225967407226562,46.430763244628906,18.41330337524414,56.1683349609375,49.68214416503906,102.78905487060547,13.517638206481934,19.734905242919922,12.010764122009277,40.009971618652344,33.017303466796875,43.48336410522461,39.851806640625,31.09984588623047,10.962157249450684,19.183435440063477,111.31993103027344,21.084733963012695,33.84298324584961,4.151096343994141,26.086742401123047,7.36844539642334,23.979602813720703,42.31822204589844,41.51850128173828,28.963367462158203,5.251710891723633,21.815074920654297,13.323235511779785,20.58701515197754,26.40705108642578
2006-03-23,18.820632934570312,1.8060095310211182,34.45563507080078,31.46900749206543,25.173133850097656,33.87825012207031,26.782840728759766,17.39674186706543,11.707467079162598,33.73499298095703,10.889920234680176,11.593538284301758,43.26995086669922,11.062808990478516,20.04718017578125,13.927499771118164,10.852338790893555,26.830795288085938,36.045738220214844,26.139894485473633,46.46120071411133,18.197494506835938,55.66101837158203,49.93595504760742,101.56856536865234,13.450200080871582,19.74830436706543,12.134495735168457,39.76126480102539,32.76328659057617,43.18213653564453,39.516910552978516,30.90790367126465,10.843267440795898,19.066051483154297,111.20993041992188,20.808067321777344,33.64081573486328,4.115443229675293,26.01669692993164,7.375522613525391,24.233346939086914,42.3235969543457,41.096309661865234,28.79823112487793,5.213016986846924,21.47469711303711,13.38987922668457,20.518539428710938,26.649616241455078
2006-03-24,18.932783126831055,1.8000072240829468,34.2176513671875,31.42790412902832,25.209056854248047,33.93022155761719,27.2274169921875,17.324661254882812,11.776473045349121,33.85481643676758,10.831644058227539,11.53468132019043,43.3531494140625,11.054791450500488,20.140047073364258,13.894972801208496,10.774092674255371,26.408212661743164,36.059818267822266,26.096878051757812,45.9981803894043,18.343486785888672,56.25410079956055,50.19657516479492,101.06253814697266,13.447134971618652,19.45365333557129,12.144001960754395,39.77338790893555,33.226158142089844,43.19350051879883,39.576454162597656,31.040279388427734,10.899214744567871,19.068981170654297,111.5765380859375,20.79977035522461,33.5861701965332,4.1205363273620605,25.899951934814453,7.375522613525391,24.487106323242188,42.302127838134766,40.83464431762695,28.671981811523438,5.226631164550781,21.753183364868164,13.50183391571045,20.58701515197754,26.73504638671875
2006-03-27,18.932783126831055,1.7864967584609985,33.96268844604492,31.489561080932617,25.21504020690918,33.6702995300293,27.53008460998535,17.310243606567383,11.701939582824707,33.65512466430664,10.744222640991211,11.622960090637207,43.2075309753418,11.094876289367676,20.052982330322266,14.109638214111328,10.720431327819824,26.328588485717773,36.07859420776367,25.820222854614258,45.925048828125,18.333965301513672,56.011138916015625,50.14173126220703,100.58625793457031,13.321460723876953,19.935810089111328,11.948897361755371,40.21923065185547,33.11890411376953,43.15940475463867,39.71040344238281,30.98735237121582,10.91669750213623,19.05431365966797,113.65156555175781,20.7471923828125,33.94132614135742,4.105256080627441,26.279375076293945,7.279964923858643,25.018396377563477,42.33968734741211,40.74547576904297,28.827375411987305,5.162856578826904,21.678922653198242,13.480513572692871,20.37180519104004,26.827285766601562
2006-03-28,18.85567855834961,1.762481451034546,33.77002716064453,31.314865112304688,24.885709762573242,33.23129653930664,27.364564895629883,17.132431030273438,11.638445854187012,33.341331481933594,10.552735328674316,11.52291202545166,42.86949157714844,10.894464492797852,19.913686752319336,13.87546157836914,10.675713539123535,26.328588485717773,35.8250617980957,25.764896392822266,45.614349365234375,18.15624237060547,55.382381439208984,49.805633544921875,100.02059936523438,13.168198585510254,19.875534057617188,11.844213485717773,39.958412170410156,31.82622718811035,42.9604377746582,39.12248992919922,30.48433494567871,10.776830673217773,18.799007415771484,113.03567504882812,20.376476287841797,33.908538818359375,4.1409101486206055,25.65478515625,7.202105522155762,25.276107788085938,42.3289680480957,40.40056228637695,28.448583602905273,5.161423683166504,21.36949348449707,13.472512245178223,20.440282821655273,26.957124710083008
2006-03-29,18.939804077148438,1.8711531162261963,33.719032287597656,31.484411239624023,24.957578659057617,33.352603912353516,27.72872543334961,17.204526901245117,11.638445854187012,33.32422637939453,10.506943702697754,11.664156913757324,43.23354721069336,10.998678207397461,20.08201026916504,14.031582832336426,10.742790222167969,26.27959442138672,36.41665267944336,25.9862117767334,44.883243560791016,18.29905891418457,56.575618743896484,49.40092086791992,101.00298309326172,13.155940055847168,20.13001251220703,11.868002891540527,40.20710372924805,31.792348861694336,42.91496658325195,39.07040023803711,30.42477798461914,10.843267440795898,18.840089797973633,115.04476165771484,20.639301300048828,34.36750030517578,4.207124710083008,25.6839656829834,7.205650329589844,25.692426681518555,42.72075653076172,40.83464431762695,28.424306869506836,5.218033790588379,21.251909255981445,13.55515193939209,20.635908126831055,27.269567489624023
2006-03-30,19.086992263793945,1.883762001991272,33.62837600708008,31.40221405029297,24.867753982543945,33.2890625,27.671981811523438,17.11321258544922,11.627408027648926,33.153072357177734,10.4902925491333,11.593538284301758,43.26995086669922,11.04677963256836,20.052982330322266,14.291790008544922,10.655595779418945,25.955015182495117,35.9283561706543,26.029233932495117,44.10951232910156,18.495819091796875,56.03258514404297,49.812469482421875,103.14632415771484,13.070106506347656,19.955900192260742,11.872761726379395,40.41636657714844,31.639934539794922,42.76152420043945,38.7950439453125,30.186521530151367,10.782075881958008,18.819541931152344,114.97870635986328,20.56183624267578,34.76089859008789,4.156188488006592,25.403793334960938,7.074698448181152,25.5655517578125,42.677799224853516,40.54328155517578,28.25433349609375,5.139213562011719,20.979597091674805,13.491171836853027,20.59678840637207,27.393178939819336
2006-03-31,19.072973251342773,1.8828614950180054,33.554710388183594,31.26862335205078,24.933612823486328,33.2890625,27.41658592224121,16.93058967590332,11.558395385742188,32.970497131347656,10.373733520507812,11.452295303344727,42.89029312133789,10.974630355834961,19.942716598510742,14.096631050109863,10.561695098876953,25.906021118164062,35.538631439208984,26.293603897094727,43.75004959106445,18.12132453918457,55.68245315551758,49.901641845703125,103.53323364257812,13.0180082321167,20.002775192260742,11.710966110229492,39.615692138671875,31.21656036376953,42.704673767089844,39.10760498046875,30.140182495117188,10.8782320022583,18.743244171142578,115.08870697021484,21.6380615234375,34.32380294799805,4.0543212890625,25.176132202148438,7.205650329589844,25.038219451904297,42.602657318115234,40.60867691040039,28.069782257080078,5.077587127685547,20.824886322021484,13.509838104248047,20.655479431152344,27.142528533935547
2006-04-03,19.318313598632812,1.8807603120803833,33.52640151977539,31.355974197387695,25.107267379760742,33.433467864990234,27.591577529907227,17.017091751098633,11.558395385742188,33.004737854003906,10.456991195678711,11.387557983398438,43.1971321105957,11.054791450500488,20.157455444335938,14.04458999633789,10.456613540649414,25.955015182495117,35.60905456542969,26.05999183654785,44.77967834472656,18.35300636291504,55.739627838134766,49.30488204956055,103.265380859375,13.14980411529541,19.755002975463867,11.75855541229248,39.958412170410156,31.182680130004883,42.26131057739258,39.01830291748047,30.232852935791016,11.100275039672852,18.878236770629883,115.9392318725586,21.873239517211914,34.5587272644043,3.9575486183166504,25.041879653930664,7.170252323150635,25.53778839111328,42.71001434326172,40.442195892333984,28.307750701904297,5.1098313331604,21.790327072143555,13.56847858428955,20.808727264404297,27.47215461730957
2006-04-04,19.374380111694336,1.8363302946090698,33.32807159423828,31.72588348388672,25.51777458190918,33.502777099609375,27.86115074157715,17.050735473632812,11.616363525390625,32.98191452026367,10.44865894317627,11.358129501342773,43.39995193481445,11.094876289367676,20.116830825805664,14.025075912475586,10.396249771118164,26.059133529663086,36.153724670410156,26.502614974975586,45.87633514404297,18.365703582763672,56.16120529174805,49.40092086791992,103.29511260986328,13.054789543151855,19.935810089111328,11.777587890625,40.085784912109375,31.137542724609375,42.63077163696289,39.613670349121094,30.636568069458008,11.282100677490234,19.036701202392578,118.05101013183594,22.64237403869629,35.116050720214844,3.9117062091827393,25.263681411743164,7.262272834777832,25.831199645996094,43.28428649902344,41.14387130737305,28.45343017578125,5.093352794647217,22.254467010498047,13.50450325012207,21.020668029785156,27.626657485961914
2006-04-05,19.444480895996094,2.0176525115966797,33.09011459350586,31.93653106689453,25.68075942993164,33.28327941894531,28.14019012451172,17.29582405090332,11.580475807189941,33.02753448486328,10.477801322937012,11.464068412780762,43.77439880371094,11.183058738708496,20.203889846801758,14.109638214111328,10.478970527648926,26.120372772216797,36.369693756103516,26.42885398864746,46.18095779418945,18.400615692138672,56.52559280395508,49.97710037231445,102.46163177490234,13.076244354248047,19.882240295410156,11.811285018920898,39.96446228027344,30.97382354736328,42.562564849853516,39.45703125,30.80865478515625,11.173707962036133,19.112995147705078,117.8676528930664,22.5704288482666,35.13788986206055,3.855680227279663,25.38627815246582,7.244574069976807,26.390241622924805,43.423824310302734,41.28659439086914,28.23004722595215,5.100517749786377,23.01568031311035,13.531163215637207,21.069568634033203,27.781177520751953
2006-04-06,19.318313598632812,2.1386330127716064,33.14676284790039,31.90056800842285,25.529848098754883,33.213966369628906,28.097618103027344,16.7431640625,11.508706092834473,33.101707458496094,10.444499015808105,11.40521240234375,43.58718490600586,11.062808990478516,20.08201026916504,13.777881622314453,10.409663200378418,25.808027267456055,38.21025466918945,26.342775344848633,46.08956527709961,18.416475296020508,57.03291320800781,49.28429412841797,102.72953796386719,13.140618324279785,20.92690658569336,11.941232681274414,39.527732849121094,30.753681182861328,42.33519744873047,38.98712158203125,30.577007293701172,10.789067268371582,19.057247161865234,118.81359100341797,22.63130760192871,35.24171447753906,3.896427869796753,25.61976432800293,7.141940593719482,26.663818359375,43.659950256347656,41.18549346923828,27.98237419128418,5.048923492431641,22.848590850830078,13.4855318069458,20.98478889465332,27.46871566772461
2006-04-07,19.101011276245117,2.0951035022735596,32.76714324951172,31.510112762451172,25.17367935180664,33.086883544921875,27.738189697265625,16.565359115600586,11.414839744567871,32.97617721557617,10.277989387512207,11.322821617126465,42.895511627197266,11.022726058959961,20.24451446533203,13.537189483642578,10.288933753967285,25.783523559570312,38.04591751098633,26.066133499145508,45.64481735229492,18.264144897460938,56.854278564453125,48.72184371948242,101.30067443847656,12.901524543762207,20.88003158569336,11.796839714050293,38.54203796386719,30.223058700561523,41.95436096191406,38.56196212768555,30.27256202697754,10.75235366821289,18.889970779418945,118.065673828125,22.310359954833984,34.84285354614258,3.870961904525757,25.292877197265625,7.057000637054443,26.1523494720459,43.86927032470703,41.19145202636719,27.841529846191406,4.998046875,22.310176849365234,13.439913749694824,20.60004997253418,27.341678619384766
2006-04-10,19.12905502319336,2.0614821910858154,32.699134826660156,31.823511123657227,25.28234100341797,33.01179885864258,28.24423599243164,16.541322708129883,11.450728416442871,33.14164733886719,10.261340141296387,11.393441200256348,42.697845458984375,11.086861610412598,20.517311096191406,13.654289245605469,10.217388153076172,25.59980010986328,38.02243423461914,26.207530975341797,45.96769714355469,18.343486785888672,57.726009368896484,48.52289962768555,100.97325134277344,12.929118156433105,20.652353286743164,11.681333541870117,38.3752326965332,30.127084732055664,42.028263092041016,38.67385482788086,30.232852935791016,10.817041397094727,18.90171241760254,119.12149810791016,22.611936569213867,35.07233428955078,3.830213785171509,25.520526885986328,7.071157932281494,26.445758819580078,43.77803039550781,41.33416748046875,27.948375701904297,5.018827438354492,22.402997970581055,13.445283889770508,20.538103103637695,27.530534744262695
2006-04-11,19.01690101623535,2.0410678386688232,32.721805572509766,31.854341506958008,25.119342803955078,32.630550384521484,28.12127113342285,16.368316650390625,11.39827823638916,32.98191452026367,10.136446952819824,11.275740623474121,42.20899200439453,11.094876289367676,20.63338851928711,13.680306434631348,10.172676086425781,25.373199462890625,37.933231353759766,25.75258445739746,46.704917907714844,18.108631134033203,57.56879806518555,48.17993927001953,101.36021423339844,12.794835090637207,20.29742431640625,11.628384590148926,37.45625686645508,29.97466278076172,41.56214904785156,38.226314544677734,30.153427124023438,10.561783790588379,18.89290428161621,116.69451141357422,22.26610565185547,34.419395446777344,3.651946544647217,25.10024642944336,7.025148391723633,26.70743179321289,43.617008209228516,40.97142028808594,27.754121780395508,4.967236518859863,22.61960792541504,13.227906227111816,20.417465209960938,27.7949275970459
2006-04-12,19.065967559814453,2.0026419162750244,32.78980255126953,31.57689666748047,25.294418334960938,32.59013366699219,27.74764060974121,16.26739501953125,11.359637260437012,33.0218505859375,10.165595054626465,11.252202033996582,41.99576950073242,11.04677963256836,20.42444610595703,13.673794746398926,10.262100219726562,25.103731155395508,38.07877731323242,26.103017807006836,47.4238166809082,18.051511764526367,59.45513153076172,47.9947509765625,102.58065795898438,12.853480339050293,20.217069625854492,11.58025074005127,37.48963165283203,30.15529441833496,41.391632080078125,38.18156814575195,30.259319305419922,10.680671691894531,18.895841598510742,116.9658203125,22.329736709594727,34.6114387512207,3.707972526550293,25.106069564819336,6.936671733856201,26.69554328918457,43.71898651123047,40.436256408691406,27.82212257385254,4.986581802368164,23.139455795288086,13.238633155822754,20.635908126831055,28.85932731628418
2006-04-13,18.974838256835938,1.9954372644424438,32.81247329711914,31.62827491760254,25.46947479248047,32.694095611572266,27.79966163635254,16.310649871826172,11.389999389648438,33.016143798828125,10.198893547058105,11.44640827178955,42.63545227050781,10.966611862182617,20.22710418701172,13.777881622314453,10.233038902282715,25.183340072631836,38.01775360107422,26.687042236328125,46.875511169433594,17.962648391723633,59.25507354736328,48.0633430480957,100.88385772705078,12.81026840209961,20.538501739501953,11.570624351501465,38.047672271728516,30.070632934570312,41.397308349609375,38.19648742675781,30.265947341918945,10.74011516571045,18.972129821777344,116.89984130859375,22.409971237182617,34.55656814575195,3.7436277866363525,25.170297622680664,6.979143142700195,26.62021255493164,43.79412078857422,40.63248062133789,27.80267906188965,4.94430685043335,22.805259704589844,13.053466796875,20.665266036987305,29.0859432220459
2006-04-17,18.813615798950195,1.9456034898757935,32.66514205932617,31.880043029785156,25.354780197143555,32.36484909057617,28.05506706237793,16.243370056152344,11.329268455505371,32.7422981262207,10.17391586303711,11.29339599609375,42.45863723754883,11.014710426330566,19.919498443603516,13.569718360900879,10.244216918945312,24.730140686035156,37.68437576293945,26.361223220825195,46.57695770263672,17.85474967956543,58.840641021728516,47.747798919677734,99.09786987304688,12.696053504943848,20.290727615356445,11.767961502075195,37.668575286865234,29.923864364624023,41.81794738769531,38.039859771728516,30.1004695892334,10.698153495788574,18.9163818359375,118.74021911621094,22.623003005981445,34.902259826660156,3.7334392070770264,24.72665786743164,6.922515869140625,27.092041015625,43.49357986450195,40.94168472290039,27.724994659423828,4.921374320983887,22.427751541137695,13.128605842590332,20.697864532470703,29.40181541442871
2006-04-18,19.079975128173828,1.9879322052001953,32.937110900878906,32.645572662353516,25.716976165771484,32.4399299621582,28.788129806518555,16.570158004760742,11.401040077209473,33.13595199584961,10.377896308898926,11.41109848022461,43.327152252197266,11.223135948181152,20.012361526489258,13.966529846191406,10.373891830444336,25.305835723876953,38.308841705322266,27.14811897277832,48.07572555541992,18.00707244873047,59.519447326660156,48.68067169189453,100.82442474365234,12.865830421447754,20.39118003845215,11.95086669921875,38.15383529663086,30.76495933532715,42.71603012084961,39.00948715209961,30.418155670166016,10.811797142028809,19.09246063232422,121.3871841430664,23.00480842590332,36.01608657836914,3.804745674133301,24.99517250061035,7.007453441619873,28.007915496826172,44.22348403930664,41.48877716064453,28.006650924682617,4.975833892822266,22.761945724487305,13.139345169067383,20.573965072631836,30.407873153686523
2006-04-19,18.946805953979492,1.9708200693130493,32.874778747558594,33.03603744506836,25.729063034057617,32.56772232055664,28.85433578491211,16.531713485717773,11.508706092834473,33.13595199584961,10.332103729248047,11.511141777038574,42.57304763793945,11.47165298461914,20.052982330322266,13.829923629760742,10.389540672302246,24.950620651245117,38.44502639770508,26.76081657409668,48.11225128173828,18.0673770904541,60.70553207397461,46.8492431640625,100.88385772705078,12.760885238647461,20.083141326904297,11.902734756469727,37.46536636352539,30.849647521972656,43.187808990478516,38.68877029418945,30.477724075317383,11.387006759643555,18.995620727539062,122.48704528808594,23.035226821899414,35.75271987915039,3.870961904525757,25.36292839050293,7.032227516174316,28.06342124938965,44.28787612915039,41.780155181884766,27.78325653076172,4.941438674926758,23.33130645751953,13.163496017456055,20.59678840637207,30.277389526367188
2006-04-20,18.946805953979492,2.0302605628967285,32.98811340332031,32.840797424316406,25.716976165771484,32.6780891418457,28.39085578918457,16.820053100585938,11.541831970214844,32.69093704223633,10.386216163635254,11.44640827178955,42.65626907348633,11.343387603759766,20.360605239868164,13.680306434631348,10.373891830444336,24.99349594116211,38.7830696105957,26.94524383544922,47.653873443603516,18.172704696655273,61.09136199951172,46.9932746887207,101.56856536865234,12.936829566955566,19.914838790893555,11.883480072021484,37.16813659667969,30.268211364746094,43.65392303466797,39.11391830444336,30.629941940307617,11.392250061035156,19.083650588989258,123.5869140625,23.203996658325195,35.653953552246094,4.049229145050049,24.99517250061035,7.039304733276367,27.698667526245117,44.0356330871582,41.9466667175293,27.80267906188965,5.018827438354492,23.083763122558594,13.163496017456055,21.473880767822266,29.99241065979004
2006-04-21,19.03091049194336,2.0125491619110107,33.07310104370117,33.39567947387695,25.6566219329834,32.72453689575195,29.076623916625977,16.695110321044922,11.552874565124512,32.63389205932617,10.352919578552246,11.216891288757324,42.46904373168945,11.447603225708008,20.08201026916504,13.452624320983887,10.244216918945312,24.668901443481445,39.93811798095703,26.773101806640625,47.5927619934082,18.147167205810547,61.777305603027344,45.834049224853516,101.1220703125,12.964612007141113,19.70026969909668,11.93642807006836,36.42204666137695,29.878707885742188,43.79032897949219,38.97219467163086,31.020431518554688,11.280355453491211,19.083650588989258,121.88963317871094,23.13483428955078,35.68138122558594,3.728346824645996,24.75585174560547,6.961447238922119,28.745393753051758,44.0248908996582,41.893131256103516,27.773550033569336,5.054654598236084,23.43032455444336,13.1366548538208,21.715152740478516,30.064516067504883
2006-04-24,19.002878189086914,1.9738224744796753,33.05043411254883,33.09254837036133,25.76528549194336,32.87556457519531,28.844873428344727,16.517297744750977,11.472818374633789,32.6738166809082,10.319622993469238,11.128613471984863,42.70307159423828,11.607935905456543,19.884672164916992,13.19892692565918,10.181614875793457,24.546417236328125,40.12593078613281,26.570234298706055,47.293277740478516,18.300355911254883,61.520111083984375,45.7791862487793,101.00298309326172,12.699146270751953,19.626497268676758,11.835343360900879,36.315879821777344,29.669843673706055,44.102943420410156,38.62162780761719,31.152803421020508,11.109016418457031,19.104198455810547,121.49291229248047,23.148658752441406,35.83501052856445,3.5449845790863037,24.633268356323242,6.950830936431885,27.690717697143555,44.00344467163086,42.356971740722656,28.419443130493164,5.1098313331604,23.646923065185547,13.077617645263672,21.744497299194336,29.693695068359375
2006-04-25,19.002878189086914,1.986430287361145,32.98245620727539,32.85620880126953,25.48758888244629,33.26472091674805,28.570573806762695,16.454824447631836,11.414839744567871,32.80504608154297,10.290472984313965,11.269857406616211,42.99430847167969,11.744214057922363,19.646696090698242,13.316017150878906,10.201741218566895,24.472919464111328,39.82071304321289,26.87762451171875,45.7958984375,18.30354881286621,60.81273651123047,45.64885330200195,101.1220703125,12.717659950256348,19.38511848449707,11.883480072021484,36.02777099609375,29.472267150878906,43.31285858154297,38.271087646484375,31.16603660583496,10.738367080688477,19.10125732421875,119.61925506591797,23.107166290283203,35.319252014160156,3.5551726818084717,24.411453247070312,6.872966766357422,27.060306549072266,43.41844177246094,41.06657409667969,28.31260871887207,5.132046222686768,22.693859100341797,13.182279586791992,21.87491798400879,28.831846237182617
2006-04-26,18.995872497558594,2.045870780944824,33.16942596435547,32.41950225830078,25.753204345703125,33.69454574584961,28.480716705322266,16.493268966674805,11.516987800598145,33.010433197021484,10.394545555114746,11.46994400024414,43.34794998168945,11.800331115722656,19.797603607177734,13.485151290893555,10.279988288879395,24.540292739868164,40.15410232543945,27.09278678894043,46.419288635253906,18.8142032623291,60.66981887817383,45.60084533691406,101.59835815429688,12.689884185791016,19.68013572692871,12.018240928649902,35.94587326049805,29.489206314086914,42.95476531982422,38.71115493774414,31.576366424560547,10.019795417785645,19.250926971435547,120.0600814819336,23.796064376831055,35.3411979675293,3.6926920413970947,24.65078353881836,6.940211296081543,26.624168395996094,43.46138000488281,40.46598815917969,28.521427154541016,5.114130973815918,22.854772567749023,13.1366548538208,21.966211318969727,29.63189697265625
2006-04-27,19.101011276245117,2.082195281982422,33.23176574707031,32.070125579833984,26.531970977783203,33.90947341918945,28.367212295532227,16.627824783325195,11.608077049255371,33.13595199584961,10.3487548828125,11.817168235778809,43.623592376708984,11.968677520751953,20.093612670898438,13.647780418395996,10.203973770141602,24.632150650024414,40.017940521240234,26.514917373657227,45.875335693359375,18.970590591430664,60.09104537963867,46.21132278442383,102.49142456054688,12.973868370056152,19.921531677246094,12.16263484954834,32.324615478515625,29.77709197998047,43.011592864990234,40.0537109375,32.45661926269531,9.927132606506348,19.711658477783203,120.47887420654297,23.505571365356445,35.64845657348633,3.667226552963257,24.475658416748047,6.929593086242676,26.24355125427246,43.71364212036133,40.24595642089844,28.623422622680664,5.1542582511901855,22.396812438964844,13.214485168457031,21.943391799926758,29.487674713134766
2006-04-28,16.928054809570312,2.113116979598999,33.20907974243164,32.40921401977539,27.395231246948242,33.81072998046875,28.85906410217285,16.541322708129883,11.583234786987305,33.22723388671875,10.544411659240723,11.758315086364746,42.82268142700195,11.696113586425781,20.064594268798828,13.62825870513916,10.06759262084961,24.454545974731445,40.11183547973633,26.127609252929688,46.29094696044922,18.86846351623535,59.626609802246094,46.43766403198242,102.96769714355469,13.193039894104004,19.928239822387695,12.21557903289795,32.45199203491211,29.873048782348633,43.142337799072266,40.135780334472656,33.03904342651367,10.05301570892334,20.15771484375,117.77497863769531,23.29253578186035,35.28084182739258,3.5897490978240967,24.475658416748047,7.170252323150635,26.52505111694336,43.50968551635742,39.78213119506836,28.424306869506836,5.242396354675293,22.489641189575195,13.241320610046387,21.88471031188965,30.140058517456055
2006-05-01,17.02618980407715,2.089399814605713,33.1977653503418,32.58390808105469,27.03302764892578,33.61903762817383,28.930007934570312,16.454824447631836,11.585999488830566,33.187286376953125,10.456991195678711,11.46994400024414,42.76546859741211,11.688096046447754,19.94851303100586,13.634770393371582,10.26881217956543,24.82813262939453,39.89584732055664,26.484176635742188,46.223724365234375,18.75037384033203,59.91956329345703,45.861488342285156,102.37228393554688,13.06338882446289,20.028820037841797,12.032682418823242,31.900001525878906,29.523082733154297,43.75621032714844,39.389892578125,32.549285888671875,10.121196746826172,19.955244064331055,114.95348358154297,22.647905349731445,34.655338287353516,3.5690884590148926,24.294696807861328,7.202105522155762,26.88188362121582,43.40772247314453,39.9962043762207,28.468015670776367,5.187938213348389,23.51695442199707,13.418451309204102,21.907516479492188,30.43192481994629
2006-05-02,16.829919815063477,2.1500394344329834,33.24308395385742,33.22612762451172,27.46767234802246,33.75263595581055,29.70092010498047,16.570158004760742,11.660531997680664,33.06178283691406,10.481968879699707,11.528792381286621,42.86428451538086,11.567851066589355,19.97172737121582,13.914485931396484,10.320231437683105,24.619903564453125,39.6751823425293,26.90221405029297,47.354427337646484,18.95143699645996,60.96992111206055,45.26472091674805,102.64024353027344,13.010912895202637,20.203163146972656,12.02786922454834,31.997051239013672,29.314212799072266,43.7164421081543,39.18105697631836,32.734588623046875,9.580957412719727,19.922950744628906,116.70222473144531,22.82219696044922,35.193050384521484,3.5690884590148926,24.21881103515625,7.049924850463867,27.429046630859375,43.810245513916016,40.01998519897461,28.657400131225586,5.223766326904297,25.930538177490234,13.367454528808594,22.135766983032227,31.362403869628906
2006-05-03,16.241121292114258,2.1356308460235596,33.061771392822266,32.763729095458984,27.44353675842285,32.654850006103516,29.27525520324707,16.411569595336914,11.572198867797852,33.34706115722656,10.477801322937012,11.333598136901855,43.00990676879883,11.479673385620117,20.23291015625,13.979541778564453,10.438730239868164,24.724023818969727,40.332523345947266,26.87148094177246,47.73333740234375,18.941865921020508,61.355751037597656,45.53911209106445,102.402099609375,13.041783332824707,20.115991592407227,11.979741096496582,27.296062469482422,29.331140518188477,43.165069580078125,39.06918716430664,32.62871551513672,9.809993743896484,19.917041778564453,116.93729400634766,22.672801971435547,34.797996520996094,3.5019426345825195,24.014509201049805,7.021607875823975,26.762943267822266,43.820960998535156,40.24595642089844,28.511720657348633,5.240246772766113,26.809341430664062,13.305730819702148,22.285747528076172,31.14954376220703
2006-05-04,16.430376052856445,2.135331630706787,33.01077651977539,32.527400970458984,27.582372665405273,32.445743560791016,29.322561264038086,16.48846435546875,11.616363525390625,33.51250076293945,10.498614311218262,11.440069198608398,42.86949157714844,11.455615997314453,20.22710418701172,14.220231056213379,10.373891830444336,24.656648635864258,40.60015869140625,27.123525619506836,48.167259216308594,19.082294464111328,61.90595626831055,45.923221588134766,103.59280395507812,13.12821102142334,20.303743362426758,12.047123908996582,27.356725692749023,29.36500358581543,43.02297592163086,39.34515380859375,33.05229187011719,9.650893211364746,20.162485122680664,116.12171173095703,22.811138153076172,35.00648880004883,3.527768850326538,23.903602600097656,7.092395305633545,26.38629150390625,44.22348403930664,40.2400016784668,28.735103607177734,5.277506351470947,24.754690170288086,13.308414459228516,22.19445037841797,30.871414184570312
2006-05-05,16.68271827697754,2.1581461429595947,33.260093688964844,32.88189697265625,28.161924362182617,32.37022399902344,29.488088607788086,16.570158004760742,11.790276527404785,33.76352310180664,10.577710151672363,11.540630340576172,43.311561584472656,11.583883285522461,20.436058044433594,14.148675918579102,10.563928604125977,25.287450790405273,40.989864349365234,27.123525619506836,48.882354736328125,19.2546443939209,63.21351623535156,46.032981872558594,104.66445922851562,13.202296257019043,20.759706497192383,12.16745376586914,27.866243362426758,29.88435173034668,43.42085647583008,40.091026306152344,33.40304946899414,9.834466934204102,20.366535186767578,120.78746032714844,23.104400634765625,35.955718994140625,3.5794196128845215,24.248003005981445,7.294122219085693,26.505218505859375,44.733333587646484,40.53732681274414,28.963367462158203,5.2889723777771,25.187908172607422,13.335248947143555,22.262916564941406,31.02592658996582
2006-05-08,16.633647918701172,2.1581461429595947,33.265743255615234,32.732906341552734,27.829883575439453,32.72453689575195,29.327285766601562,16.555742263793945,11.9724702835083,33.603763580322266,10.631828308105469,11.89554214477539,43.26457595825195,11.407520294189453,20.540517807006836,14.15517807006836,10.635473251342773,25.1159725189209,41.379573822021484,26.631715774536133,48.83347702026367,19.4078369140625,62.58473587036133,46.67776107788086,104.18816375732422,13.109689712524414,20.652416229248047,12.085627555847168,28.196836471557617,29.867412567138672,43.40947723388672,39.97913360595703,33.164794921875,9.881677627563477,20.224586486816406,120.1556167602539,23.04352378845215,35.88440704345703,3.6000797748565674,24.475658416748047,7.308276176452637,26.552814483642578,44.60454559326172,40.781131744384766,29.22559928894043,5.273922920227051,26.747455596923828,13.418451309204102,22.39426612854004,31.3109188079834
2006-05-09,16.556554794311523,2.1323304176330566,33.06743240356445,32.851070404052734,27.781599044799805,32.81748580932617,29.729267120361328,16.546131134033203,12.055291175842285,33.495365142822266,10.619339942932129,11.771324157714844,43.44206237792969,11.311322212219238,20.7958984375,14.10313606262207,10.702543258666992,25.330331802368164,41.12132263183594,26.60713005065918,49.591331481933594,19.171659469604492,62.870521545410156,46.57487869262695,104.18816375732422,13.041783332824707,20.578659057617188,12.061562538146973,26.910892486572266,29.46098518371582,43.10822296142578,39.9567756652832,33.21772766113281,10.026788711547852,20.197975158691406,121.7867660522461,22.94670295715332,36.0764274597168,3.7033824920654297,24.370586395263672,7.156096458435059,26.632110595703125,44.599159240722656,40.56111145019531,29.536407470703125,5.290404796600342,27.98518943786621,13.394292831420898,22.430383682250977,31.21133804321289
2006-05-10,16.661693572998047,2.1194210052490234,33.044776916503906,32.98533630371094,27.72123146057129,32.72453689575195,29.738746643066406,16.66146469116211,12.030440330505371,33.56953430175781,10.522685050964355,11.582036018371582,43.26978302001953,11.41553783416748,20.87135887145996,13.498164176940918,10.682424545288086,25.238468170166016,41.1541862487793,26.932958602905273,49.487422943115234,18.98655128479004,63.766719818115234,46.32793426513672,103.29511260986328,12.899784088134766,20.397613525390625,12.008617401123047,28.060361862182617,29.38759422302246,43.585697174072266,39.99405288696289,33.20451736450195,9.928879737854004,20.0944766998291,120.5670166015625,22.83880615234375,35.780155181884766,3.6465654373168945,24.142925262451172,7.152560710906982,26.846193313598633,44.46499252319336,40.442195892333984,29.774370193481445,5.2087178230285645,27.84903907775879,13.36477279663086,22.48292350769043,31.17700958251953
2006-05-11,16.276174545288086,2.045870780944824,33.33940887451172,32.768455505371094,27.256393432617188,32.323753356933594,29.658344268798828,16.584575653076172,11.975231170654297,33.28998565673828,10.426029205322266,11.451898574829102,43.04013442993164,11.150988578796387,20.517311096191406,13.042802810668945,10.563928604125977,24.938365936279297,40.92880630493164,26.76696014404297,48.66232681274414,18.852500915527344,63.24336624145508,46.14958190917969,102.72953796386719,12.970785140991211,20.035526275634766,11.849787712097168,28.478891372680664,29.080413818359375,43.329917907714844,39.315311431884766,32.886817932128906,9.895662307739258,19.955472946166992,117.03287506103516,22.332500457763672,35.25889587402344,3.6775565147399902,23.728487014770508,7.037164688110352,26.517126083374023,44.119937896728516,40.25190353393555,29.648103713989258,5.112698554992676,28.00375747680664,13.15007495880127,22.446807861328125,30.428476333618164
2006-05-12,16.241121292114258,2.0323615074157715,33.333744049072266,32.13850021362305,26.755334854125977,31.952035903930664,29.029335021972656,16.478853225708008,11.920027732849121,33.455448150634766,10.295757293701172,11.262614250183105,43.00358963012695,11.207106590270996,20.24451446533203,13.231447219848633,10.405194282531738,24.497417449951172,40.6471061706543,26.37966537475586,47.55610275268555,18.906753540039062,62.383018493652344,46.71892166137695,102.04481506347656,12.785578727722168,19.61979103088379,11.690954208374023,28.35758399963379,28.693572998046875,42.41477584838867,39.44957733154297,32.5625114440918,9.710338592529297,19.860849380493164,114.70358276367188,21.83173179626465,34.72666549682617,3.6723899841308594,23.331552505493164,7.0726728439331055,25.84705924987793,43.59693908691406,39.645355224609375,29.82292938232422,5.0446248054504395,27.29205322265625,13.1420316696167,22.098739624023438,30.77526092529297
2006-05-15,16.290380477905273,2.0350630283355713,33.979679107666016,32.01457595825195,26.888134002685547,32.27729797363281,28.641515731811523,16.671077728271484,12.129825592041016,34.065914154052734,10.459651947021484,11.428242683410645,43.26457595825195,11.199089050292969,20.296749114990234,13.374564170837402,10.604177474975586,24.803638458251953,40.905357360839844,26.50876235961914,47.3482780456543,19.037612915039062,61.55850601196289,47.89871597290039,102.87837982177734,13.057214736938477,19.847780227661133,11.772780418395996,28.0694522857666,29.450178146362305,42.88087844848633,39.62858581542969,32.794166564941406,9.979583740234375,20.008708953857422,112.52142333984375,21.936872482299805,34.05725860595703,3.6827211380004883,23.699298858642578,7.1862874031066895,25.184917449951172,43.844970703125,39.79400634765625,30.12887954711914,5.114847183227539,26.704130172729492,13.362091064453125,21.89188003540039,30.050779342651367
2006-05-16,16.19186019897461,1.9507073163986206,34.13833999633789,31.993885040283203,26.755334854125977,32.55030059814453,28.85906410217285,16.877731323242188,12.102222442626953,34.0373649597168,10.463855743408203,11.274438858032227,42.8835563659668,11.375455856323242,20.140047073364258,13.146881103515625,10.747265815734863,23.548147201538086,40.7363166809082,26.582536697387695,47.268829345703125,19.340803146362305,61.94563293457031,47.5969123840332,103.56307220458984,13.168338775634766,19.566162109375,11.825724601745605,28.666933059692383,29.467241287231445,43.05706787109375,39.516693115234375,32.853721618652344,9.920138359069824,20.08559799194336,112.19815063476562,21.723831176757812,34.05177688598633,3.6259052753448486,23.33738899230957,7.111726760864258,25.62898063659668,43.543025970458984,39.62751388549805,29.87150001525879,5.141361713409424,27.310609817504883,13.335248947143555,22.023216247558594,30.665395736694336
2006-05-17,15.994821548461914,1.9591124057769775,34.07034683227539,31.074783325195312,26.109375,32.13789749145508,28.114933013916016,16.502885818481445,12.022161483764648,34.031681060791016,10.199106216430664,11.037832260131836,42.41902160644531,11.102892875671387,20.05879020690918,13.127371788024902,10.508991241455078,23.278667449951172,39.848899841308594,25.95648956298828,46.39482879638672,19.462085723876953,60.06002426147461,46.89725112915039,102.46163177490234,12.912137985229492,19.358293533325195,11.613945007324219,28.26355743408203,29.012144088745117,41.67584228515625,38.78573989868164,32.13894271850586,9.7557954788208,19.656803131103516,108.89901733398438,21.20369529724121,32.915985107421875,3.5690884590148926,23.270151138305664,7.086874008178711,25.180957794189453,42.98766326904297,39.116127014160156,29.473270416259766,5.0883331298828125,26.169321060180664,13.324522972106934,21.6062068939209,29.683385848999023
2006-05-18,16.065195083618164,1.896671175956726,34.07600402832031,30.92503547668457,25.8015079498291,31.882322311401367,28.000457763671875,16.882539749145508,12.022161483764648,33.48396682739258,10.039416313171387,11.031917572021484,42.100616455078125,11.038763999938965,19.989139556884766,13.19892692565918,10.594249725341797,23.52363395690918,39.72145080566406,25.591869354248047,45.606414794921875,19.18124008178711,59.314388275146484,46.0261116027832,101.65787506103516,12.952261924743652,19.1772518157959,11.623576164245605,28.318153381347656,28.8756160736084,41.5280647277832,38.71860885620117,31.847732543945312,9.397381782531738,19.420211791992188,108.031982421875,21.004497528076172,32.84465408325195,3.56392502784729,23.603418350219727,7.079771995544434,24.897844314575195,42.86366653442383,39.187477111816406,29.17218589782715,5.050355434417725,24.686861038208008,13.31646728515625,21.415754318237305,28.708250045776367
2006-05-19,15.875205993652344,1.936598539352417,33.94001770019531,31.21419334411621,25.807544708251953,31.45250701904297,27.8907413482666,16.541322708129883,12.049768447875977,33.432613372802734,10.00999927520752,10.86037540435791,41.90228271484375,10.982643127441406,19.82082748413086,13.57621955871582,10.616687774658203,23.848236083984375,39.796974182128906,25.907052993774414,44.48184585571289,18.980165481567383,60.662254333496094,46.43082046508789,101.6875991821289,12.909049034118652,19.190654754638672,11.633201599121094,28.281749725341797,29.01782989501953,42.24993133544922,38.95728302001953,31.947011947631836,9.605438232421875,19.535551071166992,109.78077697753906,21.472061157226562,32.88854217529297,3.631070852279663,24.08869743347168,7.069118976593018,25.009483337402344,43.10090255737305,39.52642059326172,29.041061401367188,5.087619304656982,24.93497657775879,13.29767894744873,21.491270065307617,28.89710807800293
2006-05-22,16.100379943847656,1.9026752710342407,33.917362213134766,31.384599685668945,25.741134643554688,31.52801513671875,27.771488189697266,16.536516189575195,12.035967826843262,33.814876556396484,9.967970848083496,10.653339385986328,41.766571044921875,10.862396240234375,19.751169204711914,13.400588035583496,10.623414993286133,23.572641372680664,39.523197174072266,25.64130210876465,44.53683090209961,19.146129608154297,61.45094680786133,46.4994010925293,101.41975402832031,12.887443542480469,18.875505447387695,11.483994483947754,28.090681076049805,28.8187313079834,42.073734283447266,38.71115493774414,31.94039535522461,9.559979438781738,19.70706558227539,107.38542175292969,21.527402877807617,32.4660530090332,3.56392502784729,24.11793327331543,7.1472272872924805,24.949697494506836,43.295013427734375,40.11514663696289,29.12360954284668,5.076869010925293,24.8109130859375,13.354036331176758,21.120220184326172,28.594924926757812
2006-05-23,16.03705596923828,1.8957709074020386,33.99668502807617,31.18321418762207,25.457412719726562,31.649995803833008,27.71424674987793,16.550933837890625,12.030440330505371,34.077308654785156,10.081435203552246,10.617849349975586,41.66739273071289,10.798266410827637,19.46097183227539,13.25096607208252,10.661553382873535,23.174560546875,39.38630294799805,25.251951217651367,45.05636215209961,18.967397689819336,61.04944610595703,45.8546257019043,101.24115753173828,12.884354591369629,19.284534454345703,11.546563148498535,28.039121627807617,28.676509857177734,41.346153259277344,38.94983673095703,31.9205379486084,9.40087890625,19.780994415283203,105.58526611328125,21.50251007080078,32.246585845947266,3.5380990505218506,23.954227447509766,7.125929355621338,25.001523971557617,43.4028434753418,39.16964340209961,28.973073959350586,5.081170082092285,24.841930389404297,13.480170249938965,21.136642456054688,29.055036544799805
2006-05-24,16.536670684814453,1.9014743566513062,34.444297790527344,31.03347396850586,25.445343017578125,31.8416748046875,27.475732803344727,16.310649871826172,12.154669761657715,34.43674850463867,10.018403053283691,10.58236026763916,41.641292572021484,11.04677963256836,19.12433624267578,13.329025268554688,10.775982856750488,23.278667449951172,39.565670013427734,24.924423217773438,44.97690963745117,19.082294464111328,59.063438415527344,46.69147491455078,101.98531341552734,13.010912895202637,18.85540008544922,11.536934852600098,28.105850219726562,28.864238739013672,41.044918060302734,39.83742141723633,32.086002349853516,9.703344345092773,19.81352996826172,105.74691009521484,21.49696922302246,32.427635192871094,3.5794196128845215,24.077007293701172,7.030065059661865,24.383451461791992,43.13325119018555,39.0804443359375,28.958499908447266,5.144946098327637,24.996999740600586,13.582145690917969,21.143220901489258,28.869638442993164
2006-05-25,16.70554542541504,1.9311946630477905,34.46425247192383,31.76671028137207,25.86791229248047,32.09723663330078,28.377283096313477,16.52690887451172,12.24852466583252,34.55084228515625,10.022604942321777,10.677000999450684,41.82920455932617,11.279258728027344,19.30426025390625,13.348542213439941,11.094572067260742,23.517526626586914,39.30134201049805,25.054189682006836,45.203041076660156,19.133359909057617,59.50078201293945,46.753204345703125,102.46163177490234,13.118955612182617,19.244300842285156,11.844977378845215,28.1452693939209,29.364850997924805,41.312042236328125,40.34462356567383,32.3705940246582,9.7557954788208,19.840152740478516,108.24508666992188,21.740434646606445,32.79527282714844,3.6930510997772217,24.147172927856445,7.182739734649658,25.021467208862305,43.429805755615234,39.03861618041992,29.152761459350586,5.167873859405518,25.666893005371094,13.979337692260742,21.212162017822266,29.621583938598633
2006-05-26,16.691476821899414,1.9077788591384888,34.60108184814453,31.797693252563477,26.09732437133789,32.021728515625,28.539464950561523,16.608604431152344,12.28165340423584,34.60789489746094,10.085641860961914,10.777565002441406,42.147605895996094,11.263218879699707,19.10692596435547,13.211936950683594,11.139442443847656,23.682886123657227,39.58928298950195,25.394107818603516,45.48418045043945,19.382299423217773,59.866458892822266,47.19906997680664,102.19369506835938,13.171427726745605,19.1705379486084,12.008617401123047,28.10887908935547,29.734609603881836,41.11312484741211,40.58330154418945,32.6816520690918,9.993568420410156,19.88746452331543,112.37442779541016,21.983898162841797,33.23422622680664,3.7756919860839844,24.147172927856445,7.1862874031066895,25.304561614990234,43.688602447509766,38.96693801879883,29.196474075317383,5.192955017089844,26.491867065429688,13.898822784423828,21.327096939086914,29.899682998657227
2006-05-30,16.290380477905273,1.8378323316574097,34.12217330932617,31.08510398864746,25.620397567749023,31.586103439331055,27.88120460510254,15.926190376281738,12.055291175842285,34.47096633911133,9.909141540527344,10.535040855407715,41.83964920043945,11.23917293548584,18.990848541259766,12.860657691955566,10.836559295654297,23.08881187438965,39.395751953125,25.258134841918945,44.102935791015625,19.22272300720215,58.88422393798828,45.8409309387207,101.36021423339844,13.13129997253418,18.567054748535156,11.82090950012207,27.932971954345703,29.262447357177734,41.44987869262695,40.128318786621094,32.231605529785156,9.750548362731934,19.591739654541016,110.08934783935547,21.58550453186035,32.433135986328125,3.605245590209961,23.5040283203125,7.079771995544434,24.714427947998047,43.02544403076172,38.73994445800781,29.356721878051758,5.115563869476318,25.34434700012207,13.87735366821289,20.998735427856445,29.07219886779785
2006-05-31,15.938528060913086,1.7943023443222046,34.33311462402344,31.451719284057617,25.741134643554688,31.510589599609375,28.5203857421875,16.183849334716797,12.154669761657715,34.49378967285156,9.942763328552246,10.659259796142578,41.70391845703125,11.399505615234375,19.25202751159668,12.802107810974121,10.870208740234375,23.346036911010742,39.49017333984375,25.44972038269043,44.585716247558594,19.257827758789062,59.68722915649414,46.36223602294922,101.98531341552734,13.180689811706543,18.707874298095703,11.816094398498535,28.127077102661133,29.37623405456543,41.375667572021484,40.5460205078125,32.36533737182617,10.023295402526855,19.627225875854492,110.91229248046875,21.88429832458496,32.71295928955078,3.6982171535491943,23.737890243530273,7.140129566192627,25.23678207397461,43.429805755615234,38.63839340209961,29.46356201171875,5.184354305267334,25.784732818603516,13.925670623779297,21.126798629760742,29.39153480529785
2006-06-01,16.058155059814453,1.8663508892059326,34.57828903198242,31.555004119873047,26.3085994720459,31.644187927246094,28.61102867126465,16.431781768798828,12.124308586120605,34.858924865722656,10.043614387512207,10.67109203338623,42.11627197265625,11.399505615234375,19.548030853271484,13.335532188415527,10.856749534606934,23.6093807220459,39.891380310058594,25.653671264648438,44.793548583984375,19.395063400268555,59.96681594848633,47.18535232543945,102.8486099243164,13.341198921203613,19.157127380371094,12.104878425598145,29.47974967956543,29.575326919555664,41.798057556152344,40.859283447265625,32.56596374511719,10.255821228027344,20.008708953857422,112.82269287109375,21.98114013671875,33.239723205566406,3.734373092651367,23.737890243530273,7.211142539978027,25.400270462036133,43.67783737182617,38.7040901184082,29.662677764892578,5.188652515411377,26.814407348632812,13.90419864654541,21.33037757873535,29.635324478149414
2006-06-02,16.01593589782715,1.851040244102478,34.629600524902344,31.833833694458008,26.447458267211914,31.336341857910156,28.97831153869629,16.504701614379883,12.1160249710083,34.61359405517578,10.165485382080078,10.783480644226074,41.5056037902832,11.343387603759766,19.449357986450195,13.296499252319336,10.731106758117676,23.272552490234375,40.018821716308594,25.462078094482422,44.500179290771484,19.21953582763672,60.08157730102539,47.45286560058594,103.17607879638672,13.313420295715332,19.606388092041016,12.16263484954834,29.552536010742188,29.598081588745117,41.73525619506836,40.81452941894531,32.9404182434082,10.210363388061523,20.150665283203125,113.21942901611328,22.393362045288086,33.24519729614258,3.6672251224517822,24.936487197875977,7.1862874031066895,25.723251342773438,43.699378967285156,38.85940170288086,29.526700973510742,5.220184803009033,26.262357711791992,13.92834758758545,21.412471771240234,30.129764556884766
2006-06-05,15.832976341247559,1.8012068271636963,34.281829833984375,31.00765037536621,25.940349578857422,30.88909149169922,28.310501098632812,16.271352767944336,11.989036560058594,34.08872985839844,10.060428619384766,10.635595321655273,41.265506744384766,11.110906600952148,19.24042510986328,12.932211875915527,10.587517738342285,22.94183349609375,39.15500259399414,24.819347381591797,42.373287200927734,19.01845932006836,58.88422393798828,46.286773681640625,101.86620330810547,13.10660457611084,19.318058013916016,12.109694480895996,28.302988052368164,29.21123504638672,41.48410415649414,39.97913360595703,32.59269714355469,9.87642765045166,19.91407012939453,110.5081787109375,21.591033935546875,32.18074035644531,3.5897490978240967,24.474590301513672,7.019412040710449,24.937726974487305,42.92295837402344,38.71603012084961,29.12360954284668,5.133477687835693,25.741323471069336,13.759267807006836,21.067684173583984,29.20955467224121
2006-06-06,15.572617530822754,1.792801022529602,34.74361038208008,31.188377380371094,25.584177017211914,30.999439239501953,28.11016845703125,16.480403900146484,12.008356094360352,34.52801513671875,10.018403053283691,10.523207664489746,41.630882263183594,11.078845024108887,19.333288192749023,13.120868682861328,10.551615715026855,22.78810691833496,38.82930374145508,24.596860885620117,41.8537712097168,19.216352462768555,57.82311248779297,46.37593078613281,102.8486099243164,13.035611152648926,19.00290870666504,12.032682418823242,28.463726043701172,29.09748649597168,40.49667739868164,39.72554397583008,32.4522705078125,9.893913269042969,20.005752563476562,109.65583038330078,21.505271911621094,32.31790542602539,3.56392502784729,24.310874938964844,7.012309551239014,24.682519912719727,43.15483093261719,38.3217887878418,29.23531723022461,5.161423683166504,25.95222282409668,13.871993064880371,21.182615280151367,28.15544319152832
2006-06-07,15.509282112121582,1.7579784393310547,34.87476348876953,30.372529983520508,25.50570297241211,30.923946380615234,27.270626068115234,16.50956916809082,11.975231170654297,34.573883056640625,10.04781723022461,10.28659725189209,41.31246566772461,10.854375839233398,19.33909034729004,12.951727867126465,10.553864479064941,22.572893142700195,37.923011779785156,24.40528678894043,40.79030990600586,19.382299423217773,58.40384292602539,46.10158157348633,102.402099609375,13.239338874816895,19.1705379486084,11.984553337097168,28.742748260498047,29.416040420532227,40.52521896362305,39.889644622802734,32.666236877441406,9.932377815246582,20.177274703979492,110.17754364013672,21.397371292114258,32.4495964050293,3.507107734680176,24.141332626342773,7.051368236541748,24.132244110107422,42.93376541137695,37.987247467041016,29.18145179748535,5.084033489227295,25.784732818603516,13.831740379333496,21.021711349487305,27.67130470275879
2006-06-08,15.558540344238281,1.8240220546722412,35.09709548950195,30.759796142578125,25.56606674194336,31.795190811157227,27.599763870239258,16.514436721801758,11.97799015045166,34.4764289855957,10.02680492401123,10.120970726013184,40.2059326171875,10.846360206604004,19.553831100463867,12.938720703125,10.612195014953613,22.904935836791992,38.58858108520508,24.040660858154297,40.881980895996094,19.49081802368164,58.210269927978516,46.92469024658203,102.90813446044922,13.325766563415527,19.73379135131836,12.153008460998535,28.735172271728516,29.444473266601562,41.44987869262695,39.822509765625,32.78661346435547,9.89041805267334,20.484827041625977,110.03790283203125,21.433334350585938,32.36180877685547,3.4399616718292236,24.451210021972656,7.1046271324157715,24.359529495239258,42.90681457519531,38.142574310302734,29.49970817565918,5.108398914337158,24.817121505737305,13.831740379333496,21.064403533935547,27.52708625793457
2006-06-09,15.424839973449707,1.7783911228179932,34.99448013305664,30.3621883392334,25.415151596069336,31.626760482788086,27.442344665527344,16.436643600463867,12.022161483764648,34.36175537109375,9.888127326965332,10.15054702758789,40.519126892089844,10.798266410827637,19.373912811279297,12.99075698852539,10.574054718017578,22.720476150512695,38.03156661987305,23.546241760253906,41.26702117919922,19.631242752075195,57.715576171875,46.39653015136719,101.41975402832031,13.273292541503906,19.586273193359375,12.008617401123047,28.729097366333008,29.433101654052734,41.13024139404297,39.874725341796875,32.62613296508789,10.019795417785645,20.44047737121582,110.13345336914062,21.43610382080078,32.477027893066406,3.491612195968628,24.913089752197266,6.99100923538208,24.152193069458008,42.58869552612305,38.15449523925781,29.896303176879883,5.092634677886963,25.592464447021484,13.74049186706543,20.9527587890625,27.406911849975586
2006-06-12,15.27706527709961,1.7111464738845825,34.99448013305664,30.073041915893555,25.11330223083496,31.545442581176758,27.470977783203125,16.222742080688477,11.955910682678223,34.24134063720703,9.787274360656738,9.973089218139648,40.200714111328125,10.621899604797363,19.11273956298828,12.672009468078613,10.542644500732422,22.296188354492188,37.83805465698242,23.373197555541992,40.53360366821289,19.57059097290039,55.83711624145508,45.88206100463867,100.82442474365234,13.186869621276855,19.411935806274414,11.782402038574219,27.473154067993164,29.359146118164062,40.41106033325195,39.40482711791992,32.37202072143555,9.81873607635498,20.467084884643555,106.54042053222656,21.093034744262695,31.933822631835938,3.496776580810547,24.702611923217773,6.919999599456787,23.777359008789062,42.41077423095703,37.5750617980957,29.367507934570312,5.094067096710205,24.990795135498047,13.705599784851074,20.8247013092041,26.541641235351562
2006-06-13,15.136320114135742,1.751072883605957,34.80634307861328,29.25200843811035,24.46736717224121,31.440895080566406,27.0845947265625,16.36372184753418,11.930891036987305,33.822784423828125,9.68221378326416,10.126885414123535,40.15373611450195,10.541738510131836,18.538127899169922,12.593949317932129,10.663800239562988,22.31464385986328,37.74363708496094,23.249595642089844,40.539703369140625,19.596134185791016,55.191864013671875,45.9163703918457,100.4076156616211,13.103520393371582,19.42534065246582,11.946046829223633,27.585397720336914,29.359146118164062,40.079994201660156,38.94983673095703,31.475961685180664,9.969091415405273,19.8342342376709,102.31555938720703,20.26027488708496,30.3096981048584,3.4502909183502197,24.84877586364746,6.973258018493652,23.091516494750977,42.44312286376953,37.64076232910156,29.636795043945312,5.04116153717041,23.70062828063965,13.627778053283691,20.598134994506836,26.617191314697266
2006-06-14,15.39669418334961,1.7294584512710571,34.92036056518555,29.8458309173584,24.12929916381836,31.847476959228516,27.5854549407959,16.281078338623047,11.903081893920898,33.748252868652344,9.711630821228027,10.487714767456055,40.56086730957031,10.57380485534668,19.066295623779297,12.756579399108887,10.704185485839844,22.59749412536621,37.715309143066406,23.496809005737305,41.242584228515625,19.261024475097656,58.798187255859375,46.19760513305664,100.9136962890625,13.180689811706543,19.646617889404297,11.912357330322266,27.11518096923828,30.2465877532959,39.954437255859375,39.33769989013672,31.188430786132812,9.955103874206543,19.674537658691406,101.76449584960938,19.961467742919922,30.50173568725586,3.4141361713409424,25.187896728515625,7.0052103996276855,23.709579467773438,42.16276550292969,37.1748046875,29.759214401245117,5.070150375366211,24.047975540161133,13.810266494750977,20.81812858581543,26.668678283691406
2006-06-15,15.530391693115234,1.782594084739685,35.04579544067383,30.527427673339844,24.50962257385254,31.87653350830078,28.348670959472656,16.689437866210938,11.967033386230469,33.8743896484375,9.888127326965332,10.718414306640625,41.00453186035156,10.982643127441406,19.356496810913086,13.153388977050781,10.917326927185059,22.97873306274414,38.18735122680664,24.0592041015625,43.30227279663086,19.229108810424805,60.80567169189453,46.25933837890625,101.5388412475586,13.291816711425781,20.08916473388672,12.16263484954834,27.667314529418945,30.7471866607666,40.8448486328125,39.9567756652832,32.03767395019531,10.243583679199219,19.789878845214844,105.89389038085938,20.805299758911133,31.456464767456055,3.5019426345825195,25.369142532348633,7.015860557556152,24.62270736694336,42.8960075378418,37.64673614501953,29.85713768005371,5.115083694458008,24.649646759033203,13.641192436218262,21.392765045166016,27.578601837158203
2006-06-16,15.551499366760254,1.7279573678970337,35.16551971435547,30.3621883392334,24.24399185180664,31.957847595214844,28.00521469116211,16.728343963623047,12.014298439025879,34.2298583984375,9.846102714538574,10.824885368347168,40.68612289428711,11.375455856323242,19.234609603881836,12.997259140014648,10.838800430297852,22.695865631103516,38.00326919555664,24.090091705322266,43.1189079284668,19.369535446166992,61.32904052734375,45.834049224853516,101.00298309326172,13.205385208129883,20.24339485168457,12.11932373046875,28.349895477294922,30.860960006713867,40.70786666870117,39.47195053100586,31.71000862121582,10.115954399108887,19.710025787353516,105.80569458007812,20.714000701904297,31.269908905029297,3.4554576873779297,25.2580623626709,6.96260404586792,24.391435623168945,42.74504470825195,37.64076232910156,29.788583755493164,5.1368279457092285,24.240276336669922,13.536526679992676,21.25813865661621,27.74684715270996
2006-06-19,15.868157386779785,1.7171505689620972,34.97737503051758,29.634130477905273,24.117225646972656,31.87070083618164,27.432796478271484,16.752641677856445,11.936447143554688,34.00626754760742,9.690619468688965,10.789395332336426,40.53999710083008,11.455615997314453,19.066295623779297,12.893181800842285,10.82982349395752,22.665119171142578,37.493446350097656,23.84906768798828,42.752193450927734,19.264219284057617,60.76982498168945,45.100120544433594,100.37784576416016,13.06338882446289,19.94835662841797,12.23483657836914,28.45607566833496,30.997486114501953,40.49667739868164,38.94983673095703,31.52277374267578,9.809993743896484,19.653839111328125,105.62200927734375,20.514808654785156,31.012022018432617,3.4812822341918945,25.12357521057129,6.909344673156738,23.605899810791016,42.75045394897461,37.32415008544922,29.347932815551758,5.170162200927734,23.79987335205078,13.270840644836426,20.71962547302246,27.07729721069336
2006-06-20,15.875205993652344,1.725256085395813,35.08000564575195,29.634130477905273,24.44321632385254,32.283103942871094,27.432796478271484,16.976274490356445,11.900300979614258,33.99479675292969,9.644393920898438,10.736160278320312,40.70701217651367,11.423554420471191,19.130136489868164,12.834639549255371,10.865724563598633,22.394569396972656,37.710594177246094,23.82435417175293,43.3878173828125,19.203575134277344,60.83434295654297,44.5582160949707,100.31831359863281,13.032520294189453,20.169635772705078,12.302218437194824,27.652143478393555,31.225032806396484,40.50810241699219,39.330230712890625,31.482648849487305,9.657888412475586,19.65976333618164,106.73150634765625,20.55630111694336,31.286375045776367,3.305669069290161,25.404220581054688,7.267948150634766,23.446399688720703,42.97690200805664,37.18675231933594,29.401784896850586,5.210023403167725,24.432554244995117,13.405028343200684,20.693357467651367,27.056699752807617
2006-06-21,16.24112892150879,1.736964225769043,35.22822189331055,29.980087280273438,24.87786865234375,32.422508239746094,27.800100326538086,17.14641761779785,11.958687782287598,34.17826461791992,9.535130500793457,10.884035110473633,40.86882019042969,11.648014068603516,19.38552474975586,13.05581283569336,10.971173286437988,22.542146682739258,37.951316833496094,24.294031143188477,44.29238510131836,19.257827758789062,61.55132293701172,44.96977233886719,100.22901916503906,13.047957420349121,19.95507049560547,12.379226684570312,27.98280906677246,31.13401985168457,40.78776550292969,39.62858581542969,31.63646125793457,9.792509078979492,19.70706558227539,110.08934783935547,20.882770538330078,32.63614273071289,3.3211636543273926,25.608856201171875,7.267948150634766,23.865093231201172,43.295013427734375,37.42570114135742,29.86693000793457,5.2201690673828125,24.110023498535156,13.528477668762207,20.844402313232422,27.091033935546875
2006-06-22,16.100379943847656,1.7885985374450684,34.88045883178711,29.93362045288086,24.79334831237793,32.43993377685547,27.98137855529785,17.13669204711914,11.919759750366211,34.41334533691406,9.518322944641113,10.795312881469727,40.28945541381836,11.487687110900879,18.892179489135742,12.808623313903809,10.876941680908203,22.431468963623047,37.568973541259766,24.164257049560547,44.17627716064453,19.24506187438965,60.26795196533203,44.56509017944336,99.68917846679688,12.976962089538574,19.800840377807617,12.33591079711914,27.98280906677246,31.054367065429688,40.6051025390625,39.34515380859375,31.790246963500977,9.607184410095215,19.63905143737793,108.97249603271484,20.766353607177734,32.92694854736328,3.3211636543273926,25.49193000793457,7.207590103149414,24.227956771850586,43.4028434753418,37.395843505859375,29.827754974365234,5.233938694000244,24.09760856628418,13.77000904083252,21.00528907775879,27.001758575439453
2006-06-23,15.832976341247559,1.7660832405090332,34.960269927978516,30.000749588012695,24.672605514526367,32.37022399902344,28.00521469116211,16.985986709594727,11.886396408081055,34.109466552734375,9.514117240905762,10.64742660522461,40.24247360229492,11.94462776184082,18.921201705932617,12.756579399108887,10.755789756774902,22.38842010498047,37.72473907470703,24.294031143188477,44.090675354003906,19.171659469604492,59.787601470947266,44.537635803222656,99.44926452636719,12.949172973632812,19.579565048217773,12.278154373168945,28.562244415283203,30.889402389526367,40.7021484375,39.225807189941406,31.703323364257812,9.715582847595215,19.372901916503906,108.68594360351562,20.367218017578125,32.756866455078125,3.367649555206299,25.497770309448242,7.289254665374756,24.42732048034668,43.34893035888672,37.198692321777344,29.86693000793457,5.163641452789307,24.128625869750977,13.716339111328125,21.08738899230957,27.448122024536133
2006-06-26,16.058155059814453,1.7708868980407715,34.327423095703125,30.372529983520508,25.052936553955078,32.52126693725586,28.467926025390625,17.024879455566406,11.908641815185547,34.12092590332031,9.669604301452637,10.81305980682373,40.2685661315918,11.760249137878418,18.956024169921875,12.75007438659668,10.784954071044922,22.529857635498047,37.86164093017578,24.429996490478516,44.29850387573242,19.216352462768555,60.146053314208984,44.48276138305664,99.59917449951172,12.973868370056152,20.002004623413086,12.379226684570312,28.389326095581055,30.940595626831055,40.69074249267578,39.524166107177734,31.736764907836914,9.754046440124512,19.473451614379883,110.14076232910156,20.32840919494629,33.14094543457031,3.383146047592163,25.78426742553711,7.413523197174072,24.76226043701172,43.49989700317383,37.138954162597656,29.92568588256836,5.229591369628906,24.78611183166504,13.821002006530762,21.392765045166016,27.709070205688477
2006-06-27,16.086299896240234,1.7240549325942993,33.951141357421875,30.801115036010742,24.654497146606445,32.3818473815918,28.66828155517578,16.874177932739258,11.819662094116211,33.891597747802734,9.581357955932617,10.677000999450684,39.997161865234375,11.6239652633667,18.86894989013672,12.554917335510254,10.686237335205078,22.36381721496582,37.14888000488281,23.9912109375,43.791194915771484,19.190811157226562,58.740821838378906,43.886009216308594,98.60948181152344,12.853480339050293,19.61309242248535,12.17226791381836,28.064725875854492,30.417236328125,40.194149017333984,39.0169677734375,31.629770278930664,9.647395133972168,19.26348876953125,108.12754821777344,20.117753982543945,32.94340896606445,3.3779799938201904,25.924591064453125,7.353163719177246,25.021467208862305,43.4028434753418,37.198692321777344,29.862018585205078,5.2542314529418945,24.40774154663086,13.684133529663086,20.880523681640625,27.427522659301758
2006-06-28,16.29741096496582,1.6817270517349243,33.768707275390625,31.560155868530273,24.91408348083496,32.39346694946289,29.269289016723633,17.06377410888672,11.79464340209961,33.776912689208984,9.623380661010742,11.037832260131836,39.960609436035156,11.688096046447754,18.555540084838867,12.60695743560791,10.751301765441895,22.234704971313477,37.42265701293945,24.083913803100586,44.43905258178711,18.93867301940918,59.24988555908203,43.85857009887695,98.75946807861328,13.023259162902832,19.847780227661133,12.153008460998535,27.80382537841797,30.400169372558594,40.2055778503418,38.92000198364258,31.863805770874023,9.80649471282959,19.591739654541016,107.63522338867188,20.062313079833984,32.9982795715332,3.285007953643799,25.930438995361328,7.583949089050293,25.57571792602539,43.78023910522461,37.2584342956543,29.87181282043457,5.294090270996094,24.910171508789062,13.810266494750977,20.90679359436035,27.137680053710938
2006-06-29,16.515562057495117,1.770285964012146,34.14498519897461,32.20561599731445,25.76528549194336,33.10209274291992,29.789234161376953,17.447839736938477,11.9725923538208,34.115203857421875,9.766260147094727,11.428242683410645,40.498226165771484,11.816362380981445,19.478384017944336,12.951727867126465,10.928544998168945,22.419166564941406,38.30535125732422,24.69574737548828,45.471946716308594,19.197187423706055,59.50798034667969,44.65425109863281,99.77922821044922,13.242424011230469,20.417734146118164,12.369598388671875,29.202363967895508,31.020244598388672,40.71928405761719,40.19545364379883,32.49906921386719,10.306526184082031,19.931814193725586,111.83071899414062,20.672107696533203,34.31514358520508,3.305669069290161,26.468338012695312,7.711765289306641,26.30544090270996,44.62672424316406,38.26801300048828,30.292896270751953,5.35496711730957,25.46219253540039,13.88808822631836,21.445308685302734,28.43505096435547
2006-06-30,16.39592933654785,1.7192516326904297,34.162086486816406,31.678918838500977,25.354780197143555,32.29473114013672,29.60320472717285,17.71035385131836,11.961474418640137,34.4248161315918,9.862916946411133,11.238958358764648,40.09632110595703,11.615947723388672,19.501598358154297,12.704533576965332,10.807389259338379,22.007183074951172,38.12599182128906,24.90587615966797,45.52086639404297,19.117401123046875,58.726497650146484,44.74342727661133,98.8494644165039,13.461587905883789,20.585369110107422,12.446606636047363,29.884944915771484,31.441198348999023,40.94757843017578,39.69572448730469,32.16472244262695,10.34323787689209,19.837186813354492,110.53018188476562,20.96037483215332,34.68275451660156,3.5794196128845215,26.2169189453125,7.761471748352051,26.129976272583008,44.3895263671875,38.26801300048828,30.20966911315918,5.321630001068115,25.604875564575195,13.863934516906738,21.671873092651367,28.807682037353516
2006-07-03,16.677398681640625,1.7396653890609741,34.29320526123047,32.0920295715332,26.091197967529297,32.70130920410156,29.932344436645508,17.80272674560547,12.058781623840332,34.556705474853516,9.909141540527344,11.451898574829102,40.72267150878906,11.872480392456055,19.716350555419922,13.010273933410645,10.672774314880371,21.994890213012695,38.29118728637695,24.732830047607422,45.698081970214844,19.11101531982422,58.289127349853516,45.12754440307617,99.95909881591797,13.452327728271484,20.518306732177734,12.388846397399902,30.21865463256836,31.67444610595703,41.38138198852539,40.02390670776367,32.6395149230957,10.360722541809082,19.94365119934082,112.01447296142578,21.076797485351562,35.12721633911133,3.465787887573242,26.45079803466797,7.761471748352051,26.644357681274414,44.71300506591797,38.42930603027344,30.248828887939453,5.36801290512085,26.69033432006836,13.92029857635498,21.77694320678711,28.814592361450195
2006-07-05,16.431108474731445,1.7111464738845825,34.230499267578125,32.298580169677734,25.811233520507812,32.48640060424805,30.47137451171875,17.836753845214844,11.961474418640137,34.556705474853516,9.951160430908203,11.091073036193848,40.5921745300293,11.680083274841309,19.594459533691406,12.75007438659668,10.549376487731934,21.847312927246094,38.02213668823242,24.541244506835938,44.695762634277344,19.07590675354004,57.47898483276367,44.92176055908203,99.89909362792969,13.461587905883789,20.283626556396484,12.272066116333008,30.094268798828125,31.981624603271484,41.621089935302734,39.268455505371094,32.679622650146484,10.313522338867188,19.778045654296875,110.91229248046875,20.666566848754883,34.92418670654297,3.4141361713409424,26.37479591369629,7.736622333526611,26.943422317504883,44.464996337890625,37.987247467041016,29.98443603515625,5.314384460449219,26.181724548339844,13.941763877868652,21.622617721557617,28.207317352294922
2006-07-06,16.52259635925293,1.6742221117019653,34.50417709350586,32.773616790771484,25.835567474365234,32.7884521484375,30.51906967163086,17.822172164916992,12.047663688659668,34.60829162597656,9.951160430908203,11.150222778320312,40.759193420410156,11.6239652633667,19.553831100463867,12.769583702087402,10.482064247131348,21.8104248046875,38.41864776611328,24.609224319458008,45.013580322265625,19.478046417236328,57.937828063964844,45.230438232421875,100.46893310546875,13.51407241821289,20.18305015563965,12.354788780212402,30.309667587280273,32.237613677978516,41.9521598815918,39.298370361328125,32.806678771972656,10.507584571838379,19.961395263671875,110.64044189453125,20.722007751464844,35.04490661621094,3.4038052558898926,26.632036209106445,7.761471748352051,26.943422317504883,44.190032958984375,38.17243194580078,29.964845657348633,5.635435581207275,26.34299087524414,13.785056114196777,21.468294143676758,28.345325469970703
2006-07-07,16.39592933654785,1.6631141901016235,34.5611686706543,32.44831466674805,25.811233520507812,32.81748580932617,30.375961303710938,17.972871780395508,12.005961418151855,34.66561508178711,9.951160430908203,10.978683471679688,39.88753128051758,11.848428726196289,19.257835388183594,12.6134614944458,10.320528984069824,21.748924255371094,34.977535247802734,24.077733993530273,44.359622955322266,19.43017578125,57.34994125366211,45.53911209106445,99.86913299560547,13.52023983001709,20.424440383911133,12.325587272644043,30.215621948242188,31.992996215820312,41.79234313964844,38.879512786865234,32.6328239440918,10.62297534942627,20.14177894592285,109.11941528320312,20.61667251586914,35.08878707885742,3.4761173725128174,26.807435989379883,7.736622333526611,26.791894912719727,43.720943450927734,37.6646614074707,29.675966262817383,5.638332366943359,26.715150833129883,14.041729927062988,21.35993194580078,27.786367416381836
2006-07-10,16.536670684814453,1.651106357574463,34.749324798583984,32.55158233642578,25.914695739746094,33.096290588378906,30.657392501831055,17.899948120117188,12.131077766418457,34.94657897949219,10.031012535095215,10.753902435302734,40.018028259277344,11.696113586425781,19.548030853271484,12.340242385864258,10.360918998718262,21.521421432495117,34.510231018066406,23.9912109375,44.78130340576172,19.666351318359375,57.6080207824707,45.68315887451172,100.31901550292969,13.4739351272583,20.994384765625,12.349920272827148,30.72224235534668,32.010074615478516,42.488677978515625,38.96925735473633,32.86018371582031,10.76983642578125,20.20684814453125,109.36930847167969,20.777435302734375,35.23145294189453,3.56392502784729,27.321975708007812,7.786326885223389,26.85171890258789,43.877315521240234,38.17243194580078,30.033395767211914,5.604994773864746,26.739971160888672,14.217363357543945,21.83277130126953,28.245281219482422
2006-07-11,16.25518798828125,1.6706199645996094,34.6467170715332,33.0369758605957,26.091197967529297,33.25310516357422,31.148704528808594,18.118709564208984,12.181123733520508,35.31352615356445,9.871318817138672,11.043750762939453,39.91364288330078,11.656035423278809,19.896276473999023,12.158100128173828,10.34969711303711,21.14018440246582,34.50077819824219,24.176626205444336,44.860774993896484,19.672725677490234,58.52571487426758,45.75859451293945,99.74913787841797,13.754826545715332,21.443639755249023,12.39858341217041,30.97100067138672,31.816652297973633,42.97956085205078,39.26097869873047,32.86687088012695,10.797811508178711,20.360620498657227,109.23704528808594,20.561237335205078,35.07782745361328,3.512272357940674,27.362884521484375,7.818280220031738,27.079002380371094,44.02287673950195,38.68018341064453,29.80327033996582,5.649204254150391,27.074932098388672,14.263293266296387,21.865602493286133,28.383296966552734
2006-07-12,15.93149471282959,1.5898659229278564,34.5611686706543,33.03180694580078,25.713863372802734,32.881378173828125,30.9436092376709,17.841615676879883,12.114398002624512,35.03260040283203,9.741045951843262,10.576445579528809,39.39692306518555,11.399505615234375,19.62348747253418,11.87838363647461,10.129826545715332,20.666719436645508,34.32612228393555,24.040660858154297,43.583404541015625,19.60251808166504,58.01667785644531,45.422489166259766,99.14933013916016,13.70666790008545,21.457059860229492,12.20394515991211,30.8162841796875,31.640291213989258,42.75123596191406,39.04404830932617,32.4790153503418,10.803054809570312,20.132919311523438,106.73889923095703,20.25080108642578,34.510276794433594,3.553593397140503,27.31026840209961,7.740171909332275,27.094955444335938,43.50529098510742,38.51890182495117,29.641700744628906,5.6013689041137695,26.504270553588867,14.147112846374512,21.550376892089844,27.58623504638672
2006-07-13,15.664102554321289,1.56855046749115,34.36163330078125,33.08342742919922,25.190454483032227,32.84071731567383,30.976978302001953,17.958282470703125,11.983716011047363,35.588748931884766,9.610771179199219,10.481801986694336,38.749691009521484,11.30330753326416,19.25202751159668,11.722256660461426,9.907710075378418,20.949556350708008,33.81162643432617,23.47826385498047,42.59938430786133,19.659963607788086,57.06312942504883,45.00408935546875,97.97968292236328,13.66938304901123,21.517404556274414,12.057958602905273,31.356294631958008,31.219350814819336,42.65422058105469,38.3334846496582,32.084468841552734,10.682418823242188,20.106298446655273,104.74032592773438,19.92926597595215,33.87110900878906,3.3883092403411865,27.140710830688477,7.7437286376953125,26.748043060302734,42.77201461791992,38.36956787109375,29.372406005859375,5.559337615966797,25.821958541870117,14.111988067626953,20.811567306518555,26.347530364990234
2006-07-14,15.685205459594727,1.5211199522018433,34.469947814941406,33.51201629638672,24.886138916015625,32.32957458496094,31.663883209228516,17.574235916137695,11.858590126037598,35.433929443359375,9.421667098999023,10.576445579528809,38.39998245239258,11.455615997314453,19.176570892333984,11.670219421386719,9.658671379089355,20.808128356933594,33.618099212646484,22.872608184814453,42.28770065307617,19.471660614013672,55.385433197021484,44.13980484008789,96.30023193359375,13.675599098205566,21.242490768432617,11.950911521911621,30.6524658203125,31.03730010986328,42.97956085205078,38.34844970703125,32.30516052246094,10.474364280700684,20.041242599487305,102.94009399414062,19.64655113220215,33.4412956237793,3.295337677001953,26.88930320739746,7.800532817840576,26.89557456970215,42.362239837646484,38.21424865722656,29.098209381103516,5.6086201667785645,26.03904914855957,14.025522232055664,20.70977210998535,25.52633285522461
2006-07-17,15.818909645080566,1.5721533298492432,34.72651290893555,33.04728698730469,24.78877830505371,32.422508239746094,30.9436092376709,17.681180953979492,11.8725004196167,35.70915985107422,9.417470932006836,10.55278491973877,38.46784210205078,11.559836387634277,20.151655197143555,11.68973159790039,9.651939392089844,20.660554885864258,33.3537483215332,22.718107223510742,42.28770065307617,19.43017578125,56.60425567626953,44.283851623535156,97.04997253417969,13.821640014648438,21.222370147705078,11.999573707580566,30.609989166259766,31.173831939697266,43.042335510253906,38.3334846496582,32.24496841430664,10.385200500488281,20.27190589904785,103.505859375,19.74079704284668,33.722312927246094,3.3108327388763428,27.43246841430664,7.814737319946289,25.978452682495117,42.367637634277344,37.89764404296875,29.0688533782959,5.576731204986572,25.45599937438965,14.084970474243164,20.782014846801758,24.818992614746094
2006-07-18,16.001867294311523,1.5880645513534546,34.54977798461914,33.36227798461914,24.776601791381836,32.41671371459961,31.2679500579834,17.836753845214844,12.108833312988281,36.242393493652344,9.488905906677246,10.771649360656738,38.7601432800293,11.800331115722656,20.203889846801758,11.631189346313477,9.685591697692871,20.371553421020508,33.44342803955078,23.200157165527344,42.64373016357422,19.42698097229004,56.762001037597656,44.023193359375,97.34989929199219,13.890005111694336,21.04132843017578,11.984971046447754,30.25808334350586,31.270553588867188,42.54576110839844,38.109092712402344,32.392093658447266,10.533811569213867,20.18317985534668,104.58598327636719,19.535673141479492,34.14109420776367,3.3263280391693115,27.292722702026367,7.807633876800537,26.08611488342285,42.57789993286133,37.87971115112305,28.980712890625,5.619490623474121,25.46841049194336,14.157918930053711,20.841115951538086,25.13642692565918
2006-07-19,16.46629524230957,1.6240882873535156,34.95456314086914,33.388092041015625,26.20075035095215,33.08256149291992,31.47784996032715,18.143022537231445,12.1839017868042,35.93275833129883,9.791475296020508,10.937275886535645,39.704856872558594,12.08090877532959,20.36639976501465,11.709247589111328,9.916682243347168,21.121732711791992,33.52366638183594,23.632770538330078,43.65657043457031,19.87378692626953,58.99892807006836,44.283851623535156,98.60948181152344,14.380973815917969,21.53075408935547,12.43264102935791,31.368417739868164,31.901981353759766,43.01952362060547,38.96925735473633,33.40183639526367,10.705148696899414,20.946155548095703,107.9879379272461,20.466997146606445,35.1825065612793,3.269512414932251,27.824787139892578,7.89994478225708,26.273527145385742,43.3758659362793,39.34328079223633,29.573143005371094,5.6136932373046875,25.92741584777832,14.228170394897461,21.438737869262695,26.04044532775879
2006-07-20,16.079269409179688,1.8162168264389038,34.98876190185547,33.17638397216797,26.158151626586914,33.065040588378906,31.158254623413086,18.1333065032959,12.189471244812012,35.823829650878906,9.963770866394043,10.115055084228516,39.39692306518555,12.120993614196777,20.122636795043945,11.631189346313477,9.936875343322754,20.894222259521484,33.56143569946289,22.631587982177734,42.404335021972656,19.931243896484375,57.85178756713867,43.8448486328125,97.40987396240234,14.359221458435059,21.517324447631836,12.476438522338867,31.089319229125977,32.004356384277344,43.23640060424805,38.737396240234375,33.20122146606445,10.376458168029785,20.93433380126953,106.67273712158203,20.112201690673828,34.9015007019043,3.1972007751464844,27.567533493041992,8.045517921447754,25.69134521484375,42.57789993286133,39.002784729003906,29.455636978149414,5.731818199157715,24.92257308959961,14.157918930053711,21.077533721923828,24.78102684020996
2006-07-21,16.797033309936523,1.8228211402893066,35.19401931762695,33.01114273071289,26.261611938476562,32.74964904785156,30.74325180053711,18.1624755859375,12.206151008605957,35.98436737060547,10.014201164245605,10.144635200500488,39.073307037353516,12.120993614196777,20.140047073364258,11.357967376708984,9.808991432189941,20.814279556274414,33.38206481933594,22.378198623657227,41.95623779296875,19.809965133666992,56.697479248046875,45.37449264526367,96.7200698852539,14.554985046386719,21.477048873901367,12.413186073303223,31.01043701171875,31.088510513305664,43.16791534423828,37.862274169921875,33.528873443603516,10.439398765563965,21.0526123046875,104.6177749633789,19.862743377685547,34.44416427612305,3.243687868118286,27.216733932495117,8.208841323852539,25.37234878540039,42.448524475097656,39.122257232666016,28.921964645385742,5.773857593536377,24.475971221923828,13.96068000793457,20.36171531677246,24.1806640625
2006-07-24,16.88850975036621,1.8438349962234497,35.3365478515625,33.74953842163086,26.900650024414062,33.23441696166992,31.611417770385742,18.935449600219727,12.233957290649414,36.322654724121094,10.41762638092041,10.339836120605469,39.66312026977539,12.008761405944824,20.221302032470703,11.676727294921875,9.968289375305176,21.281612396240234,33.839942932128906,22.9467716217041,43.28824234008789,19.919042587280273,58.3895378112793,45.86835479736328,97.82976531982422,14.778716087341309,21.926855087280273,12.63215160369873,31.447290420532227,31.86216926574707,43.82427978515625,37.892189025878906,33.81641387939453,10.561783790588379,20.957988739013672,108.19737243652344,20.500263214111328,35.38640213012695,3.285007953643799,27.702003479003906,8.198192596435547,26.22966766357422,43.13325119018555,39.35523986816406,29.343019485473633,5.76080846786499,24.736480712890625,13.955279350280762,20.693357467651367,25.046714782714844
2006-07-25,17.043319702148438,1.859146237373352,35.34796142578125,33.945777893066406,27.162357330322266,33.22273254394531,31.935768127441406,19.09101104736328,12.303466796875,35.96145248413086,10.489065170288086,10.375327110290527,39.61091613769531,11.968677520751953,20.17487144470215,11.754783630371094,10.022132873535156,21.668994903564453,32.15007019042969,23.3113956451416,43.374183654785156,19.45708656311035,60.04571533203125,46.526851654052734,98.06969451904297,14.940296173095703,22.235685348510742,12.598088264465332,31.841672897338867,31.60049057006836,44.788936614990234,38.02680969238281,33.976924896240234,10.820538520812988,20.907705307006836,109.3684310913086,20.627763748168945,35.79964828491211,3.4038052558898926,28.029417037963867,8.201739311218262,26.89557456970215,38.712100982666016,39.96455001831055,29.426252365112305,5.801396369934082,25.958425521850586,14.101176261901855,20.80500030517578,24.7120304107666
2006-07-26,17.148883819580078,1.9173846244812012,35.376468658447266,34.38983917236328,27.17453384399414,33.10007858276367,32.1981201171875,19.53340721130371,12.359078407287598,36.48320388793945,10.552102088928223,10.351664543151855,39.5796012878418,12.0408296585083,19.994945526123047,11.670219421386719,9.797776222229004,21.336944580078125,32.59849548339844,23.465906143188477,43.048866271972656,19.07210350036621,57.285404205322266,47.747798919677734,98.00972747802734,14.635777473449707,22.155134201049805,12.646751403808594,31.60809326171875,31.583412170410156,44.68047332763672,38.707489013671875,34.0972900390625,10.9027099609375,20.955026626586914,108.5509033203125,20.5390625,35.51311492919922,3.486447811126709,27.795536041259766,8.194640159606934,27.35414695739746,36.57161331176758,39.98248291015625,29.86693000793457,5.782553195953369,26.144502639770508,14.133602142333984,20.55544090270996,25.084678649902344
2006-07-27,16.797033309936523,1.9032753705978394,35.667236328125,34.322723388671875,27.204959869384766,32.965755462646484,32.30784606933594,19.922325134277344,12.320150375366211,35.82956314086914,10.779025077819824,10.333918571472168,39.74661636352539,11.920578002929688,20.157455444335938,11.507591247558594,9.766366004943848,20.918819427490234,32.924198150634766,23.472076416015625,43.41102981567383,18.902080535888672,56.432228088378906,47.52145004272461,97.91972351074219,14.673065185546875,22.14841079711914,11.697875022888184,28.9505615234375,31.663053512573242,45.302616119384766,38.363407135009766,34.11737060546875,10.701651573181152,20.72140884399414,109.19905090332031,21.636699676513672,35.8492546081543,3.527768850326538,27.7487850189209,8.152030944824219,27.261940002441406,36.90589141845703,39.403018951416016,29.470335006713867,5.788352012634277,26.318178176879883,14.052536010742188,20.128570556640625,25.032917022705078
2006-07-28,17.064437866210938,1.9690190553665161,35.87247085571289,34.59638214111328,27.679676055908203,33.181861877441406,31.506460189819336,19.99038314819336,12.3785400390625,36.196529388427734,10.972336769104004,10.753902435302734,40.169395446777344,12.08090877532959,20.48248291015625,11.761289596557617,9.975016593933105,21.269309997558594,33.287654876708984,23.645122528076172,43.711822509765625,19.142683029174805,56.57559585571289,47.37739562988281,99.02940368652344,14.859516143798828,21.879858016967773,11.90711498260498,27.80382537841797,32.374141693115234,45.94190216064453,39.03657531738281,34.54531478881836,10.923690795898438,21.413406372070312,111.7474594116211,22.407257080078125,36.49394226074219,3.558758497238159,27.438913345336914,8.159134864807129,27.23789405822754,37.74699783325195,39.32536697387695,29.837556838989258,5.8477783203125,26.994277954101562,14.139007568359375,20.364990234375,25.505630493164062
2006-07-31,16.930728912353516,2.0401668548583984,35.66151428222656,34.97849655151367,27.764883041381836,32.8255615234375,31.377681732177734,19.577159881591797,12.372982025146484,36.339866638183594,10.921907424926758,10.64742660522461,40.40428161621094,12.000741958618164,20.540517807006836,11.631189346313477,9.983990669250488,21.343088150024414,33.231014251708984,23.91704750061035,43.503108978271484,19.030399322509766,55.507328033447266,47.81640625,98.0396957397461,14.843973159790039,21.967144012451172,11.66381549835205,27.68248176574707,32.29449462890625,45.47954559326172,38.93933868408203,34.45838165283203,10.755849838256836,21.392704010009766,112.50605773925781,22.900636672973633,36.64271926879883,3.470309257507324,27.35120391845703,8.141383171081543,27.514476776123047,37.15392303466797,39.540435791015625,29.89141082763672,5.795597076416016,27.29201316833496,14.022822380065918,20.207380294799805,25.039819717407227
2006-08-01,16.881471633911133,2.0167510509490967,35.73564529418945,35.2056999206543,27.69793701171875,32.6678581237793,31.60186004638672,19.84453773498535,12.320150375366211,36.21944808959961,10.921907424926758,10.446310043334961,39.74140548706055,11.808350563049316,20.360605239868164,11.370981216430664,9.892007827758789,20.99260711669922,32.99974060058594,23.947948455810547,42.791053771972656,18.77695655822754,56.04503631591797,48.05647659301758,97.6498031616211,14.763179779052734,22.020849227905273,11.581093788146973,28.110233306884766,32.021446228027344,45.884803771972656,38.976749420166016,34.45838165283203,10.614234924316406,21.451845169067383,111.40864562988281,22.717700958251953,36.33415222167969,3.4234843254089355,27.30442237854004,8.038416862487793,27.526506423950195,37.0999870300293,39.43887710571289,29.827754974365234,5.784725666046143,27.2299861907959,14.049844741821289,20.076040267944336,24.63266944885254
2006-08-02,17.0996150970459,2.0461721420288086,36.003604888916016,35.36061096191406,27.685766220092773,34.046295166015625,31.468311309814453,19.946632385253906,12.320150375366211,36.23664855957031,10.76222038269043,10.40490436553955,39.835330963134766,11.872480392456055,20.6566104888916,11.370981216430664,9.954821586608887,20.974159240722656,32.85810470581055,23.861425399780273,43.42945098876953,18.92774200439453,56.367652893066406,48.54350280761719,97.769775390625,14.651314735412598,22.282691955566406,11.527565002441406,30.974044799804688,32.38551330566406,46.54691696166992,38.722434997558594,34.74592971801758,10.76983642578125,21.5770206451416,110.40697479248047,22.634552001953125,36.49394226074219,3.6211931705474854,27.889108657836914,8.045517921447754,27.67081069946289,36.7118034362793,39.283538818359375,29.612323760986328,5.79777193069458,26.584888458251953,14.036334991455078,20.358417510986328,25.050174713134766
2006-08-03,17.036279678344727,2.089099407196045,35.96370315551758,35.30380630493164,27.789236068725586,34.72384262084961,31.244117736816406,20.218875885009766,12.23951244354248,36.03023910522461,10.720191955566406,10.309717178344727,39.840572357177734,11.840415954589844,20.801708221435547,11.423022270202637,10.035595893859863,21.25701332092285,32.70234680175781,23.805809020996094,44.64484786987305,18.677505493164062,56.92691421508789,48.646366119384766,98.15963745117188,14.673065185546875,22.759361267089844,11.57623291015625,30.94975471496582,32.220542907714844,46.552616119384766,38.991703033447266,34.75261688232422,10.852008819580078,21.65151023864746,112.02739715576172,22.673357009887695,37.35905075073242,3.569164276123047,28.27499771118164,8.059721946716309,27.57059097290039,36.98676300048828,38.81161117553711,29.85713768005371,5.810091018676758,26.05146026611328,14.049844741821289,20.552160263061523,25.3227481842041
2006-08-04,17.092578887939453,2.0503740310668945,36.22026443481445,35.469051361083984,27.460569381713867,34.72384262084961,31.320432662963867,20.102201461791992,12.192249298095703,36.21944808959961,10.917703628540039,10.40490436553955,39.62135696411133,11.720168113708496,20.5521297454834,11.214853286743164,10.06700325012207,21.343088150024414,32.7825927734375,23.589506149291992,44.871978759765625,18.748092651367188,56.991424560546875,47.18535232543945,98.36962890625,14.679283142089844,22.692218780517578,11.070162773132324,31.865949630737305,32.010074615478516,47.682762145996094,39.05154037475586,34.9866828918457,10.722631454467773,21.755836486816406,112.68285369873047,23.0059757232666,37.298423767089844,3.709641218185425,28.42116928100586,8.130731582641602,27.46637725830078,36.52307891845703,38.73994445800781,29.862018585205078,5.790524005889893,25.3753662109375,14.149808883666992,20.55544090270996,25.22960090637207
2006-08-07,17.043319702148438,2.0176525115966797,36.07203674316406,35.74788284301758,27.55187225341797,34.69462585449219,31.8785343170166,19.854259490966797,12.12551498413086,36.21371841430664,10.947122573852539,10.303770065307617,39.41777801513672,11.720168113708496,20.621782302856445,11.325445175170898,10.0557861328125,21.330799102783203,32.57017135620117,23.669849395751953,44.92110061645508,18.92774200439453,57.177833557128906,46.55429458618164,98.0396957397461,14.710360527038574,22.477378845214844,11.0798978805542,32.06616973876953,31.617544174194336,46.34714889526367,38.96925735473633,34.879669189453125,10.827529907226562,21.5710506439209,112.43245697021484,22.800857543945312,36.9953727722168,3.730452299118042,28.304222106933594,8.098777770996094,27.10159683227539,35.85989761352539,38.3217887878418,29.974645614624023,5.732546329498291,25.697912216186523,14.028223037719727,20.627683639526367,25.2054386138916
2006-08-08,17.12776756286621,1.9447036981582642,36.23736572265625,35.768524169921875,27.381467819213867,34.88154602050781,32.055023193359375,19.922325134277344,12.181123733520508,36.47746658325195,10.993346214294434,10.327566146850586,39.475433349609375,11.864461898803711,20.40703582763672,11.247381210327148,9.975016593933105,21.109439849853516,32.36247634887695,23.447364807128906,43.951210021972656,18.89885711669922,56.030704498291016,45.97123336791992,96.99004364013672,14.812907218933105,22.759361267089844,10.320799827575684,32.61224365234375,31.37293815612793,47.39165496826172,39.0964241027832,34.81281280517578,10.766341209411621,21.29986000061035,111.5486068725586,22.872926712036133,36.52149200439453,3.8345108032226562,28.57318115234375,8.098777770996094,27.10962677001953,35.687381744384766,38.57865524291992,30.023601531982422,5.819511413574219,25.691707611083984,14.360562324523926,20.51186752319336,24.92940330505371
2006-08-09,17.198135375976562,1.9089785814285278,36.10053253173828,35.77885818481445,26.9919490814209,34.77640914916992,32.18859100341797,20.155670166015625,12.164443016052246,36.03023910522461,11.090902328491211,10.351360321044922,39.50687789916992,11.984709739685059,19.942716598510742,12.86716365814209,9.849377632141113,20.537580490112305,32.23975372314453,22.94059944152832,42.06058120727539,18.924531936645508,55.53409957885742,46.14958190917969,96.81005859375,14.704133033752441,22.275970458984375,10.277005195617676,32.59100341796875,31.287595748901367,46.438480377197266,38.93933868408203,34.4650764465332,10.783825874328613,20.78129005432129,110.4879379272461,22.96161460876465,35.63985061645508,3.8136980533599854,28.017732620239258,7.981611728668213,27.61869239807129,35.54182052612305,38.4113883972168,29.88650894165039,5.80936861038208,25.93360710144043,14.3362455368042,20.432451248168945,24.280719757080078
2006-08-10,17.21221351623535,1.923388957977295,36.23164749145508,35.97078323364258,26.809368133544922,35.196964263916016,32.12657165527344,20.092466354370117,12.206151008605957,36.23664855957031,11.014554023742676,10.559578895568848,39.69027328491211,12.129009246826172,20.238712310791016,12.724047660827637,10.071489334106445,20.666719436645508,32.29167556762695,23.01475715637207,41.93781661987305,19.181182861328125,54.84315872192383,45.895809173583984,97.97968292236328,14.828435897827148,22.692218780517578,10.135890007019043,32.96110916137695,31.452564239501953,47.03209686279297,38.879512786865234,34.45171356201172,10.81529426574707,20.69783592224121,111.68118286132812,23.394018173217773,35.94292449951172,3.844916820526123,28.35100746154785,8.187538146972656,27.298017501831055,35.84373474121094,38.76981735229492,30.356544494628906,5.838356018066406,25.164487838745117,14.365962982177734,20.505258560180664,24.173763275146484
2006-08-11,17.191097259521484,1.9107800722122192,36.18605041503906,36.173118591308594,26.736324310302734,35.196964263916016,32.365081787109375,19.737592697143555,12.167226791381836,36.31118392944336,10.950937271118164,10.35731029510498,39.55404281616211,12.016775131225586,20.134241104125977,12.711037635803223,10.026618003845215,20.457645416259766,32.34831619262695,23.150718688964844,41.14595413208008,19.09134864807129,54.67042922973633,45.54597091674805,97.46988677978516,14.732111930847168,22.80634880065918,9.848796844482422,32.138973236083984,31.148893356323242,46.701026916503906,38.74485397338867,34.3714599609375,10.848512649536133,20.739561080932617,111.29820251464844,23.460538864135742,36.01455307006836,3.8345108032226562,28.310070037841797,8.075382232666016,27.41025733947754,35.85989761352539,38.68018341064453,29.945268630981445,5.858647346496582,25.32575225830078,14.37407112121582,20.29017448425293,23.832164764404297
2006-08-14,17.26146697998047,1.9194859266281128,36.4368896484375,35.924102783203125,26.71198081970215,34.90489196777344,31.98349380493164,19.873714447021484,12.231171607971191,36.66667175292969,11.061209678649902,10.630970001220703,40.1828727722168,12.257270812988281,20.151655197143555,13.068825721740723,10.118607521057129,20.45149040222168,32.390804290771484,23.30521583557129,40.48915100097656,19.139467239379883,54.260162353515625,45.058956146240234,98.42958068847656,14.903017044067383,23.007762908935547,9.931516647338867,31.853816986083984,31.183252334594727,47.4030876159668,38.74485397338867,34.19089889526367,10.757598876953125,20.65314292907715,110.75315856933594,23.49934959411621,35.83271026611328,4.073841571807861,28.450387954711914,8.306815147399902,26.78492546081543,36.28587341308594,38.90719223022461,29.91099739074707,5.838356018066406,24.879138946533203,14.414592742919922,20.492019653320312,23.694135665893555
2006-08-15,17.388593673706055,1.9948368072509766,36.72196960449219,35.63361358642578,27.41187858581543,35.302066802978516,31.892847061157227,19.907745361328125,12.322928428649902,36.46025466918945,11.19692611694336,10.78564739227295,40.39249801635742,12.601984977722168,20.604373931884766,13.433109283447266,9.995206832885742,21.17707633972168,32.938350677490234,23.65131187438965,41.37923812866211,19.280641555786133,55.116641998291016,45.058956146240234,99.56920623779297,15.120530128479004,23.430727005004883,10.116427421569824,32.19358444213867,31.68177032470703,47.522945404052734,39.500308990478516,34.87300491333008,10.8782320022583,20.843873977661133,112.43245697021484,24.292081832885742,36.49945831298828,4.120667934417725,29.052602767944336,8.264091491699219,26.845050811767578,37.20244216918945,39.277591705322266,29.920791625976562,5.867344379425049,25.443607330322266,14.465937614440918,20.922168731689453,23.808013916015625
2006-08-16,17.445098876953125,2.040767192840576,36.835994720458984,35.05259704589844,27.673585891723633,35.290401458740234,31.44575309753418,20.019556045532227,12.325715065002441,36.28826141357422,11.345368385314941,11.071196556091309,41.445796966552734,12.457687377929688,20.87715721130371,13.72584056854248,10.006021499633789,21.213977813720703,33.41511154174805,24.103282928466797,42.422752380371094,19.174766540527344,56.73604202270508,45.690006256103516,101.0987548828125,15.31318187713623,23.101757049560547,10.257542610168457,33.33424758911133,31.83649444580078,47.87114334106445,39.66486740112305,34.97328186035156,11.189441680908203,20.99884796142578,114.15591430664062,24.39742088317871,36.89067459106445,4.297564506530762,28.910615921020508,8.264091491699219,26.736827850341797,38.8900146484375,39.4687385559082,30.16069793701172,5.851398944854736,25.151365280151367,14.536182403564453,21.375490188598633,24.787939071655273
2006-08-17,17.445098876953125,2.0290608406066895,36.61933898925781,35.317176818847656,27.667512893676758,35.243682861328125,31.8015193939209,18.877105712890625,12.284005165100098,35.92703628540039,11.451401710510254,11.041454315185547,41.59254455566406,12.674131393432617,21.03387451171875,13.563210487365723,10.051061630249023,21.3492431640625,33.608646392822266,24.32086753845215,42.576210021972656,18.934152603149414,56.56328582763672,45.90264892578125,101.72854614257812,15.266575813293457,23.081619262695312,10.45218276977539,33.57088088989258,32.059974670410156,47.705589294433594,40.02390670776367,34.86628723144531,11.185942649841309,21.010766983032227,113.75820922851562,24.364152908325195,37.2323112487793,4.250739097595215,29.0687313079834,8.548938751220703,26.56845474243164,38.83582305908203,39.63599395751953,29.96975326538086,5.852126121520996,24.70367431640625,14.330840110778809,21.097545623779297,25.057077407836914
2006-08-18,18.214937210083008,2.038665771484375,36.727664947509766,35.846309661865234,27.81966209411621,35.27286911010742,32.33514404296875,19.212547302246094,12.320150375366211,36.127716064453125,11.472607612609863,10.946266174316406,41.87025451660156,12.593965530395508,20.999040603637695,13.569718360900879,10.019533157348633,21.380001068115234,33.61336898803711,24.526037216186523,41.93168258666992,18.92774200439453,55.86516189575195,46.170169830322266,101.96852111816406,15.226176261901855,22.739208221435547,10.530034065246582,33.88639450073242,31.532793045043945,47.6884765625,39.83689880371094,35.10034942626953,11.128250122070312,20.9451961517334,113.92761993408203,24.358606338500977,36.9953727722168,4.162290573120117,28.488990783691406,8.289013862609863,26.6165714263916,38.52687454223633,39.426918029785156,30.25373077392578,6.0854878425598145,25.61769676208496,14.409196853637695,21.074386596679688,25.09503173828125
2006-08-21,18.44801139831543,1.9981387853622437,36.642147064208984,36.224979400634766,27.667512893676758,35.500667572021484,32.157264709472656,19.275747299194336,12.286784172058105,36.29397964477539,11.298726081848145,10.857032775878906,41.545372009277344,12.537853240966797,20.72625732421875,13.602237701416016,9.929450988769531,21.09099578857422,33.57086181640625,24.258703231811523,41.89484405517578,19.01114273071289,55.15262985229492,45.96438980102539,101.84849548339844,15.123638153076172,22.59151268005371,10.486245155334473,33.965267181396484,31.446853637695312,47.72842025756836,39.86682891845703,35.08026885986328,11.124753952026367,20.986928939819336,113.30149841308594,24.042621612548828,37.02843475341797,3.8865387439727783,28.600229263305664,8.321066856384277,26.804962158203125,37.92522048950195,39.34926223754883,30.356544494628906,6.067368507385254,25.773143768310547,14.382177352905273,21.090923309326172,24.92940330505371
2006-08-22,18.094871520996094,2.0299606323242188,36.57942199707031,36.422122955322266,27.60055923461914,35.658363342285156,31.993806838989258,19.324369430541992,12.347949981689453,36.546268463134766,11.44292163848877,10.91057300567627,41.37240982055664,12.409587860107422,20.66240882873535,13.816914558410645,9.924942970275879,20.943422317504883,33.65113067626953,24.128149032592773,42.04830551147461,18.892444610595703,55.38294982910156,45.7791862487793,101.84849548339844,15.207529067993164,22.155134201049805,10.627362251281738,33.3767204284668,31.50414276123047,47.397361755371094,39.70974349975586,35.107025146484375,11.09503173828125,20.790225982666016,113.53719329833984,24.264387130737305,37.386600494384766,3.8605244159698486,28.500682830810547,8.192880630493164,26.89315414428711,38.45099639892578,39.33732223510742,30.082366943359375,6.060847282409668,25.804235458374023,14.360562324523926,20.958574295043945,25.23995018005371
2006-08-23,18.130191802978516,2.0206542015075684,36.4368896484375,36.121246337890625,27.704011917114258,35.58244323730469,31.5755558013916,19.669527053833008,12.322928428649902,36.73548889160156,11.510781288146973,10.934369087219238,41.225704193115234,12.281320571899414,20.6566104888916,13.693317413330078,9.85512924194336,20.69130516052246,33.41832733154297,24.121932983398438,41.256431579589844,18.99832534790039,54.95832061767578,46.17701721191406,101.33867645263672,15.226176261901855,22.128267288208008,10.525172233581543,33.215946197509766,31.54425621032715,48.12797164916992,39.64244842529297,35.10034942626953,11.039081573486328,20.808109283447266,112.4692611694336,24.214468002319336,37.496803283691406,4.037423610687256,28.371862411499023,8.160837173461914,26.45221519470215,38.22333526611328,39.40899658203125,30.214553833007812,6.063745498657227,25.89129066467285,14.392982482910156,20.86261749267578,25.32621192932129
2006-08-24,18.179628372192383,2.0356643199920654,37.0583381652832,36.68668746948242,27.801395416259766,35.658363342285156,32.0803337097168,19.475065231323242,12.375760078430176,36.77560806274414,11.553194046020508,11.041454315185547,41.59776306152344,12.329421043395996,20.824928283691406,13.719338417053223,9.841619491577148,20.543739318847656,33.30430603027344,24.134363174438477,40.20676040649414,18.979066848754883,54.15222930908203,46.032981872558594,101.51860809326172,15.170251846313477,22.087989807128906,10.530034065246582,33.71953582763672,31.653127670288086,47.63138961791992,39.73966979980469,35.113712310791016,11.136990547180176,20.986928939819336,111.51172637939453,23.676746368408203,37.33148193359375,4.037423610687256,28.2020320892334,8.278334617614746,26.416139602661133,37.94148635864258,39.52301788330078,30.527912139892578,6.12099552154541,25.953454971313477,14.465937614440918,20.763349533081055,25.281347274780273
2006-08-25,18.2573184967041,2.063882827758789,37.08414077758789,36.53623962402344,27.704011917114258,35.5532341003418,32.09955978393555,19.659801483154297,12.3785400390625,36.798553466796875,11.5489501953125,11.24372386932373,41.859798431396484,12.353471755981445,20.447656631469727,13.693317413330078,9.882156372070312,20.586776733398438,33.21879196166992,24.0286865234375,40.507537841796875,18.86037826538086,53.20938491821289,46.314205169677734,101.48863983154297,15.160926818847656,22.128267288208008,10.549497604370117,33.37066650390625,31.54999542236328,47.42020797729492,39.582603454589844,34.859596252441406,11.04957389831543,20.802148818969727,110.53215026855469,23.593584060668945,36.9072151184082,4.162290573120117,28.00293731689453,8.289013862609863,26.576475143432617,38.25044250488281,39.246978759765625,30.204763412475586,6.094907283782959,25.953454971313477,14.61993408203125,20.700483322143555,25.49527931213379
2006-08-28,18.32795524597168,2.0107476711273193,37.03255081176758,36.36505889892578,28.008331298828125,35.61747360229492,31.80632209777832,19.907745361328125,12.431373596191406,37.268714904785156,11.680429458618164,11.529269218444824,42.09037399291992,12.457687377929688,20.784297943115234,13.927499771118164,10.006021499633789,20.715904235839844,33.70340347290039,24.01003646850586,40.556663513183594,18.892444610595703,53.7779655456543,46.82181167602539,101.75855255126953,15.21375560760498,22.470670700073242,10.56896686553955,33.977386474609375,31.996952056884766,47.8996467590332,39.5975456237793,34.89973831176758,11.271612167358398,20.93328857421875,110.13442993164062,23.898488998413086,36.85762405395508,4.188305377960205,28.69393539428711,8.378033638000488,26.33597755432129,38.22875213623047,39.54703903198242,30.444671630859375,6.0912861824035645,25.92237663269043,14.622642517089844,20.822906494140625,25.94728660583496
2006-08-29,18.2502498626709,1.995737075805664,37.04401397705078,36.00710678100586,27.977907180786133,35.74598693847656,31.604406356811523,20.063312530517578,12.550925254821777,37.73313903808594,11.705881118774414,11.707746505737305,42.65631866455078,12.441654205322266,20.941007614135742,14.10313606262207,10.019533157348633,20.96185874938965,34.021697998046875,23.898120880126953,40.17607116699219,19.07210350036621,53.10142517089844,47.041282653808594,102.53826904296875,15.21375560760498,22.611656188964844,10.671154975891113,34.926937103271484,32.151649475097656,47.42020797729492,39.305843353271484,34.96660232543945,11.196433067321777,20.77234649658203,108.33726501464844,23.953935623168945,36.16883850097656,4.297564506530762,28.71735954284668,8.424317359924316,25.931106567382812,38.125770568847656,39.60104751586914,30.929399490356445,6.0535993576049805,25.6363525390625,14.557798385620117,20.852693557739258,25.792016983032227
2006-08-30,18.222000122070312,2.0101468563079834,37.04401397705078,35.431297302246094,27.83182716369629,36.067230224609375,31.339984893798828,20.019149780273438,12.500873565673828,37.63566207885742,11.761012077331543,11.802933692932129,42.561981201171875,12.634048461914062,20.981626510620117,14.096631050109863,10.048812866210938,20.980308532714844,33.94093322753906,23.99759292602539,39.93667221069336,19.136268615722656,53.993873596191406,46.808074951171875,102.77822875976562,14.9713716506958,22.792936325073242,10.695480346679688,34.72064971923828,32.12299728393555,47.1223030090332,39.24601745605469,34.94630813598633,11.09503173828125,20.676979064941406,108.31514739990234,24.08142852783203,36.09169387817383,4.302768707275391,28.852054595947266,8.406516075134277,25.45409393310547,38.23417663574219,39.961097717285156,30.66501808166504,6.118097305297852,25.62391471862793,14.66586971282959,20.846071243286133,25.802364349365234
2006-08-31,18.151376724243164,2.036865234375,37.07841110229492,35.10447311401367,27.789236068725586,36.15484619140625,30.960205078125,19.896484375,12.459168434143066,37.429237365722656,11.688912391662598,11.642309188842773,42.43098831176758,12.553884506225586,20.836532592773438,14.30479621887207,10.071334838867188,21.084848403930664,34.0644645690918,24.072189331054688,40.72853088378906,19.203636169433594,53.907508850097656,46.66402816772461,102.14846801757812,15.132959365844727,22.524370193481445,10.583561897277832,34.3019905090332,32.04851150512695,47.31708908081055,39.298370361328125,34.79086685180664,11.084542274475098,20.71274185180664,109.48628234863281,24.425132751464844,36.25149917602539,4.354795932769775,28.96329689025879,8.477725982666016,25.42604637145996,37.96859359741211,40.09312438964844,31.090978622436523,6.0535993576049805,25.59903907775879,14.652366638183594,20.965190887451172,26.94791030883789
2006-09-01,18.2502498626709,2.052774429321289,37.1128044128418,35.327552795410156,27.83182716369629,36.16069030761719,31.16692543029785,20.097652435302734,12.531461715698242,37.50379180908203,11.858560562133789,11.826726913452148,42.66154479980469,12.42562198638916,21.335683822631836,14.486943244934082,10.235732078552246,21.300060272216797,34.073970794677734,24.103282928466797,41.293270111083984,19.45708656311035,54.28896713256836,46.910987854003906,102.38835144042969,15.030426025390625,22.799644470214844,11.16748332977295,34.40818786621094,32.088626861572266,47.93574523925781,39.305843353271484,34.919281005859375,11.07230281829834,20.75446891784668,109.84717559814453,24.613630294799805,36.82456588745117,4.302768707275391,29.19169807434082,8.459925651550293,25.7507381439209,38.52687454223633,40.33916473388672,31.472885131835938,6.0738911628723145,26.108924865722656,14.687485694885254,21.296079635620117,27.28949737548828
2006-09-05,18.08780860900879,2.1458377838134766,36.877723693847656,35.52467346191406,27.874435424804688,35.95626449584961,31.89284324645996,20.2006893157959,12.506434440612793,37.38338088989258,11.807669639587402,11.892169952392578,42.36811065673828,12.6981782913208,21.271831512451172,14.36984920501709,10.26275634765625,21.472972869873047,33.898170471191406,24.21518325805664,42.77263641357422,19.495567321777344,54.23860168457031,47.50774002075195,101.8785171508789,15.024205207824707,23.148744583129883,11.084762573242188,34.338409423828125,31.928173065185547,47.947227478027344,39.380645751953125,34.98012924194336,10.990129470825195,20.76042938232422,111.42339324951172,24.619159698486328,37.14965057373047,4.365201950073242,29.220977783203125,8.40295696258545,25.76675796508789,38.51602554321289,40.957279205322266,31.4386043548584,5.988372802734375,26.139995574951172,14.676671981811523,21.216672897338867,28.4488468170166
2006-09-06,18.08780860900879,2.102308750152588,36.654075622558594,34.85027313232422,27.923124313354492,35.88617706298828,31.35441780090332,20.313539505004883,12.428584098815918,37.40066146850586,11.75677490234375,11.487630844116211,42.069400787353516,12.521817207336426,21.02226448059082,14.109638214111328,10.224471092224121,21.102432250976562,33.96944046020508,24.121932983398438,42.43503189086914,19.675233840942383,53.57643508911133,46.979576110839844,101.81855010986328,14.89370059967041,23.27630615234375,11.011775016784668,33.607295989990234,31.73335838317871,47.68943405151367,39.13383102416992,34.91252517700195,10.759346961975098,20.885602951049805,110.97408294677734,24.497209548950195,36.422306060791016,4.44844913482666,29.613304138183594,8.40295696258545,24.7606143951416,38.10408401489258,41.041282653808594,31.48302459716797,5.986924648284912,25.350330352783203,14.711811065673828,21.117401123046875,27.934730529785156
2006-09-07,17.960674285888672,2.185464382171631,36.39027786254883,35.11484146118164,27.50926971435547,35.93873596191406,31.440954208374023,19.940635681152344,12.370194435119629,36.9916877746582,11.642254829406738,11.434090614318848,41.608253479003906,12.834464073181152,21.196386337280273,14.012063980102539,10.255999565124512,21.20742416381836,33.53709411621094,23.842174530029297,41.59406280517578,19.466691970825195,52.44646453857422,46.869815826416016,102.08842468261719,14.884367942810059,23.57171058654785,11.05069637298584,33.869773864746094,31.44112777709961,47.83267593383789,39.11885070800781,34.817893981933594,10.80829906463623,20.665056228637695,109.42733764648438,24.286535263061523,36.34516906738281,4.464057445526123,29.425918579101562,8.353108406066895,24.66042709350586,37.78973388671875,40.807247161865234,31.566890716552734,5.951414585113525,24.82802391052246,14.525376319885254,21.163726806640625,27.98648452758789
2006-09-08,18.080747604370117,2.177057981491089,36.46483612060547,34.65834426879883,27.545774459838867,35.71095275878906,30.873661041259766,20.146713256835938,12.400781631469727,37.28545379638672,11.701634407043457,11.570919036865234,42.268524169921875,12.75429916381836,21.765178680419922,14.148675918579102,10.521745681762695,21.170372009277344,33.97418975830078,23.79865074157715,41.3239631652832,19.492359161376953,52.39609909057617,46.59543991088867,101.99849700927734,15.19510269165039,23.833539962768555,11.279402732849121,34.142860412597656,31.664592742919922,47.78681945800781,39.35820388793945,34.919281005859375,11.135241508483887,20.84983253479004,110.33331298828125,24.47503089904785,36.74741744995117,4.562911510467529,29.81241226196289,8.541816711425781,24.18741226196289,37.7029914855957,40.83723831176758,31.57676124572754,6.013014316558838,24.61661720275879,14.36866569519043,21.48468780517578,28.05205726623535
2006-09-11,18.299697875976562,2.1764583587646484,36.7228889465332,33.68825149536133,27.624897003173828,36.16652297973633,29.806400299072266,20.259578704833984,12.386876106262207,37.27970504760742,11.824639320373535,11.541168212890625,42.410011291503906,13.058924674987793,21.544626235961914,14.28528118133545,10.695157051086426,21.652069091796875,33.898170471191406,23.780000686645508,40.21289825439453,19.90621566772461,53.13020706176758,46.84238815307617,103.25812530517578,15.114315032958984,24.07524299621582,11.381591796875,34.770965576171875,31.09159278869629,47.40875244140625,39.25349426269531,34.59482955932617,11.093281745910645,20.885602951049805,111.21713256835938,24.591442108154297,36.73637771606445,4.531695365905762,30.146198272705078,8.573864936828613,23.57009506225586,38.45641326904297,41.33534622192383,32.1589469909668,6.04055118560791,23.833179473876953,14.311925888061523,21.42512321472168,27.493085861206055
2006-09-12,18.313819885253906,2.180361747741699,36.602447509765625,33.56373977661133,28.002235412597656,36.12562942504883,29.513137817382812,20.681547164916992,12.450828552246094,37.5561637878418,11.981560707092285,11.749390602111816,43.11748123168945,13.066939353942871,22.171464920043945,14.734136581420898,10.825780868530273,22.64019203186035,34.47779846191406,24.084630966186523,39.99192810058594,19.98641586303711,53.44687271118164,47.43913650512695,103.97782135009766,15.164033889770508,24.135656356811523,11.834125518798828,35.69646072387695,31.6015682220459,46.801544189453125,39.3507194519043,34.94630813598633,11.161467552185059,21.064414978027344,116.58646392822266,25.323196411132812,37.662086486816406,4.713794708251953,29.865123748779297,8.100306510925293,23.30553436279297,39.329063415527344,40.82524871826172,32.35630798339844,6.019537448883057,23.111900329589844,14.268697738647461,21.785791397094727,27.983043670654297
2006-09-13,18.349140167236328,2.227492332458496,36.59099578857422,33.9061393737793,28.239608764648438,35.37215805053711,29.993892669677734,20.161441802978516,12.490025520324707,37.23362350463867,11.95611572265625,11.796979904174805,43.080772399902344,13.139092445373535,21.962522506713867,14.734136581420898,10.828032493591309,22.95514678955078,34.85786437988281,24.40791893005371,40.716243743896484,19.652772903442383,54.92951202392578,47.432273864746094,104.48770904541016,15.282114028930664,23.40387535095215,12.072558403015137,35.49011993408203,31.635948181152344,47.11088562011719,39.949092864990234,35.08151626586914,11.136990547180176,21.14786148071289,118.47940063476562,25.694610595703125,38.42251205444336,4.781430244445801,28.875463485717773,8.153716087341309,23.714397430419922,39.5621223449707,40.72923278808594,32.020816802978516,6.059081077575684,23.540924072265625,14.187636375427246,21.954545974731445,28.038249969482422
2006-09-14,18.596330642700195,2.226593017578125,36.54511260986328,33.568939208984375,28.300458908081055,35.49482345581055,29.83042335510254,20.13199806213379,12.481626510620117,37.18177795410156,11.960356712341309,11.76723861694336,43.21702575683594,13.203224182128906,21.666515350341797,14.766663551330566,10.893341064453125,22.98603057861328,34.933876037597656,24.264923095703125,40.21289825439453,19.819595336914062,53.9866943359375,47.720359802246094,104.3077392578125,15.272790908813477,23.585140228271484,12.00930118560791,35.14419937133789,31.5098876953125,47.40875244140625,40.001468658447266,35.10177993774414,11.100275039672852,21.24323081970215,119.70207977294922,25.955167770385742,38.747623443603516,4.729403972625732,29.40249252319336,8.232048034667969,23.425783157348633,38.89002990722656,41.041282653808594,31.97640609741211,6.081049919128418,23.976181030273438,14.0930757522583,21.878450393676758,27.39301872253418
2006-09-15,18.96359634399414,2.2244913578033447,36.57952117919922,33.53781509399414,28.57434844970703,35.570762634277344,29.705440521240234,20.16634750366211,12.487229347229004,37.458251953125,11.892495155334473,11.606612205505371,43.46331787109375,13.090991973876953,21.898677825927734,14.779675483703613,10.8595609664917,22.98603057861328,35.223697662353516,24.712547302246094,40.16380310058594,19.935081481933594,53.9866943359375,47.85756301879883,104.51765441894531,15.375335693359375,23.32330894470215,12.126084327697754,34.97426986694336,31.4010066986084,47.54622268676758,40.203407287597656,34.77732849121094,11.320568084716797,21.380311965942383,119.84200286865234,26.304420471191406,39.09474563598633,4.172695636749268,29.25611114501953,8.011292457580566,23.28950309753418,39.30195236206055,40.95126724243164,32.22310256958008,6.088372230529785,23.708812713623047,14.309223175048828,21.8387393951416,27.9036865234375
2006-09-18,18.921222686767578,2.218186378479004,36.79168701171875,34.39377212524414,28.349149703979492,35.337127685546875,30.215036392211914,20.019149780273438,12.44243335723877,37.14146423339844,11.943388938903809,11.689895629882812,43.09651565551758,13.026859283447266,21.71874237060547,14.857730865478516,10.832529067993164,22.59078025817871,35.104923248291016,24.519826889038086,41.12139892578125,19.864501953125,54.130638122558594,47.850711822509766,104.5776138305664,15.188897132873535,23.309877395629883,12.106622695922852,34.913578033447266,31.6015682220459,46.88746643066406,40.008949279785156,35.00040817260742,11.332805633544922,21.32667350769043,120.21762084960938,25.755586624145508,39.0451545715332,4.068638801574707,28.939889907836914,8.043340682983398,23.67833709716797,39.3615837097168,40.903255462646484,31.951730728149414,6.072993755340576,23.994834899902344,14.238972663879395,21.908233642578125,28.02099609375
2006-09-19,18.97066307067871,2.2145845890045166,36.80315017700195,33.978763580322266,28.48303985595703,35.57660675048828,29.753515243530273,20.205604553222656,12.425634384155273,37.308494567871094,11.960356712341309,11.553075790405273,42.902618408203125,12.930663108825684,21.811609268188477,14.805696487426758,10.92261791229248,22.405506134033203,34.80085372924805,24.569555282592773,40.85744094848633,19.838836669921875,53.88591384887695,47.6380615234375,104.51765441894531,15.275899887084961,23.35686683654785,12.02389907836914,35.657012939453125,31.527063369750977,47.10512924194336,39.949092864990234,35.16938781738281,11.357284545898438,21.439926147460938,120.34286499023438,25.849853515625,39.59067153930664,3.98539400100708,29.22683334350586,8.011292457580566,23.369665145874023,39.13391876220703,40.78323745727539,32.31192398071289,6.042970180511475,23.926429748535156,14.236275672912598,21.924772262573242,27.589696884155273
2006-09-20,19.19666862487793,2.2593133449554443,36.808902740478516,33.2576904296875,28.738664627075195,35.99715042114258,29.267953872680664,20.578510284423828,12.445234298706055,37.510101318359375,12.074869155883789,11.594711303710938,43.714866638183594,14.373639106750488,21.92770004272461,15.137451171875,11.005942344665527,22.467266082763672,34.88161849975586,25.116647720336914,40.440032958984375,19.842052459716797,54.83595657348633,48.687564849853516,105.02753448486328,15.086346626281738,23.78654670715332,12.111490249633789,36.057559967041016,31.945363998413086,47.46031188964844,40.58488082885742,35.48031234741211,11.355533599853516,21.636621475219727,122.70711517333984,26.393110275268555,39.86615753173828,4.032218933105469,29.2502498626709,8.082504272460938,22.948774337768555,39.35616683959961,40.89726257324219,32.09974670410156,6.048099040985107,24.069435119628906,14.325432777404785,22.318532943725586,27.465473175048828
2006-09-21,18.998910903930664,2.241000175476074,36.83183288574219,33.60524368286133,28.48912811279297,36.0614013671875,29.83042335510254,20.583406448364258,12.375234603881836,37.216339111328125,11.964597702026367,11.416243553161621,42.76636505126953,14.493881225585938,22.252721786499023,14.968318939208984,10.91361141204834,22.139951705932617,34.73435974121094,25.203689575195312,39.617462158203125,19.80996322631836,54.778377532958984,49.39406204223633,104.03073120117188,14.977595329284668,21.799299240112305,12.02389907836914,35.78749465942383,32.07142639160156,47.27125930786133,40.569923400878906,35.31134033203125,11.231402397155762,21.51740264892578,123.11224365234375,26.298870086669922,39.47495651245117,4.037423610687256,27.10112953186035,7.986366271972656,23.333580017089844,38.48892593383789,40.72923278808594,32.02574920654297,5.999764919281006,24.37411117553711,14.79286003112793,22.037273406982422,27.23429298400879
2006-09-22,18.829402923583984,2.191467761993408,36.676998138427734,33.672698974609375,28.495214462280273,36.10227584838867,29.777557373046875,20.627574920654297,12.316436767578125,37.02625274658203,11.943388938903809,11.344858169555664,42.55675506591797,14.060988426208496,22.177274703979492,14.883755683898926,10.875321388244629,22.2078800201416,34.715354919433594,25.017181396484375,38.5309944152832,19.761844635009766,55.5988655090332,48.62579345703125,103.9098892211914,14.884367942810059,22.175268173217773,12.19421100616455,35.53563690185547,32.04851150512695,47.46031188964844,40.47267532348633,35.43976974487305,11.325811386108398,21.463764190673828,123.38475799560547,26.02722930908203,39.552085876464844,4.162290573120117,27.464189529418945,8.13235092163086,23.26543426513672,38.42388916015625,40.603214263916016,32.02574920654297,6.028323173522949,23.926429748535156,14.925256729125977,21.878450393676758,26.78573989868164
2006-09-25,19.034223556518555,2.2740232944488525,36.808902740478516,33.750492095947266,28.549972534179688,36.38264846801758,29.892929077148438,20.58832550048828,12.431233406066895,37.481300354003906,12.02397632598877,11.54712200164795,42.970741271972656,14.405696868896484,22.54872703552246,15.111437797546387,10.994685173034668,22.59078025817871,35.014644622802734,25.30937385559082,39.48856735229492,19.957538604736328,55.92993927001953,48.8521614074707,105.39000701904297,14.899909973144531,20.8795166015625,12.199075698852539,36.057559967041016,32.42096710205078,48.63463592529297,41.09348678588867,35.80477523803711,11.56883430480957,21.678346633911133,124.2464370727539,26.232364654541016,39.987403869628906,4.240333557128906,26.041215896606445,8.192880630493164,22.972829818725586,38.922550201416016,40.81925964355469,32.13923263549805,5.643134593963623,23.391685485839844,14.882024765014648,22.103452682495117,27.22739601135254
2006-09-26,19.210796356201172,2.329861879348755,37.08414077758789,34.461212158203125,28.543901443481445,36.493614196777344,30.57080078125,20.49019432067871,12.498430252075195,37.68866729736328,12.045177459716797,11.874320983886719,43.23274230957031,14.58206844329834,22.670616149902344,15.287076950073242,11.091527938842773,22.61548614501953,35.51350021362305,25.147735595703125,40.45230484008789,20.005657196044922,56.85837173461914,48.529781341552734,107.0513916015625,14.9371976852417,21.248779296875,12.21367359161377,35.66915512084961,32.57566833496094,48.943973541259766,41.85641098022461,36.14950180053711,11.675485610961914,21.731992721557617,124.23912048339844,26.3491153717041,40.36761474609375,4.375607967376709,26.415992736816406,8.221365928649902,23.429790496826172,39.410362243652344,40.78925323486328,32.213226318359375,5.547933578491211,24.088109970092773,15.030625343322754,22.42772674560547,28.57651710510254
2006-09-27,19.38029670715332,2.293837070465088,37.1701774597168,34.82433319091797,28.50739288330078,36.6396484375,30.86404037475586,20.804210662841797,12.51802921295166,37.96516799926758,12.049424171447754,12.130128860473633,43.01790237426758,14.373639106750488,23.111717224121094,15.189496994018555,11.147825241088867,22.51666831970215,35.46600341796875,25.50832748413086,40.317264556884766,19.90300178527832,57.15349197387695,49.483219146728516,106.74925231933594,15.030426025390625,21.7187442779541,12.165013313293457,35.383914947509766,32.6673469543457,48.77210235595703,41.908782958984375,35.987274169921875,11.77164363861084,21.565092086791992,124.47482299804688,26.538158416748047,39.888206481933594,4.162290573120117,26.497968673706055,8.260531425476074,23.690353393554688,39.242340087890625,40.96328353881836,32.045475006103516,5.659971714019775,23.47252082824707,15.206249237060547,22.275510787963867,29.0029354095459
2006-09-28,19.352046966552734,2.3118488788604736,37.21604537963867,34.99552536010742,28.696062088012695,36.36511993408203,31.022686004638672,20.637392044067383,12.585220336914062,37.613792419433594,12.002767562866211,12.356195449829102,42.96549987792969,14.42173957824707,22.978225708007812,15.27405834197998,11.217641830444336,22.664894104003906,35.44223403930664,25.719688415527344,40.875858306884766,20.07303237915039,57.05990982055664,49.07850646972656,107.17220306396484,15.017989158630371,21.671743392944336,12.092025756835938,35.383914947509766,32.84498596191406,49.0356330871582,41.87885665893555,36.17655563354492,11.99892807006836,21.529335021972656,125.21137237548828,26.521482467651367,40.163726806640625,4.245536804199219,26.298870086669922,8.264091491699219,23.622194290161133,39.312808990478516,40.93327331542969,32.168819427490234,5.636541366577148,23.416566848754883,15.341341972351074,22.53030014038086,29.391197204589844
2006-09-29,19.316741943359375,2.3109488487243652,37.23896408081055,34.80877685546875,28.58042335510254,36.20158386230469,31.18133544921875,20.558881759643555,12.509629249572754,37.59075164794922,12.028216361999512,12.237215042114258,42.939300537109375,14.221320152282715,22.705440521240234,14.948798179626465,11.10728931427002,22.39933204650879,35.356727600097656,25.427501678466797,40.39093017578125,19.922250747680664,56.75044250488281,49.06480026245117,106.62848663330078,15.08945083618164,21.564319610595703,12.126084327697754,35.295928955078125,32.66162872314453,49.299137115478516,41.94617462158203,36.21033477783203,12.02340316772461,21.565092086791992,124.60001373291016,26.604869842529297,40.17475509643555,4.209115982055664,25.99436378479004,8.239168167114258,23.862722396850586,38.99300765991211,40.849246978759766,32.24776840209961,5.605788230895996,23.553361892700195,15.292717933654785,22.196104049682617,29.089597702026367
2006-10-02,19.323801040649414,2.2473058700561523,37.32499694824219,34.75689697265625,28.5256404876709,36.23661804199219,31.013080596923828,20.446025848388672,12.459234237670898,37.05506134033203,12.007006645202637,12.159876823425293,42.902618408203125,14.15718936920166,22.931795120239258,14.948798179626465,10.909104347229004,22.44256019592285,34.96238708496094,25.707260131835938,40.1208381652832,20.02169418334961,57.55653762817383,48.22111129760742,107.23255157470703,14.990015029907227,21.430049896240234,12.00930118560791,35.332332611083984,32.541297912597656,49.80896759033203,41.27300262451172,36.2441291809082,11.238393783569336,21.48760223388672,125.7195816040039,26.46031379699707,40.24638366699219,4.229928016662598,25.426345825195312,8.20712661743164,23.469879150390625,39.242340087890625,41.617401123046875,32.19842529296875,5.605053424835205,23.6590633392334,15.244070053100586,22.14976692199707,29.113862991333008
2006-10-03,19.33086395263672,2.2238900661468506,37.56010055541992,33.93207550048828,29.061208724975586,36.38848114013672,30.258298873901367,20.6030330657959,12.476028442382812,37.245147705078125,12.049424171447754,12.237215042114258,42.78732681274414,14.349588394165039,23.030466079711914,15.228527069091797,11.138822555541992,22.74517822265625,35.17143630981445,26.0491943359375,39.967376708984375,19.9094181060791,58.859214782714844,48.927616119384766,107.86695098876953,14.794256210327148,21.315908432006836,12.07742691040039,34.9378547668457,32.483985900878906,49.72304153442383,41.87885665893555,36.77811813354492,10.845015525817871,21.74986457824707,128.3048553466797,26.18231201171875,40.532901763916016,4.281955242156982,26.017786026000977,8.253409385681152,22.45973014831543,39.898189544677734,41.47337341308594,32.26751708984375,5.53914737701416,23.012401580810547,15.060352325439453,22.06705665588379,28.978660583496094
2006-10-04,19.73343849182129,2.262916088104248,37.749332427978516,34.554595947265625,29.110271453857422,36.995933532714844,30.62367057800293,20.578510284423828,12.543218612670898,37.38914489746094,12.015493392944336,12.385940551757812,43.547183990478516,14.566028594970703,23.216184616088867,15.566795349121094,11.159090995788574,23.15277099609375,35.57051467895508,26.391130447387695,40.2313232421875,20.018491744995117,60.42824172973633,50.05253601074219,109.04496002197266,14.648200988769531,21.584463119506836,12.116799354553223,35.016746520996094,33.005428314208984,50.34171676635742,42.41884231567383,37.05527114868164,11.185942649841309,21.83330535888672,130.04302978515625,26.404712677001953,41.072914123535156,4.453651428222656,26.281312942504883,8.167957305908203,22.760377883911133,40.375152587890625,41.665409088134766,32.66713333129883,5.6314167976379395,23.037275314331055,15.15491771697998,22.206026077270508,29.602680206298828
2006-10-05,19.71932029724121,2.2464051246643066,37.33646011352539,34.922908782958984,29.06122398376465,37.101070404052734,30.710205078125,20.323362350463867,12.55162525177002,37.31425094604492,11.871289253234863,12.362140655517578,43.452842712402344,14.638182640075684,23.100126266479492,15.547280311584473,10.902349472045898,23.010730743408203,36.06937026977539,26.590072631835938,41.88870620727539,20.175687789916992,60.18351364135742,51.25979995727539,109.6188735961914,14.402728080749512,20.7653865814209,12.067586898803711,36.03630828857422,33.09712600708008,50.272979736328125,42.48634338378906,36.85249328613281,11.418473243713379,21.76180076599121,129.26229858398438,26.860633850097656,41.083919525146484,4.333985328674316,25.40877342224121,8.089624404907227,23.201311111450195,40.884666442871094,41.44935607910156,32.672088623046875,5.741261005401611,23.254898071289062,15.23376178741455,22.308605194091797,30.35149383544922
2006-10-06,19.684003829956055,2.2280924320220947,37.307796478271484,35.02664566040039,28.724096298217773,36.84991455078125,30.60443687438965,20.53925895690918,12.532027244567871,37.106895446777344,11.833120346069336,12.272902488708496,43.568145751953125,14.58206844329834,23.28004264831543,15.670880317687988,10.88207721710205,22.93662452697754,36.08361053466797,26.304096221923828,41.772071838378906,20.09870147705078,60.226722717285156,50.76591491699219,109.16577911376953,14.35300350189209,19.684490203857422,12.018372535705566,35.723777770996094,32.98252487182617,50.05529022216797,42.441349029541016,36.663230895996094,11.425467491149902,21.66045570373535,129.37277221679688,26.493682861328125,41.001285552978516,4.323578834533691,24.981279373168945,8.007736206054688,23.2534236907959,40.25590896606445,41.04729080200195,32.61286926269531,5.757370948791504,23.006189346313477,15.103254318237305,22.401241302490234,29.568008422851562
2006-10-09,19.578052520751953,2.240401029586792,37.19883728027344,34.52346420288086,28.877344131469727,36.709716796875,30.402530670166016,20.53925895690918,12.436827659606934,36.70368194580078,11.727084159851074,12.266960144042969,44.01879119873047,14.870667457580566,23.547021865844727,15.813985824584961,10.8595609664917,23.2824649810791,36.01234817504883,26.260568618774414,42.29383087158203,20.089073181152344,59.485382080078125,50.70418167114258,109.22626495361328,14.511483192443848,19.953033447265625,11.998682975769043,36.051490783691406,32.95386505126953,50.74272155761719,42.38883590698242,36.84571838378906,11.395746231079102,21.702180862426758,130.6985321044922,26.48809814453125,41.32635498046875,4.26114559173584,25.233095169067383,8.100306510925293,23.036954879760742,40.10956954956055,41.017295837402344,32.68194580078125,5.7668938636779785,23.938871383666992,15.15219783782959,22.44095802307129,30.507497787475586
2006-10-10,19.5568790435791,2.2157845497131348,37.25045394897461,34.86063766479492,29.134780883789062,36.633792877197266,30.719823837280273,20.519628524780273,12.336040496826172,36.525123596191406,11.688912391662598,12.427581787109375,44.118370056152344,15.022971153259277,23.7037353515625,15.827005386352539,10.83703899383545,23.31951904296875,35.72728729248047,26.25436782836914,42.39204025268555,19.97037124633789,59.11115264892578,50.57386779785156,109.64909362792969,14.464875221252441,19.953033447265625,12.052820205688477,35.75410842895508,32.80488204956055,50.81146240234375,43.24380874633789,36.92685317993164,11.35903263092041,21.624696731567383,131.7371063232422,26.46031379699707,41.32635498046875,4.26114559173584,25.250659942626953,8.086063385009766,23.321575164794922,40.044532775878906,41.17931365966797,32.647403717041016,5.715632915496826,23.08079719543457,15.160358428955078,22.391319274902344,30.23015594482422
2006-10-11,19.450931549072266,2.1983718872070312,37.33072280883789,34.51306915283203,29.202205657958984,36.493614196777344,30.3352108001709,20.70117950439453,12.352839469909668,36.784339904785156,11.5743989944458,12.427581787109375,44.118370056152344,14.894710540771484,23.941694259643555,15.872533798217773,10.879828453063965,23.418331146240234,35.85556411743164,26.173538208007812,41.93781661987305,19.899795532226562,58.75846481323242,50.3955078125,109.25643157958984,14.53211498260498,20.919811248779297,11.95931625366211,35.805702209472656,32.696014404296875,50.29590606689453,43.086307525634766,36.52803421020508,11.418473243713379,21.588939666748047,131.818115234375,26.148941040039062,41.35402297973633,4.302768707275391,25.830398559570312,7.95076322555542,23.101099014282227,39.952392578125,41.14931869506836,32.55366516113281,5.772749423980713,22.794775009155273,15.065194129943848,22.599796295166016,30.289106369018555
2006-10-12,19.93120002746582,2.2593133449554443,37.1816291809082,35.09410095214844,29.582250595092773,36.45273208618164,30.77752113342285,20.980857849121094,12.333237648010254,36.202545166015625,11.727084159851074,12.784523963928223,44.38564682006836,15.223387718200684,24.510496139526367,15.905058860778809,10.88207721710205,23.40597152709961,35.83656311035156,26.304096221923828,42.508689880371094,19.723344802856445,60.19792556762695,50.8207893371582,109.4074935913086,14.525856018066406,21.1480770111084,12.106958389282227,36.10610580444336,32.976776123046875,50.73127746582031,43.416297912597656,36.67673110961914,11.687721252441406,21.636621475219727,133.68887329101562,26.44362449645996,42.22224044799805,4.281955242156982,26.09392547607422,7.95076322555542,23.574098587036133,39.984886169433594,41.515377044677734,32.652347564697266,5.769088268280029,22.83207893371582,15.024413108825684,22.761930465698242,31.259784698486328
2006-10-13,20.037151336669922,2.2521097660064697,37.03255081176758,35.483177185058594,29.520952224731445,36.2891960144043,30.86404037475586,21.196752548217773,12.324832916259766,35.97214889526367,11.701634407043457,12.849967002868652,45.108795166015625,15.287520408630371,24.44085121154785,15.957106590270996,10.91361141204834,22.788394927978516,35.82231140136719,26.490589141845703,42.404335021972656,19.505197525024414,59.29826354980469,50.22404479980469,108.6824951171875,14.675959587097168,20.87281036376953,12.082350730895996,35.763206481933594,32.87364196777344,50.75416564941406,43.513816833496094,36.76461410522461,11.694714546203613,21.654502868652344,135.41236877441406,26.47699546813965,42.34389114379883,4.250739097595215,25.988508224487305,7.815459728240967,24.063142776489258,39.78434753417969,41.683406829833984,32.71156311035156,5.831333637237549,22.962661743164062,14.967310905456543,22.69243621826172,30.819517135620117
2006-10-16,20.093647003173828,2.263516902923584,37.23324203491211,36.224979400634766,29.25736427307129,36.242469787597656,31.27269744873047,21.47151756286621,12.389229774475098,36.10462188720703,11.731328010559082,12.855916023254395,45.438934326171875,15.223387718200684,24.4466552734375,15.996131896972656,10.88207721710205,22.44874382019043,35.98859786987305,26.733068466186523,42.926082611083984,19.277427673339844,59.492610931396484,49.68214416503906,107.41387176513672,14.751014709472656,20.98023796081543,12.067586898803711,35.572052001953125,33.039833068847656,50.75416564941406,43.22880554199219,36.30497360229492,11.803115844726562,21.5770206451416,136.4214324951172,26.671592712402344,42.47663497924805,4.203914642333984,25.96508026123047,7.8653082847595215,24.488035202026367,40.174617767333984,41.833431243896484,32.62766647338867,5.791057109832764,23.6652889251709,15.040719985961914,22.914133071899414,31.100313186645508
2006-10-17,20.086580276489258,2.2301933765411377,37.89270782470703,36.00710678100586,29.416763305664062,36.359275817871094,31.214994430541992,21.56964874267578,12.260442733764648,35.92606735229492,11.75677490234375,12.433530807495117,45.564697265625,14.934796333312988,24.144838333129883,15.924580574035645,10.87307357788086,22.084369659423828,36.01234817504883,26.509260177612305,42.907684326171875,19.181182861328125,59.22627258300781,49.243141174316406,107.41387176513672,14.757268905639648,20.899669647216797,12.038054466247559,35.28075408935547,32.976776123046875,50.15269088745117,43.57382583618164,36.28471374511719,11.888779640197754,21.743900299072266,134.8379364013672,26.36023712158203,41.90703201293945,4.17789888381958,25.883100509643555,7.801220417022705,24.371801376342773,39.94696044921875,41.70140838623047,32.578330993652344,5.730276107788086,23.174070358276367,15.176667213439941,22.83141326904297,30.35843276977539
2006-10-18,20.14307975769043,2.237398624420166,39.07969665527344,35.88261413574219,28.93863296508789,36.74083709716797,31.056339263916016,21.824800491333008,12.308036804199219,36.39839553833008,11.917943000793457,12.558456420898438,47.06865692138672,15.022971153259277,24.06938362121582,15.729425430297852,10.888835906982422,22.164655685424805,35.88408279418945,26.50304412841797,42.404335021972656,19.383289337158203,59.55015563964844,49.647850036621094,107.41387176513672,14.963662147521973,21.100662231445312,12.170936584472656,35.97258377075195,33.37788772583008,50.461997985839844,43.44632339477539,36.37255859375,11.839828491210938,21.94060516357422,134.76425170898438,26.72162628173828,42.19457244873047,4.188305377960205,25.87139320373535,7.886673927307129,24.183393478393555,39.24776077270508,41.75542068481445,33.0667839050293,5.736870288848877,23.136754989624023,15.228321075439453,22.652725219726562,30.417362213134766
2006-10-19,19.980632781982422,2.3712894916534424,39.016632080078125,36.173118591308594,28.730226516723633,36.68798828125,31.55632209777832,21.829708099365234,12.574021339416504,36.185279846191406,11.7398099899292,12.51086711883545,47.08965301513672,15.127193450927734,23.663103103637695,15.716413497924805,10.920370101928711,22.17700958251953,36.297428131103516,25.85025405883789,42.55228805541992,19.32233428955078,59.31264114379883,50.1074104309082,106.56808471679688,14.985546112060547,20.9393253326416,12.131561279296875,36.20927810668945,32.94240951538086,50.376094818115234,43.476314544677734,36.000789642333984,11.941234588623047,21.898876190185547,132.86782836914062,26.638233184814453,42.12823486328125,4.17789888381958,25.67814826965332,7.783414363861084,24.504079818725586,40.787105560302734,41.41335678100586,33.101322174072266,5.872345447540283,23.5657958984375,15.195696830749512,22.404558181762695,30.34456443786621
2006-10-20,20.079513549804688,2.4001076221466064,39.34922790527344,36.079750061035156,28.883460998535156,36.79366683959961,31.383249282836914,22.393957138061523,13.089187622070312,36.17949676513672,11.7398099899292,12.689340591430664,47.41453170776367,15.215370178222656,24.06938362121582,15.970121383666992,11.118549346923828,22.226411819458008,37.2808723449707,25.924867630004883,36.374759674072266,19.590036392211914,58.8304557800293,50.724727630615234,107.14196014404297,15.254491806030273,20.630107879638672,12.052820205688477,36.38222122192383,32.799156188964844,49.83761215209961,43.52881622314453,36.2441291809082,12.06186580657959,21.83330535888672,133.1259765625,26.582630157470703,42.24990463256836,4.167492866516113,25.520036697387695,7.932958126068115,24.39584732055664,41.24782180786133,41.28733444213867,33.2641487121582,5.834264278411865,23.31707000732422,15.168509483337402,22.589853286743164,29.33921241760254
2006-10-23,20.093647003173828,2.445438861846924,39.624473571777344,36.27167892456055,29.048973083496094,37.14586639404297,31.55632209777832,22.423412322998047,13.237580299377441,36.392642974853516,11.761012077331543,12.760729789733887,47.98047637939453,15.351648330688477,24.45825958251953,15.892045974731445,11.548700332641602,22.380815505981445,38.05052185058594,26.167320251464844,37.25021743774414,19.45134735107422,59.59334945678711,50.32692337036133,107.32320404052734,15.270130157470703,21.0401668548584,12.092191696166992,36.37311935424805,33.18307113647461,50.519317626953125,42.48634338378906,36.27117156982422,12.130051612854004,21.857154846191406,136.29922485351562,26.688270568847656,42.77526092529297,4.1102614402771,25.584455490112305,7.932958126068115,24.33572006225586,41.22072219848633,41.509376525878906,33.15066909790039,5.870147705078125,23.130544662475586,15.34251880645752,22.924055099487305,29.699731826782227
2006-10-24,19.973583221435547,2.4331302642822266,39.42376708984375,36.256126403808594,28.895721435546875,36.91106033325195,32.157264709472656,22.536258697509766,13.167588233947754,36.40416717529297,11.561676025390625,12.86186408996582,47.943817138671875,15.143219947814941,24.522096633911133,15.833508491516113,11.553205490112305,22.541372299194336,37.955501556396484,26.621158599853516,37.56464385986328,19.50295066833496,60.161922454833984,51.40383529663086,106.99095916748047,15.048091888427734,21.12755012512207,12.180780410766602,35.7055549621582,33.10858154296875,51.04631423950195,42.523860931396484,36.11571502685547,12.000678062438965,21.726037979125977,138.61630249023438,26.716073989868164,43.22319030761719,4.318376064300537,25.689857482910156,7.868873119354248,24.612300872802734,41.22613525390625,40.83125686645508,32.23297119140625,5.845248222351074,23.60932731628418,15.2935791015625,22.7718505859375,30.32029914855957
2006-10-25,19.994770050048828,2.4520435333251953,39.46964645385742,36.83712387084961,28.975419998168945,37.05781555175781,32.488975524902344,22.604948043823242,13.212382316589355,36.65760803222656,11.633774757385254,12.921353340148926,48.121978759765625,14.926774024963379,24.37700653076172,15.800979614257812,11.451858520507812,22.603134155273438,37.7512092590332,26.65224838256836,38.1688232421875,20.051240921020508,58.19709396362305,51.73994827270508,107.5648193359375,15.09813117980957,20.751117706298828,12.136486053466797,35.28075408935547,32.94240951538086,49.64857482910156,42.64385223388672,36.50100326538086,11.880037307739258,21.690258026123047,139.1845703125,25.70415496826172,42.841617584228516,4.417230606079102,25.19211196899414,7.922277450561523,25.153465270996094,41.02015686035156,39.649051666259766,32.3809814453125,6.012211799621582,24.125411987304688,15.350672721862793,22.72221565246582,30.549089431762695
2006-10-26,20.02301788330078,2.4673538208007812,39.46392059326172,37.15355682373047,29.281898498535156,37.27500534057617,32.45051574707031,22.673648834228516,13.198384284973145,36.761295318603516,11.570161819458008,12.951101303100586,47.97000503540039,15.006941795349121,24.44085121154785,15.735934257507324,11.654546737670898,23.084836959838867,37.646690368652344,26.621158599853516,38.440093994140625,20.247974395751953,56.95915222167969,52.117210388183594,107.50446319580078,14.976173400878906,21.07377052307129,12.072510719299316,35.96955871582031,32.82781219482422,48.69765853881836,43.36383056640625,36.622676849365234,12.124810218811035,21.714111328125,142.7045135498047,25.74863052368164,42.924564361572266,4.412027835845947,25.379487991333008,8.0967435836792,24.933000564575195,40.895503997802734,39.55303192138672,32.54873275756836,5.9733991622924805,24.79071807861328,15.339789390563965,22.73545265197754,30.649646759033203
2006-10-27,20.01595687866211,2.4139177799224854,39.09115982055664,37.07056427001953,28.98767852783203,37.31022644042969,32.53705596923828,22.61476707458496,13.122793197631836,36.599998474121094,11.544713973999023,12.55251693725586,47.56125259399414,14.509917259216309,24.06938362121582,15.430185317993164,11.424833297729492,22.893396377563477,37.508914947509766,26.297870635986328,37.77426528930664,20.418916702270508,57.39097595214844,51.80168151855469,106.35662078857422,14.90737247467041,20.972951889038086,12.1512451171875,35.86637878417969,32.67879867553711,48.468505859375,42.95133972167969,36.298221588134766,11.92025375366211,21.648544311523438,139.2288360595703,26.026622772216797,42.272010803222656,4.313173770904541,25.08669662475586,8.118108749389648,24.670927047729492,40.58111572265625,39.613040924072266,32.686885833740234,5.993905067443848,24.47982406616211,15.40233325958252,22.55016326904297,30.160818099975586
2006-10-30,20.150146484375,2.4142186641693115,38.82164001464844,36.74895095825195,29.085752487182617,37.45697021484375,31.916885375976562,22.393957138061523,13.091987609863281,36.59423828125,11.53623104095459,12.647698402404785,47.94906234741211,14.846617698669434,24.3305721282959,15.547280311584473,11.154586791992188,23.004558563232422,37.504150390625,26.384929656982422,37.459842681884766,20.576955795288086,57.73644256591797,52.4738883972168,106.32642364501953,14.725994110107422,21.32921028137207,11.974075317382812,35.58419418334961,32.2719841003418,49.85480880737305,42.98131561279297,36.446922302246094,12.058374404907227,21.66045570373535,140.02581787109375,26.03775405883789,42.34942626953125,4.292362689971924,25.432188034057617,8.043340682983398,24.110490798950195,41.13942337036133,39.88907241821289,32.652347564697266,5.982919692993164,23.9637451171875,15.334366798400879,22.81817626953125,30.02562713623047
2006-10-31,20.277280807495117,2.434030771255493,38.649635314941406,37.0498161315918,29.079607009887695,37.21044158935547,32.30628967285156,22.286022186279297,13.080788612365723,36.54239273071289,11.302966117858887,12.695290565490723,48.384010314941406,14.806527137756348,24.3305721282959,15.696893692016602,11.098281860351562,23.05396270751953,37.4566535949707,26.185976028442383,37.428993225097656,20.631784439086914,57.47734832763672,52.06919479370117,106.0545654296875,14.857342720031738,21.093942642211914,12.180780410766602,35.496192932128906,32.094356536865234,49.797508239746094,43.356319427490234,36.413116455078125,12.046130180358887,21.63066864013672,140.0553741455078,26.304637908935547,42.2664794921875,4.3079705238342285,25.578598022460938,8.007736206054688,24.28788948059082,40.84130096435547,39.8410530090332,32.82008743286133,5.955827713012695,23.938871383666992,15.44854736328125,22.632883071899414,29.512544631958008
2006-11-01,20.347909927368164,2.376391649246216,38.52348327636719,36.86307144165039,28.76700210571289,37.0049934387207,32.20051956176758,22.408689498901367,13.058384895324707,36.49055862426758,11.256303787231445,12.504920959472656,48.106266021728516,14.806527137756348,24.29574966430664,15.677385330200195,11.00143814086914,23.066312789916992,37.4566535949707,26.235706329345703,37.29953384399414,20.644676208496094,57.62129211425781,51.637046813964844,105.42021179199219,14.829193115234375,19.534412384033203,12.116799354553223,36.10002517700195,32.08290481567383,50.015193939208984,43.236328125,36.21711349487305,11.815351486206055,21.618650436401367,136.52053833007812,25.681901931762695,40.79548263549805,4.432839870452881,24.659204483032227,7.829702377319336,24.07016944885254,40.217960357666016,40.1711311340332,32.54380798339844,5.9646148681640625,22.763689041137695,15.40233325958252,22.437652587890625,29.40506362915039
2006-11-02,20.319652557373047,2.370988607406616,38.93634033203125,36.930503845214844,28.74861717224121,37.13998031616211,32.58993148803711,22.276214599609375,13.07798957824707,36.40992736816406,11.319927215576172,12.302655220031738,48.043392181396484,14.646197319030762,24.406015396118164,15.644854545593262,10.875321388244629,22.973669052124023,37.47565841674805,26.03055763244629,37.3365364074707,20.499544143676758,57.002323150634766,51.64391326904297,104.84634399414062,14.841695785522461,19.39996337890625,12.042975425720215,36.91324996948242,32.30062484741211,49.871986389160156,43.09382629394531,36.19683074951172,11.890527725219727,21.54655647277832,138.28427124023438,25.437257766723633,41.01116180419922,4.453651428222656,24.7177734375,7.744247913360596,24.07016944885254,40.10956954956055,39.54703903198242,32.4895133972168,5.9580230712890625,22.172983169555664,15.220168113708496,22.49058723449707,29.60615348815918
2006-11-03,20.291404724121094,2.3502743244171143,38.88473892211914,37.42850875854492,28.742477416992188,37.2162971496582,33.12835693359375,22.12900733947754,13.01918888092041,36.42720031738281,11.260546684265137,12.260811805725098,47.90190505981445,14.253386497497559,23.93589973449707,15.462714195251465,10.704167366027832,22.973669052124023,37.3331184387207,25.931072235107422,37.256370544433594,20.535018920898438,57.55653762817383,51.3558235168457,105.02753448486328,14.897989273071289,19.35291290283203,12.072510719299316,36.61890411376953,32.13445281982422,49.83761215209961,42.79384994506836,36.11571502685547,11.864303588867188,21.624658584594727,138.09237670898438,25.19261932373047,41.07752990722656,4.359999656677246,25.074987411499023,7.690842628479004,24.582216262817383,39.67595291137695,39.5770263671875,32.519134521484375,5.944842338562012,21.283824920654297,15.198420524597168,22.285444259643555,29.69281005859375
2006-11-06,20.369094848632812,2.3929035663604736,39.23452377319336,37.82276916503906,29.20833969116211,37.31022644042969,33.54182052612305,22.477388381958008,13.10599136352539,36.450225830078125,11.447163581848145,12.446125984191895,48.525489807128906,14.509917259216309,24.27834129333496,16.054685592651367,10.695157051086426,22.98603057861328,37.812965393066406,26.111373901367188,36.89877700805664,20.660812377929688,57.92357635498047,51.52043533325195,106.5378646850586,14.844822883605957,20.058732986450195,12.170936584472656,37.2197151184082,32.47254943847656,50.23287582397461,43.618804931640625,36.6429328918457,12.032148361206055,21.828880310058594,140.21034240722656,25.604061126708984,42.05082321166992,4.505679130554199,25.467334747314453,7.804776191711426,24.614477157592773,40.43478012084961,39.65503692626953,32.637550354003906,5.952162265777588,21.277612686157227,15.252789497375488,22.464126586914062,29.727481842041016
2006-11-07,20.4467830657959,2.416918992996216,39.400821685791016,37.625648498535156,29.110271453857422,37.633087158203125,33.12835693359375,22.521549224853516,13.136784553527832,36.519351959228516,11.5743989944458,12.434165000915527,48.604087829589844,14.590084075927734,24.185466766357422,16.15876007080078,10.731189727783203,22.992204666137695,37.73220443725586,26.37248992919922,36.941951751708984,20.963972091674805,61.06877899169922,51.58903503417969,107.35343170166016,14.96679401397705,20.11923599243164,12.343191146850586,37.09835433959961,32.65016174316406,50.11830520629883,43.83631134033203,36.78490447998047,12.194743156433105,21.858917236328125,139.23622131347656,25.4873046875,41.97341537475586,4.542097568511963,25.537609100341797,7.847503185272217,24.590280532836914,40.81962585449219,39.84706497192383,32.55860137939453,5.882596492767334,20.848575592041016,15.23376178741455,22.54684066772461,29.412002563476562
2006-11-08,20.467975616455078,2.475158452987671,38.98795700073242,38.45563888549805,29.202205657958984,37.59199142456055,33.41682434082031,21.7560977935791,13.125585556030273,36.59423828125,11.390409469604492,12.380363464355469,48.677703857421875,14.718347549438477,24.394405364990234,16.327896118164062,10.591560363769531,23.004558563232422,37.73220443725586,26.316543579101562,37.05292510986328,20.963972091674805,61.71882629394531,51.28036880493164,107.47429656982422,14.78541088104248,19.91084098815918,12.210308074951172,36.236568450927734,32.36366653442383,49.52255630493164,44.30128860473633,36.91332244873047,12.060120582580566,22.105199813842773,139.3026123046875,25.409461975097656,41.77429962158203,4.490070343017578,25.3443546295166,7.90091609954834,25.14669418334961,40.613651275634766,38.99492263793945,32.607948303222656,5.9646148681640625,22.216508865356445,15.285417556762695,22.4168758392334,30.316831588745117
2006-11-09,20.665729522705078,2.5018770694732666,37.932838439941406,38.87246322631836,28.957012176513672,37.45109176635742,33.748538970947266,21.039730072021484,13.061187744140625,36.11039733886719,11.05665111541748,12.207008361816406,48.58831024169922,14.86264705657959,24.429237365722656,17.375228881835938,10.447428703308105,22.757526397705078,37.48515319824219,26.235706329345703,36.49803924560547,20.980106353759766,61.47323989868164,50.43666076660156,106.59823608398438,14.33509635925293,19.23192024230957,12.097119331359863,35.71162414550781,31.44112777709961,48.90388488769531,44.18130111694336,36.84571838378906,11.724435806274414,22.06315803527832,136.35818481445312,24.7978572845459,41.39274597167969,4.453651428222656,24.703445434570312,7.922277450561523,25.525671005249023,40.320953369140625,38.76088333129883,32.54873275756836,5.921407222747803,22.235158920288086,15.296293258666992,22.266929626464844,30.022151947021484
2006-11-10,20.651601791381836,2.4952712059020996,38.01311492919922,38.773468017578125,29.183828353881836,37.39240264892578,33.431236267089844,21.15749168395996,13.010796546936035,36.029754638671875,11.001030921936035,12.302659034729004,48.24135208129883,15.055038452148438,24.359596252441406,17.39473533630371,10.465445518493652,22.627836227416992,37.622947692871094,26.44709587097168,36.74468231201172,21.0413818359375,61.84163284301758,50.388668060302734,106.23576354980469,14.375743865966797,19.467193603515625,12.018372535705566,36.15465545654297,31.022811889648438,49.12156295776367,44.143802642822266,37.021480560302734,11.773391723632812,22.02710723876953,138.0406951904297,24.964656829833984,42.40473937988281,4.464057445526123,24.85597801208496,7.8653082847595215,25.436973571777344,40.95512771606445,38.8268928527832,32.55860137939453,5.926530838012695,22.04863166809082,15.051596641540527,22.42354393005371,30.198959350585938
2006-11-13,20.72929573059082,2.5321969985961914,37.812416076660156,38.77867889404297,29.214466094970703,37.12825393676758,33.82063293457031,21.324316024780273,12.993996620178223,35.37309646606445,11.078049659729004,12.553728103637695,48.404319763183594,15.375703811645508,24.6806640625,17.355714797973633,10.431661605834961,22.479618072509766,37.77021789550781,26.714418411254883,36.69535827636719,20.92205238342285,61.89220428466797,49.86737060546875,106.80970001220703,14.275675773620605,19.487350463867188,12.013445854187012,36.412574768066406,31.207548141479492,49.75743103027344,44.2263069152832,36.811927795410156,11.726186752319336,21.91898536682129,138.53521728515625,24.95353889465332,42.764198303222656,4.614938735961914,24.679996490478516,7.881380081176758,25.42891502380371,41.33453369140625,39.34899139404297,32.6770133972168,5.919942855834961,21.799917221069336,15.11141586303711,22.720129013061523,30.722442626953125
2006-11-14,20.715126037597656,2.551710605621338,38.1679573059082,38.78910827636719,29.26963233947754,37.09889602661133,33.83505630493164,21.535310745239258,13.03319263458252,35.678382873535156,11.232090950012207,13.079787254333496,49.045711517333984,15.367682456970215,24.537961959838867,17.32969093322754,10.733443260192871,23.443031311035156,38.05052185058594,26.708206176757812,37.213218688964844,20.87689781188965,61.92829895019531,50.16913986206055,107.50446319580078,14.441422462463379,19.440298080444336,12.02820873260498,36.85862350463867,31.086334228515625,50.43336486816406,44.5037841796875,37.062034606933594,11.81884765625,22.051145553588867,140.47598266601562,25.064741134643555,43.26188659667969,4.578521728515625,24.79732322692871,7.909948825836182,25.586139678955078,42.06625747680664,39.93110275268555,32.6178092956543,5.941912651062012,22.365747451782227,15.244637489318848,22.73012351989746,31.148853302001953
2006-11-15,20.637170791625977,2.523190498352051,38.15646743774414,38.971458435058594,29.085752487182617,37.05194854736328,33.878665924072266,21.66286849975586,13.061187744140625,35.27515411376953,11.351897239685059,13.342819213867188,48.951087951660156,15.32761287689209,24.43688201904297,17.303665161132812,10.737946510314941,23.233055114746094,38.34507751464844,26.950668334960938,37.88523864746094,20.744659423828125,62.89617919921875,50.491546630859375,108.10856628417969,14.69472885131836,19.776411056518555,12.057746887207031,36.74634552001953,31.38650131225586,50.71980667114258,44.60878372192383,36.82544708251953,11.866052627563477,21.762813568115234,142.50535583496094,25.19261932373047,43.49970245361328,4.682577610015869,25.102367401123047,7.988513946533203,25.79581069946289,42.228878021240234,40.849246978759766,32.63262176513672,6.023197650909424,22.228567123413086,15.201138496398926,22.870080947875977,30.92352294921875
2006-11-16,20.885202407836914,2.5700225830078125,38.15073776245117,37.86170196533203,29.3309383392334,37.28675079345703,33.20061111450195,21.90821075439453,13.198384284973145,35.59773254394531,11.450307846069336,13.348797798156738,49.140357971191406,15.311572074890137,24.775787353515625,17.66144561767578,10.789745330810547,23.35040283203125,38.145545959472656,27.073781967163086,37.835906982421875,21.173620223999023,64.07347106933594,49.68900680541992,108.62203979492188,14.851081848144531,19.904132843017578,12.136486053466797,36.688697814941406,31.49618148803711,51.25826644897461,44.67628860473633,37.10932922363281,11.937736511230469,21.925003051757812,145.16934204101562,25.476186752319336,43.51076126098633,4.698186874389648,25.061304092407227,7.938517093658447,25.106367111206055,42.5920295715332,40.59721374511719,32.71156311035156,6.119863033294678,22.085153579711914,15.163074493408203,23.043367385864258,30.999788284301758
2006-11-17,20.835599899291992,2.577226161956787,38.55786895751953,38.075313568115234,29.214466094970703,37.48634338378906,33.466983795166016,22.10938262939453,13.23198127746582,35.87422180175781,11.642867088317871,13.211307525634766,49.319114685058594,15.600164413452148,24.86496925354004,17.51833152770996,10.697408676147461,23.640644073486328,38.67289352416992,26.836299896240234,37.570796966552734,21.289724349975586,64.65851593017578,49.737022399902344,109.4980697631836,14.90737247467041,19.5411319732666,12.205389976501465,36.86469268798828,31.49041748046875,51.06922149658203,44.8787727355957,37.07554244995117,12.138792037963867,21.786834716796875,143.92955017089844,24.97577667236328,43.754093170166016,4.625345230102539,24.638919830322266,7.917088031768799,25.279739379882812,42.890132904052734,40.27315902709961,32.82008743286133,6.225313663482666,21.424219131469727,15.364265441894531,21.870370864868164,31.325660705566406
2006-11-20,21.182859420776367,2.595838785171509,38.42600631713867,37.73666763305664,29.36159324645996,37.38653564453125,33.534786224365234,21.868955612182617,13.170384407043457,36.000946044921875,11.5743989944458,13.312929153442383,49.024688720703125,15.61620044708252,24.906600952148438,17.635427474975586,10.746955871582031,23.720947265625,38.66339111328125,26.673799514770508,37.55231475830078,21.280052185058594,64.36962890625,50.01823806762695,108.6824951171875,14.93552017211914,19.12436294555664,12.082350730895996,37.350181579589844,31.39227294921875,51.13796615600586,44.683780670166016,37.10932922363281,12.046130180358887,21.720760345458984,145.7080078125,25.125904083251953,43.85915756225586,4.51088285446167,24.562667846679688,7.881380081176758,25.328121185302734,42.971439361572266,39.96710205078125,32.716495513916016,6.216526508331299,20.88799476623535,15.462148666381836,21.590452194213867,30.996318817138672
2006-11-21,21.204124450683594,2.6597824096679688,38.190895080566406,38.236839294433594,29.26963233947754,37.134124755859375,34.00943374633789,21.697221755981445,13.15638542175293,36.03550720214844,11.531604766845703,12.8944673538208,48.9353141784668,15.61620044708252,25.007680892944336,17.433767318725586,10.767223358154297,23.418331146240234,39.007423400878906,26.823795318603516,38.34144973754883,21.55419921875,65.79972839355469,50.05942153930664,108.13882446289062,14.851081848144531,18.875652313232422,12.057746887207031,37.650596618652344,31.201770782470703,51.58481216430664,44.556297302246094,36.98768997192383,11.803115844726562,21.49250030517578,147.41270446777344,24.931299209594727,43.814910888671875,4.453651428222656,24.16374397277832,7.79210090637207,25.93288230895996,43.10151672363281,40.02109146118164,32.622745513916016,6.1594061851501465,21.018939971923828,15.492053031921387,21.680423736572266,33.0278434753418
2006-11-22,21.204124450683594,2.7111170291900635,38.28835678100586,37.98675537109375,29.171558380126953,37.357200622558594,33.70915603637695,21.775733947753906,13.187182426452637,36.02397537231445,11.595791816711426,12.990117073059082,49.166648864746094,15.760497093200684,25.061180114746094,17.50532341003418,10.8167724609375,23.529491424560547,38.92618942260742,26.880048751831055,38.711368560791016,21.52517318725586,65.07743835449219,49.853641510009766,108.71267700195312,14.86984634399414,18.821863174438477,12.170936584472656,37.86906433105469,31.190217971801758,51.264015197753906,44.916290283203125,36.92685317993164,11.635270118713379,21.330320358276367,149.27967834472656,24.842334747314453,43.79832077026367,4.479666709899902,24.075746536254883,7.802813529968262,26.001445770263672,43.036155700683594,39.828216552734375,32.73128890991211,6.160141468048096,21.243408203125,15.437671661376953,21.673763275146484,34.00546646118164
2006-11-24,21.090726852416992,2.7507429122924805,37.974082946777344,37.71062088012695,28.975419998168945,37.29261779785156,33.341060638427734,21.67759132385254,13.136784553527832,35.90877914428711,11.505937576293945,12.906425476074219,49.07726287841797,15.712400436401367,24.900653839111328,17.459787368774414,10.787493705749512,23.29481315612793,38.77328872680664,26.723800659179688,38.76068878173828,21.276826858520508,64.8390884399414,49.73015213012695,107.80652618408203,14.682215690612793,18.80170440673828,12.042975425720215,37.83570098876953,31.115184783935547,51.172340393066406,44.923789978027344,36.8795280456543,11.565338134765625,21.366361618041992,148.7704620361328,24.475366592407227,43.660072326660156,4.432839870452881,23.852828979492188,7.7742462158203125,25.920793533325195,42.93813705444336,39.81614685058594,32.706626892089844,6.1330461502075195,20.906702041625977,15.40233325958252,21.64377784729004,33.6345329284668
2006-11-27,20.892305374145508,2.688001871109009,37.85873794555664,37.757503509521484,28.58311653137207,36.8875846862793,33.29746627807617,21.4028263092041,13.03319263458252,35.42493438720703,11.540169715881348,12.565685272216797,48.078369140625,15.167278289794922,24.43688201904297,16.78325843811035,10.49697494506836,23.21453285217285,38.33371353149414,26.367576599121094,38.20581817626953,20.967205047607422,63.10560607910156,49.30488204956055,107.08155822753906,14.507091522216797,18.27737808227539,12.102030754089355,37.20454788208008,30.930452346801758,50.307373046875,44.113807678222656,36.446922302246094,11.39924430847168,21.144102096557617,142.50535583496094,23.746999740600586,42.166934967041016,4.245536804199219,23.818798065185547,7.67782735824585,25.880481719970703,42.62770462036133,39.30978775024414,32.44511032104492,6.108880519866943,20.570009231567383,15.21473217010498,21.410505294799805,32.99317169189453
2006-11-28,20.828514099121094,2.756148099899292,38.04328536987305,38.63801956176758,28.319522857666016,37.022586822509766,33.84474182128906,21.427350997924805,13.069588661193848,35.6092414855957,11.5743989944458,12.541770935058594,48.02580642700195,15.1512451171875,24.615262985229492,17.58338737487793,10.519495010375977,23.031253814697266,38.41972351074219,26.398815155029297,37.97771453857422,20.989784240722656,63.51731872558594,49.222564697265625,106.32642364501953,14.510221481323242,18.532827377319336,12.121715545654297,37.16509246826172,31.011281967163086,51.35566329956055,44.17380905151367,36.68351364135742,11.56183910369873,21.09004783630371,145.46450805664062,24.158449172973633,42.53746032714844,4.240333557128906,23.95255470275879,7.724251747131348,26.170766830444336,42.55144119262695,39.478580474853516,32.6178092956543,6.125720024108887,20.389183044433594,15.247357368469238,21.377180099487305,32.8614387512207
2006-11-29,20.95607566833496,2.755845546722412,38.175899505615234,39.612281799316406,28.60761260986328,37.10476303100586,34.41142272949219,21.864049911499023,13.145685195922852,35.98365783691406,11.582956314086914,12.697197914123535,48.11516571044922,15.351648330688477,24.882808685302734,17.615915298461914,10.560030937194824,23.37295913696289,38.69206619262695,26.69880485534668,38.26129913330078,21.00913429260254,64.20349884033203,49.675289154052734,106.77950286865234,14.625925064086914,19.178142547607422,12.200469017028809,37.31377410888672,31.195999145507812,52.11479568481445,44.0762939453125,36.89523696899414,11.670241355895996,21.300281524658203,144.80035400390625,24.38640785217285,42.80844497680664,4.250739097595215,23.89974594116211,7.806384563446045,26.791667938232422,42.79654312133789,40.340614318847656,32.71156311035156,6.175518035888672,21.49281883239746,15.225603103637695,21.45716667175293,33.471561431884766
2006-11-30,20.807252883911133,2.7516446113586426,38.00868606567383,40.0186882019043,28.368568420410156,36.858238220214844,35.02652359008789,21.83951759338379,13.19924545288086,35.695655822753906,11.762673377990723,12.7928466796875,48.32545471191406,15.271489143371582,24.95416831970215,17.50532341003418,10.382119178771973,23.59041404724121,38.921417236328125,26.861291885375977,38.242820739746094,20.980106353759766,63.9434700012207,48.72869873046875,106.56808471679688,14.591521263122559,19.339473724365234,12.220155715942383,38.24837112426758,30.93621826171875,52.01701736450195,44.038814544677734,36.779117584228516,11.53211784362793,21.16813850402832,143.75245666503906,24.091733932495117,42.11720657348633,4.229928016662598,23.753095626831055,7.663539409637451,27.134389877319336,42.43707275390625,40.34662628173828,32.79542541503906,6.166728973388672,21.88563346862793,15.21200942993164,21.427173614501953,33.280914306640625
2006-12-01,20.637170791625977,2.7414371967315674,38.04328536987305,40.22188949584961,28.203054428100586,36.799522399902344,35.409114837646484,22.10938262939453,13.125960350036621,35.68989944458008,11.920988082885742,12.511876106262207,47.973209381103516,15.079092025756836,25.019559860229492,17.36221694946289,10.330316543579102,24.21170425415039,38.21426010131836,26.755050659179688,37.72492980957031,21.080093383789062,64.68019104003906,47.59003829956055,106.56808471679688,14.563383102416992,19.272247314453125,12.225072860717773,38.048095703125,30.82654571533203,51.95951461791992,43.911293029785156,36.540077209472656,11.402739524841309,21.162128448486328,143.5310821533203,24.10284423828125,41.62501907348633,4.183102607727051,23.624034881591797,7.731392860412598,27.162609100341797,42.10486602783203,40.521446228027344,32.73128890991211,6.151350021362305,21.717287063598633,15.225603103637695,21.45716667175293,32.753963470458984
2006-12-04,20.78599739074707,2.735433578491211,38.22205352783203,40.51884460449219,28.71183204650879,37.22804260253906,35.5980224609375,21.932741165161133,13.19924545288086,36.21982955932617,10.65444278717041,12.685236930847168,49.1613883972168,15.455877304077148,25.269289016723633,17.72650146484375,10.424901962280273,24.35459327697754,38.64906692504883,27.255037307739258,37.90988540649414,21.363906860351562,64.70185852050781,47.432273864746094,106.90030670166016,15.041844367980957,19.668855667114258,12.421935081481934,38.603389739990234,31.190217971801758,52.988914489746094,44.916290283203125,35.959529876708984,11.822346687316895,21.31830596923828,147.62673950195312,24.770048141479492,42.725486755371094,4.1050591468811035,24.8383731842041,7.974227428436279,27.118268966674805,42.49699783325195,41.00973129272461,33.14078903198242,6.180643558502197,21.729747772216797,15.361544609069824,21.790393829345703,33.32597732543945
2006-12-05,20.644256591796875,2.739936351776123,38.15861511230469,40.669952392578125,28.93250274658203,37.280887603759766,35.81596755981445,22.271299362182617,13.529012680053711,36.962886810302734,10.620206832885742,12.625459671020508,49.67132568359375,15.11917781829834,25.417917251586914,17.58989143371582,10.467694282531738,24.46021842956543,38.491390228271484,27.08002471923828,38.31680679321289,21.15104103088379,65.53248596191406,47.370540618896484,106.5378646850586,15.101261138916016,19.904132843017578,12.446544647216797,38.603389739990234,31.57701873779297,53.14421081542969,44.88628387451172,36.055152893066406,11.836329460144043,21.336322784423828,148.7778778076172,24.847898483276367,43.1236686706543,3.9957993030548096,25.319427490234375,8.388472557067871,27.45288848876953,42.584136962890625,41.106178283691406,33.47135925292969,6.153548717498779,21.5614013671875,15.55730152130127,22.11363410949707,33.09022903442383
2006-12-06,20.545047760009766,2.696706533432007,38.0778694152832,39.7581787109375,28.705699920654297,37.45109176635742,35.62708282470703,22.103069305419922,13.636122703552246,36.87029266357422,10.611647605895996,12.493948936462402,49.4820671081543,14.333556175231934,25.542783737182617,17.622417449951172,10.481210708618164,24.801921844482422,38.12825393676758,26.811290740966797,38.871665954589844,21.241352081298828,65.60469818115234,47.93988037109375,106.0545654296875,15.013700485229492,20.19317626953125,12.495759010314941,38.78545379638672,31.66937255859375,53.069419860839844,44.751285552978516,35.98684310913086,11.906267166137695,21.336322784423828,151.27957153320312,24.82565689086914,43.4720344543457,3.8293066024780273,25.61274528503418,8.27419376373291,27.775442123413086,42.50244140625,40.7324333190918,33.4813117980957,6.163069248199463,21.386816024780273,15.540997505187988,21.933685302734375,34.02280044555664
2006-12-07,20.44582176208496,2.612950325012207,38.09517288208008,39.44558334350586,28.58311653137207,37.45109176635742,35.510833740234375,21.746801376342773,13.731948852539062,36.70246505737305,10.637324333190918,12.344500541687012,49.539920806884766,14.02892780303955,25.733055114746094,17.48581314086914,10.442925453186035,24.186851501464844,38.01358413696289,26.617557525634766,38.8408317565918,21.16716766357422,65.012451171875,47.466556549072266,106.20561981201172,15.023076057434082,20.173006057739258,12.426852226257324,38.823394775390625,31.167137145996094,52.70137405395508,44.376304626464844,35.85024642944336,11.692965507507324,21.31830596923828,147.73736572265625,24.71445083618164,43.234256744384766,3.7252509593963623,25.366365432739258,8.249199867248535,28.097997665405273,42.48609161376953,40.72037124633789,33.227848052978516,6.221652507781982,21.050106048583984,15.459429740905762,21.893705368041992,33.502777099609375
2006-12-08,20.835599899291992,2.6495754718780518,38.03173828125,39.336158752441406,28.662799835205078,37.50394058227539,35.273521423339844,21.736900329589844,13.785500526428223,36.61565399169922,10.76996898651123,12.362434387207031,49.345394134521484,14.269420623779297,26.01844024658203,17.550859451293945,10.438421249389648,24.1060791015625,37.53580093383789,26.548805236816406,39.087440490722656,21.157493591308594,65.09911346435547,47.93301773071289,106.5378646850586,14.998063087463379,20.320892333984375,12.47607135772705,38.8507194519043,31.172910690307617,52.80487060546875,44.87129592895508,35.28336715698242,11.560091972351074,21.28226661682129,151.35336303710938,24.91461181640625,43.4720344543457,3.761671304702759,25.595142364501953,8.238485336303711,28.642303466796875,42.540557861328125,40.31047439575195,32.934627532958984,6.212131500244141,21.243408203125,15.58449649810791,21.917024612426758,33.65185546875
2006-12-11,20.934810638427734,2.66428542137146,37.887569427490234,39.263214111328125,29.147052764892578,37.4921989440918,35.694881439208984,21.776485443115234,13.757318496704102,36.32049560546875,10.761411666870117,12.3743896484375,49.229713439941406,14.485867500305176,25.911428451538086,17.635427474975586,10.359598159790039,24.099857330322266,37.67435836791992,26.373821258544922,38.883995056152344,21.251020431518555,64.84630584716797,47.93988037109375,106.38679504394531,14.954279899597168,20.240236282348633,12.510525703430176,39.08138656616211,31.161367416381836,52.523094177246094,44.48129653930664,35.8912353515625,11.495404243469238,21.258237838745117,149.44944763183594,24.792287826538086,43.560523986816406,3.7668726444244385,25.87673568725586,8.467036247253418,28.5253849029541,42.35540771484375,40.72037124633789,32.96445846557617,6.226046085357666,21.0064640045166,15.540997505187988,21.787067413330078,33.67959213256836
2006-12-12,20.85685920715332,2.5859339237213135,37.81837844848633,39.72692108154297,29.196083068847656,37.39240264892578,35.76754379272461,21.583518981933594,13.782687187194824,36.372581481933594,10.76996898651123,12.392318725585938,49.4820671081543,14.42173957824707,25.590349197387695,17.615915298461914,10.28077507019043,24.0439510345459,37.75080871582031,26.26757049560547,38.39694595336914,21.186521530151367,65.2291030883789,47.78895568847656,107.65547180175781,15.007439613342285,20.253671646118164,12.530206680297852,39.233116149902344,31.115184783935547,52.287315368652344,44.33880615234375,36.061981201171875,11.409733772277832,21.22820472717285,147.58984375,24.814537048339844,43.355934143066406,3.688830614089966,25.829797744750977,8.567025184631348,28.46489143371582,41.88155746459961,40.135643005371094,32.90480422973633,6.209202289581299,20.869285583496094,15.598084449768066,21.670425415039062,32.75743103027344
2006-12-13,20.941905975341797,2.6732914447784424,37.754947662353516,40.30524444580078,29.17769432067871,37.2162971496582,36.03390884399414,21.444971084594727,13.765775680541992,36.32049560546875,10.864105224609375,12.3743896484375,49.823787689208984,14.445783615112305,25.9173641204834,17.72650146484375,10.375256538391113,24.298690795898438,37.86548614501953,26.161325454711914,37.90988540649414,21.144594192504883,64.71629333496094,47.905574798583984,107.23255157470703,14.998063087463379,20.37468147277832,12.554816246032715,38.9630012512207,30.993946075439453,51.72370529174805,44.976295471191406,36.26005172729492,11.184196472167969,21.234209060668945,146.34263610839844,24.63661766052246,43.66558837890625,3.5795702934265137,25.870880126953125,8.538458824157715,28.62617301940918,41.66917419433594,39.900543212890625,32.90480422973633,6.193824291229248,20.426586151123047,15.682374000549316,21.587125778198242,32.830230712890625
2006-12-14,21.31043243408203,2.6582813262939453,38.204750061035156,41.01902389526367,29.392236709594727,37.18695068359375,36.794307708740234,21.57362174987793,13.810866355895996,36.170040130615234,10.936845779418945,12.416234016418457,50.13398361206055,14.445783615112305,25.976823806762695,17.765535354614258,10.515402793884277,24.8330078125,37.636138916015625,26.680049896240234,38.29829788208008,21.189743041992188,64.95469665527344,48.049644470214844,109.37725067138672,15.041844367980957,20.650285720825195,12.594189643859863,39.35148620605469,31.155590057373047,51.90199279785156,46.423744201660156,36.3146858215332,11.07579517364502,21.366361618041992,147.6857147216797,24.692214965820312,44.01953887939453,3.6992359161376953,26.16419219970703,8.638444900512695,29.460765838623047,41.848907470703125,39.87643814086914,33.08372497558594,6.222385406494141,20.339292526245117,15.64159107208252,21.83371353149414,33.31903839111328
2006-12-15,21.395469665527344,2.633364677429199,38.227813720703125,40.27397537231445,29.606779098510742,37.633087158203125,36.50856018066406,21.771549224853516,13.7911376953125,36.38417434692383,10.971080780029297,12.529814720153809,50.102447509765625,14.173221588134766,25.810348510742188,17.928163528442383,10.499581336975098,24.783287048339844,37.416343688964844,27.26128578186035,38.11334991455078,21.070415496826172,65.51081085205078,48.16623306274414,112.85099792480469,15.157546997070312,20.515840530395508,12.604031562805176,39.348445892333984,31.473108291625977,51.781227111816406,46.22873306274414,36.41712188720703,11.275110244750977,21.414411544799805,147.4717254638672,24.742259979248047,43.831504821777344,3.6836283206939697,26.10552978515625,8.67415714263916,29.339815139770508,41.75630569458008,40.55158233642578,33.411720275878906,6.239957809448242,20.401655197143555,15.674215316772461,22.020334243774414,33.13530731201172
2006-12-18,21.182859420776367,2.565819263458252,38.40659713745117,39.341365814208984,29.563858032226562,37.662452697753906,35.51567840576172,21.68741226196289,13.782687187194824,36.49989700317383,11.052375793457031,12.458081245422363,50.17603302001953,14.357600212097168,25.851957321166992,17.960689544677734,10.4815034866333,24.826778411865234,37.435455322265625,27.011272430419922,38.174991607666016,21.025253295898438,64.68743896484375,48.049644470214844,114.78418731689453,15.05122184753418,20.173006057739258,12.564655303955078,39.3818359375,30.728416442871094,51.861732482910156,46.32624435424805,36.628868103027344,11.152726173400879,21.480484008789062,149.9807586669922,24.7367000579834,44.445350646972656,3.6576120853424072,26.545509338378906,8.420614242553711,29.23095703125,41.77265167236328,40.26224136352539,33.232826232910156,6.270716667175293,19.990131378173828,15.782970428466797,21.90703010559082,33.27744674682617
2006-12-19,21.253734588623047,2.591036558151245,38.56805419921875,40.11246871948242,29.588388442993164,37.79745864868164,36.07749557495117,21.529090881347656,13.746038436889648,36.62144088745117,11.21069049835205,12.350470542907715,50.47045135498047,13.708264350891113,26.15519905090332,17.973697662353516,10.418208122253418,24.62795639038086,37.32078170776367,27.71749496459961,37.92837905883789,20.99300193786621,65.12800598144531,48.22111129760742,114.81437683105469,15.091878890991211,20.152847290039062,12.623720169067383,39.9341926574707,30.37627601623535,52.82215118408203,46.1612548828125,36.594722747802734,11.301334381103516,21.558576583862305,148.50489807128906,24.480932235717773,45.18082809448242,3.7356557846069336,26.7860164642334,8.331330299377441,29.444639205932617,41.25525665283203,40.557613372802734,33.53598403930664,6.291952610015869,20.439054489135742,15.845503807067871,22.05365562438965,33.62411880493164
2006-12-20,21.324596405029297,2.5445055961608887,38.30854415893555,39.63835144042969,29.557729721069336,37.84441375732422,35.67066955566406,21.42518424987793,13.74040412902832,36.63301086425781,11.214970588684082,12.314604759216309,50.47045135498047,13.708264350891113,26.07790756225586,17.81757926940918,10.368476867675781,24.311111450195312,37.66480255126953,27.848737716674805,37.835906982421875,21.018808364868164,65.07743835449219,47.6380615234375,115.23726654052734,14.994933128356934,20.105789184570312,12.682771682739258,40.03132247924805,30.249263763427734,52.67837905883789,45.996273040771484,36.649349212646484,11.32231616973877,21.552574157714844,148.6007843017578,24.164012908935547,44.948577880859375,3.8136980533599854,26.7684326171875,8.23134708404541,29.23095703125,40.72151184082031,41.13631057739258,33.50119400024414,6.274376392364502,19.915298461914062,15.766660690307617,21.820392608642578,33.65185546875
2006-12-21,21.24664878845215,2.4886672496795654,38.060577392578125,39.5289421081543,29.821321487426758,37.59785461425781,35.467254638671875,21.410341262817383,13.715033531188965,36.68510055541992,11.15506649017334,12.177115440368652,50.42314910888672,13.708264350891113,26.083845138549805,17.752519607543945,10.33231258392334,24.174419403076172,37.655242919921875,27.97374725341797,37.49067687988281,20.863994598388672,64.96186065673828,47.48029327392578,114.93296813964844,15.01056957244873,20.784725189208984,12.820575714111328,40.043460845947266,29.897132873535156,52.87388610839844,45.64375305175781,36.546897888183594,11.428967475891113,21.558576583862305,146.18771362304688,24.45313262939453,44.677616119384766,3.8032939434051514,26.962020874023438,8.302765846252441,29.057580947875977,40.601715087890625,41.1905632019043,33.68009948730469,6.277311325073242,19.647186279296875,16.027666091918945,21.670425415039062,33.246246337890625
2006-12-22,21.00568962097168,2.4676530361175537,37.85873794555664,39.289276123046875,29.35546112060547,37.45109176635742,35.225074768066406,21.192617416381836,13.636122703552246,36.51727294921875,11.112282752990723,12.003756523132324,50.076148986816406,13.71628475189209,25.905471801757812,17.51833152770996,10.293886184692383,24.16199493408203,37.435455322265625,27.89250373840332,37.35501480102539,20.831745147705078,64.10961151123047,47.13046646118164,114.32437133789062,14.926137924194336,21.006553649902344,12.795970916748047,39.560890197753906,29.643115997314453,52.735877990722656,45.636268615722656,36.43764114379883,11.276859283447266,21.528549194335938,146.18035888671875,24.353052139282227,44.074825286865234,3.8605244159698486,27.384401321411133,8.284910202026367,28.646324157714844,40.23136901855469,40.78669357299805,33.67512130737305,6.271389484405518,19.62848663330078,15.916193962097168,21.410505294799805,32.660369873046875
2006-12-26,21.253734588623047,2.446939468383789,37.852970123291016,39.62271499633789,29.612913131713867,37.680030822753906,35.39945602416992,21.17282485961914,13.684040069580078,36.366790771484375,11.095165252685547,12.045600891113281,50.291690826416016,13.732314109802246,26.048171997070312,17.68747901916504,10.422728538513184,24.267620086669922,37.28257369995117,28.04873275756836,37.546142578125,20.963972091674805,64.13127136230469,47.116737365722656,114.75041961669922,15.08249282836914,20.95949363708496,12.825499534606934,39.69746017456055,29.891355514526367,53.109683990478516,45.86875534057617,36.67668533325195,11.383511543273926,21.588605880737305,147.48646545410156,24.36416244506836,44.6444206237793,3.8969433307647705,27.21428108215332,8.174205780029297,28.904375076293945,40.42197799682617,41.033843994140625,33.61052703857422,6.3024582862854,19.915298461914062,15.924351692199707,21.64043617248535,33.17689895629883
2006-12-27,21.274986267089844,2.447239637374878,38.06635284423828,40.096839904785156,30.005229949951172,37.815040588378906,35.85955810546875,21.459808349609375,13.723494529724121,36.39573669433594,11.189305305480957,12.195048332214355,51.10133743286133,13.708264350891113,26.35735511779785,17.75902557373047,10.434030532836914,24.578266143798828,37.49280548095703,28.361223220825195,37.89757537841797,20.976879119873047,64.19625091552734,46.95899200439453,114.99391174316406,15.323294639587402,20.98638153076172,12.938695907592773,40.003997802734375,30.018367767333984,53.45474624633789,46.176239013671875,36.72447967529297,11.544352531433105,21.654682159423828,149.02886962890625,24.687902450561523,45.34673309326172,3.9437716007232666,27.067604064941406,8.277767181396484,29.085790634155273,40.91215133666992,41.178531646728516,33.8043212890625,6.347580909729004,20.077417373657227,15.793843269348145,21.670425415039062,33.605289459228516
2006-12-28,21.24664878845215,2.4277265071868896,38.30278778076172,40.28959655761719,29.986804962158203,37.850284576416016,35.975791931152344,21.54888153076172,13.681209564208984,36.60409164428711,11.15506649017334,12.207008361816406,50.98042297363281,13.788429260253906,26.37519645690918,17.837085723876953,10.400124549865723,24.683883666992188,37.34467315673828,28.411226272583008,37.798912048339844,21.19296646118164,64.28292846679688,47.01387023925781,114.05049896240234,15.301396369934082,21.006553649902344,12.94853687286377,40.09504699707031,30.024118423461914,53.08667755126953,45.853755950927734,36.64250946044922,11.425467491149902,21.576597213745117,148.18019104003906,24.436735153198242,45.12000274658203,3.9021480083465576,27.026554107666016,8.156351089477539,29.299495697021484,40.825008392333984,41.2026481628418,33.85902786254883,6.378650188446045,20.121063232421875,15.755776405334473,21.57379150390625,33.35452651977539
2006-12-29,21.161603927612305,2.5469062328338623,38.072105407714844,39.92490005493164,29.606779098510742,37.72700881958008,35.61255645751953,21.57362174987793,13.599478721618652,36.19898223876953,11.08232307434082,12.105380058288574,51.07505416870117,13.740327835083008,26.35735511779785,17.778545379638672,10.438547134399414,24.951040267944336,37.234779357910156,28.273719787597656,37.811248779296875,21.0413818359375,64.1673355102539,46.85610580444336,113.22891235351562,15.232599258422852,20.777997970581055,12.953454971313477,39.93115997314453,30.076087951660156,52.94865417480469,45.50126647949219,36.464942932128906,11.352035522460938,21.360355377197266,147.110107421875,24.431156158447266,45.03153991699219,3.907350540161133,26.92095375061035,8.238485336303711,29.009185791015625,40.835906982421875,40.810794830322266,33.769554138183594,6.348320007324219,19.927770614624023,15.660627365112305,21.397172927856445,33.11073684692383
2007-01-03,21.161603927612305,2.515686273574829,38.29125213623047,38.61195373535156,29.674673080444336,37.88549041748047,34.37267303466797,21.781442642211914,13.692493438720703,36.29735565185547,11.249208450317383,12.165157318115234,51.13813018798828,14.036947250366211,26.083845138549805,18.03874397277832,10.748228073120117,25.516416549682617,37.392459869384766,28.186235427856445,37.7064323425293,21.18329429626465,64.40572357177734,46.9178466796875,115.5415267944336,15.313908576965332,20.730947494506836,13.122590065002441,39.9979248046875,30.162675857543945,52.86813735961914,45.38096618652344,36.42395782470703,11.0408296585083,21.468477249145508,148.1211700439453,25.53632926940918,45.136592864990234,3.907350540161133,27.026554107666016,8.27419376373291,27.49321937561035,40.83043670654297,41.070011138916016,33.96835708618164,6.399362564086914,19.990131378173828,15.614399909973145,21.50714111328125,32.556976318359375
2007-01-04,21.12616539001465,2.5715231895446777,38.7698860168457,37.88776779174805,29.748769760131836,37.59785461425781,34.03848648071289,22.32077980041504,13.698127746582031,36.546207427978516,11.287717819213867,12.655356407165527,51.68489456176758,14.173221588134766,25.88764190673828,18.513622283935547,10.80021858215332,25.205768585205078,37.24433898925781,28.173734664916992,37.607791900634766,21.209102630615234,64.66574096679688,48.927616119384766,114.87211608886719,15.60473918914795,20.8385009765625,13.276800155639648,39.24221420288086,30.226186752319336,52.730125427246094,45.05015182495117,36.65618896484375,11.222662925720215,21.504514694213867,146.74114990234375,25.759599685668945,45.29698944091797,4.006204605102539,27.079341888427734,8.424181938171387,26.63848304748535,40.89578628540039,40.358707427978516,34.147247314453125,6.483694076538086,19.877887725830078,15.603525161743164,21.500478744506836,32.10421371459961
2007-01-05,21.00568962097168,2.553210973739624,38.418121337890625,38.15869140625,29.501821517944336,37.27500534057617,34.16926193237305,21.91999053955078,13.602300643920898,36.430458068847656,11.253485679626465,12.61351203918457,51.21699905395508,14.141155242919922,25.88764190673828,18.520130157470703,10.712059020996094,24.721160888671875,36.9911003112793,27.905006408691406,37.12690353393555,21.112342834472656,64.39132690429688,49.04422378540039,114.29393005371094,15.60473918914795,20.952774047851562,13.023101806640625,38.966033935546875,30.041444778442383,52.9199104309082,44.45621109008789,36.36249923706055,11.22615909576416,21.38437843322754,146.88876342773438,25.709360122680664,44.716304779052734,3.964583158493042,26.69215965270996,8.427755355834961,27.182762145996094,40.383853912353516,40.557613372802734,34.0130729675293,6.446706295013428,19.846712112426758,15.489331245422363,21.570459365844727,31.654939651489258
2007-01-08,21.211212158203125,2.565819263458252,38.35468292236328,37.85129165649414,29.600605010986328,37.357200622558594,34.60514450073242,21.915040969848633,13.689669609069824,36.5114860534668,11.19357967376709,12.559707641601562,51.99509811401367,14.317517280578613,25.988723754882812,18.62421226501465,10.623902320861816,24.534778594970703,37.07233810424805,28.073734283447266,37.17007064819336,21.19296646118164,64.23957061767578,48.65325927734375,114.26353454589844,15.66102409362793,21.07377052307129,12.983304977416992,39.04191970825195,29.902902603149414,53.88032150268555,44.87724304199219,36.50593566894531,11.229656219482422,21.324310302734375,150.3423309326172,26.178232192993164,44.987308502197266,4.021812438964844,26.803627014160156,8.449178695678711,27.537572860717773,40.50910949707031,40.79273986816406,34.20689392089844,6.508103370666504,19.94647789001465,15.661742210388184,21.427173614501953,31.811655044555664
2007-01-09,21.232471466064453,2.7789623737335205,38.21052169799805,37.559532165527344,29.477128982543945,37.263275146484375,34.208011627197266,21.712167739868164,13.700945854187012,36.66195297241211,11.197856903076172,12.571660041809082,52.61020278930664,14.28545093536377,26.036287307739258,18.520130157470703,10.712059020996094,24.429149627685547,37.11534881591797,28.273719787597656,37.3735237121582,21.18329429626465,63.560646057128906,48.88644027709961,114.26353454589844,15.798625946044922,20.845218658447266,13.0380220413208,38.83250045776367,29.92022132873535,53.828548431396484,44.591552734375,36.540077209472656,11.366025924682617,21.37837028503418,150.6006317138672,26.284292221069336,44.882232666015625,4.053030014038086,26.944414138793945,8.44560718536377,26.815868377685547,40.34573745727539,41.0458984375,34.291378021240234,6.5184550285339355,19.460126876831055,15.478384017944336,21.727083206176758,32.128597259521484
2007-01-10,21.019855499267578,2.9119515419006348,38.1470832824707,36.986427307128906,29.693208694458008,37.70939636230469,33.61711502075195,21.83091926574707,13.720674514770508,37.12492752075195,11.21069049835205,12.864583015441895,51.98983383178711,14.245370864868164,26.31572914123535,18.65673065185547,10.687196731567383,24.71495246887207,37.19655227661133,28.098739624023438,37.18855667114258,21.299402236938477,64.47793579101562,48.72869873046875,114.29393005371094,15.850525856018066,21.053604125976562,13.033050537109375,39.06923294067383,29.82207489013672,54.392120361328125,44.56147003173828,36.594722747802734,11.310076713562012,21.312299728393555,153.57460021972656,26.43498992919922,45.25951385498047,4.021812438964844,26.739097595214844,8.463469505310059,26.017568588256836,40.10065841674805,41.3895149230957,34.440467834472656,6.597607612609863,19.291776657104492,15.533116340637207,21.75706672668457,32.26094055175781
2007-01-11,21.756908416748047,2.875926971435547,38.48155975341797,36.981197357177734,29.822843551635742,37.944190979003906,33.26841354370117,21.900190353393555,13.737588882446289,37.587894439697266,11.321949005126953,13.103702545166016,51.86365509033203,13.94074535369873,26.46436309814453,18.66323471069336,10.759527206420898,24.901336669921875,37.57880401611328,28.567462921142578,36.991275787353516,21.383256912231445,64.1673355102539,49.325462341308594,115.38945770263672,15.837942123413086,21.181324005126953,13.20218563079834,39.63071060180664,30.15113639831543,55.013240814208984,44.69679260253906,36.37614822387695,11.581070899963379,21.348339080810547,156.3566436767578,26.954084396362305,45.703407287597656,4.042624473571777,27.020679473876953,8.488462448120117,24.924928665161133,40.11155319213867,41.71502685546875,34.355987548828125,6.613141059875488,19.753192901611328,15.683639526367188,22.136966705322266,33.260494232177734
2007-01-12,22.11833953857422,2.8405041694641113,38.429656982421875,37.85650634765625,29.625303268432617,38.155521392822266,34.0723762512207,22.162445068359375,13.684040069580078,37.44322967529297,11.398971557617188,13.229244232177734,52.22639846801758,14.02892780303955,26.291950225830078,18.812862396240234,10.84542179107666,24.919965744018555,37.918025970458984,28.47372817993164,36.83097839355469,21.557416915893555,63.654544830322266,50.2583122253418,115.29815673828125,15.869393348693848,21.470369338989258,13.057920455932617,39.6883659362793,30.364727020263672,55.38701629638672,44.365989685058594,36.45812225341797,11.567087173461914,21.330320358276367,157.91372680664062,27.104795455932617,45.97528076171875,4.1050591468811035,27.10281753540039,8.420614242553711,25.73532485961914,40.541786193847656,41.94411087036133,34.29634094238281,6.540651321411133,19.304244995117188,15.571429252624512,22.350231170654297,34.594398498535156
2007-01-16,22.082904815673828,2.9149537086486816,38.371986389160156,37.319862365722656,29.872224807739258,38.155521392822266,33.74305725097656,22.241615295410156,13.669941902160645,37.5300407409668,11.45458984375,13.330860137939453,53.00448226928711,13.868595123291016,26.500041961669922,18.24040985107422,10.920015335083008,25.031801223754883,38.01358413696289,28.511220932006836,36.52272033691406,21.563871383666992,63.560646057128906,50.41608428955078,115.96759033203125,15.919729232788086,21.369543075561523,13.217103958129883,39.68532943725586,30.5263614654541,55.78386688232422,44.45621109008789,36.49909591674805,11.60030460357666,21.762813568115234,157.61859130859375,26.825708389282227,45.83656692504883,4.131073474884033,27.03828239440918,8.48132038116455,25.3240909576416,40.78142166137695,42.0706901550293,34.10750961303711,6.605003356933594,19.34165382385254,15.48386287689209,22.42354393005371,34.514286041259766
2007-01-17,22.040382385253906,2.850409507751465,38.56229019165039,37.752288818359375,29.89691162109375,38.550697326660156,34.30001449584961,22.271305084228516,13.698127746582031,37.6168327331543,11.505937576293945,12.577643394470215,52.58391189575195,14.044960975646973,26.672468185424805,17.550859451293945,10.895153045654297,25.031801223754883,37.703041076660156,28.46122169494629,36.93577575683594,21.463886260986328,64.16015625,50.711036682128906,115.57193756103516,16.215415954589844,21.83336639404297,13.366340637207031,39.91901779174805,30.50904083251953,55.4963264465332,44.52386474609375,36.41712188720703,11.60729694366455,21.786834716796875,157.3528594970703,26.931766510009766,45.708953857421875,4.183102607727051,27.284685134887695,8.470606803894043,25.622432708740234,40.846771240234375,42.02850341796875,34.400691986083984,6.5517449378967285,19.44142723083496,15.489336967468262,22.60349464416504,34.78941345214844
2007-01-18,21.96950912475586,2.6738908290863037,39.04669952392578,37.49179458618164,29.724063873291016,38.6568717956543,34.34844970703125,22.632516860961914,13.627665519714355,37.570552825927734,11.625750541687012,12.344500541687012,52.284236907958984,13.724299430847168,26.511930465698242,17.20608901977539,10.938095092773438,25.39215087890625,37.655242919921875,28.148731231689453,37.115478515625,21.44131851196289,63.560646057128906,50.546417236328125,115.63288879394531,16.605466842651367,21.953872680664062,13.266854286193848,39.287750244140625,30.618730545043945,55.66883087158203,44.35847091674805,36.39664840698242,11.567087173461914,21.744796752929688,154.73313903808594,26.61359977722168,45.059757232666016,4.2559428215026855,27.220144271850586,8.499174118041992,25.243440628051758,40.74329376220703,42.14906311035156,34.360958099365234,6.505880832672119,19.142131805419922,15.464699745178223,21.99700927734375,34.88346481323242
2007-01-19,22.047468185424805,2.6567795276641846,39.07552719116211,38.30978012084961,30.100627899169922,38.98127746582031,35.02652359008789,22.56324005126953,13.602300643920898,37.512699127197266,11.647144317626953,12.446125984191895,50.55983352661133,13.844549179077148,26.64274787902832,17.368724822998047,10.920015335083008,25.193340301513672,37.86548614501953,28.304973602294922,36.78706359863281,21.560640335083008,64.01571655273438,50.930538177490234,112.43775939941406,16.83509063720703,22.404937744140625,13.246954917907715,39.436466217041016,30.572540283203125,55.939117431640625,43.67428970336914,36.60153579711914,11.465682983398438,21.648679733276367,155.44277954101562,26.596864700317383,45.220672607421875,4.318376064300537,26.991350173950195,8.613451957702637,25.783706665039062,40.8576545715332,42.372100830078125,34.246673583984375,6.454841136932373,19.591062545776367,15.503019332885742,22.043655395507812,34.374977111816406
2007-01-22,21.77107810974121,2.6054465770721436,38.741065979003906,37.98153305053711,30.65622329711914,38.763023376464844,34.49374771118164,22.414794921875,13.537458419799805,37.50688552856445,11.531604766845703,12.428191184997559,51.05402374267578,13.628094673156738,26.36924171447754,17.258129119873047,10.840899467468262,24.882692337036133,37.502349853515625,27.661258697509766,36.04353713989258,21.454214096069336,61.827186584472656,52.028018951416016,111.82914733886719,16.772178649902344,22.23663330078125,13.172329902648926,39.166351318359375,30.439769744873047,55.65157699584961,43.6517448425293,36.64250946044922,11.233152389526367,21.4744815826416,157.4237823486328,26.46289825439453,46.224971771240234,4.375607967376709,26.868152618408203,8.677726745605469,25.553884506225586,40.45465087890625,42.24551010131836,34.31623840332031,6.440789222717285,19.840469360351562,15.541333198547363,21.817058563232422,33.737632751464844
2007-01-23,21.785253524780273,2.5727241039276123,38.34890365600586,38.80995178222656,30.761152267456055,38.71584701538086,35.142765045166016,22.627559661865234,13.56283187866211,37.524253845214844,11.283434867858887,12.284717559814453,51.038238525390625,13.724299430847168,26.66653060913086,16.93938636779785,10.806997299194336,25.11878776550293,37.67435836791992,27.7862548828125,36.90480041503906,21.389707565307617,63.09840393066406,51.17060852050781,111.2206039428711,16.791051864624023,22.384740829467773,13.266854286193848,39.6458740234375,30.393590927124023,56.784507751464844,43.26078414916992,36.41712188720703,11.161467552185059,21.630659103393555,157.1798553466797,26.423828125,45.84210968017578,4.318376064300537,26.939729690551758,8.688444137573242,26.19495964050293,40.09519958496094,43.15576171875,34.629337310791016,6.4918293952941895,20.345537185668945,15.492077827453613,22.00699806213379,34.681461334228516
2007-01-24,22.03328514099121,2.6027441024780273,38.64303207397461,39.0235710144043,31.088359832763672,38.63917541503906,35.278350830078125,22.870023727416992,13.565661430358887,37.732582092285156,11.475983619689941,12.458081245422363,51.20647430419922,13.740327835083008,26.256267547607422,17.492311477661133,10.987828254699707,25.280319213867188,37.98013687133789,27.76125717163086,37.01014709472656,21.548513412475586,63.271751403808594,51.5410270690918,111.49451446533203,16.844524383544922,22.12217903137207,13.426033020019531,39.31809616088867,30.786142349243164,55.86437225341797,44.30583953857422,36.33517837524414,11.233152389526367,21.961034774780273,162.69415283203125,27.132694244384766,46.96848678588867,4.2663469314575195,26.698040008544922,8.699155807495117,26.4570255279541,40.547245025634766,43.2823486328125,34.52496337890625,6.503661632537842,20.008825302124023,15.47017765045166,22.073650360107422,34.469017028808594
2007-01-25,21.579727172851562,2.5892350673675537,38.45271301269531,38.30455017089844,30.995756149291992,38.291175842285156,34.63905334472656,22.76116180419922,13.51209831237793,37.28118133544922,11.279157638549805,12.314604759216309,51.26431655883789,13.612062454223633,25.566566467285156,17.056474685668945,10.883852005004883,24.907548904418945,37.75080871582031,27.623762130737305,36.948177337646484,21.389707565307617,62.231666564941406,51.34210205078125,110.58155059814453,16.542552947998047,22.048126220703125,13.072845458984375,39.409149169921875,30.670679092407227,56.03692626953125,43.433719635009766,35.788787841796875,11.086288452148438,21.672704696655273,157.49771118164062,26.407073974609375,45.620174407958984,4.276754379272461,26.480981826782227,8.595599174499512,25.82805824279785,40.08976364135742,42.98093795776367,34.16216278076172,6.498483657836914,19.840469360351562,15.538595199584961,21.893705368041992,33.84210968017578
2007-01-26,21.686031341552734,2.563117265701294,38.10094451904297,38.35145568847656,30.680912017822266,38.25578689575195,34.62935256958008,22.756216049194336,13.481099128723145,37.298553466796875,11.249208450317383,12.2727632522583,51.2327766418457,13.748345375061035,25.524944305419922,17.141035079956055,10.775351524353027,24.81435203552246,37.59789276123047,27.58001708984375,37.85281753540039,21.448043823242188,61.70438003540039,49.04422378540039,109.7599105834961,16.529966354370117,22.19623374938965,13.0380220413208,39.439491271972656,30.474409103393555,55.59408950805664,43.49385070800781,35.54291534423828,10.967399597167969,21.642681121826172,157.8155517578125,26.669418334960938,45.56471633911133,4.380810260772705,26.51030921936035,8.752726554870605,26.114336013793945,39.47978591918945,42.49266052246094,33.91865539550781,6.509582042694092,19.6596622467041,15.475650787353516,21.703752517700195,34.2321891784668
2007-01-29,21.636423110961914,2.5799291133880615,38.1470832824707,38.13784408569336,30.538942337036133,38.267581939697266,34.64388656616211,22.51870346069336,13.447274208068848,37.3853645324707,11.150792121887207,12.487969398498535,51.805789947509766,13.844549179077148,25.703319549560547,17.049962997436523,10.766313552856445,24.795713424682617,37.7269172668457,27.642501831054688,38.230796813964844,21.619810104370117,61.75495910644531,47.9947509765625,110.12506103515625,16.564579010009766,22.007726669311523,13.64490795135498,39.78851318359375,30.50904083251953,55.24325942993164,43.33595657348633,35.14677047729492,11.047821998596191,21.594621658325195,155.99716186523438,26.407073974609375,45.009849548339844,4.354795932769775,26.633502960205078,8.938417434692383,26.053850173950195,40.11155319213867,42.64335250854492,33.95343017578125,6.51401948928833,19.49130630493164,15.535855293273926,21.783733367919922,34.31926727294922
2007-01-30,21.600988388061523,2.568220853805542,38.285491943359375,38.75783920288086,30.97722053527832,38.09653091430664,35.389766693115234,22.22181510925293,13.475464820861816,37.6689338684082,11.167905807495117,12.511876106262207,52.242183685302734,13.756361961364746,26.02437973022461,17.075992584228516,10.687196731567383,24.957244873046875,35.69149398803711,28.211233139038086,38.96195983886719,21.84990882873535,62.116092681884766,48.241695404052734,109.63821411132812,16.73128318786621,22.250093460083008,13.94336986541748,40.16183853149414,30.439769744873047,55.3467903137207,43.614139556884766,35.597530364990234,11.096778869628906,21.564584732055664,154.32655334472656,26.725238800048828,45.342750549316406,4.2663469314575195,26.53963851928711,9.12768840789795,26.469120025634766,39.594154357910156,42.78201675415039,34.30131530761719,6.475554466247559,19.62848663330078,15.672685623168945,21.883708953857422,34.799888610839844
2007-01-31,21.870296478271484,2.573624849319458,38.52191162109375,38.60675048828125,31.440221786499023,38.26168441772461,35.2977409362793,22.14265251159668,13.495189666748047,37.75572967529297,11.227813720703125,12.529814720153809,52.12652587890625,13.756361961364746,26.36924171447754,17.31667709350586,10.779871940612793,25.311382293701172,35.50035858154297,28.554969787597656,39.699317932128906,22.135107040405273,64.68743896484375,48.26911926269531,109.69911193847656,16.671518325805664,22.654029846191406,14.321430206298828,40.18306350708008,31.242170333862305,55.893131256103516,43.77204132080078,35.91172409057617,11.245388984680176,21.746213912963867,156.82505798339844,26.781036376953125,45.93647766113281,4.229928016662598,26.57483673095703,9.141966819763184,26.77556037902832,39.36539840698242,42.7639274597168,34.49016571044922,6.4644598960876465,19.952707290649414,15.664478302001953,22.090312957763672,34.925262451171875
2007-02-01,21.657684326171875,2.5439045429229736,38.64303207397461,39.11733627319336,31.61306381225586,38.53889465332031,36.067806243896484,22.330678939819336,13.557199478149414,37.836753845214844,11.390409469604492,12.61948013305664,52.047645568847656,13.668185234069824,26.446535110473633,17.297157287597656,10.80021858215332,25.52263069152832,35.352256774902344,28.704965591430664,40.269371032714844,22.07352638244629,65.76358795166016,47.665489196777344,110.24683380126953,16.630632400512695,22.411666870117188,14.326399803161621,40.84772491455078,31.617420196533203,56.623497009277344,43.65925979614258,36.08930969238281,12.505949020385742,21.715925216674805,156.706787109375,26.937335968017578,46.524600982666016,4.313173770904541,26.83294677734375,9.18482494354248,27.138416290283203,40.106082916259766,42.98093795776367,34.52992248535156,6.471116542816162,22.1163330078125,15.72195053100586,22.600160598754883,35.87954330444336
2007-02-02,21.395469665527344,2.5442051887512207,38.395057678222656,39.35700225830078,31.440221786499023,38.53889465332031,35.85955810546875,22.132766723632812,13.596652030944824,37.639984130859375,11.46743106842041,12.691221237182617,52.13701629638672,13.964792251586914,26.482210159301758,17.654945373535156,10.86802864074707,25.367311477661133,35.294925689697266,28.848703384399414,40.43046188354492,21.953615188598633,65.04133605957031,47.6380615234375,110.36852264404297,16.567720413208008,22.344345092773438,14.246809959411621,40.65348434448242,31.5192928314209,56.623497009277344,43.7269172668457,36.020999908447266,12.355588912963867,21.709880828857422,157.76376342773438,26.669418334960938,46.6300163269043,4.281955242156982,26.586563110351562,9.231247901916504,27.130352020263672,40.39473342895508,43.66214370727539,34.52496337890625,6.403056621551514,21.99162483215332,15.683639526367188,22.563507080078125,36.335784912109375
2007-02-05,20.98443031311035,2.5198891162872314,38.23359298706055,39.42473220825195,31.45874786376953,38.42683029174805,35.7336311340332,22.058542251586914,13.500829696655273,37.518463134765625,11.501657485961914,12.78918170928955,52.77317428588867,13.756361961364746,26.47625732421875,17.89563751220703,10.967482566833496,25.491558074951172,35.3235969543457,28.761207580566406,39.95956039428711,21.872602462768555,65.52526092529297,47.905574798583984,110.67279052734375,16.51424217224121,22.41840362548828,14.291584968566895,41.12693405151367,31.559682846069336,56.980037689208984,43.75699996948242,36.11662292480469,12.241950035095215,21.60696792602539,157.11328125,26.853614807128906,46.20277404785156,4.333985328674316,26.34017562866211,9.274099349975586,27.029560089111328,40.127891540527344,44.005733489990234,34.3957405090332,6.426732063293457,21.617515563964844,15.642586708068848,22.350231170654297,36.25917434692383
2007-02-06,20.913557052612305,2.5261926651000977,38.060577392578125,39.31533432006836,31.48343849182129,38.09653091430664,35.53506088256836,22.088220596313477,13.543107986450195,37.26382064819336,11.480260848999023,12.80721378326416,52.494510650634766,13.644132614135742,26.618961334228516,17.746013641357422,10.981047630310059,25.640670776367188,35.48604202270508,29.136188507080078,39.916175842285156,21.710552215576172,65.71308898925781,47.7820930480957,110.49026489257812,16.50165557861328,22.371274948120117,14.301535606384277,41.61556625366211,31.542362213134766,58.2509880065918,43.6517448425293,36.34200668334961,12.296150207519531,21.73409652709961,158.6656494140625,27.389453887939453,46.12507629394531,4.443244457244873,26.610029220581055,9.18482494354248,26.868274688720703,40.2640380859375,44.15644073486328,34.52992248535156,6.363114833831787,21.22470474243164,15.653529167175293,22.63348960876465,36.47857666015625
2007-02-07,20.814350128173828,2.586233615875244,37.94524002075195,39.13218307495117,31.61306381225586,38.03165054321289,35.18148422241211,21.900190353393555,13.537458419799805,37.32747268676758,11.471612930297852,12.927412033081055,52.4892578125,13.555957794189453,26.589235305786133,18.272932052612305,10.981047630310059,25.69658088684082,35.66761016845703,29.10494613647461,40.672115325927734,21.713802337646484,65.5100326538086,48.01533126831055,109.85118865966797,16.49850845336914,22.378009796142578,14.35625171661377,42.47447967529297,31.415355682373047,58.38328170776367,44.11788558959961,36.44446563720703,12.630083084106445,21.721994400024414,157.85250854492188,27.523418426513672,46.18612289428711,4.453651428222656,26.651092529296875,9.334809303283691,26.702972412109375,40.25858688354492,44.38552474975586,34.28144073486328,6.360158443450928,21.374345779418945,15.527650833129883,22.773435592651367,36.046695709228516
2007-02-08,20.73638153076172,2.5871334075927734,37.92217254638672,39.48276138305664,31.440221786499023,38.09653091430664,35.71910858154297,21.731962203979492,13.489556312561035,36.63880157470703,11.43700885772705,12.837265014648438,52.53143310546875,13.395621299743652,26.36924171447754,18.305452346801758,10.920015335083008,25.528839111328125,35.66282653808594,29.10494613647461,40.665931701660156,21.723512649536133,64.9082260131836,47.864410400390625,108.75579071044922,16.401004791259766,22.297210693359375,14.27665901184082,42.243812561035156,31.294130325317383,58.01521682739258,43.975040435791016,36.41712188720703,12.616100311279297,21.52826499938965,158.1112060546875,27.930885314941406,45.953102111816406,4.44844913482666,26.84467887878418,9.266958236694336,26.961015701293945,39.937259674072266,44.84364318847656,33.998165130615234,6.303936958312988,21.118698120117188,15.538595199584961,22.52684783935547,35.8377571105957
2007-02-09,20.537952423095703,2.49977445602417,37.82991027832031,39.357177734375,31.125381469726562,38.002166748046875,35.510833740234375,21.682476043701172,13.461373329162598,36.98603820800781,11.411057472229004,12.638934135437012,51.967201232910156,13.387605667114258,26.494098663330078,18.025732040405273,10.84316635131836,25.472929000854492,35.61505889892578,28.8986873626709,40.151641845703125,21.68787384033203,65.2562484741211,47.363677978515625,108.11670684814453,16.441892623901367,22.155841827392578,14.18712043762207,41.879615783691406,31.305688858032227,58.17626190185547,43.25326919555664,36.1917610168457,12.441259384155273,21.40716552734375,157.65292358398438,27.484344482421875,45.37604904174805,4.542097568511963,26.651092529296875,9.24195671081543,27.0093936920166,40.062538146972656,44.60856628417969,33.963375091552734,6.3165130615234375,20.80069923400879,15.607007026672363,22.626821517944336,35.799442291259766
2007-02-12,20.509607315063477,2.5481088161468506,37.749168395996094,39.032779693603516,31.137731552124023,37.84292221069336,35.02652359008789,21.69732666015625,13.506461143493652,36.87609100341797,11.341840744018555,12.500699043273926,51.98301696777344,13.347517967224121,26.59518051147461,17.915151596069336,10.79117488861084,25.746295928955078,35.63893508911133,28.80497169494629,40.027706146240234,21.68463134765625,64.67621612548828,46.979576110839844,108.45144653320312,16.58344078063965,21.873083114624023,13.724503517150879,42.465362548828125,31.409603118896484,58.446537017822266,42.85481643676758,36.22590255737305,12.380067825317383,21.552473068237305,156.06365966796875,27.11037254333496,44.54376220703125,4.500475883483887,26.457508087158203,9.249101638793945,26.622339248657227,40.23136901855469,44.84968566894531,33.95840072631836,6.332046985626221,20.944108963012695,15.579645156860352,22.643484115600586,35.949195861816406
2007-02-13,20.630495071411133,2.5427043437957764,37.70302963256836,39.47751998901367,31.45256233215332,38.16732406616211,35.273521423339844,21.746801376342773,13.588197708129883,36.928157806396484,11.415376663208008,12.54277515411377,51.83008575439453,13.323467254638672,26.696250915527344,17.68096923828125,10.84542179107666,25.945093154907227,36.51808166503906,29.06744384765625,40.10825729370117,21.89527702331543,64.74143981933594,47.19221115112305,108.84703063964844,16.580293655395508,21.60379409790039,13.724503517150879,42.82956314086914,31.58122444152832,58.8088493347168,43.305870056152344,36.697147369384766,12.338107109069824,21.715925216674805,157.09854125976562,27.333646774291992,45.08197784423828,4.396419048309326,26.55137825012207,9.243732452392578,27.122282028198242,40.514556884765625,44.97026062011719,34.22179412841797,6.365332126617432,21.792104721069336,15.664478302001953,22.930068969726562,35.75765609741211
2007-02-14,20.907854080200195,2.5607168674468994,37.974082946777344,39.55600357055664,31.742708206176758,38.267581939697266,35.21500015258789,21.801244735717773,13.495189666748047,36.66195297241211,11.497567176818848,12.705042839050293,52.30994415283203,13.443717002868652,26.767595291137695,17.863107681274414,10.82055950164795,25.926464080810547,36.71398162841797,29.711179733276367,40.99433898925781,22.00547981262207,65.21275329589844,47.19221115112305,110.97715759277344,16.57715606689453,22.02793312072754,13.789164543151855,43.342472076416016,31.91868782043457,58.843326568603516,44.125404357910156,36.915733337402344,12.539168357849121,21.800697326660156,160.69837951660156,27.685285568237305,45.6978759765625,4.427637577056885,26.402986526489258,9.340394973754883,27.198884963989258,40.8576545715332,44.897918701171875,34.57466506958008,6.390486240386963,21.864044189453125,15.686376571655273,23.030771255493164,38.97574996948242
2007-02-15,20.95051383972168,2.5580146312713623,37.9394645690918,39.41996765136719,31.61306381225586,38.332454681396484,34.810115814208984,21.712167739868164,13.486732482910156,37.08441925048828,11.47593879699707,12.80721378326416,52.1623420715332,13.555957794189453,26.743816375732422,17.928163528442383,10.931318283081055,25.88297462463379,36.7474250793457,29.729917526245117,41.898990631103516,22.008716583251953,66.4961166381836,46.83553695678711,109.97291564941406,16.608604431152344,22.155841827392578,13.814037322998047,43.67329025268555,31.976863861083984,59.42993927001953,44.24568176269531,36.779117584228516,12.62134075164795,21.800697326660156,160.26959228515625,27.757856369018555,45.953102111816406,4.474462509155273,27.09054183959961,9.379777908325195,26.837862014770508,40.791961669921875,45.18727111816406,34.60447311401367,6.367554187774658,22.3645076751709,15.738368034362793,23.05426025390625,39.53644943237305
2007-02-16,20.438486099243164,2.5466065406799316,37.77800369262695,39.393802642822266,31.637765884399414,38.3796501159668,34.54180908203125,21.910093307495117,13.492369651794434,37.39693069458008,11.37645149230957,12.75913143157959,52.19922637939453,13.387605667114258,26.945966720581055,17.90213966369629,10.958444595336914,25.746295928955078,36.71398162841797,29.89240264892578,41.92995071411133,22.28419303894043,65.93783569335938,45.7723388671875,109.15131378173828,16.511091232299805,22.034652709960938,13.749366760253906,43.67935562133789,31.994325637817383,58.630516052246094,44.3735237121582,36.915733337402344,12.598611831665039,21.649333953857422,160.34347534179688,27.685285568237305,45.6978759765625,4.438042640686035,27.037649154663086,9.47643756866455,26.83380126953125,40.55098342895508,45.2174072265625,34.46035385131836,6.376433372497559,22.44582748413086,15.897089958190918,22.89650535583496,39.67924880981445
2007-02-20,20.50248908996582,2.5787277221679688,37.749168395996094,39.17406463623047,31.87234878540039,38.267581939697266,34.20521926879883,22.018945693969727,13.467001914978027,37.39113998413086,11.37645149230957,12.729082107543945,52.389060974121094,13.612062454223633,27.231367111206055,17.993209838867188,11.360791206359863,25.684167861938477,36.589752197265625,30.073633193969727,42.091064453125,22.31983184814453,66.00305938720703,45.51166915893555,109.88163757324219,16.539400100708008,22.075044631958008,13.639930725097656,44.17403793334961,31.982694625854492,59.113624572753906,44.140445709228516,36.915733337402344,12.708756446838379,21.758312225341797,163.31509399414062,27.769006729125977,46.224971771240234,4.500475883483887,27.219818115234375,9.49075698852539,26.602582931518555,40.47428512573242,45.48264694213867,34.78338623046875,6.357941150665283,22.3645076751709,15.850564956665039,22.893156051635742,39.47723388671875
2007-02-21,20.872289657592773,2.6777939796447754,37.48390579223633,39.126953125,31.884700775146484,38.155517578125,34.117408752441406,21.746801376342773,13.407820701599121,37.62841796875,11.276955604553223,12.548786163330078,52.25197219848633,13.788429260253906,27.33243751525879,17.81106948852539,11.295248985290527,25.659305572509766,36.65226745605469,30.192399978637695,42.26456069946289,22.199926376342773,65.95230102539062,46.238746643066406,109.27302551269531,16.580293655395508,22.263572692871094,13.485723495483398,43.882686614990234,31.720867156982422,58.975616455078125,44.005104064941406,36.82010269165039,12.978002548217773,21.903606414794922,162.73109436035156,27.713199615478516,46.15841293334961,4.406825542449951,26.961257934570312,9.47643756866455,26.890594482421875,40.419525146484375,45.38620376586914,34.59452819824219,6.314293384552002,22.145557403564453,15.735625267028809,22.916643142700195,40.38276290893555
2007-02-22,20.900737762451172,2.687101125717163,37.357025146484375,39.2839241027832,31.878522872924805,38.16732406616211,34.47352981567383,21.375713348388672,13.331709861755371,37.42008972167969,11.190444946289062,12.602872848510742,51.94083786010742,13.844549179077148,27.38001251220703,17.82407569885254,11.231951713562012,25.58475112915039,36.70995330810547,30.11739158630371,41.99811935424805,22.15454864501953,65.67679595947266,45.7791862487793,108.5676498413086,16.866540908813477,21.89328384399414,13.475777626037598,44.00712966918945,31.499765396118164,58.400550842285156,43.71939468383789,36.67668533325195,12.948282241821289,21.921768188476562,161.85888671875,27.601564407348633,45.91427230834961,4.3443922996521,26.802597045898438,9.308174133300781,27.129928588867188,40.20042419433594,45.04258728027344,34.53986358642578,6.275826454162598,22.039196014404297,15.798569679260254,22.63802719116211,39.37625503540039
2007-02-23,20.552268981933594,2.6738908290863037,37.20912551879883,39.357177734375,31.501951217651367,38.23220443725586,34.668643951416016,21.247045516967773,13.320442199707031,37.37378692626953,11.082306861877441,12.476667404174805,51.53480911254883,13.483802795410156,27.356239318847656,17.89563751220703,11.204821586608887,25.448062896728516,36.64264678955078,29.960342407226562,41.6759033203125,22.144832611083984,65.45925903320312,45.429359436035156,107.6476058959961,16.85710906982422,21.866355895996094,13.455877304077148,43.670249938964844,31.54050064086914,58.722564697265625,43.62166976928711,36.10295867919922,12.873100280761719,21.570636749267578,160.03309631347656,27.037809371948242,44.92660903930664,4.318376064300537,26.632169723510742,9.190032005310059,27.259756088256836,40.16758346557617,44.86174774169922,34.78835678100586,6.3157734870910645,22.02043914794922,15.648064613342285,22.73872947692871,39.47028350830078
2007-02-26,20.673166275024414,2.657080888748169,37.296142578125,39.45135498046875,31.36614418029785,38.0080680847168,34.83448028564453,22.009056091308594,13.450100898742676,37.32169723510742,11.17746639251709,12.530757904052734,51.10243606567383,13.483802795410156,27.231367111206055,17.71999168395996,11.297501564025879,25.342453002929688,36.599369049072266,29.91636848449707,41.6759033203125,22.190204620361328,64.4804458618164,45.408775329589844,108.38362121582031,17.133913040161133,21.799036026000977,13.52552604675293,43.278724670410156,31.651042938232422,58.35451126098633,42.96006393432617,36.055152893066406,12.946533203125,21.594858169555664,158.18511962890625,26.786643981933594,43.56721496582031,4.297564506530762,26.74970817565918,9.218673706054688,27.568037033081055,39.866371154785156,44.5120964050293,34.73867416381836,6.337224006652832,21.97665023803711,15.817728996276855,22.82601547241211,39.42849349975586
2007-02-27,19.819786071777344,2.519587993621826,36.57108688354492,37.58344650268555,30.384605407714844,36.126529693603516,33.45398712158203,21.365802764892578,13.075227737426758,36.32049560546875,10.874670028686523,12.03794002532959,49.546817779541016,13.058924674987793,26.434650421142578,16.724708557128906,10.895153045654297,24.739795684814453,35.82045364379883,28.999141693115234,40.170230865478516,21.823986053466797,63.226051330566406,44.07121276855469,106.2981948852539,16.935749053955078,21.206592559814453,13.112642288208008,42.13759231567383,30.836498260498047,56.305870056152344,41.794715881347656,34.69598388671875,12.339859962463379,20.81993293762207,144.87979125976562,25.53632926940918,41.13138961791992,4.04782772064209,26.220808029174805,8.939427375793457,26.3875789642334,38.46428298950195,43.34866714477539,33.898765563964844,6.115306854248047,21.188417434692383,15.497543334960938,22.184865951538086,37.71845626831055
2007-02-28,20.033132553100586,2.540001630783081,36.50148010253906,37.50495147705078,30.489538192749023,37.447731018066406,33.42472457885742,21.84575843811035,13.156964302062988,36.546207427978516,10.79681396484375,11.935769081115723,49.008934020996094,13.171154022216797,25.976823806762695,16.874319076538086,10.920015335083008,24.596899032592773,35.6185188293457,29.14993667602539,39.92237091064453,21.8466739654541,63.26955795288086,44.07806396484375,107.06488037109375,17.181106567382812,21.152729034423828,13.122590065002441,43.24838638305664,30.59796905517578,56.12698745727539,42.757049560546875,35.103450775146484,12.511191368103027,21.007604598999023,149.13011169433594,25.988449096679688,41.569725036621094,4.11546516418457,26.267839431762695,9.179289817810059,26.497127532958984,38.44235610961914,43.312496185302734,33.794410705566406,6.234404563903809,21.488693237304688,15.412705421447754,22.238574981689453,37.714962005615234
2007-03-01,19.976238250732422,2.613551616668701,36.22307586669922,37.143943786621094,30.372257232666016,37.55980682373047,32.97594451904297,21.76659393310547,13.11186695098877,36.708255767822266,10.831415176391602,11.773499488830566,48.65565872192383,13.443717002868652,26.220603942871094,16.815778732299805,10.825080871582031,24.50992202758789,35.416568756103516,29.017993927001953,39.59397888183594,21.69110870361328,63.69734573364258,42.32209014892578,107.34088134765625,16.91687774658203,21.098878860473633,13.251923561096191,43.30605697631836,30.400127410888672,56.45015335083008,42.516483306884766,34.79268264770508,12.341605186462402,20.983388900756836,147.58526611328125,25.860069274902344,41.6640510559082,4.042624473571777,26.226703643798828,9.139910697937012,26.752683639526367,38.404014587402344,43.7669563293457,33.87889099121094,6.23884391784668,21.53874969482422,15.357972145080566,22.151296615600586,37.69059371948242
2007-03-02,19.741558074951172,2.5640177726745605,35.93304443359375,36.631160736083984,29.748769760131836,37.25308609008789,32.58081817626953,21.865570068359375,12.934301376342773,36.41890335083008,10.723278999328613,11.551133155822754,47.9332275390625,13.395621299743652,25.96492576599121,16.457992553710938,10.806997299194336,24.23655128479004,35.10405731201172,28.84208869934082,39.06108093261719,21.600360870361328,63.102787017822266,42.35636520385742,106.9421615600586,16.67466163635254,20.82958984375,13.142491340637207,42.79618453979492,30.120872497558594,55.076717376708984,41.681915283203125,34.53715896606445,12.31538200378418,20.85020637512207,144.63584899902344,25.592145919799805,40.72636413574219,3.9489729404449463,25.950502395629883,9.075472831726074,26.338916778564453,38.04802703857422,43.512447357177734,33.41669845581055,6.175226211547852,21.113353729248047,15.188302040100098,21.983455657958984,36.628326416015625
2007-03-05,19.592214584350586,2.591336250305176,35.86344528198242,36.6154670715332,29.347509384155273,37.03485870361328,32.405189514160156,21.895246505737305,13.047042846679688,36.3263053894043,10.684343338012695,11.485021591186523,48.413089752197266,13.12305736541748,25.51305389404297,16.56207847595215,10.730143547058105,24.025310516357422,35.18098449707031,28.816959381103516,39.14163589477539,21.584163665771484,63.09556579589844,42.63760757446289,105.96080780029297,16.592880249023438,20.728607177734375,13.107669830322266,42.21953201293945,30.039419174194336,55.688385009765625,41.27593994140625,34.281639099121094,12.236701965332031,20.601980209350586,140.4447479248047,24.894432067871094,39.74981689453125,3.9437716007232666,25.803592681884766,9.025348663330078,26.160436630249023,38.173988342285156,43.403385162353516,33.59064865112305,6.0812788009643555,20.606630325317383,15.281352043151855,21.849184036254883,36.29050064086914
2007-03-06,19.79133415222168,2.6474742889404297,35.78803634643555,37.149166107177734,29.952482223510742,37.12331771850586,33.010074615478516,22.103069305419922,13.227431297302246,36.609867095947266,10.896306991577148,11.659310340881348,49.46244430541992,13.531899452209473,25.62602424621582,16.88734245300293,10.858985900878906,24.24715805053711,35.325218200683594,29.112218856811523,39.42048263549805,21.580915451049805,63.675594329833984,42.733642578125,106.48220825195312,16.630632400512695,21.07195472717285,13.435979843139648,42.46233367919922,30.388505935668945,55.91925811767578,42.38114929199219,35.17940902709961,12.36433219909668,20.983388900756836,145.89254760742188,25.687034606933594,40.8095817565918,3.974987030029297,26.120920181274414,9.000289916992188,26.699941635131836,38.28901290893555,43.68212127685547,33.8043212890625,6.244758129119873,20.6191349029541,15.305981636047363,22.12108612060547,37.27962875366211
2007-03-07,19.6348876953125,2.633364677429199,35.88084030151367,37.4840202331543,29.85369873046875,36.61609649658203,33.33203887939453,21.888463973999023,13.176692962646484,36.48776626586914,10.930906295776367,11.491032600402832,49.536277770996094,13.219259262084961,25.62602424621582,16.82879066467285,10.834122657775879,24.190919876098633,35.4838981628418,29.2692813873291,39.79845428466797,21.347576141357422,64.3208999633789,42.54159164428711,105.28609466552734,16.574012756347656,21.08541488647461,13.490701675415039,42.4471549987793,30.1732177734375,55.711483001708984,41.9976806640625,34.93769836425781,12.250693321228027,20.777563095092773,144.5767822265625,25.44703483581543,40.99822998046875,3.964583158493042,25.885854721069336,8.925106048583984,27.243507385253906,38.33829879760742,43.694236755371094,33.59396743774414,6.293581008911133,21.269746780395508,15.024109840393066,21.9935245513916,38.59261703491211
2007-03-08,19.428651809692383,2.641770362854004,35.79963684082031,37.59389877319336,30.088285446166992,36.75175476074219,33.39544677734375,22.13798713684082,13.28943920135498,36.662200927734375,10.991470336914062,11.55714225769043,49.04061508178711,13.379591941833496,25.94708251953125,17.010927200317383,10.822818756103516,24.24715805053711,35.83008575439453,29.72160530090332,39.841835021972656,21.46424674987793,64.4514389038086,42.644474029541016,105.65413665771484,16.797348022460938,21.819225311279297,13.510598182678223,42.5169563293457,30.464139938354492,56.080814361572266,42.71947479248047,35.062034606933594,12.248940467834473,20.892581939697266,147.79225158691406,25.848899841308594,41.84162139892578,4.125870227813721,26.220808029174805,9.154231071472168,27.409835815429688,38.267127990722656,44.15475082397461,33.709171295166016,6.358676433563232,21.776460647583008,15.095254898071289,22.322498321533203,38.58566665649414
2007-03-09,19.407316207885742,2.6408708095550537,36.04325866699219,37.211936950683594,30.137666702270508,36.66326904296875,33.40034103393555,22.262775421142578,13.407820701599121,36.56336212158203,10.991470336914062,11.479011535644531,49.18822479248047,13.331487655639648,26.250333786010742,16.96540069580078,10.718846321105957,24.165918350219727,35.931034088134766,29.67136001586914,39.90379333496094,21.5938777923584,64.90096282958984,41.745906829833984,105.25540161132812,17.10875129699707,21.9471435546875,13.391210556030273,42.48206329345703,30.59796905517578,55.9134635925293,42.77962112426758,35.18633270263672,12.283909797668457,20.88652992248535,149.09317016601562,25.8321590423584,42.168968200683594,4.125870227813721,26.203189849853516,9.053991317749023,27.503135681152344,38.68334197998047,44.263816833496094,33.68914794921875,6.425251483917236,21.39485740661621,15.106208801269531,22.815937042236328,39.35533905029297
2007-03-12,19.513986587524414,2.697908401489258,35.840248107910156,37.081146240234375,30.15001678466797,36.62199020385742,33.57593536376953,22.103073120117188,13.514921188354492,36.73198699951172,10.97849178314209,11.707389831542969,49.625919342041016,13.68421745300293,26.559511184692383,17.02394676208496,10.682672500610352,23.853456497192383,36.14259719848633,29.91008949279785,40.00913619995117,21.584163665771484,66.12635040283203,41.62242889404297,105.62345886230469,17.10560417175293,21.529741287231445,13.610090255737305,42.52454376220703,30.720129013061523,57.708187103271484,42.63676834106445,35.28300857543945,12.381815910339355,20.904695510864258,149.75845336914062,26.077747344970703,42.202266693115234,4.068638801574707,26.32073211669922,9.22225570678711,27.275972366333008,38.968143463134766,44.73040008544922,33.503807067871094,6.410458087921143,21.407373428344727,15.355236053466797,23.064348220825195,39.35884475708008
2007-03-13,19.001955032348633,2.653778076171875,35.24860763549805,36.57883834838867,28.828937530517578,36.07935333251953,33.09300994873047,21.643930435180664,13.358795166015625,36.144683837890625,10.788164138793945,11.491032600402832,48.887664794921875,13.347517967224121,25.851957321166992,16.588102340698242,10.438547134399414,23.341026306152344,35.95027160644531,29.45145606994629,39.24697494506836,21.347576141357422,64.85748291015625,41.423519134521484,104.5500259399414,17.02067756652832,21.47588348388672,13.33151626586914,41.607818603515625,30.29541778564453,55.90190124511719,41.16316604614258,34.15732192993164,12.033896446228027,20.262962341308594,147.11953735351562,25.653545379638672,39.99393081665039,3.974987030029297,25.938749313354492,9.411994934082031,27.012296676635742,38.28901290893555,44.075992584228516,33.328514099121094,6.278962135314941,20.944446563720703,15.062423706054688,22.758869171142578,38.08065414428711
2007-03-14,19.48554039001465,2.701810598373413,35.21382141113281,37.15962600708008,29.1993408203125,36.191410064697266,33.32716751098633,21.594036102294922,13.353116989135742,36.452877044677734,10.753557205200195,11.55714225769043,49.44136428833008,13.531899452209473,25.953044891357422,16.815778732299805,10.386310577392578,23.47225570678711,36.44550323486328,29.46402931213379,39.43286895751953,21.17256736755371,65.24174499511719,41.62929153442383,105.22473907470703,16.91373062133789,21.751911163330078,13.44095230102539,42.2270622253418,30.19649314880371,56.634822845458984,41.88492202758789,34.37140655517578,12.16152286529541,20.371936798095703,147.94749450683594,25.88797950744629,40.95383834838867,3.907350540161133,26.20907211303711,9.512237548828125,27.547765731811523,38.46428298950195,44.10627365112305,33.543880462646484,6.2685017585754395,21.044532775878906,15.139046669006348,22.91327667236328,38.55082321166992
2007-03-15,19.400205612182617,2.6889026165008545,35.109405517578125,36.98696517944336,29.446269989013672,36.51581954956055,33.595462799072266,21.55410385131836,13.364472389221191,36.62732696533203,10.809785842895508,11.503052711486816,49.27790451049805,13.403637886047363,25.84602165222168,16.789752960205078,10.447639465332031,23.428503036499023,36.53687286376953,29.51429557800293,39.321353912353516,21.149883270263672,66.01033020019531,41.162845611572266,105.86881256103516,16.869693756103516,22.445329666137695,13.490701675415039,42.76435852050781,30.283781051635742,56.58286666870117,42.185646057128906,34.599300384521484,12.259428977966309,20.644372940063477,148.4944610595703,25.999610900878906,41.55308151245117,3.9489729404449463,26.867238998413086,9.576679229736328,26.983890533447266,38.015174865722656,44.275936126708984,33.55891036987305,6.332007884979248,21.082063674926758,15.3771333694458,23.154970169067383,38.55082321166992
2007-03-16,19.435771942138672,2.689502716064453,35.09781265258789,36.55269241333008,29.032669067382812,36.33885955810547,33.210086822509766,21.504207611083984,13.401376724243164,36.38308334350586,10.809785842895508,11.50905990600586,49.17242431640625,13.387605667114258,25.851957321166992,16.906848907470703,10.495326042175293,23.441009521484375,36.195499420166016,29.48916244506836,39.13545227050781,21.098033905029297,65.2562484741211,40.675838470458984,105.37812805175781,16.63377571105957,22.1760311126709,13.341465950012207,43.20450210571289,30.359416961669922,56.4385986328125,41.764617919921875,34.267826080322266,12.158028602600098,20.55356216430664,147.09738159179688,25.781932830810547,41.28675842285156,3.928161382675171,27.184558868408203,9.522979736328125,26.50523567199707,37.93301010131836,43.97294998168945,33.41866683959961,6.330510139465332,20.963205337524414,15.347031593322754,23.17511749267578,38.32445526123047
2007-03-19,19.79133415222168,2.7357325553894043,35.22541809082031,37.20148849487305,29.372194290161133,36.55710220336914,33.844242095947266,21.66888427734375,13.435440063476562,36.54009246826172,10.96983814239502,11.485021591186523,49.56263732910156,13.7723970413208,26.083845138549805,17.10851287841797,10.581639289855957,23.572242736816406,36.71475601196289,29.65880012512207,39.761260986328125,21.188772201538086,65.48828887939453,40.566078186035156,106.32886505126953,16.728137969970703,22.310688018798828,13.401161193847656,43.69321823120117,30.650320053100586,57.11380386352539,42.133026123046875,34.78577423095703,12.373077392578125,20.73518180847168,149.64019775390625,25.966114044189453,41.62522506713867,4.068638801574707,27.343231201171875,9.680500030517578,26.63098907470703,38.05350112915039,44.79704284667969,33.734222412109375,6.367123126983643,21.41362953186035,15.453766822814941,23.60141944885254,39.282222747802734
2007-03-20,19.7984561920166,2.7462406158447266,35.42262268066406,37.67238998413086,29.477128982543945,36.734039306640625,34.17106628417969,21.77368927001953,13.51776123046875,36.865726470947266,11.047698974609375,11.41290283203125,49.831565856933594,14.06900691986084,26.345462799072266,17.134532928466797,10.742894172668457,23.70347785949707,36.72439193725586,29.614803314208984,40.18882369995117,21.328136444091797,65.37225341796875,40.7650146484375,106.63555145263672,17.13706398010254,22.667490005493164,13.505623817443848,43.9846305847168,30.702678680419922,56.77333068847656,42.29844284057617,35.055118560791016,12.729737281799316,20.95313262939453,150.79330444335938,26.24520492553711,42.23001480102539,4.099856376647949,27.24920082092285,10.006287574768066,26.898710250854492,38.475215911865234,44.81522750854492,34.0798225402832,6.412701606750488,22.039196014404297,15.700050354003906,23.906879425048828,39.07672882080078
2007-03-21,20.28203010559082,2.817988872528076,35.5096435546875,38.31596755981445,30.279659271240234,37.1351318359375,34.80033493041992,22.08310317993164,13.699438095092773,37.319278717041016,11.181792259216309,11.623250961303711,50.28508758544922,14.566028594970703,26.523836135864258,17.427270889282227,10.849637985229492,24.209678649902344,36.97441101074219,29.966629028320312,41.02531051635742,21.652219772338867,65.8363037109375,41.56755447387695,108.81302642822266,17.199975967407227,23.340717315673828,13.784188270568848,44.56138610839844,31.3136043548584,57.62164306640625,43.223201751708984,35.81478500366211,13.009475708007812,21.47982406616211,155.9306182861328,27.460832595825195,45.126365661621094,4.167492866516113,27.66055679321289,10.092206954956055,27.24756622314453,39.03935241699219,45.45145797729492,34.4154052734375,6.432875156402588,22.44582748413086,15.839624404907227,24.215713500976562,40.198177337646484
2007-03-22,20.104248046875,2.820690155029297,35.300804138183594,38.90720748901367,29.921598434448242,37.660057067871094,35.57595443725586,22.043184280395508,13.696596145629883,37.2785758972168,11.155839920043945,11.515069961547852,50.195404052734375,14.8225679397583,26.45248031616211,17.154056549072266,10.904150009155273,23.953447341918945,37.397518157958984,29.891233444213867,41.22978210449219,21.729997634887695,65.66954040527344,41.4783821105957,109.82505798339844,17.14335060119629,23.098352432250977,13.823988914489746,44.23961639404297,31.51723861694336,56.5020866394043,43.18560791015625,35.662845611572266,13.065421104431152,21.183176040649414,155.28749084472656,27.225561141967773,45.01538848876953,4.203914642333984,27.836841583251953,10.149489402770996,27.860103607177734,38.935272216796875,44.918235778808594,34.615760803222656,6.4366068840026855,22.32697296142578,15.960037231445312,24.128427505493164,39.32052230834961
2007-03-23,19.92645263671875,2.807481050491333,35.09781265258789,39.252540588378906,29.952482223510742,37.63057327270508,35.951576232910156,22.182920455932617,13.639825820922852,37.26691818237305,11.099604606628418,11.581180572509766,50.11103820800781,14.622146606445312,26.785430908203125,17.036954879760742,10.881443977355957,23.88471221923828,37.48887252807617,29.972900390625,41.440460205078125,21.752681732177734,65.9668197631836,39.797847747802734,109.85574340820312,16.942035675048828,23.273391723632812,13.729469299316406,44.442989349365234,31.307775497436523,57.21767044067383,43.178096771240234,35.69736099243164,13.03919506072998,21.165008544921875,156.62545776367188,27.298376083374023,44.99873733520508,4.1050591468811035,28.071903228759766,10.13516616821289,28.091327667236328,39.14341735839844,45.88166046142578,34.5556640625,6.38580322265625,22.28944969177246,15.924461364746094,24.262704849243164,39.06976318359375
2007-03-26,20.068689346313477,2.877427339553833,34.94699478149414,39.487979888916016,30.063589096069336,37.689552307128906,36.29304122924805,21.993276596069336,13.668206214904785,37.15062713623047,11.103936195373535,11.5932035446167,50.09525680541992,14.74239730834961,26.82705307006836,17.134532928466797,10.865541458129883,23.690977096557617,37.20519256591797,29.740459442138672,41.41565704345703,21.694345474243164,65.85803985595703,39.1942253112793,110.40779876708984,18.005239486694336,23.307052612304688,13.739421844482422,44.65243911743164,31.249591827392578,56.7963981628418,43.005149841308594,35.60759353637695,13.165078163146973,20.995506286621094,156.5071563720703,27.124713897705078,44.59368896484375,4.094653606414795,27.795713424682617,10.24973201751709,28.217079162597656,39.05575942993164,45.627174377441406,34.53062057495117,6.346952438354492,22.458349227905273,15.834151268005371,24.26605224609375,38.46028518676758
2007-03-27,19.713111877441406,2.8657209873199463,34.81938171386719,39.61357116699219,29.983339309692383,37.31795120239258,36.18085479736328,21.783672332763672,13.631304740905762,36.60405349731445,11.026070594787598,11.454972267150879,49.95284652709961,14.8225679397583,26.77949333190918,16.86781883239746,10.786046981811523,23.334768295288086,37.10422134399414,29.357234954833984,41.440460205078125,21.542028427124023,65.63330078125,38.55630111694336,109.7637710571289,17.803918838500977,23.138750076293945,13.828957557678223,44.248722076416016,30.99359703063965,56.657920837402344,42.426239013671875,35.80097198486328,13.112625122070312,20.825986862182617,155.13230895996094,26.95105743408203,44.09431838989258,4.08424711227417,27.584165573120117,10.16380786895752,28.18463134765625,38.83122634887695,45.348445892333984,34.38036346435547,6.356663703918457,22.477109909057617,15.697319984436035,24.02773094177246,37.8333740234375
2007-03-28,19.65622329711914,2.7990756034851074,34.801998138427734,39.53506851196289,29.625303268432617,37.164608001708984,36.13694381713867,21.574077606201172,13.600077629089355,36.56915283203125,10.891975402832031,11.33477783203125,49.70499801635742,14.566028594970703,26.654638290405273,16.718196868896484,10.592992782592773,22.978567123413086,36.72439193725586,28.917476654052734,41.04390335083008,21.674909591674805,64.85748291015625,38.22020721435547,109.02770233154297,17.539697647094727,22.856000900268555,13.739421844482422,43.91178894042969,30.842323303222656,56.080814361572266,41.9976806640625,35.062034606933594,13.119619369506836,20.66858673095703,152.83348083496094,26.547710418701172,43.46178436279297,4.151884078979492,27.237457275390625,10.149489402770996,28.087270736694336,38.557373046875,44.918235778808594,34.420413970947266,6.441091060638428,23.04640007019043,15.768470764160156,23.72898292541504,36.8927116394043
2007-03-29,19.734453201293945,2.814385414123535,34.99919891357422,39.89087677001953,29.940128326416016,37.31207275390625,36.56132888793945,21.93338394165039,13.656858444213867,36.9761962890625,10.991470336914062,11.473002433776855,49.86849594116211,14.55801773071289,26.67841911315918,16.54256248474121,10.611160278320312,23.009811401367188,36.58495330810547,28.860931396484375,41.01292037963867,21.66193962097168,65.08224487304688,38.295658111572266,109.02770233154297,17.555421829223633,22.997377395629883,13.883676528930664,43.02845001220703,31.07504653930664,56.61174011230469,42.44879150390625,35.35207748413086,13.331170082092285,20.910747528076172,153.15869140625,26.497299194335938,43.51726531982422,4.1362762451171875,27.14930534362793,10.024185180664062,28.05887222290039,38.42593765258789,45.324214935302734,34.460487365722656,6.510575294494629,22.99634552001953,15.850564956665039,23.702125549316406,37.931297302246094
2007-03-30,19.819786071777344,2.7891693115234375,34.95280075073242,39.47751998901367,29.866064071655273,37.25308609008789,36.07840347290039,22.043184280395508,13.625631332397461,36.95874786376953,10.926578521728516,11.497041702270508,49.70499801635742,14.533965110778809,26.785430908203125,16.60761260986328,10.663396835327148,22.959815979003906,36.74840545654297,28.936321258544922,41.53340148925781,21.645736694335938,64.46593475341797,38.32994079589844,108.44498443603516,17.55228042602539,22.983905792236328,13.809067726135254,43.30466842651367,31.249591827392578,55.98847198486328,42.4036979675293,35.234676361083984,13.374879837036133,20.844146728515625,152.73733520507812,26.43567657470703,43.70039749145508,4.1050591468811035,26.967126846313477,10.113691329956055,27.726242065429688,38.39308547973633,44.97276306152344,34.30523681640625,6.560634136199951,22.958805084228516,15.932673454284668,23.60141944885254,37.9907341003418
2007-04-02,19.727333068847656,2.811385154724121,34.859989166259766,39.84901428222656,29.779624938964844,37.17051315307617,36.502803802490234,22.4623966217041,13.773238182067871,36.85990524291992,10.961188316345215,11.497041702270508,50.20594024658203,14.541987419128418,26.648679733276367,16.523052215576172,10.765604972839355,22.99106216430664,36.676300048828125,28.99286651611328,41.35990524291992,21.409151077270508,64.40794372558594,38.10359191894531,108.23027801513672,17.555421829223633,23.17240333557129,13.868756294250488,43.696258544921875,31.645221710205078,55.936553955078125,41.9976806640625,34.82721710205078,13.376627922058105,20.58987808227539,152.0128936767578,26.46368408203125,43.66153335571289,4.209115982055664,26.92013168334961,10.221089363098145,27.661338806152344,38.26163864135742,45.37874984741211,34.37034606933594,6.791496753692627,23.090177536010742,15.85877513885498,23.695409774780273,36.5360107421875
2007-04-03,19.819786071777344,2.8369009494781494,35.17321014404297,40.18387222290039,30.189966201782227,37.09974670410156,36.7515983581543,22.647035598754883,13.906660079956055,36.865726470947266,11.103936195373535,11.60522174835205,50.675289154052734,14.718347549438477,26.91030502319336,16.815778732299805,10.924591064453125,23.51599884033203,37.24365234375,29.36353874206543,41.66352081298828,21.396188735961914,65.1837387084961,38.22705841064453,108.32231903076172,17.82594871520996,23.084903717041016,13.838608741760254,44.53102111816406,31.854684829711914,56.13852310180664,42.15602111816406,35.12419128417969,13.619651794433594,20.892581939697266,155.04360961914062,27.040685653686523,44.488277435302734,4.203914642333984,27.30797004699707,10.382194519042969,27.51934814453125,38.3163948059082,45.86349868774414,34.58571243286133,6.933855056762695,23.28411102294922,15.990140914916992,23.900175094604492,37.32631301879883
2007-04-04,20.267807006835938,2.8299968242645264,35.55022048950195,40.34607696533203,30.189966201782227,37.18820571899414,36.854026794433594,22.642044067382812,14.040078163146973,37.05759811401367,11.164496421813965,11.64728832244873,50.73329162597656,14.87867259979248,26.892467498779297,16.978412628173828,10.913235664367676,23.815969467163086,37.09941101074219,29.683927536010742,41.81223678588867,21.448043823242188,65.4520263671875,38.878700256347656,107.67829895019531,17.7064151763916,23.28685760498047,13.959200859069824,44.761714935302734,32.093231201171875,56.005802154541016,42.450008392333984,35.1448860168457,13.626642227172852,20.789661407470703,154.33399963378906,27.186336517333984,44.282981872558594,4.183102607727051,27.031770706176758,10.507498741149902,27.478796005249023,38.272579193115234,45.718082427978516,34.640811920166016,7.0125041007995605,23.033876419067383,16.137920379638672,23.940444946289062,37.41724395751953
2007-04-05,20.303367614746094,2.8423047065734863,35.701026916503906,40.40364074707031,30.320507049560547,37.158729553222656,36.88330078125,22.726882934570312,14.057106018066406,37.02853775024414,11.17746639251709,11.767489433288574,50.8967399597168,14.96685791015625,27.21946144104004,16.952388763427734,10.963199615478516,23.759719848632812,36.90227127075195,29.690195083618164,41.90515899658203,21.5938777923584,65.6187973022461,40.01049041748047,107.40228271484375,17.936037063598633,23.3811092376709,13.979303359985352,44.81029510498047,32.2794075012207,55.80958938598633,42.18616485595703,35.11725997924805,13.693078994750977,20.85020637512207,153.6983642578125,27.14712142944336,44.55487060546875,4.167492866516113,27.172819137573242,10.42156982421875,27.568037033081055,38.480716705322266,45.475685119628906,34.89125061035156,7.043362617492676,23.15899085998535,16.179218292236328,23.853185653686523,37.6165657043457
2007-04-09,20.31759262084961,2.811385154724121,35.74744415283203,40.18387222290039,30.4635009765625,37.31207275390625,36.82476043701172,22.78177833557129,14.088333129882812,36.62732696533203,11.246679306030273,12.080008506774902,50.94948959350586,14.88669490814209,27.641626358032227,17.043458938598633,11.008630752563477,23.797222137451172,36.94075393676758,29.595962524414062,41.72547912597656,21.619810104370117,65.27800750732422,39.228515625,106.66616821289062,17.99580192565918,23.495561599731445,13.898902893066406,44.82243728637695,32.33760070800781,56.57132339477539,42.487701416015625,35.12419128417969,13.58467960357666,20.807825088500977,154.4448699951172,27.281574249267578,44.55487060546875,4.203914642333984,27.384353637695312,10.460959434509277,27.754636764526367,38.38759994506836,45.88774490356445,35.11664581298828,6.958744049072266,23.60942840576172,16.124149322509766,24.104944229125977,37.983760833740234
2007-04-10,20.19668960571289,2.8293962478637695,35.7706413269043,40.58676528930664,30.612714767456055,37.28257751464844,37.58085632324219,22.886579513549805,14.216075897216797,36.87153244018555,11.246679306030273,12.428585052490234,50.8651237487793,15.11115837097168,27.53460693359375,16.906848907470703,10.888250350952148,23.890954971313477,36.78208541870117,29.51429557800293,41.48383331298828,21.379989624023438,65.86531066894531,39.180511474609375,106.97288513183594,17.948623657226562,23.56288719177246,13.964232444763184,45.08955383300781,32.39578628540039,56.58286666870117,42.5254020690918,35.26921081542969,13.511250495910645,20.832042694091797,154.5261993408203,27.21434783935547,44.54376220703125,4.26114559173584,27.425508499145508,10.557618141174316,28.172454833984375,38.770973205566406,45.808963775634766,35.23684310913086,6.9846296310424805,23.78457260131836,16.209524154663086,23.796117782592773,38.0816650390625
2007-04-11,19.990461349487305,2.7795631885528564,35.89826202392578,40.16819381713867,30.556753158569336,37.18230056762695,37.346710205078125,22.78177833557129,14.091171264648438,36.75524139404297,11.263984680175781,12.302377700805664,50.17959976196289,14.902734756469727,27.611892700195312,16.77674674987793,10.736082077026367,23.728477478027344,36.65226745605469,29.143646240234375,41.11204528808594,21.354068756103516,65.23451232910156,38.64547348022461,107.18757629394531,18.032459259033203,23.569612503051758,13.828557014465332,44.58868408203125,32.34341812133789,55.75190353393555,42.25400924682617,34.8824577331543,13.409846305847168,20.686748504638672,152.95907592773438,27.035083770751953,44.20417404174805,4.229928016662598,27.02589225769043,10.346393585205078,28.08321189880371,38.59571838378906,44.82734680175781,34.871212005615234,6.9189252853393555,23.40297508239746,16.16269874572754,23.68534278869629,37.91728210449219
2007-04-12,20.296253204345703,2.767554759979248,35.915645599365234,40.49258804321289,30.587839126586914,37.465431213378906,37.6442756652832,23.136104583740234,14.099686622619629,37.307647705078125,11.445663452148438,12.320405960083008,50.44852066040039,14.990906715393066,27.724868774414062,16.893840789794922,10.733806610107422,23.759719848632812,36.8830451965332,29.520580291748047,41.291751861572266,21.49989891052246,65.87255096435547,39.53718566894531,107.89295196533203,18.16216278076172,23.58307647705078,13.843631744384766,44.38835906982422,32.54705047607422,55.49221420288086,42.60080337524414,34.723609924316406,13.810221672058105,20.789661407470703,153.04783630371094,27.225561141967773,44.57716751098633,4.209115982055664,26.990633010864258,10.339232444763184,28.594322204589844,38.54642868041992,45.49386978149414,35.031490325927734,6.963720321655273,23.465532302856445,16.11037254333496,23.953880310058594,37.71099090576172
2007-04-13,20.346038818359375,2.7090156078338623,36.165061950683594,40.50304412841797,30.519460678100586,37.38286209106445,37.566219329833984,25.05746078491211,14.15930461883545,37.44720458984375,11.536497116088867,12.296364784240723,50.058311462402344,14.934796333312988,28.325380325317383,17.355714797973633,10.767879486083984,23.678495407104492,36.88786315917969,29.545717239379883,41.38467788696289,21.52259063720703,66.00305938720703,40.49062728881836,108.5063247680664,18.503833770751953,23.650405883789062,14.230546951293945,45.20794677734375,33.093971252441406,55.538352966308594,43.24156951904297,34.82029724121094,13.710562705993652,20.965238571166992,152.6412811279297,27.42162322998047,44.53262710571289,4.172695636749268,26.984764099121094,10.260475158691406,28.614612579345703,38.50810241699219,45.293914794921875,35.13167953491211,6.924896717071533,23.778318405151367,16.1048641204834,23.833038330078125,38.046695709228516
2007-04-16,20.431371688842773,2.744739294052124,36.55368423461914,40.900691986083984,31.066551208496094,37.58930206298828,37.98575210571289,25.112354278564453,14.270007133483887,37.54023361206055,11.653289794921875,12.434596061706543,50.71746826171875,15.1512451171875,28.598878860473633,17.31667709350586,10.917779922485352,24.097177505493164,37.09941101074219,29.765583038330078,41.45284652709961,21.454524993896484,65.48101806640625,40.91591262817383,108.44498443603516,18.627212524414062,23.52922248840332,14.30090045928955,45.94557571411133,33.978336334228516,55.39985656738281,44.14619827270508,35.37969207763672,13.93435287475586,21.49799156188965,158.5695037841797,28.099449157714844,45.69061279296875,4.17789888381958,27.108163833618164,10.525398254394531,28.63895034790039,38.929805755615234,45.11214828491211,35.40717697143555,6.905980587005615,23.803346633911133,16.13792610168457,24.20564079284668,38.34041976928711
2007-04-17,20.51671028137207,2.71231746673584,37.44112777709961,41.02103805541992,31.197105407714844,37.689552307128906,38.029640197753906,24.95765495300293,14.639033317565918,38.26126480102539,11.635990142822266,12.608880043029785,51.21314239501953,15.143219947814941,29.139951705932617,17.459787368774414,10.9404935836792,24.647111892700195,37.15712356567383,29.928932189941406,41.92375564575195,21.60684585571289,65.58253479003906,41.22457504272461,107.95429992675781,18.665180206298828,23.37437629699707,14.215483665466309,46.15503692626953,34.251792907714844,55.37678146362305,43.904964447021484,35.42802810668945,13.874909400939941,21.34058380126953,158.85044860839844,28.200294494628906,45.42338180541992,4.08424711227417,27.0200138092041,10.507498741149902,28.569992065429688,39.23650360107422,45.48783493041992,35.71269607543945,6.925891399383545,23.690736770629883,16.300395965576172,23.759191513061523,38.85098648071289
2007-04-18,20.33892822265625,2.713818073272705,37.37153244018555,40.9163932800293,32.372135162353516,37.60698699951172,37.93695831298828,24.797948837280273,14.66458511352539,38.331031799316406,11.584075927734375,12.83124828338623,49.98976516723633,15.014954566955566,29.06263542175293,17.479305267333984,10.895071029663086,24.39715003967285,37.06094741821289,30.287015914916992,42.98332214355469,21.629533767700195,68.06951904296875,41.162845611572266,107.73959350585938,18.358304977416992,23.273391723632812,14.200401306152344,46.136810302734375,34.40886688232422,55.61336898803711,44.05575180053711,35.78715515136719,13.712315559387207,21.76437759399414,160.21788024902344,28.54761505126953,45.55144500732422,4.068638801574707,27.008270263671875,10.525398254394531,28.33065414428711,39.10507583618164,45.918033599853516,35.71269607543945,6.976664066314697,23.453020095825195,16.220535278320312,23.806180953979492,39.015342712402344
2007-04-19,20.40292739868164,2.7099170684814453,37.66735076904297,40.52922439575195,32.38456726074219,37.5244140625,37.468650817871094,25.027511596679688,14.690129280090332,38.39500427246094,11.70952320098877,13.107707023620605,49.7208251953125,15.039005279541016,29.003185272216797,17.355714797973633,10.979101181030273,24.315900802612305,37.30134963989258,30.821012496948242,42.703277587890625,21.713802337646484,67.42420196533203,42.74734878540039,107.34088134765625,18.10838508605957,23.502294540405273,14.280800819396973,45.5418586730957,34.92087936401367,55.186336517333984,44.440208435058594,35.15869140625,14.285765647888184,21.879396438598633,162.09535217285156,28.16106605529785,45.980133056640625,4.0270161628723145,27.002384185791016,10.768842697143555,28.10349464416504,39.428218841552734,46.00890350341797,35.762779235839844,6.908970355987549,23.340412139892578,16.239816665649414,25.343582153320312,38.71110534667969
2007-04-20,20.637609481811523,2.730931043624878,37.771759033203125,41.732627868652344,32.66433334350586,37.63057327270508,38.268672943115234,25.696260452270508,14.786646842956543,38.75551223754883,11.666268348693848,13.318058013916016,49.87374496459961,15.231402397155762,28.75347137451172,17.557363510131836,11.301614761352539,24.503381729125977,37.38309860229492,32.291080474853516,44.69468688964844,21.925588607788086,67.64173889160156,42.50727844238281,107.73959350585938,18.30136489868164,23.58321762084961,14.406418800354004,46.221805572509766,35.235076904296875,55.053627014160156,45.98563003540039,35.24848937988281,14.404658317565918,21.976255416870117,162.8802032470703,28.558828353881836,46.15827560424805,4.032218933105469,26.91423797607422,10.743782043457031,28.902639389038086,39.88278579711914,46.1119499206543,36.033260345458984,6.9239044189453125,24.116132736206055,16.281118392944336,25.259658813476562,39.011837005615234
2007-04-23,20.466930389404297,2.807180643081665,37.557151794433594,41.43961715698242,32.502689361572266,37.53031539916992,37.83454132080078,25.78607177734375,14.661747932434082,38.720638275146484,11.398078918457031,13.167814254760742,50.20594024658203,15.183304786682129,28.919958114624023,17.2906494140625,11.113104820251465,24.503381729125977,37.15712356567383,32.18428039550781,44.71334457397461,21.850648880004883,67.8955078125,42.65818405151367,106.72750091552734,18.09889030456543,23.664142608642578,14.326031684875488,46.334129333496094,34.693973541259766,56.017337799072266,46.098716735839844,34.8824577331543,14.544528007507324,21.806751251220703,164.67190551757812,28.58123207092285,46.520145416259766,4.073841571807861,26.95537567138672,10.811802864074707,28.63895034790039,39.40080642700195,46.427040100097656,35.61252212524414,6.9019975662231445,24.37262725830078,16.402292251586914,25.182451248168945,39.41399383544922
2007-04-24,20.47403907775879,2.7990756034851074,37.40634536743164,41.12568283081055,32.4280891418457,37.58930206298828,37.610137939453125,25.75115203857422,14.678772926330566,38.615970611572266,11.311569213867188,13.185840606689453,51.935585021972656,15.087106704711914,28.818870544433594,17.128034591674805,11.05859375,24.565876007080078,37.02248001098633,33.23344039916992,45.31078338623047,22.130868911743164,67.9172592163086,41.99283218383789,106.60491180419922,18.086238861083984,24.75664520263672,14.461695671081543,46.37055206298828,34.49032974243164,54.71891403198242,45.91780471801758,34.95843505859375,14.575997352600098,21.661449432373047,163.41322326660156,28.71006202697754,46.4923095703125,4.068638801574707,26.967126846313477,10.611318588256836,28.249530792236328,39.395362854003906,44.94247817993164,35.487308502197266,6.960735321044922,24.591567993164062,16.388525009155273,24.917272567749023,39.4874382019043
2007-04-25,20.616273880004883,2.8624179363250732,37.51654815673828,41.81632614135742,32.83839797973633,37.67824935913086,38.20526123046875,26.145401000976562,14.687297821044922,38.947410583496094,11.385099411010742,13.378158569335938,53.501708984375,15.1512451171875,28.914012908935547,17.420764923095703,11.085850715637207,24.68460464477539,37.0080680847168,33.91819381713867,45.57215881347656,21.97446632385254,68.65682983398438,42.31521987915039,108.59832000732422,18.20962142944336,24.73641014099121,14.923989295959473,46.57087707519531,34.6241455078125,55.11133575439453,46.98072814941406,35.37969207763672,14.724608421325684,21.964153289794922,167.02621459960938,28.317935943603516,47.054603576660156,4.099856376647949,27.12580108642578,10.707983016967773,28.728208541870117,39.981380462646484,45.23332977294922,36.00320816040039,7.015489101409912,24.722942352294922,16.495927810668945,25.169036865234375,39.74620056152344
2007-04-26,20.694494247436523,2.967188596725464,37.261329650878906,42.14598846435547,32.91301727294922,37.35799026489258,38.136966705322266,26.16535758972168,14.78381061553955,38.615970611572266,11.558125495910645,13.275992393493652,53.2064094543457,15.191327095031738,29.2707462310791,17.27113914489746,11.060866355895996,24.365901947021484,38.6812858581543,33.729713439941406,45.429019927978516,21.687726974487305,68.34506225585938,42.905120849609375,109.91708374023438,18.003982543945312,24.857810974121094,14.687821388244629,46.68320083618164,34.752159118652344,53.9571533203125,46.84503936767578,35.02748489379883,14.682649612426758,21.837018966674805,166.4413604736328,28.021032333374023,46.976654052734375,4.2663469314575195,26.93187713623047,10.557618141174316,28.691701889038086,39.38440704345703,44.651634216308594,35.91804122924805,6.9019975662231445,24.416410446166992,16.526208877563477,24.97433853149414,39.72872543334961
2007-04-27,21.41986656188965,2.9996087551116943,37.22072982788086,42.046573638916016,32.67055130004883,37.35205078125,38.088199615478516,25.88091468811035,14.778132438659668,38.54618835449219,11.510540962219238,13.143774032592773,53.348777770996094,15.311572074890137,29.104272842407227,17.58338737487793,10.979101181030273,24.040939331054688,39.21017837524414,34.483604431152344,45.901981353759766,21.84412956237793,68.17102813720703,43.39900207519531,112.98399353027344,17.956525802612305,24.770139694213867,14.65766716003418,46.877471923828125,34.682342529296875,55.798038482666016,46.84503936767578,35.062034606933594,14.31199836730957,21.758312225341797,166.0489959716797,27.92580223083496,47.327392578125,4.188305377960205,26.455883026123047,10.643540382385254,28.41179084777832,39.15983963012695,45.23332977294922,35.87799072265625,6.9288787841796875,24.40390396118164,16.54549789428711,25.081754684448242,39.24613571166992
2007-04-30,21.291872024536133,2.996006965637207,37.24971389770508,41.53379440307617,32.39078903198242,38.19423294067383,37.94671630859375,25.671297073364258,14.815032005310059,38.429901123046875,11.445663452148438,12.92140007019043,53.897193908691406,15.071084022521973,28.70589828491211,17.39473533630371,10.883709907531738,23.665977478027344,39.796775817871094,34.037559509277344,45.192527770996094,22.072214126586914,67.43143463134766,43.995758056640625,113.0453109741211,17.912242889404297,24.43968963623047,14.501895904541016,47.2296028137207,34.403072357177734,55.480674743652344,45.73685836791992,35.151798248291016,14.287521362304688,21.728046417236328,161.85110473632812,27.830562591552734,46.770668029785156,4.183102607727051,25.79772186279297,10.564780235290527,28.13189125061035,38.57381057739258,44.62131881713867,35.6475830078125,6.861184120178223,24.209959030151367,16.495927810668945,24.702442169189453,38.25650405883789
2007-05-01,21.61900520324707,2.9861016273498535,37.44693374633789,41.68032455444336,32.490257263183594,37.34018325805664,38.21987533569336,25.441734313964844,14.939935684204102,38.61016845703125,11.501893997192383,13.101699829101562,54.4034309387207,14.902734756469727,29.217235565185547,17.47279930114746,10.976832389831543,24.01593589782715,40.200653076171875,34.602970123291016,45.57836151123047,22.18951988220215,67.59825134277344,44.65425109863281,113.78138732910156,18.03561019897461,24.271080017089844,14.411445617675781,47.11424255371094,34.263431549072266,55.5325927734375,46.22688674926758,35.17251968383789,14.43787670135498,21.818864822387695,161.82887268066406,27.735336303710938,46.82635498046875,4.188305377960205,25.99163246154785,10.539716720581055,28.066984176635742,38.305442810058594,44.32442855834961,35.792842864990234,6.8502302169799805,22.896255493164062,16.55099868774414,24.591665267944336,38.0117073059082
2007-05-02,21.768339157104492,3.013719081878662,37.40053176879883,41.76401901245117,32.67055130004883,36.99027633666992,38.3613395690918,25.566497802734375,14.962641716003418,38.970664978027344,11.506217956542969,13.179828643798828,53.9024772644043,15.11917781829834,29.740463256835938,17.999719619750977,10.965475082397461,24.215923309326172,40.590084075927734,34.86683654785156,45.677955627441406,22.15693473815918,68.03327178955078,44.633670806884766,114.42542266845703,18.09256362915039,24.500389099121094,14.421494483947754,46.69837951660156,34.42051315307617,55.44026565551758,47.29735565185547,35.227760314941406,14.582990646362305,21.77614974975586,162.50267028808594,27.712934494018555,46.965538024902344,4.250739097595215,26.197317123413086,10.657859802246094,28.16028594970703,38.743587493896484,44.03961181640625,35.86295700073242,6.88009786605835,22.908761978149414,16.487667083740234,24.84678077697754,39.42798614501953
2007-05-03,22.024356842041016,3.014019250869751,37.307743072509766,42.2140007019043,32.763797760009766,36.77085494995117,38.810142517089844,25.726186752319336,15.019416809082031,39.13930130004883,11.623010635375977,13.133316040039062,54.20832061767578,15.247441291809082,29.675050735473633,18.01923179626465,10.983644485473633,24.40964698791504,40.42180633544922,35.18093490600586,45.65304946899414,21.980985641479492,68.04776763916016,43.8380012512207,114.51741027832031,18.16216278076172,24.352018356323242,14.743087768554688,48.07954406738281,34.40886688232422,55.63070297241211,47.840145111083984,35.37969207763672,14.548019409179688,21.8676700592041,164.03517150878906,27.66250991821289,47.47772216796875,4.26114559173584,26.179683685302734,10.636377334594727,28.391511917114258,38.82574462890625,44.70616149902344,35.6175422668457,6.945803165435791,22.608478546142578,16.36374282836914,25.182451248168945,39.75669860839844
2007-05-04,21.732778549194336,3.0263278484344482,37.40053176879883,42.14598846435547,32.72028732299805,37.013999938964844,38.68332290649414,25.910844802856445,15.104583740234375,39.2032585144043,11.713848114013672,13.22996997833252,54.29268264770508,15.255451202392578,29.681005477905273,18.15584373474121,10.963199615478516,24.309659957885742,40.489131927490234,35.25632095336914,45.49125289916992,22.2058162689209,67.87376403808594,43.721378326416016,113.93470764160156,18.4437198638916,24.23737144470215,15.084786415100098,48.841453552246094,34.64161682128906,55.76919174194336,47.78736114501953,35.3866081237793,14.532286643981934,21.916481018066406,168.3144989013672,28.11066246032715,48.19589614868164,4.276754379272461,26.397113800048828,10.568355560302734,28.47264289855957,38.935272216796875,44.73040008544922,35.687652587890625,6.904987335205078,22.55844497680664,16.3747501373291,25.108613967895508,39.80915069580078
2007-05-07,21.839452743530273,3.1196916103363037,37.2729377746582,42.29248046875,32.782440185546875,36.87759017944336,38.819915771484375,25.965734481811523,15.218125343322754,39.23814392089844,11.843615531921387,13.266217231750488,54.39814376831055,15.271489143371582,29.431283950805664,18.090789794921875,11.040424346923828,24.272151947021484,40.83531951904297,34.76003646850586,45.22365188598633,21.967947006225586,68.56256103515625,43.735084533691406,114.21075439453125,18.649351119995117,24.358762741088867,15.130006790161133,48.99018859863281,34.746341705322266,56.59442901611328,47.69690704345703,35.51089096069336,14.504314422607422,22.008007049560547,168.22561645507812,28.004226684570312,47.867435455322266,4.245536804199219,26.4735050201416,10.604159355163574,28.533491134643555,38.765506744384766,45.396942138671875,35.82789993286133,6.887067794799805,22.65227508544922,16.44635581970215,25.444284439086914,40.29172897338867
2007-05-08,21.86789894104004,3.153914213180542,36.9481086730957,42.58026885986328,32.60836410522461,36.62256622314453,39.04917907714844,26.07053565979004,15.064837455749512,39.0462532043457,11.830641746520996,13.380995750427246,54.678707122802734,15.191327095031738,29.324251174926758,18.448570251464844,10.924591064453125,24.14093017578125,40.76320266723633,35.049015045166016,45.69660186767578,21.994020462036133,68.30877685546875,42.98057174682617,113.72000122070312,18.61455535888672,24.95896339416504,15.180261611938477,49.63372039794922,34.810340881347656,56.68098068237305,47.69690704345703,35.497108459472656,14.479837417602539,21.849376678466797,166.5449981689453,27.864177703857422,47.6837158203125,4.354795932769775,26.43236541748047,10.49317741394043,28.49697494506836,38.79836654663086,45.37874984741211,35.65758514404297,6.835301876068115,22.126792907714844,16.44911003112793,25.29222869873047,40.4386100769043
2007-05-09,21.889236450195312,3.208549976348877,37.1859130859375,42.601192474365234,33.07465744018555,36.776771545410156,38.90283203125,25.975727081298828,15.076190948486328,39.057884216308594,11.874360084533691,13.574312210083008,55.2557258605957,15.095123291015625,29.633440017700195,17.245115280151367,10.885982513427734,24.484634399414062,41.04206848144531,35.68980407714844,46.51805877685547,22.10479736328125,68.46892547607422,43.28237533569336,114.27205657958984,18.563940048217773,25.640079498291016,15.200355529785156,49.04786682128906,34.7637825012207,56.992591857910156,47.704437255859375,35.531620025634766,14.523550033569336,22.032398223876953,167.744384765625,28.2955322265625,47.906402587890625,4.3443922996521,26.532276153564453,10.410839080810547,28.440185546875,38.83122634887695,45.73624801635742,35.777801513671875,6.826338291168213,22.35825538635254,16.473892211914062,25.55240821838379,41.59260177612305
2007-05-10,21.74700164794922,3.2223591804504395,36.252071380615234,41.7183723449707,32.32861328125,36.4683723449707,38.141845703125,25.491649627685547,14.897361755371094,38.581077575683594,11.716974258422852,13.417242050170898,55.41452407836914,14.8225679397583,29.728565216064453,17.102006912231445,10.845098495483398,24.24090576171875,40.70069885253906,35.72121047973633,45.93309020996094,21.870201110839844,67.53734588623047,39.324546813964844,112.79998779296875,18.136852264404297,25.269182205200195,15.014435768127441,49.090362548828125,34.158687591552734,56.9002799987793,47.30489730834961,34.93080520629883,14.166882514953613,21.599201202392578,165.17535400390625,27.830562591552734,46.976654052734375,4.2871599197387695,26.132667541503906,10.328495025634766,28.022361755371094,38.24519348144531,45.130313873291016,35.497318267822266,6.7735772132873535,22.20811653137207,16.44635581970215,25.119892120361328,41.155460357666016
2007-05-11,21.967458724975586,3.2643871307373047,36.1186637878418,42.68527603149414,32.4218635559082,36.56327819824219,39.04429626464844,25.950773239135742,14.95697021484375,38.84275436401367,11.82189655303955,13.459529876708984,56.10270690917969,15.215370178222656,30.115053176879883,17.323177337646484,10.851913452148438,24.28466033935547,41.133426666259766,36.30548095703125,46.59896469116211,21.818063735961914,67.9740219116211,38.618038177490234,113.38265991210938,18.29820442199707,25.161283493041992,15.195329666137695,49.63069152832031,34.24367141723633,57.038795471191406,47.47074890136719,35.18633270263672,14.360944747924805,21.672422409057617,168.43289184570312,28.21150016784668,47.40534210205078,4.354795932769775,25.938749313354492,10.3554105758667,28.47264289855957,39.03387451171875,45.36663818359375,35.697662353515625,6.82833194732666,22.439584732055664,16.42983055114746,25.221263885498047,41.96328353881836
2007-05-14,22.024356842041016,3.282999277114868,36.31588363647461,42.69578170776367,32.22291946411133,36.60478973388672,39.449180603027344,25.990692138671875,14.931424140930176,38.8369255065918,11.904969215393066,13.362875938415527,55.88570022583008,15.183304786682129,30.1031494140625,17.102006912231445,10.865541458129883,24.378395080566406,40.7872314453125,36.87715148925781,47.4826545715332,21.573686599731445,68.09046936035156,38.460262298583984,112.2479248046875,18.33300018310547,25.188251495361328,15.119962692260742,49.8978157043457,34.70081329345703,57.24651336669922,47.05611801147461,35.06892395019531,14.284021377563477,21.538185119628906,167.4556884765625,27.67371368408203,47.26618576049805,4.531695365905762,25.99163246154785,10.448737144470215,28.68763542175293,38.71072769165039,45.92408752441406,35.40717697143555,6.8522257804870605,22.35825538635254,16.50969886779785,25.170583724975586,41.83388900756836
2007-05-15,22.04574966430664,3.2277629375457764,35.857643127441406,42.63270950317383,32.34725570678711,36.8123664855957,39.380882263183594,26.260181427001953,14.891671180725098,39.22068786621094,11.848132133483887,13.296422004699707,55.49394607543945,15.10313892364502,30.483673095703125,16.99791717529297,10.815571784973145,23.93470001220703,41.431522369384766,36.44367980957031,47.30217742919922,21.616039276123047,68.65814208984375,37.0472526550293,112.37069702148438,18.563940048217773,25.33661651611328,15.190314292907715,49.70353698730469,34.71839141845703,57.425411224365234,47.50844192504883,35.17940902709961,14.308503150939941,21.605302810668945,166.12298583984375,27.43842887878418,46.47559356689453,4.635750770568848,26.132667541503906,10.459503173828125,28.68763542175293,38.6011962890625,45.972564697265625,35.206790924072266,6.909965515136719,22.65636444091797,16.619848251342773,25.234790802001953,42.194053649902344
2007-05-16,22.167037963867188,3.2223591804504395,36.57108688354492,42.800872802734375,32.9378776550293,37.5537109375,39.66586685180664,26.29511833190918,14.97115707397461,39.91267395019531,11.94431209564209,13.399118423461914,56.04448699951172,15.223387718200684,30.899866104125977,17.225605010986328,10.765375137329102,23.978443145751953,41.58626174926758,36.68344497680664,47.264854431152344,22.00052833557129,69.38589477539062,37.266761779785156,112.95332336425781,18.69365692138672,25.707530975341797,15.1149320602417,50.00709915161133,34.6422004699707,57.500431060791016,48.23215103149414,35.3037223815918,14.684391021728516,22.099519729614258,168.1441650390625,27.7241268157959,46.809654235839844,4.557708740234375,26.655118942260742,10.570777893066406,29.146005630493164,39.07222366333008,46.55426788330078,35.86295700073242,6.967703819274902,23.026641845703125,16.727252960205078,25.346296310424805,41.403743743896484
2007-05-17,22.102832794189453,3.2854018211364746,36.391292572021484,42.98478698730469,32.6767578125,37.5833740234375,40.0245361328125,26.18033790588379,14.81787395477295,39.825439453125,11.961800575256348,13.429330825805664,55.74802017211914,15.271489143371582,31.07231330871582,17.095500946044922,10.74940299987793,23.93470001220703,41.905364990234375,36.733924865722656,46.57406997680664,21.964693069458008,70.44116973876953,36.82088851928711,112.03324127197266,18.6335391998291,25.667062759399414,15.180261611938477,50.289390563964844,34.589439392089844,56.813724517822266,47.915531158447266,35.31063461303711,14.499068260192871,22.11172866821289,168.3440704345703,27.382394790649414,46.859745025634766,4.557708740234375,26.690444946289062,10.552828788757324,29.884450912475586,38.64799118041992,46.505802154541016,35.93809509277344,6.938835144042969,22.995271682739258,16.6060791015625,25.511859893798828,41.10651397705078
2007-05-18,21.995819091796875,3.30281400680542,36.78569412231445,43.75200653076172,32.66433334350586,37.648597717285156,40.70750045776367,26.5745792388916,14.939935684204102,40.40110778808594,11.996776580810547,13.713255882263184,57.1667594909668,15.431817054748535,31.113908767700195,17.049962997436523,10.785908699035645,24.297157287597656,42.01655960083008,37.036773681640625,46.53050994873047,21.928850173950195,70.32470703125,37.06783676147461,113.35197448730469,18.80120849609375,25.936813354492188,15.300857543945312,50.59294509887695,34.79457092285156,56.64634704589844,48.21706008911133,35.41422653198242,14.514805793762207,22.2215518951416,170.53558349609375,27.80816078186035,47.349674224853516,4.5212883949279785,26.925905227661133,10.621027946472168,30.537214279174805,38.592891693115234,46.657283782958984,36.01823806762695,6.963720321655273,23.158445358276367,16.79059410095215,26.292423248291016,40.742828369140625
2007-05-21,22.152774810791016,3.3616533279418945,36.84370803833008,43.9254264831543,32.6767578125,37.5240478515625,40.69769287109375,26.844070434570312,14.735551834106445,40.139427185058594,11.988031387329102,13.670969009399414,56.663848876953125,15.487940788269043,31.0782413482666,17.173568725585938,10.637595176696777,24.14093017578125,42.09394454956055,36.78439712524414,46.580291748046875,21.84086799621582,70.52120971679688,37.16386413574219,113.78138732910156,18.548126220703125,25.49173355102539,15.230509757995605,49.645870208740234,34.94109344482422,57.00990295410156,48.45075988769531,35.37969207763672,14.458853721618652,22.154436111450195,169.71371459960938,27.735336303710938,47.661434173583984,4.568113803863525,26.560922622680664,10.595901489257812,30.949281692504883,38.736148834228516,46.57244873046875,35.792842864990234,7.053318023681641,23.095678329467773,16.757539749145508,26.346494674682617,41.547122955322266
2007-05-22,21.895933151245117,3.4084837436676025,36.878501892089844,43.494503021240234,32.508914947509766,37.36393356323242,40.3782844543457,27.023733139038086,14.613489151000977,39.93010330200195,11.96617317199707,13.888448715209961,56.48386764526367,15.528020858764648,31.214996337890625,17.154056549072266,10.619342803955078,24.078428268432617,42.442054748535156,35.95154571533203,46.99103927612305,21.814804077148438,70.21556854248047,37.012935638427734,114.51741027832031,18.25074577331543,25.343351364135742,15.185286521911621,49.648902893066406,34.888336181640625,54.372650146484375,48.45075988769531,35.5661735534668,14.637188911437988,21.965295791625977,170.80950927734375,27.58967399597168,47.672550201416016,4.516085147857666,26.354894638061523,10.599489212036133,30.945199966430664,38.62044906616211,45.94832992553711,35.532379150390625,7.135949611663818,22.894855499267578,16.77132225036621,26.316082000732422,41.193931579589844
2007-05-23,21.81744956970215,3.3889706134796143,37.01191329956055,43.610130310058594,32.322391510009766,37.4232177734375,39.99504470825195,27.12354278564453,14.570908546447754,39.941741943359375,11.953058242797852,13.695137023925781,55.89094161987305,15.3596773147583,30.662052154541016,16.893840789794922,10.571425437927246,24.234661102294922,42.51941680908203,35.67393112182617,47.314632415771484,21.775705337524414,69.55329132080078,37.54798889160156,115.3148193359375,18.09889030456543,25.694040298461914,15.074736595153809,49.42732238769531,34.812156677246094,54.45343780517578,48.239681243896484,35.462562561035156,14.436128616333008,22.020198822021484,169.20281982421875,28.093852996826172,47.73939895629883,4.557708740234375,26.30780029296875,10.595901489257812,31.296051025390625,38.5543327331543,45.83317184448242,35.487308502197266,7.107077121734619,22.55594825744629,16.567527770996094,26.140369415283203,40.4386100769043
2007-05-24,21.52493667602539,3.322925329208374,37.06153869628906,43.23702621459961,32.07370376586914,37.286808013916016,39.292423248291016,26.824115753173828,14.54535961151123,39.80216979980469,11.92682933807373,13.27225399017334,55.028106689453125,15.030988693237305,30.299365997314453,16.523052215576172,10.644442558288574,24.340898513793945,42.137447357177734,35.326900482177734,46.941246032714844,21.64862632751465,70.89967346191406,37.431365966796875,114.64006805419922,17.861618041992188,25.822174072265625,15.089810371398926,49.491058349609375,34.68909454345703,55.52103805541992,48.26230239868164,35.25538635253906,14.39416790008545,21.989704132080078,167.08543395996094,27.494455337524414,47.02119827270508,4.417230606079102,26.24893569946289,10.509756088256836,30.675941467285156,38.923465728759766,45.71144104003906,35.37208557128906,7.015489101409912,22.00993537902832,16.570280075073242,25.870046615600586,39.52939224243164
2007-05-25,21.746105194091797,3.4108850955963135,36.8922233581543,43.88337707519531,32.10481643676758,37.34018325805664,39.86238479614258,26.799165725708008,14.729869842529297,40.017337799072266,12.036126136779785,13.387040138244629,55.6792106628418,15.423800468444824,30.263675689697266,16.601110458374023,10.703765869140625,23.98470115661621,42.23414993286133,35.91999435424805,47.1154899597168,21.69098663330078,71.50370788574219,37.41766357421875,115.1921157836914,17.833145141601562,26.354936599731445,15.099858283996582,50.113338470458984,34.7887077331543,55.98272705078125,47.968292236328125,35.35898208618164,14.29101848602295,22.04460906982422,166.97442626953125,27.44402503967285,46.909854888916016,4.396419048309326,26.543277740478516,10.606672286987305,31.177766799926758,39.16034698486328,45.69314956665039,35.56744384765625,7.046352386474609,22.166826248168945,16.56477165222168,26.05589485168457,40.01896286010742
2007-05-29,21.96727752685547,3.43280029296875,36.81049728393555,43.41569519042969,32.216705322265625,37.749420166015625,39.65603256225586,26.649452209472656,14.8121976852417,39.81962966918945,12.04924488067627,13.471617698669434,56.06566619873047,15.479921340942383,30.091264724731445,16.848304748535156,10.710614204406738,24.153423309326172,42.214813232421875,36.18497848510742,47.140380859375,21.775705337524414,71.68568420410156,37.45881652832031,114.70149230957031,17.92173194885254,26.21331787109375,15.124982833862305,51.300228118896484,34.84732437133789,56.72715759277344,48.50353240966797,35.35207748413086,14.329476356506348,22.05681037902832,169.12889099121094,27.539262771606445,47.4832878112793,4.370406150817871,26.70809555053711,10.761013984680176,30.741207122802734,39.303619384765625,45.796669006347656,35.462257385253906,7.1021013259887695,22.097803115844727,16.66666603088379,25.815980911254883,40.33717346191406
2007-05-30,22.19557762145996,3.5654895305633545,36.90974044799805,44.1408805847168,32.36591339111328,37.86802673339844,40.41270446777344,26.305084228515625,15.059158325195312,39.87195587158203,11.983660697937012,13.338711738586426,56.605613708496094,15.56810188293457,29.865304946899414,17.167062759399414,10.751687049865723,24.184669494628906,42.51457977294922,36.424766540527344,48.83930587768555,21.80503273010254,73.17761993408203,37.90467834472656,115.71349334716797,17.66547966003418,26.21331787109375,15.135039329528809,50.83274841308594,34.71839141845703,56.88352966308594,49.0010871887207,35.477760314941406,14.381928443908691,22.10562515258789,171.76458740234375,28.317935943603516,47.778358459472656,4.422433376312256,26.6374568939209,10.789725303649902,31.536785125732422,39.4247932434082,46.13155746459961,35.65758514404297,7.117032527923584,22.34883689880371,16.622610092163086,26.02210235595703,41.767425537109375
2007-05-31,21.895933151245117,3.6381378173828125,36.938941955566406,43.7047119140625,32.22291946411133,37.69010543823242,40.039302825927734,26.175331115722656,15.042130470275879,39.732418060302734,12.01863956451416,13.399118423461914,56.430908203125,15.536031723022461,30.055601119995117,17.511825561523438,10.861205101013184,24.29090690612793,42.529083251953125,36.53831481933594,48.90153884887695,21.818063735961914,73.20668029785156,38.72092056274414,115.25348663330078,17.826824188232422,25.99077606201172,15.230509757995605,50.88435745239258,34.35501480102539,56.814002990722656,48.98600387573242,35.40790939331055,14.471094131469727,22.020198822021484,170.8909912109375,28.766090393066406,47.34410095214844,4.339187145233154,26.56682777404785,10.883056640625,31.58982276916504,39.65069580078125,46.04023742675781,35.54240036010742,7.0782084465026855,21.99110984802246,16.864948272705078,25.745018005371094,42.12761688232422
2007-06-01,21.824586868286133,3.554381847381592,37.02067184448242,44.256473541259766,32.266441345214844,37.648597717285156,40.402862548828125,26.020631790161133,14.988186836242676,39.947547912597656,12.101703643798828,13.50786018371582,56.399147033691406,15.760497093200684,30.293411254882812,17.47279930114746,11.2878999710083,24.503381729125977,42.7563362121582,37.09986877441406,48.627723693847656,21.964693069458008,72.65360260009766,39.05704116821289,114.85476684570312,17.811004638671875,25.99751091003418,15.315930366516113,51.14845275878906,34.542572021484375,56.425987243652344,49.05384826660156,35.45680618286133,14.511311531066895,22.2093505859375,170.80950927734375,29.113420486450195,47.91752243041992,4.3443922996521,26.56682777404785,11.27430248260498,32.17322540283203,39.86555099487305,46.393402099609375,35.89802169799805,7.149885177612305,21.70868682861328,16.892484664916992,25.805845260620117,41.87931823730469
2007-06-04,21.91733169555664,3.6423401832580566,37.131591796875,44.256473541259766,32.061279296875,37.47660827636719,40.84507369995117,25.825998306274414,14.951287269592285,39.72077178955078,12.031755447387695,13.387040138244629,56.235069274902344,15.768509864807129,30.382598876953125,17.570377349853516,11.684927940368652,24.872081756591797,42.58226776123047,36.986305236816406,48.72105026245117,21.919063568115234,72.76276397705078,39.036468505859375,115.95890045166016,17.59588623046875,25.754741668701172,15.295835494995117,51.01185607910156,34.671512603759766,56.29279708862305,49.01616668701172,35.505680084228516,14.647684097290039,22.087322235107422,170.0691375732422,29.034984588623047,47.79505920410156,4.302768707275391,26.62567901611328,10.872289657592773,32.39761734008789,39.815956115722656,46.661312103271484,36.033260345458984,7.147896766662598,21.633377075195312,16.92829132080078,25.751779556274414,42.036685943603516
2007-06-05,21.81744956970215,3.682567596435547,36.96228790283203,44.277488708496094,31.84367561340332,37.63673782348633,40.64854049682617,25.671297073364258,14.851932525634766,39.319557189941406,11.92682933807373,13.266217231750488,56.028594970703125,15.61620044708252,30.23394203186035,17.693981170654297,11.527487754821777,24.4227294921875,42.28732681274414,36.70866394042969,48.94508743286133,21.79850959777832,72.41342163085938,39.51661682128906,114.70149230957031,17.554752349853516,25.49173355102539,15.285783767700195,51.05130386352539,34.57773208618164,55.71364974975586,48.84278106689453,35.373023986816406,14.56201171875,21.91037940979004,169.80996704101562,28.945358276367188,47.6837158203125,4.323578834533691,26.466747283935547,10.739480018615723,32.348655700683594,39.512962341308594,46.65525436401367,36.053306579589844,7.0363945960998535,21.64592742919922,16.358226776123047,25.799089431762695,42.27799987792969
2007-06-06,21.610551834106445,3.7116870880126953,36.72291946411133,43.94118118286133,31.4333553314209,37.47660827636719,40.18669128417969,25.520475387573242,14.76109790802002,39.21137619018555,11.712594032287598,12.982281684875488,54.21286392211914,15.511981964111328,30.10909652709961,17.303665161132812,11.579968452453613,24.070772171020508,41.88119888305664,36.17869186401367,48.963768005371094,21.638866424560547,71.53284454345703,39.297119140625,114.36405944824219,17.31749153137207,25.120820999145508,15.160157203674316,50.75989532470703,34.16164016723633,55.97427749633789,48.05122375488281,35.14259719848633,14.233318328857422,21.71513557434082,168.32188415527344,28.75490379333496,47.85627746582031,4.297564506530762,26.072330474853516,10.732301712036133,31.985544204711914,39.45786666870117,46.45427703857422,35.52851867675781,7.049336910247803,21.401145935058594,16.371997833251953,25.60309600830078,41.11349868774414
2007-06-07,21.132539749145508,3.7245943546295166,36.19746398925781,43.068878173828125,30.97330093383789,36.960628509521484,39.40544891357422,25.309316635131836,14.585102081298828,38.79621887207031,11.493999481201172,12.873547554016113,53.88994598388672,15.014954566955566,29.853435516357422,16.815778732299805,11.354073524475098,23.66854476928711,41.03989028930664,35.585601806640625,48.111209869384766,21.573686599731445,70.47756958007812,38.851280212402344,112.7386245727539,17.07705307006836,25.33661651611328,14.65766716003418,49.83103561401367,33.36458206176758,55.163455963134766,47.29735565185547,34.76554489135742,13.73853874206543,21.391748428344727,162.91726684570312,27.976211547851562,47.17152404785156,4.193508148193359,25.872182846069336,10.595901489257812,31.520450592041016,39.25402069091797,45.808841705322266,35.15006637573242,6.9239044189453125,21.15011978149414,16.190235137939453,24.934049606323242,39.93153762817383
2007-06-08,21.439315795898438,3.737203359603882,36.273372650146484,43.44723892211914,31.340110778808594,37.405426025390625,39.646209716796875,25.208759307861328,14.66741943359375,38.948272705078125,11.594552993774414,13.187682151794434,54.56222915649414,15.279501914978027,30.56691551208496,17.225605010986328,11.427083969116211,23.850805282592773,41.552391052246094,36.20391845703125,48.86420440673828,21.73008918762207,71.46005249023438,39.35199737548828,114.45610809326172,17.17511558532715,25.532184600830078,14.707911491394043,50.00409698486328,33.41733169555664,56.113277435302734,47.52351379394531,35.093711853027344,13.811967849731445,21.562597274780273,166.62640380859375,28.1386775970459,48.490943908691406,4.2871599197387695,26.08411407470703,10.606672286987305,31.532695770263672,39.84352493286133,46.30815124511719,35.452816009521484,6.998565673828125,21.677303314208984,16.30315399169922,25.079343795776367,40.57498550415039
2007-06-11,21.417917251586914,3.6081173419952393,36.3551139831543,43.646907806396484,31.352542877197266,37.393585205078125,39.975406646728516,25.666275024414062,14.656064987182617,38.61494827270508,11.528972625732422,13.248092651367188,54.64165115356445,15.399754524230957,30.47178077697754,17.121519088745117,11.365479469299316,23.699970245361328,41.24296569824219,35.97679138183594,49.00735092163086,21.902782440185547,70.99427795410156,39.37941360473633,114.88546752929688,17.10236358642578,25.255704879760742,14.66269588470459,49.89480209350586,33.5872917175293,55.742591857910156,47.53858947753906,34.947086334228516,13.850431442260742,21.648014068603516,168.1811981201172,28.51399803161621,49.29264831542969,4.370406150817871,26.225391387939453,10.732301712036133,31.769311904907227,39.93165969848633,46.23506546020508,35.30143356323242,6.990602970123291,21.576894760131836,16.39402961730957,25.075969696044922,40.75680923461914
2007-06-12,21.296627044677734,3.6138226985931396,36.09822463989258,43.08987808227539,30.681100845336914,36.86573028564453,39.58233642578125,25.248966217041016,14.516965866088867,38.60912322998047,11.415305137634277,13.411211013793945,54.175785064697266,15.10313892364502,30.60854721069336,16.952388763427734,11.16011905670166,23.480009078979492,41.11724090576172,35.73701858520508,48.59037399291992,21.990751266479492,70.21556854248047,39.41374206542969,113.62806701660156,16.87457847595215,25.053386688232422,14.416474342346191,49.55778884887695,33.276676177978516,55.163455963134766,46.82996368408203,34.67478561401367,13.797983169555664,21.46497344970703,168.6920623779297,27.97062110900879,48.26828384399414,4.328782081604004,25.601404190063477,10.552828788757324,31.46332550048828,39.25402069091797,46.00368881225586,35.039058685302734,6.982637882232666,21.51413345336914,16.2866268157959,24.650203704833984,40.79179382324219
2007-06-13,21.681903839111328,3.5273640155792236,36.30255889892578,43.79928970336914,31.265501022338867,36.99027633666992,39.87220764160156,25.475223541259766,14.677001953125,38.819602966308594,11.52022933959961,13.695137023925781,54.58871841430664,15.471905708312988,31.030675888061523,17.258129119873047,11.2947416305542,23.712543487548828,42.156776428222656,36.31119155883789,49.741661071777344,21.980985641479492,71.663818359375,39.88016128540039,115.4375,17.143491744995117,25.221975326538086,14.944093704223633,49.02950668334961,33.37044143676758,55.331398010253906,47.6064453125,35.163543701171875,14.046247482299805,21.928688049316406,172.9788055419922,28.8053035736084,49.64338302612305,4.453651428222656,26.172407150268555,10.782552719116211,31.720365524291992,39.744346618652344,46.60043716430664,35.50832748413086,7.064079284667969,21.683582305908203,16.39678955078125,25.08272361755371,42.07517623901367
2007-06-14,21.774642944335938,3.5648884773254395,36.460201263427734,44.54548645019531,31.284143447875977,37.01994323730469,40.45200729370117,25.253995895385742,14.662712097167969,39.11199188232422,11.53771686553955,14.033435821533203,54.97514724731445,15.744460105895996,31.06635284423828,17.453285217285156,11.24454116821289,23.750255584716797,42.26799011230469,36.746543884277344,50.23952865600586,21.7822208404541,72.0277099609375,39.94190216064453,115.92819213867188,17.143491744995117,25.127561569213867,14.989309310913086,49.102378845214844,33.62830352783203,56.2985725402832,47.598907470703125,34.96803665161133,14.098698616027832,21.898183822631836,167.1372528076172,29.208650588989258,49.71576690673828,4.505679130554199,25.813312530517578,10.922537803649902,32.320091247558594,40.74153137207031,46.977962493896484,35.38721466064453,7.085189342498779,21.633377075195312,16.344465255737305,25.180721282958984,42.21503829956055
2007-06-15,21.75324249267578,3.6174237728118896,36.64702224731445,45.16030502319336,31.4333553314209,37.108909606933594,40.86473083496094,25.505382537841797,14.739870071411133,38.98919677734375,11.572693824768066,14.643585205078125,55.63155746459961,15.92082691192627,31.01879119873047,17.81757926940918,11.258234977722168,23.850805282592773,42.388885498046875,37.1440544128418,50.475990295410156,21.710529327392578,71.43092346191406,40.49062728881836,116.90960693359375,17.311159133911133,25.377086639404297,15.456624031066895,49.60333251953125,33.827552795410156,55.916324615478516,48.073829650878906,34.96803665161133,14.131919860839844,21.946989059448242,167.4630584716797,29.93130111694336,49.25925827026367,4.640955448150635,26.343120574951172,11.001502990722656,32.850460052490234,40.796634674072266,47.130210876464844,35.0087776184082,7.105295658111572,21.696134567260742,16.413305282592773,25.336162567138672,42.575225830078125
2007-06-18,21.76751136779785,3.755215644836426,36.39013671875,45.38100814819336,31.352542877197266,36.634422302246094,40.972816467285156,25.455106735229492,14.79131031036377,38.936580657958984,11.480884552001953,14.60129451751709,55.75863265991211,15.864716529846191,31.155532836914062,17.700483322143555,11.205755233764648,23.857097625732422,42.36469268798828,36.47522735595703,50.936500549316406,21.629077911376953,70.8851089477539,40.20255661010742,116.75624084472656,17.25421714782715,25.18150520324707,15.230509757995605,49.74906921386719,33.64589309692383,55.20402145385742,47.598907470703125,34.849334716796875,14.075968742370605,22.05071258544922,168.04055786132812,29.908899307250977,49.270362854003906,4.6045355796813965,26.06055450439453,10.872289657592773,32.919822692871094,40.394432067871094,46.66741943359375,34.953285217285156,7.0540242195129395,21.809106826782227,16.501434326171875,25.278709411621094,42.66963195800781
2007-06-19,21.73183250427246,3.7122890949249268,36.44267272949219,45.10775375366211,31.613649368286133,36.664093017578125,40.92368698120117,25.29924201965332,14.685572624206543,38.47462463378906,11.45902156829834,14.55902099609375,56.377994537353516,15.936853408813477,31.203100204467773,17.75902557373047,11.13730239868164,24.051916122436523,42.461395263671875,36.513092041015625,51.33476638793945,21.414031982421875,70.53581237792969,39.873287200927734,120.4978256225586,17.298507690429688,25.302898406982422,15.868670463562012,50.36841583251953,33.84516143798828,56.06111145019531,47.6064453125,35.29621887207031,14.126667976379395,22.197147369384766,169.8914031982422,29.897687911987305,48.880653381347656,4.500475883483887,26.019350051879883,10.893826484680176,32.73215866088867,40.218162536621094,46.910972595214844,34.40830993652344,6.989676475524902,21.41998863220215,16.482154846191406,25.278709411621094,42.53324890136719
2007-06-20,21.41077995300293,3.64894437789917,36.22083282470703,43.52080154418945,30.749475479125977,36.735252380371094,39.78376770019531,24.766324996948242,14.714154243469238,38.31089782714844,11.240424156188965,14.462350845336914,56.11330032348633,15.656282424926758,30.51935386657715,17.693981170654297,11.087109565734863,25.15805435180664,42.103607177734375,35.680240631103516,50.6440315246582,21.635597229003906,69.92443084716797,39.578346252441406,119.82313537597656,17.171955108642578,24.979190826416016,15.69279670715332,49.13881301879883,33.27080535888672,55.070796966552734,46.77719497680664,34.89821243286133,13.829450607299805,21.770048141479492,167.240966796875,29.599836349487305,48.61344528198242,4.60973596572876,25.701473236083984,10.839982986450195,31.90395736694336,40.16856384277344,46.953609466552734,34.11062240600586,6.8639960289001465,21.012062072753906,16.264598846435547,25.075969696044922,42.48780059814453
2007-06-21,21.560611724853516,3.7194926738739014,36.26167678833008,44.29850769042969,30.985736846923828,36.69966125488281,40.70750045776367,24.786426544189453,14.885615348815918,38.52140426635742,11.332232475280762,14.673788070678711,56.430908203125,15.776527404785156,30.364770889282227,17.77203941345215,11.041470527648926,25.107763290405273,42.263160705566406,35.572967529296875,50.70004653930664,21.596492767333984,70.73955535888672,39.28339385986328,119.85400390625,17.020111083984375,25.03314208984375,16.089767456054688,49.22988510131836,33.294254302978516,55.070796966552734,47.23704147338867,34.835365295410156,13.873159408569336,21.739543914794922,167.98866271972656,29.762815475463867,48.59673309326172,4.635750770568848,26.401981353759766,10.800500869750977,32.503684997558594,40.42198944091797,47.01450729370117,34.10051727294922,6.895167827606201,21.231704711914062,16.27560806274414,25.211145401000977,43.466941833496094
2007-06-22,21.0397891998291,3.692474842071533,35.456016540527344,43.36314392089844,30.289438247680664,36.1955680847168,40.068763732910156,24.409353256225586,14.751303672790527,37.92498779296875,11.096147537231445,14.31736946105957,55.28749084472656,15.544046401977539,29.978286743164062,17.511825561523438,10.913690567016602,24.736963272094727,41.78932189941406,35.13130569458008,50.34531021118164,21.267396926879883,69.80801391601562,38.384830474853516,118.1241683959961,16.72273063659668,24.648744583129883,15.778219223022461,48.25531005859375,32.70233917236328,54.086238861083984,46.58119583129883,34.17900848388672,13.721054077148438,21.367353439331055,164.65704345703125,29.155881881713867,47.099143981933594,4.750214576721191,26.472623825073242,10.445148468017578,32.124263763427734,40.13551330566406,46.67959213256836,33.64637756347656,6.856960773468018,21.012062072753906,16.0993595123291,24.86309051513672,43.13473892211914
2007-06-25,21.0397891998291,3.6726605892181396,35.6778564453125,43.28431701660156,30.06559944152832,36.22521209716797,40.756649017333984,24.30376434326172,14.794169425964355,37.80221176147461,11.104891777038574,14.184460639953613,55.63688278198242,15.61620044708252,30.501506805419922,17.58338737487793,10.911406517028809,24.62384033203125,41.702274322509766,35.13130569458008,50.22084045410156,21.313018798828125,69.55329132080078,38.316226959228516,118.03150177001953,17.09919548034668,24.486896514892578,15.858616828918457,47.70882034301758,32.51479721069336,54.45110321044922,46.588741302490234,34.109195709228516,13.539223670959473,21.40397071838379,160.46658325195312,28.678173065185547,47.065731048583984,4.698186874389648,26.048789978027344,10.646156311035156,31.83868408203125,40.3779296875,46.76485061645508,33.64637756347656,6.912259578704834,20.735910415649414,16.190235137939453,24.944181442260742,42.93891143798828
2007-06-26,21.06119155883789,3.5919077396392822,35.99312210083008,42.99530029296875,30.214811325073242,36.29043960571289,40.6337890625,24.695940017700195,14.845602989196777,37.80806350708008,11.187956809997559,14.124048233032227,55.75863265991211,15.3596773147583,30.769081115722656,17.66144561767578,10.945634841918945,24.604995727539062,41.62010955810547,35.33952331542969,49.9656867980957,21.06538200378418,69.1239013671875,37.79491424560547,117.44459533691406,17.073888778686523,24.18342399597168,15.923944473266602,47.56309509277344,32.74334716796875,54.549598693847656,46.23441696166992,34.07428741455078,13.567197799682617,21.391748428344727,158.56387329101562,29.04346466064453,46.82635498046875,4.6617655754089355,26.175941467285156,9.928277015686035,30.924814224243164,40.30078125,46.5882568359375,33.85830307006836,7.000732421875,20.5601863861084,16.32793617248535,24.967836380004883,42.1625862121582
2007-06-27,21.31090545654297,3.6591508388519287,35.87636184692383,43.86762619018555,30.612714767456055,36.43278884887695,41.218505859375,25.304269790649414,14.98563003540039,38.106266021728516,11.196699142456055,14.371737480163574,55.811546325683594,15.784549713134766,30.525300979614258,17.73950958251953,11.057441711425781,24.988357543945312,42.12776565551758,35.528812408447266,49.48027801513672,20.99695587158203,68.88374328613281,38.06929397583008,117.56814575195312,17.073888778686523,24.662220001220703,16.104839324951172,48.1004753112793,33.007080078125,54.68277359008789,46.38518524169922,34.34660339355469,13.916866302490234,21.556499481201172,162.38417053222656,29.228931427001953,47.49999237060547,4.828256130218506,25.942825317382812,10.14004898071289,31.520450592041016,40.52666473388672,47.25808334350586,33.70692825317383,7.058045387268066,20.252656936645508,16.371997833251953,25.447677612304688,42.66798782348633
2007-06-28,21.28235626220703,3.619225263595581,35.90555191040039,43.93068313598633,30.438623428344727,36.39128494262695,41.36097717285156,25.379690170288086,15.039929389953613,38.153053283691406,11.2054443359375,14.450264930725098,56.08681106567383,15.912817001342773,30.23394203186035,18.1168155670166,11.000398635864258,24.8375301361084,41.99238586425781,35.572967529296875,49.21891403198242,21.296724319458008,69.25491333007812,37.938968658447266,117.75350952148438,16.994794845581055,24.648744583129883,15.89380168914795,48.054931640625,32.9250373840332,54.092063903808594,46.1514892578125,34.27677536010742,13.843441009521484,21.52597427368164,162.1102294921875,29.588600158691406,47.255008697509766,4.937516689300537,25.62494659423828,10.147231101989746,31.30829620361328,40.559722900390625,47.23979949951172,33.60600280761719,7.0298919677734375,20.302858352661133,16.047042846679688,25.187477111816406,41.89936065673828
2007-06-29,21.0255184173584,3.6636555194854736,35.9755973815918,44.077796936035156,30.1215763092041,36.29043960571289,41.39046096801758,25.03781509399414,14.948480606079102,37.919151306152344,11.179216384887695,14.341529846191406,55.716278076171875,15.800580978393555,30.180437088012695,18.1168155670166,10.977580070495605,24.730674743652344,41.9633903503418,35.50987243652344,48.72728729248047,21.130544662475586,69.98267364501953,37.92524337768555,118.24771118164062,16.941011428833008,24.58131217956543,15.858616828918457,47.56309509277344,32.74922180175781,54.51482391357422,46.12133026123047,34.137123107910156,13.567197799682617,21.4588623046875,160.47402954101562,29.161483764648438,46.69829559326172,4.901098251342773,25.866300582885742,10.096976280212402,32.02635192871094,40.218162536621094,47.4163818359375,33.7523307800293,7.052010536193848,20.767290115356445,16.088346481323242,25.717992782592773,42.376686096191406
2007-07-02,21.21816062927246,3.6402390003204346,36.10988998413086,44.57176971435547,30.556753158569336,36.61664581298828,41.837581634521484,24.922170639038086,15.019923210144043,38.182273864746094,11.24916934967041,14.661706924438477,55.58924102783203,15.968926429748535,30.549097061157227,18.1428279876709,11.027776718139648,24.743257522583008,42.54842758178711,36.014644622802734,50.06526565551758,21.228303909301758,70.4266128540039,37.890960693359375,118.18597412109375,17.18461799621582,24.642019271850586,15.999320030212402,49.065948486328125,33.24738311767578,54.821754455566406,46.58119583129883,34.437381744384766,13.756016731262207,21.66631507873535,162.27305603027344,29.920162200927734,47.83841323852539,5.015560626983643,25.730905532836914,10.323111534118652,32.64240646362305,40.39996337890625,47.77565002441406,34.14591979980469,7.128422737121582,21.470199584960938,16.220535278320312,26.001829147338867,43.345375061035156
2007-07-03,21.417917251586914,3.8176589012145996,36.16828918457031,44.855525970458984,30.91388511657715,36.64630126953125,42.417354583740234,25.052886962890625,15.117080688476562,38.35183334350586,11.28414249420166,14.85501766204834,56.42033386230469,16.08917808532715,30.560964584350586,18.27943992614746,11.059721946716309,24.636415481567383,42.51941680908203,36.09035873413086,48.534358978271484,21.368408203125,71.06706237792969,37.85665512084961,119.54509735107422,17.18461799621582,24.642019271850586,16.105772018432617,48.728939056396484,33.28253173828125,55.29087829589844,47.170631408691406,34.59797286987305,13.65461540222168,21.770048141479492,166.24880981445312,30.088760375976562,49.105979919433594,4.901098251342773,25.813312530517578,10.23696517944336,32.891265869140625,40.32833480834961,47.77565002441406,34.16611099243164,7.137472152709961,21.50157356262207,16.209524154663086,25.859912872314453,42.89963150024414
2007-07-05,21.396514892578125,3.9851698875427246,36.36094665527344,44.750431060791016,30.569290161132812,36.57512664794922,42.5352783203125,25.04786491394043,15.051350593566895,38.53896713256836,11.323487281799316,14.861058235168457,57.19850540161133,16.42586898803711,30.447994232177734,18.455078125,10.973017692565918,25.032360076904297,42.43238067626953,36.8222541809082,48.223209381103516,21.521541595458984,71.58378601074219,37.63030242919922,119.05088806152344,17.15614128112793,24.642019271850586,16.1767520904541,49.257205963134766,33.147735595703125,56.00320816040039,46.38469696044922,34.4722900390625,13.630139350891113,21.550386428833008,163.85752868652344,29.80777931213379,48.918190002441406,4.760619640350342,25.848644256591797,10.08261775970459,32.93206024169922,40.63135528564453,47.653865814208984,34.22160339355469,7.154565334320068,21.476478576660156,16.143421173095703,26.164033889770508,43.190940856933594
2007-07-06,21.382244110107422,3.9716618061065674,36.273372650146484,45.433563232421875,30.68206214904785,36.46243667602539,43.08065414428711,24.86687660217285,15.031360626220703,38.72022247314453,11.332232475280762,14.909395217895508,57.717308044433594,16.35371971130371,30.578807830810547,18.520130157470703,11.041470527648926,25.327739715576172,42.60160827636719,37.276554107666016,49.044673919677734,21.50851058959961,71.96221160888672,37.60285949707031,118.86552429199219,17.083385467529297,24.790363311767578,15.994245529174805,49.43938446044922,33.194618225097656,55.96268081665039,46.48294448852539,34.31868362426758,13.679093360900879,21.556499481201172,165.5751495361328,30.144962310791016,49.01878356933594,4.739808559417725,26.142976760864258,10.132867813110352,33.0626220703125,40.60380554199219,47.763465881347656,34.009674072265625,7.198800563812256,22.053874969482422,16.071338653564453,26.035619735717773,43.41907501220703
2007-07-09,21.31090545654297,3.9125216007232666,36.617820739746094,45.94853973388672,30.569290161132812,36.48616409301758,43.97489547729492,24.84674835205078,15.05992603302002,38.62082290649414,11.31474494934082,15.078540802001953,57.685546875,16.161317825317383,30.40637969970703,18.50711441040039,11.066569328308105,25.283742904663086,42.60160827636719,36.92949676513672,49.6794319152832,21.573686599731445,72.7045669555664,37.41766357421875,119.29804229736328,16.991641998291016,24.7161922454834,15.892864227294922,49.257205963134766,32.842987060546875,56.153812408447266,47.185733795166016,34.081268310546875,13.766511917114258,21.428363800048828,165.3234405517578,30.094388961791992,48.73039245605469,4.724201202392578,26.30780029296875,10.16517448425293,34.29063034057617,40.989479064941406,47.45293045043945,33.85830307006836,7.208858013153076,22.687744140625,16.16006088256836,26.316082000732422,44.15962600708008
2007-07-10,20.925640106201172,3.97316312789917,36.314239501953125,45.45459747314453,29.767303466796875,36.1955680847168,43.72923278808594,24.46465492248535,14.888469696044922,38.51557159423828,11.183585166931152,15.084587097167969,57.50553512573242,15.808595657348633,29.93071937561035,18.416044235229492,10.856644630432129,25.296314239501953,42.171287536621094,36.481536865234375,50.54445266723633,21.43032455444336,72.95928192138672,37.239315032958984,117.07392120361328,16.741718292236328,24.365501403808594,15.679943084716797,48.455684661865234,32.49134826660156,54.543785095214844,45.56855392456055,33.767051696777344,13.937846183776855,21.01345443725586,160.71832275390625,28.683801651000977,47.25492477416992,4.729403972625732,25.942825317382812,10.06826114654541,34.31918716430664,40.791133880615234,46.289894104003906,33.18214416503906,7.081169128417969,22.461809158325195,16.057477951049805,25.92072868347168,43.47873306274414
2007-07-11,21.0397891998291,3.974362373352051,36.69956970214844,45.86972427368164,30.155773162841797,36.5098876953125,44.58906936645508,24.585329055786133,14.885615348815918,38.6558952331543,11.126747131347656,14.84294319152832,57.75431823730469,16.01702117919922,30.15666961669922,18.708776473999023,10.879462242126465,25.440868377685547,42.490394592285156,37.06201934814453,51.1356315612793,21.795263290405273,72.86467742919922,37.81550216674805,118.0006103515625,16.937475204467773,24.399221420288086,16.029743194580078,48.96575927734375,32.67889404296875,54.781227111816406,45.553443908691406,33.87179946899414,13.888898849487305,21.306324005126953,160.4518280029297,28.666940689086914,47.56463623046875,4.630548477172852,25.99580955505371,10.096976280212402,34.9189338684082,40.950897216796875,46.75874328613281,33.333534240722656,7.127418041229248,22.54966926574707,16.065793991088867,26.001829147338867,43.94552993774414
2007-07-12,21.453598022460938,4.024797439575195,36.99147033691406,47.09408950805664,31.032934188842773,37.32240676879883,45.84198760986328,25.525495529174805,15.039929389953613,39.14122009277344,11.3584623336792,15.70681381225586,57.849632263183594,16.433887481689453,30.709611892700195,19.38530731201172,11.141865730285645,25.729963302612305,43.48158264160156,38.134639739990234,52.33049392700195,22.26772117614746,73.34498596191406,38.37796401977539,120.4718017578125,17.1125545501709,24.62851905822754,16.232515335083008,49.56690979003906,33.28253173828125,56.4028434753418,47.858306884765625,34.5839958190918,13.9658203125,21.623615264892578,163.0949249267578,29.684125900268555,48.74281311035156,4.6617655754089355,26.549158096313477,10.420022964477539,36.16325378417969,41.18779373168945,46.97187805175781,33.99453353881836,7.24605655670166,22.813270568847656,16.37076187133789,26.47152328491211,45.04058837890625
2007-07-13,21.275222778320312,4.134670257568359,37.03234100341797,47.46719741821289,31.35874366760254,37.16226577758789,45.85672378540039,25.565715789794922,15.177092552185059,39.08860397338867,11.327858924865723,15.688688278198242,57.489688873291016,16.35371971130371,30.864192962646484,19.44385528564453,11.214883804321289,25.685964584350586,43.621788024902344,37.94533920288086,52.97769546508789,22.303564071655273,74.1455307006836,39.050174713134766,122.01637268066406,16.947025299072266,24.520605087280273,16.252798080444336,49.08416748046875,33.358707427978516,56.37385559082031,47.4804573059082,34.56305694580078,13.972814559936523,21.68462371826172,164.4941864013672,29.95950698852539,49.321800231933594,4.66696834564209,26.60801887512207,10.34105396270752,36.787471771240234,41.402652740478516,46.58219528198242,33.82297897338867,7.208858013153076,22.97016143798828,16.40956687927246,26.63033103942871,46.0057487487793
2007-07-16,21.425050735473633,4.145779132843018,37.24836730957031,47.13612365722656,31.22088050842285,37.452877044677734,45.26222610473633,25.5556640625,15.38856029510498,39.17045593261719,11.402185440063477,15.676605224609375,58.05081558227539,16.193389892578125,30.97715187072754,19.44385528564453,11.166966438293457,25.50370979309082,43.93609619140625,38.235595703125,53.45689010620117,22.218843460083008,74.2838363647461,38.43284225463867,123.93155670166016,17.04888343811035,24.40597152709961,16.27307891845703,49.102378845214844,33.341148376464844,56.06111145019531,46.762550354003906,34.64683532714844,13.853923797607422,21.629714965820312,163.17633056640625,30.313562393188477,48.67548370361328,4.60973596572876,26.466747283935547,10.47027587890625,35.547203063964844,41.612003326416016,46.886634826660156,34.019771575927734,7.169644832611084,22.894855499267578,16.2681827545166,26.596546173095703,46.18827819824219
2007-07-17,21.960140228271484,4.170093536376953,36.62950134277344,46.81558609008789,31.277284622192383,37.17412185668945,44.76103591918945,25.274110794067383,15.194244384765625,38.825477600097656,11.349723815917969,15.906172752380371,58.63838577270508,16.33768081665039,31.012849807739258,19.339773178100586,11.032341957092285,25.233476638793945,44.03761672973633,38.38700866699219,53.8116340637207,22.17974281311035,74.26925659179688,38.13103103637695,125.75413513183594,16.994775772094727,24.32504653930664,16.293352127075195,48.93843460083008,33.05397033691406,57.08042526245117,48.92384719848633,34.772525787353516,13.717561721801758,21.71513557434082,162.43594360351562,31.02728843688965,49.0457878112793,4.542097568511963,26.21360206604004,10.37695026397705,35.078033447265625,41.606502532958984,47.318939208984375,33.69179153442383,7.166628360748291,22.631261825561523,16.173919677734375,27.231801986694336,45.94258117675781
2007-07-18,22.060033798217773,4.1463775634765625,36.314239501953125,47.898094177246094,30.62567710876465,37.329200744628906,45.73390579223633,25.108192443847656,15.268548011779785,38.667598724365234,10.986847877502441,15.138954162597656,58.802513122558594,16.361736297607422,31.03662872314453,19.151123046875,10.961607933044434,25.164329528808594,44.23102569580078,38.197723388671875,53.88658905029297,22.075469970703125,74.10189056396484,38.275089263916016,124.9509048461914,17.09344482421875,24.34526824951172,16.24772834777832,49.1843376159668,32.84885025024414,57.039878845214844,49.15812683105469,34.465293884277344,13.756016731262207,21.593097686767578,159.17092895507812,30.296701431274414,47.699302673339844,4.490070343017578,26.372568130493164,10.445148468017578,35.657371520996094,41.43021011352539,47.17282485961914,33.70692825317383,7.068098068237305,22.599878311157227,16.2764949798584,27.174365997314453,45.87239074707031
2007-07-19,22.48096466064453,4.202816486358643,36.4251594543457,48.497135162353516,30.46277618408203,37.448486328125,45.69461441040039,24.806541442871094,15.345699310302734,38.281673431396484,10.925634384155273,15.25977611541748,61.332916259765625,16.51404571533203,31.31606674194336,19.476381301879883,11.132737159729004,24.95064926147461,44.08113479614258,38.4753532409668,54.355289459228516,22.4390869140625,74.58221435546875,38.11730194091797,125.75413513183594,17.290802001953125,24.108850479125977,16.237586975097656,48.747161865234375,33.04224395751953,57.323673248291016,49.53596878051758,34.4024658203125,14.13366413116455,21.68462371826172,156.72779846191406,30.55521011352539,47.04624557495117,4.490070343017578,26.590364456176758,10.319520950317383,35.64104461669922,41.78279113769531,47.57471466064453,33.94408416748047,7.101276874542236,22.857200622558594,16.31254005432129,27.20139503479004,46.91829299926758
2007-07-20,22.23126220703125,4.315392971038818,36.074859619140625,48.313228607177734,29.798622131347656,37.06678009033203,45.26222610473633,24.64564323425293,15.205677032470703,37.81389617919922,10.886287689208984,14.830859184265137,60.77705001831055,16.52207374572754,30.971208572387695,19.248703002929688,10.966167449951172,24.75580596923828,43.616966247558594,38.46273422241211,51.99310302734375,22.170469284057617,75.5865249633789,38.535736083984375,123.93155670166016,16.829252243041992,24.088581085205078,15.989178657531738,47.699710845947266,32.837135314941406,56.69239807128906,48.750038146972656,33.73215103149414,13.549718856811523,21.184307098388672,152.47068786621094,29.830251693725586,45.49104309082031,4.370406150817871,26.98478126525879,10.172353744506836,35.208580017089844,41.325538635253906,47.31285095214844,33.5858154296875,7.0178303718566895,22.631261825561523,16.2099666595459,27.241960525512695,45.30031204223633
2007-07-23,22.252660751342773,4.313891410827637,36.19746398925781,49.10146713256836,29.5417537689209,37.77650833129883,45.48332595825195,26.309810638427734,15.328551292419434,38.936580657958984,10.943122863769531,14.933560371398926,61.60816955566406,16.658349990844727,31.214996337890625,19.684547424316406,10.977580070495605,24.485572814941406,43.93609619140625,38.77189254760742,51.24319076538086,22.4980525970459,75.717529296875,38.96099853515625,126.09382629394531,17.16347885131836,24.352027893066406,16.288280487060547,48.747161865234375,33.5052375793457,57.63641357421875,48.86338424682617,33.62043762207031,13.287459373474121,21.26361083984375,151.8043212890625,29.97637939453125,45.585289001464844,4.401622295379639,26.872922897338867,10.26208782196045,34.93524932861328,41.066585540771484,48.15317153930664,34.050052642822266,6.999730110168457,23.051753997802734,16.1517391204834,27.77581787109375,44.91071701049805
2007-07-24,21.974401473999023,4.049413204193115,35.88804626464844,47.73518753051758,28.40770149230957,37.549861907958984,44.14687728881836,26.003129959106445,15.208528518676758,38.743614196777344,10.881921768188477,14.818777084350586,61.497013092041016,16.546113967895508,30.650144577026367,19.359289169311523,10.95704460144043,23.850805282592773,43.36555099487305,38.28606414794922,51.03071975708008,22.357187271118164,75.54287719726562,38.71406555175781,124.24038696289062,16.714658737182617,24.264219284057617,15.91820240020752,48.33729553222656,33.5052375793457,59.70394515991211,46.22603225708008,32.922176361083984,13.238506317138672,20.702280044555664,146.70321655273438,28.897350311279297,44.13111114501953,4.297564506530762,26.53739356994629,9.964170455932617,33.588897705078125,41.14371871948242,47.06930923461914,34.45876693725586,6.842885971069336,22.68147087097168,15.844014167785645,27.43793296813965,44.21930694580078
2007-07-25,21.91020393371582,4.120561599731445,35.92306137084961,48.759891510009766,28.363828659057617,37.56180191040039,44.73647689819336,26.83771324157715,15.445714950561523,39.94812774658203,10.83382511138916,14.8006591796875,62.51868438720703,16.498016357421875,30.299365997314453,19.45686912536621,10.922815322875977,23.907367706298828,43.33170700073242,38.412261962890625,50.305809020996094,22.819080352783203,78.03913879394531,39.207942962646484,124.85818481445312,16.647809982299805,24.6154727935791,16.014524459838867,47.736141204833984,34.249542236328125,59.014766693115234,46.649200439453125,33.466796875,13.259489059448242,21.092771530151367,150.41246032714844,29.07718849182129,44.339805603027344,4.146682262420654,26.855268478393555,9.820592880249023,34.388553619384766,41.986637115478516,48.0435676574707,34.92300796508789,6.821771144866943,22.58732795715332,15.758069038391113,27.14732551574707,43.6331672668457
2007-07-26,21.389375686645508,4.382935523986816,35.59028625488281,46.36367416381836,27.618242263793945,37.31129837036133,42.97256088256836,26.12881851196289,15.13994026184082,39.08271408081055,10.558389663696289,14.49859619140625,61.687591552734375,16.041072845458984,29.431283950805664,19.30074691772461,10.683228492736816,23.442306518554688,43.539615631103516,37.491058349609375,48.92473602294922,22.534090042114258,75.4700698852539,38.52199935913086,122.10905456542969,16.26264190673828,24.0345401763916,15.132441520690918,47.03481674194336,33.22978973388672,58.250282287597656,45.538330078125,32.97805404663086,13.032201766967773,20.531442642211914,144.4598846435547,28.47585678100586,43.4241943359375,4.209115982055664,27.020099639892578,9.619585990905762,33.37675094604492,41.705684661865234,47.81827163696289,34.60511016845703,6.716204643249512,21.777719497680664,15.417057991027832,26.255252838134766,42.474945068359375
2007-07-27,20.968441009521484,4.318391799926758,34.89552688598633,44.97639465332031,27.712228775024414,37.466373443603516,41.86212921142578,25.198699951171875,14.939910888671875,38.39278030395508,10.40099048614502,14.22070598602295,61.205833435058594,15.728436470031738,28.991302490234375,18.845382690429688,10.48243522644043,23.096637725830078,43.539615631103516,36.97999572753906,47.50619125366211,22.422706604003906,75.47735595703125,38.1515998840332,119.8231201171875,15.925239562988281,23.737321853637695,14.519025802612305,45.714115142822266,32.24518966674805,57.497413635253906,44.246089935302734,33.103721618652344,12.923806190490723,20.476537704467773,142.88751220703125,27.58230972290039,43.336669921875,4.281955242156982,26.225391387939453,9.447295188903809,32.72068786621094,41.68915557861328,47.0084114074707,34.403263092041016,6.552316188812256,21.369781494140625,15.408754348754883,25.697708129882812,41.744937896728516
2007-07-30,20.975568771362305,4.2457427978515625,35.070674896240234,45.19709777832031,28.038026809692383,37.73474884033203,42.466495513916016,25.198699951171875,14.971339225769043,38.533111572265625,10.38787841796875,14.407978057861328,60.623538970947266,15.696362495422363,28.771312713623047,19.18364715576172,10.544044494628906,23.762821197509766,43.60247039794922,37.50366973876953,48.14360809326172,22.07874870300293,76.8091812133789,38.54259490966797,121.30590057373047,16.17671012878418,23.723804473876953,14.549443244934082,47.590415954589844,32.09869384765625,58.20396423339844,45.447635650634766,33.306209564208984,13.084650993347168,21.117191314697266,145.1793670654297,28.11620330810547,43.49824142456055,4.54730224609375,26.390220642089844,9.504727363586426,33.37265396118164,42.32270050048828,46.95969772338867,34.48904800415039,6.6136474609375,21.445091247558594,15.591720581054688,26.133621215820312,42.927711486816406
2007-07-31,20.683053970336914,3.955451488494873,35.32172775268555,44.73465347290039,27.57439422607422,36.89382553100586,41.89162063598633,24.96239471435547,14.89133071899414,38.369384765625,10.278585433959961,14.269039154052734,58.57487487792969,15.32761287689209,28.46213722229004,18.80635643005371,10.484720230102539,23.360599517822266,42.99325180053711,36.28593444824219,49.24347686767578,21.620145797729492,75.2735595703125,36.8620491027832,119.73047637939453,16.13532257080078,23.771085739135742,14.402432441711426,47.03481674194336,31.700149536132812,57.03411102294922,44.238529205322266,33.11070251464844,13.01821517944336,20.604663848876953,139.69082641601562,29.29637908935547,43.00004959106445,4.427637577056885,26.007585525512695,9.318076133728027,33.147125244140625,41.71669387817383,46.338619232177734,33.94408416748047,6.683021545410156,21.087364196777344,15.419839859008789,25.77204704284668,42.264381408691406
2007-08-01,20.90422248840332,4.052716255187988,35.59028625488281,45.10775375366211,27.806211471557617,37.66915512084961,41.84740447998047,25.65118980407715,15.222822189331055,38.8430061340332,10.331049919128418,14.37777328491211,59.31071090698242,15.864716529846191,28.699951171875,19.36579704284668,10.5463285446167,23.737688064575195,43.065757751464844,36.05880355834961,50.07461166381836,22.04271125793457,76.07414245605469,35.730255126953125,120.31735229492188,16.218088150024414,24.007526397705078,14.534235000610352,44.530052185058594,31.764625549316406,58.8989143371582,45.0622444152832,33.25734329223633,12.972758293151855,21.037874221801758,140.1802978515625,28.436521530151367,43.343414306640625,4.386014461517334,26.331344604492188,9.691376686096191,33.11024475097656,42.383304595947266,47.06930923461914,33.5404052734375,6.694082736968994,21.350954055786133,15.552907943725586,26.67426872253418,42.07133102416992
2007-08-02,21.06119155883789,4.097447395324707,35.63114929199219,44.760955810546875,27.93779182434082,37.752655029296875,41.218505859375,25.96290397644043,15.33426570892334,39.06520462036133,10.427227973937988,14.679830551147461,59.940677642822266,16.105213165283203,29.128049850463867,19.599985122680664,10.662691116333008,23.769113540649414,43.089942932128906,37.25760269165039,50.41206741333008,22.02960968017578,77.09302520751953,35.28440475463867,120.56452178955078,16.30084991455078,24.851909637451172,14.508889198303223,46.22419357299805,31.999061584472656,59.29275894165039,46.029544830322266,33.36206817626953,13.186056137084961,21.001258850097656,139.03811645507812,28.031883239746094,43.00678253173828,4.370406150817871,26.49618148803711,9.619585990905762,32.909324645996094,42.19050216674805,48.244510650634766,34.403263092041016,6.750386714935303,21.57061767578125,15.550143241882324,26.54585075378418,42.18013381958008
2007-08-03,20.661651611328125,3.9581522941589355,35.350914001464844,43.13192367553711,27.348831176757812,37.50215530395508,39.808345794677734,25.284160614013672,15.225671768188477,38.86640167236328,10.278585433959961,14.511712074279785,59.2313117980957,15.760497093200684,28.848600387573242,19.164134979248047,10.386604309082031,22.744678497314453,42.33567810058594,36.70866394042969,49.34345626831055,21.685651779174805,75.86309051513672,34.91399002075195,117.56814575195312,16.26264190673828,24.608715057373047,14.194581985473633,43.601016998291016,31.723613739013672,57.54954528808594,43.4450569152832,32.81744384765625,12.913313865661621,20.0189266204834,133.26768493652344,27.194543838500977,40.81200408935547,4.193508148193359,25.942825317382812,9.27141284942627,31.81453514099121,41.413673400878906,47.51380920410156,34.125736236572266,6.696093559265137,20.999500274658203,15.405980110168457,25.77543067932129,41.225494384765625
2007-08-06,21.07546043395996,4.0602216720581055,36.37261199951172,43.89912414550781,28.263582229614258,38.76655197143555,40.2996826171875,25.817096710205078,15.497147560119629,40.05923080444336,10.540903091430664,14.645233154296875,60.290061950683594,16.097187042236328,29.40751075744629,19.190155029296875,10.728866577148438,23.18462562561035,42.43720626831055,37.194515228271484,50.61827087402344,22.226150512695312,75.93585968017578,35.51076889038086,120.78075408935547,16.908836364746094,25.18966293334961,14.458192825317383,44.44807434082031,32.94847869873047,58.40667724609375,45.515663146972656,33.627403259277344,13.339913368225098,21.20871353149414,139.28289794921875,29.4930419921875,43.10776901245117,4.26114559173584,26.578596115112305,9.497547149658203,32.37218475341797,42.87916946411133,48.35411834716797,35.06428527832031,6.935384273529053,21.664745330810547,15.924407958984375,26.376901626586914,42.08185958862305
2007-08-07,21.082582473754883,4.05361795425415,36.244178771972656,45.03418731689453,28.40770149230957,38.903724670410156,40.86963653564453,25.957870483398438,15.56287670135498,40.439300537109375,10.645830154418945,14.645233154296875,60.09949493408203,15.776527404785156,29.568037033081055,19.313753128051758,10.737993240356445,22.876657485961914,42.56293869018555,37.1440544128418,50.268314361572266,22.540637969970703,75.12075805664062,35.250099182128906,121.95457458496094,17.28443717956543,25.74358367919922,14.66097354888916,43.70119857788086,33.124298095703125,56.90668869018555,45.66679382324219,33.983497619628906,13.238506317138672,21.288028717041016,141.84918212890625,30.60015869140625,43.309749603271484,4.318376064300537,26.784624099731445,9.422168731689453,32.79450988769531,42.82957077026367,47.45293045043945,35.200523376464844,6.959514617919922,21.758888244628906,15.91054630279541,26.241743087768555,43.447147369384766
2007-08-08,21.40365219116211,4.022994518280029,36.48353576660156,46.19025421142578,29.140750885009766,38.86197280883789,41.43466567993164,26.32489585876465,15.962958335876465,40.8953742980957,10.88918685913086,14.979052543640137,60.01976776123047,16.193389892578125,29.9009952545166,20.608272552490234,11.04831600189209,23.756532669067383,42.620933532714844,36.437374114990234,50.55577850341797,22.393220901489258,75.01119232177734,35.66852951049805,124.9818115234375,17.921064376831055,26.135377883911133,15.172990798950195,42.71752166748047,34.22609329223633,54.827571868896484,47.578697204589844,34.70271682739258,13.434324264526367,21.540435791015625,143.3696746826172,31.95454978942871,44.02338409423828,4.614938735961914,27.38506507873535,9.135017395019531,33.07743453979492,43.17667007446289,47.16062927246094,35.15510177612305,6.997716426849365,22.085241317749023,15.780255317687988,26.024024963378906,43.815670013427734
2007-08-09,20.90422248840332,3.7942423820495605,35.5143928527832,44.106300354003906,27.67462730407715,38.748653411865234,39.852569580078125,25.862350463867188,15.960094451904297,40.053382873535156,10.681228637695312,14.517778396606445,58.824520111083984,16.105213165283203,29.686939239501953,20.426128387451172,10.598803520202637,22.493295669555664,41.99723815917969,35.825355529785156,49.04347229003906,21.783935546875,71.78350830078125,34.9757194519043,120.28651428222656,17.484973907470703,25.459857940673828,14.2858304977417,41.087154388427734,33.90376663208008,52.910579681396484,45.83306121826172,33.76007843017578,13.046189308166504,21.029470443725586,135.17388916015625,29.740337371826172,41.6131706237793,4.359999656677246,27.750051498413086,8.912469863891602,32.07695007324219,43.027915954589844,45.467857360839844,34.544551849365234,6.803672790527344,22.078977584838867,15.203593254089355,24.55784034729004,42.15205764770508
2007-08-10,20.483285903930664,3.7525136470794678,35.701210021972656,44.58638381958008,27.724754333496094,38.999141693115234,40.98756408691406,25.580799102783203,15.711478233337402,39.73177719116211,10.61485767364502,14.554193496704102,59.83915328979492,16.02505111694336,29.377777099609375,20.419628143310547,10.512099266052246,22.57499885559082,41.56691360473633,35.33952331542969,48.46232604980469,21.931346893310547,71.88577270507812,34.35152816772461,118.09326171875,17.57729148864746,25.669265747070312,14.61028003692627,43.17293167114258,33.4993896484375,54.61905288696289,45.931278228759766,33.92764663696289,12.958772659301758,21.177215576171875,133.87588500976562,28.385942459106445,40.4147834777832,4.281955242156982,27.326213836669922,9.138609886169434,32.06874084472656,42.28415298461914,47.30070495605469,34.41839599609375,6.775520324707031,21.608264923095703,15.342218399047852,25.326650619506836,41.16932678222656
2007-08-13,20.42622184753418,3.8362717628479004,35.87636184692383,43.747520446777344,27.461605072021484,38.337135314941406,40.51096725463867,25.41991424560547,15.5800199508667,39.807796478271484,10.570609092712402,14.578474998474121,59.87635040283203,15.808595657348633,28.96157455444336,20.055341720581055,10.53491497039795,22.14763641357422,41.702274322509766,35.64236068725586,48.681007385253906,21.718416213989258,73.06146240234375,35.16093826293945,117.9079360961914,17.1539363861084,25.621976852416992,14.681256294250488,44.16572952270508,33.614524841308594,56.756107330322266,44.92620086669922,33.86481857299805,13.081155776977539,20.86941146850586,131.65086364746094,28.217355728149414,40.152217864990234,4.354795932769775,26.867040634155273,9.165608406066895,32.47468948364258,42.26211929321289,47.800010681152344,35.17530059814453,6.777531147003174,21.334354400634766,15.364384651184082,25.605600357055664,41.64314651489258
2007-08-14,20.24007225036621,3.7233948707580566,35.689552307128906,43.85832977294922,27.129533767700195,38.00314712524414,40.51096725463867,25.103174209594727,15.471429824829102,39.26985168457031,10.433445930480957,14.444944381713867,59.52571105957031,15.511981964111328,28.5394287109375,19.684547424316406,9.998705863952637,21.066648483276367,41.46538543701172,35.56665802001953,47.97487258911133,21.439979553222656,71.29421997070312,35.202083587646484,116.39434051513672,16.701921463012695,25.230188369750977,14.448053359985352,43.69210433959961,32.7347412109375,55.632537841796875,43.30144500732422,33.41793441772461,13.172067642211914,20.721662521362305,125.90269470214844,27.5485897064209,38.76533889770508,4.198711395263672,26.60801887512207,9.02880859375,32.33527755737305,41.711181640625,47.19108963012695,34.872528076171875,6.718211650848389,20.874658584594727,15.525186538696289,24.58845329284668,41.095619201660156
2007-08-15,20.118350982666016,3.599411725997925,35.78879165649414,43.09859848022461,26.941579818725586,37.86001205444336,39.96171188354492,25.027746200561523,15.382845878601074,39.3751106262207,10.411324501037598,14.09292984008789,59.090091705322266,15.375703811645508,28.277833938598633,19.46337127685547,9.925313949584961,20.966089248657227,41.12691116333008,34.52558517456055,46.837528228759766,21.26308250427246,69.74610137939453,34.701358795166016,113.98480987548828,16.663728713989258,24.791114807128906,14.138818740844727,43.02720642089844,32.58121871948242,54.92022705078125,42.87826156616211,33.67628860473633,13.221026420593262,20.6662540435791,122.30547332763672,27.17205047607422,38.12577819824219,4.162290573120117,26.260709762573242,8.942410469055176,31.728431701660156,40.89579391479492,46.03413772583008,34.64041519165039,6.633759021759033,20.72983169555664,15.381031036376953,24.006738662719727,42.32753372192383
2007-08-16,19.91071891784668,3.5138540267944336,35.98146057128906,42.56045913696289,28.4891357421875,38.18802261352539,40.273441314697266,24.86687660217285,15.311403274536133,39.97736358642578,10.349374771118164,14.020095825195312,58.271995544433594,15.343634605407715,28.581037521362305,19.0600528717041,9.975767135620117,20.62670135498047,41.29130935668945,34.30376052856445,45.61894607543945,21.436702728271484,67.72332763671875,33.89196014404297,114.91165161132812,16.50774383544922,24.656007766723633,13.875199317932129,42.49892044067383,32.37455749511719,55.30824661254883,43.95891189575195,34.80744171142578,13.147592544555664,21.792829513549805,125.97689819335938,27.958833694458008,39.701148986816406,4.006204605102539,26.61760711669922,8.928008079528809,31.687421798706055,41.220855712890625,45.99152374267578,34.27206802368164,6.671964168548584,20.307933807373047,15.394886016845703,24.272075653076172,42.302982330322266
2007-08-17,20.225749969482422,3.6642560958862305,36.20914077758789,44.39118576049805,29.454030990600586,38.97529602050781,41.74306106567383,24.94730567932129,15.560015678405762,40.56794357299805,10.592737197875977,14.384257316589355,58.91476821899414,15.511981964111328,28.283756256103516,19.508913040161133,9.97347354888916,20.934661865234375,42.46623611450195,34.5192756652832,45.393978118896484,22.068923950195312,70.0528335571289,34.35152816772461,118.7728500366211,16.784685134887695,24.87217140197754,14.022212982177734,43.400634765625,32.953208923339844,55.72523880004883,44.50302505493164,36.14110565185547,13.287459373474121,22.92557144165039,129.7967071533203,29.195209503173828,41.895938873291016,4.073841571807861,26.942073822021484,9.39240837097168,32.44598388671875,42.04726028442383,47.32504653930664,34.852352142333984,6.795628070831299,20.559816360473633,15.46696662902832,24.61907958984375,43.734962463378906
2007-08-20,20.2329044342041,3.6690585613250732,36.09822463989258,44.59695053100586,29.128231048583984,38.77251052856445,42.00532150268555,25.12830352783203,15.5800199508667,40.117706298828125,10.694501876831055,14.633096694946289,58.022308349609375,15.319587707519531,28.711851119995117,19.359289169311523,9.996404647827148,21.236331939697266,42.678977966308594,35.381282806396484,46.27510070800781,21.81669044494629,70.9875717163086,34.15262222290039,118.06239318847656,16.676462173461914,24.716808319091797,14.25541877746582,44.402530670166016,32.846927642822266,55.71364974975586,44.34431076049805,35.85481643676758,13.22452163696289,22.839384078979492,128.13522338867188,29.161483764648438,42.185420989990234,4.162290573120117,26.523225784301758,9.309605598449707,32.74531173706055,41.8379020690918,47.051029205322266,35.089500427246094,6.736311912536621,20.43387794494629,15.392115592956543,24.962665557861328,45.01953887939453
2007-08-21,20.096881866455078,3.829664468765259,36.00478744506836,43.86886978149414,28.94652557373047,38.44447326660156,41.71335220336914,25.022737503051758,15.44000244140625,40.02413558959961,10.725473403930664,14.499577522277832,57.92668533325195,15.447851181030273,28.818870544433594,19.580469131469727,10.021632194519043,21.55685806274414,42.770835876464844,34.874210357666016,46.4188346862793,21.744626998901367,70.79766845703125,33.775352478027344,118.46399688720703,16.66691017150879,24.764089584350586,14.265552520751953,44.311458587646484,32.6402587890625,55.31402587890625,44.691951751708984,35.81989288330078,13.193046569824219,23.005596160888672,130.152587890625,29.521163940429688,42.34025573730469,4.120667934417725,26.558622360229492,9.414010047912598,32.081058502197266,41.606502532958984,46.72830581665039,35.039058685302734,6.758427619934082,20.370899200439453,15.46419620513916,24.789152145385742,45.38101577758789
2007-08-22,20.204269409179688,3.9779653549194336,36.20330047607422,44.095733642578125,28.821212768554688,38.611480712890625,42.252723693847656,25.31935691833496,15.417142868041992,40.22880554199219,10.906888008117676,14.657377243041992,58.436683654785156,15.487940788269043,29.348047256469727,19.684547424316406,10.033098220825195,21.852235794067383,43.30072784423828,35.381282806396484,47.056243896484375,21.878929138183594,71.55715942382812,33.8165168762207,120.90425872802734,16.596879959106445,24.993759155273438,14.574796676635742,45.522850036621094,32.911869049072266,56.634490966796875,45.440093994140625,36.06427001953125,13.10912799835205,22.593128204345703,131.94007873535156,29.740337371826172,43.14815902709961,4.08424711227417,26.558622360229492,9.507606506347656,32.35167694091797,41.89298629760742,46.98404312133789,35.13996887207031,6.8609795570373535,20.44647216796875,15.730345726013184,24.891216278076172,45.879398345947266
2007-08-23,20.261539459228516,3.9347360134124756,36.26167678833008,44.18544387817383,28.61444664001465,38.79039764404297,42.29728317260742,25.389760971069336,15.425711631774902,39.708404541015625,10.893611907958984,14.705925941467285,59.206974029541016,15.528020858764648,29.63938331604004,19.69104766845703,9.900086402893066,21.38088607788086,43.145164489746094,35.41299057006836,46.975013732910156,21.842897415161133,70.64431762695312,34.4681396484375,120.84249114990234,16.603242874145508,24.87217140197754,14.70152473449707,45.440879821777344,32.98863220214844,56.13642501831055,45.364524841308594,36.189971923828125,13.000731468200684,22.43922996520996,131.65086364746094,28.919828414916992,43.296287536621094,4.032218933105469,26.434724807739258,9.504007339477539,32.55669403076172,42.10234069824219,46.79438018798828,35.15006637573242,6.900193691253662,20.692052841186523,15.746978759765625,24.758544921875,44.70716857910156
2007-08-24,20.626678466796875,4.0617218017578125,36.370426177978516,45.208946228027344,28.789884567260742,39.321189880371094,43.158267974853516,25.550640106201172,15.431424140930176,39.88967514038086,10.946710586547852,15.045808792114258,60.15793228149414,15.98495864868164,29.79991912841797,19.99028778076172,10.03080940246582,21.795679092407227,43.33963394165039,35.36861038208008,47.69365310668945,22.09840965270996,71.90763854980469,34.48185729980469,121.73831176757812,16.721023559570312,24.858657836914062,14.980351448059082,46.142208099365234,33.42557907104492,57.92598342895508,46.014408111572266,36.21788024902344,13.03919506072998,22.513113021850586,133.30484008789062,29.54364013671875,43.451133728027344,4.1102614402771,26.605806350708008,9.856806755065918,33.106143951416016,42.438419342041016,48.03031921386719,35.488136291503906,6.9564971923828125,20.83058738708496,15.888374328613281,25.173561096191406,45.717960357666016
2007-08-27,20.39756965637207,3.970160484313965,36.20585250854492,44.9082145690918,28.138277053833008,38.903724670410156,43.04939270019531,25.198699951171875,15.434285163879395,39.81949996948242,10.955554008483887,14.83945369720459,60.26415252685547,15.92082691192627,29.413448333740234,20.230979919433594,10.049155235290527,22.153907775878906,43.120845794677734,36.06583786010742,47.49369430541992,21.695476531982422,71.95879364013672,34.24177932739258,120.4718017578125,16.555500030517578,24.77759552001953,14.90430736541748,45.15852737426758,33.29566955566406,59.31016159057617,45.31161117553711,35.519649505615234,12.843375205993652,22.242233276367188,131.9846649169922,29.0266170501709,42.90578842163086,4.058233261108398,26.18696403503418,9.579607009887695,33.20454788208008,42.10234069824219,48.06702423095703,34.79179763793945,7.04597806930542,20.610197067260742,15.896677017211914,24.918434143066406,45.72146224975586
2007-08-28,19.996646881103516,3.8071517944335938,36.00013732910156,43.78971862792969,27.317508697509766,38.587608337402344,41.71335220336914,24.741180419921875,15.219962120056152,39.474525451660156,10.827241897583008,14.5420560836792,59.4991455078125,15.520000457763672,28.919958114624023,19.782127380371094,9.952836036682129,22.169727325439453,42.5958251953125,35.23552322387695,46.34385299682617,21.403934478759766,69.84835815429688,33.617576599121094,117.53719329833984,16.16715431213379,24.703279495239258,14.574796676635742,45.70502853393555,33.12443161010742,56.634490966796875,43.33925247192383,34.67478561401367,12.472729682922363,21.66971206665039,126.79276275634766,27.469898223876953,40.912986755371094,3.907350540161133,25.72092056274414,9.223206520080566,32.31478500366211,41.507328033447266,46.48846435546875,34.5597038269043,6.944430351257324,20.207185745239258,15.569544792175293,24.24826431274414,44.37021255493164
2007-08-29,20.46917724609375,4.025097370147705,36.35865783691406,44.96624755859375,27.649578094482422,38.83811569213867,42.90095138549805,25.098142623901367,15.29140567779541,39.87212371826172,10.915735244750977,15.22789478302002,60.86445236206055,16.13727378845215,29.246967315673828,20.165925979614258,10.134004592895508,23.118505477905273,43.1500358581543,36.12922668457031,46.89377212524414,21.77737808227539,70.76115417480469,34.42699432373047,119.57598876953125,16.38997459411621,25.23695182800293,14.706603050231934,46.61583709716797,33.254329681396484,57.74645233154297,43.936248779296875,35.29621887207031,12.605606079101562,22.149892807006836,128.84725952148438,28.47585678100586,41.209228515625,4.016610622406006,26.452428817749023,9.421205520629883,33.528472900390625,41.915042877197266,47.06972122192383,34.998687744140625,7.0178303718566895,20.723533630371094,15.674896240234375,24.96605682373047,46.1356201171875
2007-08-30,20.368934631347656,4.090239524841309,36.20585250854492,45.055931091308594,27.54932403564453,38.77251052856445,43.143402099609375,24.967422485351562,15.259973526000977,39.67917251586914,10.862637519836426,15.343205451965332,61.289432525634766,16.201404571533203,29.032930374145508,20.445646286010742,9.934488296508789,23.428436279296875,43.44172668457031,35.67919921875,46.656307220458984,21.59720802307129,70.72466278076172,34.35152816772461,118.61842346191406,16.361330032348633,25.155872344970703,14.600137710571289,46.48831558227539,33.46100616455078,57.33380126953125,43.618858337402344,35.05880355834961,12.637072563171387,22.002140045166016,127.11167907714844,28.110570907592773,40.5023193359375,3.9905953407287598,26.322647094726562,9.244806289672852,33.331668853759766,41.584476470947266,47.45518112182617,34.478946685791016,6.962530612945557,21.151731491088867,15.49747085571289,25.003477096557617,46.29355239868164
2007-08-31,20.56940269470215,4.157186031341553,36.317535400390625,45.23005294799805,27.893930435180664,38.95143508911133,43.425445556640625,25.223833084106445,15.368557929992676,39.778560638427734,10.99095630645752,15.628457069396973,61.99067687988281,16.257522583007812,29.282634735107422,20.764402389526367,10.005578994750977,24.231735229492188,44.23411178588867,35.59046936035156,47.34995651245117,21.724964141845703,70.61510467529297,34.37211608886719,120.0703125,16.523664474487305,25.54767608642578,14.777570724487305,47.07124710083008,33.86250305175781,57.61857986450195,44.298980712890625,35.38698959350586,12.717497825622559,22.49463653564453,130.5457000732422,28.841148376464844,41.99017333984375,4.063436508178711,26.588123321533203,9.568807601928711,33.57768249511719,41.793827056884766,48.23836135864258,34.66061782836914,6.978618144989014,21.22100257873535,15.491920471191406,24.95244789123535,47.75359344482422
2007-09-04,20.626678466796875,4.327699184417725,36.42919921875,46.02143096923828,28.38263702392578,39.0349235534668,43.90543746948242,25.158472061157227,15.53715991973877,40.117706298828125,11.097146987915039,15.889449119567871,62.787532806396484,16.61025047302246,29.526412963867188,21.02460289001465,9.929902076721191,22.99833106994629,44.311912536621094,35.72357177734375,48.024871826171875,21.584102630615234,70.04552459716797,35.215816497802734,120.59539031982422,16.41861915588379,25.8584041595459,14.79785442352295,47.67238998413086,34.32307434082031,57.432613372802734,45.92373275756836,35.66627502441406,12.983248710632324,22.525419235229492,134.09837341308594,29.301984786987305,43.040443420410156,4.157087802886963,26.80048370361328,9.511207580566406,34.22964859008789,41.95357131958008,47.98135757446289,34.89271926879883,7.004757404327393,21.283973693847656,15.722023963928223,25.047691345214844,48.65913391113281
2007-09-05,20.390419006347656,4.105548858642578,36.23524475097656,46.01615524291992,27.67462730407715,39.0408935546875,43.72235107421875,25.02675437927246,15.342844009399414,39.944252014160156,10.933436393737793,15.774129867553711,62.622894287109375,16.618268966674805,29.27670669555664,20.959556579589844,9.734975814819336,23.09320831298828,43.71397018432617,35.01365661621094,47.206241607666016,21.413772583007812,69.98707580566406,35.88802719116211,119.69957733154297,16.46319007873535,25.65574836730957,14.625483512878418,47.544883728027344,33.82707977294922,57.46168518066406,44.82796096801758,35.319793701171875,12.752466201782227,22.09449005126953,131.8808135986328,28.19487762451172,42.11811828613281,4.042624473571777,26.62942123413086,9.241206169128418,33.671974182128906,41.51836395263672,47.33280944824219,34.719852447509766,6.900193691253662,20.805400848388672,15.594497680664062,24.823179244995117,48.28007888793945
2007-09-06,20.69827651977539,4.053016662597656,36.24111557006836,46.15859603881836,27.699697494506836,39.42855453491211,44.00438690185547,25.56883430480957,15.620034217834473,40.30878448486328,10.893611907958984,15.871240615844727,62.4847526550293,16.465957641601562,29.58588218688965,20.712364196777344,9.80606460571289,22.277259826660156,44.059120178222656,35.91371536254883,47.33746337890625,21.620145797729492,70.2499771118164,35.675384521484375,121.70741271972656,16.838796615600586,25.615230560302734,14.534235000610352,47.75436782836914,33.92155075073242,57.18268585205078,44.888427734375,35.20664596557617,13.144096374511719,21.946744918823242,132.89688110351562,28.110570907592773,42.07770538330078,4.04782772064209,26.594024658203125,9.324009895324707,34.29113006591797,41.6014518737793,47.37564468383789,34.92832565307617,6.8639960289001465,20.874658584594727,15.990943908691406,25.108930587768555,48.00983810424805
2007-09-07,20.361780166625977,3.955749273300171,36.25286865234375,45.240596771240234,27.26738166809082,39.04686737060547,43.371036529541016,25.112882614135742,15.600029945373535,39.9677734375,10.729898452758789,15.458525657653809,61.385066986083984,16.161317825317383,29.27670669555664,20.504196166992188,9.721212387084961,21.638412475585938,43.227813720703125,34.67771911621094,45.8939094543457,21.43341636657715,69.25686645507812,34.91399002075195,119.69957733154297,16.50774383544922,25.122112274169922,14.098258018493652,47.27163314819336,33.165771484375,56.16563034057617,43.64152526855469,34.662193298339844,13.168571472167969,21.66971206665039,132.74856567382812,27.71156120300293,42.07770538330078,3.9125540256500244,26.045381546020508,9.162003517150879,33.95491027832031,41.069602966308594,47.559200286865234,34.45542526245117,6.775520324707031,20.597604751586914,16.076889038085938,24.18702507019043,47.68341827392578
2007-09-10,20.390419006347656,4.104049205780029,36.34691619873047,44.77105712890625,27.524267196655273,39.30331039428711,43.07411193847656,25.23446273803711,15.594319343566895,40.24998092651367,10.601584434509277,15.385686874389648,61.51787567138672,16.169342041015625,29.817766189575195,20.647310256958008,9.693696975708008,21.385404586791992,42.69304275512695,34.89957046508789,46.08137130737305,21.84617805480957,69.61470031738281,35.010040283203125,121.05875396728516,16.450454711914062,25.08158302307129,14.194581985473633,46.85257339477539,33.14803695678711,56.6712760925293,44.36699295043945,34.61976623535156,13.09514331817627,21.632768630981445,136.1826171875,28.222972869873047,42.46817398071289,3.9125540256500244,25.98638153076172,9.295208930969238,33.700687408447266,40.88124084472656,47.79169845581055,34.65373229980469,6.766472339630127,20.49054527282715,16.065793991088867,24.278884887695312,48.076507568359375
2007-09-11,20.712602615356445,4.067425727844238,36.4703369140625,45.8684196472168,27.90645980834961,39.95339584350586,43.83615493774414,25.30537986755371,15.905801773071289,41.0789680480957,10.703349113464355,15.573831558227539,62.34131622314453,16.40182876586914,30.77501678466797,20.920520782470703,9.847342491149902,22.05587387084961,42.897239685058594,35.63483810424805,46.17509078979492,22.049264907836914,71.15548706054688,36.95808792114258,122.01637268066406,16.539583206176758,25.27071762084961,14.311178207397461,47.572261810302734,33.41967010498047,56.95024871826172,44.865745544433594,34.966251373291016,13.32592487335205,22.236080169677734,136.10104370117188,28.858007431030273,42.77787780761719,3.9437716007232666,26.458328247070312,9.622803688049316,34.25013732910156,41.08068084716797,48.330116271972656,34.91307830810547,6.810710430145264,20.591297149658203,15.93549919128418,24.680309295654297,48.536285400390625
2007-09-12,20.712602615356445,4.108251571655273,36.740718841552734,46.24301528930664,27.862590789794922,40.14424514770508,44.13304901123047,25.16353416442871,16.055309295654297,40.908470153808594,10.703349113464355,15.452448844909668,61.6241569519043,16.465957641601562,30.44205665588379,20.673322677612305,9.794601440429688,22.195024490356445,43.30559539794922,35.476375579833984,45.47519302368164,22.324434280395508,71.79813385009766,38.16533660888672,123.2519302368164,16.631893157958984,25.203170776367188,14.366942405700684,49.348697662353516,33.685359954833984,56.735172271728516,44.94888687133789,34.923828125,13.374879837036133,21.96520233154297,135.38157653808594,28.745609283447266,42.72402572631836,3.9021480083465576,26.564525604248047,9.51840591430664,34.791378021240234,41.09175109863281,48.085391998291016,35.36561584472656,6.862560749053955,20.547229766845703,16.381845474243164,25.343664169311523,48.374839782714844
2007-09-13,20.877267837524414,4.118759632110596,37.093379974365234,46.75478744506836,28.570602416992188,40.23370361328125,44.57839584350586,25.259796142578125,16.06394386291504,41.084869384765625,10.721046447753906,15.385686874389648,61.597564697265625,16.393798828125,32.28523254394531,20.497690200805664,9.874861717224121,22.52393913269043,43.31044006347656,35.6855354309082,45.612674713134766,22.144262313842773,72.2581787109375,39.180511474609375,125.13621520996094,16.603242874145508,25.507143020629883,14.600137710571289,49.23937225341797,33.76212692260742,57.909183502197266,45.79526901245117,35.256168365478516,13.462296485900879,22.045246124267578,139.78720092773438,29.86396598815918,44.96591567993164,4.120667934417725,26.794584274291992,9.612010955810547,34.897979736328125,41.20809555053711,48.1710319519043,35.4418830871582,6.824944019317627,20.67316436767578,16.15452003479004,25.51715660095215,48.416954040527344
2007-09-14,20.791349411010742,4.167092800140381,37.14628219604492,46.78114318847656,28.533002853393555,40.44244384765625,44.85548782348633,25.097675323486328,16.216323852539062,40.89669418334961,10.747600555419922,15.130775451660156,61.16196823120117,16.08917808532715,32.96897506713867,20.530214309692383,9.934488296508789,22.56821060180664,43.27642059326172,35.7742805480957,45.71893310546875,22.285133361816406,72.55029296875,38.631778717041016,124.64201354980469,16.584152221679688,25.5544376373291,14.387222290039062,49.503570556640625,33.5495719909668,58.897186279296875,44.54080581665039,35.319793701171875,13.294451713562012,21.952898025512695,141.359619140625,29.76844024658203,44.50811767578125,4.17789888381958,26.711999893188477,9.781209945678711,34.963592529296875,41.20809555053711,48.256710052490234,35.36561584472656,6.814777851104736,20.37720489501953,15.988162994384766,25.11913299560547,48.40992736816406
2007-09-17,20.56940269470215,4.155084133148193,36.99345016479492,47.09244155883789,28.376379013061523,40.52595138549805,44.9940299987793,25.03180694580078,15.894299507141113,41.0378303527832,10.676802635192871,15.082221031188965,60.837890625,16.049095153808594,32.48738098144531,20.491180419921875,9.934488296508789,22.378456115722656,43.232669830322266,35.71087646484375,46.050132751464844,22.35391616821289,72.03176879882812,38.041847229003906,124.11685180664062,16.549137115478516,25.263967514038086,14.235139846801758,48.91142272949219,33.035865783691406,57.77547836303711,43.98158645629883,35.0086669921875,13.01821517944336,21.952898025512695,139.1494140625,29.200828552246094,43.70022964477539,4.3079705238342285,26.59992027282715,9.72721004486084,34.74217987060547,41.18040466308594,47.92631149291992,34.75033187866211,6.811728000640869,20.29534912109375,16.024213790893555,25.06131362915039,48.9363899230957
2007-09-18,20.712602615356445,4.230435371398926,37.51655578613281,48.411380767822266,29.961532592773438,40.961326599121094,46.186561584472656,25.619489669799805,16.219207763671875,41.67279052734375,10.8582124710083,15.422109603881836,61.95882034301758,16.618268966674805,32.71331787109375,20.84246063232422,10.191339492797852,22.99833106994629,44.559837341308594,36.30670928955078,48.40608215332031,22.638912200927734,71.90763854980469,38.41912841796875,128.75038146972656,17.06161880493164,25.669265747070312,14.655906677246094,49.029850006103516,33.7385139465332,59.33890151977539,45.946407318115234,36.210750579833984,13.472787857055664,22.894786834716797,148.70986938476562,31.066612243652344,46.1239013671875,4.380810260772705,27.254751205444336,10.472410202026367,35.996883392333984,41.98373031616211,48.32400894165039,35.289337158203125,6.919494152069092,20.43387794494629,16.26540756225586,25.75188636779785,51.19316864013672
2007-09-19,20.52644920349121,4.22593355178833,37.90447235107422,48.60133743286133,29.804895401000977,41.02694320678711,46.56755065917969,26.121034622192383,16.279586791992188,41.80800247192383,11.008655548095703,15.585977554321289,61.98008346557617,16.706451416015625,32.9452018737793,20.874988555908203,10.262428283691406,22.884471893310547,44.705692291259766,36.92787170410156,48.687278747558594,22.8944149017334,73.0395278930664,38.275089263916016,129.0284423828125,17.17302894592285,25.757076263427734,14.655906677246094,48.65634536743164,33.968780517578125,58.81001663208008,46.05976486206055,36.11177444458008,13.511250495910645,22.962514877319336,152.4182891845703,31.190658569335938,45.127498626708984,4.370406150817871,27.166244506835938,10.4400053024292,36.20189666748047,42.0889892578125,48.86244583129883,35.6503791809082,6.987613201141357,20.811689376831055,16.315311431884766,26.32338523864746,50.92644119262695
2007-09-20,20.347457885742188,4.212122440338135,38.08079147338867,48.58550262451172,29.42270851135254,41.14025115966797,46.59724807739258,26.02985382080078,16.190448760986328,41.76097106933594,10.849358558654785,15.664877891540527,62.08100128173828,16.866775512695312,32.62413024902344,20.953044891357422,10.163818359375,22.340503692626953,44.45288848876953,36.87082290649414,48.349830627441406,22.8976993560791,73.93772888183594,37.938968658447266,128.25099182128906,17.09027099609375,25.54092025756836,14.468328475952148,47.25341033935547,33.70309066772461,58.72282409667969,45.432533264160156,35.913753509521484,13.797983169555664,22.50079345703125,150.9571533203125,30.384523391723633,43.51171875,4.292362689971924,26.75330924987793,10.303210258483887,36.2510986328125,41.701175689697266,48.76454544067383,35.36561584472656,6.9764275550842285,20.572404861450195,16.3430233001709,25.56818199157715,50.70881652832031
2007-09-21,20.51211929321289,4.327398300170898,38.274757385253906,48.70155715942383,29.529226303100586,41.38478088378906,46.92878341674805,26.25275993347168,16.259456634521484,42.00202560424805,10.880335807800293,15.7012939453125,62.03848648071289,17.620330810546875,32.58251190185547,21.0115966796875,10.143178939819336,21.802865982055664,44.569557189941406,37.2004280090332,48.843505859375,22.881317138671875,74.91629028320312,38.01442337036133,128.2820587158203,17.329004287719727,25.5544376373291,14.70152473449707,48.16440200805664,34.02192687988281,59.97817611694336,44.79774475097656,36.23196792602539,14.03226375579834,22.309955596923828,155.74110412597656,30.367616653442383,43.3838005065918,4.281955242156982,26.7886905670166,10.274406433105469,36.468421936035156,41.967124938964844,48.67277526855469,35.57411193847656,6.968296527862549,20.85577964782715,16.21550178527832,25.513761520385742,51.69153594970703
2007-09-24,20.81999397277832,4.451382160186768,38.3217887878418,48.39557647705078,29.034244537353516,41.629302978515625,46.686317443847656,26.181840896606445,16.30259132385254,41.89030075073242,10.805119514465332,15.76805591583252,61.75696563720703,17.4680233001709,32.67763137817383,20.738378524780273,10.0835542678833,21.429685592651367,44.63276672363281,36.76942825317383,48.568538665771484,22.82235336303711,75.252197265625,37.92524337768555,127.0380630493164,17.144376754760742,25.757076263427734,14.595070838928223,47.86377716064453,33.968780517578125,59.48421859741211,44.125160217285156,35.7723503112793,13.90638542175293,22.1375789642334,156.07493591308594,30.339414596557617,41.93632125854492,4.412027835845947,26.98927116394043,10.173605918884277,36.56684494018555,41.80644607543945,48.14655685424805,35.40120315551758,6.958130836486816,20.591297149658203,16.0463924407959,25.374267578125,51.15455627441406
2007-09-25,21.16364860534668,4.598482131958008,38.18658447265625,48.51692199707031,28.883878707885742,41.65913009643555,45.46413040161133,26.485803604125977,16.394590377807617,41.87268829345703,10.725473403930664,15.713432312011719,61.89508056640625,17.58826446533203,32.19603729248047,21.1026668548584,9.89779281616211,20.923667907714844,44.68140411376953,37.45396423339844,47.724918365478516,23.159757614135742,76.62504577636719,37.64402770996094,127.81556701660156,17.300352096557617,26.263710021972656,14.468328475952148,47.47206115722656,33.77983093261719,61.00106430053711,44.45768356323242,35.51072311401367,14.238563537597656,22.205299377441406,156.42344665527344,30.56490135192871,41.31694030761719,4.339187145233154,27.661792755126953,10.123207092285156,35.79185485839844,41.77320098876953,48.715579986572266,35.426639556884766,6.937794208526611,20.654272079467773,15.996492385864258,25.571577072143555,49.8980827331543
2007-09-26,21.120691299438477,4.586172580718994,38.43346405029297,48.73323059082031,28.902664184570312,42.05276107788086,45.775848388671875,26.647920608520508,16.489482879638672,42.46650695800781,10.875911712646484,15.725571632385254,62.31474685668945,17.451980590820312,32.58251190185547,21.4604549407959,9.929902076721191,20.866741180419922,44.98763656616211,37.58707046508789,47.906131744384766,23.461122512817383,76.27454376220703,38.46712875366211,128.34423828125,17.188947677612305,26.473119735717773,14.645764350891113,48.73833465576172,33.892032623291016,61.442752838134766,44.593719482421875,35.645076751708984,14.266538619995117,22.06985855102539,159.17515563964844,30.784757614135742,42.394126892089844,4.620143413543701,28.145530700683594,10.137608528137207,35.79596710205078,41.46293258666992,47.88960266113281,35.874122619628906,6.974395751953125,21.006906509399414,16.190553665161133,25.717859268188477,51.475975036621094
2007-09-27,21.11353302001953,4.63810920715332,38.52162170410156,49.04979705810547,28.952802658081055,41.8082389831543,46.27067565917969,26.49593162536621,16.483718872070312,42.695804595947266,10.951130867004395,15.63453483581543,62.532535552978516,17.339750289916992,32.4398078918457,21.616575241088867,10.000990867614746,20.721263885498047,45.40085983276367,37.523677825927734,48.412315368652344,23.448026657104492,77.0120849609375,38.796390533447266,128.71746826171875,17.20486068725586,26.750085830688477,14.706603050231934,48.66545486450195,33.87431716918945,62.06462097167969,45.01691436767578,35.779422760009766,14.37843132019043,22.174518585205078,160.78466796875,31.286483764648438,43.45785903930664,4.490070343017578,28.275320053100586,10.288809776306152,36.06659698486328,41.451881408691406,47.895721435546875,35.874122619628906,7.0638628005981445,21.189525604248047,16.15452003479004,25.908363342285156,51.912715911865234
2007-09-28,21.092050552368164,4.607186794281006,38.61565399169922,48.83346939086914,28.708425521850586,41.951351165771484,46.30530548095703,26.186906814575195,16.523983001708984,43.07207107543945,10.809544563293457,15.695225715637207,62.58038330078125,17.35577964782715,32.38631820678711,21.551517486572266,10.01016616821289,20.518850326538086,45.49323654174805,37.69482421875,49.012229919433594,23.36286735534668,76.66886901855469,38.80324172973633,128.74850463867188,17.067983627319336,26.770341873168945,14.61028003692627,48.54702377319336,33.614524841308594,63.0526123046875,44.865745544433594,35.546077728271484,14.29101848602295,21.92827606201172,160.7549591064453,31.393579483032227,42.41433334350586,4.417230606079102,27.868263244628906,10.2672119140625,35.988670349121094,41.606998443603516,47.724395751953125,35.72665023803711,7.0689473152160645,20.83058738708496,16.082435607910156,25.700855255126953,52.27552795410156
2007-10-01,21.313995361328125,4.693345546722412,38.874267578125,49.56682205200195,29.32872200012207,42.29132843017578,46.73086166381836,26.56180191040039,16.64761734008789,43.51301956176758,10.995380401611328,16.004762649536133,63.23380661010742,17.612323760986328,33.30194091796875,21.4604549407959,10.198213577270508,20.97426986694336,46.05716323852539,38.51249313354492,49.71840286254883,23.441478729248047,77.8811264038086,38.693485260009766,130.6766815185547,17.574106216430664,25.09510040283203,14.7167387008667,49.6311149597168,34.417545318603516,63.19795227050781,45.81793975830078,35.807701110839844,14.640682220458984,22.562347412109375,165.38311767578125,32.57175064086914,43.09429931640625,4.281955242156982,23.691566467285156,10.350008964538574,35.832862854003906,42.05021286010742,48.789031982421875,35.69105911254883,7.093343734741211,20.88726043701172,16.143421173095703,26.16350555419922,53.156063079833984
2007-10-02,21.263885498046875,4.756688594818115,38.821380615234375,48.66463851928711,29.548015594482422,42.18396759033203,45.80057144165039,26.151437759399414,16.65336036682129,43.36604690551758,11.035202980041504,16.010831832885742,62.87788391113281,17.516115188598633,33.26626968383789,21.473461151123047,10.289946556091309,21.100778579711914,45.643943786621094,37.87229537963867,49.768394470214844,23.687156677246094,77.35529327392578,38.439701080322266,130.98764038085938,17.6536865234375,25.97999382019043,14.757293701171875,48.87498092651367,34.49428939819336,62.64583206176758,45.81038284301758,36.571388244628906,14.47634220123291,22.550039291381836,169.12127685546875,32.75215148925781,44.50138854980469,4.458855152130127,23.644372940063477,10.306807518005371,35.04559326171875,41.91171646118164,47.840641021728516,35.98597717285156,7.111645221710205,20.93134117126465,16.09629249572754,25.938987731933594,52.21563720703125
2007-10-03,21.084896087646484,4.740776062011719,38.85076141357422,48.18454360961914,29.68697738647461,41.99311828613281,45.266197204589844,26.419958114624023,16.552722930908203,43.19554901123047,11.097146987915039,15.664877891540527,61.83663558959961,17.291650772094727,33.361392974853516,21.10917854309082,10.349573135375977,21.423358917236328,45.789772033691406,37.973731994628906,49.09347915649414,23.382509231567383,76.47172546386719,38.08301544189453,129.2150115966797,17.675960540771484,25.86516571044922,15.22310733795166,48.46502685546875,34.765892028808594,62.15760803222656,45.3482666015625,36.71986389160156,14.444870948791504,22.77781867980957,168.62429809570312,32.09822082519531,45.10729217529297,4.386014461517334,23.266813278198242,10.33200740814209,34.46745681762695,41.87847900390625,48.06092834472656,35.680877685546875,7.10452938079834,20.591297149658203,16.024213790893555,25.94917869567871,51.074459075927734
2007-10-04,21.271041870117188,4.690344333648682,38.85663604736328,47.96824264526367,29.84488296508789,42.243621826171875,45.4443244934082,26.779640197753906,16.63898468017578,43.43070983886719,11.19449520111084,15.537420272827148,61.45945739746094,17.44396209716797,33.319793701171875,20.914020538330078,10.319757461547852,21.341129302978516,45.8189582824707,37.77088165283203,49.143489837646484,23.493881225585938,76.3110580444336,37.99383544921875,129.68145751953125,17.67914581298828,26.115102767944336,15.22310733795166,47.490264892578125,34.813148498535156,63.349082946777344,45.27250289916992,37.052207946777344,14.518301010131836,22.944040298461914,167.58595275878906,31.92911148071289,45.18134307861328,4.297564506530762,23.461488723754883,10.353607177734375,34.418251037597656,41.88401412963867,48.464744567871094,35.57411193847656,7.085212707519531,20.67316436767578,15.94103717803955,26.1498966217041,51.99022674560547
2007-10-05,21.36411476135254,4.846747875213623,38.938934326171875,48.200374603271484,30.053329467773438,42.243621826171875,45.68183135986328,27.10894775390625,16.696491241455078,43.354278564453125,11.318385124206543,15.501009941101074,61.783504486083984,17.780664443969727,33.51598358154297,21.239276885986328,10.40461254119873,21.64472770690918,46.59676742553711,37.91667175292969,50.19956588745117,23.62819480895996,74.66802215576172,38.98844909667969,129.89920043945312,17.507259368896484,26.30423927307129,15.402252197265625,48.07330322265625,35.114261627197266,63.174720764160156,46.28764343261719,37.27141189575195,14.724608421325684,23.067157745361328,169.477294921875,32.53229522705078,46.38646697998047,4.354795932769775,23.184228897094727,10.4400053024292,34.52486038208008,42.332759857177734,48.03031921386719,35.60969161987305,7.071997165679932,20.849489212036133,16.05548667907715,26.714595794677734,51.870452880859375
2007-10-08,21.36411476135254,5.040678977966309,38.803733825683594,47.84162521362305,29.964900970458984,42.17204666137695,45.315677642822266,26.926555633544922,16.61885643005371,43.4542350769043,11.26086139678955,15.573831558227539,62.564430236816406,18.045209884643555,33.81328201293945,21.278310775756836,10.381677627563477,21.461307525634766,46.38287353515625,38.404747009277344,50.83076095581055,23.58561134338379,73.80630493164062,38.81010055541992,129.15283203125,17.488155364990234,26.459619522094727,15.340828895568848,48.07330322265625,34.83675765991211,63.349082946777344,45.97704315185547,37.07341003417969,14.40990161895752,22.753189086914062,168.3351593017578,32.363182067871094,45.74016189575195,4.26114559173584,23.08393096923828,10.350008964538574,34.578155517578125,42.35491943359375,48.20775604248047,35.53341293334961,7.0435285568237305,20.69835090637207,16.010826110839844,26.347200393676758,52.34593963623047
2007-10-09,21.550260543823242,5.039175987243652,38.938934326171875,48.8914909362793,30.04700469970703,42.39271545410156,45.919349670410156,27.169742584228516,16.64185905456543,43.042667388916016,11.300684928894043,15.683083534240723,62.84600830078125,18.101322174072266,34.11649703979492,21.51899528503418,10.367919921875,21.379087448120117,46.484962463378906,38.81674575805664,51.5619010925293,23.867328643798828,74.08380126953125,39.15306854248047,130.6766815185547,17.46269416809082,26.392065048217773,15.279407501220703,48.64723587036133,34.571044921875,64.743896484375,47.36341857910156,37.172393798828125,14.71761417388916,22.85169219970703,177.4133758544922,32.99454879760742,46.514381408691406,4.328782081604004,23.119333267211914,10.350008964538574,35.21371841430664,42.59313201904297,48.317901611328125,35.60969161987305,7.109611511230469,21.113950729370117,16.28995132446289,26.59554672241211,53.36384963989258
2007-10-10,21.64334487915039,5.007055282592773,38.69206619262695,49.13419723510742,29.630130767822266,42.583560943603516,45.56308364868164,26.967105865478516,16.63898468017578,43.27195739746094,11.300684928894043,15.707365036010742,63.0159912109375,18.373876571655273,33.90839385986328,21.642587661743164,10.455063819885254,21.284198760986328,46.582176208496094,38.48078918457031,50.7182502746582,23.837839126586914,72.06099700927734,39.523468017578125,130.02357482910156,17.265335083007812,26.24345588684082,15.166791915893555,48.81121063232422,34.482479095458984,64.36029052734375,46.88611602783203,36.98147964477539,15.028816223144531,22.543888092041016,174.99549865722656,32.80852127075195,45.642486572265625,4.281955242156982,22.930553436279297,10.382408142089844,35.562252044677734,42.28842544555664,48.06702423095703,35.48765563964844,7.1167311668396,21.3658390045166,16.284372329711914,26.62275505065918,54.4874267578125
2007-10-11,21.414228439331055,4.870163917541504,38.76258850097656,48.88623809814453,29.47221565246582,42.80421829223633,45.02867126464844,26.870826721191406,16.443470001220703,42.196041107177734,11.26086139678955,15.434242248535156,62.713172912597656,18.005123138427734,33.44462966918945,21.33685302734375,10.755485534667969,21.14504623413086,45.87242126464844,38.58856201171875,49.64341735839844,24.109739303588867,70.29380798339844,39.66752624511719,129.3704833984375,17.087610244750977,26.763591766357422,15.10024642944336,47.43560791015625,34.45295715332031,65.02287292480469,47.310359954833984,37.066341400146484,14.798038482666016,22.35920524597168,169.8555908203125,32.72393798828125,45.3248176574707,4.557708740234375,22.818470001220703,10.458006858825684,35.14810562133789,42.38816833496094,48.44638442993164,35.59952926635742,7.111645221710205,21.97665023803711,16.155969619750977,26.581926345825195,53.8111686706543
2007-10-12,21.600383758544922,5.020864486694336,38.756717681884766,49.3188591003418,29.573280334472656,42.76248550415039,45.23155212402344,27.10894775390625,16.61885643005371,42.20193099975586,11.17679214477539,15.507079124450684,62.5856819152832,17.989086151123047,33.9024658203125,21.414913177490234,10.792174339294434,21.151376724243164,45.78005599975586,39.11464309692383,50.18082809448242,24.352128982543945,70.60781860351562,39.900718688964844,127.59791564941406,16.857044219970703,26.952733993530273,15.238455772399902,48.16440200805664,34.55923843383789,64.9008560180664,47.901275634765625,36.8188591003418,15.140711784362793,22.186840057373047,173.23028564453125,33.017093658447266,45.45323181152344,4.786633014678955,22.901060104370117,10.735208511352539,35.14810562133789,42.44911193847656,48.489219665527344,35.84870147705078,7.122830867767334,22.341875076293945,16.32065773010254,26.894899368286133,54.31834030151367
2007-10-15,21.507314682006836,5.012759208679199,38.58627700805664,50.02580642700195,29.225879669189453,42.344993591308594,45.68677520751953,26.997488021850586,16.57285499572754,41.94910430908203,11.061750411987305,15.628457069396973,62.7025260925293,17.692476272583008,33.408966064453125,21.330345153808594,10.652286529541016,20.87938117980957,45.88699722290039,38.89914321899414,49.26845169067383,24.129392623901367,69.24951934814453,39.55777359008789,126.94482421875,16.62647247314453,26.986501693725586,15.217976570129395,47.08031463623047,34.21087646484375,64.33706665039062,46.81793975830078,36.359230041503906,14.689640998840332,22.13142204284668,170.1002960205078,32.02494812011719,44.675994873046875,4.67737340927124,22.889263153076172,10.551608085632324,35.41053009033203,42.404781341552734,48.55038070678711,35.21306228637695,7.154347896575928,21.982940673828125,16.32065773010254,26.52750015258789,54.3887939453125
2007-10-16,21.70777130126953,5.090813159942627,38.2453727722168,49.98361587524414,28.493173599243164,42.237632751464844,46.24098205566406,26.865758895874023,16.60735511779785,42.25483703613281,10.898037910461426,15.464600563049316,63.53658676147461,17.435949325561523,33.777591705322266,21.005088806152344,10.516983985900879,20.563125610351562,45.687686920166016,38.766021728515625,48.5872917175293,24.008180618286133,70.06013488769531,38.94729232788086,126.78934478759766,16.642488479614258,26.86492347717285,14.967161178588867,46.77057647705078,33.74441146850586,64.325439453125,45.62855911254883,35.49657440185547,14.826009750366211,21.26955795288086,166.75526428222656,31.681074142456055,44.135276794433594,4.568113803863525,22.81256103515625,10.288809776306152,36.0009765625,42.00035095214844,49.13166046142578,35.30459213256836,7.191964626312256,21.945154190063477,16.270410537719727,26.72820472717285,53.19829559326172
2007-10-17,22.251903533935547,5.185974597930908,38.11606216430664,50.015281677246094,29.28904151916504,42.3095703125,46.14697265625,27.0633487701416,16.98976707458496,42.39595413208008,10.862637519836426,16.217182159423828,61.507259368896484,17.22751808166504,33.866790771484375,21.11567497253418,10.546792030334473,20.101398468017578,45.823795318603516,38.474456787109375,48.199851989746094,23.864044189453125,69.8045425415039,38.693485260009766,127.50453186035156,16.39591407775879,26.83789825439453,15.269164085388184,48.50148010253906,33.626319885253906,63.889549255371094,45.51492691040039,35.376365661621094,14.937905311584473,21.09719467163086,168.8246307373047,31.540149688720703,44.4799690246582,4.5212883949279785,22.635587692260742,10.2636079788208,35.861568450927734,42.105621337890625,49.1989631652832,35.23851013183594,7.216365814208984,22.26001739501953,16.128063201904297,26.432235717773438,53.04335021972656
2007-10-18,22.309179306030273,5.208489894866943,38.145450592041016,50.147159576416016,28.992185592651367,42.4953727722168,45.731319427490234,27.048139572143555,17.067394256591797,42.260719299316406,10.8582124710083,16.36892318725586,60.986656188964844,17.179418563842773,33.76571273803711,21.258790969848633,10.523860931396484,20.038150787353516,46.052284240722656,38.468109130859375,48.75862503051758,23.867328643798828,70.7903823852539,38.89927291870117,126.85144805908203,16.546417236328125,27.155868530273438,15.141195297241211,48.50148010253906,33.44919204711914,63.354888916015625,44.43916702270508,34.54198455810547,15.214143753051758,20.6231632232666,168.99517822265625,31.669795989990234,44.20285415649414,4.557708740234375,22.635587692260742,10.119608879089355,36.08708572387695,42.11668395996094,49.27237319946289,34.98933410644531,7.207215309143066,22.354473114013672,16.116897583007812,25.63962173461914,53.730159759521484
2007-10-19,21.600383758544922,5.116030216217041,37.751670837402344,48.611881256103516,28.436325073242188,42.435428619384766,44.17263412475586,26.906295776367188,16.89487648010254,41.39057540893555,10.650253295898438,15.962270736694336,59.64789962768555,16.634288787841797,33.54572296142578,20.491180419921875,10.31517219543457,19.45623207092285,42.10968017578125,36.965911865234375,46.19074630737305,23.533191680908203,68.5704345703125,38.37796401977539,124.51911926269531,16.45995330810547,26.47933578491211,15.008110046386719,46.870792388916016,33.100833892822266,61.6984977722168,43.26492691040039,33.63689422607422,14.68614387512207,20.229171752929688,161.4595184326172,30.452165603637695,41.87105178833008,4.354795932769775,22.328832626342773,10.083611488342285,34.88157272338867,41.56821823120117,48.12822341918945,34.140159606933594,7.1675639152526855,21.97665023803711,15.840556144714355,25.22459602355957,51.1202507019043
2007-10-22,21.84381103515625,5.234306812286377,37.81631088256836,47.96295166015625,28.65738868713379,42.591270446777344,43.761905670166016,27.681411743164062,17.035770416259766,41.843292236328125,10.628129005432129,16.168628692626953,60.22697830200195,16.995046615600586,33.30789566040039,20.406614303588867,10.377093315124512,19.532133102416992,41.94440460205078,36.851806640625,46.146785736083984,23.844388961791992,69.32257843017578,38.494571685791016,124.92340087890625,16.536808013916016,26.87173080444336,14.798243522644043,46.89811706542969,33.112632751464844,62.32615280151367,43.0831184387207,33.78538131713867,14.885455131530762,20.820165634155273,164.78973388671875,30.829856872558594,42.303619384765625,4.339187145233154,22.240337371826172,10.303210258483887,34.082008361816406,41.6014518737793,48.26284408569336,35.69105911254883,7.266181945800781,22.01443099975586,15.714945793151855,25.333454132080078,51.01458740234375
2007-10-23,22.12302589416504,5.588544845581055,37.93974304199219,48.19511795043945,29.01743507385254,42.71113586425781,43.999446868896484,28.552785873413086,17.179536819458008,42.05493927001953,10.641404151916504,16.2657470703125,60.922889709472656,17.195453643798828,33.87273025512695,20.517210006713867,10.074380874633789,19.557430267333984,41.77423858642578,37.20674514770508,46.72440719604492,23.981979370117188,69.337158203125,39.578346252441406,125.887451171875,16.594446182250977,27.135578155517578,14.60885238647461,47.34450912475586,33.73260498046875,62.16925048828125,44.43916702270508,33.78538131713867,15.04280948638916,20.783222198486328,165.96170043945312,33.1072883605957,42.999778747558594,4.500475883483887,22.57069206237793,10.227609634399414,34.12302017211914,41.90617752075195,48.66053771972656,35.25883483886719,7.329215049743652,22.045913696289062,15.667498588562012,25.438907623291016,52.78622055053711
2007-10-24,22.373615264892578,5.581642150878906,37.875083923339844,48.606597900390625,29.225879669189453,42.7830810546875,44.4843635559082,28.47173500061035,17.303159713745117,42.213687896728516,10.610432624816895,15.786262512207031,60.003849029541016,16.979000091552734,33.97975540161133,20.335054397583008,10.060622215270996,19.532133102416992,41.85688400268555,37.21944046020508,47.58456039428711,24.271677017211914,68.83329010009766,39.873287200927734,125.10993957519531,16.927492141723633,27.277633666992188,14.547422409057617,46.369747161865234,33.15395736694336,62.77946853637695,44.65129089355469,33.57326126098633,15.371500015258789,20.95560073852539,166.97036743164062,33.50753402709961,42.506385803222656,4.469260215759277,23.2727108001709,10.29600715637207,33.47926330566406,41.80644607543945,50.32475662231445,35.635128021240234,7.356664657592773,21.611417770385742,15.650750160217285,25.347063064575195,52.43402099609375
2007-10-25,22.903417587280273,5.487077236175537,37.587074279785156,48.311161041259766,29.0869197845459,42.76508331298828,45.14247131347656,28.907421112060547,17.62519073486328,42.31951141357422,10.747600555419922,15.713432312011719,59.92947769165039,16.8347225189209,34.52676773071289,20.283018112182617,10.062912940979004,19.41827392578125,41.852012634277344,37.47932815551758,46.881351470947266,24.25851058959961,70.10392761230469,39.31083679199219,124.892333984375,17.250930786132812,27.724143981933594,15.028587341308594,48.191741943359375,30.957477569580078,64.01741027832031,45.27250289916992,33.233848571777344,15.913479804992676,20.814006805419922,168.37435913085938,33.885223388671875,41.90484619140625,4.474462509155273,23.585376739501953,10.357209205627441,34.315731048583984,41.53496170043945,50.59398651123047,35.543601989746094,7.346499919891357,21.857006072998047,15.901961326599121,24.98307228088379,51.89509963989258
2007-10-26,25.07992172241211,5.54471492767334,37.79280471801758,48.648834228515625,29.889108657836914,43.004852294921875,45.350303649902344,29.17087173461914,17.702821731567383,42.53118133544922,10.756444931030273,15.743786811828613,60.41818618774414,17.115293502807617,34.764591217041016,20.751394271850586,10.237200736999512,19.82941436767578,41.8714714050293,37.67580032348633,47.11368942260742,24.34408950805664,70.11851501464844,39.2216682434082,125.57646942138672,17.314971923828125,28.021818161010742,15.22822380065918,47.43560791015625,31.105087280273438,63.122413635253906,45.96189880371094,33.96216583251953,16.21419334411621,21.26955795288086,175.25314331054688,34.78718185424805,43.78380584716797,4.51088285446167,23.7033634185791,10.324808120727539,34.77497100830078,41.53496170043945,50.135108947753906,36.04191970825195,7.418682098388672,22.077396392822266,16.11131477355957,25.017080307006836,51.225921630859375
2007-10-29,24.750585556030273,5.556423664093018,38.19247817993164,49.38743209838867,29.47852897644043,43.05278015136719,45.95895004272461,29.267112731933594,17.78044891357422,43.330745697021484,10.84494400024414,15.93799877166748,60.986656188964844,17.451980590820312,35.186729431152344,21.083147048950195,10.322050094604492,19.861038208007812,41.793704986572266,37.846954345703125,46.39793014526367,24.446147918701172,70.826904296875,38.954139709472656,126.13622283935547,17.436664581298828,28.299219131469727,15.217976570129395,47.572261810302734,31.60106658935547,63.48855972290039,45.84068298339844,33.92680740356445,16.070833206176758,21.011005401611328,181.11419677734375,35.37343978881836,44.79087829589844,4.562911510467529,23.42019271850586,10.497605323791504,34.8697509765625,41.606998443603516,50.459346771240234,35.83344650268555,7.418682098388672,22.45522689819336,15.971744537353516,25.200782775878906,53.17011260986328
2007-10-30,25.466548919677734,5.613760948181152,38.09843444824219,48.08428955078125,29.4090576171875,41.32658767700195,44.573429107666016,29.312719345092773,17.748821258544922,43.41306686401367,10.818392753601074,15.944074630737305,60.62540054321289,17.339750289916992,35.186729431152344,21.213254928588867,10.40461254119873,19.898990631103516,41.7061882019043,37.973731994628906,46.121673583984375,24.77534294128418,71.07516479492188,39.13935470581055,125.887451171875,17.50070571899414,27.87975311279297,15.36642837524414,47.21696853637695,31.701435089111328,62.90735626220703,45.68159103393555,33.93387222290039,15.902997016906738,20.930965423583984,178.5290985107422,35.42418670654297,44.2636833190918,4.578521728515625,23.29041290283203,10.4688081741333,34.082767486572266,41.4130859375,50.58174133300781,35.56902313232422,7.397334575653076,22.278913497924805,15.946623802185059,24.77895164489746,53.060935974121094
2007-10-31,26.35432243347168,5.702319622039795,38.30413818359375,48.53274917602539,29.68697738647461,41.6682243347168,45.28102111816406,29.515361785888672,17.7574520111084,43.34251403808594,10.88918685913086,16.326431274414062,61.68785858154297,17.772642135620117,35.5256233215332,21.5059814453125,10.367919921875,19.930622100830078,41.98329162597656,38.2906379699707,46.84369659423828,25.107831954956055,71.99528503417969,39.85956954956055,128.00216674804688,17.49110221862793,28.18419075012207,15.35106372833252,47.818233489990234,31.97304916381836,63.95347595214844,46.17401123046875,34.138938903808594,16.151254653930664,20.937124252319336,184.16734313964844,36.21338653564453,45.459991455078125,4.614938735961914,23.390701293945312,10.580410957336426,35.0057258605957,41.606998443603516,51.163002014160156,36.04698181152344,7.41461706161499,22.53077507019043,16.114103317260742,25.425304412841797,54.557861328125
2007-11-01,26.533315658569336,5.6269707679748535,38.00439453125,46.691471099853516,27.994182586669922,41.1108283996582,44.058815002441406,29.059398651123047,17.51017951965332,42.56058120727539,10.597159385681152,16.083663940429688,60.37575149536133,17.44396209716797,35.07969284057617,20.933536529541016,10.097310066223145,19.41195297241211,40.78738784790039,37.42228317260742,46.02750015258789,24.531736373901367,70.5420913696289,39.262813568115234,125.45204162597656,17.33098793029785,27.757980346679688,14.9262056350708,47.14409637451172,31.158222198486328,63.250247955322266,44.2346305847168,32.32168197631836,16.00789451599121,19.7674503326416,178.43991088867188,35.20432662963867,42.18870162963867,4.422433376312256,23.024938583374023,10.152007102966309,34.2846794128418,40.77042770385742,50.19015121459961,35.21306228637695,7.307865619659424,22.03961753845215,15.793108940124512,24.819786071777344,53.0257453918457
2007-11-02,26.533315658569336,5.6398797035217285,38.074920654296875,46.390750885009766,27.255172729492188,41.68622970581055,43.78173065185547,28.390676498413086,17.398046493530273,42.907466888427734,10.473267555236816,16.2657470703125,60.87507247924805,17.660415649414062,35.09160232543945,21.1481990814209,10.134004592895508,19.228525161743164,41.268653869628906,37.61875915527344,46.93788528442383,24.597583770751953,71.38916778564453,38.83754348754883,125.42098999023438,17.30856704711914,28.24506950378418,14.782881736755371,45.48607635498047,31.09917640686035,63.99999237060547,44.257347106933594,31.897432327270508,16.40302276611328,19.890581130981445,170.55844116210938,35.356529235839844,39.809600830078125,4.656561851501465,23.072147369384766,10.198809623718262,34.845027923583984,41.01420211791992,50.12897491455078,35.16731262207031,7.331248760223389,21.938873291015625,15.885215759277344,24.928632736206055,53.79354476928711
2007-11-05,26.297040939331055,5.589144229888916,37.90447235107422,46.24829864501953,27.015148162841797,42.06382751464844,43.78173065185547,28.33495330810547,17.349170684814453,42.77809143066406,10.473267555236816,16.35899543762207,60.24290466308594,17.692476272583008,35.47807693481445,21.51899528503418,10.097310066223145,18.849014282226562,41.34642791748047,37.973731994628906,46.146785736083984,24.81155776977539,71.54254150390625,39.41374206542969,125.01669311523438,17.298965454101562,27.974472045898438,14.910855293273926,45.795806884765625,30.798049926757812,63.5815315246582,44.06795120239258,31.43073272705078,16.504423141479492,19.656639099121094,162.2309112548828,35.21561050415039,37.572425842285156,4.51088285446167,22.818470001220703,10.087207794189453,34.57719802856445,41.263511657714844,50.52666473388672,35.22832107543945,7.356664657592773,21.73735237121582,15.98011589050293,24.653091430664062,54.33945083618164
2007-11-06,26.06793975830078,5.757558345794678,37.975013732910156,47.68334197998047,27.86153793334961,42.23763656616211,44.85054397583008,28.365337371826172,17.541810989379883,43.20729446411133,10.588306427001953,16.755170822143555,60.120723724365234,18.30173683166504,35.51968002319336,22.169509887695312,10.15693473815918,19.013469696044922,41.540889739990234,38.65826416015625,47.038330078125,24.860933303833008,71.3453598022461,39.708683013916016,124.95448303222656,17.401439666748047,28.292434692382812,14.962044715881348,46.29686737060547,30.986997604370117,63.610595703125,44.37099075317383,32.21562576293945,16.47295570373535,20.28456687927246,165.77435302734375,36.0217170715332,36.84246826171875,4.490070343017578,22.75947380065918,10.022408485412598,35.07986831665039,41.12498092651367,51.6892204284668,35.36052322387695,7.415632247924805,23.229753494262695,16.010826110839844,25.08173179626465,56.45981979370117
2007-11-07,25.43073844909668,5.592748641967773,37.56357192993164,46.18446350097656,26.680389404296875,41.608306884765625,43.31659698486328,27.458494186401367,17.23991584777832,42.53118133544922,10.444979667663574,16.39556121826172,59.21973419189453,17.71652603149414,34.711082458496094,21.304325103759766,10.074380874633789,18.558059692382812,40.481101989746094,37.42228317260742,46.209571838378906,24.795095443725586,71.00824737548828,38.549442291259766,121.53365325927734,17.212493896484375,28.170652389526367,14.706106185913086,45.09434127807617,30.426063537597656,62.81437683105469,41.946754455566406,30.62464141845703,15.602279663085938,19.116212844848633,159.1035614013672,33.7330207824707,34.59854507446289,4.2871599197387695,22.762434005737305,9.838809967041016,33.95504379272461,39.712257385253906,51.3955078125,34.5723762512207,7.318033218383789,22.965286254882812,15.876834869384766,24.146421432495117,54.353572845458984
2007-11-08,24.872297286987305,5.267629146575928,37.96324920654297,47.360252380371094,26.914085388183594,42.459407806396484,44.12809371948242,27.747268676757812,17.674072265625,43.21318435668945,10.350923538208008,15.804346084594727,56.570098876953125,16.31363868713379,35.29970169067383,19.274721145629883,10.003286361694336,18.399921417236328,40.26720428466797,37.58073043823242,45.474998474121094,25.02553367614746,70.56118774414062,38.43284225463867,121.34705352783203,17.26694679260254,28.52244758605957,14.706106185913086,45.39497375488281,30.479202270507812,62.291324615478516,42.499778747558594,30.758989334106445,15.759625434875488,19.56367301940918,155.95394897460938,34.172725677490234,36.28148651123047,4.412027835845947,23.081771850585938,9.849608421325684,34.58955764770508,39.92277145385742,51.33431625366211,34.96392059326172,7.3932695388793945,23.46274757385254,16.097352981567383,24.540414810180664,55.61801528930664
2007-11-09,24.14917755126953,4.964426040649414,38.29826736450195,45.999080657958984,26.724594116210938,42.20768356323242,43.17802810668945,28.319759368896484,17.49005889892578,43.20140075683594,10.225508689880371,15.328934669494629,53.44595718383789,15.520000457763672,34.669471740722656,18.591678619384766,9.838175773620605,17.742107391357422,38.653202056884766,36.6109619140625,44.20672607421875,25.18683624267578,69.04413604736328,37.232460021972656,119.35675811767578,17.33098793029785,28.11655044555664,14.480889320373535,44.893917083740234,30.414255142211914,63.552452087402344,42.79524612426758,31.098403930664062,15.23512077331543,19.6755428314209,156.9864044189453,33.033992767333984,36.63296127319336,4.2663469314575195,22.531797409057617,9.615606307983398,34.016845703125,39.174842834472656,50.459346771240234,34.6435661315918,7.392248153686523,23.254947662353516,15.899173736572266,23.731882095336914,53.89918518066406
2007-11-12,23.89859962463379,4.615893363952637,38.974185943603516,44.775604248046875,26.775115966796875,42.41745376586914,42.193336486816406,28.365337371826172,17.211162567138672,42.666412353515625,10.310609817504883,15.463031768798828,54.08572769165039,15.584131240844727,34.80619430541992,18.936452865600586,9.934488296508789,18.001440048217773,38.5122184753418,36.21162414550781,43.69817352294922,25.275720596313477,68.05475616455078,37.383365631103516,118.95243835449219,17.50711441040039,28.028593063354492,14.352910041809082,44.666175842285156,30.998811721801758,63.192134857177734,42.492210388183594,31.098403930664062,14.8819580078125,20.104351043701172,159.49729919433594,33.59208297729492,36.342308044433594,4.094653606414795,22.732864379882812,9.615606307983398,32.53767776489258,40.249637603759766,50.01881790161133,34.562217712402344,7.367850303649902,22.732290267944336,15.798686027526855,23.464656829833984,49.95793914794922
2007-11-13,24.753406524658203,5.102219104766846,39.56196212768555,46.014957427978516,28.455270767211914,42.89695358276367,42.96529006958008,29.12525749206543,17.55042839050293,43.119117736816406,10.547996520996094,15.932347297668457,56.12226104736328,16.449909210205078,34.84282684326172,19.60648536682129,10.542208671569824,18.418903350830078,39.489376068115234,36.851806640625,44.621131896972656,25.51274299621582,68.67034912109375,37.34220886230469,121.93791198730469,17.648021697998047,28.58333396911621,14.311969757080078,44.54774856567383,31.335128784179688,65.2379379272461,44.81796646118164,32.7176513671875,15.074273109436035,21.061403274536133,173.11370849609375,35.83568572998047,37.754913330078125,4.162290573120117,23.1231689453125,10.043410301208496,32.86729431152344,40.9975700378418,51.24867248535156,35.23851013183594,7.406483173370361,23.532011032104492,16.080612182617188,23.502334594726562,51.37738037109375
2007-11-14,24.372692108154297,4.986639976501465,39.31508255004883,45.71308517456055,28.518436431884766,42.878963470458984,42.91543960571289,29.029003143310547,17.64244270324707,43.542415618896484,10.574868202209473,15.755593299865723,55.14664840698242,16.177352905273438,34.59874725341797,19.326763153076172,10.666045188903809,18.361980438232422,38.99351501464844,37.09267807006836,43.96816635131836,25.716846466064453,68.00343322753906,36.78660202026367,121.31597137451172,17.391836166381836,28.278892517089844,14.38874626159668,45.41318893432617,31.567289352416992,65.03448486328125,44.772499084472656,32.33582305908203,15.354016304016113,20.663665771484375,173.31427001953125,36.28667068481445,37.5859375,4.151884078979492,23.50758171081543,10.1120023727417,32.70248031616211,40.626380920410156,50.83259582519531,34.760501861572266,7.342432022094727,23.77130126953125,16.195045471191406,23.324188232421875,51.81057357788086
2007-11-15,24.250572204589844,4.932305812835693,39.3092041015625,44.7491340637207,27.49518394470215,43.05278015136719,41.92415237426758,29.343111038208008,17.812082290649414,43.26021194458008,10.431540489196777,15.560550689697266,55.231956481933594,16.3697509765625,34.89162826538086,19.0600528717041,10.594951629638672,18.330345153808594,38.721275329589844,36.23065185546875,43.77980041503906,25.644426345825195,66.94078826904297,37.58228302001953,119.1390609741211,17.446266174316406,28.42772674560547,14.204471588134766,45.067012786865234,30.989885330200195,65.13910675048828,44.12099838256836,31.169105529785156,15.263097763061523,19.868186950683594,168.64173889160156,35.77933120727539,36.00437545776367,4.04782772064209,23.41295623779297,9.996478080749512,32.15449905395508,40.73225402832031,50.024959564208984,34.943565368652344,7.347514629364014,23.31791114807129,15.904757499694824,23.0775146484375,49.99317932128906
2007-11-16,24.48761558532715,4.995047092437744,39.82057571411133,45.07220458984375,27.2172794342041,43.867923736572266,42.83078384399414,29.57615852355957,18.004724502563477,43.595333099365234,10.476332664489746,15.548357963562012,55.86635208129883,16.674373626708984,35.47134017944336,19.476381301879883,10.62706184387207,18.38727569580078,39.654659271240234,35.57490921020508,43.597713470458984,25.940692901611328,65.95142364501953,38.06244659423828,120.19636535644531,17.680042266845703,28.55628776550293,14.224946022033691,45.01236343383789,30.841053009033203,64.72647094726562,44.446739196777344,31.374155044555664,15.609267234802246,19.35238265991211,167.3269500732422,36.47269058227539,35.754295349121094,4.006204605102539,23.63768768310547,10.343048095703125,32.521209716796875,40.12488555908203,49.223453521728516,35.16221618652344,7.440031051635742,23.859464645385742,16.030357360839844,22.882230758666992,51.09207534790039
2007-11-19,24.394237518310547,4.921798229217529,39.72651290893555,44.547882080078125,26.130855560302734,43.646175384521484,42.35753631591797,29.510295867919922,17.9127140045166,44.142112731933594,10.171760559082031,15.34112548828125,54.4962272644043,16.457929611206055,35.75813293457031,19.144624710083008,10.427543640136719,17.83066177368164,39.71786117553711,34.86188507080078,42.81919860839844,25.509449005126953,64.69085693359375,37.49311065673828,118.67253875732422,17.555147171020508,28.333011627197266,14.34779167175293,44.53864288330078,30.22197151184082,64.64510345458984,43.461910247802734,30.278154373168945,15.133722305297852,18.973289489746094,163.82809448242188,34.832252502441406,34.55800247192383,3.8189032077789307,23.229618072509766,10.220307350158691,31.779550552368164,40.09701919555664,48.4708366394043,34.923221588134766,7.5071330070495605,22.914907455444336,15.617254257202148,22.41629409790039,49.841705322265625
2007-11-20,24.839601516723633,5.068897247314453,39.75590515136719,46.51283645629883,26.295074462890625,43.87991714477539,43.787227630615234,29.343111038208008,18.053606033325195,44.001014709472656,10.176241874694824,15.55445671081543,55.1359748840332,16.586200714111328,35.684906005859375,18.890920639038086,10.43442440032959,18.02674102783203,40.153076171875,34.702728271484375,42.869422912597656,25.96373748779297,64.3904037475586,37.12958908081055,118.29936218261719,17.798524856567383,28.075944900512695,14.38874626159668,45.194557189941406,29.971967697143555,63.85470962524414,43.18160629272461,30.2427978515625,15.29806137084961,18.904924392700195,161.55496215820312,34.285465240478516,34.084869384765625,3.7668726444244385,23.5194034576416,10.20947265625,32.66952133178711,39.9243049621582,48.220001220703125,35.04528045654297,7.504083156585693,23.000179290771484,15.742862701416016,22.697221755981445,51.070919036865234
2007-11-21,24.588199615478516,5.057189464569092,39.462039947509766,46.0997200012207,25.695022583007812,43.310516357421875,42.71620178222656,28.633852005004883,17.89834213256836,44.118587493896484,10.010519981384277,15.011999130249023,54.4962272644043,16.201404571533203,34.98316192626953,18.37702178955078,10.287652969360352,17.742107391357422,39.72765350341797,34.320743560791016,42.65596008300781,25.68720817565918,64.06057739257812,36.244712829589844,115.59381866455078,17.526325225830078,27.615896224975586,14.05602741241455,44.41108703613281,29.221920013427734,62.930599212646484,41.166465759277344,29.797313690185547,15.05678939819336,18.594188690185547,155.6270751953125,32.18842315673828,32.78715515136719,3.6159894466400146,23.30059242248535,10.191425323486328,32.063846588134766,39.082916259765625,48.084747314453125,34.35370635986328,7.361748695373535,22.19161033630371,15.723315238952637,22.40943717956543,53.55757141113281
2007-11-23,24.501985549926758,5.149651527404785,39.55369567871094,46.76176452636719,26.497211456298828,43.670143127441406,43.17451477050781,29.211387634277344,17.9127140045166,44.39493179321289,10.292696952819824,15.280176162719727,55.471839904785156,16.281579971313477,35.221153259277344,18.66323471069336,10.48716926574707,18.311368942260742,40.46607208251953,34.80458068847656,43.08915710449219,26.006540298461914,65.62158966064453,36.875755310058594,117.14874267578125,17.76970863342285,28.373624801635742,14.373397827148438,44.666175842285156,30.233882904052734,64.51725006103516,42.14372253417969,30.511499404907227,15.147711753845215,19.165943145751953,160.81214904785156,33.28767395019531,33.71988296508789,3.740858316421509,23.49574851989746,10.108390808105469,32.5994873046875,39.51752853393555,49.222023010253906,34.70458221435547,7.418682098388672,22.482200622558594,15.938254356384277,22.782880783081055,55.170719146728516
2007-11-26,23.6830997467041,5.179670333862305,39.84349060058594,45.37939453125,25.556053161621094,43.26856231689453,41.73984146118164,29.17593002319336,17.748821258544922,43.912811279296875,9.98812484741211,14.853523254394531,54.36293411254883,15.792562484741211,34.671958923339844,17.889127731323242,10.326640129089355,17.387903213500977,39.61029052734375,33.86237716674805,42.586891174316406,25.74976921081543,65.9074478149414,36.13495635986328,114.22545623779297,17.37261390686035,27.764734268188477,14.12768840789795,44.92124557495117,29.567171096801758,62.86668014526367,40.56040573120117,29.613483428955078,14.65467643737793,18.326967239379883,154.10423278808594,31.737436294555664,32.40866470336914,3.6576120853424072,23.18822479248047,10.108390808105469,31.602386474609375,39.20549011230469,48.281471252441406,34.75033187866211,7.263134956359863,22.38111114501953,16.002450942993164,22.611581802368164,55.81172561645508
2007-11-27,23.747751235961914,5.24781608581543,40.05640411376953,45.750152587890625,26.74985694885254,43.83197021484375,41.998870849609375,29.85985565185547,18.108232498168945,44.635963439941406,10.247906684875488,15.304555892944336,55.35456466674805,15.9448823928833,35.0624885559082,17.882619857788086,10.510099411010742,17.314559936523438,40.15798568725586,34.409881591796875,43.20845413208008,26.055917739868164,67.22661590576172,37.054115295410156,116.46453094482422,17.90420150756836,27.84592056274414,14.393867492675781,45.96889877319336,30.305322647094727,62.90735626220703,42.13615417480469,30.363004684448242,15.556819915771484,18.538257598876953,158.47215270996094,32.60557174682617,33.65904998779297,3.67842435836792,22.644153594970703,10.050633430480957,31.338672637939453,39.807281494140625,48.16465759277344,35.15205001831055,7.4573163986206055,22.55167579650879,16.20062828063965,22.611581802368164,56.720436096191406
2007-11-28,24.207481384277344,5.410226821899414,40.42306900024414,46.5657958984375,27.766796112060547,44.29948425292969,42.87061309814453,30.376615524291992,18.209413528442383,45.365020751953125,10.498729705810547,15.962818145751953,57.2418327331543,16.44190216064453,35.37370300292969,18.246910095214844,10.831158638000488,18.02882194519043,40.7888069152832,35.383914947509766,44.69646453857422,26.25014305114746,68.6043930053711,37.52739715576172,119.60547637939453,18.067516326904297,28.075944900512695,14.910855293273926,47.043888092041016,31.108924865722656,64.64510345458984,43.492210388183594,31.713579177856445,16.025381088256836,19.09136199951172,169.01319885253906,34.43203353881836,36.15981674194336,3.8293066024780273,22.65599822998047,10.303336143493652,32.022647857666016,40.994140625,48.26301956176758,35.44699478149414,7.53255033493042,22.722238540649414,16.65839958190918,23.516036987304688,59.876258850097656
2007-11-29,24.128461837768555,5.532407760620117,40.45265579223633,46.9206657409668,27.57098388671875,44.44332504272461,43.119712829589844,30.35633659362793,18.151592254638672,45.0004997253418,10.570385932922363,16.054244995117188,57.31113052368164,16.4178409576416,35.605567932128906,18.31196403503418,10.902252197265625,17.780107498168945,40.88662338256836,34.93827438354492,45.02921676635742,26.385112762451172,68.31124114990234,38.041847229003906,118.6103515625,18.253263473510742,27.101734161376953,15.04906177520752,47.6451416015625,31.42441749572754,65.33931732177734,43.098270416259766,31.55800437927246,16.00090217590332,18.97949981689453,166.6806182861328,33.93032455444336,35.37580490112305,3.7928881645202637,22.05278205871582,10.20947265625,32.47587585449219,40.84370422363281,47.39008712768555,35.27408981323242,7.724701881408691,22.842256546020508,16.733774185180664,23.437246322631836,59.62620544433594
2007-11-30,24.135637283325195,5.470263481140137,40.06232452392578,47.22256088256836,28.815322875976562,44.35341262817383,43.72245788574219,30.072629928588867,17.952123641967773,45.37675857543945,10.642056465148926,15.89577579498291,56.074275970458984,16.177352905273438,35.678810119628906,18.227394104003906,10.98481273651123,18.213769912719727,40.7154655456543,36.04600143432617,45.14223861694336,26.362075805664062,67.82022094726562,37.8978157043457,119.07686614990234,18.416574478149414,27.122039794921875,15.166791915893555,48.83853530883789,31.51968002319336,64.56339263916016,44.68160629272461,32.61865234375,16.273643493652344,20.154064178466797,168.35943603515625,34.65752029418945,35.632633209228516,3.907350540161133,21.6387996673584,10.379150390625,32.97854232788086,41.05544662475586,48.435157775878906,35.497825622558594,7.885333061218262,22.962291717529297,16.789592742919922,23.516036987304688,60.51024627685547
2007-12-03,23.64718246459961,5.369398593902588,40.04458236694336,47.058353424072266,28.556337356567383,44.06571960449219,43.75730895996094,29.77373695373535,17.981033325195312,45.024009704589844,10.547996520996094,15.999393463134766,56.42081069946289,16.225460052490234,36.50867462158203,17.93467140197754,10.977933883666992,18.169116973876953,40.20199203491211,36.32612609863281,45.24270248413086,26.352205276489258,67.27056884765625,37.788055419921875,114.8473892211914,18.256452560424805,27.000267028808594,15.110492706298828,49.795101165771484,31.269662857055664,64.04421997070312,44.39372253417969,32.15195846557617,16.0638427734375,19.787403106689453,168.54518127441406,33.840126037597656,35.33524703979492,3.7720768451690674,21.526432037353516,10.429693222045898,33.065067291259766,40.62080383300781,49.83674240112305,35.38596725463867,7.886354923248291,22.804359436035156,16.739351272583008,23.444089889526367,62.355857849121094
2007-12-04,23.539440155029297,5.3979172706604,40.18059539794922,46.671714782714844,27.88680076599121,43.927852630615234,43.418582916259766,29.581214904785156,18.14004135131836,45.065189361572266,10.512165069580078,16.035961151123047,56.84733963012695,16.057109832763672,36.630733489990234,17.537853240966797,11.05132007598877,18.36044692993164,40.1432991027832,36.058746337890625,45.21128845214844,26.01970863342285,65.95142364501953,37.66459274291992,112.73270416259766,18.41337013244629,26.425214767456055,14.87502384185791,48.765655517578125,31.019655227661133,63.6591911315918,43.26492691040039,31.614591598510742,15.808577537536621,19.73768424987793,159.87615966796875,34.15016555786133,33.80098342895508,3.6263957023620605,21.177515029907227,10.213085174560547,32.84257888793945,40.47035598754883,49.86134719848633,34.806270599365234,7.87008810043335,23.391830444335938,16.71980857849121,23.32076072692871,61.771202087402344
2007-12-05,24.530729293823242,5.568731307983398,40.340293884277344,47.62507629394531,28.36052894592285,44.23952865600586,44.48461151123047,30.2900447845459,18.226760864257812,45.06220626831055,10.740592002868652,16.59061050415039,57.66300582885742,17.01107406616211,36.31342315673828,17.876123428344727,11.214138984680176,18.47524070739746,40.959983825683594,36.75267791748047,45.650779724121094,26.078960418701172,66.47176361083984,37.65087127685547,114.16323852539062,18.62472152709961,26.4996337890625,14.977399826049805,50.432777404785156,31.84111213684082,63.67084503173828,43.886146545410156,32.44674301147461,16.357568740844727,20.13542938232422,162.13438415527344,35.1817741394043,33.86857986450195,3.631599187850952,21.561920166015625,10.19864273071289,33.52241516113281,40.86598205566406,49.76300048828125,35.692832946777344,7.9097394943237305,23.2654972076416,16.864948272705078,23.560577392578125,62.62354278564453
2007-12-06,24.818044662475586,5.702319622039795,40.39350509643555,48.43011474609375,29.18798828125,44.461299896240234,45.52077865600586,30.34101104736328,18.23253631591797,45.511234283447266,10.825691223144531,17.053823471069336,58.48402404785156,17.17140769958496,36.78327941894531,18.077777862548828,11.298988342285156,18.806861877441406,41.47831344604492,37.07099151611328,46.680442810058594,26.164552688598633,67.26324462890625,37.8292236328125,115.87371063232422,18.62152671813965,26.959659576416016,14.885252952575684,50.45100402832031,32.10303497314453,64.38841247558594,45.0982551574707,32.970420837402344,16.647789001464844,20.253494262695312,165.2915802001953,36.281036376953125,34.862125396728516,3.6732208728790283,21.6387996673584,10.15532398223877,34.32174301147461,41.139007568359375,50.80190658569336,35.55447006225586,7.9097394943237305,23.92878532409668,17.054767608642578,23.63936424255371,63.743614196777344
2007-12-07,24.803682327270508,5.8329081535339355,40.0268440246582,48.4619026184082,29.10587501525879,44.425357818603516,45.311546325683594,30.937631607055664,18.25567054748535,45.49351501464844,10.928709983825684,16.901445388793945,58.03619384765625,16.94693946838379,36.710060119628906,17.856605529785156,11.241657257080078,18.806861877441406,42.14826965332031,37.24925231933594,46.58626937866211,26.273181915283203,68.27461242675781,35.73712158203125,115.7803726196289,18.643938064575195,27.088207244873047,14.962044715881348,50.74252700805664,32.32327651977539,64.76176452636719,43.15129089355469,32.547176361083984,16.45897102355957,19.70661163330078,161.8595428466797,35.418548583984375,34.93648147583008,3.6732208728790283,21.946317672729492,10.249184608459473,34.32174301147461,41.32846450805664,51.07852554321289,35.52885055541992,7.889403343200684,24.352020263671875,16.892871856689453,24.077905654907227,62.067039489746094
2007-12-10,24.968894958496094,5.8302083015441895,40.09187698364258,48.74261474609375,29.9522762298584,44.55120849609375,45.69014358520508,30.988632202148438,18.290353775024414,45.65896224975586,10.915273666381836,16.931926727294922,58.31874084472656,17.347776412963867,37.77181625366211,17.993209838867188,11.335687637329102,18.87063980102539,42.417232513427734,37.86677169799805,48.08056640625,25.960453033447266,67.8935317993164,34.9757194519043,116.34014129638672,18.86170196533203,27.067920684814453,15.002991676330566,50.37813186645508,32.60902786254883,64.59259033203125,43.620994567871094,33.45822525024414,16.693246841430664,20.28456687927246,166.55433654785156,35.92589569091797,36.74785232543945,3.714843988418579,22.023212432861328,10.2311372756958,34.38355255126953,41.868961334228516,50.62361526489258,35.72359848022461,7.950403213500977,24.389930725097656,16.998939514160156,24.27318572998047,62.61648941040039
2007-12-11,24.49480438232422,5.6599931716918945,39.949954986572266,47.815738677978516,29.01743507385254,44.25752639770508,44.778533935546875,30.799943923950195,18.203628540039062,45.18629455566406,10.673408508300781,16.413846969604492,57.03923797607422,16.890823364257812,38.52237319946289,18.227394104003906,11.243950843811035,18.111730575561523,41.39517593383789,37.14738464355469,46.2849235534668,26.023000717163086,65.00599670410156,34.145751953125,115.15840148925781,18.60230827331543,26.973196029663086,14.690750122070312,48.683372497558594,32.180419921875,62.86576843261719,41.3331413269043,32.03066635131836,16.028879165649414,19.12242889404297,156.85275268554688,34.37002944946289,33.76043701171875,3.6263957023620605,21.82213020324707,9.556035995483398,33.65839385986328,41.250450134277344,48.896217346191406,35.18551254272461,7.8385701179504395,23.5434513092041,16.60257339477539,23.481773376464844,60.1510009765625
2007-12-12,24.76058578491211,5.729639053344727,40.03865432739258,48.68436050415039,29.15007972717285,44.755001068115234,45.720027923583984,30.453210830688477,18.434894561767578,46.13751983642578,10.664453506469727,16.627178192138672,57.82827377319336,17.13132667541504,37.625362396240234,18.73479652404785,11.11034107208252,18.169116973876953,42.378108978271484,36.7590446472168,46.34768295288086,26.2698974609375,63.70146942138672,34.289798736572266,115.84262084960938,18.60871696472168,26.912307739257812,14.788004875183105,48.93848419189453,32.19233703613281,63.186622619628906,40.96949768066406,31.155467987060547,16.382041931152344,19.060287475585938,157.9150390625,35.209957122802734,34.044315338134766,3.6732208728790283,21.881271362304688,9.375535011291504,34.350582122802734,41.256046295166016,49.66459655761719,35.6569709777832,7.9005866050720215,24.465736389160156,16.538375854492188,23.848350524902344,61.91913986206055
2007-12-13,25.299325942993164,5.758758544921875,40.139198303222656,49.108055114746094,28.903736114501953,44.59317398071289,46.367618560791016,30.48889923095703,18.52739715576172,46.492008209228516,10.588306427001953,16.554035186767578,57.67365646362305,17.32371711730957,37.53382873535156,18.9039306640625,11.133377075195312,17.627050399780273,42.5052490234375,38.61165237426758,46.59882354736328,26.464115142822266,64.89608001708984,33.898799896240234,116.86882019042969,18.695178985595703,26.831130981445312,14.747055053710938,50.296119689941406,32.251853942871094,63.75835037231445,40.787681579589844,30.88285255432129,16.15825080871582,18.991933822631836,154.86936950683594,35.880802154541016,33.929405212402344,3.6368017196655273,21.674272537231445,9.462172508239746,34.87385559082031,41.189170837402344,49.59700012207031,35.47246551513672,7.905669689178467,24.187774658203125,16.730976104736328,24.153278350830078,62.58831024169922
2007-12-14,25.36397933959961,5.715529441833496,39.97360610961914,48.292415618896484,28.550031661987305,44.293479919433594,45.83958053588867,30.3767032623291,18.44645881652832,46.35613250732422,10.346444129943848,16.023771286010742,56.388832092285156,16.995046615600586,37.32027053833008,18.63721466064453,10.972126960754395,16.982933044433594,42.021121978759766,38.18511199951172,46.07772445678711,26.546415328979492,64.80078125,33.19917297363281,114.78522491455078,18.416574478149414,26.51991844177246,14.373397827148438,48.94760513305664,31.972070693969727,64.45257568359375,39.613433837890625,30.244394302368164,16.032373428344727,18.687410354614258,156.49618530273438,35.23251724243164,33.99699401855469,3.5847737789154053,21.6387996673584,9.462172508239746,34.317623138427734,40.45922088623047,49.178985595703125,34.90363311767578,7.810102939605713,24.680509567260742,16.468595504760742,23.776418685913086,61.39785385131836
2007-12-17,24.703115463256836,5.535709857940674,39.949954986572266,47.60918426513672,28.126821517944336,43.89789581298828,44.82335662841797,30.33591651916504,18.059085845947266,45.71213912963867,10.288216590881348,15.676351547241211,55.72776794433594,16.786609649658203,36.46595001220703,18.181856155395508,11.018198013305664,16.542896270751953,41.947776794433594,38.32514190673828,44.67763900756836,26.02627944946289,64.05327606201172,32.08795928955078,113.4479751586914,18.17960548400879,26.472578048706055,14.235187530517578,48.10932922363281,31.65658187866211,63.53668212890625,39.53009796142578,29.91442108154297,15.889008522033691,18.687410354614258,154.98069763183594,34.09944152832031,33.47657012939453,3.537947416305542,21.79254722595215,9.288888931274414,33.74903869628906,40.13044357299805,49.10520553588867,34.93439865112305,7.728768825531006,25.11006736755371,16.376476287841797,23.29677963256836,59.36201095581055
2007-12-18,24.95453453063965,5.4930806159973145,40.04458236694336,48.41952896118164,27.72889518737793,43.65815734863281,45.42611312866211,30.46340560913086,17.98681640625,45.505332946777344,10.467376708984375,15.792159080505371,56.67668914794922,17.035127639770508,36.50867462158203,18.31196403503418,11.11264705657959,16.880895614624023,41.98200225830078,38.57344055175781,44.60857391357422,25.61150360107422,63.884674072265625,32.43779373168945,114.44313049316406,18.474220275878906,26.47933578491211,14.419453620910645,48.64691162109375,31.84111213684082,63.11079788208008,39.2270622253418,29.77094078063965,15.927474975585938,18.842777252197266,149.69163513183594,34.088157653808594,32.48976135253906,3.54314923286438,22.023212432861328,9.447736740112305,34.420631408691406,40.386775970458984,48.71792221069336,34.87802505493164,7.7196197509765625,25.381694793701172,16.488147735595703,23.793550491333008,59.0661735534668
2007-12-19,24.990453720092773,5.497284412384033,39.81393051147461,48.42482376098633,27.779415130615234,43.742061614990234,45.28165817260742,30.25942611694336,18.168941497802734,45.369441986083984,10.42258071899414,15.962818145751953,57.11922073364258,16.642314910888672,35.910675048828125,18.337987899780273,11.075789451599121,16.73421287536621,41.53209686279297,38.89175033569336,44.47673034667969,25.664173126220703,63.481632232666016,32.36919021606445,113.72782897949219,18.326906204223633,26.71612548828125,14.311969757080078,48.41001510620117,31.65658187866211,63.15166091918945,39.3255615234375,29.835487365722656,16.00789451599121,19.02922248840332,151.6602325439453,34.18400573730469,33.84830093383789,3.5171360969543457,21.514602661132812,9.34304428100586,34.688446044921875,39.729270935058594,48.31834411621094,34.90877151489258,7.795868873596191,26.139732360839844,16.186674118041992,23.533170700073242,58.911216735839844
2007-12-20,25.514827728271484,5.620067119598389,39.81983184814453,48.795570373535156,27.368858337402344,43.867923736572266,45.85451126098633,29.85148811340332,18.004159927368164,45.19218444824219,10.400187492370605,16.096912384033203,58.025543212890625,17.71652603149414,35.87406921386719,18.396530151367188,11.02280330657959,16.75335693359375,41.31694793701172,38.637107849121094,44.897369384765625,25.799142837524414,63.899356842041016,32.62298583984375,114.54338073730469,18.44539451599121,26.276378631591797,14.276135444641113,48.738040924072266,31.686349868774414,62.842445373535156,38.65888595581055,29.70636558532715,16.056842803955078,18.87385368347168,150.55340576171875,33.637184143066406,34.720184326171875,3.532745599746704,21.437728881835938,9.606579780578613,35.11696243286133,39.89642333984375,49.092926025390625,35.585208892822266,7.891436576843262,27.346269607543945,16.100143432617188,23.91688346862793,61.024497985839844
2007-12-21,25.90272331237793,5.821199417114258,40.233829498291016,49.48408508300781,27.86153793334961,44.401371002197266,46.84584426879883,30.16254997253418,18.23253631591797,45.70029830932617,10.409152030944824,16.432130813598633,59.203731536865234,18.205541610717773,36.630733489990234,18.60468864440918,11.105732917785645,17.00206184387207,42.079803466796875,38.649837493896484,45.66334533691406,25.91765594482422,65.27716827392578,32.93852233886719,116.48793029785156,18.656747817993164,26.824369430541992,14.322198867797852,49.567195892333984,32.281620025634766,64.45257568359375,39.355873107910156,30.072233200073242,16.24567222595215,18.87385368347168,155.70127868652344,34.494049072265625,36.74785232543945,3.532745599746704,22.750600814819336,9.67517375946045,35.72675704956055,40.342201232910156,49.53553771972656,35.50834655761719,7.9489264488220215,27.96533203125,16.206214904785156,24.571247100830078,63.27865982055664
2007-12-24,26.2762393951416,5.967997074127197,40.139198303222656,49.60592269897461,28.316320419311523,44.31747055053711,47.065040588378906,30.46340560913086,18.27300453186035,45.91299819946289,10.449461936950684,16.64546012878418,59.523616790771484,18.245622634887695,36.80158615112305,18.682756423950195,11.227825164794922,17.22528076171875,42.18248748779297,39.17185974121094,45.644508361816406,25.82876968383789,65.97339630126953,33.034542083740234,117.711181640625,18.685571670532227,27.013803482055664,14.342679023742676,49.6583137512207,32.436397552490234,64.91928100585938,40.33312225341797,30.330495834350586,16.40302276611328,19.38966178894043,159.2076873779297,35.51437759399414,37.15338134765625,3.5119314193725586,23.075868606567383,9.902613639831543,35.924530029296875,40.932838439941406,50.09495162963867,35.785091400146484,7.964325428009033,28.420164108276367,16.178308486938477,24.598644256591797,64.56776428222656
2007-12-26,26.297792434692383,5.972503185272217,39.95586013793945,50.215003967285156,28.38579559326172,44.377376556396484,47.244361877441406,30.30022430419922,18.21518898010254,45.65896224975586,10.391231536865234,16.730783462524414,59.47562789916992,18.438016891479492,36.539188385009766,18.461580276489258,11.14489459991455,17.212522506713867,42.08958053588867,39.32466506958008,46.26606750488281,26.003238677978516,65.9587173461914,32.58182907104492,117.7739028930664,18.53506088256836,26.92584991455078,14.311969757080078,49.740318298339844,32.3292350769043,63.89833068847656,40.0755500793457,30.344839096069336,16.483442306518555,19.42696189880371,160.96812438964844,35.231441497802734,37.17365264892578,3.5847737789154053,22.839311599731445,9.758206367492676,36.65795135498047,40.7879638671875,49.60929489135742,35.9183235168457,7.955087661743164,28.900266647338867,16.217382431030273,24.619216918945312,65.27922821044922
2007-12-27,25.838069915771484,5.961093902587891,39.81983184814453,49.611209869384766,27.564678192138672,44.28749465942383,46.70137405395508,29.866785049438477,18.009946823120117,45.31624984741211,10.265820503234863,16.35289192199707,58.43070983886719,18.4700870513916,36.1181526184082,18.077777862548828,11.004375457763672,17.07221031188965,41.7619514465332,38.955413818359375,45.66334533691406,25.84522819519043,65.1379165649414,32.485801696777344,116.64482116699219,18.246854782104492,26.831130981445312,14.02019214630127,49.567195892333984,32.073272705078125,62.842445373535156,38.7119255065918,29.74224853515625,16.193220138549805,18.830341339111328,157.44705200195312,34.08272171020508,36.038169860839844,3.558758497238159,22.6973819732666,9.707666397094727,36.52607727050781,40.06361389160156,49.000709533691406,35.615966796875,7.8257365226745605,29.083436965942383,15.963362693786621,24.187532424926758,63.83127975463867
2007-12-28,25.94582176208496,5.998919486999512,39.84939956665039,50.31563949584961,27.32463836669922,44.50326919555664,47.25434494018555,29.93817901611328,18.00126838684082,45.511234283447266,10.256867408752441,16.31023597717285,58.69195556640625,18.413970947265625,36.307315826416016,17.928163528442383,11.075789451599121,17.014820098876953,41.61034393310547,38.96177673339844,45.93333435058594,25.920934677124023,64.67621612548828,32.28002166748047,117.11526489257812,18.326906204223633,27.061147689819336,13.907585144042969,49.749427795410156,32.17447280883789,62.29405212402344,38.51496124267578,29.483991622924805,16.200214385986328,18.699844360351562,157.43966674804688,34.05440139770508,35.9705696105957,3.485917806625366,22.839311599731445,9.73654556274414,36.723846435546875,39.874141693115234,48.767112731933594,35.8414421081543,7.798015117645264,29.746746063232422,16.052696228027344,24.129295349121094,65.1803207397461
2007-12-31,25.572294235229492,5.946384906768799,39.44725799560547,49.621803283691406,27.57098388671875,44.00578308105469,46.49216842651367,29.63220977783203,17.741098403930664,44.843605041503906,10.180720329284668,16.249284744262695,57.63102340698242,18.101322174072266,35.94729995727539,17.609407424926758,10.949090957641602,17.180631637573242,41.23381042480469,39.19734191894531,45.55661392211914,25.664173126220703,64.09724426269531,31.85472869873047,116.26834106445312,17.981060028076172,26.89202117919922,13.574872016906738,48.95671844482422,31.781579971313477,61.40729522705078,39.40888595581055,29.598770141601562,16.08831787109375,18.76198959350586,159.74990844726562,34.450538635253906,35.896236419677734,3.5015273094177246,22.51996612548828,9.642683029174805,36.381874084472656,39.40609359741211,48.34294509887695,35.533973693847656,7.759007930755615,29.32981300354004,15.910340309143066,24.06077003479004,65.77366638183594
2008-01-02,25.299325942993164,5.849118232727051,38.98003387451172,49.52646255493164,26.870080947875977,43.34049606323242,46.55691146850586,29.25485610961914,17.660152435302734,44.483184814453125,10.261341094970703,15.450833320617676,55.813053131103516,18.029172897338867,35.45302200317383,17.264631271362305,10.803959846496582,16.65131187438965,40.44648742675781,38.13416290283203,44.3448600769043,25.460073471069336,63.481632232666016,31.964475631713867,115.29608154296875,17.872175216674805,26.621402740478516,13.533434867858887,49.348533630371094,31.281570434570312,61.45980453491211,38.800716400146484,29.09659767150879,15.854036331176758,18.084596633911133,154.21568298339844,33.2791633605957,34.43632888793945,3.4338901042938232,22.082332611083984,9.267230033874512,36.21294403076172,38.536834716796875,48.31834411621094,35.26750183105469,7.692277908325195,28.590726852416992,15.78193473815918,23.502334594726562,63.71117401123047
2008-01-03,25.40708351135254,5.851822376251221,38.99186325073242,49.69594955444336,26.685302734375,43.34049606323242,47.12979507446289,29.229366302490234,17.84516143798828,44.77269744873047,10.382277488708496,15.036369323730469,55.925018310546875,18.52620506286621,35.34928894042969,17.401247024536133,10.68417739868164,16.466365814208984,40.441593170166016,38.32514190673828,44.18790817260742,25.64112663269043,63.745460510253906,31.34028434753418,115.42154693603516,17.763303756713867,24.875965118408203,13.523077964782715,48.76537322998047,31.543481826782227,62.96494674682617,38.32181930541992,28.91008949279785,16.396024703979492,17.724145889282227,152.16534423828125,33.352718353271484,34.4295539855957,3.3558473587036133,20.733978271484375,9.324990272521973,36.36128234863281,38.575836181640625,48.73638153076172,35.45199203491211,7.739503383636475,28.88762664794922,15.71215534210205,23.23853302001953,66.32459259033203
2008-01-04,24.69594383239746,5.405121803283691,38.938636779785156,48.76909255981445,26.079975128173828,43.16666793823242,46.50214767456055,28.98970603942871,17.879863739013672,44.63680648803711,10.225508689880371,13.8173828125,53.91514205932617,17.660415649414062,34.81230545043945,16.991418838500977,10.532134056091309,15.9179105758667,39.98191833496094,37.102813720703125,43.026390075683594,25.934114456176758,62.89531326293945,30.729808807373047,113.0378646850586,17.86577796936035,25.214218139648438,13.336621284484863,48.48291778564453,30.835102081298828,62.130699157714844,37.35634994506836,28.587270736694336,16.049856185913086,17.084033966064453,148.51791381835938,31.140134811401367,33.32111358642578,3.1893556118011475,20.278614044189453,9.148094177246094,35.252933502197266,37.896034240722656,48.4720344543457,35.344356536865234,7.689195156097412,28.963436126708984,15.547467231750488,22.837690353393555,63.55579376220703
2008-01-07,24.86115264892578,5.332774639129639,39.541873931884766,48.31362533569336,26.34122657775879,43.44837188720703,45.894378662109375,29.535322189331055,18.301918029785156,45.68257141113281,10.404669761657715,13.945371627807617,53.33933639526367,17.836772918701172,35.41032028198242,16.99791717529297,10.725641250610352,16.179386138916016,39.66407012939453,36.97550964355469,43.15195083618164,26.325855255126953,60.73334884643555,31.13450813293457,113.47698974609375,18.41337013244629,25.84339714050293,13.486818313598633,49.77675247192383,32.47211837768555,61.990718841552734,37.523590087890625,28.623138427734375,16.682758331298828,17.20210838317871,144.65513610839844,30.6931095123291,32.65199661254883,3.2049636840820312,20.739892959594727,9.231128692626953,34.77085876464844,37.80131912231445,48.00482940673828,35.610836029052734,7.928393363952637,28.969745635986328,15.86288833618164,22.954177856445312,62.43977355957031
2008-01-08,24.02789306640625,5.1409430503845215,39.58917999267578,47.69394302368164,25.296239852905273,43.56223678588867,45.30656433105469,30.422611236572266,18.377079010009766,46.04888916015625,10.512165069580078,13.567483901977539,52.02786636352539,16.9549617767334,34.83060836791992,16.54256248474121,10.589723587036133,15.777609825134277,39.22395324707031,36.345237731933594,42.15995788574219,26.32914924621582,58.56401824951172,31.77928924560547,111.03050231933594,18.896921157836914,25.390127182006836,13.797574996948242,50.13211441040039,33.37096405029297,62.014007568359375,36.45169448852539,27.55425453186035,16.382041931152344,16.468786239624023,140.76998901367188,29.04075050354004,31.361055374145508,3.1737468242645264,20.243133544921875,9.223906517028809,33.99625015258789,37.14936828613281,46.97207260131836,35.001014709472656,8.040292739868164,28.439125061035156,16.025897979736328,22.344345092773438,62.19961929321289
2008-01-09,24.739036560058594,5.385609149932861,40.09780502319336,48.49366760253906,25.65305519104004,43.47833251953125,46.11356735229492,30.850934982299805,18.868518829345703,46.521549224853516,10.71371841430664,13.866134643554688,52.41168212890625,17.32371711730957,35.06859588623047,17.069475173950195,10.803959846496582,15.771239280700684,39.214176177978516,36.669918060302734,42.210182189941406,26.658349990844727,58.849830627441406,32.684730529785156,112.28511047363281,19.226757049560547,25.16010093688965,14.02546215057373,51.35307312011719,33.847190856933594,63.31497573852539,37.31074523925781,27.79098892211914,16.959001541137695,16.80437660217285,142.44142150878906,28.525808334350586,32.44878005981445,3.158137798309326,19.959270477294922,9.505497932434082,34.49068069458008,37.17165756225586,49.11136245727539,35.615966796875,8.131662368774414,28.546504974365234,16.054004669189453,22.279254913330078,61.910037994384766
2008-01-10,24.660032272338867,5.344181060791016,40.16285705566406,48.54665756225586,26.33484649658203,43.4423713684082,45.779815673828125,30.835662841796875,18.952360153198242,47.01191711425781,10.785386085510254,13.738141059875488,53.27001953125,17.379831314086914,35.495750427246094,17.069475173950195,11.149504661560059,16.121992111206055,39.22395324707031,36.809974670410156,42.32319259643555,26.632007598876953,60.359588623046875,32.62298583984375,112.6614990234375,19.249174118041992,25.457773208618164,13.947781562805176,51.29839324951172,33.84123229980469,63.320796966552734,37.18910598754883,28.19270896911621,16.861087799072266,17.345048904418945,146.2745361328125,29.63492774963379,32.91108322143555,3.2517905235290527,20.41463279724121,9.78348159790039,34.568946838378906,38.8154411315918,48.828575134277344,35.05227279663086,8.091621398925781,28.161163330078125,16.115835189819336,22.306655883789062,63.739410400390625
2008-01-11,24.358327865600586,5.18417501449585,40.14512634277344,47.826324462890625,26.035369873046875,42.06382751464844,45.16707992553711,30.876432418823242,18.434894561767578,45.954345703125,10.758505821228027,13.402912139892578,52.070499420166016,16.91487693786621,33.146453857421875,16.82879066467285,10.992856979370117,15.758474349975586,37.93783187866211,36.16062927246094,41.4442253112793,26.141504287719727,59.01108169555664,32.66413116455078,110.3091049194336,19.47938346862793,24.875965118408203,13.714705467224121,50.1594352722168,33.817413330078125,63.8575325012207,33.44890594482422,27.61882209777832,17.021940231323242,17.52527618408203,147.6339569091797,29.459503173828125,32.89748001098633,3.1529345512390137,19.929698944091797,9.548820495605469,34.21462631225586,38.77643585205078,49.09907531738281,34.21694564819336,8.112154006958008,27.567365646362305,15.781377792358398,21.652301788330078,63.047237396240234
2008-01-14,24.703115463256836,5.3669962882995605,40.1865119934082,48.107032775878906,26.353961944580078,42.1297607421875,45.286643981933594,30.483793258666992,18.588109970092773,45.44624328613281,10.736115455627441,14.06727409362793,54.8747444152832,17.684463500976562,33.53696823120117,17.102006912231445,10.981340408325195,16.192136764526367,38.38772964477539,36.79087448120117,42.23529052734375,26.128341674804688,59.853878021240234,32.876773834228516,111.21866607666016,19.29585838317871,24.578292846679688,13.978852272033691,51.07061004638672,34.037662506103516,63.05827713012695,33.829002380371094,28.13533592224121,16.840106964111328,17.531492233276367,149.79568481445312,30.03670883178711,33.24420928955078,3.21536922454834,19.699054718017578,9.332213401794434,34.35882568359375,38.9603271484375,48.883914947509766,34.601295471191406,8.078276634216309,28.514915466308594,15.890986442565918,22.12508773803711,66.882568359375
2008-01-15,24.422969818115234,5.074600696563721,40.07415008544922,47.148406982421875,24.958532333374023,41.776123046875,43.971534729003906,29.667903900146484,18.388647079467773,44.21141815185547,10.56590747833252,13.82956600189209,54.28830337524414,17.083223342895508,32.80473327636719,16.815778732299805,10.82469367980957,16.179386138916016,37.74224853515625,35.99510955810547,41.06123352050781,25.888032913208008,57.061614990234375,32.49951934814453,108.30182647705078,19.2121524810791,24.368566513061523,13.51789379119873,49.57630920410156,33.68645095825195,62.311527252197266,32.51386642456055,27.174043655395508,16.511423110961914,16.462570190429688,143.58544921875,28.20891761779785,32.040889739990234,3.106109142303467,19.521642684936523,9.209463119506836,33.213401794433594,38.42538070678711,49.85518264770508,34.43730163574219,8.054667472839355,28.426483154296875,15.500323295593262,21.326826095581055,65.23685455322266
2008-01-16,23.869861602783203,4.792413234710693,40.399410247802734,45.829586029052734,26.398563385009766,41.468910217285156,42.965274810791016,29.75459098815918,18.11111831665039,43.44925308227539,10.480813980102539,12.116868019104004,54.18167495727539,17.572223663330078,31.9809513092041,16.36041831970215,10.9398775100708,16.79798698425293,37.80092239379883,36.62535095214844,40.35175704956055,25.91106414794922,58.53471374511719,32.57496643066406,108.39593505859375,19.47938346862793,25.099220275878906,13.37287425994873,50.91571044921875,33.376922607421875,61.75732421875,33.6313591003418,27.755123138427734,16.65129280090332,17.009462356567383,146.71282958984375,27.7731876373291,32.21765899658203,3.0488784313201904,19.65766143798828,9.566868782043457,31.763063430786133,38.24150085449219,49.166690826416016,34.150333404541016,7.998203277587891,26.765119552612305,15.340124130249023,21.093860626220703,62.0583610534668
2008-01-17,23.783662796020508,4.82993745803833,40.11553955078125,44.44194412231445,25.512861251831055,41.00505828857422,41.22175598144531,27.980022430419922,17.934783935546875,42.59847640991211,10.283737182617188,11.781649589538574,53.89913558959961,17.163389205932617,31.718564987182617,15.827005386352539,10.93757152557373,16.74059295654297,36.6566276550293,35.3775634765625,39.44255828857422,25.443601608276367,58.27821731567383,32.526939392089844,104.16168212890625,19.23790740966797,25.05178451538086,12.875669479370117,48.546695709228516,32.64472579956055,59.59296798706055,32.43783187866211,26.47818946838379,16.514923095703125,16.238847732543945,141.8694305419922,26.89043617248535,30.762784957885742,2.996849298477173,19.716798782348633,9.245567321777344,30.275667190551758,37.427978515625,48.287628173828125,33.745479583740234,7.884250640869141,26.000755310058594,15.281096458435059,21.460437774658203,55.86381149291992
2008-01-18,23.711830139160156,4.844045162200928,39.20478057861328,45.06161117553711,25.226144790649414,40.450862884521484,41.57544708251953,27.189638137817383,17.55897331237793,42.2203483581543,10.077702522277832,11.580511093139648,55.12531661987305,17.2996768951416,31.97484588623047,15.807480812072754,10.960607528686523,16.759729385375977,36.63216781616211,35.205665588378906,39.6572380065918,25.34815216064453,57.45737838745117,32.547523498535156,107.61177062988281,19.1348819732666,25.017902374267578,12.678853988647461,47.26195526123047,31.972070693969727,59.43544387817383,33.152427673339844,25.803855895996094,16.14426040649414,15.83488941192627,139.0688934326172,27.014917373657227,30.667598724365234,3.0800957679748535,19.93560791015625,9.166146278381348,30.03256607055664,37.42241287231445,48.29375076293945,33.34065628051758,7.742580890655518,25.836519241333008,15.20240592956543,21.26173210144043,53.96379089355469
2008-01-22,22.957592010498047,4.6723313331604,38.60152816772461,43.668678283691406,26.035369873046875,39.23402404785156,40.474525451660156,26.185060501098633,16.995256423950195,41.02687454223633,9.956770896911621,11.342806816101074,53.96310043334961,16.209428787231445,32.00534439086914,15.27405834197998,11.333796501159668,17.984182357788086,36.754425048828125,34.34621810913086,40.294921875,24.673295974731445,56.87108612060547,31.141372680664062,106.79629516601562,18.51024627685547,25.2618465423584,11.855353355407715,46.13210678100586,31.05535888671875,58.93373107910156,32.94716262817383,26.82253074645996,15.525351524353027,16.748445510864258,141.65403747558594,28.118371963500977,32.99266815185547,3.0852975845336914,20.148509979248047,9.180588722229004,29.32799530029297,37.63414001464844,48.07244110107422,33.07416915893555,7.5331549644470215,25.388004302978516,14.856701850891113,21.07329750061035,58.73155975341797
2008-01-23,22.936046600341797,4.17489767074585,37.96870803833008,44.19831085205078,29.13210678100586,39.90266799926758,40.574153900146484,25.65473175048828,17.01838493347168,41.65317153930664,10.238945960998535,12.177820205688477,56.56476593017578,16.52207374572754,32.34706497192383,15.631847381591797,11.554941177368164,19.100215911865234,37.21410369873047,35.96963119506836,41.0904655456543,24.93460464477539,56.11621856689453,30.695514678955078,108.48999786376953,18.664794921875,25.133106231689453,11.699968338012695,45.202728271484375,31.061307907104492,59.324623107910156,35.12894821166992,29.103775024414062,15.668720245361328,18.258607864379883,148.1168212890625,29.583986282348633,35.14775466918945,3.2778031826019287,20.964624404907227,9.617413520812988,29.554611206054688,39.91313552856445,48.14623260498047,33.02292251586914,7.47874641418457,25.8049259185791,14.926961898803711,21.90239143371582,58.58319091796875
2008-01-24,23.884239196777344,4.070728302001953,37.56061935424805,45.54890823364258,28.6478271484375,39.84846115112305,41.680049896240234,25.27227783203125,17.310359954833984,41.198219299316406,10.324045181274414,12.610562324523926,56.996604919433594,16.52207374572754,32.951171875,16.334402084350586,11.266987800598145,18.85150146484375,37.033164978027344,35.77863693237305,41.197811126708984,24.63028907775879,56.8857536315918,31.635255813598633,108.67823028564453,18.371801376342773,24.523237228393555,12.093599319458008,45.148067474365234,30.54938507080078,61.78067398071289,35.8131217956543,28.623138427734375,15.94495964050293,19.36480712890625,147.9757080078125,30.48940086364746,34.828243255615234,3.256993293762207,20.69259262084961,9.364703178405762,30.683549880981445,39.68470001220703,47.605255126953125,33.017799377441406,7.688171863555908,26.701940536499023,14.980362892150879,21.85100746154785,58.33598709106445
2008-01-25,23.661548614501953,3.9029157161712646,36.93965530395508,44.457855224609375,27.806747436523438,39.342445373535156,40.75847625732422,24.36969566345215,16.88541030883789,40.71965026855469,10.126973152160645,12.190011024475098,55.722415924072266,16.257522583007812,33.012203216552734,15.742433547973633,11.078093528747559,18.194629669189453,36.92557907104492,37.08372116088867,41.62714385986328,24.395435333251953,56.453346252441406,33.02082824707031,106.6395034790039,17.863082885742188,24.096330642700195,11.896784782409668,44.25511932373047,30.204116821289062,61.54148483276367,34.54358673095703,28.321853637695312,15.060288429260254,19.054073333740234,142.40936279296875,29.431203842163086,33.23739242553711,3.4234843254089355,20.27269744873047,9.13365364074707,30.543487548828125,38.98818588256836,47.99254608154297,32.83843231201172,7.591672897338867,26.60088348388672,14.879183769226074,21.583776473999023,58.540828704833984
2008-01-28,23.503520965576172,3.9029157161712646,37.3004150390625,45.088104248046875,29.0365047454834,39.33039855957031,41.27655029296875,25.11421775817871,17.174480438232422,41.517269134521484,10.297176361083984,12.366765022277832,55.96763229370117,16.241491317749023,31.163284301757812,15.677385330200195,11.220918655395508,18.583650588989258,37.86937713623047,37.510284423828125,43.06669616699219,24.583984375,56.87108612060547,32.82876968383789,108.89773559570312,18.172176361083984,24.048904418945312,12.217901229858398,45.32118225097656,30.59699821472168,62.34654235839844,36.033599853515625,29.555721282958984,15.035812377929688,19.762542724609375,146.04090881347656,29.583986282348633,33.71329116821289,3.470309257507324,20.37323760986328,9.155318260192871,31.482891082763672,39.589969635009766,48.13392639160156,32.751312255859375,7.700491428375244,27.352596282958984,15.230504989624023,22.097675323486328,60.34197998046875
2008-01-29,23.417320251464844,3.9488446712493896,37.24127960205078,45.06161117553711,30.234411239624023,38.96293640136719,41.14702606201172,24.481882095336914,16.925884246826172,40.548316955566406,10.382277488708496,12.494767189025879,56.56476593017578,16.08917808532715,30.968000411987305,15.651363372802734,11.290020942687988,18.947172164916992,38.153011322021484,37.20469665527344,43.559181213378906,24.491355895996094,59.33353805541992,32.9247932434082,109.02320861816406,18.110998153686523,24.60454559326172,12.228257179260254,45.92255783081055,31.138696670532227,62.09568405151367,36.33767318725586,30.086578369140625,15.088260650634766,20.25971794128418,145.89205932617188,29.900867462158203,33.62491226196289,3.480715751647949,20.532909393310547,9.126428604125977,32.249244689941406,39.51752853393555,48.68105697631836,33.535377502441406,7.814443588256836,27.12518310546875,15.373847961425781,22.111391067504883,61.26725387573242
2008-01-30,23.1299991607666,3.9680581092834473,36.77406692504883,45.16754913330078,30.17069435119629,39.20991897583008,41.46084976196289,23.533416748046875,16.70039176940918,39.81570053100586,10.346444129943848,12.610562324523926,56.324859619140625,16.249513626098633,31.126670837402344,15.846511840820312,11.324579238891602,18.736713409423828,38.25081253051758,37.026432037353516,43.21194076538086,24.31273651123047,60.73334884643555,32.4309196472168,109.5877456665039,18.01441192626953,24.408044815063477,12.046981811523438,45.35761260986328,30.567243576049805,62.1482048034668,35.98796463012695,30.280261993408203,15.385486602783203,20.359149932861328,147.75250244140625,28.9785099029541,33.0606575012207,3.5119314193725586,20.296358108520508,9.08672046661377,32.603614807128906,40.13044357299805,49.7076530456543,33.06391906738281,7.853457450866699,27.156770706176758,15.151808738708496,21.888689041137695,61.07655334472656
2008-01-31,23.417320251464844,4.063523769378662,37.34181594848633,45.38999938964844,30.20255470275879,39.408714294433594,41.47080993652344,23.50792121887207,17.055959701538086,40.205631256103516,10.462898254394531,12.860461235046387,57.10320281982422,16.473966598510742,32.69489288330078,15.93758773803711,11.688549041748047,19.540254592895508,38.95011901855469,37.605751037597656,44.821956634521484,25.30507469177246,60.960514068603516,31.95762825012207,110.90505981445312,18.088462829589844,26.366371154785156,11.922677993774414,44.820037841796875,30.591039657592773,62.959110260009766,37.34873962402344,31.67196273803711,15.976426124572754,21.17947769165039,148.49658203125,28.627666473388672,33.543331146240234,3.454702138900757,20.72216033935547,9.187803268432617,33.00739669799805,40.659812927246094,48.785552978515625,33.63273620605469,7.780566215515137,27.78213882446289,15.323258399963379,22.395736694335938,61.8464469909668
2008-02-01,21.872936248779297,4.015188694000244,37.47191619873047,45.522396087646484,30.744171142578125,39.78821563720703,41.09223937988281,23.44671630859375,17.131126403808594,40.666473388671875,10.56590747833252,13.268829345703125,58.15345764160156,16.578174591064453,33.08542251586914,16.223814010620117,11.789909362792969,19.419086456298828,39.71296310424805,38.33151626586914,45.308128356933594,24.947851181030273,60.652732849121094,32.485801696777344,113.41429138183594,18.52958106994629,27.037221908569336,12.409533500671387,45.36674118041992,30.751758575439453,63.07579040527344,37.70603561401367,32.30325698852539,16.060344696044922,20.912250518798828,154.6210174560547,29.487789154052734,32.80230712890625,3.5639617443084717,21.479135513305664,9.379145622253418,33.110382080078125,41.11115264892578,49.47404098510742,34.355316162109375,7.744635105133057,28.74233055114746,15.680194854736328,23.01927375793457,62.800010681152344
2008-02-04,21.686161041259766,3.9521498680114746,37.5369758605957,45.252296447753906,29.450679779052734,39.84846115112305,40.85810089111328,24.206523895263672,16.94900894165039,40.89690399169922,10.583828926086426,12.921407699584961,57.540382385253906,16.193389892578125,32.87794876098633,15.49523639678955,11.534208297729492,18.71758270263672,39.399993896484375,38.50341033935547,44.796695709228516,24.70305824279785,60.75532531738281,32.36232376098633,110.93639373779297,18.690561294555664,26.596763610839844,12.44578742980957,45.09339904785156,31.00178337097168,64.04421997070312,36.231239318847656,31.585886001586914,16.18622589111328,19.507741928100586,149.42681884765625,29.318031311035156,32.65274429321289,3.475512981414795,20.964624404907227,9.386362075805664,32.8631591796875,40.520511627197266,49.7568359375,33.84285354614258,7.7066473960876465,27.921127319335938,15.615553855895996,22.75546646118164,62.29851531982422
2008-02-05,20.881641387939453,3.8834006786346436,37.1821403503418,43.48860549926758,27.966035842895508,39.17978286743164,39.722320556640625,23.431432723999023,16.593429565429688,40.14655303955078,10.283737182617188,12.337645530700684,55.98896789550781,15.439835548400879,32.85354232788086,15.130950927734375,11.416725158691406,17.850252151489258,38.6762580871582,37.586673736572266,42.63105010986328,24.765911102294922,59.86854934692383,31.76555633544922,107.29812622070312,18.461956024169922,25.74972915649414,12.135030746459961,43.562644958496094,30.501766204833984,62.87160873413086,34.741249084472656,30.395044326782227,15.584792137145996,18.935998916625977,141.2857666015625,27.931638717651367,30.973526000976562,3.34544038772583,20.668933868408203,9.151704788208008,31.351037979125977,39.980010986328125,48.45360565185547,33.535377502441406,7.507489204406738,26.550338745117188,15.306390762329102,22.042869567871094,58.96464538574219
2008-02-06,20.486562728881836,3.662454605102539,37.288597106933594,43.13374328613281,27.857717514038086,39.342445373535156,38.6114501953125,23.309043884277344,16.683048248291016,39.42573928833008,10.261027336120605,12.215005874633789,55.43777847290039,15.776527404785156,32.78641891479492,15.013863563537598,11.248557090759277,17.633424758911133,38.72026443481445,37.35111999511719,42.921485900878906,24.63028907775879,58.85219192504883,31.916473388671875,107.26673889160156,18.587526321411133,25.98691177368164,12.337024688720703,44.44646072387695,30.59699821472168,61.60564041137695,34.87047576904297,30.36635971069336,15.689696311950684,18.88576316833496,139.28396606445312,27.875043869018555,30.558837890625,3.2830071449279785,20.41463279724121,9.148094177246094,30.271543502807617,39.985572814941406,47.91261291503906,33.46364212036133,7.469508171081543,26.063920974731445,15.297956466674805,22.149070739746094,58.837486267089844
2008-02-07,20.19923973083496,3.6396377086639404,37.14665985107422,43.55929183959961,28.743406295776367,39.61955642700195,39.22417449951172,23.303943634033203,16.89697265625,41.5999870300293,10.297364234924316,12.294713020324707,54.76879119873047,15.39173412322998,33.23188400268555,15.209013938903809,11.481223106384277,18.111730575561523,38.6909294128418,37.41476821899414,43.136165618896484,25.014005661010742,58.73434829711914,32.053653717041016,107.36089324951172,18.706653594970703,26.535781860351562,12.088418960571289,43.94532775878906,30.489856719970703,61.73982620239258,35.311405181884766,31.112398147583008,15.53584098815918,19.124359130859375,141.73223876953125,28.73518180847168,30.511240005493164,3.210167407989502,20.54473114013672,9.151704788208008,30.704160690307617,40.22669982910156,48.63186264038086,33.34065628051758,7.607072353363037,26.095510482788086,15.410385131835938,22.042869567871094,57.90510559082031
2008-02-08,20.51529312133789,3.766925096511841,36.68534469604492,43.46352005004883,27.921430587768555,39.16775894165039,39.48322296142578,22.70731544494629,17.12824058532715,41.24549102783203,10.129300117492676,12.429620742797852,55.26649475097656,15.383723258972168,33.95192337036133,15.31309986114502,11.232430458068848,17.837499618530273,38.417076110839844,36.81634521484375,42.9404182434082,24.583984375,58.4250373840332,31.937053680419922,106.1376724243164,18.288084030151367,26.80682945251465,11.948578834533691,43.35306930541992,29.90052604675293,61.69901657104492,34.193912506103516,30.244394302368164,15.570807456970215,18.50905418395996,139.20953369140625,28.14101791381836,29.362300872802734,3.163342237472534,20.745805740356445,9.285280227661133,31.058502197265625,39.57625961303711,48.60728073120117,33.08952713012695,7.503383636474609,26.158679962158203,15.132134437561035,22.053142547607422,58.2441520690918
2008-02-11,20.26388168334961,3.886103630065918,36.59663009643555,44.266746520996094,27.62195587158203,39.75810241699219,40.0660514831543,23.105064392089844,17.20050811767578,41.9249382019043,10.08387565612793,12.681037902832031,56.26726531982422,15.584131240844727,34.159393310546875,15.300086975097656,11.42594051361084,18.296672821044922,38.769168853759766,36.69538116455078,43.83066940307617,25.010692596435547,59.750709533691406,31.813589096069336,106.6708984375,18.139978408813477,27.220176696777344,11.886427879333496,42.95216369628906,29.90052604675293,62.77827072143555,33.92783737182617,30.23004722595215,15.595282554626465,18.546733856201172,138.31655883789062,27.914661407470703,28.913618087768555,3.3246285915374756,21.236663818359375,9.375535011291504,31.7136287689209,40.04166793823242,48.87777328491211,33.16128158569336,7.434601783752441,27.131502151489258,15.432868003845215,22.20046043395996,59.57206344604492
2008-02-12,20.357269287109375,3.748311758041382,37.24127960205078,44.8837776184082,27.596477508544922,40.45688247680664,40.40977096557617,23.72719383239746,17.321928024291992,42.5157585144043,10.30190372467041,12.815936088562012,57.01116180419922,15.56008243560791,34.39736557006836,15.241540908813477,11.57567024230957,18.098976135253906,38.68114471435547,36.62535095214844,44.19688034057617,25.37786293029785,61.54035186767578,31.92333221435547,107.79998016357422,18.01441192626953,27.34893798828125,12.010725021362305,42.87015151977539,30.370790481567383,62.54487609863281,34.26993179321289,30.717878341674805,15.76662826538086,18.78531265258789,134.4320831298828,28.373023986816406,29.035982131958008,3.3610494136810303,21.431812286376953,9.306941032409668,31.478759765625,40.636043548583984,48.834712982177734,33.62248611450195,7.435629844665527,27.529481887817383,15.491889953613281,22.292957305908203,61.0836296081543
2008-02-13,20.802621841430664,3.8846044540405273,37.501495361328125,45.474212646484375,28.099834442138672,40.36048889160156,41.20250701904297,24.25750732421875,17.168718338012695,42.32077407836914,10.329161643981934,13.006030082702637,58.022613525390625,15.760497093200684,34.56211853027344,15.651363372802734,11.670119285583496,18.073467254638672,39.79609680175781,37.45296096801758,45.238677978515625,25.50687026977539,62.95439147949219,32.28002166748047,109.71318054199219,18.197940826416016,27.59287452697754,12.357739448547363,42.65147018432617,30.244640350341797,63.51333236694336,35.615478515625,31.083740234375,15.892502784729004,19.130630493164062,134.08226013183594,28.63332176208496,29.389514923095703,3.4234843254089355,21.408164978027344,9.580302238464355,32.40583038330078,41.219200134277344,49.271183013916016,33.46875762939453,7.47874641418457,27.769519805908203,15.598688125610352,22.464252471923828,60.41968536376953
2008-02-14,20.472196578979492,3.826364755630493,37.13482666015625,45.50612258911133,27.15044403076172,40.13760757446289,41.563758850097656,23.915855407714844,16.925884246826172,42.28533935546875,10.197434425354004,12.546127319335938,56.79706954956055,15.303552627563477,33.915306091308594,15.30659008026123,11.511173248291016,17.544137954711914,39.26307678222656,36.61260986328125,44.47470474243164,25.20915412902832,62.76292419433594,32.08110809326172,107.86270141601562,17.83089256286621,26.983022689819336,12.021088600158691,41.776756286621094,30.02833366394043,62.48070526123047,34.733646392822266,30.30181121826172,15.644238471984863,18.57811737060547,131.3884735107422,27.971256256103516,28.974809646606445,3.3610494136810303,21.06722068786621,9.515130996704102,32.53356170654297,40.56313705444336,49.031436920166016,32.874305725097656,7.462317943572998,27.579442977905273,15.40758228302002,21.991470336914062,60.98472595214844
2008-02-15,20.41473388671875,3.7414066791534424,37.19988250732422,45.41035842895508,27.558238983154297,39.93882369995117,41.94507598876953,24.23712158203125,16.98658561706543,42.379859924316406,10.142924308776855,12.331517219543457,56.81313705444336,15.303552627563477,33.74445343017578,15.156970977783203,11.389082908630371,17.550521850585938,39.09680938720703,35.67677307128906,44.165313720703125,24.914770126342773,62.73345184326172,31.991931915283203,107.79998016357422,17.885622024536133,26.915246963500977,12.067697525024414,44.16400909423828,30.533021926879883,61.69901657104492,34.29273223876953,30.631792068481445,15.602279663085938,18.640907287597656,132.76516723632812,27.858064651489258,28.770849227905273,3.3558473587036133,21.031644821166992,9.728751182556152,32.570648193359375,40.60799026489258,49.129798889160156,33.017799377441406,7.445893287658691,27.95958137512207,15.848830223083496,21.874990463256836,60.03822708129883
2008-02-19,20.31377601623535,3.6678574085235596,37.64934539794922,46.28270721435547,27.290632247924805,39.94483184814453,42.56222152709961,24.00255012512207,16.795787811279297,42.03127670288086,10.161094665527344,12.362165451049805,56.19234085083008,15.247441291809082,33.97024154663086,14.883755683898926,11.439760208129883,17.416595458984375,39.04791259765625,35.912330627441406,44.44944763183594,24.78244400024414,62.873382568359375,32.1428337097168,107.5176773071289,17.892059326171875,27.15242576599121,11.995186805725098,43.58998107910156,30.220584869384766,62.62073516845703,33.867034912109375,30.610261917114258,15.798090934753418,18.747638702392578,129.33457946777344,27.42234992980957,28.206584930419922,3.371454954147339,21.00199317932129,9.540472984313965,33.22576141357422,40.501461029052734,49.54782485961914,32.80255889892578,7.486959457397461,28.7388916015625,15.865694999694824,22.3512020111084,58.9716796875
2008-02-20,20.34983253479004,3.717090606689453,37.395050048828125,46.86253356933594,27.494524002075195,39.86050033569336,43.3198356628418,23.977052688598633,16.8333683013916,42.019466400146484,10.206518173217773,12.497075080871582,57.71756362915039,15.576109886169434,34.29363250732422,15.091917991638184,11.448976516723633,17.678056716918945,39.33824920654297,35.874122619628906,44.98611068725586,25.146312713623047,61.86440658569336,32.47893142700195,107.76860809326172,17.904939651489258,27.450580596923828,11.943395614624023,43.93623352050781,30.26265525817871,62.46321487426758,34.43715286254883,30.825462341308594,15.94495964050293,19.243642807006836,131.90187072753906,28.174968719482422,29.6070499420166,3.335035800933838,21.34589958190918,9.522369384765625,33.621315002441406,40.731361389160156,49.79372787475586,32.93068313598633,7.487984657287598,28.726207733154297,15.88537883758545,21.9954833984375,60.58918762207031
2008-02-21,20.2632999420166,3.6486449241638184,37.247188568115234,46.2348518371582,27.443552017211914,39.7340087890625,42.53713607788086,23.523212432861328,16.763992309570312,41.99583053588867,10.17471981048584,12.448017120361328,57.22521209716797,15.143219947814941,33.70172882080078,15.085415840148926,11.469704627990723,17.467615127563477,38.85598373413086,35.3393669128418,44.695682525634766,24.865148544311523,60.398807525634766,32.06052017211914,106.62920379638672,17.66345977783203,27.267614364624023,11.788013458251953,42.95216369628906,29.932207107543945,61.25564193725586,33.96585464477539,30.280261993408203,15.361008644104004,19.300155639648438,130.3540496826172,27.626066207885742,29.348716735839844,3.2413833141326904,21.606796264648438,9.163928031921387,33.07427215576172,40.31642532348633,48.81013870239258,32.869178771972656,7.534183025360107,28.77689552307129,15.786998748779297,22.10254669189453,60.65980529785156
2008-02-22,19.960426330566406,3.5862038135528564,37.61333084106445,46.367835998535156,27.991525650024414,39.88461685180664,42.85823059082031,23.49260711669922,16.842044830322266,42.1730842590332,10.220144271850586,12.153679847717285,57.83528137207031,15.1512451171875,33.9824333190918,15.352128982543945,11.511173248291016,17.709957122802734,39.20537567138672,35.99510955810547,44.94190979003906,25.199243545532227,61.15736389160156,31.84788703918457,106.18609619140625,17.560426712036133,27.21341323852539,11.668895721435547,43.16173553466797,30.34676170349121,61.32560348510742,34.25471878051758,30.560043334960938,15.007834434509277,19.739646911621094,132.2442169189453,28.0108642578125,30.04214859008789,3.2517905235290527,22.181957244873047,9.319610595703125,33.40581512451172,40.31080627441406,48.61957931518555,33.33039474487305,7.555737495422363,28.244691848754883,15.992170333862305,22.23377227783203,61.57097625732422
2008-02-25,20.075815200805664,3.594608783721924,38.01220703125,47.410423278808594,28.05524253845215,40.167728424072266,43.74129867553711,23.859779357910156,16.98947525024414,42.297142028808594,10.347332954406738,12.22726821899414,58.910987854003906,15.207351684570312,34.20210266113281,15.48222541809082,11.594100952148438,18.37957763671875,39.8598747253418,37.047462463378906,45.617496490478516,25.513486862182617,62.35047912597656,32.0673713684082,108.27500915527344,17.859867095947266,27.28116226196289,12.010725021362305,43.21639633178711,30.8214054107666,62.20655822753906,34.368743896484375,30.803945541381836,15.25261116027832,19.896610260009766,131.9837188720703,28.837032318115234,30.78318214416504,3.3610494136810303,22.158235549926758,9.341336250305176,34.089595794677734,40.64164352416992,49.203556060791016,33.566123962402344,7.6234941482543945,28.403099060058594,16.180482864379883,22.79325294494629,62.85651397705078
2008-02-26,20.465206146240234,3.5768966674804688,37.93480682373047,47.81468200683594,27.857717514038086,40.770118713378906,44.21294403076172,23.655797958374023,17.206289291381836,42.14354705810547,10.370038986206055,12.687166213989258,61.21221160888672,15.399754524230957,34.446189880371094,15.657864570617676,11.840587615966797,18.385957717895508,40.00258255004883,37.84714126586914,46.28044509887695,25.463871002197266,62.28420639038086,32.80133056640625,107.42047119140625,17.892059326171875,27.165973663330078,12.103955268859863,43.50796127319336,31.5123291015625,61.8098258972168,34.824867248535156,30.646129608154297,15.40645980834961,19.714527130126953,128.51593017578125,29.804676055908203,30.545244216918945,3.3922669887542725,22.38355827331543,9.3920259475708,35.05930709838867,40.66966247558594,48.883914947509766,33.79673385620117,7.624521255493164,29.09368896484375,16.250736236572266,22.71036148071289,61.77581787109375
2008-02-27,20.378671646118164,3.6912729740142822,37.52998352050781,47.548702239990234,28.297380447387695,40.487003326416016,44.263099670410156,23.171348571777344,17.3594970703125,42.06673812866211,10.333700180053711,12.736225128173828,62.32533264160156,15.383723258972168,33.76275634765625,16.23031997680664,11.847506523132324,18.436979293823242,39.603973388671875,38.14781188964844,46.86130905151367,25.62926483154297,61.82759094238281,31.964475631713867,107.67365264892578,17.560426712036133,27.430246353149414,12.015908241271973,43.480628967285156,31.139827728271484,61.46565628051758,35.022525787353516,30.760906219482422,15.312050819396973,19.928001403808594,134.54360961914062,30.6931095123291,31.191078186035156,3.4338901042938232,22.181957244873047,9.21823501586914,34.86454391479492,40.546321868896484,49.68306350708008,33.92996597290039,7.645056247711182,28.656518936157227,16.115835189819336,22.510059356689453,60.914093017578125
2008-02-28,20.140710830688477,3.8999133110046387,37.333518981933594,47.54338836669922,27.042118072509766,40.34242630004883,44.66448211669922,23.048973083496094,17.18894386291504,41.984004974365234,10.2428560256958,12.564529418945312,61.67244338989258,15.56008243560791,33.556949615478516,16.041671752929688,11.679332733154297,17.671688079833984,39.26934051513672,37.85993957519531,46.968650817871094,25.543254852294922,62.4536018371582,31.23053741455078,107.1356201171875,17.4573974609375,27.735172271728516,11.865705490112305,42.30522918701172,30.599092483520508,61.59449005126953,33.768184661865234,29.713552474975586,15.896002769470215,19.1871395111084,131.49258422851562,29.844295501708984,30.18492317199707,3.4442949295043945,22.23531723022461,9.113235473632812,35.30797576904297,40.232303619384766,49.386619567871094,33.69936752319336,7.574219226837158,29.4421329498291,15.969683647155762,22.06110191345215,61.42971420288086
2008-02-29,19.614301681518555,3.753115653991699,36.88700485229492,46.28270721435547,25.901565551757812,39.866539001464844,43.48040008544922,22.59004020690918,16.899856567382812,41.09777069091797,10.12021255493164,12.24566650390625,60.933921813964844,15.071084022521973,33.243614196777344,15.866025924682617,11.423629760742188,16.93190574645996,38.580421447753906,36.810760498046875,45.66801071166992,25.16946792602539,60.9732666015625,31.22367286682129,104.88841247558594,17.241674423217773,27.36248207092285,11.71032428741455,40.619590759277344,30.05237579345703,60.446475982666016,32.15657043457031,28.508358001708984,16.54638671875,18.352092742919922,126.23143005371094,28.59370994567871,28.634889602661133,3.3974695205688477,21.64830780029297,8.780132293701172,34.27606964111328,39.38560104370117,48.54674530029297,33.40212631225586,7.508516311645508,28.574153900146484,15.736409187316895,21.404939651489258,60.18659210205078
2008-03-03,19.462865829467773,3.654348373413086,37.04774475097656,46.676361083984375,25.372713088989258,39.96894073486328,43.75133514404297,22.4676570892334,17.061750411987305,41.45818328857422,10.10659408569336,12.27018928527832,61.13194274902344,15.191327095031738,32.659969329833984,15.872533798217773,11.492737770080566,17.276290893554688,38.624698638916016,37.4568977355957,46.217315673828125,25.417551040649414,59.41191864013672,31.216821670532227,105.71134185791016,17.138648986816406,27.165973663330078,11.596380233764648,40.765377044677734,30.154510498046875,60.91505813598633,31.989322662353516,28.10663414001465,16.983478546142578,18.126070022583008,122.84552001953125,28.282474517822266,28.26777458190918,3.21536922454834,21.61272430419922,8.990135192871094,34.57859420776367,39.59307098388672,50.9923095703125,33.59174728393555,7.496194362640381,28.979644775390625,15.890986442565918,21.64322853088379,61.85350036621094
2008-03-04,19.89552879333496,3.741107225418091,37.29185104370117,46.112525939941406,24.971282958984375,39.78821563720703,43.5155143737793,22.314666748046875,17.162925720214844,41.381385803222656,10.102045059204102,12.264059066772461,61.92396926879883,14.782474517822266,32.948699951171875,15.800979614257812,11.488134384155273,17.1359920501709,38.58534622192383,37.437705993652344,45.29550552368164,25.45063591003418,58.638614654541016,31.305992126464844,106.0911636352539,17.141855239868164,27.728404998779297,11.466907501220703,40.246002197265625,30.046367645263672,60.75107192993164,32.422637939453125,27.819686889648438,17.2457332611084,18.100955963134766,121.74411010742188,28.14667320251465,28.11141586303711,3.1893556118011475,21.86175537109375,9.055306434631348,33.774635314941406,39.83979797363281,49.559566497802734,33.304752349853516,7.579352378845215,29.14436149597168,15.7139253616333,21.163183212280273,61.2319450378418
2008-03-05,20.277727127075195,3.737203359603882,37.58357238769531,46.37848663330078,24.684541702270508,40.179771423339844,44.54909133911133,22.247798919677734,17.252540588378906,41.74667739868164,10.015743255615234,12.386701583862305,61.752708435058594,15.071084022521973,33.1391716003418,15.78796672821045,11.414420127868652,17.065837860107422,38.84123229980469,37.75758743286133,45.36493682861328,25.348098754882812,59.44137954711914,31.03847885131836,106.56593322753906,17.058155059814453,27.29473304748535,11.492801666259766,40.92937469482422,30.292678833007812,61.33092498779297,32.10332489013672,27.389328002929688,17.119844436645508,18.195127487182617,122.76365661621094,27.7731876373291,28.192989349365234,3.184152841567993,21.511926651000977,9.091512680053711,34.24292755126953,40.54069137573242,49.60895538330078,33.3358039855957,7.690225601196289,29.5118408203125,15.739225387573242,21.322057723999023,63.06133270263672
2008-03-06,19.8811092376709,3.6303322315216064,37.285888671875,44.95291519165039,23.81159019470215,40.06533432006836,44.05236053466797,21.805418014526367,17.084880828857422,41.65163803100586,9.806798934936523,12.184343338012695,60.216793060302734,15.415785789489746,32.58625411987305,15.573302268981934,11.513470649719238,16.4281063079834,38.358970642089844,36.77238082885742,44.67041778564453,25.04045295715332,58.5576057434082,30.34568977355957,104.00218200683594,16.771595001220703,26.56289291381836,11.27527141571045,39.41685485839844,29.848087310791016,61.002925872802734,31.38876724243164,26.638042449951172,16.717721939086914,17.473102569580078,118.06057739257812,26.907400131225586,26.969276428222656,3.090500593185425,21.132448196411133,9.116853713989258,33.21104431152344,40.394920349121094,49.17047882080078,33.05657196044922,7.593726634979248,29.315433502197266,15.438486099243164,20.94561195373535,62.0512809753418
2008-03-07,20.097444534301758,3.6699578762054443,36.61911392211914,43.87842559814453,23.932655334472656,39.63761901855469,42.77796936035156,21.476207733154297,17.01260757446289,41.336822509765625,9.69778060913086,12.306979179382324,60.97673034667969,15.231402397155762,32.1131591796875,15.683892250061035,11.495050430297852,16.504627227783203,37.65036392211914,36.18381118774414,44.095848083496094,24.772533416748047,56.41447067260742,30.30452537536621,102.00828552246094,16.433530807495117,26.366371154785156,11.332242965698242,39.115901947021484,29.860105514526367,60.43476867675781,31.571210861206055,26.798511505126953,17.0289306640625,17.648902893066406,119.11727905273438,26.794225692749023,27.098438262939453,3.0072555541992188,21.06722068786621,9.290648460388184,32.47336959838867,40.350067138671875,48.79377746582031,32.844566345214844,7.6501874923706055,28.51712989807129,15.382274627685547,20.227285385131836,58.78095245361328
2008-03-10,20.22724151611328,3.593108654022217,36.51195526123047,43.862483978271484,23.244508743286133,39.61353302001953,42.512046813964844,21.224145889282227,16.957672119140625,40.99824523925781,9.606942176818848,12.337645530700684,61.01420974731445,15.455877304077148,33.05314254760742,15.605819702148438,11.253165245056152,15.94342041015625,37.14349365234375,35.62083053588867,43.388710021972656,24.871767044067383,54.77946472167969,30.647506713867188,100.3308334350586,16.291858673095703,26.196969985961914,11.047383308410645,39.19797897338867,29.69188690185547,58.75959396362305,30.438501358032227,25.755455017089844,16.13028335571289,17.510778427124023,115.77595520019531,25.47572898864746,26.037891387939453,2.9136035442352295,20.794469833374023,9.167545318603516,32.0548210144043,39.918296813964844,48.4108772277832,32.89627456665039,7.672770977020264,27.173948287963867,15.727978706359863,19.85775375366211,57.389495849609375
2008-03-11,21.114213943481445,3.82306170463562,37.17276382446289,46.10719299316406,24.74825668334961,40.15567398071289,44.233009338378906,21.769411087036133,17.19182777404785,41.5506706237793,9.86584758758545,12.999896049499512,62.341373443603516,15.64024543762207,33.32961654663086,16.36041831970215,11.57567024230957,16.860454559326172,38.358970642089844,36.43971252441406,45.84479904174805,25.27863883972168,54.05768966674805,30.606342315673828,105.71134185791016,16.375566482543945,26.928796768188477,11.254554748535156,35.34931182861328,30.39482307434082,59.54447555541992,33.319671630859375,27.513330459594727,16.52540397644043,19.350385665893555,121.34976959228516,28.25420379638672,28.886436462402344,3.0696890354156494,21.559358596801758,9.413748741149902,32.94580078125,40.815467834472656,49.20753860473633,33.0617561340332,7.725128650665283,28.206687927246094,16.05962371826172,20.627885818481445,60.553855895996094
2008-03-12,20.645490646362305,3.7834362983703613,37.23826217651367,45.729522705078125,24.601703643798828,40.38459777832031,43.5155143737793,21.83628273010254,17.220930099487305,41.319007873535156,9.665982246398926,12.95084285736084,62.65178298950195,15.776527404785156,32.991722106933594,16.353914260864258,11.64001750946045,16.815401077270508,38.59026336669922,36.45249938964844,47.51164627075195,25.28193473815918,53.35803985595703,30.860136032104492,107.48373413085938,16.530113220214844,26.678075790405273,11.06291675567627,36.43458938598633,29.908174514770508,58.83575439453125,32.491065979003906,27.010046005249023,16.787654876708984,18.546733856201172,121.30510711669922,27.475196838378906,27.880260467529297,2.9656314849853516,21.618656158447266,9.077027320861816,32.456817626953125,40.338844299316406,49.00373458862305,32.65325927734375,7.561902046203613,27.95958137512207,16.236696243286133,20.658973693847656,59.317771911621094
2008-03-13,20.638280868530273,3.840773820877075,37.39305877685547,46.304019927978516,24.283117294311523,40.577362060546875,43.67106246948242,21.56879425048828,17.14528465270996,41.128929138183594,9.634191513061523,13.048958778381348,62.0310173034668,15.904794692993164,33.72282791137695,16.23031997680664,11.711771965026855,17.040639877319336,38.91505432128906,36.27337646484375,47.77682876586914,25.51017951965332,54.63216018676758,32.36232376098633,108.40159606933594,16.91969871520996,27.064329147338867,11.08881664276123,37.42868423461914,29.535675048828125,59.222328186035156,32.46064758300781,27.09027862548828,16.955503463745117,18.50905418395996,123.11343383789062,27.04872703552246,28.281370162963867,2.8043434619903564,21.6601619720459,9.051680564880371,32.33248519897461,39.660362243652344,48.66409683227539,32.906620025634766,7.540343761444092,28.05462074279785,16.200157165527344,20.917991638183594,59.494388580322266
2008-03-14,20.162338256835938,3.8008480072021484,37.297794342041016,45.6976318359375,23.282737731933594,40.2038688659668,42.81808090209961,21.07497215270996,16.737958908081055,40.65965270996094,9.375280380249023,12.668769836425781,61.6671142578125,15.648269653320312,33.655250549316406,15.8204984664917,11.531231880187988,16.57086181640625,38.15229034423828,35.908721923828125,47.22121810913086,25.232316970825195,56.14196014404297,30.496597290039062,107.04063415527344,16.542991638183594,26.1630859375,10.69001579284668,36.42546844482422,28.724586486816406,58.88845443725586,31.175893783569336,26.032630920410156,16.626811981201172,17.862369537353516,116.72850799560547,26.3209228515625,26.887685775756836,2.752314805984497,21.322179794311523,8.794617652893066,32.11283874511719,39.032352447509766,47.89213943481445,32.570518493652344,7.368899345397949,27.782169342041016,16.07648277282715,20.379240036010742,58.540828704833984
2008-03-17,20.407514572143555,3.804450273513794,38.125328063964844,45.63377380371094,25.684917449951172,40.390621185302734,42.24111557006836,21.527639389038086,16.784513473510742,41.07545852661133,9.343482971191406,12.785284042358398,61.83832550048828,15.455877304077148,33.34805679321289,15.800979614257812,11.561323165893555,16.538684844970703,38.63454055786133,35.3265495300293,47.012855529785156,25.358013153076172,55.59694290161133,29.550003051757812,108.65482330322266,16.922924041748047,25.424474716186523,10.596785545349121,35.960357666015625,29.361438751220703,58.60145568847656,31.708026885986328,26.229572296142578,16.35057258605957,18.069564819335938,112.38265228271484,26.17876434326172,24.73259162902832,2.658662796020508,21.19173812866211,8.881510734558105,31.445648193359375,39.032352447509766,48.97287368774414,32.715309143066406,7.2589311599731445,26.654436111450195,15.955631256103516,20.03042984008789,57.234127044677734
2008-03-18,21.215166091918945,3.987272262573242,38.881385803222656,47.059326171875,27.21416473388672,41.2881965637207,43.209449768066406,22.216928482055664,17.284931182861328,41.59223556518555,9.538803100585938,13.337165832519531,63.36890411376953,16.049095153808594,33.69824981689453,16.6401424407959,11.799722671508789,17.497543334960938,39.83526611328125,36.32455825805664,48.534488677978516,25.672264099121094,56.36289978027344,28.267303466796875,114.38346862792969,17.32860565185547,26.596763610839844,11.057743072509766,36.08803176879883,29.992290496826172,59.48004150390625,33.22844696044922,28.395910263061523,16.81563377380371,19.802427291870117,130.66668701171875,27.935758590698242,29.137962341308594,2.752314805984497,21.84989356994629,9.113235473632812,32.43607711791992,40.31642532348633,49.275489807128906,33.33061599731445,7.42388391494751,27.573108673095703,16.357547760009766,20.70041275024414,58.92930603027344
2008-03-19,20.638280868530273,3.892709255218506,38.625389099121094,44.910377502441406,27.061246871948242,40.84843826293945,41.08711624145508,22.114059448242188,17.444957733154297,41.687286376953125,9.361648559570312,12.932449340820312,62.582237243652344,15.680335998535156,32.96714401245117,15.918069839477539,11.753433227539062,17.272314071655273,39.10695266723633,35.25618362426758,46.55195999145508,25.5631046295166,54.09454345703125,27.4167537689209,112.64273071289062,17.512136459350586,26.5222225189209,11.114714622497559,35.91476058959961,30.0223331451416,58.988040924072266,31.928491592407227,28.12602996826172,16.630308151245117,19.199691772460938,123.89476776123047,27.395591735839844,29.539079666137695,2.8355605602264404,21.571216583251953,9.02634048461914,30.504926681518555,39.609886169433594,48.31825256347656,33.33061599731445,7.342963218688965,26.73044776916504,16.559906005859375,20.168582916259766,56.146366119384766
2008-03-20,21.042102813720703,4.000782489776611,38.92304611206055,45.21356201171875,29.29138946533203,41.78818130493164,41.74940872192383,22.304370880126953,17.759178161621094,42.287235260009766,9.352569580078125,13.337165832519531,63.32611846923828,16.097187042236328,33.43406295776367,16.113222122192383,12.320503234863281,18.057416915893555,38.373722076416016,34.731590270996094,46.6087646484375,25.6358699798584,55.08877944946289,27.512781143188477,118.65620422363281,17.921037673950195,27.003332138061523,11.114714622497559,36.32515335083008,29.94422721862793,58.60145568847656,34.954097747802734,30.53306770324707,16.93452262878418,20.436555862426758,133.6729736328125,28.788679122924805,33.76768112182617,2.9240095615386963,21.808395385742188,9.196513175964355,31.010509490966797,40.181861877441406,48.435577392578125,33.594337463378906,7.289018630981445,25.45697021484375,16.89717674255371,20.389596939086914,55.962703704833984
2008-03-24,21.034893035888672,4.188705921173096,38.631343841552734,45.7188835144043,29.660947799682617,42.14962387084961,42.150787353515625,22.762197494506836,17.799907684326172,42.441680908203125,9.361648559570312,13.570176124572754,63.716773986816406,16.650331497192383,34.26346969604492,16.679174423217773,12.413086891174316,18.829647064208984,38.698516845703125,35.19219970703125,48.00412368774414,25.675575256347656,56.18614196777344,28.109540939331055,118.37137603759766,17.84698486328125,27.728404998779297,11.01630687713623,37.7661247253418,30.100425720214844,59.029022216796875,36.04120635986328,30.96345329284668,17.347129821777344,20.147743225097656,133.11485290527344,29.652965545654297,33.14223098754883,3.10090708732605,22.893476486206055,9.138580322265625,31.329593658447266,41.135066986083984,48.39853286743164,33.58914566040039,7.436332702636719,26.477027893066406,16.759464263916016,20.91107749938965,57.530765533447266
2008-03-25,21.013261795043945,4.232237339019775,38.42893600463867,45.3199462890625,29.348722457885742,41.89057922363281,42.41669845581055,22.978248596191406,17.86682891845703,42.49512481689453,9.438878059387207,13.656023025512695,63.133426666259766,16.89883804321289,34.52764892578125,16.750728607177734,12.278836250305176,18.507883071899414,38.8658447265625,35.82555389404297,48.3892822265625,25.831037521362305,55.89890670776367,28.013507843017578,117.95999145507812,17.55721092224121,27.884262084960938,11.187225341796875,38.22212600708008,30.142480850219727,59.743614196777344,36.11721420288086,29.883920669555664,17.836666107177734,20.1289119720459,133.6729736328125,30.346675872802734,33.61811447143555,3.121717691421509,22.537710189819336,9.214614868164062,30.88618278503418,41.12385940551758,48.71351623535156,33.832183837890625,7.607511520385742,27.053579330444336,16.65265655517578,21.08720588684082,58.08878707885742
2008-03-26,20.595008850097656,4.35471773147583,38.51824188232422,45.883785247802734,28.106229782104492,41.950828552246094,42.62744140625,22.993682861328125,17.791173934936523,42.26941680908203,9.397991180419922,13.404613494873047,62.56617736816406,16.786609649658203,34.159019470214844,16.11972999572754,12.244123458862305,18.121767044067383,38.70835494995117,35.58884811401367,48.84386444091797,25.65572738647461,56.19350814819336,28.809186935424805,117.51679992675781,17.396217346191406,27.95199966430664,10.980053901672363,37.629329681396484,30.154510498046875,59.29261779785156,34.4827880859375,29.05966567993164,17.56742286682129,19.34410285949707,130.58473205566406,29.311798095703125,32.48957061767578,3.054079532623291,22.5080623626709,9.113235473632812,31.623838424682617,40.781822204589844,48.39234924316406,33.60984802246094,7.573275089263916,26.85084342956543,16.585203170776367,20.645160675048828,57.08578109741211
2008-03-27,20.22724151611328,4.210322380065918,38.470611572265625,45.85188293457031,27.309728622436523,41.81227493286133,42.34646987915039,23.034832000732422,17.837722778320312,42.287235260009766,9.33893871307373,12.932449340820312,61.82228469848633,15.576109886169434,34.066864013671875,15.729425430297852,12.121452331542969,17.883663177490234,38.31467819213867,35.18580627441406,48.6355094909668,25.702024459838867,54.66162109375,28.459375381469727,116.56730651855469,17.241674423217773,27.70807647705078,11.031850814819336,37.95763397216797,30.298681259155273,58.5955924987793,34.079872131347656,28.184385299682617,17.47650909423828,18.9987850189209,125.12257385253906,28.578292846679688,31.061925888061523,3.0332694053649902,22.093008041381836,8.961167335510254,31.383459091186523,40.837913513183594,48.05886459350586,33.258235931396484,7.596100330352783,26.572065353393555,16.779136657714844,20.57608413696289,56.07967758178711
2008-03-28,20.126291275024414,4.293176174163818,38.208656311035156,45.3305778503418,27.21416473388672,41.83035659790039,42.39663314819336,22.89594078063965,17.730072021484375,42.507015228271484,9.311688423156738,12.74848747253418,61.31388854980469,15.528020858764648,34.085296630859375,15.664371490478516,12.063584327697754,17.619813919067383,38.358970642089844,35.72960662841797,48.67338562011719,25.840959548950195,54.109283447265625,28.43192481994629,115.87100219726562,17.08713150024414,27.680944442749023,11.125072479248047,37.49251937866211,30.2145938873291,58.677616119384766,32.802730560302734,27.76862335205078,17.347129821777344,18.427444458007812,122.37667083740234,27.810665130615234,30.416061401367188,2.908400535583496,22.193809509277344,9.109614372253418,31.35862159729004,40.51829147338867,48.12681198120117,33.134151458740234,7.659380912780762,26.787479400634766,16.88031005859375,20.47248077392578,56.63938903808594
2008-03-31,20.465206146240234,4.307885646820068,38.619441986083984,44.99014663696289,27.367088317871094,42.2098503112793,42.828128814697266,19.5214786529541,17.709707260131836,42.88719940185547,9.50700569152832,12.987634658813477,61.61892318725586,15.680335998535156,34.26346969604492,15.670880317687988,12.193203926086426,17.999488830566406,38.949493408203125,36.094234466552734,49.4310417175293,25.771499633789062,54.7720947265625,28.658281326293945,117.13697052001953,17.756832122802734,27.450580596923828,11.031850814819336,37.00003433227539,30.995637893676758,58.16217041015625,33.23604965209961,27.651920318603516,18.018495559692383,18.270475387573242,123.0761947631836,28.430469512939453,31.06871795654297,2.9760379791259766,22.585155487060547,9.196513175964355,31.58238983154297,40.94443130493164,48.05270767211914,33.37715148925781,7.4676408767700195,26.077865600585938,16.829723358154297,20.89727210998535,56.99366760253906
2008-04-01,21.272859573364258,4.488907814025879,39.21476745605469,46.28805923461914,29.94768524169922,42.85441207885742,43.52053451538086,19.711807250976562,17.875551223754883,42.84559631347656,9.711410522460938,13.472063064575195,62.341373443603516,16.361736297607422,34.96385192871094,16.249832153320312,12.517241477966309,18.977663040161133,40.017337799072266,36.97068786621094,50.49809265136719,25.930273056030273,55.88418197631836,28.918933868408203,121.63140869140625,17.782588958740234,27.89780044555664,11.487622261047363,40.29237747192383,31.259992599487305,59.351192474365234,35.79792785644531,29.803688049316406,18.490550994873047,19.771038055419922,131.61170959472656,30.920963287353516,33.210208892822266,3.106109142303467,23.083221435546875,9.348578453063965,32.20815658569336,41.903289794921875,48.32442855834961,33.868385314941406,7.450824737548828,26.559391021728516,17.133264541625977,21.59833335876465,57.418758392333984
2008-04-02,21.027679443359375,4.427666664123535,38.881385803222656,47.08592224121094,29.703575134277344,42.456825256347656,43.906864166259766,19.084239959716797,17.590429306030273,42.42384338378906,9.770459175109863,13.398480415344238,61.44230651855469,16.42586898803711,34.810264587402344,16.23682403564453,12.605198860168457,18.765295028686523,39.81559371948242,36.868316650390625,49.56996536254883,25.721878051757812,56.59857177734375,29.117876052856445,120.33367156982422,17.483154296875,27.09142303466797,11.377315521240234,39.40773010253906,31.097774505615234,58.695167541503906,35.46345138549805,29.395206451416016,18.147878646850586,19.16830825805664,131.61911010742188,31.222322463989258,33.37335968017578,3.1893556118011475,22.614810943603516,9.254440307617188,32.6432991027832,41.779911041259766,48.75054931640625,33.904563903808594,7.427280902862549,26.464359283447266,16.88031005859375,21.80208969116211,56.554386138916016
2008-04-03,20.912294387817383,4.551351070404053,38.857566833496094,46.931663513183594,29.729272842407227,42.450801849365234,44.01223373413086,19.73238182067871,17.61952018737793,42.41196823120117,9.693238258361816,13.447538375854492,62.089874267578125,16.578174591064453,34.55223846435547,15.761946678161621,12.713976860046387,18.803903579711914,39.45144271850586,36.874732971191406,48.66077423095703,25.768192291259766,56.075645446777344,28.514245986938477,119.76396942138672,17.55721092224121,27.01012420654297,11.498128890991211,39.2891731262207,31.121801376342773,58.00402069091797,35.48625183105469,29.446260452270508,18.06395721435547,19.331541061401367,131.3660888671875,31.125661849975586,33.230613708496094,3.3610494136810303,22.644441604614258,9.18927001953125,32.4816780090332,41.81916809082031,48.86168670654297,33.754608154296875,7.403731346130371,26.12857437133789,16.874692916870117,21.916065216064453,58.807498931884766
2008-04-04,21.027679443359375,4.595479488372803,39.13142395019531,47.20296096801758,29.273197174072266,42.52910232543945,44.17780303955078,20.57599639892578,17.529325485229492,42.489192962646484,9.69778060913086,13.410755157470703,61.950706481933594,16.31363868713379,34.232757568359375,15.866025924682617,12.59131145477295,18.527189254760742,39.6236686706543,37.27777099609375,49.140621185302734,26.095670700073242,55.71478271484375,28.486806869506836,118.87775421142578,17.657028198242188,27.308271408081055,11.655709266662598,39.59925079345703,31.410188674926758,59.046607971191406,35.05291748046875,28.74603271484375,18.305227279663086,19.419443130493164,130.52520751953125,30.89252281188965,32.360408782958984,3.376657724380493,22.472492218017578,9.12409782409668,32.65986633300781,41.723838806152344,48.37384033203125,33.754608154296875,7.302816390991211,26.945871353149414,17.01802635192871,22.382287979125977,60.74885559082031
2008-04-07,21.027679443359375,4.679836273193359,39.37550354003906,47.29871368408203,29.253921508789062,42.47490692138672,44.288185119628906,20.977230072021484,17.564239501953125,42.685211181640625,9.756831169128418,13.337165832519531,62.24506378173828,16.21743392944336,34.18974304199219,15.573302268981934,12.551963806152344,18.34056282043457,39.46126937866211,37.1754150390625,48.774417877197266,25.917051315307617,55.221351623535156,28.459375381469727,117.92830657958984,17.66668128967285,27.77583885192871,11.555907249450684,39.58102035522461,31.878829956054688,59.89004135131836,35.387420654296875,28.811681747436523,18.203824996948242,19.331541061401367,133.0032196044922,31.210941314697266,32.69352722167969,3.5015273094177246,22.56143569946289,8.972029685974121,32.6971549987793,41.370582580566406,48.44795227050781,33.60984802246094,7.360001564025879,27.338674545288086,17.119213104248047,22.03002166748047,62.63352584838867
2008-04-08,20.73202896118164,4.588274002075195,39.48267364501953,47.66573715209961,28.817081451416016,42.55924606323242,44.79494857788086,21.038959503173828,17.60497283935547,42.34069061279297,9.538803100585938,12.926315307617188,62.22366714477539,15.968926429748535,34.32490158081055,15.586308479309082,12.602883338928223,18.134634017944336,39.308719635009766,36.58685302734375,48.98910140991211,25.93358039855957,55.25081253051758,28.459375381469727,116.9471206665039,17.38656997680664,27.701313018798828,11.471864700317383,39.7542839050293,31.422204971313477,60.61634063720703,35.32661056518555,27.994749069213867,18.14087677001953,18.791593551635742,133.12974548339844,31.0233211517334,32.37400436401367,3.5951790809631348,22.306468963623047,8.93944263458252,32.933380126953125,41.10704803466797,48.21327209472656,33.48057556152344,7.208632469177246,27.38936996459961,16.994735717773438,22.05764389038086,62.82484436035156
2008-04-09,20.832977294921875,4.54624605178833,39.46482467651367,47.7136116027832,28.45737648010254,42.294189453125,45.13108825683594,21.05953598022461,17.68352508544922,42.15655517578125,9.488836288452148,13.134809494018555,62.49124526977539,16.209428787231445,34.24504089355469,15.30659008026123,12.531128883361816,17.806440353393555,39.16600799560547,37.12424087524414,48.086212158203125,26.012971878051758,57.887420654296875,28.52796745300293,115.33299255371094,17.344707489013672,27.504783630371094,11.298527717590332,39.10676956176758,31.103784561157227,60.393768310546875,34.40319061279297,27.666500091552734,17.843664169311523,18.490224838256836,129.58758544921875,30.045305252075195,31.519371032714844,3.496323347091675,21.885475158691406,8.747542381286621,32.91679763793945,39.570640563964844,48.14533233642578,32.81355285644531,7.033710956573486,27.636470794677734,17.051313400268555,21.850433349609375,61.58488464355469
2008-04-10,20.991628646850586,4.639608383178711,39.48863220214844,47.633819580078125,28.17472267150879,42.27613067626953,44.955482482910156,21.455612182617188,17.843551635742188,42.590179443359375,9.502464294433594,13.539523124694824,63.56693649291992,16.393798828125,34.312618255615234,15.638355255126953,12.651488304138184,18.263343811035156,39.53999328613281,37.6168327331543,47.80208206176758,26.042743682861328,57.7621955871582,30.167343139648438,116.31416320800781,17.357593536376953,27.830039978027344,11.603185653686523,39.07940673828125,31.476287841796875,60.21805191040039,34.38792419433594,27.491443634033203,18.214317321777344,17.90631103515625,126.91600036621094,30.147659301757812,30.384389877319336,3.5067312717437744,21.713529586791992,8.8851318359375,32.871219635009766,39.996788024902344,48.207096099853516,32.81355285644531,7.2960896492004395,27.21830940246582,16.921167373657227,21.998937606811523,61.577823638916016
2008-04-11,20.393098831176758,4.417161464691162,39.29218292236328,47.139137268066406,27.320358276367188,42.16767120361328,44.55410385131836,21.162410736083984,17.54096221923828,42.41196823120117,9.28897762298584,13.024426460266113,62.079193115234375,15.904794692993164,34.03615188598633,15.209013938903809,12.683892250061035,18.128202438354492,38.614864349365234,36.45889663696289,47.227535247802734,25.801273345947266,56.60594177246094,29.501977920532227,101.4385757446289,17.114484786987305,27.20662498474121,11.398327827453613,38.167388916015625,31.199907302856445,60.335205078125,33.11344909667969,26.94439697265625,17.707294464111328,17.560998916625977,124.49751281738281,29.1923885345459,29.8305721282959,3.480715751647949,21.393339157104492,8.649788856506348,32.568695068359375,39.750083923339844,47.225181579589844,32.77219009399414,7.188450336456299,27.262659072875977,16.84479331970215,21.819358825683594,61.15267562866211
2008-04-14,20.234445571899414,4.436371803283691,39.13739013671875,47.7136116027832,26.65870475769043,42.239967346191406,44.80497741699219,21.296157836914062,17.747529983520508,42.144676208496094,9.33893871307373,12.687166213989258,62.76416778564453,15.92082691192627,34.122169494628906,15.163472175598145,12.76490306854248,17.96088981628418,38.51152038574219,36.062255859375,47.69474792480469,25.940204620361328,56.87105941772461,29.460834503173828,100.48908996582031,17.00752067565918,26.983022689819336,11.319536209106445,38.02149200439453,31.13382911682129,60.51676559448242,32.60212707519531,25.95240020751953,17.756242752075195,17.077552795410156,121.7366943359375,28.66927719116211,29.379323959350586,3.527541160583496,21.01386070251465,8.552032470703125,33.07427215576172,39.39121627807617,47.453670501708984,33.04623031616211,7.245633125305176,27.21198844909668,16.921167373657227,21.657045364379883,60.93308639526367
2008-04-15,20.371471405029297,4.454384803771973,39.08380889892578,48.29872131347656,27.056987762451172,42.306236267089844,45.2414665222168,21.20355987548828,17.730072021484375,42.305057525634766,9.407073974609375,12.82206916809082,62.705318450927734,16.177352905273438,34.38018798828125,15.033370971679688,13.024136543273926,17.973756790161133,38.796932220458984,36.12624740600586,47.95360565185547,25.90379524230957,55.751625061035156,29.742055892944336,101.21698760986328,16.825998306274414,26.96268653869629,11.267012596130371,38.93349838256836,30.971603393554688,60.393768310546875,32.93028259277344,25.95240020751953,17.85764503479004,17.460540771484375,122.19065856933594,28.993391036987305,29.75538444519043,3.5795702934265137,21.120586395263672,8.685998916625977,33.66688919067383,39.82858657836914,44.19911193847656,33.0203857421875,7.302816390991211,27.978595733642578,17.017362594604492,21.76755714416504,61.08892822265625
2008-04-16,20.876245498657227,4.614090442657471,39.113555908203125,49.410457611083984,28.881328582763672,41.96695327758789,46.12452697753906,20.73546028137207,17.791173934936523,42.239715576171875,9.584224700927734,13.570176124572754,64.47134399414062,16.650331497192383,35.129730224609375,15.50174331665039,13.209296226501465,18.031667709350586,39.707313537597656,37.02826690673828,49.891963958740234,25.897201538085938,56.46599578857422,29.776355743408203,102.00828552246094,16.644481658935547,27.20662498474121,11.545405387878418,38.887901306152344,31.572423934936523,61.295780181884766,33.3881950378418,26.97357940673828,18.112905502319336,18.213970184326172,125.79978942871094,29.840600967407227,31.054424285888672,3.740858316421509,21.215457916259766,8.736686706542969,34.3175048828125,40.815467834472656,43.908836364746094,32.89627456665039,7.289362907409668,28.637500762939453,17.314424514770508,22.765628814697266,63.89468002319336
2008-04-17,21.070947647094727,4.637810230255127,39.1492805480957,49.67109298706055,28.984119415283203,40.930973052978516,46.1546516418457,20.174762725830078,17.654438018798828,42.03773880004883,9.266264915466309,13.557918548583984,65.86811065673828,16.995046615600586,35.221885681152344,15.540776252746582,13.116714477539062,18.096031188964844,39.687644958496094,36.721195220947266,49.84757614135742,25.702024459838867,56.64277267456055,29.2413330078125,101.34362030029297,16.508342742919922,27.430580139160156,11.340548515319824,39.353023529052734,30.875478744506836,61.125885009765625,34.113189697265625,27.330978393554688,17.46951675415039,18.653457641601562,128.0694580078125,30.562742233276367,31.73813819885254,3.777279853820801,21.185808181762695,8.932196617126465,34.3175048828125,40.484622955322266,43.89031982421875,32.63775634765625,7.353276252746582,28.852937698364258,17.30310821533203,22.361560821533203,63.44832992553711
2008-04-18,21.6334171295166,4.834440231323242,39.59579086303711,50.00086975097656,29.395235061645508,40.69468688964844,46.75170135498047,20.45254135131836,17.488597869873047,41.93677520751953,9.29806137084961,13.82772445678711,66.5745620727539,17.476028442382812,35.817813873291016,15.944091796875,13.033394813537598,18.456405639648438,40.79487228393555,39.017879486083984,54.09088134765625,25.60610008239746,57.93162536621094,29.543149948120117,103.46414947509766,16.440279006958008,27.539165496826172,11.608433723449707,38.942604064941406,31.28400993347168,62.22709655761719,34.746604919433594,28.12602996826172,18.09892463684082,19.086679458618164,133.89622497558594,30.93234634399414,32.661163330078125,3.876133918762207,21.322179794311523,9.051680564880371,34.765079498291016,41.03974533081055,44.069419860839844,32.75149917602539,7.434006690979004,29.4421329498291,17.651094436645508,22.93484878540039,65.6659927368164
2008-04-21,21.936279296875,5.048181056976318,39.48267364501953,50.13917922973633,29.054786682128906,41.07636260986328,46.51087188720703,20.38566780090332,17.558427810668945,41.52096176147461,9.175416946411133,13.772536277770996,66.54781341552734,17.44396209716797,36.045127868652344,16.1912841796875,13.049593925476074,18.649465560913086,40.51927185058594,38.6340217590332,52.854042053222656,25.62265396118164,58.248294830322266,29.227611541748047,102.73621368408203,16.37868881225586,27.22698402404785,11.471864700317383,38.5869255065918,29.794008255004883,62.42038345336914,34.8763427734375,27.433094024658203,18.217809677124023,18.37720489501953,134.24600219726562,30.55706214904785,32.271461486816406,4.021812438964844,21.22138023376465,9.163928031921387,34.95158004760742,40.664066314697266,43.8964958190918,33.1082878112793,7.454189300537109,30.525554656982422,17.580366134643555,22.572223663330078,66.14073181152344
2008-04-22,21.81369400024414,4.8092217445373535,39.88154602050781,50.208335876464844,29.32457733154297,40.87643051147461,47.178192138671875,19.80953598022461,17.424592971801758,41.04574966430664,8.98918342590332,13.48432731628418,66.18388366699219,17.460006713867188,35.84854507446289,16.210803985595703,13.088940620422363,18.35344696044922,39.94844055175781,37.99427032470703,52.01677322387695,25.44974708557129,57.857940673828125,28.877784729003906,102.32476806640625,16.37544822692871,27.064119338989258,11.198724746704102,36.32515335083008,29.469594955444336,60.792083740234375,33.55607604980469,26.9881591796875,17.794710159301758,18.446273803710938,133.76968383789062,30.164716720581055,32.26460647583008,3.980189800262451,20.913055419921875,8.917719841003418,35.179500579833984,40.31642532348633,42.957794189453125,33.28408432006836,7.4171881675720215,29.955341339111328,17.41627311706543,22.365018844604492,65.11334991455078
2008-04-23,22.67902946472168,4.889976501464844,40.04230880737305,50.117916107177734,29.003402709960938,40.69468688964844,47.403968811035156,19.866134643554688,17.549686431884766,41.09923553466797,9.030064582824707,13.833855628967285,66.14643096923828,17.564212799072266,36.05742645263672,16.549070358276367,13.174582481384277,18.10245704650879,39.67779541015625,37.623233795166016,51.81382369995117,25.40652084350586,60.45772171020508,29.282485961914062,102.41975402832031,16.388416290283203,27.579875946044922,11.256505966186523,39.10676956176758,29.553691864013672,63.187679290771484,33.86897277832031,26.886043548583984,17.6583309173584,18.157461166381836,133.46458435058594,30.63665199279785,32.39453125,3.9125540256500244,21.150232315063477,9.203749656677246,35.00959396362305,40.18744659423828,42.908382415771484,33.087608337402344,7.501283168792725,29.987030029296875,17.68221664428711,21.850433349609375,64.12138366699219
2008-04-24,22.93141746520996,5.071599006652832,40.10778045654297,49.256187438964844,30.17251968383789,40.48868942260742,46.3603630065918,20.56056785583496,17.529325485229492,40.392364501953125,9.102742195129395,13.913573265075684,66.462158203125,17.64437484741211,36.604225158691406,16.932870864868164,13.297257423400879,18.61085319519043,38.93964767456055,38.58283996582031,51.896278381347656,25.40652084350586,61.12793731689453,29.08357048034668,103.84400177001953,16.349515914916992,27.654525756835938,11.66621208190918,38.37717056274414,29.463581085205078,62.437931060791016,34.479496002197266,27.622737884521484,17.840166091918945,18.741361618041992,140.48948669433594,34.253013610839844,34.452510833740234,4.370406150817871,21.239171981811523,9.50064468383789,34.35066223144531,40.80424880981445,44.80430221557617,32.953147888183594,7.578650951385498,29.22673225402832,17.43325424194336,21.988584518432617,62.980690002441406
2008-04-25,21.51082992553711,5.095315456390381,40.07205581665039,49.181739807128906,30.699264526367188,40.31905746459961,46.5058708190918,20.946367263793945,17.26166343688965,40.166629791259766,9.279891014099121,13.833855628967285,65.86811065673828,17.307680130004883,36.659523010253906,16.65314483642578,13.343546867370605,19.164287567138672,38.29500198364258,38.697998046875,52.16899871826172,25.303447723388672,62.48305130004883,28.980674743652344,105.48980712890625,16.621789932250977,27.77669334411621,11.634700775146484,39.66310119628906,29.65583038330078,63.04123306274414,36.45606994628906,27.936386108398438,17.973037719726562,19.20597267150879,143.14356994628906,33.866355895996094,34.630279541015625,3.9021480083465576,21.414093017578125,9.554953575134277,34.63247299194336,40.77621841430664,45.69359588623047,32.973838806152344,7.299454689025879,29.974353790283203,17.229555130004883,22.39263916015625,63.76713562011719
2008-04-28,20.905094146728516,5.170665740966797,40.0780143737793,49.176395416259766,30.410198211669922,40.11307907104492,46.41051483154297,21.31673240661621,17.159833908081055,40.48739242553711,9.189048767089844,13.92584228515625,65.12425231933594,17.24354362487793,36.61035919189453,16.49052619934082,13.274107933044434,19.132108688354492,37.95545196533203,38.67879104614258,52.66373062133789,25.280170440673828,62.58613967895508,28.706308364868164,104.9833984375,16.72875213623047,27.844554901123047,11.639945030212402,39.51717758178711,29.65583038330078,62.467220306396484,36.54765701293945,27.848865509033203,18.368167877197266,19.04901695251465,141.83145141601562,34.434974670410156,34.12431716918945,4.27155065536499,21.037572860717773,9.442718505859375,34.993003845214844,40.79865646362305,45.255126953125,33.04623031616211,7.16153621673584,30.044042587280273,17.328567504882812,21.902246475219727,63.43416213989258
2008-04-29,20.65270233154297,5.255022048950195,40.0006217956543,48.8253173828125,30.243175506591797,39.925254821777344,47.53439712524414,19.10481071472168,17.084190368652344,40.51116180419922,9.193586349487305,13.870649337768555,65.74505615234375,17.44396209716797,36.98514175415039,16.5945987701416,13.565750122070312,18.894001007080078,37.82258987426758,38.29497146606445,51.699642181396484,25.197036743164062,62.99121856689453,28.898365020751953,103.87564086914062,17.33489990234375,28.007429122924805,11.513885498046875,39.84549331665039,28.904827117919922,62.02206039428711,36.63924026489258,27.615442276000977,18.081439971923828,18.760190963745117,143.6505584716797,33.84360885620117,33.47480392456055,4.22472620010376,21.114652633666992,9.866333961486816,35.41157150268555,41.03974533081055,45.81093215942383,33.0203857421875,6.808339595794678,28.878278732299805,17.334230422973633,21.52580451965332,59.57975387573242
2008-04-30,20.56616973876953,5.221999645233154,39.94107437133789,49.506202697753906,30.609342575073242,40.62198257446289,48.24185562133789,19.567781448364258,17.12782859802246,40.70717239379883,9.134539604187012,13.649897575378418,64.59444427490234,16.714462280273438,36.604225158691406,16.679174423217773,13.419929504394531,18.53362464904785,37.84227752685547,38.00067901611328,51.934326171875,23.50792694091797,62.49778366088867,28.72002410888672,103.495849609375,17.0982723236084,27.396644592285156,11.54015064239502,38.95173263549805,28.9228458404541,62.109954833984375,36.646873474121094,27.382043838500977,18.09892463684082,18.678577423095703,142.67391967773438,33.29774475097656,33.22864532470703,4.297564506530762,20.66401481628418,9.866333961486816,35.70165252685547,40.60239028930664,45.4342041015625,33.087608337402344,6.727609634399414,27.915246963500977,17.088096618652344,21.19426727294922,59.56563186645508
2008-05-01,21.20074462890625,5.40362024307251,40.369728088378906,47.7136116027832,31.637130737304688,40.609867095947266,47.634769439697266,20.035884857177734,17.191844940185547,40.689369201660156,9.284433364868164,14.281496047973633,66.15177917480469,17.492067337036133,37.427486419677734,17.349201202392578,13.440757751464844,19.22220230102539,38.304832458496094,38.813148498535156,52.232460021972656,24.192890167236328,62.9028434753418,29.65288734436035,104.82514953613281,17.364070892333984,27.681671142578125,12.04965877532959,37.39219665527344,29.872121810913086,63.09395217895508,39.17292022705078,28.7314453125,18.532508850097656,19.576398849487305,148.399658203125,35.11729049682617,34.41150665283203,4.412027835845947,21.162090301513672,10.072715759277344,35.904720306396484,41.258445739746094,46.17530059814453,33.47541427612305,6.76797342300415,27.364032745361328,17.342714309692383,21.553438186645508,59.79942321777344
2008-05-02,21.08537483215332,5.431839466094971,40.637630462646484,47.66573715209961,31.258127212524414,40.47052764892578,47.82539749145508,20.251934051513672,17.09873390197754,41.04574966430664,9.361648559570312,14.459321975708008,65.92163848876953,17.24354362487793,37.445899963378906,17.401247024536133,13.308830261230469,19.383089065551758,38.65424346923828,38.78754425048828,52.517860412597656,24.4987850189209,63.10909652709961,29.447114944458008,105.52143859863281,17.23441505432129,27.437368392944336,12.265023231506348,38.69637680053711,29.667850494384766,62.63120651245117,38.46318817138672,29.02321434020996,18.752805709838867,19.551294326782227,149.30918884277344,35.060428619384766,34.39781188964844,4.302768707275391,20.918983459472656,9.90977954864502,36.00417709350586,41.09022521972656,46.31734085083008,33.41852569580078,6.872251987457275,27.839216232299805,17.44739532470703,21.705400466918945,60.394569396972656
2008-05-05,20.969987869262695,5.54561710357666,40.42329788208008,47.6125373840332,30.83417320251465,40.3796501159668,47.97593688964844,20.051319122314453,16.985260009765625,40.73093795776367,9.320773124694824,14.342123031616211,65.30622100830078,17.27562141418457,37.396759033203125,17.095500946044922,13.18615436553955,18.90043830871582,38.16215133666992,38.76197814941406,52.48613357543945,24.34916114807129,63.27845001220703,29.351085662841797,105.01506042480469,17.179309844970703,28.3738956451416,12.21249008178711,37.556358337402344,29.433542251586914,62.449668884277344,38.478458404541016,28.42509651184082,18.76679229736328,19.557573318481445,146.96075439453125,34.99788284301758,33.310699462890625,4.333985328674316,20.990135192871094,9.86995792388916,36.12849807739258,40.78742980957031,45.97149658203125,33.29443359375,6.966437339782715,27.934253692626953,17.49549102783203,21.84007453918457,59.77818298339844
2008-05-06,21.41707992553711,5.603555202484131,40.232810974121094,47.910423278808594,30.962644577026367,40.3796501159668,48.60312271118164,19.97930145263672,16.953262329101562,40.73093795776367,9.275352478027344,14.545682907104492,65.72899627685547,17.23554039001465,37.163307189941406,17.128034591674805,13.042652130126953,18.842517852783203,38.26547622680664,38.896305084228516,52.79060363769531,24.39571762084961,63.4478645324707,29.495132446289062,104.4453353881836,17.043167114257812,28.170289993286133,12.17572021484375,37.5198860168457,29.289337158203125,62.396934509277344,38.89055252075195,28.622034072875977,18.93113899230957,19.63291358947754,147.3260040283203,35.88493728637695,33.53633117675781,4.302768707275391,20.984207153320312,9.790299415588379,36.77497863769531,41.11824035644531,46.1320686340332,33.387489318847656,7.026987075805664,28.33340835571289,17.4785099029541,21.87116241455078,60.98978042602539
2008-05-07,21.063730239868164,5.4813737869262695,39.83393096923828,47.245513916015625,29.915571212768555,39.86467742919922,47.805362701416016,20.066747665405273,16.592491149902344,40.39830017089844,9.192289352416992,14.292769432067871,66.70699310302734,16.826690673828125,36.481353759765625,16.770248413085938,13.1537504196167,18.37917709350586,37.734004974365234,37.73838806152344,51.7757568359375,23.893632888793945,62.55994415283203,28.946378707885742,103.08438110351562,16.625036239624023,28.18387222290039,11.95510482788086,37.209800720214844,29.2292537689209,62.03964614868164,37.16582107543945,27.717573165893555,18.612932205200195,18.960725784301758,141.4735107421875,34.22458267211914,32.27827453613281,4.141480445861816,20.95456314086914,9.739611625671387,36.43101501464844,40.136985778808594,45.86653137207031,32.679134368896484,7.006800651550293,27.706157684326172,17.229555130004883,21.67430877685547,60.203277587890625
2008-05-08,21.107006072998047,5.555521488189697,39.82796859741211,47.83595275878906,29.581525802612305,39.9373779296875,48.88909149169922,20.107887268066406,16.377193450927734,40.11912155151367,9.215356826782227,14.434649467468262,67.12610626220703,16.91487693786621,36.720947265625,16.718196868896484,13.230133056640625,17.96731948852539,37.86687088012695,37.97508239746094,52.27685546875,23.837114334106445,62.71535110473633,28.82292366027832,103.14768981933594,16.621789932250977,28.17706871032715,11.970871925354004,37.5472526550293,29.097082138061523,61.992759704589844,37.2802848815918,27.228866577148438,18.9206485748291,18.63097381591797,139.95263671875,34.133602142333984,31.779176712036133,4.2663469314575195,20.8537654876709,9.59115982055664,37.06923294067383,39.851009368896484,46.113548278808594,32.61705780029297,7.174994945526123,28.23202896118164,17.424762725830078,21.977275848388672,61.514041900634766
2008-05-09,21.193538665771484,5.507191181182861,39.61959457397461,47.45660400390625,29.915571212768555,39.50722885131836,48.8640022277832,20.05645179748535,16.33646011352539,40.10129928588867,9.132296562194824,14.416141510009766,66.66399383544922,16.8347225189209,36.39533233642578,16.58159637451172,13.234760284423828,18.00592803955078,37.55685806274414,38.12224578857422,51.858238220214844,23.677507400512695,62.19738006591797,28.8435001373291,102.1349105834961,16.783864974975586,28.054929733276367,11.403581619262695,37.647560119628906,28.988943099975586,61.992759704589844,37.36423873901367,26.732864379882812,18.756305694580078,18.599267959594727,140.228515625,34.3837890625,31.423641204833984,4.214319705963135,20.747037887573242,9.522369384765625,36.76255798339844,39.413639068603516,45.93446350097656,32.239593505859375,7.0438055992126465,27.040916442871094,17.206918716430664,21.618581771850586,61.15267562866211
2008-05-12,21.626201629638672,5.648586273193359,39.714866638183594,47.65428161621094,30.345962524414062,39.592044830322266,48.84894943237305,20.380525588989258,16.409196853637695,40.006248474121094,9.187670707702637,14.582697868347168,67.29804229736328,17.24354362487793,37.396759033203125,16.80927276611328,13.429184913635254,18.43067169189453,38.2211799621582,38.371726989746094,53.164825439453125,23.611007690429688,62.74492645263672,29.460834503173828,102.54630279541016,17.107999801635742,27.95313262939453,11.36155891418457,37.31012725830078,29.29534912109375,62.65463638305664,38.11976623535156,27.30908966064453,19.05002212524414,18.8719482421875,143.20327758789062,35.74846267700195,32.57911682128906,4.240333557128906,21.049428939819336,9.84099292755127,36.71281814575195,39.48652648925781,46.26795196533203,32.39471435546875,7.259087562561035,27.421039581298828,17.334230422973633,21.938966751098633,63.3207893371582
2008-05-13,21.553829193115234,5.702620983123779,39.5362548828125,47.916080474853516,29.21538734436035,39.822261810302734,49.03459930419922,20.1490535736084,16.438295364379883,39.946868896484375,9.215356826782227,14.656715393066406,68.01815032958984,17.371816635131836,37.58106231689453,16.841796875,13.112092018127441,18.50144386291504,37.98006820678711,38.91551208496094,53.32340621948242,23.54450798034668,62.95207595825195,29.152172088623047,102.32476806640625,17.63310432434082,27.912416458129883,11.34580135345459,36.361637115478516,28.84642219543457,63.55079650878906,37.402400970458984,26.703685760498047,18.696857452392578,18.370983123779297,141.89852905273438,35.361793518066406,31.868057250976562,4.281955242156982,21.025714874267578,9.702948570251465,36.72527313232422,39.6995964050293,46.53966522216797,32.75149917602539,7.373459815979004,27.44646453857422,17.43325424194336,22.151397705078125,63.90180587768555
2008-05-14,21.662391662597656,5.591546058654785,39.774391174316406,48.03899002075195,29.4915828704834,39.68290710449219,49.02956008911133,20.48855209350586,16.449928283691406,39.857749938964844,9.256892204284668,14.706070899963379,68.52323150634766,17.460006713867188,37.1325798034668,16.750728607177734,13.353355407714844,18.739551544189453,38.25071716308594,39.6576042175293,52.48613357543945,23.807186126708984,63.40346908569336,28.946378707885742,102.89447021484375,17.77248764038086,28.631784439086914,11.34580135345459,36.53491973876953,29.30143165588379,63.673831939697266,37.7763557434082,26.842281341552734,18.378660202026367,18.33293342590332,141.7494354248047,35.191219329833984,32.107357025146484,4.235132217407227,21.405189514160156,9.982666015625,36.692100524902344,40.14817810058594,46.37910079956055,32.62223434448242,7.400365352630615,27.37021255493164,17.50680160522461,22.618030548095703,57.56757736206055
2008-05-15,22.038753509521484,5.69571590423584,39.69698715209961,48.78165054321289,30.20463752746582,40.203948974609375,49.746822357177734,20.57599639892578,16.586671829223633,40.43394088745117,9.266119003295898,15.403128623962402,69.02832794189453,17.532146453857422,37.39060974121094,17.238611221313477,13.276656150817871,19.00340461730957,38.31467819213867,39.9390869140625,52.96184539794922,24.039934158325195,63.29985809326172,28.8435001373291,102.45137786865234,17.78545379638672,29.310396194458008,11.54015064239502,36.67171096801758,29.525882720947266,63.878822326660156,38.051082611083984,26.776628494262695,18.515033721923828,18.77048683166504,140.62362670898438,36.14079666137695,32.620155334472656,4.250739097595215,21.67795181274414,9.80466079711914,37.01118850708008,40.26668930053711,46.39760971069336,32.906620025634766,7.514737606048584,27.56721305847168,17.563390731811523,22.851350784301758,59.23968505859375
2008-05-16,21.7058162689209,5.632374286651611,39.69698715209961,49.513641357421875,29.889867782592773,40.440242767333984,50.70142364501953,20.57599639892578,16.60413360595703,40.31513595581055,9.243047714233398,15.421630859375,68.68443298339844,17.379831314086914,37.1878662109375,17.245115280151367,13.258061408996582,18.726688385009766,38.70835494995117,39.71739959716797,53.088706970214844,24.106433868408203,63.01869583129883,28.829763412475586,101.69178771972656,17.733579635620117,29.466493606567383,11.524389266967773,36.899715423583984,29.695751190185547,63.93738555908203,37.15055465698242,26.38274574279785,18.563983917236328,18.35829734802246,139.52024841308594,35.282196044921875,32.27827453613281,4.219521999359131,21.565288543701172,10.157032012939453,38.1176872253418,39.93376159667969,46.68170166015625,32.79286193847656,7.551736831665039,27.54816246032715,17.591684341430664,23.0672550201416,59.183013916015625
2008-05-19,21.322216033935547,5.511692047119141,39.667232513427734,50.416622161865234,29.543001174926758,40.506874084472656,51.620704650878906,20.586288452148438,16.735044479370117,40.41017532348633,9.33534049987793,15.34760570526123,67.96975708007812,17.981082916259766,37.138710021972656,17.154056549072266,13.109299659729004,18.578664779663086,38.90028381347656,40.00014114379883,53.45658874511719,23.966793060302734,64.42450714111328,29.04239845275879,102.54630279541016,17.843793869018555,29.188247680664062,11.59792423248291,36.297786712646484,30.0476131439209,64.39423370361328,37.05897521972656,26.331701278686523,18.60944175720215,18.06024932861328,137.47740173339844,35.17985153198242,31.587724685668945,4.172695636749268,21.508811950683594,10.022625923156738,38.41606521606445,40.01841735839844,47.558631896972656,32.96867370605469,7.588740825653076,27.904027938842773,17.52095603942871,22.52400779724121,57.248756408691406
2008-05-20,20.815582275390625,5.580739974975586,39.38146209716797,50.52347946166992,28.071941375732422,39.901023864746094,52.07025909423828,20.442251205444336,16.609949111938477,40.07158279418945,9.252277374267578,14.860278129577637,67.26582336425781,17.764633178710938,36.665653228759766,16.815778732299805,13.004704475402832,17.613384246826172,38.15229034423828,39.46681213378906,53.17748260498047,23.86703109741211,62.99651336669922,29.117876052856445,100.39408111572266,17.723861694335938,28.971088409423828,11.59792423248291,36.069786071777344,29.701805114746094,63.89640426635742,36.10502624511719,25.813810348510742,18.83672332763672,17.78757667541504,136.00875854492188,34.18476867675781,30.630525588989258,4.162290573120117,21.449369430541992,9.917279243469238,38.76831817626953,39.612144470214844,46.82375717163086,32.947994232177734,7.548378944396973,27.9357967376709,17.52095603942871,22.492666244506836,58.106048583984375
2008-05-21,20.44646644592285,5.3492841720581055,39.13142395019531,50.0479621887207,27.249692916870117,39.482994079589844,52.034889221191406,20.128480911254883,16.481935501098633,39.95872497558594,9.2338228225708,14.5950345993042,66.42754364013672,17.64437484741211,36.11272048950195,16.503536224365234,12.837347984313965,17.330223083496094,37.701576232910156,38.6314697265625,52.89844512939453,23.783897399902344,60.073822021484375,28.877784729003906,98.08365631103516,17.620140075683594,28.48246955871582,11.45610237121582,36.32515335083008,29.180078506469727,62.64293670654297,34.708438873291016,25.259456634521484,18.350679397583008,17.56562042236328,133.1533660888672,32.928157806396484,29.324623107910156,4.058233261108398,20.97376823425293,9.844620704650879,38.46992874145508,39.1494255065918,46.00238037109375,32.596378326416016,7.524831771850586,27.77056884765625,17.3992977142334,22.081745147705078,57.978515625
2008-05-22,20.60569190979004,5.315060615539551,39.21536636352539,49.428157806396484,27.654386520385742,39.75562286376953,51.4742317199707,20.0770320892334,16.953262329101562,40.618064880371094,9.127681732177734,14.73073959350586,67.00790405273438,17.884876251220703,35.959144592285156,16.6401424407959,13.027945518493652,17.31734848022461,37.95913314819336,38.1495475769043,52.149986267089844,23.99005889892578,60.236629486083984,29.337369918823242,98.14693450927734,17.778968811035156,28.90321922302246,11.529644012451172,37.15509033203125,29.41060447692871,62.7249641418457,35.38003158569336,25.332406997680664,18.773786544799805,17.69879150390625,132.109619140625,33.42852783203125,29.36565589904785,3.7252509593963623,21.306692123413086,9.884578704833984,38.31999588012695,39.13249206542969,46.21234130859375,32.937644958496094,7.659379959106445,27.503658294677734,17.470027923583984,22.172286987304688,57.35503005981445
2008-05-23,20.301706314086914,5.438744068145752,38.92158889770508,48.46108627319336,27.185455322265625,39.5435676574707,50.87822341918945,19.92784881591797,17.05800437927246,40.54679870605469,9.012317657470703,14.440815925598145,66.73921966552734,17.620330810546875,35.4676399230957,16.327896118164062,12.958216667175293,17.22726058959961,37.54803466796875,37.757572174072266,51.72502517700195,23.98673439025879,60.288394927978516,29.06985855102539,96.3112564086914,17.587718963623047,28.604618072509766,11.393068313598633,37.018287658691406,28.858556747436523,62.9182243347168,34.6855583190918,24.748870849609375,18.525516510009766,17.552932739257812,128.7099151611328,32.67227554321289,28.599889755249023,3.5743677616119385,20.86081314086914,9.7937650680542,38.070072174072266,37.817726135253906,45.656532287597656,32.46711730957031,7.494555950164795,27.433752059936523,17.283308029174805,21.754409790039062,56.97950744628906
2008-05-27,20.58397674560547,5.596651077270508,39.059486389160156,47.9802131652832,27.628694534301758,39.422401428222656,50.29737091064453,19.866134643554688,17.04636573791504,40.9922981262207,8.920024871826172,14.558024406433105,68.415771484375,18.165456771850586,35.701107025146484,16.64665412902832,13.109299659729004,17.555463790893555,37.72634506225586,37.995304107666016,51.97873306274414,24.08980369567871,61.31689453125,29.522573471069336,96.21632385253906,17.694690704345703,28.509613037109375,11.561159133911133,36.91796112060547,29.083019256591797,62.87722396850586,35.028968811035156,24.92391586303711,18.759798049926758,17.476852416992188,129.66424560546875,33.309120178222656,28.88021469116211,3.537947416305542,21.187789916992188,9.93181037902832,37.774356842041016,38.596439361572266,46.33587646484375,32.81355285644531,7.561831951141357,26.65846824645996,17.653921127319336,21.667341232299805,56.582733154296875
2008-05-28,20.395795822143555,5.6140618324279785,38.89760208129883,48.316829681396484,27.532344818115234,39.30125427246094,50.721649169921875,19.886707305908203,16.711782455444336,40.35076141357422,8.906182289123535,14.477821350097656,69.60868072509766,18.269672393798828,36.05742645263672,16.61412811279297,13.269684791564941,17.65199089050293,38.08790969848633,38.0595588684082,52.765235900878906,24.222803115844727,60.76934814453125,29.371660232543945,96.69107055664062,17.53586769104004,28.808216094970703,11.603185653686523,37.072994232177734,29.028419494628906,63.07638931274414,35.21977996826172,24.70510482788086,18.731826782226562,17.419763565063477,130.34271240234375,33.1669807434082,29.242572784423828,3.527541160583496,21.152111053466797,9.997198104858398,38.55324935913086,39.803985595703125,46.15676498413086,32.80320739746094,7.51137638092041,25.330318450927734,17.70201873779297,22.064332962036133,58.50991439819336
2008-05-29,20.489891052246094,5.60445499420166,39.82088851928711,47.73976516723633,27.98843002319336,39.66476821899414,49.93370056152344,20.020442962646484,16.83687973022461,40.8853645324707,8.952326774597168,14.274261474609375,69.70004272460938,18.269672393798828,36.54277038574219,17.049962997436523,13.467249870300293,17.832178115844727,38.51384735107422,38.12384033203125,52.505165100097656,24.438926696777344,60.754554748535156,29.783206939697266,96.97590637207031,18.138757705688477,29.147544860839844,11.808038711547852,37.32836151123047,29.4833984375,63.864315032958984,35.67765426635742,25.23756980895996,19.354238510131836,17.743183135986328,131.3939208984375,33.8834228515625,29.933134078979492,3.491121530532837,21.521894454956055,10.077116012573242,37.886817932128906,40.40210723876953,46.47343444824219,33.206520080566406,7.551736831665039,25.10154151916504,17.86045265197754,22.081745147705078,57.6313362121582
2008-05-30,20.497119903564453,5.666296005249023,40.01273727416992,47.42453384399414,27.622278213500977,40.01613998413086,50.0801887512207,20.041030883789062,16.65940284729004,40.57057189941406,8.933869361877441,14.298934936523438,69.54957580566406,18.30974769592285,36.44447708129883,17.381731033325195,13.42076587677002,17.606945037841797,38.41478729248047,38.3101692199707,52.416378021240234,24.72488784790039,61.242916107177734,30.20163917541504,97.22909545898438,18.26517677307129,29.038951873779297,11.970871925354004,37.02740478515625,29.204357147216797,64.35238647460938,35.372398376464844,24.807220458984375,19.343748092651367,17.483184814453125,131.5206298828125,32.933841705322266,30.240793228149414,3.537947416305542,21.514755249023438,10.040791511535645,38.778160095214844,40.07484436035156,46.852169036865234,32.98936080932617,7.487825870513916,25.228641510009766,17.880250930786133,21.94940948486328,57.6313362121582
2008-06-02,20.12076759338379,5.586743354797363,39.874847412109375,46.91696548461914,27.076257705688477,39.598121643066406,50.19131088256836,19.634647369384766,16.583759307861328,40.12505340576172,8.850807189941406,14.311272621154785,68.437255859375,18.18148422241211,35.971412658691406,17.141035079956055,13.295248985290527,17.47823715209961,37.76596450805664,37.4683837890625,52.21974182128906,24.325891494750977,60.04423141479492,30.331968307495117,96.24799346923828,18.048002243041992,28.96432113647461,11.545405387878418,36.617000579833984,28.870695114135742,64.1877212524414,34.532928466796875,24.49357032775879,19.084991455078125,17.191482543945312,128.486328125,32.46757507324219,29.46821403503418,3.454702138900757,21.467205047607422,10.000832557678223,38.7156867980957,40.057899475097656,46.18781661987305,32.56535720825195,7.410457611083984,25.10154151916504,17.781238555908203,21.75788688659668,57.23457336425781
2008-06-03,19.766124725341797,5.5648298263549805,40.024723052978516,45.794918060302734,26.909236907958984,39.6284065246582,49.4286003112793,19.72724151611328,16.409196853637695,39.828060150146484,8.772359848022461,14.150893211364746,68.6951675415039,18.36586570739746,35.36318588256836,17.134532928466797,13.42773723602295,17.578819274902344,37.75605010986328,36.71659469604492,52.27685546875,24.389062881469727,57.802276611328125,30.28395652770996,96.40623474121094,18.064207077026367,29.378271102905273,11.482369422912598,36.66259765625,29.289283752441406,63.40568923950195,33.815555572509766,24.296634674072266,19.336753845214844,16.982215881347656,127.17417907714844,33.22951126098633,29.160539627075195,3.475512981414795,21.60393714904785,9.928174018859863,38.17420196533203,39.96763610839844,45.85875701904297,32.61705780029297,7.393639087677002,24.415224075317383,17.834993362426758,21.381793975830078,57.340850830078125
2008-06-04,19.932584762573242,5.559427261352539,39.898826599121094,45.816287994384766,26.742210388183594,40.25846481323242,48.509342193603516,19.831148147583008,16.496475219726562,39.854942321777344,8.675454139709473,14.484001159667969,68.53934478759766,18.36586570739746,35.6212272644043,17.407745361328125,13.406817436218262,17.637222290039062,37.820438385009766,36.45314025878906,52.30219650268555,24.768112182617188,57.7282829284668,30.524030685424805,96.37458801269531,18.151718139648438,29.480070114135742,11.324790954589844,37.11860275268555,29.750337600708008,63.79377365112305,34.8305549621582,23.79092025756836,19.665443420410156,16.893434524536133,128.30740356445312,33.18403244018555,29.645984649658203,3.3610494136810303,21.60393714904785,10.077116012573242,37.14955520629883,39.91685104370117,45.62281799316406,32.9301872253418,7.420551776885986,24.218219757080078,18.024547576904297,21.541982650756836,57.14247131347656
2008-06-05,20.482643127441406,5.686710834503174,40.14463424682617,47.71841049194336,27.04413414001465,40.391754150390625,50.50447463989258,20.20522117614746,16.6390438079834,40.225589752197266,8.615460395812988,14.724577903747559,69.0337142944336,18.58230972290039,35.89640426635742,17.915151596069336,13.899578094482422,18.110918045043945,38.38507080078125,36.43387222290039,52.47344970703125,24.95098114013672,57.202980041503906,30.818984985351562,98.30522155761719,18.064207077026367,29.94154930114746,11.38257122039795,38.568687438964844,30.005125045776367,63.31159591674805,36.19660186767578,23.79092025756836,19.805307388305664,17.248550415039062,131.6623077392578,35.03199768066406,30.486942291259766,3.3298327922821045,21.817947387695312,10.316876411437988,39.07805252075195,40.09176254272461,46.30580520629883,33.02933883666992,7.454189300537109,24.440635681152344,17.945329666137695,21.977275848388672,58.70123291015625
2008-06-06,19.89639663696289,5.572934627532959,39.4251823425293,46.37195587158203,25.752965927124023,39.60416793823242,50.25696563720703,19.477859497070312,16.234634399414062,39.16747283935547,8.287826538085938,14.126220703125,67.1368408203125,18.005123138427734,35.2161979675293,17.264631271362305,13.567198753356934,17.637222290039062,37.077518463134766,34.70534133911133,50.73556137084961,24.16961669921875,54.132301330566406,30.34568977355957,95.01361846923828,17.749794006347656,28.937150955200195,10.96760368347168,37.893798828125,29.374204635620117,61.00657653808594,34.07501220703125,22.682809829711914,19.147930145263672,16.119789123535156,126.32421112060547,33.1897087097168,27.902494430541992,3.1425299644470215,21.122386932373047,9.917279243469238,38.39079666137695,38.703651428222656,44.51763153076172,32.41353225708008,7.2422685623168945,23.639944076538086,17.436079025268555,21.322589874267578,57.610076904296875
2008-06-09,20.055620193481445,5.45195198059082,39.34726333618164,47.590171813964844,24.095609664916992,40.02825927734375,51.11561965942383,19.21807861328125,16.252090454101562,39.07780456542969,8.315511703491211,14.03985595703125,67.63121795654297,18.07727813720703,36.675540924072266,17.193084716796875,13.846118927001953,17.221921920776367,37.552982330322266,35.20655059814453,51.25564193725586,24.239429473876953,54.716827392578125,30.386837005615234,95.14022064208984,17.756271362304688,28.835371017456055,10.836291313171387,37.018287658691406,29.228618621826172,60.35975646972656,33.66292953491211,22.02091407775879,18.98708152770996,16.024669647216797,123.58065032958984,32.76325225830078,26.931612014770508,3.309021234512329,21.175899505615234,9.946337699890137,39.66951370239258,39.20021057128906,44.69769287109375,32.39265441894531,7.117810249328613,23.862346649169922,17.65958023071289,21.200712203979492,57.87224197387695
2008-06-10,20.18589973449707,5.572934627532959,39.34127426147461,46.95969009399414,24.596668243408203,40.38570785522461,49.893287658691406,18.90635108947754,16.877620697021484,40.39894104003906,8.278594970703125,13.990501403808594,67.6742172241211,18.037189483642578,36.96000671386719,17.14753532409668,13.894925117492676,17.33223533630371,37.64214324951172,34.98165512084961,50.80533981323242,24.71491241455078,54.509666442871094,30.057586669921875,95.99478912353516,17.578004837036133,28.706417083740234,10.563148498535156,36.790287017822266,29.083019256591797,60.55378723144531,33.84607696533203,22.028358459472656,18.948619842529297,16.430511474609375,124.66168975830078,33.445594787597656,26.822216033935547,3.184152841567993,21.22345733642578,9.98992919921875,38.68235397338867,39.49361801147461,44.567317962646484,32.64313888549805,7.1077141761779785,23.589094161987305,17.755775451660156,21.01613998413086,57.858062744140625
2008-06-11,19.628597259521484,5.42793607711792,39.0894660949707,47.34438705444336,23.851511001586914,40.10700607299805,50.21654510498047,18.563451766967773,16.734115600585938,40.34514617919922,8.098624229431152,13.453829765319824,66.2287368774414,17.692476272583008,36.329261779785156,16.6856746673584,13.602059364318848,16.8131160736084,37.28057861328125,34.86597442626953,50.0632209777832,24.538692474365234,54.24327087402344,29.460834503173828,94.41222381591797,17.341379165649414,28.06849479675293,10.468605995178223,36.379878997802734,28.773618698120117,60.38327407836914,32.5029296875,21.45570945739746,18.5849609375,16.202220916748047,121.0756607055664,32.279945373535156,25.38642692565918,3.106109142303467,20.997539520263672,9.72474193572998,39.186363220214844,38.40459060668945,44.368629455566406,32.267398834228516,7.066791534423828,23.690765380859375,17.619972229003906,20.89426040649414,55.973392486572266
2008-06-12,20.439224243164062,5.201286792755127,39.38323211669922,46.5162353515625,24.416805267333984,40.2645263671875,49.52962112426758,18.392005920410156,16.734115600585938,40.6201286315918,8.181685447692871,13.601877212524414,66.55113220214844,17.524137496948242,36.69409942626953,16.88734245300293,13.739200592041016,17.1829833984375,37.41926574707031,35.739891052246094,51.059024810791016,24.389062881469727,54.84260940551758,29.646034240722656,91.94355773925781,17.480758666992188,28.421396255493164,10.332033157348633,36.41636276245117,28.93741798400879,60.442047119140625,33.13633346557617,21.894489288330078,18.43809700012207,16.500276565551758,124.3187484741211,34.15288543701172,26.241073608398438,3.121717691421509,21.074832916259766,9.993566513061523,38.52408981323242,38.53435516357422,44.41209030151367,32.486576080322266,7.141825199127197,21.301359176635742,17.50397300720215,20.810680389404297,55.236541748046875
2008-06-13,21.039949417114258,5.174566745758057,39.73094940185547,47.210811614990234,25.425342559814453,40.25846481323242,50.206443786621094,18.459545135498047,16.230388641357422,40.375030517578125,8.30167007446289,13.978168487548828,67.78705596923828,18.14141082763672,37.0713005065918,17.154056549072266,13.755468368530273,17.864336013793945,37.701576232910156,36.29891586303711,51.69331359863281,24.372432708740234,55.582523345947266,30.160480499267578,92.26005554199219,17.539104461669922,28.923587799072266,10.568401336669922,37.072994232177734,29.31962013244629,61.19474792480469,34.08266067504883,22.147342681884766,18.93113899230957,16.538320541381836,132.9221954345703,35.877384185791016,28.05976104736328,3.262195587158203,21.556371688842773,10.026261329650879,39.261322021484375,38.54566955566406,44.890167236328125,32.6796875,7.128179550170898,20.72307777404785,17.741626739501953,21.580280303955078,55.20819854736328
2008-06-16,20.938623428344727,5.308757305145264,39.4731559753418,47.013126373291016,25.65659523010254,39.925254821777344,50.25191116333008,18.189382553100586,15.867243766784668,39.47834396362305,8.20014762878418,14.101543426513672,68.08799743652344,18.389917373657227,37.06510543823242,17.088993072509766,13.785687446594238,17.844873428344727,37.24590301513672,36.09973907470703,51.3191032409668,24.219486236572266,55.508544921875,30.17420196533203,91.69036865234375,17.610414505004883,28.889638900756836,10.536884307861328,36.57140350341797,29.028419494628906,60.300933837890625,34.09793472290039,22.548938751220703,18.997575759887695,16.728561401367188,135.7553253173828,35.7403450012207,28.914386749267578,3.3818612098693848,21.55042839050293,9.862787246704102,39.39461135864258,38.415870666503906,44.952247619628906,32.35089874267578,7.0258636474609375,20.72307777404785,17.404953002929688,21.541982650756836,57.10702896118164
2008-06-17,20.84453010559082,5.446547031402588,39.32326889038086,47.34974670410156,25.07845687866211,39.86467742919922,50.69639587402344,18.017919540405273,15.802810668945312,39.37671661376953,8.177071571350098,13.928815841674805,67.22283172607422,18.061237335205078,36.61370849609375,16.893840789794922,13.641576766967773,17.43605613708496,37.13199234008789,35.38003921508789,51.17957305908203,24.069856643676758,55.034996032714844,30.44857406616211,91.34220123291016,17.364070892333984,28.434959411621094,10.521129608154297,36.57140350341797,28.9859619140625,59.736454010009766,32.63264846801758,21.745756149291992,18.72482681274414,16.107105255126953,133.77963256835938,34.56402587890625,27.752077102661133,3.4338901042938232,21.241294860839844,9.590331077575684,39.894439697265625,37.99829864501953,44.138877868652344,32.502235412597656,7.066791534423828,21.047163009643555,17.181453704833984,21.44795799255371,56.115108489990234
2008-06-18,20.598445892333984,5.366095066070557,38.633819580078125,46.92763137817383,24.8857479095459,39.380001068115234,50.1357421875,18.111452102661133,15.56851863861084,38.89249801635742,8.20014762878418,13.743762969970703,66.71772766113281,17.989086151123047,35.99533462524414,16.44498634338379,13.404492378234863,17.228410720825195,36.80015182495117,35.09733200073242,50.55162811279297,23.843753814697266,55.234779357910156,30.331968307495117,89.2849349975586,17.214962005615234,27.98027229309082,10.389811515808105,36.20660400390625,28.49456214904785,59.36602020263672,32.37318420410156,21.098735809326172,18.68985939025879,16.12613296508789,136.26222229003906,34.969459533691406,27.820453643798828,3.236180067062378,20.88459587097168,9.543111801147461,39.62786102294922,37.12931442260742,43.468326568603516,32.408302307128906,7.063377857208252,20.856521606445312,17.721820831298828,21.13106346130371,55.30739974975586
2008-06-19,20.938623428344727,5.430638313293457,38.74173355102539,45.837646484375,24.827924728393555,39.31940460205078,48.92352294921875,18.495914459228516,15.627100944519043,39.38868713378906,8.20014762878418,14.095375061035156,67.17982482910156,18.19752311706543,36.23031234741211,16.601110458374023,13.409143447875977,17.637222290039062,36.71099090576172,35.566410064697266,50.41209030151367,23.793880462646484,56.936588287353516,30.770973205566406,89.31697845458984,17.548826217651367,28.16351318359375,10.463348388671875,33.689449310302734,28.992027282714844,60.765472412109375,32.533443450927734,20.927682876586914,19.396202087402344,16.252958297729492,139.36370849609375,35.60900115966797,27.478599548339844,3.2882094383239746,21.068893432617188,9.623024940490723,39.01141357421875,37.71616744995117,44.30032730102539,32.53877639770508,7.111130237579346,21.047163009643555,17.764263153076172,21.2320499420166,55.038143157958984
2008-06-20,20.43198585510254,5.261626720428467,38.40599822998047,45.36747360229492,24.320453643798828,38.26523971557617,48.80229568481445,18.25172233581543,15.71495532989502,38.90446090698242,7.997106075286865,13.799276351928711,65.95466613769531,17.71652603149414,35.49445343017578,16.028656005859375,13.076761245727539,17.03374671936035,36.16617965698242,34.82741928100586,50.15837097167969,23.1455020904541,56.10788345336914,30.983600616455078,87.62088012695312,17.292755126953125,28.06849479675293,10.279501914978027,33.005462646484375,28.470308303833008,60.01869583129883,31.4268741607666,20.154239654541016,19.13395118713379,15.536376953125,137.00778198242188,34.015846252441406,26.44618797302246,3.0228641033172607,20.84892463684082,9.771967887878418,38.636531829833984,37.450958251953125,43.28207015991211,31.92818260192871,7.087255001068115,20.761198043823242,17.829330444335938,20.883811950683594,54.109981536865234
2008-06-23,20.243810653686523,5.198281764984131,38.54387664794922,46.85818099975586,23.68449592590332,38.12589645385742,50.03471755981445,18.61540985107422,15.597806930541992,38.63545608520508,8.020179748535156,13.793108940124512,66.34158325195312,17.70049476623535,35.253292083740234,15.970121383666992,13.165083885192871,16.261545181274414,36.136451721191406,35.33507537841797,50.74190139770508,22.88947296142578,55.93029022216797,31.47747802734375,87.68486785888672,17.597448348999023,27.28806495666504,10.347789764404297,32.24850082397461,28.876766204833984,61.23001480102539,31.197919845581055,19.24692153930664,19.147930145263672,15.384187698364258,133.1459197998047,33.57045364379883,25.612049102783203,2.7471115589141846,20.628957748413086,9.445024490356445,39.794464111328125,37.388877868652344,43.43109130859375,31.954282760620117,7.128179550170898,21.28864860534668,17.93683433532715,21.10319709777832,54.896461486816406
2008-06-24,20.070106506347656,5.200985431671143,38.801692962646484,46.4414176940918,24.230518341064453,38.08348083496094,49.822574615478516,19.238859176635742,15.630023002624512,38.270790100097656,8.16323184967041,13.823946952819824,66.34158325195312,17.820755004882812,35.25946807861328,15.924580574035645,13.323140144348145,16.42376708984375,35.87394332885742,34.96237564086914,48.6107292175293,22.756471633911133,55.33835983276367,31.799867630004883,88.29289245605469,17.422412872314453,27.457721710205078,10.626185417175293,32.713623046875,28.476377487182617,61.11827850341797,32.12897491455078,19.797258377075195,19.06051254272461,15.980276107788086,135.67332458496094,33.51905822753906,26.275251388549805,2.767923593521118,20.206872940063477,10.106180191040039,39.4362678527832,35.13178634643555,42.99645233154297,32.23088455200195,7.199803829193115,21.07258415222168,17.653921127319336,20.577362060546875,53.38016891479492
2008-06-25,20.51883888244629,5.32526969909668,39.137413024902344,46.80474853515625,24.352571487426758,38.465187072753906,50.18626403808594,19.212892532348633,15.8438138961792,39.16747283935547,8.250906944274902,13.972000122070312,66.94340515136719,18.07727813720703,35.89640426635742,16.067691802978516,13.509082794189453,16.527584075927734,35.94329071044922,33.09248352050781,48.572689056396484,23.16877555847168,51.52778625488281,32.11539077758789,89.57295989990234,17.351102828979492,27.844554901123047,10.673456192016602,33.39761734008789,28.512771606445312,61.053585052490234,31.24371337890625,19.78982162475586,19.05002212524414,16.107105255126953,136.91830444335938,33.65610885620117,26.10431480407715,2.7263002395629883,20.183095932006836,10.661980628967285,39.16136169433594,34.646514892578125,43.69186782836914,32.4291877746582,7.271428108215332,21.180622100830078,17.311595916748047,20.57387924194336,52.11902618408203
2008-06-26,20.084577560424805,5.051185131072998,38.52589797973633,46.168949127197266,23.3311824798584,37.713924407958984,49.20130920410156,18.807636260986328,15.58609390258789,38.71914291381836,7.923274040222168,13.31811809539795,65.08956146240234,17.17140769958496,34.907005310058594,15.49523639678955,13.209250450134277,16.00197982788086,34.799163818359375,31.57602882385254,47.113834381103516,23.012493133544922,50.46971893310547,31.799867630004883,84.90071105957031,17.095033645629883,26.79265594482422,10.332033157348633,32.12995147705078,27.918235778808594,58.50752258300781,29.679243087768555,18.45115852355957,18.51153564453125,15.263704299926758,131.4088134765625,32.35417556762695,25.18130111694336,2.6378514766693115,19.546985626220703,10.393162727355957,38.57822799682617,33.78881072998047,41.30763626098633,31.787275314331055,7.152055263519287,20.659523010253906,17.218231201171875,19.919191360473633,50.85303497314453
2008-06-27,19.99772071838379,5.106121063232422,38.11222457885742,46.24373245239258,22.5153751373291,36.64763641357422,49.39830780029297,19.212892532348633,15.181946754455566,38.21699905395508,7.974028587341309,13.256430625915527,64.50922393798828,17.067190170288086,34.93792724609375,15.358633995056152,13.08605670928955,15.586685180664062,34.42771530151367,31.633848190307617,46.777671813964844,22.67999839782715,49.51521301269531,31.806713104248047,84.03662109375,17.179309844970703,26.989471435546875,10.662951469421387,32.558570861816406,27.669511795043945,58.57806396484375,29.030548095703125,18.287551879882812,18.483558654785156,15.2383394241333,130.1414031982422,32.2628059387207,25.09925651550293,2.591026782989502,19.60048484802246,10.407691955566406,38.170040130615234,34.05967330932617,41.6863899230957,31.24452781677246,6.940594673156738,20.92007064819336,16.938146591186523,19.901782989501953,50.767677307128906
2008-06-30,19.910871505737305,5.026569843292236,38.573856353759766,47.087921142578125,22.040010452270508,36.84151840209961,50.07009506225586,19.581769943237305,15.222944259643555,38.01374816894531,8.061712265014648,13.250267028808594,63.692420959472656,16.8347225189209,34.764774322509766,15.130950927734375,13.062813758850098,15.19733715057373,34.46732711791992,32.30855178833008,46.822059631347656,22.975923538208008,48.627315521240234,32.34861373901367,85.41273498535156,17.169580459594727,26.853744506835938,10.783761978149414,32.275848388671875,28.003170013427734,58.01356887817383,28.7481746673584,17.752086639404297,18.515033721923828,15.060770988464355,130.3948516845703,32.24567794799805,24.66167640686035,2.502577066421509,19.32701873779297,10.4876127243042,39.31549072265625,34.686004638671875,41.537376403808594,31.197572708129883,7.012221813201904,21.447521209716797,17.19277000427246,19.9783878326416,51.301109313964844
2008-07-01,19.447668075561523,5.243913173675537,38.78369140625,47.20545959472656,22.098474502563477,37.55033493041992,50.044830322265625,19.929861068725586,14.935944557189941,38.49796676635742,8.181685447692871,13.305780410766602,64.09004211425781,17.083223342895508,35.42643356323242,15.059393882751465,13.2557373046875,15.06106948852539,34.561439514160156,32.681243896484375,46.99333572387695,23.075672149658203,48.42753601074219,33.36378860473633,86.7887954711914,17.571517944335938,26.60263442993164,10.941344261169434,31.874582290649414,27.96677589416504,59.44245147705078,30.541593551635742,17.70746421813965,18.24228858947754,15.295409202575684,130.7154541015625,31.263513565063477,25.024063110351562,2.4505491256713867,19.279460906982422,10.749165534973145,39.33629608154297,34.138668060302734,41.419410705566406,31.270626068115234,6.862154483795166,21.16156578063965,17.24086570739746,20.027143478393555,52.21858215332031
2008-07-02,18.731121063232422,5.048783302307129,38.75372314453125,46.7032356262207,22.475223541259766,37.98049545288086,49.20634841918945,19.763612747192383,15.044306755065918,39.31096267700195,8.130928993225098,12.91099739074707,63.99873352050781,16.690412521362305,35.51300811767578,14.857730865478516,13.13254451751709,14.613327980041504,33.917545318603516,31.88445281982422,44.66554260253906,22.952653884887695,47.28067398071289,33.500980377197266,84.8366928100586,17.581233978271484,26.26333236694336,10.978668212890625,32.576820373535156,27.960716247558594,58.97793960571289,30.236339569091797,16.762962341308594,17.9345760345459,14.95931339263916,133.29502868652344,30.327037811279297,24.524938583374023,2.2684481143951416,18.661178588867188,10.534834861755371,37.7993278503418,33.03269958496094,40.94131088256836,31.129737854003906,6.79394006729126,20.437101364135742,17.136186599731445,19.379426956176758,49.9639778137207
2008-07-03,18.80350685119629,5.107023239135742,39.0414924621582,47.1627197265625,22.936412811279297,38.57422637939453,49.81754684448242,19.97662353515625,15.076519966125488,39.914730072021484,8.190916061401367,12.74443531036377,64.23518371582031,16.618268966674805,35.36461639404297,15.03987979888916,13.155791282653809,14.626299858093262,34.4029426574707,32.32782745361328,44.59577560424805,23.391550064086914,47.70242691040039,34.87284851074219,86.11675262451172,17.746553421020508,26.120807647705078,11.079977035522461,31.38209342956543,28.500635147094727,59.671775817871094,30.709495544433594,16.658849716186523,17.86464500427246,15.168575286865234,133.3695068359375,30.075796127319336,24.552288055419922,2.2996654510498047,18.696849822998047,10.698309898376465,38.25334930419922,33.557464599609375,40.9971923828125,31.735092163085938,6.862154483795166,19.807979583740234,17.187110900878906,19.372451782226562,48.683780670166016
2008-07-07,18.839702606201172,5.258323669433594,39.11943054199219,46.45744323730469,22.11146354675293,38.113773345947266,48.90330505371094,19.015464782714844,15.020872116088867,39.8250617980957,8.02479362487793,12.775282859802246,65.2883529663086,16.906864166259766,35.469730377197266,14.682093620300293,13.2278413772583,14.483540534973145,34.59610366821289,32.50131607055664,44.91292953491211,23.128877639770508,47.56922912597656,34.48185729980469,86.72478485107422,17.565032958984375,26.317604064941406,10.984000205993652,31.345605850219727,28.03350067138672,60.342105865478516,30.21344757080078,16.0118350982666,18.06745147705078,14.914928436279297,126.60758209228516,29.150732040405273,23.977968215942383,2.3256797790527344,18.845476150512695,10.64745044708252,37.63689041137695,32.67155838012695,40.73643112182617,31.067100524902344,6.99857759475708,20.278230667114258,17.339885711669922,19.379426956176758,49.65816879272461
2008-07-08,18.70941734313965,5.390111446380615,39.69499206542969,45.917808532714844,23.235218048095703,38.56816864013672,48.3830680847168,19.207693099975586,15.073586463928223,39.35279846191406,8.393959045410156,12.90482234954834,66.56729125976562,17.2996768951416,36.187034606933594,14.883755683898926,13.739200592041016,14.950759887695312,35.1805419921875,33.073204040527344,44.088356018066406,23.23527717590332,48.775299072265625,34.55732345581055,89.79696655273438,18.595794677734375,26.324398040771484,11.543862342834473,32.695369720458984,29.39847183227539,61.04182052612305,31.709243774414062,17.50666618347168,18.717832565307617,15.644186973571777,130.3948516845703,31.046539306640625,24.94883918762207,2.549403190612793,18.958433151245117,10.810920715332031,37.132896423339844,34.082218170166016,41.08412551879883,31.59419822692871,7.179337024688721,20.354494094848633,17.567819595336914,19.60578155517578,47.62404251098633
2008-07-09,18.26068687438965,5.231003761291504,39.67698287963867,45.04690170288086,22.267353057861328,38.652976989746094,47.4334716796875,19.254451751708984,14.903729438781738,39.06586456298828,8.320125579833984,12.220100402832031,64.69727325439453,16.922895431518555,36.63845443725586,14.038084983825684,13.404492378234863,14.51599407196045,33.99679946899414,32.083648681640625,43.40333938598633,23.378250122070312,48.5311164855957,34.87969207763672,87.0128173828125,18.446685791015625,26.175086975097656,11.4905424118042,32.47650146484375,29.343883514404297,60.1598014831543,29.90033721923828,16.405994415283203,18.819244384765625,15.035412788391113,126.0110855102539,29.384855270385742,23.412782669067383,2.5754172801971436,19.07733154296875,10.629286766052246,36.52894592285156,33.45589065551758,40.52532958984375,31.26019287109375,7.148644924163818,20.017688751220703,17.855581283569336,19.038150787353516,45.525909423828125
2008-07-10,18.419912338256836,5.302453517913818,40.13264846801758,45.9819221496582,22.41675567626953,38.90744400024414,48.61539840698242,19.223281860351562,14.654793739318848,39.209327697753906,8.320125579833984,12.719762802124023,66.19111633300781,17.067190170288086,36.13755798339844,14.39587116241455,13.29757022857666,14.19153881072998,34.1354866027832,32.93183898925781,43.3969841003418,23.23195457458496,48.82708740234375,35.455894470214844,88.45289611816406,18.589309692382812,26.127609252929688,11.463884353637695,31.27265167236328,29.21648406982422,60.86544418334961,29.923337936401367,16.629098892211914,19.088489532470703,14.971997261047363,126.86103820800781,29.950153350830078,23.0821590423584,2.382911443710327,19.79072380065918,10.654716491699219,37.528602600097656,33.461524963378906,40.792301177978516,31.3123779296875,7.240729331970215,19.85881996154785,18.083513259887695,19.302814483642578,46.827457427978516
2008-07-11,18.27515411376953,5.180870056152344,39.72496795654297,45.672035217285156,21.539838790893555,38.440940856933594,46.59502029418945,19.0933895111084,14.722150802612305,38.65339660644531,8.218602180480957,12.732096672058105,65.62151336669922,16.802640914916992,35.44498825073242,14.194208145141602,13.083736419677734,14.003352165222168,34.03641891479492,31.68524932861328,44.27862548828125,23.0058536529541,46.821922302246094,34.99631881713867,88.51693725585938,18.406644821166992,26.222599029541016,11.26126480102539,30.83488655090332,28.919225692749023,60.377403259277344,30.05363655090332,16.115943908691406,18.777284622192383,14.585176467895508,121.13524627685547,28.996553421020508,23.0339298248291,2.528592348098755,19.451858520507812,10.4876127243042,36.70803451538086,32.72232437133789,40.407352447509766,30.957500457763672,7.250962734222412,19.248746871948242,17.989486694335938,19.299325942993164,46.22290802001953
2008-07-14,18.202775955200195,5.21989631652832,39.81489562988281,45.63998794555664,20.584964752197266,38.731754302978516,46.87282180786133,19.155731201171875,14.924232482910156,38.80283737182617,8.144769668579102,12.627235412597656,65.30986785888672,16.393798828125,35.92113494873047,13.855944633483887,13.088386535644531,13.970915794372559,34.18501663208008,31.79449462890625,44.18983459472656,22.92938232421875,46.75532150268555,34.9757194519043,86.9808120727539,18.338150024414062,26.032581329345703,11.250601768493652,31.41856575012207,29.125499725341797,59.97165298461914,28.750629425048828,14.985525131225586,18.72482681274414,13.678353309631348,118.29476165771484,27.968706130981445,21.86983871459961,2.424534797668457,19.321073532104492,10.36409854888916,36.84967803955078,32.270896911621094,40.45081329345703,30.686132431030273,7.152055263519287,18.93736457824707,18.017982482910156,19.201812744140625,47.86586380004883
2008-07-15,18.92654800415039,5.092613220214844,40.588287353515625,43.91417694091797,20.149749755859375,38.98619842529297,45.16561508178711,19.00505828857422,15.167301177978516,39.19737243652344,8.112469673156738,12.775282859802246,66.20186614990234,16.233469009399414,36.21177291870117,13.686812400817871,13.072111129760742,13.925488471984863,33.526275634765625,30.740680694580078,42.521690368652344,22.96595001220703,47.265872955322266,36.121246337890625,85.28473663330078,18.869829177856445,25.937572479248047,11.549195289611816,30.661605834960938,29.1861515045166,59.771766662597656,28.375064849853516,13.773301124572754,19.23185157775879,13.006170272827148,117.64613342285156,26.969423294067383,21.353233337402344,2.4193310737609863,19.220006942749023,10.35683536529541,35.329376220703125,31.84769630432129,40.6867561340332,28.708229064941406,7.0565571784973145,18.02863311767578,18.243064880371094,19.42817497253418,46.0593376159668
2008-07-16,19.729923248291016,5.187775135040283,40.88206100463867,43.17683792114258,23.345645904541016,38.949615478515625,43.635169982910156,19.031042098999023,15.328374862670898,39.50823211669922,8.426262855529785,12.898650169372559,67.6742172241211,16.385787963867188,37.20116424560547,13.72584056854248,13.239462852478027,14.71714973449707,33.99679946899414,31.74308204650879,44.73530578613281,22.9925537109375,48.52373123168945,35.96348190307617,88.5809097290039,18.582794189453125,26.28368377685547,11.93310260772705,30.761924743652344,29.289283752441406,59.23665237426758,30.40622329711914,16.859651565551758,19.1654109954834,17.267580032348633,128.87396240234375,29.533313751220703,24.142940521240234,2.8563716411590576,19.921518325805664,10.527571678161621,34.650428771972656,33.371238708496094,41.43182373046875,28.562105178833008,7.1077141761779785,18.33365821838379,18.197477340698242,19.877399444580078,46.33671951293945
2008-07-17,19.918106079101562,5.157756328582764,40.666236877441406,42.92037582397461,26.502573013305664,38.949615478515625,43.271484375,19.20250129699707,14.742657661437988,39.173465728759766,8.486255645751953,13.564865112304688,67.9858627319336,16.72248077392578,37.33101272583008,13.99905776977539,13.406817436218262,15.171380996704102,34.397987365722656,32.681243896484375,45.83280563354492,23.175424575805664,49.51521301269531,36.48478317260742,89.6049575805664,18.755664825439453,26.242212295532227,12.018412590026855,31.108482360839844,29.34995460510254,58.95437240600586,32.031158447265625,19.708017349243164,19.371719360351562,17.648059844970703,135.12156677246094,31.195003509521484,26.395343780517578,2.8563716411590576,20.397111892700195,10.592955589294434,34.52547073364258,33.72673797607422,40.264564514160156,28.875234603881836,7.042915344238281,18.200214385986328,18.251611709594727,21.256433486938477,48.2641487121582
2008-07-18,18.716659545898438,4.957823276519775,40.66023254394531,43.566890716552734,25.99589729309082,38.81550598144531,43.46343994140625,19.576562881469727,14.651866912841797,39.10173034667969,8.453949928283691,13.626558303833008,69.79674530029297,16.979000091552734,37.37432098388672,14.090129852294922,13.462602615356445,15.21032428741455,34.1453857421875,32.55270767211914,45.2330322265625,22.88947296142578,50.417911529541016,36.05265808105469,89.6049575805664,18.781761169433594,25.399192810058594,11.85312271118164,31.892812728881836,29.0648250579834,59.383644104003906,32.3377571105957,20.444278717041016,17.31915855407715,17.667085647583008,136.31448364257812,31.25780487060547,26.567556381225586,2.830357313156128,20.319826126098633,10.215156555175781,34.95032501220703,34.313594818115234,40.76127243041992,28.697803497314453,6.974700927734375,19.013628005981445,18.086360931396484,21.16588020324707,47.88719940185547
2008-07-21,18.55742645263672,4.992044925689697,40.23457336425781,44.336265563964844,25.105989456176758,38.79720687866211,43.89780044555664,18.355628967285156,14.5259370803833,38.52783966064453,8.347810745239258,13.626558303833008,69.13580322265625,16.906864166259766,36.947635650634766,14.207219123840332,13.32081127166748,15.002668380737305,34.041385650634766,32.025814056396484,46.72612762451172,22.80634307861328,50.491912841796875,36.464210510253906,88.61289978027344,18.520816802978516,25.609947204589844,11.639840126037598,31.108482360839844,28.621963500976562,59.736454010009766,31.348987579345703,21.240028381347656,17.35761833190918,17.464162826538086,134.7786102294922,30.943742752075195,25.114164352416992,2.851168632507324,20.117692947387695,10.287811279296875,35.762542724609375,33.551815032958984,40.45703887939453,28.687355041503906,6.9133124351501465,18.765790939331055,18.06356430053711,21.2320499420166,50.46895980834961
2008-07-22,18.673227310180664,4.863858699798584,40.762142181396484,44.272151947021484,26.54154396057129,39.077640533447266,43.25129318237305,16.277441024780273,15.038443565368652,39.567996978759766,8.467793464660645,13.626558303833008,69.8558578491211,17.307680130004883,37.176429748535156,14.246249198913574,13.727577209472656,15.541250228881836,34.8189811706543,33.619407653808594,47.842750549316406,23.441808700561523,51.24663162231445,37.45195388793945,91.20503234863281,18.81764030456543,26.344188690185547,11.559860229492188,32.87778091430664,28.348960876464844,61.0830192565918,29.1185302734375,24.05864715576172,17.86813735961914,19.296823501586914,140.1912078857422,32.42841339111328,26.636432647705078,3.0384726524353027,20.44466781616211,10.476714134216309,35.11693572998047,35.047157287597656,41.419410705566406,29.06831932067871,7.0258636474609375,19.045398712158203,18.493793487548828,21.45492935180664,50.19869613647461
2008-07-23,19.129201889038086,4.99114465713501,40.930023193359375,43.273014068603516,27.25607681274414,39.44343185424805,41.746124267578125,16.506038665771484,15.375236511230469,40.4826545715332,8.800045013427734,13.756097793579102,69.5979232788086,17.23554039001465,36.8919792175293,14.42188835144043,13.502119064331055,16.24207305908203,35.066627502441406,33.882850646972656,46.209266662597656,23.448501586914062,49.36724853515625,36.985511779785156,93.86119079589844,18.58930778503418,26.514142990112305,11.671833038330078,34.27314758300781,28.888883590698242,62.82351303100586,30.153282165527344,24.869287490844727,18.427614212036133,19.30950164794922,140.0644989013672,33.83312225341797,26.939510345458984,3.137326240539551,20.6170711517334,10.236954689025879,34.08397674560547,35.775054931640625,42.29484939575195,29.584983825683594,7.233912467956543,19.115304946899414,18.5678653717041,21.653413772583008,50.86725616455078
2008-07-24,18.41267967224121,4.774099826812744,41.16384506225586,43.17150115966797,25.424285888671875,39.32759094238281,41.41780090332031,16.739837646484375,15.187804222106934,40.29133987426758,8.68006706237793,13.367470741271973,69.8558578491211,16.794628143310547,36.09428405761719,14.15517807006836,13.241788864135742,15.586685180664062,35.190452575683594,33.015380859375,44.524757385253906,23.40835952758789,46.26698303222656,36.93064880371094,91.87708282470703,18.57952308654785,25.88868522644043,11.794469833374023,33.598270416259766,29.119413375854492,61.59458923339844,27.907489776611328,22.786930084228516,18.420616149902344,18.485126495361328,134.39093017578125,31.983003616333008,25.651437759399414,2.658662796020508,20.082021713256836,9.949968338012695,34.06731414794922,35.27284622192383,41.487701416015625,28.885663986206055,7.09748649597168,18.99455451965332,18.376977920532227,21.24249839782715,48.2143669128418
2008-07-25,18.933778762817383,4.866860389709473,41.38567352294922,43.652374267578125,25.67112159729004,39.297119140625,41.700660705566406,16.97883415222168,15.246377944946289,40.18373489379883,8.71697998046875,13.577205657958984,69.06594848632812,16.794628143310547,36.26742935180664,14.59102725982666,13.209250450134277,15.443918228149414,35.14091110229492,32.66838455200195,44.97142028808594,23.14413833618164,47.228878021240234,36.985511779785156,91.87708282470703,18.72957420349121,26.065444946289062,11.805135726928711,33.83538055419922,29.004152297973633,61.51816177368164,28.068458557128906,21.998600006103516,19.06051254272461,18.44707489013672,133.4571990966797,32.331329345703125,25.313913345336914,2.627445697784424,19.95123863220215,9.811927795410156,34.146446228027344,35.29542541503906,42.61149978637695,29.21967315673828,7.186163902282715,18.848400115966797,18.22881507873535,21.061403274536133,49.202980041503906
2008-07-28,18.45608901977539,4.635105609893799,41.05592727661133,43.10737609863281,24.462915420532227,38.91304397583008,41.665287017822266,16.65671157836914,14.979876518249512,39.87885284423828,8.472406387329102,13.367470741271973,67.8407974243164,16.61025047302246,35.735633850097656,14.298297882080078,13.020970344543457,15.028619766235352,34.48712158203125,32.14790344238281,44.1483039855957,22.93010139465332,46.12639236450195,41.485252380371094,88.61289978027344,18.33488655090332,25.263227462768555,11.682497024536133,33.370262145996094,28.888883590698242,60.7713508605957,27.11036491394043,20.868183135986328,18.4171199798584,17.71147346496582,129.1544952392578,31.297780990600586,24.080934524536133,2.471359968185425,19.725330352783203,9.833723068237305,34.258888244628906,34.75372314453125,42.63633728027344,29.277076721191406,7.128179550170898,18.282825469970703,18.211727142333984,20.75147819519043,49.57991027832031
2008-07-29,18.897600173950195,4.715559005737305,41.05592727661133,43.22492599487305,26.470096588134766,39.95552444458008,41.84209442138672,16.83855438232422,15.10287857055664,40.040279388427734,8.55085563659668,13.712918281555176,68.59846496582031,17.179418563842773,36.916709899902344,14.584518432617188,13.353355407714844,15.787846565246582,34.91307830810547,33.11178207397461,45.29683303833008,24.799692153930664,46.7701301574707,42.71992492675781,90.88501739501953,18.24681282043457,26.031455993652344,11.479883193969727,33.224334716796875,29.277158737182617,61.10651779174805,28.75828742980957,23.961977005004883,18.875185012817383,19.31584930419922,135.67576599121094,33.86166763305664,25.141706466674805,2.6118383407592773,20.117692947387695,10.269648551940918,33.62632751464844,35.8935546875,41.93473434448242,29.986825942993164,7.288484573364258,18.35272789001465,18.382673263549805,20.98479461669922,50.355167388916016
2008-07-30,18.984439849853516,4.799616813659668,40.81611633300781,45.08430099487305,27.00273895263672,40.583457946777344,44.07459259033203,17.129501342773438,15.0267333984375,39.99842071533203,8.712366104125977,13.712918281555176,69.2432861328125,17.083223342895508,37.38048553466797,14.42188835144043,13.611357688903809,15.404986381530762,35.31428146362305,33.69008255004883,45.985958099365234,25.073936462402344,47.22147750854492,42.733642578125,92.70911407470703,18.54364585876465,26.221805572509766,11.469217300415039,33.61650466918945,28.761489868164062,61.23001480102539,28.773624420166016,24.99571418762207,18.850711822509766,19.785104751586914,139.0670623779297,34.409873962402344,26.588212966918945,2.518185615539551,20.30198860168457,10.331405639648438,35.4737548828125,35.51548385620117,42.37556457519531,30.446075439453125,7.401031970977783,18.416269302368164,18.453907012939453,21.47580909729004,52.25415802001953
2008-07-31,18.615325927734375,4.771697044372559,41.04994201660156,42.97380447387695,26.39214324951172,39.9189567565918,42.71084213256836,17.093130111694336,15.082374572753906,39.7891731262207,8.615460395812988,13.688243865966797,68.77040100097656,17.259580612182617,36.97236251831055,14.30479621887207,13.625306129455566,15.463385581970215,34.863563537597656,32.66838455200195,44.35887145996094,24.83982276916504,45.216304779052734,42.959991455078125,90.53300476074219,18.37729263305664,24.81452178955078,11.26126480102539,33.76241683959961,28.57949447631836,61.34762191772461,28.451705932617188,24.467689514160156,18.875185012817383,19.19536018371582,137.47607421875,34.17572021484375,27.194377899169922,2.4973742961883545,20.414939880371094,10.273283958435059,34.191871643066406,35.59449768066406,41.841609954833984,30.179914474487305,6.940594673156738,18.193849563598633,18.34563636779785,21.117128372192383,49.89997863769531
2008-08-01,18.41267967224121,4.702950477600098,40.82810974121094,42.59445571899414,26.47659683227539,39.59583282470703,42.5845832824707,17.280168533325195,15.562662124633789,39.83103942871094,8.583157539367676,13.786944389343262,68.05036163330078,17.23554039001465,36.96000671386719,14.30479621887207,13.423083305358887,15.508810997009277,34.744686126708984,32.771202087402344,43.478336334228516,24.89668083190918,45.88223648071289,43.0628776550293,90.2769775390625,18.289220809936523,24.30463981628418,11.255935668945312,32.47650146484375,28.537031173706055,61.135948181152344,28.505353927612305,24.7874698638916,18.773786544799805,19.341203689575195,135.9521942138672,34.11863327026367,28.317138671875,2.4193310737609863,20.171199798583984,10.1788330078125,33.9949836730957,35.13178634643555,41.44423294067383,30.190351486206055,7.128179550170898,17.895172119140625,18.334238052368164,20.59476661682129,49.94267272949219
2008-08-04,18.2968692779541,4.599983215332031,41.35568618774414,40.92744064331055,26.073856353759766,40.126220703125,41.82187271118164,17.3529052734375,15.78524398803711,40.4527473449707,8.758516311645508,13.891806602478027,68.54472351074219,17.035127639770508,37.44231414794922,14.30479621887207,13.581148147583008,15.502326011657715,34.546573638916016,32.48848342895508,43.02528762817383,25.05388069152832,45.401283264160156,43.673370361328125,90.14897918701172,18.67737579345703,24.617368698120117,11.405229568481445,34.18193054199219,28.73722267150879,61.50636672973633,28.244754791259766,24.259445190429688,18.826236724853516,19.13828468322754,132.859619140625,33.9815788269043,28.572004318237305,2.502577066421509,20.414939880371094,10.149770736694336,33.282840728759766,35.30670928955078,41.239349365234375,30.759197235107422,7.186163902282715,17.412208557128906,18.716026306152344,20.30573272705078,46.40073013305664
2008-08-05,18.969970703125,4.822432518005371,42.237003326416016,41.86246871948242,27.210603713989258,41.43694305419922,41.665287017822266,18.0283145904541,16.081031799316406,40.96086502075195,9.095381736755371,14.289067268371582,69.2486572265625,17.804712295532227,38.54302215576172,14.734136581420898,14.0250883102417,16.151226043701172,35.60154342651367,33.13746643066406,43.50383377075195,25.36491584777832,48.24256134033203,43.687076568603516,93.60517120361328,19.150346755981445,25.521575927734375,11.634509086608887,35.91476058959961,28.992027282714844,63.56441116333008,29.678058624267578,24.97339630126953,19.343748092651367,20.000707626342773,135.0333251953125,35.3748779296875,29.75676727294922,2.648257255554199,21.086719512939453,10.520305633544922,33.44620895385742,36.81897735595703,41.79814147949219,31.609853744506836,7.288484573364258,16.43992042541504,18.858488082885742,21.068376541137695,47.41777801513672
2008-08-06,19.556224822998047,4.929003715515137,42.60870361328125,41.8517951965332,26.885833740234375,41.31500244140625,42.71084213256836,18.340049743652344,16.212810516357422,40.97282028198242,9.114139556884766,14.152512550354004,69.67481994628906,18.325788497924805,38.42552947998047,15.566795349121094,14.12271785736084,16.157712936401367,35.566864013671875,32.93183898925781,44.99055480957031,25.458555221557617,48.68925094604492,43.54990005493164,92.80514526367188,19.17318344116211,25.49437713623047,11.671833038330078,36.562286376953125,29.119413375854492,63.14694595336914,29.1185302734375,24.87671661376953,19.59201431274414,19.430173873901367,134.1220245361328,35.35205078125,29.74297332763672,2.57021427154541,21.288850784301758,10.440385818481445,34.095523834228516,36.28291702270508,42.282440185546875,31.615066528320312,7.244141578674316,17.386798858642578,19.000926971435547,21.576801300048828,47.944091796875
2008-08-07,19.824016571044922,4.910388946533203,42.356903076171875,41.37626647949219,25.859493255615234,41.138221740722656,42.14009475708008,18.12183952331543,15.817460060119629,40.6201286315918,9.010943412780762,14.692540168762207,69.61547088623047,18.23760414123535,38.252384185791016,15.339119911193848,13.239462852478027,15.885185241699219,35.254825592041016,32.083648681640625,43.98239517211914,25.338157653808594,48.16065979003906,42.555294036865234,91.42902374267578,19.03618621826172,25.344806671142578,11.55453109741211,37.08212661743164,28.864614486694336,63.67618179321289,27.89983367919922,23.44138526916504,19.245838165283203,18.596820831298828,128.728759765625,33.34202575683594,29.384801864624023,2.528592348098755,20.94999122619629,10.436756134033203,33.83998489379883,35.696067810058594,42.481109619140625,30.493040084838867,7.124766826629639,16.54159927368164,18.721723556518555,21.524126052856445,47.631160736083984
2008-08-08,20.359609603881836,5.08991003036499,42.896484375,42.060150146484375,26.677947998046875,42.448936462402344,42.63002014160156,18.677753448486328,16.227462768554688,41.457035064697266,9.306466102600098,15.040141105651855,69.48602294921875,18.854883193969727,40.60839080810547,15.774962425231934,13.448654174804688,17.11160659790039,36.394004821777344,32.976829528808594,45.23939895629883,26.17763328552246,50.520668029785156,43.762542724609375,94.85325622558594,19.254728317260742,26.255809783935547,11.895771980285645,38.46836471557617,29.428817749023438,65.89295959472656,28.980573654174805,23.984281539916992,19.85077476501465,19.340431213378906,131.432861328125,34.55260467529297,31.024188995361328,2.736706256866455,21.728782653808594,10.574793815612793,33.89444351196289,37.072898864746094,43.28207015991211,32.053436279296875,7.1452317237854,16.833925247192383,19.1120548248291,22.244050979614258,49.11762237548828
2008-08-11,20.19313621520996,5.210291862487793,42.962440490722656,41.9742431640625,27.210603713989258,42.326995849609375,42.468406677246094,18.656970977783203,16.209888458251953,41.409217834472656,9.325225830078125,15.13325023651123,68.2938461303711,18.50214958190918,40.78152084350586,16.015647888183594,13.611357688903809,17.851364135742188,36.83977127075195,33.131046295166016,45.17557144165039,26.037168502807617,49.59751892089844,43.90658950805664,95.84532928466797,19.212329864501953,26.201416015625,11.965093612670898,38.887901306152344,29.756404876708984,66.37512969970703,30.022985458374023,24.82466697692871,19.731882095336914,20.263538360595703,132.96414184570312,35.0665283203125,31.265262603759766,2.6846768856048584,21.829843521118164,11.01435661315918,33.60959243774414,36.9656867980957,43.43729019165039,32.03257369995117,7.244141578674316,16.738601684570312,19.217470169067383,22.60577392578125,49.487464904785156
2008-08-12,20.35237693786621,5.305455207824707,42.986412048339844,41.28683090209961,24.631799697875977,42.88176345825195,42.205745697021484,18.792055130004883,16.045886993408203,41.61845397949219,9.250174522399902,15.220160484313965,67.54938507080078,18.35785484313965,39.538604736328125,15.93758773803711,13.771740913391113,17.831890106201172,36.45344543457031,33.00251388549805,45.82003402709961,26.067276000976562,49.083824157714844,43.5910530090332,95.17327117919922,19.2058048248291,25.868288040161133,11.83712387084961,38.076202392578125,29.87773323059082,67.2630386352539,29.16452407836914,23.151334762573242,19.96615982055664,19.475053787231445,124.97136688232422,33.92449188232422,29.274599075317383,2.700286388397217,22.055753707885742,11.025251388549805,33.492286682128906,36.63840103149414,43.86569595336914,32.37178421020508,7.404441833496094,17.10082244873047,19.10635757446289,22.563627243041992,49.3238639831543
2008-08-13,20.20038414001465,5.382608413696289,42.686641693115234,41.97959518432617,23.975736618041992,42.430633544921875,43.559391021728516,18.568649291992188,16.16889190673828,41.690185546875,9.212645530700684,14.971863746643066,67.86225891113281,18.446025848388672,38.821292877197266,15.813985824584961,13.507562637329102,17.20894432067871,36.136451721191406,32.694091796875,44.55666732788086,25.879980087280273,47.84054183959961,43.54990005493164,93.79718017578125,19.06554412841797,25.85469627380371,11.719823837280273,38.52307891845703,29.632736206054688,66.42809295654297,28.275405883789062,21.46314239501953,19.864755630493164,18.776308059692383,123.17859649658203,33.19927978515625,27.655885696411133,2.538997173309326,21.942798614501953,10.773846626281738,34.50605010986328,36.45219421386719,43.64839553833008,32.17347717285156,7.349869728088379,17.081762313842773,19.11490249633789,22.275667190551758,47.72359848022461
2008-08-14,20.20038414001465,5.383207321166992,42.68065643310547,41.59294509887695,24.560354232788086,42.497703552246094,43.73114776611328,18.672548294067383,16.113250732421875,41.809730529785156,9.278316497802734,15.120837211608887,68.47724914550781,18.590341567993164,39.32836151123047,16.04817771911621,13.5589017868042,17.6307315826416,36.17610168457031,32.63626480102539,44.85016632080078,25.923463821411133,48.22022247314453,44.04378890991211,94.4692153930664,19.147083282470703,25.89548683166504,11.666500091552734,38.89701461791992,29.608232498168945,66.55155944824219,29.27950096130371,22.44481658935547,19.822790145874023,19.340431213378906,124.44107818603516,34.501216888427734,27.993404388427734,2.65346097946167,22.09142303466797,11.047112464904785,33.24932861328125,37.01082992553711,43.49937438964844,32.58051300048828,7.298710346221924,16.916536331176758,19.14339828491211,22.187868118286133,47.58137893676758
2008-08-15,20.12800407409668,5.275734901428223,42.76460266113281,41.388877868652344,24.72923469543457,43.64989471435547,42.87615966796875,18.78685760498047,16.124963760375977,41.96516036987305,9.36744213104248,15.058768272399902,68.16436767578125,18.486120223999023,39.34690856933594,16.204296112060547,13.85528564453125,17.864336013793945,36.398956298828125,32.72622299194336,44.888465881347656,26.227800369262695,47.98197937011719,44.62681198120117,95.36526489257812,19.447181701660156,26.23540687561035,11.719823837280273,39.353023529052734,29.877744674682617,68.60372161865234,29.94633674621582,22.831544876098633,19.672433853149414,19.077600479125977,121.89378356933594,34.43270492553711,28.158708572387695,2.658662796020508,22.156814575195312,10.948741912841797,32.53296661376953,37.32117462158203,44.163726806640625,32.83624267578125,7.366923809051514,16.649633407592773,19.28870391845703,22.676006317138672,47.40357208251953
2008-08-18,20.041152954101562,5.265229225158691,42.62070846557617,41.09888458251953,23.865314483642578,43.44872283935547,42.33669662475586,18.55306053161621,15.911172866821289,41.732025146484375,9.212645530700684,14.903589248657227,67.20955657958984,18.253629684448242,39.136653900146484,15.931082725524902,13.729266166687012,17.494457244873047,35.88386154174805,32.3418083190918,44.167442321777344,26.00372314453125,47.378963470458984,44.24269485473633,93.92520141601562,19.231891632080078,26.024656295776367,11.597186088562012,38.48660659790039,29.430612564086914,67.76874542236328,29.1185302734375,21.790369033813477,19.508092880249023,18.462196350097656,119.54830169677734,33.43911361694336,27.270151138305664,2.5441999435424805,22.13445472717285,10.387636184692383,32.256507873535156,36.84718322753906,43.87190246582031,32.75274658203125,7.278247833251953,16.185726165771484,18.906917572021484,22.563627243041992,47.38221740722656
2008-08-19,19.852218627929688,5.209392070770264,42.656673431396484,41.86145782470703,23.111801147460938,43.11342239379883,43.110260009765625,18.314069747924805,15.911172866821289,41.905391693115234,9.071928024291992,14.642888069152832,66.11444854736328,18.085290908813477,38.623416900634766,15.768460273742676,13.582239151000977,16.845558166503906,35.3192138671875,31.69574737548828,43.829261779785156,25.863243103027344,46.86526107788086,43.85857009887695,91.87708282470703,19.199277877807617,25.589555740356445,11.45322036743164,38.29508972167969,29.277481079101562,68.05687713623047,28.152772903442383,20.8830623626709,19.074499130249023,17.814739227294922,118.02436065673828,32.559730529785156,26.23003387451172,2.4557502269744873,21.69915199279785,10.383994102478027,33.19904327392578,36.11363983154297,43.269649505615234,32.40309143066406,7.155467510223389,16.185731887817383,18.75876235961914,22.15626335144043,46.58565902709961
2008-08-20,19.830421447753906,5.278738498687744,42.61471939086914,42.32329559326172,24.034198760986328,42.857383728027344,44.0008659362793,18.153017044067383,15.917024612426758,41.75595474243164,9.043778419494629,14.518736839294434,66.0875015258789,18.165456771850586,38.60487747192383,15.761946678161621,13.619584083557129,16.852046966552734,35.25937271118164,31.32750701904297,43.899444580078125,25.582307815551758,47.058834075927734,43.60477066040039,91.68506622314453,19.029659271240234,25.37200164794922,11.474546432495117,38.103553771972656,29.03860855102539,67.18072509765625,28.68930435180664,21.782934188842773,19.098979949951172,18.53912353515625,118.21114349365234,33.15930938720703,25.761646270751953,2.3985204696655273,21.36522674560547,10.398571014404297,33.86930847167969,35.58885192871094,43.089595794677734,31.829044342041016,7.158875942230225,16.645631790161133,19.04082679748535,22.275667190551758,47.175960540771484
2008-08-21,19.75048828125,5.232208251953125,42.734622955322266,43.15031814575195,23.553504943847656,42.613521575927734,45.049232482910156,18.09065818786621,15.671025276184082,41.480934143066406,9.085996627807617,14.307696342468262,66.3464584350586,17.876855850219727,38.530662536621094,15.761946678161621,13.652249336242676,17.241392135620117,35.36911392211914,31.495466232299805,43.835636138916016,25.505386352539062,47.31195068359375,43.7693977355957,92.00511169433594,18.931804656982422,25.399192810058594,11.677166938781738,37.82997131347656,28.891603469848633,67.64523315429688,28.367387771606445,21.597015380859375,18.934635162353516,18.231414794921875,116.84414672851562,33.26210021972656,25.52744483947754,2.2996654510498047,21.603748321533203,10.212750434875488,35.628753662109375,35.34446334838867,43.33314895629883,31.829044342041016,7.131591320037842,16.958602905273438,19.109203338623047,21.945545196533203,47.63828659057617
2008-08-22,20.230083465576172,5.307257652282715,43.0966682434082,43.12347412109375,24.46940803527832,43.656002044677734,44.835479736328125,18.3244571685791,15.922890663146973,41.78582763671875,9.264248847961426,14.580811500549316,67.39295959472656,18.19752311706543,39.21704864501953,16.074193954467773,13.871620178222656,17.591796875,36.052459716796875,32.17383575439453,44.83740234375,25.839828491210938,48.800926208496094,43.90658950805664,93.18916320800781,19.075332641601562,25.58275604248047,11.911774635314941,38.541324615478516,29.418354034423828,68.07449340820312,29.73171043395996,22.467132568359375,18.99057960510254,18.821182250976562,119.37642669677734,33.6789436340332,26.787973403930664,2.3256797790527344,21.746850967407227,10.27833366394043,34.84539031982422,36.10034942626953,43.71408462524414,32.37178421020508,7.1350016593933105,16.741437911987305,19.217470169067383,21.931499481201172,48.036556243896484
2008-08-25,20.09927749633789,5.1799702644348145,42.72252655029297,42.26959228515625,23.469074249267578,42.75374984741211,43.517398834228516,18.184188842773438,15.68860149383545,41.27769088745117,9.151666641235352,14.258039474487305,66.27631378173828,17.804712295532227,38.38843536376953,15.748940467834473,13.663920402526855,17.234901428222656,35.27931213378906,31.366262435913086,43.746315002441406,25.4117431640625,47.69908142089844,43.872276306152344,90.6290283203125,18.840471267700195,24.909700393676758,11.719823837280273,37.44692611694336,29.105993270874023,67.18660736083984,28.980573654174805,21.537513732910156,18.605941772460938,18.37885856628418,116.3138198852539,32.57117462158203,26.32647705078125,2.2944629192352295,21.20423698425293,10.023286819458008,34.275657653808594,35.73092269897461,43.458038330078125,31.802936553955078,7.094075679779053,16.23044776916504,19.094955444335938,21.54167938232422,46.96969985961914
2008-08-26,19.815885543823242,5.212692737579346,42.6682243347168,42.935523986816406,23.780866622924805,42.576961517333984,43.659889221191406,18.40239143371582,15.673951148986816,41.06847381591797,9.043778419494629,14.369758605957031,66.08210754394531,17.756614685058594,38.41936111450195,15.683892250061035,13.768939018249512,17.53339958190918,35.274330139160156,31.618227005004883,43.822879791259766,25.371601104736328,47.24495315551758,43.8516960144043,90.46898651123047,18.77849578857422,25.106861114501953,11.719823837280273,37.875572204589844,28.79973602294922,67.9686508178711,29.16452407836914,21.582136154174805,18.84372329711914,18.391681671142578,116.46319580078125,32.61684036254883,26.574447631835938,2.263245105743408,21.21615982055664,9.979562759399414,34.51026153564453,35.69114303588867,43.27068328857422,31.855121612548828,7.087255001068115,16.121849060058594,19.032285690307617,21.682159423828125,47.60983657836914
2008-08-27,20.026607513427734,5.243611812591553,42.96994400024414,43.21476745605469,24.12514305114746,42.71106719970703,44.08229446411133,18.563451766967773,15.75302791595459,41.36737060546875,8.949965476989746,14.531148910522461,66.55680084228516,17.908918380737305,38.38843536376953,15.853021621704102,13.8366117477417,17.6307315826416,35.274330139160156,31.7474365234375,44.3843879699707,25.495357513427734,48.034095764160156,43.7008056640625,90.3089828491211,18.82743263244629,25.20884132385254,11.474546432495117,38.103553771972656,28.70787239074707,68.15095520019531,29.754709243774414,22.050662994384766,18.794763565063477,18.532716751098633,116.14203643798828,33.005130767822266,26.898181915283203,2.2164199352264404,21.03727149963379,10.088871955871582,34.96687316894531,36.10034942626953,42.6087532043457,31.9229736328125,7.032683372497559,16.415681838989258,19.169036865234375,21.745372772216797,48.33527374267578
2008-08-28,20.302749633789062,5.215693473815918,43.09064865112305,43.596046447753906,25.255388259887695,43.290218353271484,44.36728286743164,18.91154670715332,15.556807518005371,41.36140441894531,9.039091110229492,14.642888069152832,67.20414733886719,18.149423599243164,39.125640869140625,16.041671752929688,13.974302291870117,17.792959213256836,36.16217041015625,32.509788513183594,45.73707962036133,25.68933868408203,49.389068603515625,43.954612731933594,92.2611083984375,19.163400650024414,25.154451370239258,11.538531303405762,38.723731994628906,28.732362747192383,70.57646942138672,30.958084106445312,23.37444496154785,18.605941772460938,19.507102966308594,120.88538360595703,34.26139831542969,27.96584129333496,2.30486798286438,21.77667999267578,10.16538143157959,34.89984130859375,36.77097702026367,43.29567337036133,32.731868743896484,7.175930500030518,16.56258201599121,19.220317840576172,22.303756713867188,50.5045051574707
2008-08-29,19.830421447753906,5.089312553405762,42.49925994873047,42.967742919921875,25.00206184387207,42.53425979614258,43.92961502075195,18.532272338867188,15.249308586120605,40.93695068359375,8.96403694152832,14.195962905883789,65.6667251586914,17.580244064331055,38.57197570800781,15.644854545593262,13.78527545928955,17.598285675048828,35.713260650634766,32.41288757324219,45.13092803955078,25.428464889526367,48.80836868286133,43.11091232299805,89.92501068115234,18.732824325561523,24.88250160217285,11.378568649291992,38.19478225708008,28.573102951049805,68.71748352050781,30.413902282714844,23.15877342224121,18.420616149902344,19.404542922973633,122.4839096069336,33.89592742919922,28.124277114868164,2.3204777240753174,21.723007202148438,10.063364028930664,34.5647087097168,36.44135284423828,42.99592971801758,32.189125061035156,7.172519207000732,16.26238250732422,18.85563087463379,22.07547950744629,50.191593170166016
2008-09-02,19.69235610961914,4.989043712615967,43.28374099731445,41.52311706542969,25.326841354370117,42.96101760864258,42.38759994506836,18.095857620239258,15.217087745666504,41.522796630859375,8.992183685302734,14.015950202941895,63.87577819824219,17.27562141418457,39.13808822631836,15.449703216552734,13.92062759399414,18.367128372192383,35.473846435546875,32.432281494140625,44.078121185302734,25.659225463867188,49.03915023803711,42.877689361572266,91.30107879638672,19.248201370239258,25.33802032470703,11.479883193969727,38.185638427734375,28.579238891601562,69.30765533447266,31.142040252685547,24.266889572143555,17.58141326904297,20.007122039794922,123.49238586425781,33.855960845947266,28.44802474975586,2.346491575241089,21.466602325439453,10.128947257995605,33.09432601928711,36.9471549987793,43.251949310302734,32.815364837646484,7.281660556793213,15.91107177734375,19.208921432495117,22.928861618041992,48.868709564208984
2008-09-03,19.547035217285156,5.012157440185547,43.150970458984375,41.89905548095703,25.79452896118164,43.54016876220703,42.84052276611328,18.2114200592041,15.129230499267578,41.61604309082031,9.006253242492676,13.37039852142334,63.838016510009766,16.987022399902344,38.39775848388672,15.163472175598145,13.953303337097168,19.191585540771484,35.32919692993164,31.753894805908203,43.216732025146484,25.772953033447266,49.188053131103516,43.28237533569336,91.42902374267578,18.895925521850586,25.46038818359375,11.485212326049805,38.26771545410156,28.732362747192383,68.69389343261719,31.356651306152344,25.002704620361328,17.966045379638672,19.878902435302734,125.20299530029297,34.1928596496582,29.04728126525879,2.377709150314331,21.418893814086914,10.12530517578125,33.132015228271484,37.310882568359375,43.38310623168945,32.75743865966797,7.250962734222412,15.674739837646484,19.009489059448242,23.4345703125,47.31822204589844
2008-09-04,19.147361755371094,4.839842319488525,42.5113410949707,40.889442443847656,24.625316619873047,42.94273376464844,41.334129333496094,17.948781967163086,15.143877029418945,41.13483810424805,8.75764274597168,12.737259864807129,62.036285400390625,15.976945877075195,37.34014129638672,14.493441581726074,13.950963973999023,18.694293975830078,34.785518646240234,31.004470825195312,40.79841232299805,25.568939208984375,46.92483139038086,41.759613037109375,88.64491271972656,18.45231819152832,24.8077335357666,11.463884353637695,36.17923355102539,28.230113983154297,67.17130279541016,29.701078414916992,23.212465286254883,17.47650909423828,19.019906997680664,120.19065856933594,32.594017028808594,27.786758422851562,2.2840569019317627,20.83452033996582,9.928556442260742,32.03864669799805,36.46408462524414,43.07086181640625,32.27284622192383,7.046325206756592,14.671917915344238,19.069320678710938,23.016666412353516,45.163169860839844
2008-09-05,18.638708114624023,4.808621883392334,42.644107818603516,40.61017990112305,25.723081588745117,43.1500129699707,40.82521057128906,18.017074584960938,15.208308219909668,41.45363235473633,8.68259334564209,12.793129920959473,61.6748161315918,16.08917808532715,37.514339447021484,14.480437278747559,14.175000190734863,18.70738410949707,34.511192321777344,30.83003807067871,40.88134765625,25.776288986206055,46.82059860229492,41.43723678588867,89.2209243774414,18.595834732055664,24.379426956176758,11.458549499511719,36.3160400390625,27.831987380981445,68.29258728027344,30.199264526367188,24.448944091796875,16.73171043395996,20.00070571899414,121.93863677978516,33.32490539550781,28.489343643188477,2.2944629192352295,20.625825881958008,9.790104866027832,31.598800659179688,36.31062698364258,43.74530029296875,32.75743865966797,7.1452317237854,14.952960968017578,19.328584671020508,22.85862922668457,44.97114181518555
2008-09-08,18.980234146118164,4.740776062011719,43.57941436767578,41.22775650024414,26.98975944519043,44.119346618652344,41.24763107299805,18.63689613342285,15.632952690124512,42.307716369628906,8.978111267089844,13.016586303710938,63.27157974243164,15.439835548400879,38.833251953125,15.202507972717285,14.469049453735352,19.734676361083984,35.503780364990234,31.398557662963867,41.20676040649414,26.505399703979492,47.57997131347656,41.00510025024414,93.09314727783203,19.055749893188477,25.480777740478516,11.901110649108887,37.45604705810547,28.585371017456055,69.53780364990234,31.057735443115234,26.345399856567383,16.45897102355957,21.513587951660156,126.78656005859375,35.346351623535156,29.804975509643555,2.367302179336548,21.466602325439453,9.946772575378418,31.288785934448242,37.50411605834961,44.76321792602539,33.658145904541016,7.152055263519287,14.959352493286133,19.502384185791016,23.125518798828125,44.651100158691406
2008-09-09,18.9657039642334,4.553450107574463,43.04838943481445,39.34278869628906,25.63863754272461,43.82670211791992,40.09748077392578,18.0380802154541,15.779387474060059,42.7047119140625,8.555940628051758,12.619322776794434,62.05782699584961,15.367682456970215,39.31229019165039,14.942299842834473,14.266020774841309,19.073810577392578,34.64087677001953,30.46823501586914,39.16493225097656,26.284666061401367,47.66185760498047,41.50581741333008,89.9889907836914,18.749135971069336,24.766939163208008,11.751812934875488,35.89650344848633,28.456735610961914,68.3929214477539,29.310161590576172,24.66893196105957,16.326099395751953,19.981481552124023,120.765869140625,33.170738220214844,27.828079223632812,2.2892608642578125,21.0074462890625,10.183597564697266,28.61611557006836,37.032413482666016,44.207420349121094,34.358707427978516,7.046325206756592,14.135367393493652,19.283010482788086,22.6900634765625,42.6383056640625
2008-09-10,19.212766647338867,4.551351070404053,42.98201370239258,40.411468505859375,25.593172073364258,44.13150405883789,41.303619384765625,17.60734748840332,15.758881568908691,43.20392608642578,8.537176132202148,12.51379680633545,63.67619705200195,15.3596773147583,39.31851577758789,14.955306053161621,14.47372055053711,19.04109001159668,34.25680160522461,30.726665496826172,40.083778381347656,26.154224395751953,45.94210433959961,42.59644317626953,89.89299011230469,18.886137008666992,25.052478790283203,11.55453109741211,36.4072380065918,28.622108459472656,67.33061981201172,29.248836517333984,24.577903747558594,16.37155532836914,20.32123565673828,117.7181167602539,33.20500564575195,26.808629989624023,2.3256797790527344,21.31752586364746,10.194530487060547,30.10745620727539,37.90195846557617,43.707828521728516,33.900447845458984,7.0804290771484375,14.116206169128418,19.283010482788086,22.78487777709961,42.49606704711914
2008-09-11,19.86675453186035,4.5825700759887695,42.93978500366211,40.57794189453125,27.054702758789062,44.55217742919922,42.13822937011719,17.85422134399414,15.971247673034668,43.67909240722656,8.626304626464844,12.532419204711914,64.30194854736328,15.511981964111328,40.16460418701172,14.994339942932129,14.742096900939941,19.302827835083008,34.885276794433594,30.771883010864258,41.35353469848633,26.5956974029541,46.58235168457031,43.481292724609375,90.11699676513672,19.34606170654297,25.603147506713867,11.639840126037598,37.08212661743164,28.61598777770996,67.92669677734375,29.708724975585938,25.07857322692871,17.14781379699707,21.699491500854492,117.2998275756836,33.30247497558594,26.663991928100586,2.4349398612976074,21.866113662719727,10.274685859680176,30.36298370361328,38.71466827392578,43.57668685913086,33.879371643066406,7.243239879608154,14.441962242126465,19.607799530029297,23.413503646850586,43.79762268066406
2008-09-12,20.070219039916992,4.471195697784424,42.595821380615234,41.61977767944336,26.74291229248047,44.5948371887207,42.87105178833008,17.76492691040039,16.074472427368164,43.99787139892578,8.734190940856934,12.51379680633545,64.17791748046875,15.720419883728027,39.85354232788086,15.261051177978516,14.56473159790039,18.844791412353516,34.99002456665039,30.720205307006836,41.768272399902344,26.752893447875977,47.1258430480957,43.1246337890625,85.60474395751953,19.274307250976562,25.589555740356445,11.858449935913086,37.08212661743164,28.54248809814453,69.20731353759766,29.85436248779297,25.59440040588379,16.826120376586914,21.981552124023438,115.193359375,32.935489654541016,25.6445369720459,2.5546059608459473,21.508337020874023,10.161738395690918,30.760955810546875,38.987464904785156,44.0762939453125,34.01633071899414,7.3298420906066895,15.317038536071777,19.687578201293945,23.7998104095459,44.978267669677734
2008-09-15,19.488889694213867,4.213623046875,42.00446319580078,39.33742141723633,24.034198760986328,43.979103088378906,40.75905227661133,17.18712043762207,16.148208618164062,43.51668167114258,8.46682071685791,12.017220497131348,62.13877487182617,15.239421844482422,39.64204406738281,14.558497428894043,14.382705688476562,18.648483276367188,34.356563568115234,29.667116165161133,40.33262634277344,26.147537231445312,46.34413528442383,42.65818405151367,78.72433471679688,19.075332641601562,24.828123092651367,11.4905424118042,36.01506805419922,28.19948387145996,65.9142837524414,27.19467544555664,20.14021873474121,16.724714279174805,19.87250518798828,101.2171401977539,30.951568603515625,22.17291259765625,2.4661576747894287,20.435014724731445,9.688080787658691,28.78786849975586,38.447566986083984,42.92723083496094,33.89518356323242,7.243239879608154,14.537775039672852,19.416913986206055,23.399452209472656,43.534454345703125
2008-09-16,18.885774612426758,4.19921350479126,42.11912155151367,41.045162200927734,26.463594436645508,43.89377212524414,41.65985107421875,16.95600128173828,16.177709579467773,43.8956298828125,8.354239463806152,12.091705322265625,62.60265350341797,15.199336051940918,39.996620178222656,14.83171558380127,14.501723289489746,18.046510696411133,34.78054428100586,29.68651580810547,41.3025016784668,26.254558563232422,45.949554443359375,45.19612121582031,80.19641876220703,19.5091495513916,24.562986373901367,11.442554473876953,34.6014518737793,27.721750259399414,66.11491394042969,27.64689826965332,22.415952682495117,17.42405891418457,22.391817092895508,99.35712432861328,33.42289733886719,19.768962860107422,2.6378514766693115,19.96393585205078,10.198175430297852,30.279212951660156,39.11248016357422,41.84685516357422,34.0584602355957,7.149711608886719,14.691072463989258,19.530874252319336,23.652299880981445,44.942691802978516
2008-09-17,17.853923797607422,3.8374710083007812,41.944122314453125,40.427589416503906,23.235218048095703,43.2475471496582,40.73870849609375,16.3519287109375,15.531781196594238,43.11369323730469,8.054035186767578,11.514432907104492,60.13203048706055,14.509917259216309,38.895477294921875,14.181197166442871,13.918294906616211,16.76401138305664,34.34160232543945,28.284563064575195,40.2943229675293,25.538827896118164,42.43558120727539,42.34265899658203,74.85213470458984,18.67412567138672,23.801555633544922,11.005330085754395,32.467384338378906,26.900997161865234,62.573997497558594,25.324462890625,20.633298873901367,16.41002082824707,21.430246353149414,85.53032684326172,30.659141540527344,14.981700897216797,2.57021427154541,19.05756378173828,9.801033020019531,29.039215087890625,37.25973892211914,39.948429107666016,33.905704498291016,6.882984638214111,13.611600875854492,19.869924545288086,23.353801727294922,42.616966247558594
2008-09-18,18.355310440063477,4.025396347045898,42.80099868774414,41.75404739379883,26.177783966064453,43.47312545776367,42.17893981933594,16.772157669067383,15.747081756591797,44.04597854614258,8.438673973083496,11.955147743225098,62.10099792480469,15.030988693237305,39.79134750366211,14.83171558380127,14.347698211669922,17.634273529052734,35.16460037231445,28.452512741088867,41.6789436340332,25.712738037109375,43.261966705322266,41.14912796020508,80.3979263305664,18.944852828979492,24.549379348754883,11.149291038513184,33.89922332763672,27.819725036621094,67.17130279541016,28.911596298217773,23.197298049926758,16.493934631347656,23.71879768371582,80.6749038696289,33.979068756103516,15.532754898071289,2.7471115589141846,19.58230972290039,9.771885871887207,30.27082633972168,37.782588958740234,40.58540344238281,34.09531784057617,7.00422477722168,13.75850772857666,19.847129821777344,23.63825798034668,44.110565185546875
2008-09-19,18.282644271850586,4.230134010314941,42.2337532043457,42.7529182434082,30.562387466430664,42.89396286010742,44.68280792236328,16.724878311157227,15.549473762512207,44.02193069458008,8.701355934143066,11.936529159545898,64.11314392089844,16.08917808532715,39.803768157958984,15.800979614257812,13.932295799255371,17.90909767150879,36.2519645690918,29.27948760986328,42.42549514770508,25.321435928344727,44.49034118652344,41.13542556762695,86.33294677734375,19.150346755981445,24.549379348754883,11.197279930114746,33.60737228393555,28.59760856628418,65.43624877929688,30.96575164794922,28.43148422241211,16.24567222595215,25.513731002807617,96.95928955078125,37.276065826416016,18.74262809753418,2.752314805984497,19.653867721557617,9.852043151855469,32.805259704589844,38.475955963134766,40.9163703918457,34.79587936401367,7.115073204040527,15.125420570373535,19.961105346679688,23.518856048583984,45.07782745361328
2008-09-22,18.45704460144043,3.9341378211975098,41.28034973144531,42.360897064208984,26.502573013305664,41.47960662841797,44.44361114501953,16.520023345947266,15.154245376586914,42.7528190612793,8.476198196411133,11.48339557647705,62.689002990722656,15.8326416015625,38.92656326293945,15.033370971679688,13.743263244628906,16.76401138305664,35.264373779296875,28.16826057434082,41.219547271728516,24.582290649414062,43.7830924987793,39.482322692871094,84.80866241455078,18.638233184814453,23.808349609375,10.99466323852539,31.49152946472168,28.113727569580078,63.85463333129883,28.582002639770508,25.905418395996094,15.633748054504395,22.55208969116211,90.22142028808594,33.204994201660156,18.659971237182617,2.5754172801971436,18.93831443786621,9.735453605651855,32.55809020996094,37.441612243652344,40.02960205078125,33.71082305908203,6.94187068939209,14.87630844116211,19.422607421875,22.756776809692383,44.878684997558594
2008-09-23,18.48611068725586,3.807753086090088,41.12347412109375,41.72182846069336,26.34667205810547,41.01628112792969,43.49193572998047,16.152320861816406,14.947793006896973,42.5543212890625,8.448052406311035,11.564090728759766,62.23047637939453,15.784549713134766,38.435096740722656,14.786184310913086,13.628918647766113,16.528451919555664,34.41641616821289,27.89692497253418,40.543174743652344,24.632465362548828,42.66637420654297,39.489166259765625,80.91683197021484,19.085111618041992,22.883747100830078,10.80271053314209,31.47329330444336,28.00961685180664,63.459224700927734,29.340810775756836,25.26062774658203,15.626758575439453,21.904617309570312,93.41106414794922,31.966476440429688,19.286788940429688,2.528592348098755,18.693838119506836,9.699016571044922,31.24271011352539,36.82212448120117,39.33017349243164,33.44219207763672,6.851809501647949,15.26594066619873,19.388418197631836,21.850730895996094,43.22151565551758
2008-09-24,18.689571380615234,3.8638899326324463,41.147605895996094,41.904422760009766,26.307708740234375,41.9063606262207,43.374900817871094,16.530527114868164,14.803265571594238,42.16335678100586,8.438673973083496,11.607548713684082,62.82383346557617,15.992981910705566,38.217350006103516,14.83171558380127,13.750261306762695,16.37141227722168,34.201934814453125,27.244407653808594,39.3946418762207,25.02042579650879,42.70359802246094,40.04478073120117,79.74930572509766,19.196014404296875,22.503032684326172,10.989331245422363,30.761924743652344,28.383230209350586,63.530029296875,28.74295425415039,25.086149215698242,16.326099395751953,21.968734741210938,99.34968566894531,33.65797805786133,17.075693130493164,2.6170408725738525,18.85483169555664,9.600638389587402,31.35581398010254,36.026466369628906,38.96797561645508,33.631805419921875,6.886446475982666,15.112643241882324,19.46819496154785,20.97978401184082,42.04798889160156
2008-09-25,19.33629608154297,3.9605541229248047,41.85360336303711,43.322181701660156,28.230438232421875,41.76613998413086,44.514862060546875,17.003278732299805,15.177842140197754,42.88515090942383,8.743570327758789,11.526844024658203,64.79280853271484,16.409841537475586,38.73994064331055,15.27405834197998,14.030311584472656,16.881790161132812,34.78054428100586,28.006746292114258,39.535030364990234,25.418428421020508,42.74827194213867,41.10796356201172,83.28437805175781,19.352588653564453,23.3868408203125,11.021321296691895,32.202884674072266,28.54248809814453,65.2178955078125,28.995893478393555,26.072296142578125,16.451969146728516,21.872575759887695,101.2171401977539,33.25086975097656,18.66685676574707,2.591026782989502,19.158945083618164,9.793745994567871,32.19363784790039,36.24242401123047,39.448822021484375,33.95311737060547,7.0942888259887695,15.080707550048828,19.616352081298828,21.47847557067871,41.080711364746094
2008-09-26,19.910354614257812,3.8497798442840576,41.87773895263672,43.31142807006836,31.335391998291016,41.967315673828125,44.25022506713867,16.871959686279297,15.478691101074219,43.131744384765625,8.75295352935791,11.9179048538208,64.42062377929688,16.53008270263672,39.31851577758789,15.49523639678955,14.168002128601074,17.313655853271484,34.64087677001953,28.536529541015625,40.91963195800781,25.772953033447266,43.41830062866211,41.615570068359375,81.88980102539062,19.37542724609375,23.781152725219727,11.101304054260254,33.3155403137207,28.677248001098633,66.42179107666016,30.275909423828125,27.839784622192383,17.007951736450195,23.91751480102539,103.0771255493164,34.9366340637207,17.048139572143555,2.502577066421509,19.516714096069336,10.147163391113281,31.9381046295166,36.59479904174805,39.34266662597656,34.8011589050293,7.23630952835083,14.614418029785156,19.8328857421875,21.57680320739746,39.54410934448242
2008-09-29,18.17365074157715,3.1599180698394775,40.36918258666992,39.772403717041016,26.63247299194336,40.69318389892578,39.440982818603516,15.936956405639648,15.05101490020752,41.89872741699219,8.279187202453613,10.719907760620117,61.744956970214844,15.047024726867676,37.427242279052734,14.174689292907715,13.640582084655762,16.35177993774414,33.07966613769531,26.081485748291016,38.21419906616211,24.973602294921875,41.29652404785156,38.06929397583008,74.91702270507812,18.72304916381836,22.210693359375,10.584096908569336,30.397123336791992,26.900997161865234,64.90510559082031,24.948890686035156,22.94696044921875,14.839994430541992,21.314863204956055,90.16166687011719,28.66948699951172,14.458203315734863,2.169593572616577,18.48512840270996,9.775528907775879,29.0350284576416,36.12307357788086,38.4621467590332,33.49485397338867,6.702856063842773,13.0878324508667,19.405513763427734,20.24581527709961,34.133880615234375
2008-09-30,19.394426345825195,3.4120869636535645,41.80533981323242,41.70573043823242,30.335046768188477,42.48550796508789,41.975372314453125,16.577808380126953,15.596667289733887,42.867088317871094,8.649757385253906,11.626167297363281,63.09356689453125,16.281579971313477,38.38533020019531,14.675590515136719,13.976635932922363,16.940683364868164,34.072265625,26.84384536743164,38.029170989990234,25.201032638549805,42.69615936279297,40.6552619934082,82.70057678222656,18.781761169433594,22.883747100830078,11.11730670928955,30.98992347717285,26.96835708618164,64.72216796875,27.15635108947754,26.550203323364258,15.955446243286133,24.058542251586914,95.61469268798828,30.7967586517334,15.842719078063965,2.705488681793213,18.461280822753906,10.01235294342041,30.685548782348633,35.742305755615234,37.80644226074219,34.15326690673828,6.872590065002441,13.99484634399414,19.57930564880371,20.48110580444336,35.37743377685547
2008-10-01,19.241830825805664,3.275794267654419,40.906227111816406,42.19978332519531,32.23830032348633,43.44872283935547,41.8328857421875,16.856201171875,15.974191665649414,43.08963394165039,8.884296417236328,11.495810508728027,59.4091911315918,15.92082691192627,39.60469436645508,14.278779029846191,13.922966957092285,16.960308074951172,33.613365173339844,25.63569450378418,36.33827209472656,25.525455474853516,42.152687072753906,40.59352493286133,79.45744323730469,19.013357162475586,22.95853042602539,11.25261116027832,30.789287567138672,26.760114669799805,64.23822784423828,27.22568702697754,28.924560546875,15.84005355834961,23.526473999023438,100.47014617919922,31.84605598449707,16.820837020874023,2.367302179336548,17.733797073364258,10.041505813598633,29.617313385009766,36.25947189331055,35.50831985473633,34.34817123413086,7.118535995483398,13.675471305847168,19.989582061767578,20.34063148498535,33.090415954589844
2008-10-02,19.074703216552734,3.0050134658813477,40.906227111816406,41.61977767944336,32.63106155395508,43.552345275878906,40.48935317993164,16.3361759185791,15.809025764465332,42.65056228637695,8.813934326171875,10.676458358764648,56.501548767089844,15.624214172363281,38.4973030090332,13.790892601013184,13.733936309814453,16.26671600341797,32.72053146362305,24.621379852294922,33.320194244384766,25.672609329223633,39.88944625854492,40.18882369995117,71.83599090576172,19.212329864501953,22.210693359375,11.041528701782227,29.339191436767578,26.06186866760254,61.535335540771484,24.760427474975586,27.589458465576172,15.626758575439453,22.539264678955078,98.25904083251953,29.196992874145508,15.987370491027832,2.263245105743408,17.364093780517578,10.121663093566895,28.368955612182617,34.713619232177734,34.6777458190918,34.474578857421875,6.955730438232422,11.957257270812988,19.80154800415039,19.557491302490234,28.38772201538086
2008-10-03,19.125560760498047,2.9140522480010986,39.922645568847656,41.8560791015625,30.04545021057129,43.296329498291016,40.39773941040039,16.69336700439453,15.505231857299805,41.501739501953125,8.91244125366211,10.744742393493652,55.800289154052734,15.61620044708252,37.47079086303711,13.823420524597168,13.939302444458008,15.579671859741211,32.22175598144531,24.44695281982422,32.67573165893555,25.251195907592773,40.075565338134766,40.39459991455078,69.95494842529297,19.085111618041992,21.707605361938477,11.057762145996094,30.460956573486328,25.3023681640625,61.97203826904297,23.782026290893555,26.155738830566406,15.997405052185059,22.15463638305664,95.61469268798828,28.600679397583008,16.47642707824707,2.1071598529815674,16.67239761352539,9.910338401794434,27.707069396972656,34.531761169433594,35.439613342285156,33.916255950927734,7.028473377227783,11.829506874084473,19.986743927001953,19.35379981994629,28.044654846191406
2008-10-06,18.100984573364258,2.9461748600006104,38.920955657958984,41.52311706542969,28.801727294921875,41.80882263183594,39.105098724365234,15.779375076293945,15.018577575683594,40.0822639465332,8.884296417236328,10.508859634399414,54.27904510498047,14.67025375366211,35.55463409423828,13.309508323669434,13.51223087310791,14.931877136230469,31.42369270324707,23.206514358520508,31.393213272094727,24.29132652282715,38.18457794189453,37.712608337402344,69.33879089355469,18.396865844726562,20.742223739624023,10.456975936889648,27.624631881713867,23.532230377197266,60.56157684326172,23.165712356567383,24.441362380981445,14.644180297851562,21.564863204956055,92.62673950195312,29.919477462768555,16.18712615966797,1.9198565483093262,16.421955108642578,9.662577629089355,27.12057113647461,34.09982681274414,34.471675872802734,32.899654388427734,6.69592809677124,11.733697891235352,19.510934829711914,19.199275970458984,26.6510009765625
2008-10-07,16.880197525024414,2.676593542098999,37.708072662353516,40.85183334350586,25.738271713256836,40.38836669921875,37.3289794921875,15.191068649291992,14.540763854980469,39.16803741455078,8.279187202453613,9.944001197814941,51.597984313964844,13.451741218566895,34.19839096069336,12.2556791305542,12.798115730285645,14.323348999023438,29.912353515625,22.579832077026367,30.19999885559082,23.96356773376465,36.68816375732422,35.455894470214844,65.83618927001953,18.227245330810547,19.80402374267578,10.197174072265625,27.588150024414062,23.648611068725586,58.42523193359375,21.763601303100586,18.031381607055664,14.193105697631836,19.61607551574707,85.90386199951172,26.937850952148438,12.157569885253906,1.5192363262176514,15.944916725158691,9.385672569274902,25.620866775512695,33.63948440551758,33.85969161987305,32.31498336791992,6.415340423583984,10.884167671203613,19.089258193969727,17.791034698486328,25.729049682617188
2008-10-08,16.720333099365234,2.6955068111419678,37.62963104248047,41.35127258300781,25.72517967224121,40.29692077636719,37.20175552368164,14.980952262878418,13.98332405090332,38.25980758666992,8.035269737243652,10.086767196655273,48.84681701660156,13.531899452209473,33.22787857055664,11.930423736572266,12.730432510375977,13.852230072021484,28.615510940551758,22.017765045166016,30.404186248779297,22.695974349975586,35.51187515258789,35.7508430480957,66.97126007080078,18.0347957611084,20.286725997924805,10.251299858093262,25.21693992614746,23.213733673095703,57.83505630493164,20.893056869506836,16.76456069946289,14.360944747924805,20.449445724487305,84.40983581542969,26.404592514038086,11.5720796585083,1.383961796760559,15.610981941223145,9.065042495727539,25.985313415527344,32.90633773803711,32.51078796386719,32.6204948425293,6.26985502243042,10.877782821655273,18.713611602783203,17.8999080657959,27.151287078857422
2008-10-09,16.20441436767578,2.663985013961792,34.7452507019043,36.51800537109375,24.010169982910156,37.1146125793457,32.570613861083984,13.767559051513672,12.771096229553223,35.79975891113281,7.350420951843262,9.683293342590332,48.01066589355469,12.994791984558105,32.40045166015625,11.182333946228027,11.992974281311035,13.040857315063477,26.68519401550293,20.279855728149414,28.585674285888672,21.2477970123291,33.06252670288086,34.474998474121094,61.65248489379883,16.390819549560547,20.65384292602539,9.731697082519531,22.617717742919922,20.347238540649414,54.29413604736328,18.48942756652832,14.89086627960205,14.000791549682617,17.468570709228516,75.70740509033203,22.935579299926758,8.575732231140137,1.082195520401001,15.074324607849121,8.773563385009766,22.550216674804688,30.121509552001953,30.162708282470703,30.02896499633789,6.020445823669434,9.76636791229248,17.268369674682617,16.60051155090332,27.873146057128906
2008-10-10,15.62308406829834,2.905946969985962,33.701332092285156,33.489166259765625,27.25690460205078,36.309898376464844,29.43059730529785,13.778064727783203,12.24019718170166,34.76521682739258,7.101809978485107,9.428799629211426,47.33634948730469,13.371572494506836,33.1905517578125,11.208352088928223,11.89029598236084,12.923072814941406,27.064260482788086,19.76947593688965,27.520097732543945,20.31801986694336,31.11943244934082,33.322635650634766,69.72795104980469,16.24626922607422,20.993770599365234,9.504368782043457,20.301225662231445,19.207990646362305,51.62664031982422,17.8345947265625,15.83150863647461,13.102139472961426,18.14808464050293,66.33269500732422,22.92984962463379,6.667718410491943,1.035370111465454,13.84595775604248,8.66425895690918,20.204299926757812,29.3826904296875,26.103548049926758,29.823537826538086,5.94423770904541,9.868572235107422,16.663318634033203,16.259862899780273,27.24420928955078
2008-10-13,18.529708862304688,3.3100178241729736,37.8227424621582,39.24614334106445,27.486013412475586,38.58383560180664,35.56812286376953,15.453704833984375,13.939077377319336,37.1530876159668,7.824182033538818,10.54610538482666,49.742286682128906,15.11917781829834,35.61684036254883,12.535399436950684,12.718766212463379,14.20556640625,29.737770080566406,21.59782600402832,31.571853637695312,22.451833724975586,35.05030059814453,36.9032096862793,68.10633850097656,17.810108184814453,21.551239013671875,10.283773422241211,25.08013343811035,21.964242935180664,53.26728057861328,21.03171730041504,17.28797721862793,14.913427352905273,19.48786735534668,82.91590118408203,25.34382438659668,12.46753215789795,1.2434844970703125,14.662883758544922,9.243577003479004,23.5598087310791,31.627592086791992,27.68974494934082,31.661840438842773,6.917623996734619,11.561234474182129,18.23473358154297,17.90692138671875,30.338838577270508
2008-10-14,17.51238441467285,3.1244935989379883,38.619258880615234,38.91317367553711,26.64814567565918,39.077640533447266,34.88108825683594,15.30137825012207,12.89792537689209,32.72020721435547,8.035269737243652,9.888137817382812,50.492122650146484,14.181235313415527,34.85163879394531,12.06052303314209,12.704757690429688,13.786794662475586,29.613088607788086,20.73856544494629,30.302101135253906,21.404987335205078,33.553897857666016,35.40102005004883,67.61991119384766,17.997371673583984,20.13035011291504,10.12139892578125,27.83439064025879,21.400737762451172,56.519046783447266,21.717378616333008,20.12506103515625,14.44836711883545,21.487943649291992,91.8050537109375,24.95965576171875,15.112579345703125,1.2747015953063965,13.869811058044434,9.35287857055664,23.86142349243164,31.201339721679688,28.23305320739746,31.603891372680664,6.772134304046631,11.561234474182129,18.472740173339844,17.654062271118164,30.01007843017578
2008-10-15,16.466005325317383,2.940469741821289,36.531402587890625,33.48379135131836,25.194976806640625,36.46840286254883,30.5247802734375,13.951407432556152,13.039493560791016,30.825578689575195,7.631862640380859,9.304656028747559,47.6276741027832,12.786365509033203,32.07072067260742,10.779011726379395,11.680259704589844,12.975419998168945,27.273759841918945,18.78745460510254,26.837366104125977,20.257827758789062,31.514015197753906,32.760169982910156,62.43082809448242,17.701688766479492,18.151994705200195,9.379880905151367,24.168134689331055,19.930742263793945,51.62074279785156,18.805286407470703,18.069305419921875,13.385369300842285,21.378965377807617,84.52191162109375,21.07206153869629,12.643794059753418,1.1966582536697388,13.064812660217285,8.948453903198242,20.564552307128906,29.155359268188477,26.41579818725586,29.591772079467773,6.259461879730225,10.277360916137695,18.272010803222656,15.624217987060547,26.51522445678711
2008-10-16,17.577791213989258,3.0587503910064697,38.317543029785156,37.296688079833984,26.504135131835938,37.65719223022461,32.11259841918945,14.807610511779785,13.502558708190918,31.9262752532959,7.960216999053955,9.857098579406738,49.37007522583008,13.620083808898926,33.881126403808594,11.54662036895752,12.7467679977417,12.890357971191406,28.565629959106445,19.982667922973633,27.307857513427734,20.940099716186523,33.345436096191406,34.845401763916016,64.5064697265625,18.19450569152832,19.117385864257812,9.341994285583496,23.475004196166992,21.057741165161133,54.654136657714844,18.212087631225586,18.39549446105957,14.472841262817383,21.731542587280273,83.961669921875,22.94131088256836,13.034337997436523,1.1810503005981445,14.018879890441895,9.578779220581055,21.758460998535156,29.34858512878418,27.96451759338379,31.693431854248047,6.5816144943237305,11.395161628723145,18.598907470703125,17.942045211791992,27.801668167114258
2008-10-17,17.38886070251465,2.923959255218506,37.80461883544922,36.53949737548828,25.74481964111328,37.63889694213867,31.730892181396484,14.970451354980469,13.036547660827637,32.40745544433594,7.932073593139648,9.621224403381348,48.97089385986328,13.644132614135742,33.47051239013672,11.650704383850098,12.548401832580566,13.224074363708496,28.176570892333984,18.97481346130371,25.342103958129883,20.799631118774414,33.16676330566406,34.42699432373047,63.66325378417969,18.220788955688477,18.339767456054688,9.493544578552246,23.000757217407227,19.72249984741211,53.55644226074219,17.973262786865234,17.629335403442383,15.046300888061523,20.552019119262695,85.38097381591797,22.631689071655273,13.417905807495117,1.2642961740493774,13.893662452697754,9.19256591796875,21.99724578857422,28.723424911499023,27.764678955078125,31.59860610961914,6.692462921142578,11.701759338378906,18.561635971069336,16.91657257080078,28.17330551147461
2008-10-20,17.96291160583496,2.9551806449890137,38.8847541809082,40.27185821533203,26.615428924560547,38.961822509765625,35.42562484741211,16.28364372253418,13.703124046325684,34.13970184326172,8.13377571105957,9.956416130065918,49.90413284301758,14.55801773071289,35.36177062988281,12.333740234375,12.70242691040039,13.597042083740234,28.685348510742188,19.2009334564209,26.360437393188477,21.609012603759766,34.77485275268555,36.594539642333984,65.31725311279297,18.907440185546875,19.661922454833984,9.95902156829834,25.353734970092773,20.886234283447266,55.01414489746094,18.759071350097656,18.509288787841797,16.256162643432617,20.660987854003906,90.75929260253906,23.0101318359375,13.787524223327637,1.2122673988342285,14.680774688720703,9.535057067871094,24.183984756469727,29.64979362487793,29.23223114013672,32.6573486328125,7.0527215003967285,12.698197364807129,18.770957946777344,17.73484230041504,27.58725357055664
2008-10-21,16.974666595458984,2.7465403079986572,38.41408157348633,38.397621154785156,26.013202667236328,38.38265609741211,33.99557876586914,15.742616653442383,13.5762939453125,33.08109664916992,8.13377571105957,9.466047286987305,47.935150146484375,14.181235313415527,34.29793930053711,11.61817741394043,12.525066375732422,13.426911354064941,29.947275161743164,18.63886260986328,25.02629280090332,21.03040313720703,34.54404830932617,35.894901275634766,65.998291015625,18.39491081237793,20.28211212158203,9.991497039794922,25.408458709716797,20.62898826599121,49.68505859375,20.33066177368164,18.183094024658203,16.091819763183594,20.923824310302734,90.64722442626953,21.112205505371094,14.087403297424316,1.1290212869644165,14.519766807556152,9.556918144226074,22.604665756225586,28.814348220825195,28.001983642578125,32.48353958129883,6.713247776031494,12.436311721801758,18.991769790649414,17.439851760864258,26.722484588623047
2008-10-22,15.644882202148438,2.9080491065979004,37.062400817871094,34.67598342895508,24.33092498779297,36.051231384277344,31.420467376708984,14.713067054748535,13.384581565856934,32.26308822631836,7.852327823638916,9.050158500671387,45.09766387939453,13.764379501342773,33.7069091796875,11.325445175170898,12.198341369628906,12.739866256713867,29.02451515197754,17.9928035736084,23.537477493286133,19.79846954345703,31.9458065032959,34.09086608886719,61.4903564453125,17.695117950439453,19.661922454833984,9.488134384155273,22.2802791595459,19.667369842529297,47.0765495300293,19.275232315063477,17.18935203552246,16.24916648864746,20.064817428588867,85.94864654541016,18.778512954711914,13.480669021606445,1.0926015377044678,13.929441452026367,9.775528907775879,20.55198860168457,26.364843368530273,28.670198440551758,30.139589309692383,6.682070732116699,11.446263313293457,18.48134422302246,16.400333404541016,24.17815399169922
2008-10-23,16.218950271606445,2.948875665664673,37.68393325805664,37.801517486572266,24.776025772094727,37.16172409057617,33.98030090332031,15.154296875,12.700310707092285,32.166866302490234,8.021198272705078,9.006710052490234,45.50225067138672,13.58801555633545,34.57790756225586,11.214853286743164,12.312695503234863,12.471586227416992,30.695449829101562,18.658246994018555,22.78984832763672,19.620073318481445,34.63337707519531,38.10359191894531,60.971435546875,18.076223373413086,19.675552368164062,9.769587516784668,22.271162033081055,20.50649642944336,46.99982833862305,18.897743225097656,17.447275161743164,15.89949893951416,20.08405303955078,81.35563659667969,17.75214385986328,12.60892105102539,1.0405726432800293,13.911550521850586,9.822891235351562,21.569957733154297,27.35374641418457,27.727218627929688,30.118505477905273,6.782526969909668,11.586785316467285,18.97169303894043,16.277420043945312,23.141849517822266
2008-10-24,15.957352638244629,2.893339157104492,36.68224334716797,37.07651138305664,23.19193458557129,36.11872482299805,32.524810791015625,14.366374969482422,12.272637367248535,31.1323299407959,7.772587299346924,8.863941192626953,44.27232360839844,12.986778259277344,33.01011657714844,10.609879493713379,11.99531364440918,12.11170482635498,29.732797622680664,17.54701805114746,21.462156295776367,18.829072952270508,33.68046569824219,39.21480941772461,57.825565338134766,17.839675903320312,18.925874710083008,9.547673225402832,21.733081817626953,19.43461799621582,44.75727844238281,18.527950286865234,15.983223915100098,15.147711753845215,19.814809799194336,75.22662353515625,18.044574737548828,11.520988464355469,1.0457756519317627,13.470293998718262,9.615217208862305,20.296451568603516,26.455781936645508,27.0465145111084,28.975494384765625,6.657822132110596,11.197150230407715,18.42112159729004,15.841955184936523,21.69816017150879
2008-10-27,15.390558242797852,2.764552354812622,36.29606628417969,35.49227523803711,22.255882263183594,35.19841003417969,31.405195236206055,14.08797836303711,12.095677375793457,30.969919204711914,7.68815279006958,8.845318794250488,42.972259521484375,12.64206600189209,32.20136642456055,10.466768264770508,11.591580390930176,12.373432159423828,30.111862182617188,16.939716339111328,21.127010345458984,18.435260772705078,31.536334991455078,37.54798889160156,57.5012321472168,17.468429565429688,16.642772674560547,10.04561996459961,18.905860900878906,18.6199893951416,42.868778228759766,17.78067398071289,15.573594093322754,14.826009750366211,19.763517379760742,69.59209442138672,18.348466873168945,9.575250625610352,1.05618155002594,12.760696411132812,9.287296295166016,19.11092185974121,25.393009185791016,26.209705352783203,29.080854415893555,6.394556999206543,11.420711517333984,18.26914405822754,15.409998893737793,21.362262725830078
2008-10-28,16.785737991333008,2.999309539794922,38.73390579223633,40.20203399658203,24.612384796142578,38.793731689453125,35.634273529052734,15.595532417297363,13.346237182617188,33.5803337097168,8.358930587768555,9.844683647155762,47.08280944824219,14.125125885009766,35.22490692138672,11.910910606384277,12.875125885009766,14.113967895507812,32.07711410522461,18.929588317871094,22.525606155395508,20.168725967407227,36.4127082824707,41.15599060058594,63.20917892456055,18.069656372070312,18.95994758605957,10.981988906860352,20.29210662841797,20.445241928100586,47.37754440307617,19.621906280517578,17.462448120117188,15.654729843139648,22.090530395507812,70.10911560058594,21.07206153869629,10.600424766540527,1.1186156272888184,14.883505821228027,9.742737770080566,21.012800216674805,27.768619537353516,28.757617950439453,31.588085174560547,6.765207290649414,13.400812149047852,19.378883361816406,16.80420684814453,23.77792739868164
2008-10-29,16.71306800842285,3.138603687286377,37.1287841796875,40.08926773071289,23.375228881835938,37.41941452026367,36.13302230834961,15.064997673034668,12.93331527709961,33.08109664916992,8.0634126663208,9.273619651794434,47.57912063598633,13.860579490661621,35.57329177856445,11.624683380126953,12.840115547180176,14.16631031036377,31.174291610717773,18.722848892211914,23.29256820678711,20.19565200805664,37.07529067993164,40.38775634765625,62.26870346069336,17.796968460083008,17.93085289001465,10.727602005004883,18.103302001953125,19.618362426757812,46.39197540283203,19.421607971191406,16.93144416809082,15.958942413330078,20.584070205688477,73.17359924316406,21.536516189575195,10.293573379516602,1.1238183975219727,14.156033515930176,9.655290603637695,21.20732307434082,27.109359741210938,28.14561653137207,31.124557495117188,6.630110740661621,13.681861877441406,19.1580867767334,16.811214447021484,25.543224334716797
2008-10-30,16.444210052490234,3.3334341049194336,36.549503326416016,40.304073333740234,24.62547492980957,38.70170211791992,37.75138473510742,15.858166694641113,13.172221183776855,34.33216857910156,8.377694129943848,10.03711223602295,48.9223518371582,14.686285972595215,36.00257110595703,11.57264232635498,12.777106285095215,14.866443634033203,31.199237823486328,19.46581268310547,24.08531379699707,21.619441986083984,37.74534225463867,41.51953887939453,62.755149841308594,17.92509651184082,19.982236862182617,11.101062774658203,14.209036827087402,20.10836410522461,48.49882507324219,20.076435089111328,17.2803955078125,16.333084106445312,20.410985946655273,68.2658920288086,22.224573135375977,11.221105575561523,1.1862525939941406,15.026616096496582,10.008711814880371,21.921981811523438,29.05873680114746,29.03864288330078,32.09901809692383,6.637038230895996,14.397245407104492,19.378883361816406,17.27829933166504,27.472909927368164
2008-10-31,16.22620964050293,3.2298641204833984,37.01414108276367,39.80463409423828,27.001619338989258,39.597450256347656,37.96509552001953,16.257373809814453,12.995258331298828,34.290077209472656,8.307332038879395,9.950207710266113,50.15228271484375,14.662226676940918,36.03989028930664,11.559629440307617,13.024482727050781,15.43571949005127,32.072113037109375,19.67255401611328,24.620256423950195,21.124649047851562,39.02584457397461,41.080535888671875,63.2740478515625,18.118932723999023,20.888654708862305,11.12271499633789,14.865682601928711,20.71474838256836,50.19255828857422,21.18580436706543,18.33481216430664,16.032373428344727,21.827699661254883,69.307373046875,22.671825408935547,12.183514595031738,1.1394271850585938,15.181663513183594,10.0050687789917,21.993867874145508,29.996471405029297,29.28219223022461,32.28337860107422,6.647429943084717,13.241132736206055,19.424758911132812,17.4117488861084,27.558670043945312
2008-11-03,16.43694496154785,3.210951566696167,36.9055290222168,39.89591979980469,26.66123390197754,39.51156234741211,37.502010345458984,15.742616653442383,13.405230522155762,34.56674575805664,8.33078384399414,9.708127975463867,49.99584197998047,14.69429874420166,35.47998046875,11.188840866088867,13.061822891235352,14.539275169372559,31.977338790893555,19.969751358032227,25.14230728149414,21.383825302124023,39.34597396850586,42.21918487548828,62.59299087524414,18.398191452026367,21.011335372924805,11.12271499633789,17.49225616455078,20.831117630004883,49.561126708984375,21.817527770996094,17.91001319885254,16.542888641357422,21.667434692382812,66.75237274169922,22.494081497192383,12.553133964538574,1.1082099676132202,14.67480754852295,9.954058647155762,21.803571701049805,30.13286590576172,29.101093292236328,32.041080474853516,6.626646041870117,13.483850479125977,19.47064971923828,17.569782257080078,27.89457893371582
2008-11-04,17.098194122314453,3.3319339752197266,37.346031188964844,41.61440658569336,27.603836059570312,40.53615951538086,39.79214096069336,16.3519287109375,13.5762939453125,35.09001159667969,8.635684967041016,10.092975616455078,50.38423538208008,15.1512451171875,35.94657897949219,11.92391586303711,13.099157333374023,15.304849624633789,32.725521087646484,21.190797805786133,27.230510711669922,22.265697479248047,39.91923141479492,41.5469856262207,67.36042022705078,18.532894134521484,21.65196990966797,11.685613632202148,16.425209045410156,21.529369354248047,50.70011901855469,22.973114013671875,18.607900619506836,16.45897102355957,22.507213592529297,71.1805648803711,24.07090187072754,13.180790901184082,1.1238183975219727,15.277060508728027,10.11801815032959,23.583890914916992,31.360475540161133,30.01282501220703,32.594146728515625,6.612791538238525,15.54059886932373,19.401824951171875,18.093050003051758,30.40317153930664
2008-11-05,16.04454803466797,3.1010782718658447,36.115020751953125,39.57370376586914,25.67281723022461,39.149566650390625,38.10761642456055,15.086007118225098,13.192869186401367,34.290077209472656,8.11534595489502,9.42929458618164,48.51774978637695,14.28545093536377,34.83918762207031,11.312434196472168,12.632414817810059,14.493468284606934,32.181846618652344,20.021432876586914,26.038183212280273,21.44441795349121,37.16643524169922,40.75814437866211,64.63618469238281,18.1287899017334,20.915918350219727,11.23095989227295,15.640885353088379,20.677988052368164,49.803070068359375,21.440025329589844,16.499061584472656,15.742149353027344,20.507001876831055,65.50858306884766,21.78880500793457,11.8975830078125,1.0873985290527344,14.585366249084473,9.728161811828613,22.6070499420166,29.803247451782227,29.15104866027832,31.13509750366211,6.318349838256836,15.144575119018555,18.856990814208984,16.93413734436035,28.251916885375977
2008-11-06,15.172560691833496,2.9749932289123535,34.95042037963867,37.570594787597656,25.044414520263672,38.86735916137695,35.68008804321289,14.634273529052734,13.122079849243164,32.99087905883789,7.814603328704834,8.68421459197998,46.19059371948242,13.507850646972656,33.70071029663086,11.01970386505127,12.483059883117676,13.69518756866455,31.104459762573242,18.2447566986084,24.23354721069336,20.73419761657715,34.29362869262695,38.796390533447266,59.47954177856445,17.655696868896484,20.34343719482422,10.684297561645508,13.971916198730469,20.132863998413086,45.33561325073242,19.198192596435547,15.262571334838867,15.50786304473877,18.623308181762695,60.48098373413086,20.23491859436035,10.732929229736328,1.0301669836044312,14.001002311706543,9.833826065063477,20.767528533935547,28.342626571655273,27.35253143310547,30.271251678466797,6.113973617553711,12.960084915161133,18.335098266601562,15.861773490905762,25.59324836730957
2008-11-07,15.62308406829834,2.94917631149292,36.338294982910156,39.941688537597656,24.710573196411133,39.56678009033203,37.38496017456055,15.191068649291992,13.64118480682373,33.297637939453125,8.048516273498535,9.160062789916992,46.79814529418945,14.05297565460205,34.50946807861328,11.436031341552734,12.693092346191406,13.780252456665039,32.33646774291992,18.968351364135742,24.781373977661133,21.21217155456543,34.93869400024414,40.380889892578125,61.166015625,18.168212890625,20.65012550354004,11.12271499633789,14.455278396606445,20.947486877441406,46.47459411621094,19.498645782470703,15.543240547180176,15.749139785766602,19.09584617614746,58.278160095214844,20.831247329711914,11.144393920898438,1.050978660583496,14.239514350891113,10.026930809020996,21.81203842163086,29.507713317871094,27.4774169921875,30.51881980895996,6.228285312652588,14.422795295715332,18.90860939025879,16.62165641784668,26.593835830688477
2008-11-10,15.477754592895508,2.878329277038574,36.21156692504883,39.97950744628906,23.83343505859375,39.849002838134766,37.83280563354492,14.660533905029297,13.537951469421387,32.846527099609375,7.924397945404053,8.984752655029297,45.496219635009766,14.07702350616455,35.1378173828125,11.42952823638916,12.87745475769043,13.5708646774292,32.396324157714844,18.69700050354004,24.111087799072266,21.390560150146484,34.60865783691406,40.31916046142578,59.83631134033203,18.19450569152832,20.23439598083496,11.030696868896484,13.725672721862793,21.35786247253418,45.74281311035156,18.474027633666992,14.777091979980469,15.679200172424316,18.526214599609375,53.35543441772461,20.269317626953125,10.16804027557373,1.0041526556015015,14.0665864944458,9.98685073852539,21.537172317504883,30.46250343322754,27.402482986450195,30.697912216186523,6.172861576080322,15.055155754089355,18.848386764526367,16.351789474487305,26.350830078125
2008-11-11,15.405092239379883,2.8450074195861816,35.93400192260742,39.239559173583984,23.794151306152344,39.155704498291016,37.425662994384766,14.471434593200684,13.107332229614258,33.12922286987305,8.005553245544434,8.72178840637207,44.88326644897461,13.860579490661621,35.019615173339844,11.175825119018555,12.777106285095215,13.420369148254395,31.114442825317383,17.689151763916016,23.763065338134766,20.838542938232422,32.98099136352539,40.079078674316406,57.760684967041016,18.125511169433594,19.675552368164062,10.846673965454102,12.90487003326416,20.806617736816406,43.91334533691406,17.25679588317871,14.177806854248047,15.434439659118652,18.66214942932129,55.955406188964844,18.956262588500977,9.819343566894531,0.9365152716636658,14.096404075622559,10.103442192077637,20.75484275817871,30.337474822998047,26.54692840576172,30.334468841552734,6.0031256675720215,15.4320068359375,18.83118438720703,16.287878036499023,25.100120544433594
2008-11-12,14.751100540161133,2.7054126262664795,34.95042037963867,37.23031997680664,22.628990173339844,37.94703674316406,34.23985290527344,14.035453796386719,12.927419662475586,31.93829345703125,7.556821823120117,8.46507453918457,43.25588607788086,13.203224182128906,33.607383728027344,10.765998840332031,12.280024528503418,12.955791473388672,29.64801025390625,17.26275062561035,22.609386444091797,20.030719757080078,31.893375396728516,38.04871368408203,52.831092834472656,17.905380249023438,19.300710678100586,10.581464767456055,11.86518383026123,19.868764877319336,42.31401824951172,15.446367263793945,12.895809173583984,15.542828559875488,17.6717529296875,50.04365921020508,18.273921966552734,8.326911926269531,0.9573266506195068,13.714775085449219,9.792739868164062,18.834980010986328,29.098514556884766,25.279233932495117,29.77613639831543,5.7433247566223145,15.687507629394531,18.292083740234375,15.691329002380371,23.391996383666992
2008-11-13,15.441425323486328,2.8951404094696045,37.955474853515625,40.730281829833984,24.344011306762695,39.91036605834961,38.529998779296875,14.9862060546875,13.650028228759766,33.43596649169922,7.986458778381348,9.034839630126953,45.68067169189453,14.205290794372559,34.994712829589844,11.227867126464844,12.819109916687012,14.54582691192627,32.13694763183594,18.600101470947266,25.400100708007812,21.44104766845703,32.37343215942383,40.881614685058594,54.679691314697266,18.77272605895996,20.943178176879883,10.819609642028809,12.04758358001709,21.191699981689453,44.38547897338867,16.00876808166504,12.971673965454102,16.53939437866211,18.8304500579834,52.441322326660156,18.686769485473633,9.212604522705078,0.9885441660881042,14.710986137390137,10.21675968170166,20.79712677001953,31.58693504333496,26.478240966796875,31.035022735595703,5.777966022491455,16.141016006469727,19.149484634399414,17.179149627685547,25.571805953979492
2008-11-14,14.576700210571289,2.7090156078338623,36.23571014404297,39.79587173461914,22.563533782958984,38.72011184692383,37.30829620361328,14.355875015258789,13.278399467468262,32.1909065246582,7.771641731262207,8.339852333068848,43.57594680786133,13.547932624816895,34.92007827758789,10.811542510986328,12.301025390625,13.440003395080566,31.453611373901367,17.669769287109375,23.821060180664062,20.88903045654297,30.783260345458984,39.94190216064453,51.95542526245117,18.089366912841797,19.975425720214844,10.597697257995605,11.810464859008789,19.912242889404297,42.64451217651367,15.400147438049316,12.455839157104492,16.406518936157227,18.5974178314209,49.99873352050781,18.06751823425293,8.389678001403809,0.9365152716636658,14.039849281311035,10.24234676361084,20.040170669555664,30.468873977661133,25.191795349121094,30.218585968017578,5.632477283477783,16.556201934814453,18.991769790649414,16.1138858795166,24.149581909179688
2008-11-17,14.038978576660156,2.645972490310669,35.76504898071289,39.63382339477539,21.450742721557617,38.35197448730469,36.33299255371094,13.651995658874512,12.968708038330078,31.8601131439209,7.599786281585693,8.139496803283691,42.0299072265625,13.155129432678223,34.59656524658203,10.544829368591309,12.090995788574219,13.086664199829102,30.326345443725586,16.99786949157715,23.00898551940918,20.895771026611328,30.888280868530273,38.47399139404297,52.2473258972168,18.174785614013672,19.25981903076172,10.662650108337402,11.108221054077148,19.955718994140625,41.8950080871582,14.922508239746094,11.401412963867188,16.053354263305664,18.014833450317383,46.82181930541992,16.605369567871094,7.824786186218262,0.8948925733566284,13.57245922088623,9.811018943786621,19.773761749267578,30.54913330078125,24.779634475708008,29.923612594604492,5.611690521240234,16.370969772338867,18.788166046142578,15.662919998168945,23.399141311645508
2008-11-18,14.353555679321289,2.699108600616455,36.742591857910156,41.22718048095703,21.038352966308594,39.41952133178711,37.67790222167969,13.725542068481445,12.827138900756836,31.962350845336914,7.776416301727295,8.208369255065918,43.4403076171875,13.644132614135742,35.15646743774414,10.70095157623291,12.303365707397461,13.551234245300293,31.009716033935547,17.223106384277344,23.324790954589844,21.558855056762695,29.67314910888672,38.64547348022461,52.08514404296875,18.585464477539062,19.64146614074707,11.090237617492676,11.445663452148438,20.70724105834961,43.15203094482422,14.930214881896973,11.522787094116211,15.812081336975098,17.607019424438477,46.4771614074707,16.76017951965332,8.389678001403809,0.8740808367729187,14.231605529785156,9.862192153930664,21.097379684448242,31.13971710205078,24.423686981201172,30.629444122314453,5.8749566078186035,16.557138442993164,18.733688354492188,15.748144149780273,24.09954833984375
2008-11-19,13.380560874938965,2.590435266494751,35.07109832763672,39.65543746948242,18.63603401184082,38.20474624633789,36.245723724365234,13.294814109802246,12.467300415039062,31.33681297302246,7.4279303550720215,7.820176124572754,41.21078872680664,12.826451301574707,34.49079513549805,9.809748649597168,11.901961326599121,12.929619789123535,29.551469802856445,15.917338371276855,21.829532623291016,21.202068328857422,28.11298370361328,36.79346466064453,46.863677978515625,17.911962509155273,18.97357940673828,10.971162796020508,9.922613143920898,19.508533477783203,40.91535949707031,14.437161445617676,9.907020568847656,15.105745315551758,15.794535636901855,41.344661712646484,15.137487411499023,7.148309707641602,0.6555607318878174,13.788177490234375,9.723287582397461,19.596153259277344,29.448272705078125,22.981111526489258,29.53911018371582,5.71561336517334,14.213849067687988,17.867685317993164,14.626070976257324,22.212745666503906
2008-11-20,12.824560165405273,2.416318655014038,33.67720413208008,37.00346755981445,15.304189682006836,36.40094757080078,33.0579948425293,12.375567436218262,12.113374710083008,30.248151779174805,6.898045063018799,7.657384872436523,38.91617965698242,12.345453262329102,32.91680908203125,9.412933349609375,11.822617530822754,12.118250846862793,28.555856704711914,15.453789710998535,21.16568946838379,20.36394500732422,27.835447311401367,34.38582992553711,41.642189025878906,16.541954040527344,18.26479721069336,10.435323715209961,8.098602294921875,18.576885223388672,40.112754821777344,13.273868560791016,8.53399658203125,14.521799087524414,14.584053039550781,38.96200180053711,14.409276962280273,6.41604471206665,0.7231981158256531,13.69229793548584,8.948347091674805,17.676284790039062,28.21552276611328,21.357454299926758,28.480369567871094,5.005491733551025,14.07260799407959,17.63828468322754,13.131150245666504,20.56180191040039
2008-11-21,14.397448539733887,2.4790618419647217,35.502506256103516,40.946319580078125,14.872167587280273,38.707820892333984,36.184139251708984,12.816802978515625,12.977556228637695,32.83450698852539,7.480440616607666,8.208369255065918,40.619529724121094,13.131073951721191,34.31038284301758,9.868293762207031,12.350034713745117,12.622082710266113,30.823654174804688,16.57022476196289,22.345130920410156,21.08762550354004,29.688138961791992,37.6577262878418,45.50153732299805,16.92633819580078,17.985370635986328,10.343313217163086,8.043883323669434,18.89986228942871,42.892372131347656,14.398642539978027,8.700882911682129,14.497321128845215,14.08561897277832,39.94352340698242,15.951706886291504,7.008836269378662,0.7440094947814941,13.87806510925293,9.580726623535156,19.807601928710938,29.99297523498535,23.686782836914062,29.265199661254883,5.365748882293701,15.940828323364258,18.553030014038086,13.677987098693848,22.134124755859375
2008-11-24,15.136344909667969,2.790369987487793,35.96493148803711,42.56128692626953,18.053451538085938,39.683345794677734,38.139888763427734,13.36309814453125,13.340344429016113,33.47807312011719,7.657068252563477,8.490119934082031,43.337249755859375,13.339502334594727,34.53434753417969,10.668426513671875,12.315034866333008,14.015812873840332,31.809200286865234,17.099063873291016,23.42146110534668,21.504995346069336,30.565731048583984,38.40538787841797,49.49061584472656,16.683218002319336,19.34160041809082,10.879154205322266,9.50308895111084,19.924667358398438,42.92778396606445,16.316923141479492,11.067643165588379,14.941398620605469,16.84319496154785,50.51572036743164,17.453983306884766,9.331161499023438,0.8116466403007507,14.459309577941895,9.851224899291992,20.936674118041992,31.31171417236328,24.467395782470703,29.992094039916992,5.344963550567627,17.141359329223633,18.495677947998047,14.803610801696777,23.71360206604004
2008-11-25,14.62424087524414,2.725825786590576,35.71547317504883,42.188594818115234,19.48699378967285,38.7630500793457,39.28459548950195,13.55744743347168,13.2931489944458,32.4796257019043,7.609331130981445,8.220892906188965,43.749507904052734,12.810408592224121,35.34312438964844,10.030923843383789,12.760770797729492,14.55890941619873,32.00027084350586,16.89666748046875,24.020856857299805,21.117921829223633,30.138185501098633,37.67830276489258,51.14466857910156,16.827777862548828,18.95313262939453,11.133536338806152,10.524538040161133,20.371856689453125,43.09892654418945,16.46330451965332,11.226944923400879,15.434439659118652,17.445192337036133,53.78255844116211,17.218889236450195,9.951845169067383,0.8636755347251892,14.267562866210938,10.063237190246582,21.664033889770508,32.35525131225586,24.642250061035156,29.96575355529785,5.4731316566467285,17.35964584350586,18.03400421142578,15.101883888244629,23.65642738342285
2008-11-26,14.990023612976074,2.8519105911254883,35.453834533691406,43.690128326416016,20.04339027404785,38.75077438354492,41.029884338378906,13.820091247558594,13.49838924407959,33.03900146484375,7.67139196395874,8.746827125549316,44.302825927734375,12.938674926757812,36.3410758972168,10.661925315856934,13.229850769042969,15.40954303741455,33.14170455932617,17.673603057861328,25.348546981811523,21.370365142822266,30.96329116821289,38.34365463256836,52.50675582885742,16.877059936523438,19.021291732788086,11.133536338806152,11.281498908996582,20.41532325744629,43.7353515625,17.179763793945312,11.70484447479248,15.752638816833496,18.54562759399414,57.31907272338867,19.00787353515625,10.112244606018066,1.1186156272888184,14.722966194152832,10.129029273986816,23.114492416381836,32.90569305419922,25.405622482299805,29.670787811279297,5.497380256652832,17.436683654785156,18.03973960876465,15.584802627563477,25.557523727416992
2008-11-28,14.792502403259277,2.78196382522583,35.6424560546875,43.290435791015625,20.72414779663086,39.48088836669922,40.55763626098633,14.035453796386719,13.941598892211914,34.10361862182617,7.8432440757751465,8.640388488769531,44.26485061645508,12.898598670959473,36.874595642089844,10.75949764251709,13.040814399719238,15.121628761291504,33.65457534790039,18.189388275146484,26.41843032836914,21.902177810668945,31.975893020629883,38.09672164916992,55.68507385253906,17.212167739868164,19.716432571411133,11.203907012939453,11.044379234313965,21.210325241088867,45.86473083496094,17.957860946655273,12.32687759399414,15.661720275878906,18.700992584228516,59.18473815917969,19.61566734313965,10.286595344543457,1.3995704650878906,14.82483959197998,10.11075496673584,22.20954704284668,33.02610397338867,25.83462142944336,30.4398193359375,5.570124626159668,17.577919006347656,18.114290237426758,15.595455169677734,24.87856101989746
2008-12-01,13.614665031433105,2.6696887016296387,33.6650276184082,40.13616180419922,17.097745895385742,37.11265182495117,36.96950149536133,13.05318546295166,13.18607234954834,32.26308822631836,7.2942657470703125,7.864006996154785,41.715293884277344,12.401571273803711,35.255252838134766,9.731685638427734,12.371039390563965,13.878402709960938,31.351613998413086,16.968494415283203,23.576147079467773,20.67698097229004,29.913169860839844,37.568572998046875,50.26899337768555,16.47623634338379,18.44881248474121,10.478626251220703,10.177977561950684,19.328407287597656,42.272151947021484,15.130516052246094,9.747716903686523,14.846993446350098,15.15368938446045,49.271934509277344,16.25560760498047,7.915449142456055,1.326730489730835,13.818142890930176,9.86949634552002,20.30658531188965,30.801420211791992,24.415142059326172,28.98076629638672,5.286074638366699,16.40306854248047,17.523578643798828,14.057926177978516,21.726757049560547
2008-12-02,14.00971508026123,2.7759602069854736,34.57767868041992,41.91852951049805,18.675304412841797,37.695499420166016,38.77641296386719,14.014440536499023,13.067084312438965,32.75029373168945,7.647522926330566,8.314805030822754,43.31011962890625,12.658098220825195,35.80756378173828,9.965868949890137,12.473725318908691,14.450465202331543,30.6024112701416,17.3602237701416,24.491352081298828,21.08762550354004,30.52823829650879,37.47939682006836,57.11205291748047,17.074180603027344,18.455623626708984,10.976573944091797,10.934940338134766,20.61407470703125,43.794837951660156,15.993355751037598,10.900753021240234,15.416945457458496,16.759031295776367,48.702476501464844,17.03540802001953,8.396648406982422,1.4047733545303345,14.171680450439453,9.800046920776367,20.940906524658203,31.644290924072266,24.736881256103516,30.09217071533203,5.227188587188721,16.769006729125977,17.861957550048828,14.842666625976562,22.75592041015625
2008-12-03,14.536447525024414,2.878929615020752,34.875816345214844,42.63148880004883,19.801191329956055,38.57898712158203,38.365753173828125,14.099700927734375,13.724459648132324,32.78364944458008,7.933947563171387,8.552734375,43.76035690307617,12.930663108825684,37.37671661376953,10.414725303649902,12.690763473510742,15.052301406860352,30.526973724365234,17.30145835876465,25.554798126220703,21.42085838317871,30.355722427368164,39.42058563232422,58.79848861694336,17.46186065673828,17.944480895996094,11.74515438079834,11.345342636108398,21.719627380371094,45.74577713012695,16.848495483398438,11.67661190032959,16.14426040649414,18.189607620239258,51.66207504272461,17.87828826904297,9.658937454223633,1.4828157424926758,14.39339828491211,10.037649154663086,21.042394638061523,32.52727508544922,25.866165161132812,29.858034133911133,5.3692121505737305,16.11417007446289,17.996726989746094,15.300736427307129,24.12097930908203
2008-12-04,13.980457305908203,2.744138479232788,34.18219757080078,41.19477844238281,20.344497680664062,37.57892608642578,36.836055755615234,13.321710586547852,13.31099796295166,31.72278594970703,7.76686429977417,7.995489120483398,42.00819396972656,12.377519607543945,38.186370849609375,9.97237491607666,12.861119270324707,15.35651683807373,29.737520217895508,16.63551139831543,24.181987762451172,20.788055419921875,29.395614624023438,38.64547348022461,56.9174690246582,17.09389305114746,18.38747787475586,11.203907012939453,11.22677993774414,21.048845291137695,45.888519287109375,16.054990768432617,11.125750541687012,15.927474975585938,17.833574295043945,50.598140716552734,18.061771392822266,10.419097900390625,1.383961796760559,14.663050651550293,9.825636863708496,19.570781707763672,32.58460235595703,24.736881256103516,29.1130428314209,5.206402778625488,15.79958438873291,17.692764282226562,14.938543319702148,22.141279220581055
2008-12-05,14.536447525024414,2.8218915462493896,35.429500579833984,41.37301254272461,21.83039665222168,38.42561721801758,38.20148849487305,14.115684509277344,13.676860809326172,32.35321807861328,7.900528430938721,8.321067810058594,43.71696090698242,13.082975387573242,39.36638259887695,10.369189262390137,13.584578514099121,16.136913299560547,30.09453773498535,17.32756996154785,24.658924102783203,21.20880126953125,29.6506404876709,39.372562408447266,57.89039611816406,17.330442428588867,19.000835418701172,11.490761756896973,12.895750999450684,21.700990676879883,47.69670867919922,16.779157638549805,11.824018478393555,16.57086181640625,19.380674362182617,52.988311767578125,19.959701538085938,10.963068008422852,1.415178656578064,15.543911933898926,10.023026466369629,20.20087242126465,33.15796661376953,25.45608901977539,29.240758895874023,5.196010112762451,16.582822799682617,18.31501579284668,15.44631290435791,22.863121032714844
2008-12-08,15.37044906616211,2.9936070442199707,35.75807189941406,42.99337387084961,23.885793685913086,38.33971405029297,40.08537673950195,14.387450218200684,13.676860809326172,32.49264907836914,8.08193302154541,8.728047370910645,46.03327178955078,13.660165786743164,38.236595153808594,11.22136116027832,13.432880401611328,16.037708282470703,28.852548599243164,17.764999389648438,27.340084075927734,20.6601505279541,32.140907287597656,39.900718688964844,61.23086929321289,17.38629150390625,19.396121978759766,11.902113914489746,13.406471252441406,21.651302337646484,48.56510543823242,18.828397750854492,13.841238021850586,16.319095611572266,21.141374588012695,57.80611801147461,21.009002685546875,11.367559432983398,1.7585680484771729,15.771618843078613,9.982817649841309,21.503332138061523,33.610939025878906,25.954492568969727,29.379112243652344,5.196010112762451,17.21198272705078,18.575969696044922,16.266576766967773,26.45088005065918
2008-12-09,15.070508003234863,3.003811836242676,35.17396545410156,42.23719787597656,22.229700088500977,36.68316650390625,38.786685943603516,14.019770622253418,13.334794044494629,31.686403274536133,7.862340927124023,8.953445434570312,44.85614776611328,13.580001831054688,37.45829772949219,11.16281509399414,13.024482727050781,15.343295097351074,28.234066009521484,18.071868896484375,27.314302444458008,20.188919067382812,30.618240356445312,39.75667953491211,57.66338348388672,17.074180603027344,19.266639709472656,11.041528701782227,12.81367015838623,21.471181869506836,48.04169845581055,17.94245147705078,13.150727272033691,15.67570972442627,19.743167877197266,54.52430725097656,19.569786071777344,10.440021514892578,1.6805247068405151,15.53193473815918,9.31022834777832,21.621742248535156,31.254383087158203,26.24469566345215,27.596467971801758,5.171763896942139,17.423843383789062,17.50064468383789,15.797855377197266,27.136993408203125
2008-12-10,15.07781982421875,2.948274612426758,35.16786193847656,43.24722671508789,21.941679000854492,36.27210235595703,40.26504898071289,14.376789093017578,13.47757339477539,32.1349983215332,7.910079002380371,8.934661865234375,44.948360443115234,13.94074535369873,38.701045989990234,11.273405075073242,12.893796920776367,16.064159393310547,28.922935485839844,18.874910354614258,28.145729064941406,19.916275024414062,31.2633056640625,39.81842041015625,58.37690734863281,16.92633819580078,19.825483322143555,11.5340576171875,13.123751640319824,21.744461059570312,47.101898193359375,16.60967254638672,12.949005126953125,15.94495964050293,18.895187377929688,53.59521484375,19.747539520263672,10.181987762451172,1.6909306049346924,15.789593696594238,9.59900188446045,22.54361343383789,31.053709030151367,26.358247756958008,27.59113883972168,5.216794967651367,18.008054733276367,17.48056411743164,15.890176773071289,27.6944637298584
2008-12-11,14.229190826416016,2.8519105911254883,35.44167709350586,43.2202262878418,19.598264694213867,35.94080352783203,40.788639068603516,14.089042663574219,13.153342247009277,31.953121185302734,7.905303955078125,8.771873474121094,43.71154022216797,13.195205688476562,38.205204010009766,11.000188827514648,12.84176254272461,15.204404830932617,27.7262020111084,18.613759994506836,27.19829750061035,19.710956573486328,30.205692291259766,39.26968765258789,55.29591369628906,16.76535415649414,19.627838134765625,11.609841346740723,13.497673988342285,22.123334884643555,45.323455810546875,15.50800895690918,11.567988395690918,15.40995979309082,16.765514373779297,52.231544494628906,18.228059768676758,9.58222484588623,1.5088307857513428,15.699710845947266,9.55513858795166,22.33217430114746,29.717758178710938,25.82200050354004,27.394243240356445,5.202941417694092,17.622854232788086,17.348663330078125,15.130293846130371,25.83625030517578
2008-12-12,14.163344383239746,2.950077533721924,34.83322525024414,43.45247268676758,20.25285530090332,36.16166687011719,40.552520751953125,14.40876579284668,13.257455825805664,31.54090118408203,8.077157020568848,9.235198974609375,44.5903205871582,13.499832153320312,38.02946853637695,11.052228927612305,12.804258346557617,15.521855354309082,28.178747177124023,18.90102195739746,27.120956420898438,19.933109283447266,29.403120040893555,39.873287200927734,55.49047088623047,16.67336082458496,19.389307022094727,12.18356704711914,14.172558784484863,22.613990783691406,46.2751350402832,15.669790267944336,11.583505630493164,15.745637893676758,17.296302795410156,50.7554817199707,18.021638870239258,9.658937454223633,1.581671118736267,15.669750213623047,9.343125343322754,21.731685638427734,29.83243179321289,25.550722122192383,27.42086410522461,5.313790321350098,17.077163696289062,17.532180786132812,15.584802627563477,26.343677520751953
2008-12-15,13.929239273071289,2.844406843185425,35.17396545410156,43.18241500854492,18.74076271057129,36.41935348510742,40.14697265625,14.174299240112305,13.376432418823242,31.777320861816406,7.938721179962158,9.13502025604248,44.8995246887207,13.187187194824219,38.092227935791016,10.954649925231934,12.823010444641113,15.482168197631836,27.972585678100586,20.095800399780273,27.20473289489746,19.99369239807129,29.05807876586914,39.58521270751953,54.971553802490234,16.96576690673828,19.068998336791992,12.178145408630371,13.342631340026855,21.937002182006836,45.12123107910156,14.899397850036621,10.947306632995605,15.50786304473877,16.87555694580078,49.79641342163086,17.924161911010742,9.51248550415039,1.6545106172561646,15.44803237915039,9.38333511352539,21.947357177734375,29.729228973388672,25.44346809387207,27.564531326293945,5.26875638961792,16.890987396240234,17.233957290649414,15.464068412780762,25.986337661743164
2008-12-16,14.712029457092285,2.864819288253784,36.2630615234375,44.9053840637207,21.175813674926758,37.80593490600586,40.55763626098633,14.872361183166504,13.819642066955566,32.86245346069336,8.287202835083008,9.792441368103027,46.8686637878418,13.844549179077148,39.491912841796875,11.331951141357422,12.94723129272461,16.08400535583496,29.3251953125,21.414630889892578,28.229494094848633,21.07752227783203,31.428333282470703,40.730709075927734,58.11741638183594,17.46514892578125,18.905426025390625,12.178145408630371,14.573837280273438,23.110876083374023,46.637962341308594,15.45407485961914,11.71540641784668,16.73870277404785,19.277101516723633,56.9444465637207,19.542078018188477,11.248998641967773,1.6284966468811035,15.867485046386719,9.650179862976074,22.89035987854004,30.182180404663086,26.768321990966797,27.88382339477539,5.036666393280029,18.393266677856445,17.56372833251953,16.3162841796875,27.322818756103516
2008-12-17,14.382819175720215,2.676593542098999,35.76414108276367,43.781951904296875,20.855072021484375,37.24148941040039,39.433467864990234,14.451395034790039,13.52813720703125,32.935184478759766,8.234692573547363,9.554518699645996,46.564903259277344,13.419665336608887,39.309871673583984,10.954649925231934,12.935517311096191,16.335311889648438,29.45594024658203,21.42769432067871,28.77734375,20.929431915283203,30.768260955810547,40.072208404541016,56.398563385009766,17.103755950927734,18.067157745361328,12.167329788208008,14.446160316467285,22.943180084228516,46.93536376953125,15.261483192443848,11.34299087524414,16.66178321838379,19.40656280517578,59.027435302734375,19.4611759185791,11.507038116455078,1.6336992979049683,15.418067932128906,9.61728286743164,22.590124130249023,30.078968048095703,26.26361846923828,27.00047492980957,5.081698894500732,18.200658798217773,17.5924015045166,15.801410675048828,28.859418869018555
2008-12-18,14.119452476501465,2.684699773788452,35.891910552978516,41.589054107666016,19.775001525878906,37.00221252441406,37.487972259521484,14.78177547454834,13.438898086547852,33.16554641723633,8.17263412475586,8.928403854370117,45.566749572753906,13.315455436706543,38.46882247924805,10.83755874633789,12.987079620361328,16.16997718811035,28.51563835144043,21.36239242553711,27.172523498535156,21.515094757080078,30.805757522583008,39.797847747802734,51.760826110839844,17.080751419067383,18.585115432739258,12.373003959655762,14.50087833404541,22.899700164794922,46.7747688293457,14.560425758361816,10.830923080444336,17.056909561157227,19.19294548034668,59.9789924621582,18.715782165527344,11.318742752075195,1.4776129722595215,15.424062728881836,9.511275291442871,21.795120239257812,30.262460708618164,25.708446502685547,28.032812118530273,5.258363246917725,18.06584358215332,17.24829864501953,15.16224479675293,27.63729476928711
2008-12-19,13.987771034240723,2.701810598373413,35.8006477355957,40.51962661743164,19.84701919555664,36.92245864868164,36.368927001953125,15.218717575073242,13.21580982208252,32.789695739746094,8.258559226989746,9.041104316711426,45.306400299072266,14.253386497497559,37.8599853515625,10.824552536010742,13.064424514770508,16.017866134643555,28.47039031982422,21.342817306518555,27.514108657836914,21.878623962402344,30.933277130126953,39.66752624511719,53.512149810791016,17.172740936279297,18.373842239379883,12.345942497253418,14.756240844726562,23.763019561767578,47.58961486816406,14.968731880187988,10.706795692443848,17.361116409301758,19.005226135253906,60.48845672607422,19.22426986694336,10.774771690368652,1.5348445177078247,15.627795219421387,9.291951179504395,21.482187271118164,30.577808380126953,26.77463150024414,27.197372436523438,5.293004035949707,18.001646041870117,16.918529510498047,14.721940994262695,28.14472007751465
2008-12-22,14.031664848327637,2.573925018310547,35.85542678833008,40.4602165222168,19.519718170166016,37.09422302246094,35.619476318359375,15.501138687133789,13.284219741821289,32.58358383178711,8.201277732849121,8.97848892211914,44.47642517089844,14.044960975646973,38.53785705566406,10.648910522460938,13.123021125793457,15.693803787231445,28.344684600830078,20.827037811279297,26.927593231201172,22.262338638305664,30.843265533447266,39.18736267089844,52.117584228515625,17.317296981811523,18.339767456054688,12.410889625549316,14.16343879699707,23.19161033630371,46.9412841796875,14.190635681152344,10.49731159210205,17.58839988708496,17.74942398071289,57.69369888305664,18.727344512939453,10.16804027557373,1.3475418090820312,14.968653678894043,9.335817337036133,20.94513702392578,30.497541427612305,27.222553253173828,27.905099868774414,5.2116289138793945,17.526552200317383,16.737878799438477,14.100539207458496,26.32939910888672
2008-12-23,14.104823112487793,2.5931384563446045,35.70329666137695,40.562828063964844,19.054962158203125,36.70771789550781,35.521942138671875,15.671659469604492,13.078978538513184,32.83820343017578,8.129670143127441,8.809439659118652,43.72239685058594,13.868595123291016,38.06711959838867,10.56434440612793,12.958953857421875,15.621053695678711,27.877050399780273,20.702991485595703,26.508670806884766,22.16472816467285,30.115690231323242,39.35199737548828,53.28511047363281,17.23515510559082,18.073976516723633,12.573263168334961,14.145195960998535,23.284780502319336,46.5606575012207,13.836247444152832,9.892141342163086,17.483503341674805,17.471086502075195,56.345027923583984,18.25353240966797,10.070402145385742,1.1394271850585938,14.429346084594727,9.240772247314453,20.492660522460938,30.193668365478516,26.907123565673828,27.271862030029297,5.208090305328369,17.37890625,16.6403751373291,13.823567390441895,26.643856048583984
2008-12-24,14.024344444274902,2.552910804748535,35.630287170410156,40.93012619018555,19.539356231689453,37.051307678222656,35.737548828125,15.597065925598145,13.117650032043457,33.06249237060547,8.120123863220215,8.909613609313965,43.6789665222168,13.884628295898438,38.462547302246094,10.63590145111084,12.994109153747559,15.693803787231445,27.90720558166504,20.787864685058594,27.011384963989258,22.7605037689209,30.093185424804688,39.207942962646484,53.25206756591797,17.29759407043457,18.428359985351562,12.56243896484375,14.044877052307129,23.477317810058594,47.1197509765625,13.84395980834961,10.49731159210205,17.64434051513672,17.788267135620117,57.27412414550781,18.68111228942871,10.112244606018066,1.097804069519043,14.447324752807617,9.233467102050781,20.298131942749023,30.325536727905273,27.083765029907227,27.745464324951172,5.271775245666504,17.815454483032227,16.76081085205078,13.788061141967773,27.19418716430664
2008-12-26,13.99508285522461,2.5760269165039062,35.630287170410156,41.69169998168945,19.50662612915039,37.13718795776367,36.11226272583008,15.453190803527832,13.260433197021484,33.074623107910156,8.163084983825684,8.878312110900879,44.11838912963867,13.972810745239258,38.32447052001953,10.583858489990234,12.973011016845703,15.581371307373047,28.027896881103516,20.872737884521484,27.533437728881836,22.922056198120117,30.400714874267578,39.345130920410156,52.7893180847168,17.251590728759766,18.21709442138672,12.502907752990723,14.482637405395508,23.589115142822266,48.243919372558594,13.797736167907715,10.3654146194458,17.486997604370117,17.80769157409668,56.92198944091797,18.525104522705078,10.2168550491333,1.1914557218551636,14.273550987243652,9.248085975646973,20.54762840270996,30.48033905029297,27.27933692932129,27.69224739074707,5.328386306762695,18.200658798217773,16.835365295410156,13.986902236938477,27.494361877441406
2008-12-29,13.870712280273438,2.6000428199768066,35.380828857421875,42.139984130859375,19.4935359954834,36.93471908569336,36.72826385498047,15.08017635345459,13.209863662719727,32.77756881713867,8.253786087036133,8.847005844116211,44.07502365112305,13.804461479187012,37.897674560546875,10.414725303649902,12.916759490966797,15.449104309082031,27.841838836669922,20.376543045043945,27.288528442382812,22.683076858520508,29.995676040649414,39.009033203125,51.76457595825195,17.139894485473633,18.557851791381836,12.416300773620605,14.035757064819336,23.8996639251709,47.904876708984375,13.635951042175293,10.039555549621582,17.445039749145508,18.014833450317383,57.36403274536133,18.07439613342285,10.391204833984375,1.1550358533859253,14.171680450439453,9.288298606872559,20.721012115478516,30.457408905029297,27.184701919555664,27.62306785583496,5.374381065368652,18.425357818603516,16.832496643066406,13.788061141967773,27.26397132873535
2008-12-30,14.148715019226074,2.590435266494751,36.001434326171875,42.44784927368164,20.29867172241211,37.49917984008789,37.667640686035156,15.772907257080078,13.364540100097656,33.26859664916992,8.47337818145752,9.197630882263184,45.32265090942383,14.29347038269043,38.75127029418945,10.55783748626709,12.902698516845703,15.283760070800781,28.746946334838867,21.27753257751465,28.139272689819336,22.8951416015625,30.940786361694336,39.50289535522461,52.29347229003906,17.46514892578125,19.307518005371094,12.547985076904297,15.038962364196777,24.638751983642578,50.13535690307617,13.867073059082031,10.272311210632324,17.948558807373047,18.642730712890625,61.48501968383789,19.31094741821289,10.593446731567383,1.1914557218551636,14.345459938049316,9.51858139038086,21.757064819335938,31.06517219543457,28.061630249023438,28.043447494506836,5.423913955688477,18.438199996948242,17.12212371826172,14.370403289794922,27.1055850982666
2008-12-31,14.221874237060547,2.5622174739837646,36.40300369262695,43.11760711669922,20.63905906677246,37.928646087646484,37.970489501953125,16.199195861816406,13.465672492980957,33.20191955566406,8.45428466796875,9.178848266601562,45.65353775024414,14.213301658630371,39.03369903564453,10.603374481201172,13.139423370361328,15.224247932434082,28.932994842529297,21.434215545654297,28.79022979736328,23.070165634155273,32.00590133666992,39.61263656616211,53.549564361572266,17.534141540527344,19.586952209472656,12.75647258758545,15.367287635803223,25.011415481567383,50.01044464111328,14.290783882141113,10.924030303955078,17.882129669189453,19.082901000976562,63.230804443359375,20.4781494140625,11.186237335205078,1.1914557218551636,14.782893180847168,9.65383529663086,21.905065536499023,31.6270751953125,28.414926528930664,28.064746856689453,5.328386306762695,18.508821487426758,17.42034912109375,15.06637191772461,27.58794593811035
2009-01-02,14.872974395751953,2.7243266105651855,36.90190505981445,44.09521484375,20.771568298339844,38.5299072265625,39.279476165771484,16.5189266204834,13.65306568145752,33.929359436035156,8.721614837646484,9.516950607299805,47.394866943359375,14.7584228515625,40.01285171508789,11.03271198272705,13.401928901672363,15.958344459533691,29.762672424316406,22.62900161743164,30.233924865722656,23.33270835876465,33.94109344482422,40.46319580078125,56.425376892089844,17.5965576171875,20.02312469482422,13.102132797241211,16.224567413330078,25.197750091552734,50.88479232788086,14.891694068908691,11.117995262145996,18.245779037475586,19.419513702392578,65.006591796875,21.032861709594727,11.848760604858398,1.2799042463302612,15.310214042663574,9.701351165771484,23.194847106933594,32.171783447265625,29.39910888671875,28.548986434936523,5.3779191970825195,18.739940643310547,17.308513641357422,15.464068412780762,29.8845272064209
2009-01-05,15.011984825134277,2.8393020629882812,36.53685760498047,44.08979415893555,19.38017463684082,38.253807067871094,39.3513298034668,16.268476486206055,13.51623249053955,33.7050666809082,8.669103622436523,9.335373878479004,47.09650421142578,14.501903533935547,39.89358139038086,11.130291938781738,13.24724006652832,16.341928482055664,29.41571617126465,22.511474609375,29.698997497558594,22.898508071899414,34.631160736083984,40.91591262817383,54.970924377441406,17.294307708740234,20.30936622619629,12.745499610900879,16.552886962890625,24.508333206176758,49.8736572265625,15.369339942932129,10.846442222595215,17.83316993713379,18.16371726989746,66.52008056640625,21.385345458984375,12.288124084472656,1.3423384428024292,16.08321189880371,9.748876571655273,23.45702362060547,31.638534545898438,31.102479934692383,28.19245719909668,5.441604137420654,18.669326782226562,17.43468475341797,15.368196487426758,30.878036499023438
2009-01-06,15.187554359436035,2.7924716472625732,36.31782150268555,43.3714599609375,19.797597885131836,38.143375396728516,39.70552062988281,15.970077514648438,13.29909896850586,33.765689849853516,8.497244834899902,9.623391151428223,48.4038200378418,14.74239730834961,39.00233459472656,11.57264232635498,13.130043029785156,16.705665588378906,29.762672424316406,23.529985427856445,29.51852035522461,22.383514404296875,34.73617172241211,40.01734924316406,55.73122787475586,16.729217529296875,20.002681732177734,12.262674331665039,16.571128845214844,24.57665252685547,50.02234649658203,16.232177734375,11.079203605651855,17.35411834716797,17.827110290527344,66.46765899658203,21.09064292907715,13.655019760131836,1.435990810394287,16.005313873291016,9.27001953125,23.545827865600586,31.776165008544922,30.591468811035156,28.07005500793457,5.360227108001709,18.162141799926758,17.06764030456543,15.989605903625488,32.087547302246094
2009-01-07,14.273082733154297,2.732131242752075,35.97710037231445,42.26421356201172,18.61159324645996,37.47463607788086,37.96537399291992,15.7142915725708,13.364540100097656,32.668460845947266,8.349261283874512,9.041104316711426,47.62269973754883,14.149169921875,38.43744659423828,11.266899108886719,13.017542839050293,16.249345779418945,29.199493408203125,22.491893768310547,28.145729064941406,22.188282012939453,33.57354736328125,39.92130661010742,53.25206756591797,16.637229919433594,20.02994728088379,12.169400215148926,15.586161613464355,23.98660659790039,48.67216873168945,15.548392295837402,10.636963844299316,17.035924911499023,16.746095657348633,63.313236236572266,19.69808578491211,12.622873306274414,1.3995704650878906,16.197065353393555,9.354094505310059,22.514009475708008,30.623682022094727,29.752391815185547,27.468751907348633,5.338998317718506,18.194238662719727,16.872644424438477,15.318493843078613,30.705270767211914
2009-01-08,14.719350814819336,2.782865524291992,35.91017150878906,42.717899322509766,18.0351619720459,37.063568115234375,38.10908508300781,15.645020484924316,13.456750869750977,32.28049087524414,8.425641059875488,9.109978675842285,47.29179000854492,14.125125885009766,37.98553466796875,11.410014152526855,12.042519569396973,16.13029670715332,29.45594024658203,22.58983612060547,28.371301651000977,22.060382843017578,33.596065521240234,40.648399353027344,53.351234436035156,16.821208953857422,19.995866775512695,12.350464820861816,15.859766006469727,24.104625701904297,48.065452575683594,15.571703910827637,10.505067825317383,17.0883731842041,16.64898681640625,63.99506378173828,19.65184783935547,13.124995231628418,1.3995704650878906,16.08321189880371,9.185944557189941,22.8311767578125,29.935636520385742,30.4400577545166,27.223960876464844,5.342539310455322,17.82188606262207,16.901531219482422,15.691329002380371,32.526702880859375
2009-01-09,14.28039836883545,2.7192225456237793,35.92842102050781,41.89693069458008,17.206939697265625,36.72611999511719,37.38018035888672,15.309313774108887,13.266375541687012,31.868274688720703,8.325393676757812,8.859532356262207,45.946502685546875,13.916694641113281,37.70309066772461,10.863578796386719,12.089395523071289,15.779780387878418,29.03355598449707,22.28949546813965,27.842802047729492,21.8449649810791,33.34103012084961,39.633216857910156,52.888465881347656,16.811349868774414,17.508304595947266,12.262674331665039,15.239603042602539,23.8996639251709,48.03572082519531,14.942301750183105,10.078348159790039,16.703737258911133,16.273548126220703,62.878639221191406,18.380643844604492,13.292373657226562,1.3683531284332275,15.669750213623047,9.068973541259766,21.985424041748047,29.20172691345215,29.891185760498047,26.846149444580078,5.476985454559326,17.950281143188477,16.791759490966797,15.378854751586914,33.10984420776367
2009-01-12,14.243816375732422,2.661583662033081,35.496429443359375,41.340606689453125,16.504619598388672,36.775203704833984,36.3535041809082,15.186750411987305,13.007596015930176,31.152936935424805,8.287202835083008,8.634123802185059,46.49436950683594,13.668185234069824,37.759586334228516,10.668426513671875,12.044859886169434,15.191179275512695,28.701690673828125,22.04793930053711,26.547332763671875,22.077213287353516,32.808494567871094,39.13935470581055,52.326507568359375,16.446672439575195,16.990346908569336,12.152944564819336,14.619440078735352,23.682279586791992,47.381465911865234,14.631495475769043,8.868019104003906,16.66178321838379,15.406143188476562,58.19572067260742,17.773929595947266,13.104079246520996,1.3735557794570923,15.519936561584473,8.95931339263916,21.342647552490234,29.04118537902832,29.979522705078125,26.90468978881836,5.586665153503418,17.269756317138672,17.29438591003418,15.119641304016113,29.920522689819336
2009-01-13,14.499870300292969,2.633063793182373,35.8006477355957,42.08595275878906,17.458715438842773,36.486839294433594,36.86685562133789,15.154786109924316,13.093855857849121,31.66215705871582,8.396998405456543,8.558995246887207,46.29365921020508,13.740327835083008,37.232357025146484,10.70095157623291,12.215960502624512,14.886963844299316,28.284330368041992,21.79330825805664,26.682680130004883,21.693490982055664,31.848369598388672,39.58521270751953,49.38458251953125,16.565805435180664,18.189830780029297,12.076128005981445,14.063116073608398,23.92450523376465,47.73237609863281,14.755819320678711,8.26285457611084,16.927526473999023,15.781588554382324,58.3830451965332,17.95305824279785,13.152892112731934,1.290310025215149,15.621806144714355,9.036076545715332,21.659801483154297,28.51941680908203,29.85334014892578,27.79335594177246,5.738804817199707,17.89892578125,17.167287826538086,14.807160377502441,29.35897445678711
2009-01-14,13.965812683105469,2.561617136001587,35.2591438293457,40.562828063964844,17.167190551757812,35.499053955078125,35.77348327636719,14.824405670166016,12.677423477172852,30.977144241333008,8.2299165725708,8.18958854675293,45.127376556396484,13.115044593811035,35.983306884765625,10.239086151123047,12.084708213806152,14.490152359008789,27.675918579101562,20.892324447631836,25.36143684387207,21.14484214782715,30.903276443481445,38.46712875366211,46.64099884033203,16.370561599731445,17.651430130004883,12.185860633850098,13.369993209838867,23.27234649658203,46.86993408203125,13.854463577270508,7.913717269897461,16.65129280090332,14.933602333068848,56.712181091308594,16.780067443847656,11.988242149353027,1.175847053527832,15.663752555847168,8.85696029663086,20.814037322998047,27.607757568359375,29.468494415283203,27.33038902282715,5.72465181350708,15.568469047546387,16.970855712890625,14.29938793182373,28.437467575073242
2009-01-15,14.075555801391602,2.503077745437622,35.05835723876953,41.405426025390625,16.126951217651367,35.253631591796875,36.327857971191406,14.984261512756348,12.897538185119629,30.631595611572266,8.30152416229248,8.321067810058594,45.63185501098633,13.251322746276855,36.39128875732422,10.284623146057129,12.035487174987793,15.085366249084473,27.741273880004883,21.303647994995117,25.661104202270508,21.225624084472656,30.723251342773438,39.207942962646484,45.51713180541992,16.287830352783203,17.828628540039062,12.120026588439941,13.424712181091309,23.322053909301758,47.27439498901367,13.45817756652832,6.45510721206665,16.794654846191406,13.049911499023438,55.31851577758789,16.404476165771484,11.339661598205566,1.1602388620376587,16.11916732788086,8.955656051635742,20.492660522460938,27.693750381469727,29.493741989135742,27.87849998474121,5.791877269744873,16.242568969726562,17.057523727416992,14.704187393188477,28.538259506225586
2009-01-16,14.419395446777344,2.4715561866760254,34.94883346557617,42.183197021484375,15.11984920501709,35.419288635253906,36.82577896118164,15.021559715270996,13.040305137634277,31.14081382751465,8.354036331176758,8.602819442749023,46.06583023071289,13.555957794189453,37.4520263671875,10.29112720489502,12.084708213806152,15.343295097351074,28.369827270507812,21.50603675842285,25.765350341796875,21.387191772460938,31.848369598388672,39.45488357543945,46.145172119140625,16.51947593688965,18.285242080688477,12.109049797058105,13.926315307617188,23.682279586791992,48.868446350097656,13.217296600341797,5.5706329345703125,16.882068634033203,12.09188175201416,54.734107971191406,16.924522399902344,10.872406959533691,1.1394271850585938,16.12515640258789,9.127460479736328,20.8817081451416,27.63641929626465,30.679807662963867,28.32016944885254,5.958167552947998,16.448007583618164,17.49948501586914,14.711289405822754,28.711044311523438
2009-01-20,13.519558906555176,2.3475723266601562,34.52901077270508,41.2055778503418,11.985893249511719,35.235225677490234,35.06509017944336,14.861699104309082,12.75475788116455,30.570987701416016,8.210823059082031,8.051839828491211,44.47098922729492,12.906615257263184,35.82012176513672,9.764213562011719,11.850325584411621,14.54305362701416,27.11273193359375,20.585472106933594,24.96405029296875,21.05733299255371,30.273204803466797,37.726318359375,42.74049377441406,16.281206130981445,17.84906578063965,11.927989959716797,12.868388175964355,23.222665786743164,46.768798828125,12.121681213378906,3.9568586349487305,16.504423141479492,9.211319923400879,44.35671615600586,15.583964347839355,9.135891914367676,1.1082099676132202,15.543911933898926,8.926414489746094,19.32128143310547,26.33487319946289,29.626220703125,27.69224739074707,6.071387767791748,16.127004623413086,17.271282196044922,14.06147575378418,26.846397399902344
2009-01-21,14.177974700927734,2.4865660667419434,34.29171371459961,42.80973815917969,14.993956565856934,35.56886291503906,36.56399917602539,14.69118881225586,12.876721382141113,30.577045440673828,8.344487190246582,8.302285194396973,49.59184265136719,13.539917945861816,36.843204498291016,10.213064193725586,11.517505645751953,14.734842300415039,27.273643493652344,21.146955490112305,25.765350341796875,21.35016632080078,31.70585823059082,38.089866638183594,43.0710334777832,17.31368637084961,18.0103702545166,12.328511238098145,13.543272972106934,23.750595092773438,47.60153579711914,13.108512878417969,5.1827073097229,17.273700714111328,10.777830123901367,52.3739013671875,17.13254165649414,11.758101463317871,1.0873985290527344,15.777606964111328,9.050692558288574,20.8817081451416,27.361204147338867,30.269712448120117,28.075382232666016,6.004162788391113,17.410999298095703,17.236618041992188,14.366854667663574,28.28627586364746
2009-01-22,12.517295837402344,2.6525778770446777,34.602012634277344,42.25341796875,15.305368423461914,35.19198226928711,35.90693283081055,14.627243995666504,12.826148986816406,30.52248191833496,8.215593338012695,8.026799201965332,48.8594970703125,13.347517967224121,36.85575485229492,9.998396873474121,11.454221725463867,14.529824256896973,27.183137893676758,20.872737884521484,24.253955841064453,21.194351196289062,31.698352813720703,37.88408660888672,44.55854034423828,17.542015075683594,18.68704605102539,12.262674331665039,13.63447380065918,23.477317810058594,50.60524368286133,12.479120254516602,4.430129528045654,17.0289306640625,10.2211332321167,53.2205810546875,16.271577835083008,12.260225296020508,1.009355902671814,16.059242248535156,9.090909004211426,20.33619499206543,27.309595108032227,30.332799911499023,28.368053436279297,6.0006232261657715,17.244081497192383,17.303054809570312,13.951403617858887,26.97599983215332
2009-01-23,12.583141326904297,2.6525778770446777,34.05442810058594,42.150794982910156,16.087202072143555,34.59886169433594,36.3535041809082,15.026895523071289,12.552495956420898,30.6861515045166,8.330168724060059,8.214629173278809,48.54488754272461,13.451741218566895,36.41640090942383,10.336661338806152,11.33234691619873,14.364494323730469,26.599855422973633,21.02943229675293,23.231151580810547,20.89288902282715,31.488338470458984,36.48478317260742,39.76551055908203,17.47582244873047,18.95361328125,12.284616470336914,14.154314994812012,23.241304397583008,48.16659927368164,12.432497024536133,4.841333389282227,16.871580123901367,10.272921562194824,56.12773895263672,17.300111770629883,13.048283576965332,0.9365152716636658,16.137144088745117,8.970277786254883,20.374250411987305,26.902515411376953,29.720855712890625,27.665632247924805,5.958167552947998,17.28902244567871,17.13551902770996,13.922992706298828,26.364051818847656
2009-01-26,12.897710800170898,2.6910033226013184,34.40732955932617,42.453269958496094,16.23297119140625,34.827457427978516,36.59477233886719,14.808417320251465,12.799375534057617,31.171127319335938,7.470895290374756,8.377420425415039,49.6894645690918,13.596035957336426,36.6549186706543,10.603374481201172,11.390938758850098,15.032455444335938,26.931718826293945,21.66272735595703,21.283281326293945,20.9267578125,32.26091766357422,37.321624755859375,41.054664611816406,17.886165618896484,19.090314865112305,12.207807540893555,14.227278709411621,23.3344669342041,49.08257293701172,11.810870170593262,4.655127048492432,16.920530319213867,10.020469665527344,55.595767974853516,16.889846801757812,13.306320190429688,1.009355902671814,16.059242248535156,9.109184265136719,20.775981903076172,26.93117904663086,30.477914810180664,27.490041732788086,5.90509557723999,17.654966354370117,17.161510467529297,13.795160293579102,25.428129196166992
2009-01-27,12.919666290283203,2.7237255573272705,35.00968933105469,42.6260986328125,16.6040096282959,35.031341552734375,37.00545120239258,15.11747932434082,12.888615608215332,31.304487228393555,7.552046298980713,8.646651268005371,49.72201919555664,13.852556228637695,36.7302360534668,10.883095741271973,11.435467720031738,14.629030227661133,27.147939682006836,22.139339447021484,21.055267333984375,21.075796127319336,32.4184455871582,36.41618347167969,43.17021942138672,17.99868392944336,18.857921600341797,12.690640449523926,15.093681335449219,23.98040008544922,49.05879211425781,12.9608793258667,5.043053150177002,16.864587783813477,10.480061531066895,58.637786865234375,17.17876625061035,13.801472663879395,1.0249640941619873,16.17908477783203,9.068973541259766,20.936674118041992,27.011449813842773,30.862751007080078,27.718856811523438,5.990011215209961,17.841142654418945,17.45615577697754,13.894586563110352,25.845693588256836
2009-01-28,13.197664260864258,2.827894449234009,35.630287170410156,42.8043327331543,18.326688766479492,35.945743560791016,37.87810516357422,15.335956573486328,13.046258926391602,31.546972274780273,7.370645046234131,8.771873474121094,51.436187744140625,14.301485061645508,37.157020568847656,10.980676651000977,11.421409606933594,15.211020469665527,27.86699104309082,22.661653518676758,21.498271942138672,21.627927780151367,32.433441162109375,37.554847717285156,44.6246452331543,18.18730354309082,19.199670791625977,12.273652076721191,16.680570602416992,24.278533935546875,49.1122932434082,13.87000560760498,5.733565807342529,17.672321319580078,13.716650009155273,65.71089935302734,19.29939079284668,16.26198387145996,1.05618155002594,16.712398529052734,9.014143943786621,21.2115535736084,26.862380981445312,31.36745262145996,27.76142120361328,5.944016456604004,18.033740997314453,17.421497344970703,14.526638984680176,27.249576568603516
2009-01-29,12.86845874786377,2.7918710708618164,35.459903717041016,41.589054107666016,16.849157333374023,35.970462799072266,36.250858306884766,15.42121696472168,12.95405101776123,31.328731536865234,7.217885971069336,8.371156692504883,50.18311309814453,14.101073265075684,36.4917106628418,10.36268424987793,11.217498779296875,14.549668312072754,28.4351863861084,21.329761505126953,20.749082565307617,22.091995239257812,30.53572654724121,37.60285949707031,42.046321868896484,18.336223602294922,18.70755386352539,11.971883773803711,16.05129051208496,23.58289909362793,49.43350601196289,12.984188079833984,5.260293960571289,17.707294464111328,12.156612396240234,61.97953414916992,17.24810791015625,15.116572380065918,1.0145583152770996,16.712398529052734,8.820406913757324,19.942907333374023,25.709897994995117,30.566238403320312,27.85188865661621,5.958167552947998,17.610021591186523,17.360828399658203,13.983356475830078,25.91768455505371
2009-01-30,12.509977340698242,2.705713987350464,35.100955963134766,41.30821228027344,16.90216064453125,33.67210388183594,36.199520111083984,15.21339225769043,12.707170486450195,30.449739456176758,6.960104942321777,8.076886177062988,49.716590881347656,13.491820335388184,36.41640090942383,9.738190650939941,11.04405689239502,14.238842964172363,27.04737091064453,21.421167373657227,20.09762191772461,22.031015396118164,31.735864639282227,37.62343215942383,40.09606170654297,18.34614372253418,18.372634887695312,11.746932029724121,15.832405090332031,22.8686466217041,48.797061920166016,12.999726295471191,5.105121612548828,17.75274658203125,12.23429012298584,60.48845672607422,15.936437606811523,14.303472518920898,0.9729354381561279,16.424768447875977,8.224584579467773,20.099376678466797,24.362485885620117,30.358028411865234,27.388940811157227,5.852026462554932,17.577919006347656,17.08640480041504,13.344202995300293,25.010568618774414
2009-02-02,13.044029235839844,2.7471401691436768,35.100955963134766,41.4216423034668,16.696767807006836,32.77623748779297,36.081478118896484,15.149447441101074,12.56439208984375,30.389129638671875,7.108090877532959,8.53394889831543,49.326011657714844,13.547932624816895,36.3410758972168,9.959366798400879,10.915145874023438,14.265297889709473,25.453388214111328,20.781333923339844,19.732810974121094,21.793903350830078,30.60325050354004,37.97325897216797,38.410247802734375,18.389171600341797,18.311124801635742,12.065155982971191,16.106008529663086,23.14814567565918,47.095947265625,13.193988800048828,4.655127048492432,18.137386322021484,12.447903633117676,62.61642074584961,15.924885749816895,14.7064790725708,0.9781385064125061,16.191070556640625,8.188026428222656,19.33820343017578,24.322355270385742,29.40542221069336,27.128185272216797,5.90509557723999,17.654966354370117,17.126848220825195,13.312240600585938,25.269746780395508
2009-02-03,13.534192085266113,2.7912704944610596,35.6424560546875,42.19398498535156,15.934810638427734,33.30757522583008,36.774452209472656,16.113948822021484,12.885641098022461,31.23174285888672,7.256076335906982,8.596559524536133,50.70931625366211,13.668185234069824,36.95619201660156,10.161025047302246,11.205778121948242,14.496769905090332,25.96628189086914,20.68993377685547,19.53736686706543,22.274900436401367,31.570831298828125,38.86497497558594,37.58384704589844,18.855762481689453,18.734886169433594,12.564441680908203,16.753528594970703,24.03009605407715,47.524208068847656,12.502429962158203,4.112029075622559,18.462574005126953,11.994781494140625,62.04697036743164,15.352834701538086,14.805475234985352,1.019761562347412,16.62850570678711,8.294034004211426,19.55809211730957,25.801639556884766,30.64824867248535,27.415538787841797,5.990011215209961,17.751262664794922,17.476377487182617,13.138249397277832,25.924890518188477
2009-02-04,13.629292488098145,2.8083813190460205,35.26521682739258,41.945556640625,15.928186416625977,32.44877624511719,36.75393295288086,15.932766914367676,12.611979484558105,31.21355438232422,7.104907989501953,8.780004501342773,50.35670471191406,13.7964448928833,36.31597900390625,10.304136276245117,10.879988670349121,14.371106147766113,25.564014434814453,21.12084197998047,19.934757232666016,21.69905662536621,31.798133850097656,38.940433502197266,37.220272064208984,18.50166893005371,18.782739639282227,12.471169471740723,16.434329986572266,23.607744216918945,48.21414566040039,12.712226867675781,3.6465160846710205,18.16885757446289,11.506818771362305,65.9132080078125,15.514628410339355,15.562010765075684,1.0145583152770996,16.17908477783203,8.114923477172852,19.380491256713867,25.818845748901367,30.225553512573242,26.90468978881836,5.926324367523193,16.396650314331055,17.06329917907715,12.950051307678223,26.997594833374023
2009-02-05,13.929239273071289,2.8957407474517822,35.35648727416992,43.09059524536133,16.259477615356445,32.94306182861328,37.60090255737305,16.03934097290039,12.698241233825684,31.734893798828125,7.070773601531982,9.014054298400879,50.12887191772461,14.125125885009766,36.62980651855469,10.63590145111084,11.381564140319824,14.814216613769531,25.921018600463867,21.231821060180664,20.59273338317871,21.821002960205078,32.36635971069336,39.173641204833984,35.86497116088867,18.706846237182617,19.520923614501953,12.487622261047363,19.507783889770508,23.7009220123291,48.54724884033203,13.232840538024902,3.7551357746124268,18.26326560974121,10.728705406188965,69.56964111328125,15.560853004455566,16.39632225036621,1.0041526556015015,16.520647048950195,8.041813850402832,19.837194442749023,26.32341194152832,30.23187255859375,27.293142318725586,5.827258586883545,17.115673065185547,17.074853897094727,13.372607231140137,28.538259506225586
2009-02-06,14.382819175720215,2.9936070442199707,35.59986114501953,43.6117057800293,18.306806564331055,33.36318588256836,38.4478874206543,16.39635467529297,12.95405101776123,32.45021057128906,7.236569404602051,9.3176851272583,52.43596267700195,14.405696868896484,36.692569732666016,11.084754943847656,11.632351875305176,15.561532974243164,26.343387603759766,21.832481384277344,21.680673599243164,22.241037368774414,32.517906188964844,39.80470275878906,36.69135665893555,18.91201400756836,19.84900665283203,12.657715797424316,19.817867279052734,23.71333122253418,47.20896911621094,13.932168006896973,4.755989074707031,18.340192794799805,12.62122631072998,72.35691833496094,16.65294075012207,16.17006492614746,1.009355902671814,16.87419319152832,8.374456405639648,20.27275848388672,26.98851203918457,29.134143829345703,27.394243240356445,6.0006232261657715,17.7255859375,16.996856689453125,13.891033172607422,30.10052490234375
2009-02-09,14.221874237060547,3.077362298965454,35.593780517578125,43.14488220214844,18.07491111755371,32.708290100097656,38.20148849487305,16.332420349121094,12.585213661193848,31.17717742919922,7.173178672790527,9.431547164916992,52.80684280395508,14.469833374023438,37.0440559387207,10.961156845092773,11.55031967163086,15.27054214477539,27.20827293395996,21.904300689697266,21.315858840942383,21.72954559326172,32.426963806152344,40.291725158691406,41.78187942504883,18.945106506347656,19.602947235107422,12.663199424743652,20.29210662841797,23.676061630249023,48.475887298583984,13.792298316955566,5.345637798309326,18.011505126953125,12.56847858428955,73.34596252441406,16.797401428222656,16.693281173706055,0.9885441660881042,16.778308868408203,8.374456405639648,20.52226448059082,27.097455978393555,29.272926330566406,27.128185272216797,5.947553634643555,18.63722038269043,16.985301971435547,13.94074535369873,29.24378776550293
2009-02-10,13.753665924072266,2.936868190765381,34.51683807373047,41.33180618286133,16.31247329711914,31.7877140045166,36.50753402709961,15.458516120910645,12.097390174865723,30.025400161743164,6.861091136932373,8.906516075134277,50.87062072753906,14.093050956726074,35.95193862915039,10.440747261047363,11.184682846069336,14.688557624816895,25.684701919555664,20.872737884521484,20.143224716186523,21.218061447143555,30.464698791503906,39.37941360473633,38.410247802734375,18.461963653564453,19.0014591217041,12.218780517578125,18.72346305847168,22.943180084228516,46.38814926147461,12.409186363220215,4.313749313354492,17.403079986572266,10.781457901000977,67.73394775390625,15.266161918640137,14.699413299560547,0.9469211101531982,16.203052520751953,7.837113857269287,19.4988956451416,25.64109230041504,28.09947967529297,26.24483871459961,5.827258586883545,18.309799194335938,16.578006744384766,13.276732444763184,27.645538330078125
2009-02-11,14.05361270904541,2.9065468311309814,34.88190841674805,40.484962463378906,17.286457061767578,31.608524322509766,36.57939529418945,15.836848258972168,12.27586555480957,30.680097579956055,7.0122551918029785,8.906516075134277,51.901458740234375,14.269420623779297,35.826412200927734,10.518805503845215,11.304218292236328,14.642260551452637,25.79029083251953,21.016372680664062,20.280029296875,21.30612564086914,30.555612564086914,39.79099655151367,39.4680061340332,18.43218421936035,18.898937225341797,12.416300773620605,19.279787063598633,23.113128662109375,46.090755462646484,12.712226867675781,4.7094340324401855,17.46951675415039,11.539787292480469,70.96326446533203,15.797759056091309,16.19834327697754,0.962529718875885,16.113170623779297,7.903189659118652,19.43546485900879,25.97365379333496,28.42754554748535,26.739734649658203,5.827258586883545,17.96953773498535,16.557788848876953,13.26607894897461,27.559131622314453
2009-02-12,14.090188026428223,2.9800965785980225,35.155704498291016,40.83237838745117,17.352712631225586,31.682662963867188,36.190860748291016,15.634360313415527,13.203912734985352,31.52273178100586,7.143917083740234,8.855910301208496,51.85236740112305,14.06900691986084,35.751094818115234,10.538324356079102,11.280778884887695,14.536443710327148,25.126550674438477,20.807456970214844,20.208362579345703,21.44502067565918,30.199512481689453,40.06536102294922,38.608577728271484,18.57448387145996,19.18600845336914,12.355949401855469,19.598989486694336,22.873937606811523,46.02531051635742,12.580133438110352,4.554265022277832,17.6583309173584,11.078195571899414,71.61511993408203,15.872878074645996,16.254913330078125,0.9313127398490906,16.173099517822266,7.85546875,19.536958694458008,25.744308471679688,29.2476863861084,26.840829849243164,5.855562210083008,18.3226375579834,16.699323654174805,13.109838485717773,26.85360336303711
2009-02-13,13.965812683105469,2.976794958114624,34.741966247558594,40.49037551879883,16.358854293823242,31.565277099609375,36.12349319458008,15.319972038269043,13.043289184570312,31.868274688720703,7.10978364944458,8.780004501342773,51.181514739990234,14.205290794372559,35.656944274902344,10.473268508911133,10.905770301818848,14.033822059631348,24.849990844726562,21.584381103515625,20.156251907348633,21.384042739868164,30.669246673583984,39.71552658081055,37.815250396728516,18.180683135986328,18.775903701782227,11.933479309082031,19.425704956054688,22.30113983154297,46.67364501953125,12.230469703674316,4.321508407592773,17.570920944213867,10.392403602600098,72.26703643798828,15.416397094726562,16.212486267089844,0.915703535079956,15.723301887512207,7.811422348022461,19.312829971313477,25.709897994995117,29.771320343017578,26.478979110717773,5.632662296295166,18.335477828979492,16.419132232666016,12.857728958129883,25.99686622619629
2009-02-17,13.32498550415039,2.8378007411956787,34.06050491333008,38.693599700927734,14.344639778137207,30.959802627563477,34.28444290161133,15.245370864868164,12.67147159576416,31.413612365722656,6.948862552642822,8.356185913085938,49.452545166015625,13.596035957336426,34.94769287109375,9.946354866027832,11.306558609008789,13.18729019165039,23.844327926635742,20.39613151550293,18.879390716552734,20.69641876220703,29.116090774536133,38.693485260009766,35.73277282714844,17.846464157104492,18.659704208374023,11.659146308898926,18.167139053344727,21.7661190032959,44.990379333496094,10.847352027893066,3.801687240600586,17.035924911499023,9.027409553527832,64.2198486328125,14.393648147583008,13.971162796020508,0.8792840242385864,15.32014274597168,7.697622776031494,18.15837287902832,24.626235961914062,28.383378982543945,25.968141555786133,5.508829593658447,17.458059310913086,16.277585983276367,12.207921028137207,24.11065673828125
2009-02-18,13.347079277038574,2.8329977989196777,33.96922302246094,39.051856994628906,14.251879692077637,31.478778839111328,34.253353118896484,15.261354446411133,12.695269584655762,31.237808227539062,6.9049763679504395,8.451067924499512,49.910682678222656,13.820496559143066,35.405879974365234,9.998396873474121,11.719076156616211,13.094704627990723,23.961225509643555,19.969573974609375,18.52760124206543,20.62528419494629,28.775161743164062,39.36571502685547,35.89805603027344,17.935808181762695,18.447813034057617,11.478084564208984,18.78730010986328,21.652814865112305,45.817142486572266,10.956136703491211,3.545654535293579,17.340133666992188,8.60538387298584,63.313236236572266,14.566988945007324,14.268120765686035,0.8688782453536987,15.428452491760254,7.972933292388916,17.875038146972656,24.500085830688477,28.698827743530273,25.771242141723633,5.494676113128662,17.76773452758789,16.02627182006836,12.294471740722656,23.20353126525879
2009-02-19,13.192397117614746,2.7210235595703125,34.03007888793945,39.1712760925293,13.648941040039062,31.589996337890625,34.543460845947266,15.202733039855957,12.879690170288086,31.643972396850586,6.841580867767334,8.02092456817627,48.5035285949707,13.491820335388184,34.71547317504883,9.78372859954834,11.824549674987793,13.332789421081543,23.92565155029297,19.930015563964844,17.602521896362305,20.567703247070312,28.46452522277832,39.15306854248047,34.230743408203125,18.0218448638916,19.623451232910156,11.253131866455078,17.528738021850586,21.703182220458984,45.89445495605469,10.000391006469727,3.0491085052490234,17.14781379699707,7.919589042663574,64.44464111328125,13.971834182739258,14.091358184814453,0.8480667471885681,15.542777061462402,8.07204532623291,17.87076759338379,24.876754760742188,28.679893493652344,25.95217514038086,5.554823398590088,17.96129035949707,16.095600128173828,12.056447982788086,21.87165641784668
2009-02-20,13.258688926696777,2.7378346920013428,33.527042388916016,38.666446685791016,13.185141563415527,31.04629135131836,33.709407806396484,14.97360897064209,12.742866516113281,31.189313888549805,6.6855363845825195,8.084179878234863,48.427162170410156,13.275371551513672,34.25099563598633,9.809748649597168,11.723762512207031,12.869843482971191,24.01713752746582,19.01361846923828,17.36799430847168,20.147676467895508,27.509904861450195,38.88555908203125,31.916929244995117,17.879547119140625,19.015127182006836,11.176322937011719,17.02713394165039,20.92267417907715,46.245384216308594,10.078095436096191,2.940488576889038,17.483503341674805,7.194235801696777,63.72666549682617,14.098955154418945,13.737837791442871,0.8220523595809937,15.09147834777832,8.1381196975708,16.865835189819336,24.80141258239746,28.03007698059082,25.53710174560547,5.46990966796875,17.858057022094727,15.899168014526367,11.782354354858398,20.7989444732666
2009-02-23,12.676778793334961,2.6102490425109863,32.91353988647461,37.6187629699707,12.926738739013672,30.212215423583984,32.605960845947266,14.85637092590332,12.519770622253418,30.407302856445312,6.470974922180176,7.641388893127441,46.01646041870117,12.714215278625488,33.81163787841797,9.341378211975098,11.456567764282227,12.37382984161377,23.08187484741211,18.288414001464844,16.364744186401367,19.78185272216797,26.108261108398438,38.50144577026367,30.11353302001953,17.671077728271484,18.42047691345215,10.907468795776367,16.160724639892578,20.33728790283203,43.93758010864258,9.440926551818848,3.033590316772461,17.116352081298828,7.273364067077637,60.321502685546875,13.093535423278809,13.306540489196777,0.9000954627990723,14.525851249694824,7.7196526527404785,16.070438385009766,23.71200942993164,26.680002212524414,25.015607833862305,5.324848651885986,17.658061981201172,15.748956680297852,11.208928108215332,19.43106460571289
2009-02-24,12.647315979003906,2.709315061569214,33.45953369140625,39.1332893371582,13.927225112915039,30.74973487854004,33.81819152832031,15.202733039855957,12.808302879333496,31.328731536865234,6.627017974853516,8.052553176879883,47.12363815307617,13.17917537689209,34.3702507019043,9.751200675964355,11.721415519714355,13.670073509216309,24.093393325805664,18.95429229736328,16.96408462524414,20.16122055053711,26.850751876831055,38.96099853515625,30.89614486694336,18.114513397216797,18.427316665649414,11.170830726623535,17.145692825317383,20.71495246887207,44.27661895751953,10.583163261413574,3.6697919368743896,17.60239028930664,8.60538387298584,70.04735565185547,14.445650100708008,15.6044282913208,1.0405726432800293,14.664247512817383,7.826102256774902,16.784574508666992,25.01582145690918,27.178388595581055,25.632890701293945,5.438068389892578,18.051610946655273,16.032045364379883,11.71383285522461,20.48217010498047
2009-02-25,12.492630004882812,2.736633062362671,33.103721618652344,39.1115837097168,14.39765453338623,30.842422485351562,32.89606857299805,14.872361183166504,12.60305404663086,30.746774673461914,6.378323078155518,8.242323875427246,46.85094451904297,13.018840789794922,34.075260162353516,9.608091354370117,11.533915519714355,13.431991577148438,23.691837310791016,18.631244659423828,16.306110382080078,19.937665939331055,25.69155502319336,38.796390533447266,30.657947540283203,17.743873596191406,18.078733444213867,11.23118782043457,16.343128204345703,20.494647979736328,41.90932846069336,10.155794143676758,4.003409385681152,17.322649002075195,8.862558364868164,67.74208068847656,14.041171073913574,15.385245323181152,1.0457756519317627,14.152776718139648,8.046346664428711,16.416818618774414,24.355226516723633,25.85985565185547,25.297653198242188,5.452219009399414,17.76773452758789,15.829841613769531,11.533507347106934,19.445466995239258
2009-02-26,12.094871520996094,2.677494525909424,32.17121505737305,38.51443099975586,15.27224349975586,30.255475997924805,32.7251091003418,13.875894546508789,12.2163724899292,29.958707809448242,6.19302225112915,8.039901733398438,48.52534866333008,12.650080680847168,33.06801986694336,9.425944328308105,11.308904647827148,13.650237083435059,23.549509048461914,18.169750213623047,15.784936904907227,20.100255966186523,24.782392501831055,35.1403694152832,30.964195251464844,16.737882614135742,17.68228530883789,10.644110679626465,14.947760581970215,19.537893295288086,41.33367156982422,9.767279624938965,4.1275482177734375,16.45897102355957,9.495598793029785,69.4220962524414,13.688700675964355,15.081218719482422,1.0301669836044312,14.020394325256348,7.5911736488342285,16.44247055053711,23.86846351623535,25.114456176757812,24.82936668395996,5.349613666534424,17.490320205688477,15.266560554504395,11.338759422302246,19.567852020263672
2009-02-27,11.895990371704102,2.681096315383911,30.674314498901367,36.85879135131836,15.139729499816895,29.76117706298828,31.45072364807129,12.89542007446289,12.15092945098877,29.18277359008789,6.002844333648682,8.058881759643555,50.1943244934082,12.457687377929688,33.09968566894531,9.477983474731445,11.54094409942627,13.815577507019043,23.107284545898438,17.688467025756836,16.03249740600586,20.384790420532227,23.820186614990234,33.56270980834961,28.95663070678711,15.665699005126953,17.59343719482422,10.100934982299805,14.373197555541992,18.493019104003906,37.84372329711914,9.370994567871094,3.0646257400512695,15.665218353271484,7.97893762588501,68.61600494384766,13.139760971069336,13.815610885620117,1.0405726432800293,14.357366561889648,7.58750057220459,15.972082138061523,23.862672805786133,23.802021026611328,25.068822860717773,5.462833881378174,17.199989318847656,15.159673690795898,11.201714515686035,19.79103660583496
2009-03-02,11.630813598632812,2.639968156814575,29.398269653320312,35.235713958740234,14.019986152648926,28.9580078125,29.84994888305664,12.490432739257812,11.805886268615723,28.40077018737793,5.685876369476318,7.786879539489746,48.56898880004883,12.185120582580566,32.84629821777344,9.315359115600586,11.259686470031738,13.174066543579102,21.775543212890625,16.455625534057617,14.442925453186035,19.69378089904785,22.357938766479492,32.84246826171875,25.86019515991211,15.566424369812012,17.33370590209961,9.73332691192627,12.795430183410645,17.46702766418457,35.9548454284668,8.593962669372559,2.8163516521453857,15.47989273071289,7.148073196411133,64.9923095703125,12.53304672241211,12.691420555114746,0.9781385064125061,13.984284400939941,7.459022521972656,15.022735595703125,22.55306053161621,22.58516502380371,24.408981323242188,5.331923007965088,16.283863067626953,15.113455772399902,10.833853721618652,17.87599754333496
2009-03-03,11.697112083435059,2.652876853942871,29.22648811340332,34.93714904785156,13.92059326171875,28.80972671508789,29.90693473815918,12.282618522644043,11.550076484680176,29.38280487060547,5.788280963897705,7.7678985595703125,47.870872497558594,12.032809257507324,33.21371078491211,9.360892295837402,11.104992866516113,12.492877006530762,21.917871475219727,16.284204483032227,14.638362884521484,19.416019439697266,22.24430274963379,32.72587585449219,23.852642059326172,15.162704467773438,16.814239501953125,9.607134819030762,12.157024383544922,17.303375244140625,35.58903884887695,9.184504508972168,2.831868886947632,15.742149353027344,7.035972595214844,62.054222106933594,12.359705924987793,12.854034423828125,0.9417181611061096,13.701471328735352,7.411302089691162,15.08260726928711,22.303892135620117,22.44500732421875,24.5313663482666,5.172708034515381,16.438701629638672,15.064348220825195,10.747296333312988,18.20718002319336
2009-03-04,11.873895645141602,2.7369332313537598,30.12217140197754,35.6536865234375,12.787601470947266,29.2298583984375,30.70990753173828,12.553522109985352,11.81778335571289,29.110668182373047,6.095492839813232,8.071531295776367,48.80897521972656,11.99272346496582,33.66982650756836,9.92033576965332,11.365158081054688,12.572244644165039,22.781978607177734,16.719335556030273,16.573213577270508,19.849590301513672,22.964061737060547,33.32948684692383,22.763784408569336,15.612762451171875,17.48406982421875,10.144827842712402,13.078149795532227,17.939104080200195,37.148128509521484,9.099032402038574,2.7929694652557373,15.864526748657227,6.3699631690979,64.3896484375,12.868185043334961,13.71662425994873,0.9729354381561279,13.70749282836914,7.554466724395752,15.843792915344238,23.584529876708984,23.145809173583984,24.854860305786133,5.331923007965088,17.045154571533203,14.83614730834961,11.151222229003906,19.380666732788086
2009-03-05,11.24778938293457,2.6669864654541016,29.24489974975586,33.77547073364258,10.998664855957031,28.049793243408203,29.249008178710938,11.995461463928223,11.258573532104492,28.113811492919922,6.178393363952637,7.786879539489746,47.71267318725586,11.648014068603516,32.219146728515625,9.464977264404297,11.660479545593262,12.003482818603516,21.60780906677246,15.763373374938965,15.3028564453125,18.979055404663086,22.267030715942383,32.37605667114258,22.661705017089844,15.235514640808105,16.875757217407227,9.70589542388916,11.737502098083496,17.290782928466797,35.924861907958984,8.026729583740234,2.4662153720855713,15.308548927307129,5.354461193084717,61.564537048339844,12.140122413635254,12.712630271911621,0.9417181611061096,13.141855239868164,7.392951488494873,15.138197898864746,23.161510467529297,22.292102813720703,23.814300537109375,5.537132263183594,16.716129302978516,14.440399169921875,10.271244049072266,18.22877311706543
2009-03-06,11.255155563354492,2.5607168674468994,29.4289493560791,34.75800323486328,10.554741859436035,28.241317749023438,30.186668395996094,12.32054328918457,11.630389213562012,28.804893493652344,6.2076497077941895,7.850129127502441,46.80185317993164,11.599918365478516,33.01731872558594,9.224285125732422,11.463598251342773,11.904279708862305,21.262168884277344,15.558996200561523,15.133472442626953,18.985841751098633,22.804956436157227,31.813589096069336,24.022775650024414,15.516789436340332,16.718549728393555,10.068013191223145,12.257346153259277,17.611793518066406,35.28921890258789,7.972338676452637,2.4428763389587402,15.388978958129883,5.67757511138916,56.99164962768555,12.174793243408203,12.146995544433594,0.8844868540763855,13.29229736328125,7.286497116088867,15.12109088897705,22.819618225097656,22.00541114807129,23.679513931274414,5.561898231506348,16.748382568359375,14.720599174499512,10.610250473022461,18.365556716918945
2009-03-09,11.15939712524414,2.4949722290039062,28.58845329284668,35.051124572753906,10.53486156463623,27.296037673950195,30.191858291625977,11.372392654418945,11.526286125183105,28.015962600708008,6.1588873863220215,7.938693046569824,45.53104782104492,11.102892875671387,33.14403533935547,8.85999584197998,11.135465621948242,12.056385040283203,21.3841552734375,15.315070152282715,15.582988739013672,18.647098541259766,23.486831665039062,31.738136291503906,25.213695526123047,15.43737506866455,16.390472412109375,10.430133819580078,12.449438095092773,17.605506896972656,34.92344665527344,8.267609596252441,2.917447090148926,15.284077644348145,6.57437801361084,55.7109260559082,12.232577323913574,11.652059555053711,0.9052982926368713,12.937265396118164,7.143336772918701,15.621419906616211,22.19379234313965,21.884355545043945,23.4045467376709,5.611433029174805,16.664508819580078,14.353728294372559,10.639102935791016,18.559951782226562
2009-03-10,12.13906478881836,2.6606831550598145,29.3123722076416,36.58194351196289,12.920120239257812,27.90768051147461,32.00502014160156,12.027972221374512,11.648237228393555,28.49910545349121,6.383202075958252,8.805303573608398,47.58722686767578,12.096942901611328,33.3213996887207,9.523523330688477,11.407346725463867,13.003891944885254,23.122541427612305,16.76547622680664,17.270265579223633,18.91469955444336,25.00968360900879,33.15800857543945,30.181570053100586,15.546571731567383,17.03296661376953,11.099506378173828,14.013622283935547,18.7070255279541,35.385162353515625,9.45646858215332,3.7265543937683105,15.563812255859375,7.787707328796387,64.24651336669922,14.254964828491211,14.734772682189941,0.962529718875885,13.599181175231934,7.870150566101074,16.250045776367188,23.885852813720703,22.706214904785156,23.895170211791992,5.873254299163818,17.741933822631836,14.49817180633545,11.789568901062012,20.043014526367188
2009-03-11,12.603123664855957,2.782263994216919,29.385988235473633,35.70254135131836,13.51642894744873,27.845901489257812,31.714921951293945,11.887103080749512,11.894726753234863,29.000593185424805,6.236911296844482,8.830612182617188,48.334449768066406,12.297356605529785,32.32682800292969,9.77071762084961,11.186491966247559,13.17798900604248,23.788414001464844,17.576393127441406,17.139972686767578,19.097612380981445,25.20667266845703,32.42406463623047,28.88857650756836,14.715963363647461,17.238012313842773,10.688005447387695,13.986180305480957,18.159412384033203,34.887474060058594,9.269975662231445,3.83547043800354,15.399473190307617,7.833867073059082,69.60289001464844,14.468761444091797,15.915534973144531,1.019761562347412,13.623250961303711,7.642561435699463,16.241487503051758,24.749271392822266,22.24750328063965,23.862817764282227,5.798952579498291,17.709667205810547,14.278635025024414,11.868908882141113,20.64775848388672
2009-03-12,12.529460906982422,2.8924384117126465,30.060829162597656,36.45166015625,15.371622085571289,28.284561157226562,32.844268798828125,13.0194730758667,12.27649211883545,29.53266143798828,6.836706638336182,9.184842109680176,49.305274963378906,12.52983283996582,33.04899978637695,10.08946704864502,11.535332679748535,13.613236427307129,24.398378372192383,18.018108367919922,17.602521896362305,19.141643524169922,25.479419708251953,34.48185729980469,32.56343078613281,15.43737506866455,17.85317039489746,11.40127182006836,15.129592895507812,18.902156829833984,36.5904541015625,10.217957496643066,4.551218032836914,15.53584098815918,9.198860168457031,73.26422882080078,15.408448219299316,17.09629249572754,1.0926015377044678,14.098617553710938,7.818760871887207,15.989187240600586,25.073772430419922,23.22226333618164,24.27259063720703,5.8819475173950195,18.01935386657715,15.021013259887695,12.384638786315918,21.526079177856445
2009-03-13,12.264286994934082,2.8798296451568604,31.066946029663086,36.478790283203125,15.736039161682129,29.0074405670166,32.590415954589844,14.666547775268555,12.390721321105957,29.73446273803711,7.090278148651123,9.298704147338867,49.283477783203125,12.473718643188477,33.182044982910156,10.08946704864502,11.594258308410645,13.867692947387695,24.398378372192383,17.754396438598633,17.4461727142334,19.517637252807617,25.305164337158203,35.15407943725586,32.73358917236328,15.503546714782715,18.133411407470703,11.49454402923584,15.769906044006348,19.28611946105957,36.698394775390625,10.171335220336914,4.481198310852051,15.885512351989746,9.19226360321045,74.43193817138672,15.437627792358398,17.980093002319336,1.1394271850585938,14.369396209716797,7.807748794555664,15.57010269165039,24.96946907043457,23.298717498779297,24.81173324584961,6.019075393676758,17.941930770874023,15.194337844848633,11.901371955871582,21.34609031677246
2009-03-16,11.969649314880371,2.8645193576812744,31.122161865234375,36.35396957397461,15.298741340637207,29.54495620727539,32.605960845947266,14.20059585571289,12.405742645263672,29.80175018310547,6.900100231170654,9.014054298400879,49.75252151489258,11.94462776184082,32.74494171142578,10.050436019897461,11.502335548400879,13.48601245880127,24.128971099853516,17.840106964111328,17.21163558959961,19.416019439697266,25.630950927734375,34.831687927246094,32.86967849731445,15.834465026855469,18.358964920043945,11.258620262145996,15.248507499694824,19.39312171936035,38.74320602416992,9.837213516235352,4.807953834533691,15.451915740966797,9.034006118774414,70.7404556274414,14.550477981567383,16.290264129638672,1.0926015377044678,14.104634284973145,7.7563581466674805,15.44609260559082,25.9197940826416,24.36904525756836,25.221477508544922,6.1020731925964355,18.154836654663086,15.42542839050293,11.879733085632324,21.67006492614746
2009-03-17,12.44843578338623,2.9918055534362793,31.11602783203125,37.50476837158203,16.65700912475586,29.64381217956543,33.833736419677734,14.41731071472168,12.459856986999512,30.119752883911133,6.953738689422607,9.42522144317627,50.674285888671875,12.345453262329102,33.98025131225586,10.49929428100586,11.78518009185791,14.383291244506836,24.78468132019043,18.169750213623047,17.478740692138672,19.954605102539062,26.093109130859375,35.49703598022461,34.02659225463867,16.2613525390625,18.905773162841797,11.55489444732666,15.779044151306152,19.9910945892334,39.372833251953125,10.039240837097168,4.877971649169922,16.119789123535156,9.667044639587402,74.57506561279297,15.367588996887207,16.834678649902344,1.1862525939941406,14.622124671936035,7.85546875,16.078990936279297,26.7947998046875,24.458227157592773,25.270004272460938,6.213937759399414,18.4322566986084,15.500534057617188,12.25119686126709,22.13082504272461
2009-03-18,12.492630004882812,3.047642469406128,31.079227447509766,37.54819869995117,17.962278366088867,29.668519973754883,34.4968376159668,14.606940269470215,12.519975662231445,30.254297256469727,6.948862552642822,9.640292167663574,50.150672912597656,12.690164566040039,35.10784149169922,10.733477592468262,11.888891220092773,15.11987018585205,25.008331298828125,18.690584182739258,17.895675659179688,19.558277130126953,25.57033920288086,34.646488189697266,35.11543273925781,16.092586517333984,18.76906967163086,11.620738983154297,16.922452926635742,20.456886291503906,40.080406188964844,10.94836711883545,5.967153072357178,15.784103393554688,11.35515022277832,79.29110717773438,16.575742721557617,17.10335922241211,1.285107135772705,14.45363998413086,7.807748794555664,16.374046325683594,26.957050323486328,24.732187271118164,25.36166000366211,6.080420970916748,18.387088775634766,13.758675575256348,12.619059562683105,22.3612060546875
2009-03-19,12.625216484069824,3.050644874572754,30.711132049560547,37.09222412109375,16.53112030029297,28.61202049255371,34.776573181152344,14.108485221862793,12.679298400878906,29.960742950439453,6.680662155151367,9.583359718322754,50.537933349609375,13.924715042114258,34.65806579589844,10.55783748626709,11.773391723632812,15.026119232177734,24.128971099853516,18.479612350463867,18.508052825927734,19.412633895874023,25.14605712890625,33.50783920288086,34.46893310546875,15.728583335876465,18.215425491333008,11.428702354431152,16.300447463989258,20.03515625,40.90793228149414,10.155794143676758,5.391441822052002,15.490384101867676,10.16820240020752,74.80863189697266,14.795605659484863,14.876171112060547,1.3059191703796387,14.471695899963379,7.690284729003906,16.35695457458496,26.649934768676758,24.72581672668457,25.070528030395508,6.022684574127197,18.154836654663086,13.660462379455566,12.658732414245605,22.915557861328125
2009-03-20,12.56628704071045,3.0497443675994873,31.698837280273438,35.87624740600586,15.338494300842285,28.167184829711914,33.52289962768555,14.476910591125488,12.8175687789917,30.590662002563477,6.646527290344238,9.26707649230957,50.456119537353516,13.708264350891113,33.70150375366211,10.349674224853516,11.688541412353516,14.838629722595215,23.346193313598633,17.76758575439453,17.635089874267578,19.432947158813477,24.66116714477539,33.350059509277344,32.46135330200195,15.731884002685547,18.242767333984375,11.242157936096191,15.78819465637207,20.488353729248047,40.644065856933594,9.526400566101074,4.815732955932617,15.493877410888672,9.225231170654297,73.31697082519531,14.521294593811035,14.310544967651367,1.4307873249053955,14.616111755371094,7.602184295654297,16.168792724609375,25.908212661743164,24.41363525390625,24.790159225463867,6.055159091949463,17.703224182128906,13.640240669250488,12.518074989318848,22.116422653198242
2009-03-23,13.501763343811035,3.2319655418395996,32.655879974365234,38.28644561767578,19.12177276611328,29.495534896850586,35.82304763793945,15.159582138061523,13.268464088439941,31.575292587280273,6.836706638336182,9.817411422729492,53.837642669677734,14.630159378051758,34.94313430786133,11.045721054077148,12.134024620056152,15.568511009216309,25.069320678710938,19.079551696777344,19.302833557128906,20.09009552001953,26.896209716796875,34.92085647583008,35.48973846435547,16.135604858398438,19.384220123291016,11.64268684387207,17.123693466186523,21.457687377929688,41.45960998535156,11.313573837280273,6.0682902336120605,15.972928047180176,11.42768669128418,84.32354736328125,17.159404754638672,17.273054122924805,1.5088307857513428,15.994084358215332,7.738004207611084,17.4260311126709,27.548110961914062,26.04460334777832,25.24843978881836,6.174241542816162,18.812898635864258,14.356623649597168,13.343958854675293,24.765783309936523
2009-03-24,13.207128524780273,3.1971426010131836,32.330726623535156,37.66218948364258,17.491846084594727,29.081594467163086,35.72978210449219,15.0349702835083,13.232396125793457,31.514141082763672,6.787939548492432,9.488476753234863,53.614044189453125,14.357600212097168,33.92955017089844,10.850569725036621,12.039739608764648,15.367626190185547,24.550865173339844,19.079551696777344,19.15300178527832,19.805553436279297,27.350791931152344,33.6107292175293,35.421688079833984,15.374493598937988,19.50725555419922,11.423219680786133,16.245555877685547,20.87860107421875,40.82996368408203,10.80073070526123,5.617056846618652,15.581297874450684,10.220952987670898,83.32156372070312,15.58354377746582,17.76091194152832,1.4880189895629883,15.873740196228027,7.749017238616943,16.942808151245117,27.374269485473633,26.898324966430664,24.88182258605957,6.213937759399414,18.709671020507812,14.38550853729248,13.196096420288086,25.176151275634766
2009-03-25,13.170295715332031,3.1968421936035156,32.42886734008789,38.085609436035156,18.923002243041992,29.693233489990234,36.107967376708984,14.899516105651855,13.451841354370117,32.08899688720703,6.953738689422607,9.450523376464844,53.42314910888672,14.501903533935547,34.84810256958008,10.779011726379395,12.181163787841797,15.588597297668457,24.91683578491211,19.086143493652344,18.833784103393555,20.06298828125,28.0781307220459,34.173194885253906,35.693885803222656,15.23220443725586,19.972036361694336,11.55489444732666,16.236412048339844,21.105199813842773,41.0638313293457,10.963907241821289,5.99049186706543,15.343522071838379,10.827616691589355,85.09195709228516,16.459020614624023,18.319480895996094,1.4411935806274414,16.144514083862305,7.972933292388916,16.97701644897461,27.855236053466797,27.681955337524414,25.15139389038086,6.23198127746582,18.567733764648438,14.307520866394043,13.300678253173828,24.960166931152344
2009-03-26,13.870059967041016,3.2983100414276123,32.45343780517578,38.666446685791016,19.280780792236328,30.125720977783203,36.3514518737793,14.942853927612305,13.481894493103027,32.5109977722168,7.0122551918029785,10.007176399230957,53.8758430480957,14.974871635437012,35.51327896118164,11.260394096374512,12.435721397399902,16.164470672607422,25.93851661682129,20.055288314819336,20.05202293395996,20.422046661376953,29.290348052978516,35.304988861083984,37.08897018432617,15.371180534362793,19.548259735107422,11.571358680725098,17.05051612854004,21.539522171020508,43.57636260986328,11.75648021697998,5.897132873535156,15.364506721496582,10.51768970489502,84.36872100830078,17.52710723876953,18.135643005371094,1.5296423435211182,15.982047080993652,8.152800559997559,17.23786735534668,29.240177154541016,29.134544372558594,25.43174171447754,6.210327625274658,18.67096519470215,14.212196350097656,13.960665702819824,25.860090255737305
2009-03-27,13.354448318481445,3.2076492309570312,32.41048812866211,37.98789596557617,18.154422760009766,30.00832748413086,35.69352340698242,14.715306282043457,13.557043075561523,32.04008483886719,6.846458435058594,9.75415325164795,51.350589752197266,14.437768936157227,34.84810256958008,11.02620792388916,12.390936851501465,15.822959899902344,25.58271026611328,19.283937454223633,19.771896362304688,20.15784454345703,28.43421745300293,35.42845153808594,36.6806640625,15.420822143554688,19.315874099731445,11.335432052612305,16.37362289428711,21.24367904663086,42.74284744262695,11.228096961975098,5.710416793823242,15.514859199523926,10.28030014038086,81.42308807373047,16.995990753173828,17.216489791870117,1.4776129722595215,15.879741668701172,8.094066619873047,17.246421813964844,29.037363052368164,28.682201385498047,25.631244659423828,5.975771427154541,18.406448364257812,14.688822746276855,13.271830558776855,25.44651222229004
2009-03-30,12.87566089630127,3.1368024349212646,32.520904541015625,37.255062103271484,16.464866638183594,29.211318969726562,34.60563278198242,14.38480281829834,13.202333450317383,31.673141479492188,6.680662155151367,9.311358451843262,51.552364349365234,14.15718936920166,34.157596588134766,10.609879493713379,12.200016021728516,15.655557632446289,24.728761672973633,18.334564208984375,17.934768676757812,19.91394805908203,26.911361694335938,34.65335464477539,33.78839111328125,15.84770393371582,18.659704208374023,11.532947540283203,15.669280052185059,20.670888900756836,41.381649017333984,9.953766822814941,4.691254615783691,15.951946258544922,8.816398620605469,75.68250274658203,15.974590301513672,15.646856307983398,1.435990810394287,15.639059066772461,7.873821258544922,16.686222076416016,28.168161392211914,27.70743179321289,25.011215209960938,5.910819053649902,17.66451072692871,14.51839542388916,13.297072410583496,23.50916862487793
2009-03-31,13.531227111816406,3.155714511871338,32.26937484741211,36.96737289428711,17.611108779907227,29.09393310546875,34.83356475830078,14.493167877197266,13.21135139465332,31.483552932739258,6.64164924621582,9.507453918457031,52.84501266479492,14.485867500305176,34.569374084472656,10.909120559692383,12.280155181884766,15.776084899902344,25.272647857666016,18.367538452148438,18.21489715576172,19.978313446044922,26.95681381225586,33.96742630004883,34.40087890625,15.784832954406738,18.789573669433594,12.026749610900879,16.090051651000977,21.02967071533203,41.39363098144531,10.590932846069336,5.305863380432129,16.19671630859375,9.390090942382812,79.87116241455078,16.844234466552734,16.0993595123291,1.3683531284332275,15.621003150939941,7.78939151763916,16.74609375,28.521635055541992,27.803009033203125,24.860260009765625,5.780909061431885,17.922582626342773,14.40861988067627,13.307893753051758,23.85020637512207
2009-04-01,14.223625183105469,3.2628870010375977,32.539310455322266,37.58076858520508,18.644718170166016,29.785919189453125,35.3826904296875,14.62319278717041,13.484899520874023,31.936100006103516,6.822078227996826,9.507453918457031,53.23773193359375,14.894710540771484,34.99382019042969,11.357967376708984,12.449862480163574,15.956891059875488,25.745378494262695,18.664203643798828,18.885900497436523,19.917329788208008,26.850751876831055,33.15116882324219,34.605037689208984,15.453924179077148,19.206506729125977,12.227106094360352,16.364471435546875,21.262563705444336,40.53014373779297,11.370489120483398,5.484800815582275,15.798090934753418,9.548345565795898,83.08802032470703,16.94928550720215,16.778120040893555,1.425584316253662,15.94593620300293,7.8334431648254395,17.019777297973633,29.014184951782227,28.4273681640625,25.51263427734375,5.8819475173950195,18.290315628051758,14.674379348754883,14.234758377075195,24.858776092529297
2009-04-02,14.208893775939941,3.3835675716400146,32.49637222290039,38.13446807861328,18.691186904907227,30.533506393432617,36.42397689819336,14.628615379333496,13.629188537597656,32.327518463134766,6.7147955894470215,9.931272506713867,54.988494873046875,15.087106704711914,35.69698715209961,11.80031681060791,12.64314079284668,16.586320877075195,26.49764633178711,20.154178619384766,20.547134399414062,20.740453720092773,28.184192657470703,32.43779373168945,36.5445556640625,15.01710033416748,20.08823585510254,11.870917320251465,17.013925552368164,21.338098526000977,41.477577209472656,11.795706748962402,5.632617950439453,15.630248069763184,10.108850479125977,86.04871368408203,17.99987030029297,16.339754104614258,1.514033317565918,16.481483459472656,7.958251476287842,17.725370407104492,30.346969604492188,29.089946746826172,26.55858039855957,5.8133864402771,18.490325927734375,14.737931251525879,15.165223121643066,26.172101974487305
2009-04-03,13.811135292053223,3.482032299041748,31.993301391601562,38.23759841918945,19.43458366394043,30.663240432739258,36.512054443359375,14.336043357849121,13.517964363098145,32.22354507446289,6.607517242431641,10.0894136428833,55.75206756591797,15.46389102935791,35.88069152832031,11.813329696655273,12.680852890014648,16.740331649780273,26.48748207092285,19.91024398803711,20.944520950317383,20.47286033630371,28.555429458618164,31.943904876708984,37.22507858276367,14.600143432617188,19.445728302001953,11.225339889526367,16.776100158691406,20.77789306640625,40.362247467041016,12.07130241394043,5.912692070007324,16.427501678466797,10.774863243103027,89.95112609863281,18.816978454589844,17.01144027709961,1.6909306049346924,16.192651748657227,7.884835720062256,18.114517211914062,30.567167282104492,28.019620895385742,26.418405532836914,5.8314290046691895,18.64515495300293,14.691710472106934,16.070453643798828,27.064577102661133
2009-04-06,13.818502426147461,3.555882692337036,32.02398681640625,38.025909423828125,18.717737197875977,30.67559242248535,36.20638656616211,14.449819564819336,13.523977279663086,32.21131896972656,6.6855363845825195,10.032482147216797,55.39208984375,15.359397888183594,35.437259674072266,11.40350341796875,12.593644142150879,16.639888763427734,26.472225189208984,19.639936447143555,20.397294998168945,20.699810028076172,28.911527633666992,32.81505584716797,38.07573318481445,14.34864616394043,19.814830780029297,11.41456127166748,16.37362289428711,20.670888900756836,43.94211959838867,11.937439918518066,5.819334030151367,16.913537979125977,10.056099891662598,87.87939453125,18.186630249023438,16.481164932250977,1.961479902267456,16.20468521118164,7.829770565032959,17.601356506347656,30.468652725219727,30.542524337768555,26.413007736206055,5.8314290046691895,18.52257537841797,14.677263259887695,15.965874671936035,26.817882537841797
2009-04-07,13.818502426147461,3.4523136615753174,31.508665084838867,37.29849624633789,18.08716583251953,30.07630157470703,35.43450927734375,14.233100891113281,13.412760734558105,31.954458236694336,6.588009357452393,9.773133277893066,53.8594970703125,14.901269912719727,35.09516525268555,10.961156845092773,12.34850788116455,16.318477630615234,25.82160758972168,19.3102970123291,19.18557357788086,20.435604095458984,27.75991439819336,32.49951934814453,36.23831558227539,14.203041076660156,19.527761459350586,11.29212474822998,16.327880859375,20.066619873046875,44.247947692871094,11.819324493408203,5.72597599029541,16.584850311279297,9.792332649230957,87.44998168945312,16.850065231323242,16.488231658935547,1.815799593925476,16.487497329711914,7.411302089691162,16.972736358642578,29.715356826782227,29.204618453979492,25.86846160888672,5.878341197967529,16.55483627319336,14.80254077911377,15.435708999633789,25.381196975708008
2009-04-08,14.135237693786621,3.4919400215148926,31.563888549804688,37.434200286865234,18.206642150878906,29.946548461914062,35.4759521484375,14.498584747314453,13.523977279663086,31.972810745239258,6.573380947113037,9.659273147583008,55.19028091430664,14.925379753112793,35.196537017822266,11.14330005645752,12.400362014770508,16.8206844329834,26.11641502380371,19.527860641479492,19.263750076293945,20.533828735351562,27.934179306030273,32.90420913696289,36.204288482666016,14.451229095458984,20.16341781616211,11.358905792236328,17.407264709472656,20.35617446899414,43.59434127807617,12.378398895263672,5.492579936981201,16.57086181640625,9.818710327148438,86.4480209350586,17.211933135986328,16.042800903320312,2.05513072013855,16.680049896240234,7.642561435699463,16.912864685058594,30.24846649169922,28.707693099975586,25.728286743164062,5.914428234100342,16.632253646850586,14.80254077911377,15.460958480834961,24.982126235961914
2009-04-09,14.488802909851074,3.589505195617676,31.539337158203125,37.91189193725586,21.73779296875,30.39139747619629,35.86448287963867,14.249350547790527,13.523977279663086,31.862735748291016,6.607517242431641,10.108392715454102,55.46843338012695,15.359397888183594,35.89970779418945,11.59215259552002,11.940746307373047,17.342987060546875,27.005950927734375,20.46404266357422,21.18557357788086,20.25606918334961,29.66160011291504,32.81505584716797,38.552120208740234,14.570361137390137,20.566686630249023,11.230903625488281,18.706178665161133,20.544998168945312,43.96611785888672,14.827312469482422,7.429765701293945,16.65478515625,12.931154251098633,93.66520690917969,19.639930725097656,17.923526763916016,2.2060139179229736,17.438236236572266,7.433327674865723,17.276355743408203,30.995962142944336,28.503807067871094,25.987071990966797,5.88555908203125,16.677419662475586,14.811277389526367,16.218320846557617,27.187931060791016
2009-04-13,14.429871559143066,3.609018325805664,31.379825592041016,36.9239387512207,22.36835289001465,29.68088150024414,35.2169303894043,14.113905906677246,13.445818901062012,31.489675521850586,6.573380947113037,10.108392715454102,54.51397705078125,15.3192138671875,35.5449333190918,11.637688636779785,12.145808219909668,17.38315200805664,27.117774963378906,19.956396102905273,21.602493286132812,19.812335968017578,28.146320343017578,32.616119384765625,41.27424240112305,14.820831298828125,20.436824798583984,11.208643913269043,18.68787956237793,20.500944137573242,44.247947692871094,16.11081886291504,8.573404312133789,16.61981964111328,12.970720291137695,98.04972076416016,19.8675537109375,19.01236915588379,2.2164199352264404,17.552570343017578,7.528767108917236,17.130964279174805,30.96121597290039,28.675838470458984,26.040996551513672,5.975771427154541,17.361282348632812,14.674355506896973,16.276025772094727,27.187931060791016
2009-04-14,14.253094673156738,3.55168080329895,31.514789581298828,36.75022506713867,20.377105712890625,29.19278335571289,34.491668701171875,13.91343879699707,13.289506912231445,30.920923233032227,6.505112171173096,10.12736701965332,54.143089294433594,15.166500091552734,34.72774124145508,11.663715362548828,12.049166679382324,16.968000411987305,26.909381866455078,19.91684341430664,21.302827835083008,19.405855178833008,28.06296730041504,32.979679107666016,39.164588928222656,14.931034088134766,20.149751663208008,11.041683197021484,17.89206314086914,20.236572265625,43.72026443481445,14.512330055236816,7.849879264831543,16.312110900878906,12.047538757324219,86.71920013427734,18.957059860229492,16.735708236694336,2.2372312545776367,17.39010238647461,7.605853080749512,16.921424865722656,30.96121597290039,28.637601852416992,26.03561019897461,5.946902275085449,16.470966339111328,14.417985916137695,15.915372848510742,26.861412048339844
2009-04-15,13.870059967041016,3.5315659046173096,31.76020622253418,36.98908233642578,21.611679077148438,30.11954689025879,34.5538215637207,14.222268104553223,13.536004066467285,31.82603645324707,6.758681297302246,9.880667686462402,53.91402816772461,14.941462516784668,34.17662048339844,11.423022270202637,12.089232444763184,17.188974380493164,27.31092643737793,20.220109939575195,21.51129913330078,19.65651512145996,28.46452522277832,32.66413116455078,40.253456115722656,14.246426582336426,19.98571014404297,11.308818817138672,18.980588912963867,20.65200424194336,44.571781158447266,16.236812591552734,8.12216854095459,15.574301719665527,12.891594886779785,91.29963684082031,19.83837890625,16.580148696899414,2.101957321166992,17.474348068237305,7.56914758682251,16.97701644897461,31.43636131286621,29.051721572875977,26.488492965698242,6.094856262207031,16.703224182128906,14.531598091125488,16.027177810668945,28.39967155456543
2009-04-16,14.555095672607422,3.6459438800811768,32.02398681640625,36.59281539916992,22.06303596496582,31.157499313354492,34.154937744140625,14.005547523498535,13.557043075561523,31.777114868164062,6.778189659118652,10.051461219787598,55.32119369506836,15.415660858154297,34.6517333984375,11.761289596557617,11.969027519226074,17.389860153198242,27.834474563598633,20.760709762573242,21.583879470825195,20.059608459472656,29.085777282714844,32.36232376098633,41.75062561035156,14.256446838378906,20.8127498626709,11.325516700744629,19.41051483154297,20.941553115844727,46.520626068115234,16.29192543029785,8.04437255859375,15.68270492553711,12.825653076171875,91.29963684082031,20.334470748901367,16.94780921936035,2.164391040802002,18.286684036254883,7.708637237548828,17.015501022338867,32.404090881347656,30.064708709716797,26.838939666748047,6.127331733703613,16.8258056640625,14.639392852783203,16.629459381103516,29.176036834716797
2009-04-17,14.142601013183594,3.7050838470458984,32.54545593261719,36.234519958496094,22.076303482055664,31.917449951171875,34.19635772705078,13.940526962280273,13.532999038696289,31.881074905395508,6.9049763679504395,9.868016242980957,55.23390197753906,15.3192138671875,35.53228759765625,11.702742576599121,11.83232307434082,17.476911544799805,27.351598739624023,20.760709762573242,21.30674171447754,20.60157585144043,29.03275489807129,32.28688430786133,42.15892791748047,14.65717887878418,20.600866317749023,11.503604888916016,19.584312438964844,21.24367904663086,46.13685989379883,17.173852920532227,8.246648788452148,15.626758575439453,13.359777450561523,90.85517120361328,20.754703521728516,17.676063537597656,2.0811452865600586,18.064048767089844,7.602184295654297,17.17801284790039,31.66815948486328,30.459699630737305,27.086942672729492,6.1309404373168945,16.89031982421875,14.534514427185059,16.33371925354004,28.617345809936523
2009-04-20,13.7080078125,3.6174237728118896,32.189632415771484,35.441986083984375,19.706716537475586,31.342845916748047,33.08774948120117,13.664206504821777,13.325587272644043,30.492807388305664,6.627017974853516,9.488476753234863,54.77577209472656,15.126313209533691,35.05083084106445,11.260394096374512,11.613110542297363,16.840768814086914,26.41632652282715,19.639936447143555,20.11240005493164,20.486408233642578,27.638690948486328,31.37459373474121,38.62016296386719,14.723984718322754,19.960857391357422,11.214205741882324,18.34028434753418,20.76530647277832,45.41128158569336,14.945420265197754,6.2394490242004395,15.305060386657715,11.210075378417969,86.64386749267578,19.190515518188477,16.629638671875,1.9198565483093262,18.1121883392334,7.638888835906982,16.224382400512695,30.804750442504883,29.943668365478516,26.914419174194336,6.109287738800049,15.883867263793945,14.54616928100586,15.576364517211914,26.643741607666016
2009-04-21,13.973188400268555,3.6552491188049316,32.183509826660156,35.95225143432617,21.591768264770508,31.738277435302734,33.610984802246094,12.753987312316895,12.952839851379395,30.180912017822266,6.592886447906494,9.71619987487793,55.8011474609375,15.69697093963623,35.24087905883789,11.507591247558594,11.74510669708252,17.322893142700195,27.0872745513916,20.14759063720703,20.712873458862305,20.527057647705078,27.767484664916992,31.614662170410156,39.81109619140625,14.817484855651855,20.700902938842773,11.13072681427002,18.404315948486328,20.985610961914062,45.59716796875,15.41001033782959,6.815155029296875,15.291070938110352,12.403619766235352,90.67437744140625,21.15159034729004,17.428600311279297,1.9770883321762085,18.425086975097656,7.66091775894165,16.553661346435547,32.07381057739258,30.504304885864258,26.930583953857422,6.037118434906006,15.903223991394043,14.755924224853516,15.738655090332031,27.499927520751953
2009-04-22,13.833233833312988,3.6477437019348145,31.39821434020996,35.14885711669922,21.17359733581543,30.90945816040039,33.02557373046875,12.445157051086426,12.904744148254395,29.34307098388672,6.358819007873535,9.912298202514648,55.93205642700195,15.55229377746582,34.36665725708008,11.344961166381836,11.540045738220215,17.52377700805664,26.970369338989258,20.892574310302734,21.412317276000977,20.20973014831543,28.25995635986328,30.942441940307617,40.1513671875,14.19299602508545,20.748870849609375,11.024983406066895,18.312833786010742,20.607940673828125,44.883575439453125,15.299763679504395,6.4261627197265625,16.1617488861084,11.988191604614258,90.77227020263672,21.31501579284668,15.866035461425781,2.226825714111328,17.967763900756836,7.826102256774902,16.275691986083984,31.726110458374023,30.440597534179688,26.838939666748047,6.080420970916748,16.11612892150879,14.417985916137695,15.89734935760498,28.435937881469727
2009-04-23,13.936356544494629,3.764521837234497,31.533206939697266,35.66998291015625,22.04311752319336,30.734968185424805,33.94770812988281,12.586027145385742,12.90173053741455,29.28803062438965,6.475852012634277,9.823735237121582,55.31572341918945,15.81753158569336,35.03181838989258,11.462052345275879,11.51647663116455,17.249237060546875,27.554916381835938,21.347476959228516,21.412317276000977,20.121023178100586,28.737279891967773,32.11539077758789,40.42357635498047,14.480194091796875,20.262357711791992,11.225339889526367,17.901216506958008,20.696067810058594,46.388702392578125,16.512407302856445,6.86183500289917,16.049856185913086,13.247674942016602,92.52008056640625,22.564029693603516,15.526647567749023,2.336085081100464,17.660886764526367,7.85546875,17.075374603271484,30.903261184692383,31.13503074645996,26.617883682250977,6.098461627960205,15.309676170349121,14.470416069030762,15.67013168334961,28.17473602294922
2009-04-24,15.402181625366211,3.7194926738739014,31.23872184753418,36.13681411743164,22.155956268310547,30.853368759155273,34.502017974853516,12.705221176147461,12.862661361694336,29.67331886291504,6.422213077545166,9.880667686462402,54.58489990234375,15.905938148498535,34.40467834472656,11.982463836669922,11.283134460449219,17.617521286010742,28.97306251525879,20.734346389770508,22.190954208374023,20.185848236083984,29.33580780029297,34.1800537109375,41.20619583129883,14.39002513885498,20.371997833251953,11.186384201049805,17.910362243652344,20.77789306640625,46.220802307128906,19.921977996826172,7.079672813415527,16.014888763427734,14.111505508422852,91.38252258300781,22.88504981994629,15.526647567749023,2.6014323234558105,17.8052978515625,7.862808704376221,17.622739791870117,30.874279022216797,31.128665924072266,26.58553695678711,6.105679512023926,15.335489273071289,14.196573257446289,16.395042419433594,29.400970458984375
2009-04-27,15.026517868041992,3.7444090843200684,31.201904296875,35.897979736328125,21.757699966430664,31.14002799987793,33.88555145263672,12.699800491333008,12.697333335876465,30.03413200378418,6.578256130218506,9.665594100952148,54.51397705078125,15.889871597290039,34.51869201660156,11.949941635131836,11.433979988098145,17.329593658447266,29.15097999572754,19.976179122924805,22.03258514404297,20.25749969482422,29.904048919677734,34.420135498046875,41.13812255859375,14.41340446472168,20.5021915435791,11.431259155273438,17.83718490600586,20.853435516357422,46.80845260620117,19.079431533813477,6.939634323120117,16.61981964111328,13.386153221130371,91.0811538696289,22.59905433654785,15.031722068786621,2.658662796020508,17.600709915161133,7.877492904663086,17.545766830444336,29.674779891967773,31.084068298339844,26.741897583007812,6.091246128082275,15.612903594970703,14.3218412399292,15.879317283630371,28.523006439208984
2009-04-28,14.680315017700195,3.7194926738739014,31.07308006286621,36.41366195678711,21.764339447021484,30.965539932250977,34.186004638671875,12.553522109985352,12.709351539611816,30.6029109954834,6.529495716094971,9.520106315612793,55.59933853149414,15.865754127502441,34.54404067993164,12.145090103149414,11.424553871154785,17.456819534301758,28.74433135986328,19.402599334716797,21.630067825317383,20.124427795410156,29.43429183959961,34.598472595214844,40.83189010620117,14.363314628601074,21.098337173461914,10.935938835144043,18.651288986206055,20.897491455078125,46.25075149536133,19.016433715820312,6.340585708618164,16.64429473876953,12.845429420471191,90.90788269042969,21.822786331176758,14.951576232910156,2.700286388397217,18.0520076751709,7.958251476287842,17.404645919799805,29.576274871826172,30.752771377563477,26.871294021606445,6.134548187255859,15.612903594970703,14.578216552734375,15.594402313232422,27.89900016784668
2009-04-29,14.91602897644043,3.7567174434661865,31.306209564208984,37.151939392089844,22.886079788208008,31.42045783996582,34.99934005737305,12.949030876159668,12.838608741760254,30.853633880615234,6.548997402191162,9.70987319946289,56.744712829589844,15.7532320022583,34.46802520751953,12.52238941192627,11.89124584197998,17.63761329650879,29.237380981445312,20.37173843383789,22.230525970458984,20.37351417541504,30.722291946411133,35.003177642822266,41.580482482910156,14.23306941986084,21.105199813842773,10.657670974731445,18.998886108398438,20.998205184936523,47.420101165771484,19.646381378173828,6.752918243408203,16.420503616333008,13.168543815612793,95.81226348876953,22.797496795654297,16.363039016723633,2.8355605602264404,18.737987518310547,8.134451866149902,17.75103187561035,30.010862350463867,30.982139587402344,26.747282028198242,6.069594383239746,15.79354476928711,14.793803215026855,15.911770820617676,29.176036834716797
2009-04-30,14.923393249511719,3.777430772781372,32.12213897705078,36.19110870361328,21.903728485107422,30.809743881225586,34.24300003051758,13.133243560791016,12.940812110900879,30.43164825439453,6.514862537384033,9.981879234313965,56.2920036315918,15.544261932373047,33.758514404296875,12.567924499511719,11.879459381103516,17.62421989440918,29.278045654296875,20.57611846923828,23.477664947509766,20.131250381469727,30.34345054626465,33.24718475341797,43.04362106323242,13.975921630859375,21.77672004699707,10.685500144958496,18.029273986816406,20.721240997314453,47.090274810791016,19.858978271484375,6.947413444519043,16.014888763427734,13.194924354553223,96.80670166015625,22.48232078552246,16.767324447631836,3.1113121509552,18.91248893737793,7.9362263679504395,17.532939910888672,30.329586029052734,30.80373764038086,26.49388313293457,5.892772674560547,15.883867263793945,14.767580032348633,15.886521339416504,29.93792152404785
2009-05-01,14.908660888671875,3.819758415222168,32.263240814208984,36.91851806640625,21.565210342407227,30.847139358520508,34.64189910888672,13.165759086608887,12.766467094421387,30.44999885559082,6.6221466064453125,10.000853538513184,57.05561065673828,15.544261932373047,33.19470977783203,12.73705768585205,11.796960830688477,17.255937576293945,29.420366287231445,20.853012084960938,24.586225509643555,20.95015525817871,31.222326278686523,33.34321212768555,43.179725646972656,13.865717887878418,22.105634689331055,10.735587120056152,17.828033447265625,21.08002471923828,48.92518615722656,19.126680374145508,6.768478870391846,15.668720245361328,12.931154251098633,95.73694610595703,22.42978858947754,18.31355094909668,2.9604289531707764,18.972654342651367,8.064706802368164,18.174388885498047,29.935544967651367,31.434476852416992,26.82276153564453,5.9072089195251465,16.458059310913086,14.706398010253906,15.875713348388672,31.113384246826172
2009-05-04,14.871832847595215,3.964756965637207,32.981040954589844,37.02164077758789,23.75558853149414,31.775665283203125,34.543460845947266,13.33913803100586,12.97688102722168,30.028024673461914,6.817200660705566,10.538534164428711,57.91735076904297,15.24687385559082,33.42909240722656,12.685019493103027,11.983169555664062,17.550561904907227,29.72535514831543,20.78049659729004,25.391252517700195,21.24700355529785,31.957246780395508,33.27462387084961,44.57481384277344,14.420083045959473,21.948036193847656,10.869157791137695,17.66338539123535,21.28144645690918,48.1756591796875,21.481090545654297,8.075493812561035,15.700186729431152,15.990843772888184,101.07072448730469,24.093202590942383,19.164690017700195,3.0592846870422363,18.966646194458008,8.215206146240234,18.76024055480957,31.36103057861328,31.842220306396484,27.135480880737305,5.835039138793945,16.883865356445312,15.280324935913086,16.770111083984375,32.709686279296875
2009-05-05,14.57719612121582,3.9839694499969482,33.349117279052734,36.72307205200195,23.111753463745117,31.027860641479492,34.061676025390625,13.322871208190918,12.967867851257324,30.413301467895508,6.963492393493652,10.308880805969238,57.73188018798828,15.279021263122559,33.67616271972656,12.769583702087402,11.893604278564453,17.53717613220215,29.699935913085938,20.885976791381836,26.004911422729492,21.004745483398438,32.692142486572266,32.91793441772461,44.57481384277344,14.603753089904785,21.79043197631836,10.952634811401367,17.590206146240234,21.740942001342773,47.779869079589844,20.922012329101562,8.433364868164062,15.567310333251953,15.344618797302246,101.85419464111328,23.71965980529785,19.299453735351562,3.0436747074127197,18.906471252441406,8.200521469116211,18.37110137939453,31.957914352416992,31.82309341430664,26.914419174194336,5.990210056304932,15.38064956665039,15.195839881896973,16.5068416595459,32.94186782836914
2009-05-06,14.57719612121582,3.9776644706726074,33.25709533691406,37.2279167175293,24.704750061035156,31.682191848754883,35.28427505493164,13.333708763122559,12.907750129699707,30.407197952270508,6.859928131103516,10.283365249633789,57.35908889770508,15.3192138671875,34.011898040771484,12.756579399108887,11.669682502746582,17.43672752380371,30.060823440551758,22.072681427001953,26.394229888916016,20.933090209960938,33.816829681396484,32.670997619628906,46.51433181762695,14.336592674255371,21.900068283081055,11.024983406066895,18.35857391357422,21.671703338623047,48.25959014892578,21.370845794677734,9.872641563415527,15.39597225189209,17.736846923828125,104.88272094726562,23.929779052734375,20.221515655517578,3.256993293762207,18.780109405517578,8.039009094238281,18.909915924072266,32.3519401550293,31.988750457763672,27.485912322998047,6.1561994552612305,15.63870906829834,15.108436584472656,16.564546585083008,34.13908767700195
2009-05-07,14.23099136352539,3.8743960857391357,33.674259185791016,37.41792297363281,23.390527725219727,31.993770599365234,35.2169303894043,13.65878963470459,12.865663528442383,30.266536712646484,6.983219146728516,10.060091018676758,56.24613571166992,14.804818153381348,33.82186508178711,12.327237129211426,11.759251594543457,17.148794174194336,29.87274932861328,21.828752517700195,25.02172088623047,21.110523223876953,33.30421447753906,32.29372787475586,47.5010986328125,14.900976181030273,21.783580780029297,11.086201667785645,20.43501091003418,22.565515518188477,47.779869079589844,20.449560165405273,10.510590553283691,15.885512351989746,16.36231231689453,100.74675750732422,22.499826431274414,19.249799728393555,3.1529345512390137,18.364906311035156,7.943568706512451,18.704652786254883,32.3519401550293,31.115917205810547,27.879501342773438,6.145374774932861,16.10968017578125,15.577486991882324,15.95522689819336,31.78092384338379
2009-05-08,14.304642677307129,3.87829852104187,33.729469299316406,38.43302917480469,25.846403121948242,32.13711929321289,36.46023178100586,13.447490692138672,12.90173053741455,30.425539016723633,7.101579189300537,9.753886222839355,55.643028259277344,14.724452018737793,34.79109191894531,12.184127807617188,11.818171501159668,17.075136184692383,30.543712615966797,22.890186309814453,26.156681060791016,21.093461990356445,35.06391143798828,32.37605667114258,49.440635681152344,15.004500389099121,22.009700775146484,11.353344917297363,21.660741806030273,22.628454208374023,49.44688034057617,22.363014221191406,11.024060249328613,15.388978958129883,18.622364044189453,105.16146850585938,23.89476203918457,20.001632690429688,3.246586561203003,18.888416290283203,7.97660493850708,20.060245513916016,33.389198303222656,32.198978424072266,28.00889778137207,6.1706342697143555,17.39999771118164,15.557085990905762,16.31643295288086,32.58633041381836
2009-05-11,14.23099136352539,3.889706611633301,33.195743560791016,37.82688903808594,23.78214454650879,31.38928985595703,35.227294921875,13.219932556152344,12.850637435913086,30.32158088684082,6.978287220001221,9.804922103881836,56.416080474853516,14.917338371276855,34.4616813659668,12.106060028076172,11.933670997619629,16.69346046447754,30.045578002929688,22.17816925048828,25.358257293701172,21.219707489013672,34.21467590332031,32.869930267333984,48.283714294433594,14.98446273803711,22.338607788085938,11.29212474822998,19.602609634399414,22.250797271728516,48.18162536621094,20.504676818847656,10.067137718200684,15.612765312194824,17.531986236572266,102.29113006591797,22.161306381225586,18.49087142944336,3.163342237472534,18.719934463500977,7.961921691894531,19.299057006835938,32.3519401550293,31.402633666992188,27.847148895263672,6.148983478546143,16.56773567199707,15.414337158203125,15.885904312133789,31.79544448852539
2009-05-12,14.65085220336914,3.7351033687591553,33.741737365722656,38.673309326171875,23.47017478942871,31.74449920654297,35.8437614440918,13.534175872802734,13.346627235412598,30.131982803344727,7.362955570220947,9.702853202819824,56.98628234863281,14.77266788482666,34.18928909301758,12.177618980407715,11.997313499450684,16.499271392822266,30.259057998657227,21.828752517700195,25.114112854003906,21.653039932250977,33.740325927734375,33.07569885253906,46.5483512878418,15.164796829223633,22.5989990234375,11.39786434173584,19.666635513305664,22.596981048583984,48.937198638916016,20.040088653564453,9.53810977935791,15.574301719665527,16.98349952697754,102.01238250732422,22.762474060058594,18.73912239074707,2.6066346168518066,18.91850471496582,7.925209045410156,19.444461822509766,31.662357330322266,31.472692489624023,27.981931686401367,6.275280475616455,16.703224182128906,15.629914283752441,15.940627098083496,31.715621948242188
2009-05-13,14.547731399536133,3.5871033668518066,33.833778381347656,38.09990310668945,22.60067367553711,31.756961822509766,35.279090881347656,13.908015251159668,13.115167617797852,30.370502471923828,7.530633449554443,9.65181827545166,56.065216064453125,14.52351188659668,33.88520812988281,11.741775512695312,11.855842590332031,16.626493453979492,28.942575454711914,20.681598663330078,23.807579040527344,21.88506317138672,32.8604621887207,32.95908737182617,43.92831802368164,15.194849967956543,21.893226623535156,11.325516700744629,19.401365280151367,22.431060791015625,48.289581298828125,18.969181060791016,8.565624237060547,15.525351524353027,15.992239952087402,97.37924194335938,21.37921714782715,17.802873611450195,2.580620050430298,18.14828109741211,7.9067840576171875,19.07242202758789,30.370147705078125,30.82285499572754,27.782459259033203,6.210327625274658,16.032257080078125,15.574564933776855,15.283891677856445,29.79280662536621
2009-05-14,14.776073455810547,3.6909725666046143,33.75400924682617,38.094451904296875,23.58964729309082,31.65726089477539,35.149566650390625,14.113905906677246,13.496923446655273,31.110490798950195,7.5651535987854,9.913365364074707,55.40180206298828,14.836966514587402,33.935890197753906,11.767794609069824,11.635453224182129,16.425609588623047,29.45086669921875,21.04420280456543,23.80099105834961,21.646209716796875,33.235355377197266,33.04825973510742,44.37066650390625,14.90431022644043,21.886363983154297,11.386731147766113,19.995939254760742,22.411922454833984,48.49346160888672,19.465274810791016,8.79902172088623,15.455424308776855,16.976890563964844,100.64885711669922,21.781938552856445,18.84551239013672,2.6846768856048584,18.136247634887695,8.186932563781738,19.13228416442871,30.545499801635742,31.10955047607422,27.24869155883789,6.134548187255859,16.26451301574707,15.562911987304688,15.473618507385254,30.31522560119629
2009-05-15,14.893930435180664,3.6750619411468506,33.99325942993164,37.7395133972168,23.17148780822754,31.57623863220215,34.45913314819336,13.799657821655273,13.514963150024414,30.77413558959961,7.402408599853516,9.690094947814941,55.57725143432617,14.804818153381348,33.8661994934082,11.657209396362305,11.410324096679688,16.33856201171875,29.440702438354492,21.063980102539062,23.583242416381836,21.663280487060547,32.898738861083984,33.034542083740234,43.75818634033203,14.466839790344238,21.105199813842773,11.13629150390625,19.812992095947266,21.8056697845459,47.92979431152344,19.079431533813477,8.30111026763916,15.29806137084961,16.43500328063965,101.25151824951172,21.56598663330078,18.533430099487305,2.8563716411590576,17.91963005065918,8.035797119140625,18.78589630126953,30.387664794921875,30.63810157775879,27.22173500061035,6.127331733703613,16.23870849609375,15.326932907104492,15.39699935913086,30.40955924987793
2009-05-18,15.173840522766113,3.802046775817871,34.38591384887695,38.49855041503906,24.731306076049805,32.72913360595703,34.53759765625,13.94594669342041,13.848627090454102,31.29397201538086,7.4911789894104,9.900611877441406,57.33716583251953,15.206695556640625,34.334983825683594,12.177618980407715,11.829771995544434,17.423337936401367,30.1065731048584,21.964527130126953,24.92934226989746,22.001083374023438,33.94688415527344,33.84393310546875,45.83380889892578,14.426759719848633,21.4752197265625,11.386731147766113,19.63919448852539,22.1247501373291,48.301570892333984,20.575551986694336,9.125774383544922,15.161691665649414,17.796323776245117,107.84342193603516,23.38113784790039,20.05837631225586,2.861574649810791,18.473217010498047,8.068973541259766,19.46583366394043,30.86112403869629,30.38962745666504,28.05741310119629,6.091246128082275,16.083864212036133,15.347332000732422,16.082931518554688,32.267066955566406
2009-05-19,15.055228233337402,3.8260624408721924,34.28775405883789,38.50947952270508,23.768863677978516,32.9970817565918,34.44867706298828,13.962203979492188,14.01996898651123,31.56305694580078,7.4467973709106445,9.983539581298828,57.8470573425293,15.24687385559082,34.12593078613281,12.28170394897461,11.697066307067871,16.49258041381836,29.989665985107422,22.024433135986328,24.85676383972168,21.908945083618164,34.138160705566406,34.255516052246094,46.61643600463867,14.319892883300781,21.20113182067871,11.331077575683594,19.209274291992188,22.035411834716797,48.295570373535156,19.520389556884766,8.752341270446777,14.927412033081055,16.818286895751953,106.3366928100586,22.698266983032227,20.505226135253906,2.9292120933532715,18.462648391723633,7.973132610321045,19.628341674804688,30.2883243560791,30.765518188476562,27.59914779663086,6.065987586975098,16.706722259521484,15.19292163848877,16.29454803466797,31.79544448852539
2009-05-20,15.107120513916016,3.7786316871643066,34.27548599243164,38.012542724609375,22.932544708251953,33.66390609741211,34.10867691040039,14.135575294494629,14.128188133239746,31.838268280029297,7.451728343963623,9.938884735107422,57.04658126831055,15.222764015197754,35.63362503051758,12.099559783935547,11.597535133361816,15.956891059875488,29.840978622436523,21.997812271118164,24.61261558532715,21.803163528442383,34.10755920410156,34.701358795166016,46.8546028137207,14.386683464050293,20.44737434387207,11.431259155273438,19.154394149780273,22.163043975830078,49.45888900756836,18.882572174072266,8.939059257507324,14.798038482666016,16.164047241210938,102.7884292602539,22.301380157470703,19.859779357910156,2.814748764038086,18.221073150634766,8.009993553161621,19.752355575561523,30.31169319152832,31.326171875,27.70697593688965,6.05155086517334,17.206296920776367,15.271588325500488,16.601024627685547,32.16547393798828
2009-05-21,14.692001342773438,3.7278990745544434,34.03411102294922,37.34632110595703,23.164859771728516,33.04070281982422,33.72163391113281,14.151829719543457,14.031994819641113,31.489675521850586,7.313638687133789,9.683714866638184,56.372215270996094,14.925379753112793,35.27888488769531,11.774298667907715,11.63782024383545,15.327445983886719,28.994966506958008,21.179128646850586,23.451269149780273,21.803163528442383,33.1205940246582,33.94683074951172,45.05120086669922,14.466839790344238,20.310321807861328,11.34777545928955,18.97144889831543,22.09284782409668,48.85926055908203,19.016433715820312,8.876822471618652,14.8819580078125,16.54734230041504,103.59649658203125,21.980375289916992,19.923614501953125,2.7731258869171143,17.9794979095459,8.227477073669434,19.294403076171875,28.926450729370117,30.669963836669922,27.383480072021484,6.004639625549316,16.771604537963867,15.268672943115234,16.0646915435791,30.162845611572266
2009-05-22,14.640118598937988,3.677464008331299,33.897945404052734,37.58661651611328,22.839616775512695,33.046939849853516,33.705928802490234,14.178918838500977,14.218365669250488,31.538606643676758,7.377749919891357,9.600785255432129,55.86234664916992,14.989677429199219,36.159427642822266,11.644197463989258,11.671001434326172,15.307357788085938,28.748849868774414,21.365501403808594,22.6396484375,21.87482452392578,32.852821350097656,33.8165168762207,44.57481384277344,14.673887252807617,20.234947204589844,11.141858100891113,18.230514526367188,21.914167404174805,48.835262298583984,18.425861358642578,8.612305641174316,14.801530838012695,16.064937591552734,102.98469543457031,22.266366958618164,20.022920608520508,2.736706256866455,17.8526668548584,8.231163024902344,19.173433303833008,29.01997947692871,30.599872589111328,27.57757568359375,6.004639625549316,17.62803077697754,15.338591575622559,16.283601760864258,30.402299880981445
2009-05-26,15.077469825744629,3.9260308742523193,34.20121765136719,38.12175369262695,24.253408432006836,33.51433181762695,34.34407424926758,14.390225410461426,14.19130802154541,31.361242294311523,7.407340049743652,9.875094413757324,57.57838439941406,15.327250480651855,37.27437210083008,12.027997970581055,11.84872817993164,15.936790466308594,29.692285537719727,21.7182674407959,23.094947814941406,22.096607208251953,33.786224365234375,34.52302932739258,45.56160354614258,14.88428020477295,20.46792984008789,11.075072288513184,18.724470138549805,22.2396183013916,49.92660903930664,19.347158432006836,8.542282104492188,14.850489616394043,16.950448989868164,107.28995513916016,23.34029769897461,20.58324432373047,2.809546709060669,18.565319061279297,8.34543514251709,19.454252243041992,29.890871047973633,31.217863082885742,28.343154907226562,6.105679512023926,17.530696868896484,15.326932907104492,16.42588996887207,31.048080444335938
2009-05-27,14.921805381774902,3.9941763877868652,33.55754089355469,37.29718780517578,23.00554656982422,32.267982482910156,33.773929595947266,14.428140640258789,14.016962051391602,30.584552764892578,7.229799270629883,9.862330436706543,56.43251037597656,15.262948036193848,36.62820053100586,11.852365493774414,11.687586784362793,15.622072219848633,28.73348045349121,21.3388729095459,23.12793731689453,21.66667938232422,33.33482360839844,34.125186920166016,44.200523376464844,14.824164390563965,19.864919662475586,10.863587379455566,18.596406936645508,21.486595153808594,49.03915023803711,18.50460433959961,8.48782730102539,14.490326881408691,15.912938117980957,105.74915313720703,21.992053985595703,20.292449951171875,2.778329610824585,18.196918487548828,8.135324478149414,19.212316513061523,29.078414916992188,30.57438850402832,27.566797256469727,6.011857509613037,17.323083877563477,14.849150657653809,15.984414100646973,31.048080444335938
2009-05-28,15.159011840820312,4.054816722869873,33.7494010925293,37.80503463745117,24.3264217376709,32.772743225097656,34.422523498535156,14.504002571105957,14.09812068939209,31.20224380493164,7.244594573974609,10.028193473815918,57.397457122802734,15.439774513244629,36.824581146240234,12.041008949279785,11.742091178894043,15.200223922729492,28.994966506958008,21.432056427001953,22.824405670166016,21.82705307006836,33.90863800048828,34.35152816772461,44.881065368652344,14.894295692443848,20.310321807861328,10.891414642333984,20.023378372192383,21.55679702758789,50.11399459838867,19.134550094604492,8.791241645812988,14.693130493164062,16.368915557861328,109.2536849975586,23.071813583374023,20.874042510986328,2.8927924633026123,18.2452335357666,8.304886817932129,19.70482063293457,28.645893096923828,30.831531524658203,27.798622131347656,6.134548187255859,17.64099884033203,14.919073104858398,16.08657455444336,30.366016387939453
2009-05-29,15.485172271728516,4.077031135559082,34.139320373535156,37.870574951171875,24.492359161376953,32.367679595947266,34.872352600097656,14.942853927612305,14.77747917175293,31.832138061523438,7.4911789894104,10.028193473815918,58.26922607421875,15.745195388793945,37.369407653808594,12.034502983093262,11.787115097045898,15.508245468139648,29.276958465576172,22.071020126342773,23.398483276367188,22.50264549255371,34.31412124633789,34.255516052246094,45.86784744262695,15.047918319702148,20.419963836669922,11.086201667785645,20.27950668334961,22.060930252075195,50.50047302246094,19.5676326751709,8.767902374267578,15.070778846740723,16.8513240814209,109.19326782226562,23.678817749023438,21.505306243896484,2.9916467666625977,17.9915771484375,8.404412269592285,19.804197311401367,29.890871047973633,30.612957000732422,27.976545333862305,6.16702938079834,17.855104446411133,14.910330772399902,16.225221633911133,31.541465759277344
2009-06-01,15.863222122192383,4.183303356170654,34.523048400878906,39.186622619628906,23.967994689941406,33.25259780883789,36.20092010498047,14.915770530700684,14.735392570495605,32.492645263671875,7.279119491577148,10.525774002075195,59.41508102416992,16.010421752929688,37.914188385009766,12.685019493103027,11.988544464111328,16.177852630615234,30.39985466003418,23.528669357299805,24.777585983276367,23.686635971069336,36.494632720947266,34.365257263183594,47.160831451416016,15.021196365356445,20.968151092529297,11.191946029663086,21.148494720458984,22.11199188232422,50.82050704956055,20.465301513671875,8.721219062805176,14.955385208129883,16.805065155029297,109.01200103759766,24.16908073425293,21.20032501220703,3.1893556118011475,18.806907653808594,8.625579833984375,20.694168090820312,30.72083854675293,31.223674774169922,28.83380126953125,6.203110218048096,18.41956329345703,14.907421112060547,16.79805564880371,34.073795318603516
2009-06-02,15.863222122192383,4.187505722045898,34.789188385009766,39.820068359375,22.89934730529785,33.47068786621094,36.27415084838867,15.007871627807617,14.927778244018555,33.86256790161133,7.387613773345947,10.328019142150879,58.57074737548828,16.356037139892578,38.24995803833008,12.756579399108887,11.832141876220703,16.4055233001709,30.743385314941406,23.422176361083984,24.711599349975586,23.9664306640625,37.642276763916016,34.79738235473633,46.9566764831543,15.077966690063477,21.4752197265625,11.353344917297363,21.459501266479492,22.36724090576172,50.947330474853516,19.457399368286133,8.876822471618652,15.067283630371094,16.1177921295166,108.10567474365234,24.484254837036133,21.342178344726562,3.335035800933838,19.096797943115234,8.496566772460938,20.70713233947754,30.72083854675293,31.037242889404297,29.054851531982422,6.177854061126709,18.40009880065918,15.324018478393555,16.648466110229492,33.66020584106445
2009-06-03,16.10784339904785,4.231337070465088,34.75824737548828,39.361366271972656,22.55420684814453,33.53300476074219,35.704010009765625,14.948273658752441,14.75643253326416,33.4617805480957,7.3432297706604,10.168540000915527,58.38434982299805,16.347997665405273,38.6363639831543,12.593949317932129,12.05726432800293,16.318477630615234,30.507516860961914,23.076068878173828,24.190303802490234,24.171159744262695,37.007232666015625,35.6136589050293,45.93589401245117,15.067951202392578,20.975000381469727,11.12515926361084,21.221677780151367,22.080081939697266,50.26495361328125,19.276281356811523,8.728875160217285,15.640739440917969,15.945980072021484,107.3654556274414,24.892803192138672,21.079742431640625,3.21536922454834,18.891454696655273,8.382295608520508,19.713476181030273,29.820730209350586,30.580806732177734,28.891294479370117,6.134548187255859,18.036767959594727,15.356070518493652,16.272653579711914,32.455726623535156
2009-06-04,16.181968688964844,4.315091133117676,34.56017303466797,39.85282897949219,23.463539123535156,33.24634552001953,36.50430679321289,14.602171897888184,14.95783805847168,33.80089569091797,7.219939231872559,10.289745330810547,58.29662322998047,16.565006256103516,38.476680755615234,12.79560661315918,12.054900169372559,16.452396392822266,30.686983108520508,23.615205764770508,25.087711334228516,24.334936141967773,38.6904182434082,34.98945617675781,46.78654479980469,14.94438648223877,20.79683494567871,11.119595527648926,21.102754592895508,21.939687728881836,51.02582550048828,19.882610321044922,9.242790222167969,15.707178115844727,16.58699607849121,112.89422607421875,24.962844848632812,22.129472732543945,3.309021234512329,18.68007469177246,8.474449157714844,19.860361099243164,29.809043884277344,30.972965240478516,28.70590591430664,6.123723030090332,18.41307258605957,15.140480041503906,16.41860008239746,33.68196105957031
2009-06-05,16.411762237548828,4.343011856079102,34.61587905883789,39.84737777709961,22.932544708251953,33.140419006347656,36.28461456298828,14.321996688842773,14.861644744873047,33.8379020690918,7.155825138092041,10.155781745910645,58.79554748535156,16.64537811279297,38.240360260009766,12.92570686340332,12.102293014526367,16.184547424316406,31.245868682861328,23.774940490722656,25.384653091430664,24.191625595092773,40.28179931640625,34.90715026855469,46.07198715209961,15.021196365356445,20.687198638916016,11.091773986816406,20.892372131347656,22.18856430053711,52.03425216674805,19.646381378173828,9.235005378723145,15.588289260864258,16.33587074279785,112.54679870605469,24.554290771484375,21.96633529663086,3.309021234512329,18.61967658996582,8.45970630645752,19.441293716430664,30.11297607421875,31.101531982421875,28.575056076049805,6.145374774932861,18.10814094543457,15.195839881896973,16.433191299438477,33.7182502746582
2009-06-08,16.345035552978516,4.318391799926758,34.43021011352539,39.95659637451172,23.490087509155273,33.1154899597168,36.394447326660156,14.245087623596191,14.843608856201172,33.3878059387207,7.057194232940674,10.155781745910645,58.9326057434082,16.773977279663086,37.50581359863281,12.92570686340332,12.040677070617676,16.445701599121094,31.117656707763672,23.74164581298828,25.450637817382812,24.18480682373047,40.419517517089844,34.92772674560547,46.140052795410156,14.937713623046875,21.091495513916016,10.997159957885742,19.45625114440918,21.76099967956543,51.841041564941406,20.197587966918945,9.390739440917969,15.556819915771484,16.77863883972168,112.04830932617188,24.828609466552734,22.264232635498047,3.3194262981414795,18.90353012084961,8.271711349487305,19.449934005737305,30.06035614013672,31.30723762512207,28.776790618896484,6.210327625274658,18.10814094543457,15.79598617553711,16.159549713134766,33.232093811035156
2009-06-09,16.367279052734375,4.284472942352295,34.47353744506836,39.92928695678711,23.403804779052734,32.66057586669922,36.71352767944336,14.129719734191895,14.75643253326416,32.97468566894531,6.968425273895264,10.47474479675293,59.28898620605469,16.87041664123535,37.73576736450195,13.062315940856934,11.99328327178955,16.45583724975586,30.938220977783203,23.774940490722656,25.23288345336914,23.94253921508789,40.05227279663086,34.811092376708984,46.17407989501953,14.810802459716797,21.11890411376953,10.824628829956055,18.66958236694336,21.639751434326172,50.72993087768555,21.205495834350586,9.390739440917969,15.588289260864258,16.957054138183594,112.77339172363281,26.077625274658203,21.973424911499023,3.256993293762207,18.788785934448242,8.231163024902344,19.678903579711914,30.323381423950195,31.075824737548828,28.66774559020996,6.2608489990234375,18.328733444213867,15.851325035095215,16.608322143554688,33.33368682861328
2009-06-10,16.71567726135254,4.210322380065918,34.44877624511719,40.32244873046875,23.12503433227539,32.45492935180664,36.72919845581055,14.058300018310547,14.552035331726074,32.900691986083984,6.928971290588379,10.500258445739746,59.40411376953125,16.669496536254883,37.27587127685547,12.97774887084961,11.862948417663574,16.482872009277344,30.999744415283203,23.695068359375,24.823760986328125,24.007375717163086,40.014034271240234,34.37211608886719,45.59561538696289,14.7440185546875,20.88592529296875,10.80237102508545,18.724470138549805,21.639751434326172,50.0777702331543,21.016504287719727,9.32844352722168,15.483388900756836,16.461435317993164,110.78694152832031,25.62821388244629,20.75347137451172,3.220571517944336,18.716306686401367,8.087400436401367,19.769638061523438,30.188955307006836,30.79296112060547,28.618669509887695,6.159808158874512,18.68557357788086,15.886292457580566,16.50981330871582,33.16680145263672
2009-06-11,16.923236846923828,4.2013163566589355,34.69015121459961,40.4371337890625,23.191410064697266,32.41129684448242,37.60796356201172,14.387923240661621,14.727869987487793,32.66023254394531,7.2150068283081055,10.430088996887207,59.97978210449219,16.830238342285156,36.83515930175781,13.075326919555664,11.687586784362793,16.37474250793457,31.0612735748291,23.821531295776367,24.817169189453125,23.97325897216797,38.75929260253906,34.2143440246582,45.79978942871094,14.880940437316895,20.74201202392578,11.13072681427002,19.117801666259766,21.939687728881836,49.64901351928711,20.181827545166016,10.09932804107666,15.451915740966797,16.534133911132812,109.63134765625,25.469724655151367,20.916601181030273,3.1113121509552,18.68007469177246,8.054230690002441,19.678903579711914,30.26494598388672,30.96652603149414,28.580503463745117,6.196583271026611,18.795873641967773,15.938736915588379,16.58278465270996,32.709686279296875
2009-06-12,17.29387664794922,4.111856460571289,34.696346282958984,40.289710998535156,23.31751823425293,32.747825622558594,38.01071548461914,14.327491760253906,14.821845054626465,33.07949447631836,7.279119491577148,10.404568672180176,59.32734680175781,16.757904052734375,37.27587127685547,12.951727867126465,11.810813903808594,16.32068634033203,31.276615142822266,23.5685977935791,24.896358489990234,24.355396270751953,39.35604476928711,34.571048736572266,45.969913482666016,15.168137550354004,20.79683494567871,11.024983406066895,19.10865020751953,21.882259368896484,49.981143951416016,19.811742782592773,10.683327674865723,15.71417236328125,16.838106155395508,110.00145721435547,25.3347110748291,21.065555572509766,3.1789495944976807,18.8310604095459,8.006309509277344,19.16912078857422,29.534324645996094,31.320100784301758,28.749523162841797,6.119355201721191,18.627180099487305,15.999907493591309,16.46603012084961,32.48473358154297
2009-06-15,17.360584259033203,4.085437297821045,33.88556671142578,39.76000213623047,22.567480087280273,31.9875431060791,37.179046630859375,13.712198257446289,14.585383415222168,32.604732513427734,6.968425273895264,10.194055557250977,59.0038948059082,16.251543045043945,36.905426025390625,12.593949317932129,11.483785629272461,16.117937088012695,30.410110473632812,22.576868057250977,23.83399200439453,23.87088966369629,37.8870849609375,33.91254425048828,44.74494171142578,14.937713623046875,20.54330062866211,10.807937622070312,18.66044044494629,21.033504486083984,49.55845642089844,19.86686897277832,10.37964916229248,15.361008644104004,16.329267501831055,108.0150146484375,24.636186599731445,20.143491744995117,3.0852975845336914,18.402254104614258,7.847804069519043,18.620437622070312,28.640052795410156,30.69009780883789,28.0352783203125,6.086258888244629,18.101652145385742,15.743541717529297,16.04644012451172,31.27300453186035
2009-06-16,17.38282585144043,4.093245029449463,33.80509948730469,39.11561965942383,22.235595703125,31.221027374267578,36.55137634277344,13.421034812927246,14.500494956970215,32.27177810668945,6.983219146728516,10.117505073547363,58.839412689208984,15.825567245483398,36.45193099975586,12.411802291870117,11.434024810791016,15.678662300109863,29.948631286621094,22.071020126342773,23.46446418762207,23.406841278076172,37.35918426513672,35.12662124633789,43.4859619140625,14.937713623046875,20.570701599121094,10.785674095153809,19.703224182128906,21.046268463134766,49.40143966674805,19.441650390625,9.91245174407959,15.441431999206543,16.124408721923828,108.88363647460938,24.19007682800293,19.930713653564453,2.950024127960205,18.35394287109375,7.873608112335205,18.69388198852539,28.31273651123047,30.11795997619629,27.729961395263672,5.979609966278076,17.589096069335938,15.621176719665527,15.714423179626465,30.19913101196289
2009-06-17,17.553314208984375,4.070127010345459,34.164085388183594,39.000938415527344,21.724519729614258,31.164958953857422,36.002166748046875,13.607823371887207,14.53080940246582,32.66023254394531,7.190349102020264,10.296123504638672,58.663944244384766,16.02649688720703,36.643550872802734,12.489863395690918,11.507484436035156,15.982776641845703,30.271657943725586,21.818098068237305,22.962980270385742,23.720752716064453,37.14495086669922,36.224124908447266,41.682552337646484,15.335114479064941,21.14630889892578,11.086201667785645,19.97764015197754,21.333436965942383,49.54637145996094,18.858959197998047,9.577621459960938,15.920479774475098,15.258716583251953,105.53765106201172,23.96114730834961,19.490955352783203,2.970834493637085,18.541160583496094,7.825686454772949,18.374177932739258,28.125694274902344,30.285106658935547,27.789936065673828,5.964900493621826,17.238739013671875,15.900861740112305,15.776448249816895,29.712987899780273
2009-06-18,17.419883728027344,4.079132556915283,34.52924346923828,39.011878967285156,22.680320739746094,31.88782501220703,35.79294204711914,14.091262817382812,15.02193832397461,33.59743118286133,7.358026027679443,10.123881340026855,58.29662322998047,16.27565574645996,37.148136138916016,12.353252410888672,11.535924911499023,15.780029296875,30.410110473632812,21.951215744018555,22.48787498474121,24.160917282104492,37.45863723754883,36.375038146972656,41.06504440307617,15.916189193725586,21.27650260925293,11.375601768493652,21.642446517944336,21.601465225219727,50.4159049987793,18.977069854736328,10.044821739196777,16.259654998779297,15.661825180053711,108.075439453125,24.219423294067383,19.881065368652344,2.955225944519043,19.157184600830078,7.895723342895508,18.495147705078125,28.23090171813965,30.45223045349121,27.986228942871094,6.023742198944092,17.686416625976562,16.160139083862305,15.666993141174316,29.371959686279297
2009-06-19,17.842405319213867,4.187204837799072,34.71491241455078,38.79890441894531,23.231224060058594,31.557558059692383,35.59940719604492,14.234105110168457,14.797593116760254,33.239810943603516,7.397476673126221,10.213193893432617,58.05537033081055,16.605199813842773,37.15452575683594,12.307720184326172,11.415069580078125,15.894922256469727,30.440868377685547,21.838069915771484,22.20414161682129,24.079023361206055,37.06079864501953,35.9017333984375,41.51103591918945,15.889474868774414,21.76987075805664,11.453518867492676,23.087717056274414,21.512121200561523,49.848289489746094,19.402273178100586,10.293997764587402,16.44148063659668,15.985635757446289,108.10567474365234,24.818164825439453,20.051284790039062,2.9760379791259766,18.982046127319336,7.910467147827148,18.564268112182617,28.137401580810547,30.285106658935547,27.626361846923828,6.034771919250488,17.699392318725586,15.941650390625,15.623211860656738,29.06720542907715
2009-06-22,17.256820678710938,4.1238627433776855,34.343544006347656,37.59207534790039,21.81743812561035,31.507694244384766,34.3963623046875,13.833057403564453,14.548995018005371,32.9808464050293,7.293914794921875,10.002679824829102,57.30427169799805,16.050615310668945,36.53495788574219,11.975957870483398,11.514594078063965,15.712457656860352,29.466672897338867,21.019399642944336,21.352930068969727,24.072195053100586,35.882564544677734,34.9757194519043,39.521236419677734,15.5989351272583,21.331321716308594,11.297688484191895,21.880281448364258,21.199434280395508,49.202178955078125,18.291996002197266,9.29730224609375,16.19671630859375,14.87542724609375,103.48323059082031,22.974998474121094,18.8880672454834,2.7991409301757812,17.900976181030273,8.028422355651855,17.466915130615234,27.3775577545166,29.982954025268555,27.83901023864746,6.01270866394043,17.35552406311035,16.10478973388672,15.199975967407227,28.247299194335938
2009-06-23,17.301284790039062,4.022994518280029,34.04647445678711,37.65214157104492,22.28206443786621,31.501487731933594,34.50098419189453,13.79460620880127,14.491394996643066,32.68489456176758,7.264321327209473,10.085606575012207,57.26040267944336,15.970239639282227,36.253929138183594,12.08004093170166,11.457721710205078,15.462408065795898,29.25646209716797,20.91954803466797,21.775239944458008,24.007375717163086,33.56434631347656,35.0786247253418,39.79570770263672,15.649027824401855,21.18056869506836,11.214205741882324,21.843687057495117,21.41640281677246,49.1236686706543,18.417985916137695,9.523113250732422,16.31560707092285,15.139758110046387,106.64038848876953,23.767438888549805,19.646995544433594,2.8771824836730957,17.90702247619629,8.0210542678833,17.821184158325195,27.587961196899414,29.09580421447754,27.871707916259766,5.979609966278076,16.875411987304688,16.00865364074707,15.145238876342773,28.479476928710938
2009-06-24,17.397647857666016,4.089341640472412,34.32498550415039,37.37910079956055,22.209054946899414,31.501487731933594,34.37545394897461,13.98139476776123,14.400444030761719,32.709556579589844,7.259390354156494,10.27060604095459,57.10142135620117,17.087425231933594,35.960105895996094,12.106060028076172,11.495636940002441,15.327241897583008,29.4718074798584,20.659975051879883,22.0391845703125,23.949378967285156,31.613378524780273,34.98945617675781,40.138763427734375,15.692438125610352,21.290212631225586,11.236466407775879,21.688180923461914,21.448301315307617,48.018619537353516,18.055767059326172,9.616554260253906,16.27014923095703,15.311570167541504,107.74308013916016,24.00811195373535,19.61153221130371,2.9292120933532715,18.1184024810791,8.054230690002441,18.015592575073242,27.84514045715332,28.85795021057129,28.22611427307129,5.961221694946289,17.193328857421875,16.046518325805664,15.677933692932129,29.016416549682617
2009-06-25,17.634849548339844,4.19861364364624,34.82630157470703,38.15998458862305,22.660409927368164,32.205657958984375,34.97697830200195,14.596680641174316,14.506552696228027,33.28913497924805,7.5602192878723145,10.404568672180176,58.14858627319336,17.384815216064453,36.7010383605957,12.379277229309082,11.647300720214844,15.92870807647705,30.199872970581055,21.199098587036133,22.7584228515625,24.37587547302246,32.539127349853516,35.6136589050293,40.68767547607422,16.036413192749023,21.379283905029297,11.626045227050781,22.84988784790039,22.545930862426758,48.99082946777344,19.24479103088379,9.616554260253906,16.742198944091797,15.727906227111816,109.08753967285156,24.465961456298828,19.767580032348633,2.955225944519043,18.1184024810791,8.234846115112305,18.041515350341797,28.856325149536133,29.815824508666992,28.76043701171875,6.082582950592041,17.504749298095703,16.299991607666016,15.995363235473633,30.55467414855957
2009-06-26,17.308691024780273,4.276063919067383,35.03055191040039,37.706756591796875,22.866159439086914,32.24929428100586,34.49574661254883,14.832908630371094,14.591442108154297,33.72690963745117,7.4911789894104,10.391810417175293,57.94023513793945,17.071352005004883,36.40721130371094,12.301217079162598,11.52407169342041,15.955745697021484,30.384462356567383,21.145849227905273,22.80462074279785,24.485063552856445,32.04182434082031,36.21727752685547,40.310302734375,15.839385032653809,21.48892593383789,11.66500186920166,22.56632423400879,22.51402473449707,48.894222259521484,18.70934295654297,9.928023338317871,16.61631965637207,15.774166107177734,110.83228302001953,24.57748031616211,20.29953384399414,2.918807029724121,17.99761962890625,8.249590873718262,17.981033325195312,29.142711639404297,29.54580307006836,28.54234504699707,6.0605149269104,17.316593170166016,16.10478973388672,15.896851539611816,30.518146514892578
2009-06-29,17.686748504638672,4.261956214904785,35.25336456298828,38.54225540161133,22.96573257446289,32.548397064208984,34.982200622558594,15.299873352050781,14.639946937561035,33.81322479248047,7.52570104598999,10.449225425720215,58.022491455078125,17.28033447265625,36.55413818359375,12.353252410888672,11.55488109588623,16.131452560424805,30.743385314941406,21.41874885559082,22.923383712768555,24.478239059448242,32.630943298339844,36.4299201965332,40.3445930480957,15.96961784362793,22.016550064086914,11.447952270507812,22.1821346282959,22.354488372802734,49.54032897949219,18.8983211517334,10.270635604858398,16.563867568969727,16.210315704345703,112.8111572265625,24.571619033813477,20.639986038208008,3.0072555541992188,18.05196762084961,8.194304466247559,18.235931396484375,29.411577224731445,29.982954025268555,29.016685485839844,6.067872524261475,17.679927825927734,16.2679386138916,16.00265884399414,30.78841209411621
2009-06-30,17.620031356811523,4.2757649421691895,35.15435028076172,38.17637252807617,22.640499114990234,31.844213485717773,34.652671813964844,15.360307693481445,14.548995018005371,33.8872184753418,7.397476673126221,10.557670593261719,57.24944305419922,17.21603012084961,36.7202033996582,12.132081985473633,11.479046821594238,15.969258308410645,30.815162658691406,20.89958953857422,21.8016300201416,24.137027740478516,32.51619338989258,36.31330108642578,40.2073860168457,15.709137916564941,21.83839225769043,11.303252220153809,22.03577995300293,22.105600357055664,48.70097732543945,18.438156127929688,10.27841854095459,16.3785457611084,16.031883239746094,111.36101531982422,24.460079193115234,20.221515655517578,3.158137798309326,17.756032943725586,8.127950668334961,18.17112922668457,29.21868896484375,29.365816116333008,28.585960388183594,6.027420520782471,17.368497848510742,16.320377349853516,16.01725196838379,29.181428909301758
2009-07-01,17.820173263549805,4.2877726554870605,35.321449279785156,38.53132629394531,22.44773292541504,32.40507125854492,34.793907165527344,15.40974235534668,14.909764289855957,34.84909439086914,7.3481621742248535,10.870256423950195,57.4797248840332,17.473224639892578,37.186458587646484,12.229657173156738,11.462457656860352,16.023324966430664,31.143308639526367,21.20575523376465,21.900609970092773,24.614721298217773,32.30961990356445,36.18983840942383,40.4132080078125,15.575552940368652,21.756166458129883,11.438894271850586,22.474851608276367,22.3098201751709,48.6949348449707,18.247751235961914,10.161624908447266,16.375045776367188,15.95258617401123,111.27039337158203,24.24877166748047,20.11512565612793,3.074892282485962,17.71979331970215,8.194304466247559,18.17112922668457,29.721349716186523,29.62938117980957,29.327465057373047,6.134066581726074,17.874568939208984,16.949655532836914,15.97346305847168,29.488218307495117
2009-07-02,17.323522567749023,4.20341682434082,34.646812438964844,37.40093994140625,21.450639724731445,31.85045051574707,33.695472717285156,14.83840274810791,14.818817138671875,34.7442741394043,7.141034126281738,10.666120529174805,55.77462387084961,16.91061019897461,36.69464111328125,12.034502983093262,11.325017929077148,15.415108680725098,30.8920841217041,20.500221252441406,20.943824768066406,24.594247817993164,31.238496780395508,35.304988861083984,39.31541061401367,15.455337524414062,21.290212631225586,11.17326831817627,21.642446517944336,21.63337516784668,48.018619537353516,17.6685791015625,9.842366218566895,16.049856185913086,15.252098083496094,108.37757110595703,23.18630599975586,19.143409729003906,3.064485788345337,17.333269119262695,7.836747169494629,17.695894241333008,28.40625,28.56867027282715,28.858562469482422,5.994318962097168,17.219270706176758,17.042877197265625,15.378754615783691,28.144187927246094
2009-07-06,17.197507858276367,4.1610894203186035,35.042938232421875,37.18796920776367,21.669998168945312,32.511024475097656,33.54901123046875,15.321845054626465,14.855195045471191,35.22520446777344,7.185417652130127,10.551291465759277,55.73077392578125,16.613229751586914,37.03955841064453,12.054020881652832,11.310797691345215,15.462408065795898,31.107410430908203,20.180747985839844,20.917430877685547,25.3790283203125,31.03191375732422,35.702816009521484,39.38400650024414,15.361831665039062,21.413551330566406,11.13370418548584,21.468650817871094,21.42278289794922,48.610408782958984,18.660308837890625,9.460821151733398,15.997405052185059,15.265317916870117,110.62078857421875,23.42697525024414,19.04410743713379,2.9916467666625977,17.822467803955078,7.958385944366455,17.639732360839844,28.721879959106445,28.812959671020508,29.038494110107422,6.112001895904541,17.35552406311035,17.596406936645508,15.696174621582031,27.771669387817383
2009-07-07,16.700857162475586,4.064723014831543,34.80155563354492,36.34699249267578,21.809587478637695,32.34897994995117,32.795814514160156,15.173521041870117,14.746054649353027,34.528465270996094,7.1952805519104,10.366292953491211,54.930301666259766,16.219396591186523,36.27947998046875,11.865370750427246,11.336861610412598,15.138017654418945,30.128093719482422,19.50849151611328,19.987030029296875,24.94910430908203,29.868976593017578,35.826297760009766,37.7716064453125,15.141414642333984,21.022964477539062,11.122400283813477,23.087717056274414,21.371726989746094,47.10074996948242,17.954195022583008,9.460821151733398,15.801591873168945,15.417304039001465,107.66002655029297,22.36451530456543,18.547611236572266,2.8771824836730957,17.429901123046875,7.858860969543457,17.276824951171875,27.891897201538086,27.790815353393555,28.814945220947266,6.01270866394043,17.666948318481445,17.44782257080078,15.185379028320312,26.28154182434082
2009-07-08,16.72309112548828,4.119360446929932,35.327640533447266,36.18318176269531,21.74311065673828,32.80390167236328,32.8376579284668,15.404250144958496,14.706640243530273,33.819393157958984,7.205141067504883,10.168540000915527,55.19894790649414,16.53285026550293,36.43275833129883,11.793814659118652,11.462457656860352,15.313735008239746,30.261415481567383,19.62164306640625,20.17838478088379,25.0241756439209,30.259166717529297,40.813026428222656,36.742401123046875,15.46535587310791,21.34502410888672,11.122400283813477,22.07236671447754,21.327064514160156,47.342288970947266,18.025598526000977,9.219432830810547,15.707178115844727,15.139758110046387,104.64636993408203,21.894926071166992,18.086589813232422,2.783531427383423,17.97345542907715,8.050541877746582,17.039207458496094,27.98542594909668,28.035093307495117,28.645923614501953,6.031098365783691,17.219270706176758,17.28339385986328,15.258355140686035,26.17928123474121
2009-07-09,16.63413429260254,4.093543529510498,35.08625793457031,36.02482604980469,22.34801483154297,32.66057586669922,32.994571685791016,14.83840274810791,14.767280578613281,33.714576721191406,7.047329425811768,10.219571113586426,55.96651840209961,16.331918716430664,36.260311126708984,11.81983757019043,11.39373779296875,15.327241897583008,30.297304153442383,19.748109817504883,20.224580764770508,24.92863655090332,30.067901611328125,39.873287200927734,37.25701141357422,15.338456153869629,21.28335189819336,11.020670890808105,22.017480850219727,21.05903434753418,47.26983642578125,18.089065551757812,9.320662498474121,15.633748054504395,15.38427448272705,108.16606903076172,22.065153121948242,18.356121063232422,2.9292120933532715,17.74395179748535,7.899406909942627,17.415077209472656,28.06724739074707,27.874380111694336,28.42784309387207,6.01270866394043,17.537193298339844,17.23053741455078,15.364166259765625,26.055112838745117
2009-07-10,16.59708023071289,4.15838623046875,35.23479080200195,35.560665130615234,21.497167587280273,32.542171478271484,32.11583709716797,14.530753135681152,14.646007537841797,33.73307800292969,7.002943992614746,10.232330322265625,55.28117370605469,16.468555450439453,36.43914031982422,11.930423736572266,11.272881507873535,15.219114303588867,30.656221389770508,19.987714767456055,20.145395278930664,24.304216384887695,30.33568572998047,39.653804779052734,36.9825553894043,15.164796829223633,21.173721313476562,10.947199821472168,21.935165405273438,21.263242721557617,47.046409606933594,18.42229461669922,9.250578880310059,15.539332389831543,15.113327980041504,107.15400695800781,22.0181884765625,18.398672103881836,2.9760379791259766,17.41782569885254,7.984192848205566,17.160179138183594,28.388717651367188,27.816524505615234,28.324249267578125,6.05683708190918,17.2971248626709,17.1395206451416,15.30213451385498,25.792156219482422
2009-07-13,17.219745635986328,4.273064136505127,35.7237434387207,35.877376556396484,23.072559356689453,33.01579284667969,32.659820556640625,14.734028816223145,14.870357513427734,34.32498550415039,7.279119491577148,10.51939582824707,56.81083679199219,16.69414710998535,36.579673767089844,12.08004093170166,11.334494590759277,15.617846488952637,31.01512336730957,20.506879806518555,20.983413696289062,24.85356330871582,30.940093994140625,39.79099655151367,39.31541061401367,15.54888916015625,21.708192825317383,11.009367942810059,22.575471878051758,21.014366149902344,48.30846405029297,19.453693389892578,10.114901542663574,15.836554527282715,16.38874053955078,112.87157440185547,23.24500274658203,19.79594612121582,2.9604289531707764,17.707717895507812,7.976821422576904,17.54900360107422,28.88553237915039,28.45294952392578,28.973060607910156,6.126710414886475,17.56963348388672,17.350929260253906,15.896851539611816,26.72712516784668
2009-07-14,17.130783081054688,4.270960330963135,36.03937530517578,36.16133117675781,23.065921783447266,33.364768981933594,32.95273971557617,14.920808792114258,14.943117141723633,34.583953857421875,7.3481621742248535,10.736288070678711,56.607967376708984,16.621633529663086,36.7010383605957,12.184127807617188,11.405587196350098,16.003049850463867,31.086910247802734,20.753162384033203,21.069190979003906,25.0241756439209,30.917156219482422,39.852718353271484,39.93293380737305,15.663442611694336,21.495771408081055,11.003717422485352,22.51144027709961,21.001605987548828,49.027069091796875,19.406084060668945,10.052605628967285,15.70368480682373,16.124408721923828,113.03776550292969,23.74982452392578,19.77466583251953,3.0384726524353027,17.756032943725586,7.991563320159912,17.518766403198242,28.979061126708984,29.07009506225586,28.94035530090332,6.119355201721191,17.686416625976562,17.38616371154785,16.101167678833008,26.938961029052734
2009-07-15,17.879470825195312,4.409356117248535,36.49119186401367,37.37363052368164,24.102872848510742,34.05647659301758,33.773929595947266,15.222956657409668,15.31904411315918,35.317684173583984,7.407340049743652,11.514558792114258,58.78457260131836,17.330650329589844,36.45832443237305,12.886674880981445,11.505111694335938,16.273372650146484,31.78935432434082,21.571828842163086,22.329524993896484,24.942277908325195,31.643985748291016,39.6949577331543,41.991329193115234,15.25576114654541,21.756166458129883,11.224130630493164,22.429115295410156,21.371726989746094,49.063297271728516,21.595813751220703,10.449731826782227,16.021881103515625,16.719167709350586,117.26741027832031,24.583362579345703,20.427204132080078,3.147732734680176,18.112361907958984,8.072659492492676,17.989683151245117,29.534324645996094,29.584381103515625,29.420154571533203,6.196583271026611,18.127601623535156,17.538856506347656,16.81993865966797,28.246456146240234
2009-07-16,18.116683959960938,4.428566932678223,36.67068099975586,37.38456344604492,24.01647186279297,34.40547180175781,33.94131851196289,15.310853958129883,15.397869110107422,35.305355072021484,7.432000637054443,11.801626205444336,60.65962219238281,17.43539810180664,36.54774475097656,13.088335037231445,11.495636940002441,16.48963165283203,32.507171630859375,21.851375579833984,22.817264556884766,25.0924072265625,32.17190170288086,40.10652160644531,42.540225982666016,15.141209602355957,21.97543716430664,11.376723289489746,22.639501571655273,21.544029235839844,49.81208419799805,22.436796188354492,10.255062103271484,16.3890380859375,16.553945541381836,118.46080017089844,24.471839904785156,20.256977081298828,3.1893556118011475,17.75,8.102148056030273,18.3050594329834,30.937103271484375,30.2786865234375,29.649145126342773,6.248068809509277,18.47146224975586,17.494813919067383,17.976543426513672,28.48748779296875
2009-07-17,18.00548553466797,4.555552959442139,36.65830612182617,37.41732406616211,24.521665573120117,34.84790802001953,34.06161880493164,15.206476211547852,15.255379676818848,34.93540573120117,7.377749919891357,11.986625671386719,63.28034591674805,17.515968322753906,36.943748474121094,13.342039108276367,11.490897178649902,16.67210578918457,32.26106643676758,21.585140228271484,22.710365295410156,25.085582733154297,31.643985748291016,40.32600021362305,39.96723937988281,14.982861518859863,22.434545516967773,11.303253173828125,22.749267578125,21.397253036499023,48.96666717529297,22.238454818725586,10.037035942077637,16.724714279174805,16.520912170410156,118.46080017089844,24.465961456298828,19.852684020996094,3.194556713104248,18.009695053100586,7.984192848205566,18.309375762939453,30.49289321899414,30.17581558227539,29.69822120666504,6.376781463623047,18.575275421142578,17.26871109008789,18.082355499267578,28.034629821777344
2009-07-20,18.183399200439453,4.590373516082764,36.55308532714844,37.646690368652344,24.58148956298828,34.62356948852539,34.33361053466797,15.349311828613281,15.470625877380371,34.57777404785156,7.52570104598999,12.056803703308105,63.839569091796875,17.330650329589844,37.22478485107422,13.758366584777832,11.569100379943848,16.759950637817383,32.732784271240234,22.210800170898438,24.487632751464844,25.054880142211914,32.28664779663086,39.969322204589844,40.03584289550781,15.164794921875,22.571596145629883,11.235427856445312,22.840744018554688,21.518505096435547,49.58259963989258,22.920759201049805,9.530900955200195,16.773670196533203,16.86454200744629,120.87016296386719,25.317110061645508,20.10093879699707,3.220571517944336,18.16067886352539,7.928898334503174,18.659317016601562,30.83188819885254,30.593679428100586,29.894479751586914,6.351039886474609,18.808847427368164,17.251087188720703,18.407072067260742,29.064556121826172
2009-07-21,18.405786514282227,4.548347473144531,36.8192138671875,38.482177734375,24.554893493652344,34.5799560546875,34.652671813964844,16.288726806640625,15.264473915100098,34.77509307861328,7.742695331573486,12.056803703308105,64.16851043701172,17.669048309326172,37.4483642578125,14.04458999633789,11.578577041625977,16.530174255371094,32.91735076904297,22.23741912841797,26.365127563476562,25.181133270263672,32.91402816772461,40.216270446777344,39.34971618652344,15.161423683166504,22.561983108520508,11.365418434143066,22.52973175048828,21.984363555908203,45.3676872253418,23.309520721435547,9.491969108581543,16.976478576660156,16.7522029876709,120.69640350341797,25.39927864074707,19.547698974609375,3.225775957107544,18.09424591064453,7.932582855224609,18.793245315551758,30.563026428222656,30.285106658935547,29.60007095336914,6.373103618621826,18.984031677246094,17.183557510375977,18.399770736694336,29.612382888793945
2009-07-22,18.3835391998291,4.705352783203125,36.63353729248047,38.22005844116211,24.48178482055664,34.46687698364258,34.49052429199219,16.178855895996094,14.894609451293945,34.46063995361328,7.826532363891602,12.209903717041016,63.362552642822266,17.52402114868164,37.56968688964844,13.953523635864258,11.65203857421875,16.739673614501953,33.1583366394043,22.217449188232422,25.830617904663086,25.20859146118164,32.133636474609375,40.03791427612305,39.89863204956055,14.898634910583496,22.733675003051758,11.467151641845703,22.3284969329834,21.563173294067383,46.04401779174805,22.817615509033203,9.523113250732422,16.73520851135254,16.157445907592773,121.1949691772461,25.64581298828125,19.53351593017578,3.3194262981414795,17.99761962890625,7.888351917266846,18.6463565826416,30.56887435913086,30.29795265197754,29.69276237487793,6.362069129943848,19.120269775390625,17.251087188720703,18.516525268554688,29.342124938964844
2009-07-23,18.946910858154297,4.737775802612305,37.271018981933594,39.10470199584961,25.359220504760742,34.6490478515625,35.51047897338867,16.61835479736328,14.909764289855957,34.83675003051758,7.964615821838379,12.426795959472656,64.17945098876953,17.886587142944336,35.82600021362305,14.246249198913574,11.55488109588623,17.084331512451172,35.59894943237305,22.77655792236328,27.567785263061523,25.599895477294922,32.09538650512695,41.046234130859375,40.99644088745117,14.770591735839844,23.008419036865234,11.789295196533203,23.160898208618164,21.875869750976562,45.50054931640625,23.36505126953125,9.881300926208496,16.90304946899414,16.031883239746094,124.96387481689453,27.154399871826172,20.2427921295166,3.631599187850952,17.961374282836914,7.733535289764404,19.00493812561035,31.27610969543457,29.73867416381836,31.5137996673584,6.402521133422852,19.937776565551758,17.371482849121094,19.144088745117188,30.751903533935547
2009-07-24,17.38282585144043,4.802918434143066,38.06943130493164,39.476043701171875,25.206321716308594,35.07618713378906,35.79294204711914,17.024879455566406,14.964341163635254,34.7812614440918,8.127358436584473,12.35024356842041,64.49744415283203,17.991329193115234,35.81959533691406,14.23323917388916,11.597535133361816,17.111371994018555,35.59381866455078,22.623458862304688,28.062223434448242,25.778385162353516,32.41672134399414,41.78705596923828,41.270877838134766,15.164794921875,23.612817764282227,12.094483375549316,23.965858459472656,22.13113784790039,44.733638763427734,23.41265869140625,9.741142272949219,16.93452262878418,15.5098295211792,124.41254425048828,26.67892837524414,20.037099838256836,3.527541160583496,18.37206268310547,7.873608112335205,19.41968536376953,31.211816787719727,28.215085983276367,31.63374900817871,6.376781463623047,19.71717071533203,17.347993850708008,19.17692756652832,30.941829681396484
2009-07-27,17.130783081054688,4.806220054626465,37.92087936401367,39.727230072021484,25.345924377441406,35.03850173950195,36.012630462646484,16.90401840209961,15.012842178344727,34.738101959228516,8.196406364440918,12.420412063598633,64.49198913574219,17.709335327148438,35.74933624267578,14.207219123840332,11.604646682739258,17.00323486328125,35.84505844116211,22.789857864379883,28.636850357055664,25.778385162353516,32.317264556884766,41.68415832519531,42.26576232910156,15.171531677246094,23.38615608215332,12.083179473876953,24.185386657714844,22.431060791015625,45.0174674987793,22.516138076782227,10.192765235900879,17.116352081298828,16.005447387695312,123.77050018310547,27.248319625854492,19.895240783691406,3.7824814319610596,18.341869354248047,7.818314552307129,19.549304962158203,31.679405212402344,27.906522750854492,31.922712326049805,6.409881114959717,20.72281837463379,17.312753677368164,19.26813316345215,31.20477294921875
2009-07-28,17.397647857666016,4.803219318389893,37.70427703857422,39.257606506347656,25.31267738342285,34.994537353515625,35.74586868286133,16.492002487182617,14.973431587219238,34.50996780395508,7.90543794631958,12.3566255569458,64.3000717163086,17.918811798095703,36.06870651245117,14.265768051147461,11.592795372009277,17.15867805480957,35.82966995239258,22.72995948791504,28.66356658935547,25.87106704711914,33.090003967285156,42.815956115722656,42.9519157409668,15.306305885314941,23.406766891479492,11.970146179199219,26.042287826538086,22.38001251220703,45.33146286010742,21.960771560668945,10.387439727783203,17.389089584350586,16.20370864868164,121.25534057617188,26.990039825439453,19.455495834350586,3.714843988418579,18.269392013549805,7.766708850860596,19.39808464050293,31.258569717407227,28.182950973510742,32.07538604736328,6.4650421142578125,20.190807342529297,17.347993850708008,19.17327117919922,30.78111457824707
2009-07-29,17.642263412475586,4.804116725921631,37.852813720703125,39.00640106201172,25.10661506652832,35.2520866394043,35.107730865478516,16.409597396850586,14.940079689025879,34.73194122314453,7.767354488372803,12.37575626373291,64.28911590576172,17.733503341674805,36.03037643432617,14.129161834716797,11.69943904876709,17.15867805480957,35.23490905761719,22.656742095947266,27.94864273071289,26.035831451416016,33.18181228637695,43.371559143066406,42.0599365234375,15.393905639648438,23.296873092651367,12.201863288879395,24.313453674316406,22.271528244018555,45.11406707763672,22.016300201416016,10.527595520019531,17.41706657409668,16.111190795898438,120.42459869384766,27.160259246826172,19.299161911010742,3.7044379711151123,18.571365356445312,7.763021469116211,18.71262550354004,30.942943572998047,28.9029598236084,31.93906593322754,6.505496025085449,19.937776565551758,17.347993850708008,18.928817749023438,30.079883575439453
2009-07-30,17.64967918395996,4.886974811553955,38.24272155761719,38.61872100830078,25.571924209594727,35.3211784362793,35.4111213684082,16.44805145263672,15.058317184448242,34.898414611816406,7.861052513122559,12.331110000610352,64.61809539794922,17.8382511138916,35.506629943847656,14.298297882080078,11.843988418579102,17.469541549682617,35.839927673339844,22.969572067260742,29.004310607910156,24.65595245361328,33.08234405517578,43.28924560546875,44.975990295410156,15.397273063659668,23.07022476196289,12.184910774230957,25.3928279876709,22.36724090576172,45.07782745361328,22.397127151489258,10.877998352050781,17.33664321899414,16.43500328063965,122.67528533935547,27.43614387512207,20.151857376098633,3.844916820526123,18.728384017944336,7.847804069519043,18.856704711914062,31.340394973754883,29.21152687072754,31.82457160949707,6.501816749572754,19.60687828063965,17.39791488647461,19.851913452148438,31.3143253326416
2009-07-31,17.434715270996094,4.904988765716553,37.685699462890625,38.43848419189453,25.69158363342285,34.8689079284668,36.3369255065918,16.48650360107422,15.10986328125,34.99089813232422,7.85612154006958,12.280077934265137,64.65643310546875,17.83019256591797,35.168113708496094,14.31781005859375,11.820290565490723,17.53036880493164,36.157814025878906,23.096033096313477,29.438617706298828,24.865339279174805,32.829872131347656,42.740501403808594,45.970890045166016,15.15805721282959,22.99466896057129,12.286637306213379,25.978254318237305,22.265140533447266,45.144283294677734,22.476463317871094,11.516508102416992,17.109359741210938,16.164047241210938,123.34002685546875,27.418537139892578,20.25132942199707,4.162290573120117,18.752546310424805,7.880980491638184,19.083730697631836,31.404699325561523,28.65866470336914,31.868194580078125,6.446651935577393,19.54199981689453,17.298070907592773,20.06717872619629,31.949831008911133
2009-08-03,17.664512634277344,4.996247291564941,37.8156623840332,38.58047103881836,26.323068618774414,34.931724548339844,36.823368072509766,16.492002487182617,15.037101745605469,34.65178298950195,7.910370349884033,12.3566255569458,65.74750518798828,17.967151641845703,35.212799072265625,14.682093620300293,11.810813903808594,17.787166595458984,36.98845291137695,23.482080459594727,30.146852493286133,24.758928298950195,33.503143310546875,43.1314697265625,47.068695068359375,15.100787162780762,23.35181999206543,12.33750057220459,25.658100128173828,22.3098201751709,45.74207305908203,22.730344772338867,11.92919635772705,17.231739044189453,17.049577713012695,123.94425201416016,27.670957565307617,20.826900482177734,4.333985328674316,18.776704788208008,7.954702377319336,19.6425838470459,31.78461456298828,29.62938117980957,31.770042419433594,6.483428478240967,19.71717071533203,17.104272842407227,20.731216430664062,33.19157409667969
2009-08-04,17.620031356811523,4.96983003616333,37.7909049987793,38.55317306518555,26.72854232788086,34.837501525878906,36.828609466552734,16.39311408996582,15.006771087646484,36.41520309448242,7.925164222717285,12.324726104736328,65.57202911376953,17.636825561523438,35.13616180419922,14.597528457641602,11.813183784484863,17.76690101623535,36.932064056396484,23.728351593017578,31.997621536254883,24.786386489868164,33.786224365234375,44.180973052978516,47.411773681640625,14.925586700439453,23.338083267211914,12.388362884521484,25.548337936401367,22.373634338378906,45.573020935058594,22.777950286865234,12.178372383117676,16.724714279174805,17.545207977294922,124.75240325927734,27.88227081298828,21.36693000793457,4.318376064300537,18.35394287109375,7.936270713806152,19.581457138061523,31.609264373779297,30.06009292602539,32.24985122680664,6.47607421875,18.692060470581055,17.104272842407227,20.811485290527344,33.33768844604492
2009-08-05,17.64967918395996,4.956623554229736,37.41338348388672,38.24189376831055,27.772159576416016,33.863861083984375,36.50430679321289,16.266752243041992,14.906733512878418,36.0020751953125,7.905239105224609,12.11910343170166,64.95250701904297,17.274263381958008,35.18726348876953,14.42188835144043,11.65915298461914,17.793930053710938,36.829498291015625,23.488731384277344,31.16244125366211,24.576993942260742,34.010223388671875,42.740501403808594,47.99496841430664,14.824509620666504,23.619670867919922,12.292290687561035,25.20073699951172,22.143898010253906,44.878562927246094,24.087020874023438,12.972614288330078,16.3785457611084,18.551572799682617,127.3732681274414,28.03488540649414,22.06329917907715,4.391216278076172,18.27542495727539,7.928898334503174,19.46794319152832,31.375469207763672,30.015113830566406,31.91727638244629,6.439297199249268,18.659616470336914,17.03086280822754,20.837026596069336,33.198890686035156
2009-08-06,17.39023780822754,4.920597553253174,37.09154510498047,38.07807922363281,27.087495803833008,32.324867248535156,36.22184753417969,16.129413604736328,14.973431587219238,35.65681457519531,7.865389347076416,12.016287803649902,64.65505981445312,17.088945388793945,35.02757263183594,14.512957572937012,11.607013702392578,17.935850143432617,37.12175750732422,23.53532600402832,31.496511459350586,24.542680740356445,35.16115188598633,41.62929153442383,49.09278869628906,14.699846267700195,23.434242248535156,12.280982971191406,24.55128288269043,21.9652099609375,45.71189498901367,24.840730667114258,13.003762245178223,15.892502784729004,18.518468856811523,125.94576263427734,27.612266540527344,21.708003997802734,4.198711395263672,18.438488006591797,7.858860969543457,19.262739181518555,31.118301391601562,30.20795440673828,31.519245147705078,6.4871063232421875,18.59474754333496,16.98387908935547,20.682348251342773,33.133140563964844
2009-08-07,17.4643611907959,4.9686279296875,37.07297134399414,37.93608474731445,28.157705307006836,32.682918548583984,36.35261917114258,16.53594207763672,14.958270072937012,35.601318359375,7.950071334838867,11.887770652770996,65.72916412353516,17.266199111938477,35.25751495361328,14.43489933013916,11.680476188659668,18.422439575195312,37.37812805175781,24.2142333984375,31.924118041992188,24.377910614013672,36.06490707397461,41.492103576660156,50.43076705932617,14.770591735839844,23.674631118774414,12.377063751220703,25.292213439941406,22.265140533447266,46.351966857910156,25.935596466064453,12.785736083984375,16.00090217590332,19.04151153564453,123.60432434082031,28.580801010131836,22.18409538269043,4.167492866516113,18.553245544433594,7.704044342041016,19.240909576416016,31.626802444458008,30.960115432739258,31.38294219970703,6.512849807739258,18.620689392089844,16.892850875854492,20.69708251953125,33.82709884643555
2009-08-10,17.360584259033203,4.944912433624268,37.580474853515625,37.77773666381836,28.377065658569336,32.770870208740234,36.211387634277344,16.810632705688477,14.98858642578125,35.397830963134766,7.925164222717285,12.054841041564941,65.38215637207031,17.121179580688477,35.940940856933594,14.077112197875977,11.78237533569336,18.314306259155273,36.35779571533203,23.934673309326172,31.503173828125,24.47402000427246,35.3542594909668,42.006553649902344,49.98477554321289,14.999703407287598,23.866931915283203,12.365758895874023,25.62151527404785,21.58870506286621,45.96549987792969,25.65792465209961,12.988188743591309,16.084821701049805,18.96205711364746,121.11941528320312,27.753129959106445,21.90697479248047,4.016610622406006,18.553245544433594,7.715104103088379,19.30640411376953,31.398847579956055,30.593679428100586,31.50834846496582,6.4576873779296875,18.607715606689453,17.071971893310547,20.288291931152344,33.25003433227539
2009-08-11,17.145614624023438,4.888174533843994,37.271018981933594,37.431602478027344,27.413211822509766,32.62010192871094,35.53664016723633,16.662302017211914,14.867326736450195,35.089542388916016,7.885317325592041,11.977733612060547,64.88090515136719,17.145343780517578,35.781272888183594,13.771377563476562,11.858207702636719,18.172382354736328,36.57826614379883,23.57526206970215,30.921905517578125,24.63535499572754,35.06072998046875,43.083473205566406,47.99496841430664,15.060344696044922,23.791383743286133,12.416626930236816,25.731279373168945,21.486595153808594,45.41600799560547,24.999414443969727,12.34189224243164,15.962440490722656,17.803415298461914,120.25835418701172,27.224834442138672,21.23903465270996,4.063436508178711,18.565319061279297,7.722474098205566,19.044445037841797,31.363780975341797,29.976518630981445,31.688270568847656,6.4429755210876465,18.484451293945312,17.086652755737305,20.310392379760742,32.76792526245117
2009-08-12,17.442123413085938,4.962627410888672,37.500022888183594,37.97003936767578,28.058000564575195,32.71432876586914,35.94462585449219,16.887537002563477,14.691481590270996,34.947731018066406,7.900257587432861,12.086971282958984,65.70712280273438,17.628767013549805,35.9345588684082,13.940510749816895,12.035246849060059,18.381885528564453,37.08586502075195,24.287446975708008,31.790504455566406,24.65251922607422,35.7945556640625,42.63760757446289,48.47529602050781,14.827872276306152,23.846330642700195,12.371411323547363,26.270965576171875,21.331180572509766,45.68172836303711,25.229494094848633,12.404187202453613,16.032373428344727,17.988800048828125,123.68742370605469,27.582895278930664,21.3029842376709,4.006204605102539,18.91561508178711,7.874256134033203,19.16231918334961,31.872291564941406,30.876535415649414,31.846397399902344,6.4650421142578125,18.153554916381836,16.98387908935547,20.450332641601562,33.45454788208008
2009-08-13,17.50883674621582,5.055987358093262,37.332908630371094,37.772239685058594,28.516658782958984,32.8525276184082,35.84524154663086,17.019390106201172,14.588409423828125,34.830596923828125,7.870371341705322,12.241189956665039,65.86687469482422,17.717397689819336,35.62797546386719,13.992551803588867,12.361684799194336,18.706274032592773,37.22430419921875,24.0877685546875,31.516550064086914,24.72459602355957,36.01082992553711,41.745906829833984,48.37236022949219,14.932320594787598,24.079851150512695,12.354456901550293,26.572830200195312,21.28584861755371,45.530723571777344,25.37230110168457,13.237360000610352,15.801591873168945,18.45887565612793,124.23123168945312,27.27178382873535,21.231916427612305,4.1102614402771,19.235700607299805,7.881662368774414,19.302038192749023,31.632646560668945,30.812259674072266,32.118995666503906,6.4871063232421875,18.2898006439209,16.86055564880371,20.586589813232422,33.330379486083984
2009-08-14,17.56073760986328,5.0067548751831055,37.18437957763672,37.47556686401367,28.217527389526367,32.89650344848633,35.89754867553711,17.019390106201172,14.694518089294434,34.87373733520508,7.8554277420043945,12.061269760131836,65.3105239868164,17.693220138549805,35.3022346496582,13.862447738647461,12.340240478515625,18.341333389282227,36.567996978759766,23.87478256225586,30.73482894897461,24.628480911254883,34.65907669067383,41.73904037475586,47.754825592041016,14.945794105529785,23.866931915283203,12.326193809509277,26.362438201904297,21.292322158813477,45.04159927368164,25.166030883789062,13.54104232788086,15.717674255371094,18.359569549560547,122.90946197509766,26.855024337768555,21.167978286743164,4.073841571807861,19.096797943115234,7.7891130447387695,19.10993003845215,31.28780746459961,30.45223045349121,32.13536071777344,6.4576873779296875,18.08218765258789,16.957456588745117,20.100475311279297,32.52688217163086
2009-08-17,17.234573364257812,4.7909111976623535,37.02347183227539,36.56352615356445,27.07419204711914,32.795989990234375,35.179080963134766,16.964448928833008,14.764246940612793,34.63945007324219,7.91022253036499,11.855646133422852,64.36866760253906,17.242033004760742,34.81039810180664,13.485151290893555,12.287818908691406,17.645261764526367,35.932228088378906,23.242462158203125,29.365121841430664,24.487754821777344,34.11064910888672,41.046234130859375,45.83368682861328,15.080567359924316,23.47545051574707,12.247079849243164,27.149106979370117,21.182239532470703,44.661170959472656,24.110830307006836,12.894747734069824,15.469406127929688,17.41279411315918,118.7703857421875,25.78083610534668,20.279762268066406,3.8345108032226562,18.462648391723633,7.7780070304870605,18.49432373046875,30.45781707763672,30.06009292602539,31.83002281188965,6.4429755210876465,17.550168991088867,16.88698387145996,19.507558822631836,31.022165298461914
2009-08-18,17.577470779418945,4.923299312591553,37.01108932495117,36.530555725097656,27.71897315979004,32.946746826171875,35.36396408081055,16.87105941772461,14.736959457397461,34.67644500732422,7.960035800933838,12.061269760131836,64.79279327392578,17.387060165405273,35.29584503173828,13.66729736328125,12.237775802612305,18.199411392211914,36.07065200805664,23.513051986694336,30.14017677307129,24.463726043701172,33.81713104248047,40.99135971069336,46.62272644042969,14.93569564819336,23.6883602142334,12.3035888671875,26.957014083862305,21.266420364379883,44.745731353759766,25.142229080200195,13.159494400024414,15.497373580932617,17.43927574157715,121.21004486083984,26.256305694580078,20.450294494628906,3.974987030029297,18.613636016845703,7.70026159286499,18.59474754333496,30.73837661743164,30.400821685791016,31.862735748291016,6.4871063232421875,17.902339935302734,16.9310245513916,19.500186920166016,32.9359245300293
2009-08-19,17.629653930664062,4.941309452056885,37.363861083984375,37.36018371582031,27.526212692260742,33.16661834716797,36.00849533081055,17.29407501220703,14.964341163635254,34.80592346191406,8.154301643371582,12.080543518066406,65.3105239868164,17.548194885253906,35.54493713378906,13.816914558410645,12.311646461486816,18.077774047851562,36.561317443847656,23.519763946533203,30.180261611938477,24.704004287719727,33.61629104614258,41.25203323364258,46.41687774658203,15.21870231628418,23.640275955200195,12.540961265563965,26.636859893798828,21.33765411376953,44.52833557128906,25.150165557861328,13.042691230773926,15.812081336975098,17.61803436279297,120.79462432861328,26.2797794342041,20.485820770263672,3.980189800262451,18.77591896057129,7.752089500427246,18.82613754272461,30.849441528320312,30.780101776123047,32.14079666137695,6.494460105895996,18.052343368530273,17.101335525512695,19.676958084106445,31.97903823852539
2009-08-20,17.644561767578125,4.993246555328369,37.72283935546875,37.6843376159668,28.19758415222168,33.30479049682617,36.25151443481445,17.2171573638916,14.982525825500488,35.0463981628418,8.084565162658691,12.022714614868164,65.51985931396484,17.67711067199707,35.85791015625,14.239744186401367,12.321178436279297,18.03046417236328,36.78855514526367,23.727901458740234,30.400754928588867,24.97860336303711,34.55865478515625,41.35490417480469,47.37746047973633,15.25576114654541,24.052377700805664,12.574865341186523,27.368640899658203,21.467178344726562,45.059722900390625,25.80072784423828,13.346375465393066,16.074331283569336,18.194040298461914,122.60731506347656,26.755239486694336,20.862430572509766,3.9957993030548096,18.739517211914062,7.829833984375,18.882896423339844,31.108808517456055,30.664386749267578,32.069915771484375,6.560654640197754,18.241474151611328,17.201173782348633,19.57383918762207,32.132442474365234
2009-08-21,18.196184158325195,5.080002784729004,38.078468322753906,38.415061950683594,29.021841049194336,33.65657424926758,36.83790588378906,17.887386322021484,15.131074905395508,35.447166442871094,8.288798332214355,12.138375282287598,66.04314422607422,17.81407928466797,35.940940856933594,14.43489933013916,12.237775802612305,18.584623336791992,37.516788482666016,24.385896682739258,31.603431701660156,25.11248016357422,35.43150329589844,41.59501266479492,48.749732971191406,15.29282283782959,24.53314781188965,12.755720138549805,27.322906494140625,21.66144371032715,45.24088668823242,26.062549591064453,13.595550537109375,16.116291046142578,18.49860191345215,123.76546478271484,27.37745475769043,21.096923828125,4.0270161628723145,19.18844223022461,7.914980411529541,19.29766273498535,31.60990333557129,32.117244720458984,32.45703125,6.6342082023620605,18.69800567626953,17.50361442565918,20.08942985534668,32.7241096496582
2009-08-24,18.367631912231445,5.075201511383057,38.234466552734375,39.17323684692383,28.58976173400879,33.50580978393555,37.382057189941406,17.854434967041016,14.873387336730957,35.4224967956543,8.333623886108398,12.054841041564941,65.72367095947266,17.983278274536133,35.71101760864258,14.350335121154785,12.283053398132324,18.266990661621094,37.47547912597656,25.023731231689453,31.777143478393555,24.995777130126953,36.404781341552734,41.416629791259766,48.71543502807617,15.525300979614258,24.684247970581055,12.761371612548828,27.44182014465332,21.842771530151367,45.11406707763672,25.919734954833984,13.509894371032715,16.084821701049805,18.088117599487305,123.06153106689453,26.990039825439453,21.068490982055664,3.8553223609924316,19.054975509643555,7.8853678703308105,19.78229522705078,31.550949096679688,31.860111236572266,32.31528091430664,6.740851879119873,18.51539421081543,17.418466567993164,19.942123413085938,33.125858306884766
2009-08-25,18.367631912231445,5.085408687591553,38.14710998535156,38.83261489868164,28.968664169311523,33.54348373413086,37.323951721191406,18.10165023803711,14.776376724243164,35.3238525390625,8.368496894836426,12.273319244384766,65.45376586914062,17.910762786865234,36.0559196472168,14.311306953430176,12.311646461486816,18.462974548339844,37.53745651245117,25.19159507751465,31.957536697387695,25.08843994140625,37.26988983154297,41.40293502807617,49.05849075317383,15.471397399902344,25.336732864379883,12.97048568725586,27.80771255493164,21.933420181274414,44.94499206542969,26.038740158081055,13.82136344909668,16.1722412109375,18.0947322845459,124.84785461425781,27.21309471130371,21.45220375061035,3.9489729404449463,19.740501403808594,7.881662368774414,19.660049438476562,32.05204391479492,31.731521606445312,32.473388671875,6.674657821655273,18.091474533081055,17.394975662231445,19.99367332458496,33.82709884643555
2009-08-26,18.30054473876953,5.025668144226074,37.82889175415039,39.21170425415039,28.78254508972168,33.518375396728516,37.556400299072266,17.95331382751465,14.909764289855957,35.68763732910156,8.353551864624023,12.485374450683594,65.80631256103516,17.886587142944336,36.40721130371094,14.265768051147461,12.34261703491211,18.63192367553711,36.88669204711914,24.923023223876953,31.570009231567383,25.160524368286133,36.937747955322266,42.006553649902344,48.406654357910156,15.521930694580078,25.398529052734375,12.947874069213867,27.41437530517578,21.79096221923828,45.03557586669922,26.292627334594727,13.852507591247559,16.165241241455078,18.286741256713867,125.6123046875,26.99590301513672,20.98322868347168,3.9593799114227295,20.268287658691406,8.107491493225098,19.904539108276367,31.839815139770508,31.435819625854492,32.800514221191406,6.682013034820557,18.195823669433594,17.506555557250977,19.791128158569336,32.965152740478516
2009-08-27,18.404911041259766,5.086909294128418,37.74155807495117,38.931522369384766,28.882247924804688,33.32992172241211,37.508846282958984,18.057695388793945,14.98858642578125,35.613651275634766,8.398385047912598,12.511077880859375,65.78425598144531,17.854368209838867,36.5094108581543,14.23323917388916,12.209187507629395,18.61841583251953,36.995147705078125,25.10430908203125,31.456424713134766,25.136507034301758,40.02748107910156,41.327476501464844,48.68111801147461,15.703872680664062,25.30238914489746,12.874402046203613,27.963214874267578,22.088844299316406,45.615272521972656,26.943201065063477,13.953734397888184,16.021881103515625,18.366188049316406,124.90843963623047,26.761112213134766,21.203506469726562,3.9905953407287598,20.413877487182617,8.144510269165039,19.965669631958008,31.80445671081543,31.993579864501953,32.604248046875,6.71878719329834,18.39799690246582,17.40378189086914,20.32512664794922,32.92131423950195
2009-08-28,18.397457122802734,5.104919910430908,37.61677551269531,38.524932861328125,28.529932022094727,33.41157531738281,37.33979797363281,17.755542755126953,14.873387336730957,34.997066497802734,8.373476028442383,13.012290000915527,65.11775970458984,17.854368209838867,36.129249572753906,14.311306953430176,12.182974815368652,18.713027954101562,37.144935607910156,24.996875762939453,31.20920753479004,24.975177764892578,39.42499542236328,40.88847732543945,48.303741455078125,15.471397399902344,25.25429916381836,12.501398086547852,27.13995933532715,21.758581161499023,45.603092193603516,27.16534996032715,14.000454902648926,15.8225736618042,18.074867248535156,124.45426177978516,26.843299865722656,20.969017028808594,4.021812438964844,20.432077407836914,8.063067436218262,19.952566146850586,31.662965774536133,31.68875503540039,32.58243179321289,6.7004008293151855,18.66539764404297,17.315689086914062,20.60132598876953,32.45384216308594
2009-08-31,18.37509536743164,5.049685001373291,37.71034622192383,37.992008209228516,28.88890266418457,33.98948287963867,36.948848724365234,17.815977096557617,14.785470008850098,34.94155502319336,8.318680763244629,13.057268142700195,65.02412414550781,17.628767013549805,36.23878860473633,14.051090240478516,12.121026039123535,18.442712783813477,37.2379035949707,24.681318283081055,30.273801803588867,24.954574584960938,38.36674880981445,41.00510025024414,47.68624496459961,15.238921165466309,25.76941680908203,12.507047653198242,26.920425415039062,21.667919158935547,45.6213493347168,26.832122802734375,13.696776390075684,15.756128311157227,18.22052574157715,125.2414321899414,26.59087562561035,20.578201293945312,3.954176664352417,20.553422927856445,7.9927215576171875,19.660049438476562,31.515581130981445,31.65631675720215,32.964088439941406,6.722464561462402,18.802352905273438,17.538856506347656,20.402456283569336,31.847545623779297
2009-09-01,17.89055824279785,4.962325096130371,37.39839553833008,37.58544158935547,27.699045181274414,33.30479049682617,36.177547454833984,17.464374542236328,14.712714195251465,34.68260955810547,8.159284591674805,12.671722412109375,64.27503204345703,17.67711067199707,35.852169036865234,13.771377563476562,12.144852638244629,18.22123908996582,36.21527099609375,24.117328643798828,29.291616439819336,24.63878631591797,37.67156982421875,40.45634460449219,45.76504898071289,15.201854705810547,25.384798049926758,12.258373260498047,26.243526458740234,21.292322158813477,45.99859619140625,25.37230110168457,12.816879272460938,15.77711009979248,17.353208541870117,121.23731231689453,25.32296371459961,19.505231857299805,3.7668726444244385,20.65048599243164,7.93719482421875,19.275842666625977,30.996797561645508,31.65631675720215,32.22257995605469,6.659947872161865,18.280611038208008,17.38616371154785,19.91633415222168,31.03676986694336
2009-09-02,17.78619384765625,4.9587225914001465,37.28608703613281,37.45907211303711,27.160615921020508,33.16661834716797,35.94511032104492,17.13077163696289,15.097724914550781,35.02446746826172,8.10947036743164,12.511077880859375,63.94454574584961,17.540138244628906,35.678192138671875,14.018568992614746,12.13294506072998,18.07813835144043,36.45286178588867,24.0166072845459,29.07112693786621,24.71430206298828,37.3857536315918,40.53865051269531,45.28476333618164,15.161423683166504,25.01392364501953,12.280982971191406,27.167400360107422,21.376502990722656,45.36580276489258,25.348508834838867,12.676636695861816,15.836554527282715,17.27375030517578,120.00355529785156,25.17621612548828,19.249431610107422,3.6576120853424072,20.510957717895508,7.981616020202637,19.35879898071289,31.09701919555664,31.0726261138916,32.11241149902344,6.722464561462402,17.974077224731445,17.251087188720703,19.861093521118164,30.10909080505371
2009-09-03,17.972558975219727,4.999849319458008,37.24240493774414,37.5030403137207,27.99152183532715,33.2105712890625,36.09830093383789,16.813844680786133,15.031038284301758,35.20470428466797,8.009845733642578,12.4789457321167,64.07671356201172,17.370935440063477,35.807071685791016,13.979541778564453,12.328330039978027,18.33026885986328,36.68009948730469,24.34560203552246,30.093399047851562,24.42939567565918,37.43210983276367,40.10652160644531,46.142425537109375,15.181647300720215,25.158159255981445,12.3035888671875,27.112516403198242,21.136905670166016,45.56050491333008,25.75312614440918,13.120745658874512,15.896002769470215,17.81665802001953,122.36515808105469,25.57538604736328,19.64734649658203,3.8917417526245117,20.35321807861328,8.040852546691895,19.30640411376953,31.144189834594727,31.092069625854492,31.96921157836914,6.696722507476807,18.27408790588379,17.209976196289062,19.927383422851562,30.10909080505371
2009-09-04,18.352733612060547,5.112725257873535,37.63546371459961,38.00849151611328,28.144397735595703,33.20429611206055,36.431129455566406,17.069602966308594,15.143203735351562,35.76411437988281,8.164264678955078,12.620314598083496,64.69915771484375,17.701276779174805,36.17434310913086,14.207219123840332,12.314026832580566,18.41884994506836,36.85055160522461,24.94316291809082,30.808320999145508,24.39849853515625,37.965087890625,40.435760498046875,47.58330535888672,15.373684883117676,25.549650192260742,12.433578491210938,27.350345611572266,21.370027542114258,45.803897857666016,26.054609298706055,13.315531730651855,16.13028335571289,17.81665802001953,123.35665893554688,25.951059341430664,19.64734649658203,3.865727663040161,20.529138565063477,8.140810012817383,19.63385581970215,31.72191047668457,31.57849884033203,32.057342529296875,6.803369998931885,18.854528427124023,17.180622100830078,20.214641571044922,30.810321807861328
2009-09-08,18.501821517944336,5.191378116607666,37.791465759277344,38.816131591796875,28.27735710144043,34.0460205078125,37.2341423034668,17.219728469848633,15.282665252685547,36.224063873291016,8.074602127075195,12.723129272460938,64.53386688232422,17.628767013549805,36.22590637207031,14.259264945983887,12.247315406799316,18.725494384765625,37.026126861572266,25.393014907836914,31.382930755615234,24.539243698120117,38.235435485839844,40.579811096191406,49.744625091552734,15.46803092956543,25.20623207092285,12.450533866882324,26.892982482910156,21.259946823120117,45.128509521484375,26.5703182220459,13.260993957519531,16.375045776367188,17.86300277709961,126.57363891601562,26.397174835205078,19.753942489624023,3.7980899810791016,20.614078521728516,8.125997543334961,20.08354377746582,31.892873764038086,31.57849884033203,31.848037719726562,6.81072473526001,18.743650436401367,17.767887115478516,20.398775100708008,31.248611450195312
2009-09-09,18.472003936767578,5.137641429901123,38.00984191894531,38.73371505737305,28.490068435668945,33.76962661743164,37.1548957824707,17.542213439941406,15.349358558654785,36.07488250732422,8.054676055908203,12.806665420532227,64.31356811523438,18.1444149017334,35.49777603149414,14.460922241210938,12.17820930480957,18.6573543548584,37.795677185058594,25.822721481323242,32.34505844116211,24.72803497314453,39.03104019165039,40.59352493286133,51.01395797729492,15.619640350341797,25.16501235961914,12.591821670532227,26.90212631225586,21.292322158813477,44.495723724365234,27.046337127685547,13.276579856872559,16.507923126220703,18.326465606689453,128.88226318359375,26.667198181152344,20.286867141723633,3.844916820526123,20.565547943115234,8.17042350769043,20.00933074951172,32.67692947387695,31.526615142822266,31.908626556396484,6.83646821975708,18.717567443847656,17.776697158813477,20.792835235595703,31.416603088378906
2009-09-10,18.635995864868164,5.180269718170166,37.84761047363281,38.816131591796875,28.5964298248291,35.20182800292969,37.7465705871582,17.770183563232422,15.334197998046875,35.96300506591797,8.139360427856445,12.69742488861084,64.8148193359375,18.337785720825195,35.3431282043457,14.968318939208984,12.159146308898926,18.759567260742188,38.420616149902344,26.46728515625,32.53214645385742,25.136507034301758,39.00016403198242,40.49062728881836,50.77381134033203,15.791465759277344,25.185625076293945,12.58051872253418,28.411436080932617,21.253475189208984,44.75734329223633,27.292285919189453,13.416820526123047,16.203706741333008,18.445636749267578,132.36415100097656,26.649492263793945,20.350811004638672,3.870929718017578,20.741474151611328,8.144510269165039,20.249452590942383,33.1898078918457,31.636873245239258,32.19504928588867,6.814405918121338,18.91973876953125,17.88240623474121,20.988018035888672,31.431209564208984
2009-09-11,18.53162956237793,5.1682634353637695,37.697872161865234,38.44802474975586,28.250764846801758,34.9505615234375,37.376766204833984,18.09267234802246,15.743769645690918,36.5534782409668,8.094525337219238,12.536778450012207,65.02412414550781,18.41836166381836,35.0467414855957,15.020367622375488,12.085286140441895,18.63009262084961,38.219200134277344,26.138296127319336,32.42524337768555,25.82301139831543,39.66444778442383,40.154541015625,50.32783126831055,15.777993202209473,25.08946990966797,12.603124618530273,28.658405303955078,21.253475189208984,46.022953033447266,27.10980987548828,13.222034454345703,16.119789123535156,18.160940170288086,132.23541259765625,25.92938995361328,20.478717803955078,3.8136980533599854,20.674747467041016,8.063067436218262,20.066085815429688,34.66360855102539,31.779558181762695,32.22257995605469,6.79567289352417,18.926265716552734,17.7884464263916,21.1021785736084,31.4092960357666
2009-09-14,18.635995864868164,5.215096473693848,37.647972106933594,38.45901107788086,29.08167266845703,34.736995697021484,37.52997970581055,18.287277221679688,15.94243335723877,36.485111236572266,8.149321556091309,12.440391540527344,65.4813003540039,18.30555534362793,34.94363021850586,14.825211524963379,12.004267692565918,18.745941162109375,38.508419036865234,26.836572647094727,32.58559036254883,25.761226654052734,39.37092971801758,40.61408996582031,52.66069030761719,15.946454048156738,25.08946990966797,12.653986930847168,29.344453811645508,21.45421600341797,45.99251174926758,26.911462783813477,13.237614631652832,16.27014923095703,18.48535919189453,134.513916015625,26.419281005859375,20.428983688354492,3.844916820526123,20.771814346313477,8.185229301452637,20.341135025024414,34.89351272583008,31.96114730834961,31.96921157836914,6.739477634429932,18.684967041015625,17.7884464263916,21.32682991027832,31.599212646484375
2009-09-15,18.78508949279785,5.258323669433594,37.529415130615234,38.178810119628906,28.70941925048828,34.56739807128906,37.84165954589844,18.181625366210938,16.031070709228516,36.23028564453125,8.074602127075195,12.562487602233887,65.74018859863281,18.257217407226562,35.42689514160156,14.948798179626465,11.897046089172363,18.677797317504883,38.570411682128906,26.71570587158203,34.543277740478516,25.555267333984375,40.22059631347656,40.113365173339844,54.89064025878906,15.865595817565918,25.02765655517578,12.574865341186523,28.71329116821289,21.20813751220703,46.05942916870117,27.490638732910156,13.081791877746582,16.112794876098633,18.92233657836914,133.71910095214844,26.383872985839844,20.421863555908203,3.746061086654663,20.662609100341797,7.5743913650512695,20.22762680053711,34.95246124267578,32.11033248901367,31.77642059326172,6.709507465362549,19.017568588256836,17.706220626831055,21.879236221313477,32.9943733215332
2009-09-16,18.78508949279785,5.459758758544922,37.55436325073242,38.645809173583984,29.679922103881836,34.7432861328125,38.274864196777344,17.88694953918457,16.098310470581055,36.261348724365234,8.179208755493164,12.626741409301758,67.1007080078125,17.83019256591797,36.386985778808594,15.195999145507812,11.923255920410156,19.120718002319336,38.93193054199219,26.903701782226562,35.15796661376953,25.919130325317383,40.444610595703125,40.943363189697266,58.32128143310547,15.740934371948242,25.384798049926758,12.693551063537598,29.765228271484375,21.28584861755371,46.33932113647461,28.43474769592285,13.440196990966797,16.193220138549805,19.471874237060547,136.1488037109375,27.19251251220703,21.423782348632812,3.7200467586517334,20.99626922607422,7.8483452796936035,20.428449630737305,34.89940643310547,32.330841064453125,31.671770095825195,6.829388618469238,19.1871395111084,17.6856746673584,22.056018829345703,33.01628875732422
2009-09-17,18.85962677001953,5.540210723876953,37.91625213623047,38.371089935302734,29.885990142822266,34.8814697265625,38.02128601074219,17.7979793548584,16.327543258666992,36.547271728515625,8.129395484924316,12.472519874572754,67.1337661743164,17.33871841430664,36.380550384521484,15.215520858764648,11.904196739196777,19.025314331054688,38.67885208129883,26.92384910583496,36.00652313232422,25.83331298828125,40.84627151489258,41.51268005371094,57.4930534362793,15.619640350341797,24.993314743041992,12.625737190246582,29.820112228393555,21.201658248901367,48.408042907714844,27.768314361572266,13.720685958862305,16.025381088256836,19.05475616455078,137.352294921875,27.210216522216797,22.06329917907715,3.600381851196289,20.820335388183594,7.674349308013916,20.428449630737305,34.687191009521484,32.83024597167969,31.484487533569336,6.750718116760254,18.737133026123047,17.635759353637695,21.831369400024414,33.54218673706055
2009-09-18,18.829811096191406,5.554321765899658,37.9224853515625,38.45350646972656,29.879331588745117,36.0058708190918,38.375247955322266,17.7257137298584,16.431468963623047,37.20611572265625,8.224040031433105,12.5689115524292,67.26042938232422,17.419282913208008,36.72848892211914,15.222023963928223,11.939935684204102,19.236560821533203,38.53943634033203,26.97084617614746,35.69248962402344,26.121652603149414,40.95440673828125,41.70473098754883,56.940895080566406,15.488237380981445,24.711727142333984,12.727459907531738,29.12491798400879,21.27937889099121,48.72444152832031,27.585834503173828,13.736268997192383,16.00090217590332,18.862747192382812,138.654296875,27.458127975463867,22.29778480529785,3.6107869148254395,20.92953109741211,7.670645713806152,20.432817459106445,34.645912170410156,33.60849380493164,31.881074905395508,6.72824239730835,18.991485595703125,17.70916748046875,21.967632293701172,32.92131423950195
2009-09-21,18.85962677001953,5.524301528930664,37.853851318359375,38.22275924682617,29.613435745239258,35.86767578125,38.06355285644531,17.692338943481445,16.199172973632812,36.684017181396484,8.288798332214355,12.556052207946777,66.9630126953125,17.378997802734375,36.17434310913086,15.371636390686035,12.1305570602417,19.17523193359375,38.49810791015625,26.400144577026367,35.05105209350586,25.984336853027344,40.83081817626953,42.740501403808594,57.83816909790039,15.673548698425293,24.849082946777344,12.755720138549805,29.042593002319336,21.27937889099121,48.21333312988281,26.784523010253906,13.440196990966797,16.305116653442383,18.730335235595703,138.0562744140625,27.00953483581543,22.461219787597656,3.5535542964935303,20.953805923461914,7.518863201141357,20.149036407470703,34.498538970947266,33.25827407836914,31.671770095825195,6.758208274841309,18.81539535522461,17.811935424804688,21.98236083984375,32.78253936767578
2009-09-22,19.209985733032227,5.538113117218018,38.10966873168945,38.3656005859375,30.88972282409668,35.95560836791992,38.369964599609375,17.419893264770508,16.153329849243164,36.410526275634766,8.368496894836426,12.549629211425781,66.98503112792969,17.25008773803711,35.961727142333984,15.228527069091797,12.149620056152344,18.820894241333008,38.72018051147461,26.668712615966797,36.307186126708984,25.970613479614258,41.04710388183594,41.725311279296875,58.70089340209961,15.744302749633789,24.78726577758789,12.586172103881836,28.640113830566406,21.221092224121094,48.408042907714844,26.95113754272461,13.720685958862305,16.13028335571289,19.458620071411133,140.42543029785156,27.847679138183594,23.43470573425293,3.6472079753875732,21.00840950012207,7.589198589324951,20.36296844482422,34.56340408325195,33.27773666381836,31.743371963500977,6.702014446258545,18.848003387451172,17.902965545654297,22.140731811523438,33.732139587402344
2009-09-23,19.165258407592773,5.568731307983398,37.91625213623047,37.90959548950195,29.95244026184082,35.961891174316406,37.70431900024414,17.419893264770508,16.07080078125,36.34214782714844,8.184189796447754,12.7745361328125,66.54988861083984,17.024484634399414,35.78773880004883,14.83171558380127,12.00903606414795,18.636913299560547,38.43612289428711,26.353145599365234,35.505393981933594,26.210887908935547,40.452327728271484,41.53325653076172,58.66637420654297,15.542145729064941,24.78726577758789,12.569212913513184,27.752824783325195,21.013870239257812,47.9638786315918,26.657573699951172,13.63497257232666,16.042861938476562,19.04151153564453,139.00245666503906,27.835872650146484,22.759653091430664,3.8293066024780273,20.771814346313477,7.607709884643555,20.00933074951172,34.33348083496094,33.43339538574219,32.01327133178711,6.649569034576416,18.600173950195312,18.733957290649414,21.746662139892578,33.15506362915039
2009-09-24,19.33670425415039,5.5182976722717285,37.885047912597656,37.87112808227539,29.49380111694336,36.332515716552734,37.35563659667969,17.241966247558594,15.99744701385498,36.38566589355469,8.189167022705078,12.556052207946777,66.61599731445312,17.05671501159668,36.161460876464844,14.734136581420898,12.080520629882812,18.425670623779297,38.27084732055664,25.970434188842773,34.643489837646484,26.217756271362305,40.004302978515625,41.69102096557617,57.21698760986328,15.815055847167969,24.176008224487305,12.67660140991211,26.710039138793945,20.98149299621582,46.820011138916016,26.855926513671875,13.229823112487793,16.084821701049805,18.83626937866211,138.56336975097656,26.755722045898438,21.835914611816406,3.8136980533599854,20.413877487182617,7.604011058807373,19.673139572143555,34.221458435058594,33.09613800048828,31.881074905395508,6.555912971496582,18.241474151611328,18.631179809570312,21.55147933959961,32.45384216308594
2009-09-25,19.045989990234375,5.47476863861084,37.822654724121094,37.744773864746094,29.015201568603516,36.43928909301758,37.3292236328125,17.37541961669922,16.19001007080078,36.472679138183594,8.169246673583984,12.446817398071289,66.69310760498047,16.80695343017578,36.6962776184082,14.714620590209961,11.787440299987793,18.29620361328125,38.115909576416016,25.386302947998047,34.20917892456055,26.258939743041992,39.795753479003906,41.341182708740234,56.492286682128906,15.946454048156738,24.176008224487305,12.670949935913086,25.895931243896484,21.162811279296875,47.39192581176758,26.237083435058594,12.93375301361084,16.154754638671875,18.66412353515625,135.86875915527344,26.02972984313965,21.708003997802734,3.7928881645202637,20.432077407836914,7.615114688873291,19.673139572143555,33.49047088623047,33.07667922973633,31.781936645507812,6.555912971496582,17.8110408782959,18.584192276000977,21.231082916259766,32.09592056274414
2009-09-28,19.25470733642578,5.588244438171387,38.22821807861328,38.23373031616211,29.78628158569336,36.53351593017578,37.878639221191406,17.809104919433594,16.238916397094727,36.69021224975586,8.253929138183594,12.684575080871582,65.72916412353516,17.05671501159668,36.83803176879883,15.358633995056152,11.794590950012207,18.57558250427246,38.74082946777344,25.070737838745117,34.863983154296875,26.217756271362305,40.993019104003906,41.464656829833984,57.83816909790039,16.367597579956055,23.956220626831055,12.823535919189453,26.563682556152344,21.39593505859375,47.70223617553711,27.30021095275879,13.416820526123047,16.462467193603516,19.134199142456055,138.13955688476562,27.298742294311523,22.205421447753906,3.8969433307647705,20.741474151611328,7.61881685256958,19.94820213317871,33.97386169433594,33.59552764892578,32.2060661315918,6.619597911834717,18.05886459350586,18.942428588867188,21.639860153198242,31.29462432861328
2009-09-29,19.1950740814209,5.565128326416016,38.016075134277344,37.948055267333984,29.832805633544922,36.3764762878418,37.46129608154297,17.709022521972656,16.293922424316406,36.36700439453125,8.353551864624023,12.517502784729004,65.4427490234375,17.016437530517578,36.83803176879883,15.156970977783203,11.73025894165039,18.282567977905273,38.188209533691406,25.010311126708984,34.47645950317383,26.276103973388672,42.19028854370117,41.47152328491211,57.66560363769531,16.54280662536621,24.773536682128906,12.930923461914062,26.161203384399414,21.642013549804688,48.09772872924805,26.966995239257812,13.370068550109863,16.252660751342773,18.770063400268555,138.95709228515625,27.12757682800293,22.091720581054688,3.876133918762207,22.658496856689453,7.65583610534668,19.74299430847168,33.47277069091797,34.211669921875,31.737855911254883,6.705763816833496,18.391481399536133,18.666412353515625,21.632503509521484,31.757749557495117
2009-09-30,19.172710418701172,5.564228534698486,37.991127014160156,37.69533920288086,29.128210067749023,36.38277053833008,37.20771789550781,17.586700439453125,16.413129806518555,36.46023941040039,8.243965148925781,12.575336456298828,65.88338470458984,16.79083251953125,36.773597717285156,15.31309986114502,11.69689655303955,18.153099060058594,38.115909576416016,24.94316291809082,34.29606628417969,26.18342399597168,41.82725143432617,41.313758850097656,56.66482925415039,16.667461395263672,24.546892166137695,12.902275085449219,25.694686889648438,21.389455795288086,47.507530212402344,27.038782119750977,13.183079719543457,16.259654998779297,18.657503128051758,139.53985595703125,26.974119186401367,21.94249725341797,3.7512645721435547,22.73128890991211,7.641030788421631,19.716806411743164,33.29002380371094,33.5631103515625,32.48697280883789,6.672044277191162,19.056705474853516,18.904258728027344,21.43730926513672,31.551916122436523
2009-10-01,18.54654312133789,5.429440021514893,37.31729507446289,36.95911407470703,27.499616622924805,35.566158294677734,36.35188293457031,17.336496353149414,16.235851287841797,36.3359375,8.124415397644043,12.144806861877441,64.94149780273438,16.404098510742188,36.56095886230469,15.020367622375488,11.675448417663574,17.935043334960938,37.47031021118164,24.439605712890625,33.0399169921875,26.025531768798828,40.251487731933594,40.47005081176758,55.11191177368164,16.401294708251953,24.636167526245117,12.661648750305176,25.438560485839844,21.14337730407715,46.613128662109375,25.890235900878906,12.629888534545898,15.84005355834961,17.611408233642578,135.48269653320312,25.95889663696289,21.224821090698242,3.6263957023620605,23.1680850982666,7.744686603546143,19.865251541137695,32.54134750366211,32.47999954223633,32.06283950805664,6.570899486541748,18.821924209594727,18.64292335510254,20.829652786254883,30.43450927734375
2009-10-02,18.60618782043457,5.550718307495117,37.26736068725586,36.58000183105469,27.859004974365234,35.64781188964844,35.99791717529297,17.597820281982422,16.465089797973633,37.852535247802734,8.044713020324707,12.189781188964844,65.55843353271484,16.387985229492188,36.54161834716797,14.74714183807373,11.694509506225586,17.737436294555664,37.150108337402344,23.9024715423584,32.62569046020508,26.37565040588379,39.70306396484375,40.181968688964844,53.00679397583008,16.7921199798584,24.258419036865234,12.753316879272461,25.447711944580078,21.05272102355957,45.85865783691406,25.914159774780273,12.731176376342773,15.563812255859375,17.39954376220703,135.95205688476562,25.486711502075195,20.93348503112793,3.558758497238159,23.08315658569336,7.766901016235352,20.432817459106445,32.3880615234375,32.54486083984375,32.426368713378906,6.544673919677734,18.54147720336914,18.760385513305664,20.719175338745117,30.236032485961914
2009-10-05,18.367631912231445,5.584341526031494,37.32352066040039,37.129432678222656,29.1501407623291,35.603851318359375,36.65827941894531,17.664541244506836,16.443687438964844,37.82143783569336,8.169246673583984,12.273319244384766,65.96051788330078,16.428274154663086,36.477203369140625,14.922789573669434,11.689748764038086,17.819198608398438,37.71305465698242,24.318750381469727,33.90851974487305,26.382516860961914,40.382808685302734,39.996768951416016,54.62873840332031,16.957216262817383,23.887540817260742,12.718942642211914,26.25267791748047,21.026819229125977,45.62743377685547,26.49640655517578,13.214241981506348,15.735156059265137,18.597919464111328,141.14451599121094,26.313045501708984,21.203506469726562,3.668020009994507,23.18023109436035,7.818729877471924,20.89561653137207,32.78304672241211,32.732933044433594,32.134456634521484,6.608360290527344,18.75669288635254,18.780941009521484,21.19056510925293,30.96382713317871
2009-10-06,18.71799087524414,5.704123497009277,37.61677551269531,37.72281265258789,29.88886833190918,35.82369613647461,37.276405334472656,18.07598876953125,16.60262680053711,37.83390426635742,8.358534812927246,12.61388874053955,66.8418197631836,16.54912567138672,37.012020111083984,15.189496994018555,11.789824485778809,17.914602279663086,38.183040618896484,24.573884963989258,34.543277740478516,26.746366500854492,40.39052963256836,40.3740348815918,55.491477966308594,16.906679153442383,23.798255920410156,12.867903709411621,26.234376907348633,21.382986068725586,46.35148239135742,26.735700607299805,13.245410919189453,15.986918449401855,18.975309371948242,141.5305633544922,26.57274627685547,21.878543853759766,3.714843988418579,23.240894317626953,7.889069080352783,21.13575553894043,32.77126693725586,33.02479934692383,32.398841857910156,6.672044277191162,19.219745635986328,19.05695152282715,21.371028900146484,31.691598892211914
2009-10-07,18.710538864135742,5.711328506469727,37.878807067871094,37.72827911376953,30.414627075195312,35.77345275878906,37.24998092651367,17.898059844970703,16.75239372253418,38.02033233642578,8.313700675964355,12.691001892089844,67.6295166015625,16.573291778564453,36.8187141418457,15.358633995056152,11.792205810546875,17.81238555908203,37.7750244140625,24.379182815551758,34.67689895629883,26.691442489624023,40.004302978515625,40.154541015625,55.76758575439453,16.85950469970703,24.471342086791992,12.787694931030273,27.03934097290039,21.44774055480957,45.043331146240234,27.110565185546875,13.518108367919922,15.84355354309082,19.37255096435547,144.1798095703125,26.25992774963379,22.141456604003906,3.709641218185425,23.732282638549805,7.981616020202637,21.69896125793457,32.794837951660156,32.707000732421875,32.32172775268555,6.642075061798096,19.239315032958984,19.12202262878418,21.312095642089844,31.338716506958008
2009-10-08,19.135446548461914,5.681906700134277,38.0223274230957,37.93707275390625,30.14842414855957,36.21316146850586,37.7465705871582,18.03150749206543,16.685148239135742,37.535526275634766,8.318680763244629,12.7745361328125,67.35960388183594,16.758602142333984,36.644744873046875,15.397663116455078,11.851776123046875,18.323455810546875,38.49292755126953,24.73502540588379,35.472023010253906,27.01754379272461,40.39825439453125,40.39459991455078,55.974613189697266,16.883089065551758,24.85595703125,12.79914665222168,25.914226531982422,21.603166580200195,44.416629791259766,27.90019416809082,13.50252628326416,15.812081336975098,19.233518600463867,142.43138122558594,26.118276596069336,22.69570541381836,3.7356557846069336,24.04773712158203,8.022346496582031,22.445545196533203,33.20750045776367,32.79779815673828,32.531044006347656,6.687032699584961,19.382795333862305,19.13385772705078,21.80927848815918,31.698942184448242
2009-10-09,19.045989990234375,5.717933177947998,38.521461486816406,38.05793762207031,30.514467239379883,36.15660858154297,38.438629150390625,18.103790283203125,16.703489303588867,37.65984344482422,8.428271293640137,12.960886001586914,69.36458587646484,16.750530242919922,36.53519058227539,15.631847381591797,11.906580924987793,18.37114715576172,38.596221923828125,24.95660400390625,35.8394775390625,27.01754379272461,40.69949722290039,40.75814437866211,55.836585998535156,16.87298583984375,25.05512809753418,12.873624801635742,27.002750396728516,21.875144958496094,46.13246154785156,27.86829376220703,13.63497257232666,15.84005355834961,19.339448928833008,143.28668212890625,26.46062469482422,22.802289962768555,3.7044379711151123,23.93246841430664,8.259272575378418,22.170488357543945,32.995277404785156,33.23883056640625,32.64120864868164,6.765701770782471,19.39583969116211,19.062868118286133,22.004457473754883,31.588682174682617
2009-10-12,19.172710418701172,5.728137016296387,39.01437759399414,38.53042984008789,30.667537689208984,36.11894226074219,38.91938781738281,18.270599365234375,16.74628257751465,37.864959716796875,8.517932891845703,13.108680725097656,69.97599792480469,16.734378814697266,36.522300720214844,15.469210624694824,11.82079792022705,18.425670623779297,38.673683166503906,25.010311126708984,35.445255279541016,27.329891204833984,39.90388488769531,40.81989288330078,56.3542366027832,16.846036911010742,25.00018310546875,13.005404472351074,27.112516403198242,21.933420181274414,45.2806282043457,27.97995376586914,14.047928810119629,15.798090934753418,20.04787826538086,143.93006896972656,26.25992774963379,22.567798614501953,3.964583158493042,23.641286849975586,8.414755821228027,22.423717498779297,32.97169494628906,33.12855911254883,32.789913177490234,6.788178443908691,19.467571258544922,19.13385772705078,22.13702964782715,31.32402992248535
2009-10-13,19.239803314208984,5.704422950744629,38.066001892089844,38.60185623168945,30.388015747070312,35.968170166015625,39.130706787109375,18.025951385498047,16.74934196472168,37.66606140136719,8.358534812927246,13.166512489318848,69.96498107910156,16.887828826904297,36.760711669921875,15.540776252746582,11.99474048614502,18.759567260742188,38.5549201965332,24.721595764160156,35.23815155029297,27.000381469726562,40.08927917480469,40.6552619934082,56.561302185058594,16.863012313842773,25.219972610473633,12.948112487792969,26.26181411743164,21.603166580200195,45.085933685302734,27.78853416442871,13.876514434814453,15.934465408325195,19.9022159576416,141.7198486328125,26.21270179748535,22.12725067138672,3.964583158493042,23.216623306274414,8.362930297851562,22.25344467163086,32.853790283203125,32.99884796142578,32.50350570678711,6.765701770782471,19.53279685974121,19.166393280029297,22.33221435546875,31.353450775146484
2009-10-14,19.35161781311035,5.742549419403076,37.77898025512695,39.46992874145508,31.386301040649414,35.99958801269531,39.86503601074219,18.29283332824707,16.76156234741211,38.30003356933594,8.652426719665527,13.384990692138672,70.6975326538086,17.113969802856445,37.05068588256836,15.859529495239258,11.95899772644043,18.6573543548584,39.54655456542969,25.12445068359375,36.42075729370117,27.000381469726562,40.560462951660156,41.5469856262207,58.114234924316406,17.389450073242188,25.693872451782227,13.142903327941895,27.17654800415039,21.965801239013672,45.724796295166016,27.987926483154297,14.484245300292969,16.102304458618164,20.749683380126953,145.54232788085938,27.682409286499023,23.328113555908203,3.98539400100708,23.507810592651367,8.455483436584473,22.196680068969727,33.72626876831055,33.173973083496094,32.431907653808594,6.829388618469238,19.506702423095703,19.17230224609375,22.659988403320312,32.162071228027344
2009-10-15,19.91069793701172,5.720635414123535,38.0223274230957,40.074275970458984,31.386301040649414,35.95560836791992,40.514827728271484,18.515241622924805,16.786012649536133,38.95888900756836,8.796878814697266,13.282174110412598,70.49375915527344,17.218969345092773,37.50173568725586,15.853021621704102,12.140085220336914,18.602834701538086,39.64984130859375,25.35272979736328,36.59447479248047,27.038131713867188,39.98114013671875,42.411251068115234,57.941673278808594,17.630598068237305,26.105968475341797,13.297595024108887,26.463062286376953,22.34139633178711,45.55443572998047,28.34685707092285,14.102463722229004,16.305116653442383,20.776174545288086,142.779541015625,28.42611312866211,23.24285125732422,3.98539400100708,24.163002014160156,8.855302810668945,22.602710723876953,34.021026611328125,33.10911178588867,32.707305908203125,6.8368821144104,19.343666076660156,19.31131935119629,22.862525939941406,32.382625579833984
2009-10-16,19.754159927368164,5.645282745361328,37.72282028198242,40.173179626464844,30.654218673706055,36.08125305175781,40.57823181152344,18.465198516845703,16.813520431518555,38.716487884521484,8.851678848266602,12.967306137084961,67.00155639648438,17.61471176147461,37.87544631958008,15.625341415405273,12.204419136047363,18.57558250427246,39.26247787475586,25.372882843017578,36.460853576660156,27.20632553100586,41.085716247558594,42.06142044067383,55.491477966308594,17.46755599975586,25.89304542541504,13.108525276184082,25.950817108154297,22.302539825439453,45.901248931884766,27.87625503540039,13.447986602783203,16.14426040649414,19.875732421875,139.55499267578125,28.10738754272461,23.441802978515625,3.8605244159698486,24.49059295654297,9.132955551147461,22.68567657470703,33.6732063293457,32.946956634521484,32.53655242919922,6.84437370300293,19.558887481689453,19.521320343017578,22.575284957885742,32.3752555847168
2009-10-19,19.649799346923828,5.699618816375732,38.15959167480469,40.44788360595703,30.600990295410156,36.30109786987305,41.02727508544922,18.754323959350586,16.74628257751465,38.56730651855469,8.95628547668457,13.115103721618652,67.78372192382812,18.107372283935547,38.1976318359375,15.774962425231934,12.36406421661377,18.827707290649414,39.41743087768555,25.79586410522461,38.65237808227539,27.278417587280273,41.28656005859375,41.32061767578125,54.66327667236328,17.739282608032227,26.071619033813477,13.1600923538208,26.389883041381836,22.846515655517578,46.844337463378906,28.50636100769043,13.370068550109863,16.36805534362793,19.908838272094727,140.41036987304688,28.21953010559082,23.527074813842773,3.938567638397217,24.49059295654297,8.992279052734375,23.174665451049805,33.96797561645508,33.199913024902344,32.85602951049805,6.87434720993042,20.01540756225586,19.615966796875,22.8220272064209,33.84553527832031
2009-10-20,19.65724754333496,5.966797828674316,37.80394744873047,40.11823272705078,30.63425064086914,36.514678955078125,40.69444274902344,18.74875831604004,16.526216506958008,38.275184631347656,8.931375503540039,12.967306137084961,67.65153503417969,17.921611785888672,37.96567916870117,15.683892250061035,12.318798065185547,18.377965927124023,39.2263298034668,25.37959098815918,39.82831954956055,27.268112182617188,40.08156967163086,39.88016128540039,53.76599884033203,17.61361312866211,26.020689010620117,13.200196266174316,26.755779266357422,22.820608139038086,43.80210876464844,28.25113296508789,13.25320053100586,16.12678337097168,20.167055130004883,140.00160217285156,28.1605167388916,23.107831954956055,4.011407852172852,24.302536010742188,8.940451622009277,23.09608268737793,34.032833099365234,32.29191589355469,32.806453704833984,6.990477561950684,19.963233947753906,19.621885299682617,22.542146682739258,33.823482513427734
2009-10-21,19.813785552978516,6.15172004699707,37.629249572753906,40.277565002441406,29.715831756591797,36.38808059692383,40.66276931762695,18.170515060424805,16.526216506958008,38.436790466308594,8.67235279083252,12.761683464050293,66.57744598388672,17.792400360107422,37.58550262451172,15.586308479309082,12.063837051391602,17.935043334960938,39.42258834838867,24.81559944152832,39.019866943359375,27.089632034301758,39.10828399658203,40.74443817138672,53.59346389770508,17.37247085571289,25.62841796875,12.999669075012207,25.75872230529785,21.797433853149414,42.38441467285156,27.99590492248535,12.863632202148438,15.850542068481445,19.134199142456055,135.68710327148438,28.13689422607422,24.21633529663086,4.04782772064209,23.920339584350586,8.70351791381836,23.126644134521484,33.66143035888672,32.162200927734375,32.878055572509766,6.821898460388184,20.445846557617188,19.352725982666016,21.974990844726562,35.35988998413086
2009-10-22,19.82124137878418,6.160126686096191,38.0223274230957,40.89841079711914,30.42128562927246,36.793174743652344,40.83181381225586,18.27615737915039,16.550668716430664,38.2254524230957,8.747071266174316,12.928751945495605,67.57994079589844,17.921611785888672,38.33939743041992,15.729425430297852,12.028096199035645,18.207611083984375,40.693115234375,25.86972427368164,39.53132629394531,27.4002742767334,39.448150634765625,38.995296478271484,52.93778991699219,17.718900680541992,25.972518920898438,12.867903709411621,26.45391273498535,22.08236312866211,43.55263137817383,29.064699172973633,12.871419906616211,15.595282554626465,19.975053787231445,139.0403289794922,28.986846923828125,25.395885467529297,4.037423610687256,23.95673942565918,8.862707138061523,23.109176635742188,33.66143035888672,32.421634674072266,34.750816345214844,6.810658931732178,20.269756317138672,19.388221740722656,22.346956253051758,35.56575012207031
2009-10-23,20.88722038269043,6.122303009033203,37.77275466918945,40.420433044433594,30.10184097290039,36.48302459716797,40.509559631347656,18.03150749206543,16.27252769470215,37.93333435058594,8.59265422821045,12.71027660369873,66.29652404785156,17.808547973632812,38.29429626464844,15.722916603088379,12.018567085266113,17.900968551635742,40.19211959838867,25.688438415527344,38.764129638671875,26.82728385925293,38.536685943603516,38.528865814208984,52.45463943481445,17.42681312561035,25.5733699798584,12.741854667663574,26.069726943969727,21.991701126098633,43.923797607421875,27.58115577697754,12.637679100036621,15.326042175292969,19.41228675842285,136.5196990966797,32.032501220703125,24.87006378173828,3.9697844982147217,23.68981170654297,8.773856163024902,22.690046310424805,32.836097717285156,32.20761489868164,33.9135856628418,6.717000484466553,19.99583625793457,19.210752487182617,21.853469848632812,35.34521484375
2009-10-26,21.379209518432617,6.078474044799805,37.49197769165039,40.2336311340332,29.1634464263916,36.014644622802734,39.85974884033203,17.80354118347168,16.269479751586914,37.58525848388672,8.527896881103516,12.74240493774414,66.1588134765625,17.760087966918945,38.146087646484375,15.417176246643066,11.875601768493652,17.785140991210938,39.675662994384766,25.325876235961914,38.407447814941406,26.723726272583008,37.3007926940918,37.266761779785156,51.79895782470703,17.28415870666504,25.119142532348633,12.558523178100586,25.154998779296875,21.959325790405273,43.4857063293457,27.820432662963867,11.998785018920898,15.186169624328613,18.83626937866211,135.77035522460938,31.66654396057129,24.727941513061523,3.8865387439727783,23.59882164001465,8.792366027832031,22.15302085876465,32.14046859741211,32.84321212768555,33.85850143432617,6.73573112487793,19.813236236572266,19.228500366210938,21.43730926513672,35.31580352783203
2009-10-27,21.312131881713867,5.925069808959961,37.44829559326172,41.156654357910156,29.216686248779297,36.19187545776367,40.46200942993164,18.03150749206543,16.339767456054688,37.9146842956543,8.597631454467773,12.684575080871582,66.45626068115234,17.663169860839844,38.03010940551758,15.31309986114502,11.882749557495117,17.71698760986328,39.252166748046875,25.178165435791016,38.15170669555664,26.872163772583008,36.88368606567383,37.321624755859375,51.52289581298828,17.39624786376953,24.795705795288086,12.673107147216797,26.188640594482422,22.13417625427246,42.597381591796875,28.67386817932129,12.037739753723145,15.077767372131348,18.79653549194336,135.19508361816406,30.657236099243164,24.237659454345703,3.8136980533599854,22.870832443237305,8.699817657470703,22.44117546081543,32.12868118286133,33.0118293762207,33.89155197143555,6.79567289352417,19.63062286376953,19.361604690551758,21.728254318237305,34.492454528808594
2009-10-28,20.88722038269043,5.775872707366943,37.167537689208984,40.568756103515625,28.40474510192871,36.223506927490234,40.09221649169922,17.820226669311523,16.355058670043945,37.9084587097168,8.572724342346191,12.228343963623047,66.92443084716797,17.20281219482422,37.78524398803711,14.974823951721191,11.889901161193848,17.178665161132812,38.45677947998047,24.573884963989258,36.6307487487793,26.81348419189453,36.47429656982422,36.84146499633789,49.76288986206055,17.32832145690918,24.506668090820312,12.696022033691406,25.20073699951172,22.01761245727539,41.56910705566406,27.652938842773438,11.694917678833008,14.888951301574707,18.180801391601562,130.31288146972656,29.435436248779297,22.992319107055664,3.6211931705474854,22.50078010559082,8.718327522277832,21.81952476501465,32.05204391479492,32.68106460571289,33.616146087646484,6.818147659301758,19.291481018066406,19.19300651550293,21.083765029907227,33.38975524902344
2009-10-29,21.036312103271484,5.8944501876831055,37.34847640991211,40.63469696044922,29.516185760498047,37.685630798339844,41.18049240112305,17.408771514892578,16.532333374023438,38.157073974609375,8.742090225219727,12.350431442260742,67.67906951904297,17.323955535888672,38.1074333190918,15.300086975097656,12.00903606414795,17.65565299987793,38.98358917236328,24.976734161376953,38.52857971191406,27.2484073638916,37.70246124267578,37.239315032958984,51.31581497192383,17.27397918701172,25.057214736938477,12.718942642211914,26.28011131286621,22.108274459838867,42.2809944152832,29.064699172973633,12.255899429321289,15.014836311340332,18.91571807861328,135.1724090576172,30.019777297973633,23.96012306213379,3.7980899810791016,23.295490264892578,8.707220077514648,22.630760192871094,32.3880615234375,32.804283142089844,34.00171661376953,6.878089427947998,20.165409088134766,19.72836685180664,21.510971069335938,34.92616653442383
2009-10-30,20.671049118041992,5.658792972564697,36.84308624267578,39.37651824951172,27.799118041992188,36.71088409423828,40.43559646606445,17.19748878479004,16.293922424316406,37.63498306274414,8.483065605163574,12.279745101928711,66.43419647216797,17.04128646850586,37.76591110229492,14.838224411010742,11.83747673034668,17.096887588500977,37.99711227416992,24.09717559814453,37.054725646972656,27.141395568847656,36.922306060791016,36.77973937988281,49.210750579833984,17.17548370361328,24.293317794799805,12.48976993560791,25.466005325317383,22.02408790588379,41.85507583618164,27.78853416442871,11.359883308410645,14.878464698791504,18.22052574157715,128.8065643310547,28.76255989074707,22.857114791870117,3.642005205154419,22.94968605041504,8.56283950805664,22.123737335205078,31.645278930664062,32.51242446899414,33.687744140625,6.784430027008057,19.643667221069336,19.497665405273438,20.781774520874023,33.48532485961914
2009-11-02,20.78286361694336,5.683108329772949,37.117610931396484,39.64025115966797,28.33819580078125,37.312171936035156,40.48842239379883,17.380971908569336,16.41924285888672,37.66606140136719,8.44321060180664,12.215489387512207,66.40667724609375,17.033214569091797,38.12031173706055,14.961812019348145,11.98044490814209,17.07644271850586,38.36381530761719,24.29861831665039,37.34412384033203,27.16555404663086,37.28534698486328,35.96348190307617,49.93544006347656,17.290952682495117,24.603008270263672,12.472579002380371,25.63980484008789,22.049989700317383,41.90374755859375,28.458511352539062,11.398845672607422,14.920421600341797,18.280113220214844,129.19265747070312,29.010448455810547,22.757490158081055,3.9437716007232666,23.483549118041992,8.573945999145508,22.035558700561523,31.839815139770508,32.78483963012695,34.55802917480469,6.855611801147461,19.90453338623047,19.44738006591797,21.172155380249023,34.03665542602539
2009-11-03,20.521957397460938,5.666296005249023,36.76822280883789,39.41498565673828,28.418054580688477,37.0780029296875,40.520118713378906,17.05292510986328,16.235851287841797,37.33042907714844,8.41332721710205,11.887770652770996,66.7371597290039,16.871679306030273,38.1718635559082,14.903268814086914,11.889901161193848,17.035564422607422,38.25019073486328,24.204607009887695,37.996925354003906,26.76860237121582,37.154029846191406,36.038944244384766,49.417781829833984,17.1279296875,24.382789611816406,12.524149894714355,25.895931243896484,21.719728469848633,42.22621536254883,28.745656967163086,11.531295776367188,15.3155517578125,18.366188049316406,129.8966064453125,28.880603790283203,22.8713436126709,3.870929718017578,23.319747924804688,8.548027992248535,22.37505531311035,31.951824188232422,32.50596237182617,34.15043258666992,6.915552616119385,20.81106185913086,19.23441505432129,21.35262107849121,34.70563888549805
2009-11-04,20.91703987121582,5.728137016296387,37.13633346557617,39.17323684692383,28.09193992614746,37.362815856933594,40.298240661621094,18.148273468017578,16.348947525024414,37.5293083190918,8.513904571533203,12.036691665649414,66.80878448486328,16.87975311279297,38.848445892333984,15.150463104248047,12.004267692565918,17.0083065032959,38.2553596496582,24.439605712890625,37.83540725708008,27.037839889526367,37.45792770385742,35.7508430480957,48.96917724609375,17.290952682495117,24.87828826904297,12.707483291625977,27.240581512451172,22.004653930664062,42.83466720581055,28.681854248046875,11.453383445739746,15.340020179748535,17.789133071899414,128.29945373535156,28.927831649780273,22.401683807373047,3.7824814319610596,23.95067024230957,8.548027992248535,22.59549331665039,31.539159774780273,32.73942565917969,34.50845718383789,6.919295310974121,21.0067195892334,19.201875686645508,21.234771728515625,34.374813079833984
2009-11-05,21.222667694091797,5.824803829193115,37.42334747314453,39.83253479003906,29.19670867919922,38.274253845214844,40.80540084838867,18.187196731567383,16.6270809173584,38.05763626098633,8.559164047241211,12.230934143066406,67.80574798583984,17.218969345092773,39.61522674560547,15.566795349121094,12.21871566772461,17.46486473083496,38.9732551574707,25.23859405517578,39.02659606933594,27.47622299194336,38.782649993896484,37.07469177246094,49.79740524291992,17.532094955444336,19.86821746826172,12.890819549560547,27.84429931640625,22.296066284179688,44.331443786621094,30.101585388183594,11.788413047790527,15.909989356994629,18.100879669189453,131.25148010253906,29.565298080444336,23.070598602294922,3.876133918762207,24.3085994720459,8.6331787109375,22.904104232788086,32.1051025390625,33.5631103515625,35.00418472290039,6.994225978851318,21.150197982788086,19.595266342163086,21.79822540283203,35.36725616455078
2009-11-06,21.259944915771484,5.834108829498291,37.62300109863281,39.87649917602539,28.93716812133789,38.635040283203125,40.95859909057617,18.120466232299805,16.65458869934082,38.38706588745117,8.528990745544434,12.256834983825684,68.32585144042969,17.29973602294922,39.76987075805664,15.49523639678955,12.211565971374512,17.771507263183594,38.94742965698242,25.31244468688965,38.764129638671875,27.56941795349121,38.712501525878906,37.51369094848633,52.90327453613281,17.50153923034668,20.501359939575195,12.971024513244629,28.246776580810547,22.34139633178711,44.885135650634766,29.678844451904297,11.726080894470215,16.175739288330078,17.98811912536621,130.02528381347656,29.500350952148438,23.198688507080078,4.032218933105469,24.00527572631836,8.614667892456055,22.974647521972656,32.340904235839844,33.96520233154297,35.092323303222656,6.945521831512451,21.124116897583008,19.63075828552246,21.853975296020508,34.66887664794922
2009-11-09,21.610301971435547,6.0478515625,37.90378189086914,40.257816314697266,29.516185760498047,39.147735595703125,41.02727508544922,18.587526321411133,16.95718002319336,38.71026611328125,8.76534652709961,12.600004196166992,69.71460723876953,17.630863189697266,40.36268997192383,15.605819702148438,12.390271186828613,18.268936157226562,39.871917724609375,25.809289932250977,40.379295349121094,28.03887176513672,40.01382827758789,37.66459274291992,54.69776916503906,17.7800350189209,21.265262603759766,13.20592975616455,28.31995964050293,22.872407913208008,45.99251174926758,31.146453857421875,12.287063598632812,16.287633895874023,18.83711814880371,133.65090942382812,30.096513748168945,24.159364700317383,4.2559428215026855,24.290401458740234,8.770156860351562,23.3009090423584,33.13086700439453,34.97697067260742,35.30715560913086,7.069150447845459,21.16976547241211,19.734277725219727,22.623323440551758,35.639259338378906
2009-11-10,21.625211715698242,6.093482971191406,38.20326614379883,40.12516784667969,29.396373748779297,39.154056549072266,41.38651657104492,18.687602996826172,17.058032989501953,38.5859489440918,8.83072566986084,12.625901222229004,70.21809387207031,17.606637954711914,40.130714416503906,15.384650230407715,12.46413803100586,18.2757511138916,40.279937744140625,25.916723251342773,40.35238265991211,28.121694564819336,39.211219787597656,37.10898971557617,54.45622253417969,17.932880401611328,20.549537658691406,13.372077941894531,28.310815811157227,23.148216247558594,45.390140533447266,31.64893913269043,12.489642143249512,16.36805534362793,18.638137817382812,133.60545349121094,29.8544979095459,23.981473922729492,4.2871599197387695,24.023469924926758,8.770156860351562,23.62276268005371,33.51405334472656,34.99642562866211,35.39527130126953,7.144068241119385,21.267597198486328,19.867380142211914,22.660484313964844,35.54368591308594
2009-11-11,21.70721435546875,6.101588726043701,37.97865295410156,40.29095458984375,29.49620819091797,39.38824462890625,41.47633361816406,18.47075843811035,17.155845642089844,38.909156799316406,8.860898971557617,12.846043586730957,70.37300872802734,17.687397003173828,40.485107421875,15.56029224395752,12.621408462524414,18.609649658203125,40.26443862915039,26.004005432128906,40.419677734375,28.208005905151367,39.491756439208984,37.5754280090332,54.62873840332031,18.089113235473633,20.645883560180664,13.320511817932129,28.265071868896484,23.108814239501953,45.68220138549805,31.94405174255371,12.801295280456543,16.483442306518555,19.102418899536133,136.13368225097656,30.4034423828125,24.01704978942871,4.333985328674316,23.87786865234375,8.74423885345459,23.43758773803711,34.23325729370117,35.5541877746582,35.25756072998047,7.106607437133789,20.97410774230957,19.80231285095215,22.73853874206543,35.29375457763672
2009-11-12,21.88611602783203,6.063762187957764,38.15333938598633,39.73282241821289,28.817365646362305,38.799617767333984,40.90048599243164,18.337316513061523,17.097774505615234,38.082496643066406,8.860898971557617,12.742450714111328,69.85845947265625,17.800466537475586,40.05982971191406,15.222023963928223,12.6857328414917,18.561946868896484,39.87708282470703,25.89658546447754,39.416908264160156,27.7868709564209,39.18004608154297,37.877235412597656,54.35267639160156,18.07891273498535,20.418777465820312,13.246033668518066,27.64305877685547,22.970911026000977,45.085933685302734,31.50536346435547,12.513017654418945,16.392532348632812,18.717731475830078,135.09669494628906,30.120115280151367,23.490455627441406,4.2663469314575195,23.81548309326172,8.623435020446777,23.023151397705078,33.76390838623047,35.41801071166992,35.020713806152344,7.125339984893799,21.032806396484375,19.899917602539062,22.385461807250977,34.8526725769043
2009-11-13,22.08738136291504,6.137612819671631,38.328041076660156,40.047821044921875,28.551158905029297,38.995819091796875,41.17521286010742,18.404043197631836,17.2567081451416,38.49892807006836,8.845809936523438,12.833089828491211,70.28449249267578,18.042762756347656,40.96836853027344,15.42367935180664,12.676204681396484,18.63009262084961,39.933895111083984,26.353145599365234,39.55824661254883,28.128597259521484,39.491756439208984,38.007564544677734,54.04208755493164,17.983810424804688,20.81792640686035,13.280405044555664,27.981508255004883,23.22046661376953,46.284584045410156,32.183319091796875,12.450688362121582,16.451969146728516,18.35955810546875,133.7947540283203,29.948945999145508,23.54738426208496,4.375607967376709,23.97376251220703,8.656893730163574,23.292095184326172,33.680728912353516,35.84605026245117,35.27408981323242,7.215251445770264,21.202373504638672,19.99456787109375,22.433773040771484,34.97765350341797
2009-11-16,22.020299911499023,6.203056335449219,38.80222702026367,41.130924224853516,28.644332885742188,39.4135627746582,41.894683837890625,18.798805236816406,17.342287063598633,38.80349349975586,9.021822929382324,13.098564147949219,70.9373779296875,18.43851089477539,41.58052062988281,15.5277681350708,12.666671752929688,18.84133529663086,40.29543685913086,26.762714385986328,40.64849090576172,28.442720413208008,40.894371032714844,38.50829315185547,55.21543884277344,18.21476936340332,20.776639938354492,13.92208480834961,28.292516708374023,23.568498611450195,46.838233947753906,33.05271530151367,12.36497688293457,16.584850311279297,18.711095809936523,134.16571044921875,30.049293518066406,24.35862159729004,4.531695365905762,23.985933303833008,8.705212593078613,23.73738670349121,34.304561614990234,36.32597732543945,35.70922088623047,7.24522066116333,20.824111938476562,20.03302001953125,22.831464767456055,35.95535659790039
2009-11-17,22.462051391601562,6.214163303375244,38.789756774902344,41.462486267089844,28.724201202392578,39.438880920410156,42.00127410888672,19.06569480895996,17.382022857666016,38.909156799316406,9.021822929382324,13.156834602355957,71.16975402832031,18.414274215698242,40.961944580078125,15.670880317687988,12.785815238952637,18.3916015625,40.687950134277344,26.594852447509766,40.29855728149414,28.594593048095703,40.93332290649414,38.60432434082031,55.284420013427734,18.10608673095703,20.948692321777344,13.881979942321777,27.981508255004883,23.601335525512695,46.43058395385742,32.98891830444336,12.287063598632812,16.605836868286133,18.817214965820312,133.67364501953125,29.907629013061523,23.817800521850586,4.672170162200928,23.95549201965332,8.575116157531738,23.67125701904297,33.906497955322266,36.33894348144531,35.95709991455078,7.207760334014893,21.092681884765625,19.985692977905273,22.768272399902344,36.131797790527344
2009-11-18,22.54440689086914,6.182941436767578,38.88334655761719,41.595123291015625,28.870616912841797,39.50217056274414,42.059906005859375,19.538301467895508,17.293384552001953,38.722694396972656,9.14754581451416,13.02734088897705,70.9041748046875,18.414274215698242,41.22612762451172,15.61233139038086,12.902566909790039,18.59602928161621,40.443626403808594,26.53598976135254,39.98223876953125,29.64048957824707,40.53592300415039,38.50829315185547,55.52600860595703,18.061935424804688,21.120737075805664,14.048126220703125,27.606470108032227,23.778642654418945,45.85256576538086,33.156410217285156,12.73896598815918,16.357568740844727,19.142223358154297,133.90069580078125,29.618419647216797,23.718172073364258,4.651359558105469,23.778945922851562,8.448737144470215,23.62276268005371,34.084716796875,36.0081787109375,35.874481201171875,7.230233669281006,20.90926170349121,19.96202850341797,22.489524841308594,37.82996368408203
2009-11-19,22.297327041625977,6.019331932067871,38.95197296142578,41.252506256103516,28.318225860595703,39.33760452270508,41.21783447265625,19.643949508666992,17.385080337524414,38.46165084838867,9.107314109802246,12.496400833129883,70.56668853759766,18.083141326904297,40.85884475708008,15.40416145324707,12.99549674987793,18.47337532043457,40.157718658447266,25.879695892333984,39.443851470947266,29.139976501464844,40.07617950439453,38.45342254638672,54.38718795776367,17.987218856811523,21.389131546020508,13.767390251159668,27.295467376708984,23.719539642333984,45.803897857666016,32.813419342041016,12.528593063354492,16.266653060913086,18.7840576171875,130.82009887695312,29.06947898864746,22.992319107055664,4.542097568511963,23.760684967041016,8.482190132141113,23.173053741455078,33.9599609375,35.34665298461914,35.66517639160156,7.1965203285217285,20.67999839782715,19.96794319152832,22.106706619262695,37.41094207763672
2009-11-20,22.177532196044922,6.001622676849365,39.184654235839844,41.10329055786133,28.258333206176758,39.116065979003906,40.9140739440918,20.272249221801758,17.568456649780273,38.5859489440918,9.233036994934082,12.457554817199707,70.24575805664062,18.042762756347656,41.21969223022461,15.261051177978516,12.93354320526123,18.52106475830078,39.840614318847656,25.73762321472168,38.999671936035156,28.984657287597656,40.286563873291016,37.986976623535156,53.80052947998047,18.218172073364258,21.774518966674805,14.013754844665527,27.46925926208496,24.028181076049805,46.30282211303711,32.645938873291016,12.536391258239746,16.221193313598633,18.48558235168457,128.685546875,28.750751495361328,22.84288215637207,4.495273590087891,23.724166870117188,8.497060775756836,22.9614315032959,34.167903900146484,35.67094039916992,35.66517639160156,7.110356330871582,20.712757110595703,20.095125198364258,22.021224975585938,37.3668212890625
2009-11-23,22.417129516601562,6.180541515350342,39.423614501953125,41.83274459838867,28.804059982299805,39.7047233581543,41.96395492553711,20.2500057220459,17.800750732421875,38.840789794921875,9.318525314331055,12.561156272888184,70.93183135986328,18.25274658203125,41.23257064819336,15.547280311584473,13.028850555419922,18.745941162109375,40.40724563598633,26.17063331604004,39.12752914428711,29.19175148010254,41.01126480102539,38.583744049072266,55.284420013427734,18.044950485229492,21.94657325744629,14.351776123046875,29.545690536499023,24.16609001159668,47.020782470703125,33.20425796508789,12.692219734191895,16.437986373901367,18.61823844909668,130.1918182373047,29.205238342285156,23.212919235229492,4.542097568511963,23.99810218811035,8.523078918457031,23.089279174804688,34.55406951904297,36.35191345214844,36.17742156982422,7.1665496826171875,20.86341094970703,20.213443756103516,22.496952056884766,38.11666488647461
2009-11-24,22.3946533203125,6.1373138427734375,39.73177719116211,41.9819450378418,28.271642684936523,39.749019622802734,42.11851501464844,20.13880157470703,17.78546714782715,38.84701156616211,9.207889556884766,12.55467700958252,70.782470703125,17.881229400634766,41.38077926635742,15.443192481994629,13.069355964660645,18.78000831604004,40.34486389160156,26.231523513793945,39.033329010009766,29.360881805419922,40.4969596862793,38.96099853515625,55.62952423095703,18.421953201293945,21.746999740600586,14.414801597595215,30.003055572509766,24.494417190551758,47.191162109375,33.05271530151367,12.544184684753418,16.420503616333008,18.478944778442383,129.53326416015625,29.028160095214844,22.857114791870117,4.583722114562988,23.985933303833008,8.575116157531738,23.2259578704834,34.41149139404297,36.28708267211914,36.22148513793945,7.230233669281006,20.476930618286133,20.41457176208496,22.24421501159668,38.44012451171875
2009-11-25,22.30481719970703,6.1298089027404785,39.80722427368164,42.25825881958008,28.05865478515625,39.793338775634766,42.44362258911133,20.33340072631836,17.761018753051758,39.2758674621582,9.348697662353516,12.522303581237793,70.42282104492188,18.25274658203125,41.52897262573242,15.443192481994629,13.095566749572754,18.977624893188477,40.500816345214844,26.46156883239746,39.733238220214844,29.153785705566406,41.245033264160156,39.15306854248047,55.836585998535156,18.479694366455078,21.698822021484375,14.695536613464355,30.33235740661621,24.560096740722656,47.82392501831055,33.27605056762695,12.4273099899292,16.427501678466797,18.459049224853516,127.86039733886719,28.975038528442383,22.35898780822754,4.583722114562988,23.8824405670166,8.563962936401367,23.32295036315918,34.577842712402344,36.535423278808594,36.359195709228516,7.189026355743408,20.56863784790039,20.325836181640625,22.54899024963379,39.47666549682617
2009-11-27,21.87803077697754,6.021734237670898,39.54939651489258,41.37407302856445,27.506282806396484,39.54648208618164,41.66017532348633,20.177719116210938,17.600950241088867,38.722694396972656,9.177715301513672,12.373381614685059,69.54862976074219,17.840845108032227,41.33401107788086,15.209013938903809,13.016940116882324,18.814075469970703,39.89778518676758,26.03530502319336,38.663185119628906,28.867280960083008,40.87098693847656,38.755226135253906,55.00835418701172,18.367612838745117,21.471712112426758,14.540844917297363,29.85669708251953,24.231752395629883,47.29032516479492,32.57415008544922,12.053322792053223,16.2806396484375,18.001388549804688,124.25745391845703,27.959821701049805,21.711416244506836,4.542097568511963,23.74850845336914,8.500779151916504,22.890880584716797,34.12038040161133,35.94720458984375,36.11132049560547,7.117846965789795,20.077350616455078,20.1424560546875,22.050954818725586,38.491580963134766
2009-11-30,22.020299911499023,6.001319885253906,39.51796340942383,41.48460388183594,28.278284072875977,39.464202880859375,41.59090805053711,20.13323974609375,17.60711669921875,38.67298126220703,9.137484550476074,12.431660652160645,69.90827941894531,17.832778930664062,41.10654067993164,15.222023963928223,12.997875213623047,18.64372444152832,40.25647735595703,26.028545379638672,39.29579162597656,29.060590744018555,40.839813232421875,38.65232849121094,55.284420013427734,18.506864547729492,21.34096336364746,14.500739097595215,29.344453811645508,24.120115280151367,47.37005615234375,33.363792419433594,12.349398612976074,16.1232852935791,18.598342895507812,128.6949462890625,28.880603790283203,22.472841262817383,4.625345230102539,23.675451278686523,8.4524564743042,22.824758529663086,34.14414596557617,35.816471099853516,36.337158203125,7.046669006347656,20.182159423828125,20.112886428833008,22.088117599487305,39.33699035644531
2009-12-01,22.469532012939453,5.913063049316406,39.93928909301758,42.02063751220703,28.098600387573242,39.81865310668945,42.13450622558594,20.505773544311523,17.877992630004883,39.69853210449219,9.479450225830078,12.729496955871582,70.78799438476562,18.123525619506836,41.29502487182617,15.56029224395752,13.0455322265625,19.238040924072266,40.87509536743164,26.637483596801758,40.16394805908203,29.59906768798828,41.860626220703125,39.15306854248047,55.80207824707031,18.503461837768555,21.457950592041016,14.122605323791504,30.259185791015625,24.35651969909668,48.412776947021484,32.941062927246094,12.388354301452637,16.22469139099121,18.56517219543457,127.15507507324219,28.691726684570312,22.430147171020508,4.620143413543701,23.967666625976562,8.50821304321289,23.04078483581543,34.387725830078125,36.11713409423828,36.80535125732422,7.144068241119385,20.738956451416016,20.314010620117188,22.266525268554688,39.73395919799805
2009-12-02,22.297327041625977,5.890847682952881,40.17197036743164,41.882484436035156,27.905603408813477,39.995872497558594,41.9586296081543,20.461292266845703,17.841053009033203,39.84251022338867,9.424131393432617,12.768351554870605,70.38407897949219,18.301206588745117,40.619110107421875,15.5277681350708,13.002636909484863,19.46477699279785,40.7607307434082,26.908117294311523,39.66592788696289,29.79583168029785,41.907371520996094,39.441158294677734,55.45698928833008,18.489879608154297,21.409780502319336,14.191359519958496,30.524446487426758,24.632328033447266,47.958858489990234,32.733680725097656,12.201240539550781,16.273643493652344,18.20700454711914,126.41930389404297,29.152111053466797,21.77545738220215,4.687780380249023,23.255399703979492,8.437590599060059,22.855607986450195,34.39960861206055,36.123661041259766,37.12216567993164,7.177786827087402,20.69965171813965,20.278514862060547,22.504390716552734,39.69718933105469
2009-12-03,22.334768295288086,5.898353576660156,40.348052978515625,41.44039535522461,27.552871704101562,39.59711456298828,41.54826354980469,20.44461441040039,17.628662109375,39.2853889465332,9.37384033203125,12.86547565460205,70.57221221923828,18.28505516052246,40.27467346191406,15.50174331665039,12.971661567687988,19.18994903564453,40.10572052001953,26.793102264404297,39.16791915893555,29.564550399780273,41.899600982666016,38.78951644897461,55.21543884277344,18.421953201293945,21.196434020996094,14.414801597595215,29.481660842895508,24.560096740722656,47.51725769042969,31.002878189086914,12.287003517150879,16.175739288330078,17.570253372192383,124.62914276123047,29.163915634155273,21.490816116333008,4.651359558105469,23.011886596679688,8.266607284545898,22.560224533081055,34.20354461669922,35.88837432861328,36.69974899291992,7.170295238494873,20.529340744018555,20.169071197509766,22.1475887298584,39.991249084472656
2009-12-04,22.44706916809082,5.803490161895752,40.473838806152344,41.03145980834961,27.779144287109375,39.622440338134766,41.60689163208008,20.40568733215332,17.696378707885742,39.96769714355469,9.298412322998047,13.247485160827637,70.40619659423828,18.43851089477539,40.027706146240234,15.716413497924805,12.924012184143066,19.293006896972656,40.672340393066406,27.158470153808594,39.23521041870117,29.412681579589844,42.60868453979492,38.995296478271484,55.90558624267578,18.265727996826172,21.16891860961914,14.403339385986328,29.417634963989258,24.553531646728516,47.97114181518555,31.345849990844727,12.692407608032227,16.291128158569336,17.88199234008789,126.85924530029297,29.35280990600586,22.03875160217285,4.651359558105469,23.04841423034668,8.363247871398926,22.335363388061523,34.381778717041016,36.52888870239258,36.61082077026367,7.23772668838501,20.69309425354004,20.387948989868164,22.441200256347656,39.87363052368164
2009-12-07,22.30481719970703,5.672298908233643,40.480125427246094,40.766204833984375,27.453046798706055,39.540157318115234,41.66017532348633,20.40568733215332,17.8133544921875,40.205562591552734,9.082168579101562,13.189209938049316,70.2900390625,18.155832290649414,40.2486572265625,15.748940467834473,13.088421821594238,19.389202117919922,40.500816345214844,27.611780166625977,38.73721694946289,28.642921447753906,43.49702453613281,38.74150848388672,55.491477966308594,18.224960327148438,21.230857849121094,14.483551025390625,30.405536651611328,24.3433837890625,48.25328063964844,31.433565139770508,12.388355255126953,16.301618576049805,17.48402976989746,124.28783416748047,28.68581771850586,21.618898391723633,4.635750770568848,22.93882942199707,8.493342399597168,22.40591049194336,34.381778717041016,36.66614532470703,36.23287582397461,7.256462574005127,20.345928192138672,20.408655166625977,22.422630310058594,39.41050338745117
2009-12-08,22.14008903503418,5.699918746948242,40.4046630859375,40.31305694580078,27.426410675048828,39.16038131713867,40.908748626708984,20.21108055114746,17.754863739013672,39.736087799072266,8.931303977966309,12.943168640136719,70.15724182128906,17.69546890258789,39.39079666137695,15.488728523254395,12.964520454406738,19.011306762695312,40.08494186401367,27.226118087768555,37.943084716796875,28.304643630981445,43.37234878540039,38.36423873901367,54.2491340637207,18.082305908203125,21.031274795532227,14.265839576721191,30.963520050048828,23.975645065307617,47.63378143310547,31.21025848388672,12.014132499694824,16.12678337097168,17.26515007019043,122.76309967041016,29.016366958618164,21.455228805541992,4.588925838470459,22.57356834411621,7.482316970825195,22.01793098449707,34.304561614990234,35.953731536865234,36.07725143432617,7.215251445770264,20.182159423828125,20.32879066467285,21.86883544921875,38.42543029785156
2009-12-09,22.24490737915039,5.937979221343994,40.48641586303711,40.22465133666992,27.41310691833496,39.39458084106445,41.06862258911133,20.655881881713867,17.801042556762695,38.68447494506836,9.172687530517578,12.956116676330566,71.03697204589844,17.727785110473633,39.38429641723633,15.521258354187012,12.948471069335938,18.928861618041992,41.452125549316406,27.239654541015625,37.8084831237793,28.47724151611328,43.224300384521484,38.46712875366211,54.04208755493164,18.20798683166504,21.35472297668457,14.386153221130371,30.689105987548828,24.00847816467285,46.24757766723633,31.808452606201172,11.998538970947266,16.084821701049805,17.218708038330078,126.25241088867188,28.609098434448242,21.59755516052246,4.60973596572876,23.273656845092773,7.445148468017578,22.14137840270996,34.31644058227539,35.55504608154297,35.638160705566406,7.256462574005127,19.965993881225586,20.290342330932617,22.09184455871582,38.69740676879883
2009-12-10,22.364717483520508,5.896851062774658,40.731658935546875,40.00911331176758,27.466346740722656,39.39458084106445,41.26047897338867,20.872739791870117,18.03190803527832,38.709503173828125,9.212920188903809,13.046767234802246,71.56258392333984,18.244680404663086,39.676761627197266,15.573302268981934,13.096944808959961,19.23117446899414,41.94076919555664,27.273479461669922,38.319950103759766,28.58770179748535,42.8658332824707,38.549442291259766,53.869544982910156,18.364212036132812,21.678173065185547,14.632512092590332,32.54600143432617,22.9971866607666,46.603336334228516,32.087608337402344,11.858205795288086,16.18622589111328,16.794219970703125,126.4724349975586,29.47675132751465,21.512157440185547,4.708590984344482,23.340627670288086,7.456299304962158,22.436767578125,34.23920440673828,35.80994415283203,35.910499572753906,7.286429405212402,19.985641479492188,20.32879066467285,21.943174362182617,38.52098846435547
2009-12-11,22.3497371673584,5.844017505645752,40.78196334838867,40.246742248535156,27.260032653808594,39.4578857421875,41.44167709350586,20.822185516357422,18.195045471191406,38.352725982666016,9.202863693237305,12.884891510009766,71.7507095336914,18.398128509521484,40.07318878173828,15.462714195251465,13.08736515045166,19.574710845947266,42.49699020385742,27.65237808227539,38.70357131958008,28.967388153076172,43.325584411621094,38.62489318847656,54.939361572265625,18.262313842773438,22.173681259155273,14.781463623046875,32.52769088745117,22.964351654052734,47.09402847290039,32.48642349243164,12.185648918151855,16.231679916381836,16.853912353515625,125.91868591308594,29.69624137878418,21.19193458557129,4.682577610015869,23.626750946044922,7.445148468017578,22.449996948242188,34.464962005615234,36.05177688598633,35.96609115600586,7.312653541564941,19.97254180908203,20.426393508911133,21.746192932128906,38.550384521484375
2009-12-14,22.54440689086914,5.913360595703125,40.85115432739258,38.51154708862305,27.799118041992188,39.88194274902344,41.17521286010742,21.215373992919922,18.173498153686523,38.17119216918945,9.25314998626709,12.936689376831055,71.88905334472656,18.826169967651367,40.38515090942383,15.508247375488281,12.948471069335938,19.835796356201172,42.580162048339844,27.9500789642334,39.23521041870117,29.164155960083008,43.67625045776367,39.00214385986328,55.04285430908203,18.265727996826172,22.2700252532959,14.873137474060059,33.186302185058594,23.391202926635742,47.731929779052734,32.92509460449219,12.185648918151855,16.420503616333008,16.90696907043457,125.99454498291016,29.625057220458984,21.469467163085938,4.724201202392578,23.26148796081543,7.404262542724609,22.524946212768555,35.047203063964844,37.01253890991211,36.143951416015625,7.368844509124756,19.802227020263672,20.387948989868164,22.18475341796875,39.15320587158203
2009-12-15,22.477022171020508,5.829006671905518,40.71278762817383,38.22419357299805,27.193492889404297,39.31861877441406,41.23383331298828,21.34457015991211,18.17965316772461,38.17744064331055,9.197834014892578,12.820146560668945,71.09232330322266,18.705028533935547,40.29417419433594,15.27405834197998,12.926918983459473,19.938858032226562,42.9908561706543,27.90947723388672,39.16791915893555,29.1675968170166,43.380126953125,38.24079132080078,54.35267639160156,18.337034225463867,21.85711097717285,14.747091293334961,32.97592544555664,23.47657012939453,47.603118896484375,32.66986083984375,11.842613220214844,15.84355354309082,17.01973533630371,123.44578552246094,29.678447723388672,21.241737365722656,4.885488986968994,23.04841423034668,7.49347448348999,22.335363388061523,35.20167922973633,36.47660827636719,36.132835388183594,7.380086898803711,20.070796966552734,20.34654426574707,21.857688903808594,39.33699035644531
2009-12-16,22.536924362182617,5.854824066162109,40.75053024291992,37.815250396728516,27.526256561279297,39.34394073486328,41.51095962524414,21.204143524169922,17.982654571533203,37.983394622802734,9.25818157196045,12.54820442199707,71.21404266357422,18.672725677490234,40.56712341308594,15.254545211791992,12.768863677978516,19.897624969482422,42.48141860961914,27.314067840576172,39.18811798095703,29.20901870727539,42.9593391418457,37.774330139160156,54.145626068115234,18.2996768951416,21.285907745361328,14.787200927734375,33.661964416503906,23.450300216674805,47.5111198425293,32.9171257019043,11.9127779006958,15.116236686706543,17.139123916625977,125.15255737304688,30.70469856262207,21.590438842773438,4.937516689300537,23.279748916625977,7.6235671043396,22.42354393005371,35.05314254760742,36.35897445678711,36.105045318603516,7.353858470916748,20.46383285522461,20.198646545410156,22.032373428344727,40.08683776855469
2009-12-17,22.162546157836914,5.759660243988037,40.543006896972656,37.69921112060547,26.80082130432129,38.98316955566406,40.91938781738281,20.940147399902344,17.539392471313477,37.58277130126953,9.16263198852539,12.34748649597168,70.48922729492188,18.4788875579834,40.242164611816406,15.078913688659668,12.634760856628418,19.78769874572754,41.83158493041992,26.75250816345215,38.717041015625,28.60840606689453,42.445045471191406,37.43824005126953,54.49070739746094,18.197778701782227,21.471712112426758,14.764280319213867,32.98506546020508,23.27955436706543,46.66468811035156,32.263099670410156,11.585333824157715,15.105745315551758,17.291671752929688,122.07281494140625,30.722503662109375,20.722261428833008,4.885488986968994,22.713577270507812,7.564091682434082,22.136966705322266,34.59567642211914,36.21516799926758,35.621490478515625,7.338876247406006,20.00529670715332,20.420488357543945,21.671857833862305,39.80010986328125
2009-12-18,22.731590270996094,5.866832733154297,40.480125427246094,37.69367599487305,27.25338363647461,38.95783996582031,40.983341217041016,21.00754737854004,17.520923614501953,37.23224639892578,9.202863693237305,12.710074424743652,70.7713851928711,19.658044815063477,40.404632568359375,15.176492691040039,12.656311988830566,19.684640884399414,42.091522216796875,26.488628387451172,38.48820495605469,28.51866912841797,41.64243698120117,38.275089263916016,53.80052947998047,18.116275787353516,21.457950592041016,14.770011901855469,32.74724578857422,23.456871032714844,46.82415771484375,32.31095504760742,11.717866897583008,14.97636604309082,17.762605667114258,123.78716278076172,31.600467681884766,20.786306381225586,5.036371231079102,22.30569839477539,7.482316970825195,21.956205368041992,34.447147369384766,36.41778564453125,35.1990966796875,7.361354827880859,20.011842727661133,20.39386558532715,21.474872589111328,40.307369232177734
2009-12-21,22.85139274597168,5.9508867263793945,40.4549674987793,37.85947799682617,27.88563346862793,38.799617767333984,41.3031120300293,21.170440673828125,17.600950241088867,37.85820388793945,9.358758926391602,13.007915496826172,71.1808090209961,19.730745315551758,40.72310256958008,15.378142356872559,12.788020133972168,19.897624969482422,42.33063507080078,26.77279281616211,38.764129638671875,28.72922134399414,42.31259536743164,38.912994384765625,53.731502532958984,18.31326675415039,22.22873306274414,14.821575164794922,34.018707275390625,23.798337936401367,46.781219482421875,32.71772766113281,11.9127779006958,15.09175968170166,18.1340389251709,125.50153350830078,31.369104385375977,21.10654067993164,5.031170845031738,22.28743553161621,7.61613130569458,22.308916091918945,34.82737731933594,36.738033294677734,35.84382247924805,7.383829116821289,20.16905975341797,20.58611488342285,21.642122268676758,40.85871505737305
2009-12-22,23.076000213623047,6.014830589294434,40.58073806762695,37.892608642578125,27.912250518798828,38.799617767333984,41.29778289794922,21.204143524169922,17.628662109375,37.95210647583008,9.358758926391602,12.975544929504395,71.88905334472656,19.75497055053711,40.924560546875,15.449703216552734,12.773653984069824,20.124370574951172,42.60615539550781,26.793102264404297,38.95928955078125,28.732656478881836,42.93598175048828,39.24909210205078,53.42091369628906,18.381189346313477,22.23562240600586,14.661155700683594,33.54304885864258,23.71297264099121,46.40096664428711,33.03676986694336,11.951759338378906,15.119736671447754,18.014650344848633,124.85670471191406,31.665714263916016,21.063838958740234,5.150834560394287,22.506603240966797,7.657015323638916,22.414724349975586,34.803611755371094,36.67268371582031,35.699302673339844,7.443771839141846,20.175609588623047,20.967674255371094,21.879987716674805,41.6011848449707
2009-12-23,23.15088653564453,6.0670647621154785,40.605892181396484,37.7213249206543,27.659353256225586,38.80593490600586,41.05794906616211,20.923290252685547,17.63482093811035,37.983394622802734,9.343667984008789,13.014392852783203,71.92776489257812,19.973026275634766,41.17802429199219,15.469210624694824,12.768863677978516,19.92511558532715,42.72571563720703,27.01637077331543,39.24866485595703,28.801698684692383,42.826873779296875,39.338253021240234,53.52512741088867,18.37100601196289,22.08421516418457,14.724183082580566,33.3784065246582,23.601335525512695,46.1433219909668,32.869285583496094,11.842613220214844,15.039306640625,17.809032440185547,124.1209487915039,31.784343719482422,20.928630828857422,5.244485855102539,22.792726516723633,7.679318428039551,22.256006240844727,34.459022521972656,36.51581573486328,35.704864501953125,7.552412033081055,20.522790908813477,20.979501724243164,22.039804458618164,41.211570739746094
2009-12-24,23.210786819458008,6.275404930114746,40.687652587890625,37.94236755371094,27.878978729248047,38.78694534301758,41.26579666137695,20.77724838256836,17.680986404418945,38.158668518066406,9.353729248046875,13.163311004638672,72.2431411743164,20.150712966918945,41.217041015625,15.586308479309082,12.835918426513672,20.041915893554688,42.91286087036133,26.982542037963867,39.255409240722656,28.70160675048828,43.232078552246094,39.38627243041992,53.62931823730469,18.39138412475586,22.118616104125977,14.758550643920898,33.2320442199707,23.693279266357422,46.06970977783203,33.24412536621094,11.889389991760254,15.035812377929688,17.96822166442871,124.37886047363281,32.12841033935547,21.063838958740234,5.270500659942627,22.81707763671875,7.675605773925781,22.427955627441406,34.53032684326172,36.6269416809082,35.57701873779297,7.631080150604248,20.67999839782715,20.98541259765625,22.14015769958496,41.41005325317383
2009-12-28,23.338069915771484,6.3525567054748535,40.83857727050781,38.1744499206543,27.76583480834961,38.767948150634766,41.44700241088867,20.945770263671875,17.680986404418945,38.28386306762695,9.368816375732422,13.14388370513916,73.20586395263672,20.1668643951416,41.34049987792969,15.664371490478516,12.926918983459473,20.048786163330078,43.38072204589844,26.935192108154297,39.376548767089844,28.6325626373291,42.96714401245117,39.55091094970703,53.281978607177734,18.520444869995117,22.29067039489746,14.867415428161621,32.98506546020508,23.778642654418945,46.43158721923828,32.74164581298828,11.920573234558105,15.126725196838379,17.742704391479492,124.21952819824219,31.80807113647461,20.843242645263672,5.30692195892334,22.70749282836914,7.7053399085998535,22.55580711364746,34.43525695800781,37.14326858520508,35.78267288208008,7.612032890319824,20.719297409057617,21.236833572387695,22.221927642822266,41.116004943847656
2009-12-29,23.502784729003906,6.277206897735596,40.83857727050781,38.041839599609375,27.612764358520508,38.976844787597656,41.148555755615234,20.839040756225586,17.773330688476562,38.246299743652344,9.333613395690918,13.208633422851562,72.95133972167969,20.19916534423828,41.327518463134766,15.677385330200195,12.958050727844238,20.110618591308594,43.73422622680664,26.982542037963867,39.15446853637695,28.601505279541016,43.02170181274414,39.45488357543945,53.62931823730469,18.428749084472656,22.4696044921875,14.810111045837402,33.12228012084961,23.647310256958008,47.02043533325195,32.60606384277344,11.788034439086914,15.200162887573242,17.696277618408203,124.49259185791016,31.647903442382812,20.9428653717041,5.260095596313477,22.664878845214844,7.5975494384765625,22.39708709716797,34.785789489746094,37.14979553222656,35.799354553222656,7.562507152557373,20.67999839782715,21.278242111206055,22.062110900878906,40.58405685424805
2009-12-30,23.18082618713379,6.353455066680908,40.819698333740234,38.00315475463867,27.63937759399414,38.84392166137695,41.3830451965332,20.81656837463379,17.754863739013672,38.377750396728516,9.303441047668457,13.33166217803955,73.34973907470703,20.134563446044922,40.87257766723633,15.729425430297852,13.00355339050293,20.01443099975586,43.61466598510742,26.935192108154297,39.066978454589844,28.598045349121094,42.826873779296875,39.468597412109375,53.31670379638672,18.523836135864258,22.510892868041992,14.856527328491211,32.76552963256836,23.752378463745117,46.689208984375,32.54226303100586,11.749054908752441,15.3155517578125,17.789133071899414,126.44966888427734,31.902992248535156,20.985563278198242,5.197658538818359,22.6039981842041,7.61613130569458,22.480857849121094,34.56596374511719,37.14326858520508,35.78825378417969,7.547266960144043,20.784807205200195,21.239791870117188,22.02494239807129,40.46584701538086
2009-12-31,22.821428298950195,6.326140880584717,40.50527572631836,37.6826286315918,27.732561111450195,38.37553405761719,41.031314849853516,20.524486541748047,17.545549392700195,38.05852127075195,9.14754581451416,13.208633422851562,72.42571258544922,19.81151008605957,40.580116271972656,15.573302268981934,12.800000190734863,19.87702178955078,42.97523880004883,26.522470474243164,38.35360336303711,28.356422424316406,42.180110931396484,38.80324172973633,52.55255889892578,18.337034225463867,22.166797637939453,14.647684097290039,32.26243591308594,23.450300216674805,46.216915130615234,32.318904876708984,11.741254806518555,15.130224227905273,17.901887893676758,128.07293701171875,31.58858871459961,21.063838958740234,5.202864646911621,22.354400634765625,7.631002426147461,22.51612663269043,34.084716796875,36.502742767333984,35.41028594970703,7.47868537902832,20.50968360900879,20.94401741027832,21.75734519958496,39.96342086791992
2010-01-04,23.173349380493164,6.424604415893555,40.67506790161133,38.213134765625,28.552148818969727,38.68567657470703,42.13450622558594,20.788480758666992,17.557859420776367,38.33393478393555,9.51968002319336,13.51942253112793,73.2833251953125,20.069948196411133,40.80109405517578,16.061185836791992,12.98679256439209,19.69838523864746,43.15721130371094,27.30055046081543,39.403465270996094,28.598045349121094,43.777557373046875,39.59207534790039,53.664039611816406,18.496667861938477,22.696704864501953,14.868124961853027,33.26862716674805,23.522533416748047,47.136959075927734,32.63795471191406,12.232428550720215,15.140711784362793,18.120777130126953,131.28921508789062,32.27077865600586,21.996061325073242,5.348544120788574,22.70749282836914,7.612412929534912,23.181867599487305,34.56596374511719,37.15633773803711,35.72153091430664,7.539645671844482,20.614492416381836,20.970630645751953,22.522966384887695,41.4189338684082
2010-01-05,23.18082618713379,6.435712814331055,40.203426361083984,38.36233139038086,29.105192184448242,38.698333740234375,42.43294906616211,20.872739791870117,17.345476150512695,38.79714584350586,9.383903503417969,13.512953758239746,72.39806365966797,20.045719146728516,40.4891242980957,15.989633560180664,12.85747241973877,19.84266471862793,42.88689041137695,27.354660034179688,39.874549865722656,28.829334259033203,45.211341857910156,39.24909210205078,53.941917419433594,18.34723472595215,22.60724449157715,14.636082649230957,33.82661819458008,23.108814239501953,47.62765121459961,32.56618881225586,12.630043029785156,15.126725196838379,18.61823844909668,133.61033630371094,32.63264083862305,22.80019187927246,5.702337265014648,22.524858474731445,7.523202896118164,23.20391273498535,34.62537384033203,37.2216911315918,35.74933624267578,7.54345703125,20.725852966308594,20.775421142578125,22.537837982177734,41.263771057128906
2010-01-06,23.03856658935547,6.33334493637085,40.530426025390625,38.69390106201172,29.26511001586914,38.5147819519043,42.43827438354492,21.153587341308594,17.339311599731445,38.409053802490234,9.353729248046875,13.467625617980957,71.92776489257812,19.75497055053711,39.93671798706055,15.885541915893555,12.828733444213867,19.773962020874023,43.49510955810547,27.354660034179688,39.99567413330078,28.76373291015625,46.58280563354492,38.954139709472656,53.664039611816406,18.449121475219727,22.407665252685547,14.630281448364258,33.75343704223633,23.27955436706543,46.92842102050781,33.09260940551758,12.778170585632324,15.651229858398438,18.64476776123047,132.18426513671875,32.12248611450195,23.091951370239258,5.915657997131348,22.354400634765625,7.526924133300781,23.371450424194336,34.36989974975586,37.3654899597168,35.310245513916016,7.653942584991455,20.673446655273438,20.899641036987305,22.890920639038086,41.152950286865234
2010-01-07,22.798973083496094,6.3216352462768555,40.24115753173828,38.57233428955078,29.844818115234375,38.305904388427734,42.27840042114258,21.187288284301758,17.29622459411621,38.164939880371094,9.318525314331055,13.338129043579102,71.67877960205078,19.690353393554688,40.22917175292969,15.957106590270996,12.835918426513672,20.007572174072266,43.526283264160156,27.88241195678711,40.157203674316406,28.64982795715332,48.46855163574219,38.59746551513672,56.4427490234375,18.60195541381836,23.233503341674805,14.641888618469238,34.99746322631836,23.161352157592773,45.64035415649414,33.62931823730469,13.199173927307129,15.689696311950684,19.32131004333496,134.7709197998047,32.098751068115234,23.426410675048828,6.0665388107299805,22.488325119018555,7.601264476776123,23.278865814208984,34.10850524902344,37.751094818115234,35.07680130004883,7.642512321472168,20.457277297973633,21.236217498779297,22.994991302490234,41.44847869873047
2010-01-08,22.95621109008789,6.363664627075195,40.3795051574707,38.4175910949707,29.771530151367188,38.255252838134766,42.35300827026367,21.17605972290039,16.976091384887695,38.03972625732422,9.393959045410156,13.487051010131836,72.39806365966797,19.93265151977539,40.19017028808594,16.041671752929688,12.771259307861328,19.911367416381836,43.8329963684082,28.49810028076172,40.60811233520508,28.13551139831543,48.001014709472656,38.940433502197266,57.658451080322266,18.69705581665039,23.39866828918457,14.398241996765137,34.732200622558594,22.984046936035156,46.37639236450195,33.60528564453125,13.082229614257812,15.574301719665527,19.142223358154297,132.22222900390625,31.974178314208984,22.94962501525879,6.082147598266602,22.518768310546875,7.530639171600342,23.4816837310791,35.74826431274414,37.541954040527344,34.8544807434082,7.661561489105225,20.201814651489258,21.063459396362305,22.950389862060547,42.57889938354492
2010-01-11,22.66420555114746,6.307528018951416,40.38578796386719,38.8486442565918,29.67157554626465,38.10337448120117,43.10444641113281,21.260313034057617,17.32084846496582,37.99591064453125,9.469390869140625,13.56474781036377,71.64002990722656,19.940723419189453,40.50212860107422,15.996131896972656,12.9819974899292,19.347972869873047,43.65625,28.856700897216797,43.15874481201172,28.011245727539062,47.43217468261719,39.111915588378906,58.21422576904297,18.792160034179688,23.350492477416992,14.549066543579102,34.183345794677734,23.299257278442383,46.59718704223633,33.22077178955078,13.199173927307129,15.69668960571289,19.102418899536133,130.13624572753906,32.19959259033203,22.80019187927246,6.300670623779297,22.5553035736084,7.560377597808838,23.618350982666016,37.322689056396484,37.58116149902344,34.810020446777344,7.718710422515869,20.214908599853516,21.084304809570312,22.92437744140625,44.292991638183594
2010-01-12,22.514450073242188,6.235778331756592,40.59960174560547,38.65522003173828,28.978588104248047,38.54010772705078,42.853973388671875,21.091806411743164,17.50861358642578,38.52797317504883,9.439220428466797,13.344608306884766,72.2099609375,19.835729598999023,40.72310256958008,15.742433547973633,13.106526374816895,19.224302291870117,43.692623138427734,28.531949996948242,41.886802673339844,27.84901237487793,47.08930587768555,38.43284225463867,58.24894332885742,18.737808227539062,23.095863342285156,14.392437934875488,33.42412567138672,23.22046661376953,46.59107971191406,33.6613655090332,12.754781723022461,15.717674255371094,18.624860763549805,127.29932403564453,32.38349151611328,22.152606964111328,6.17579984664917,22.366573333740234,7.697904109954834,23.115739822387695,37.073158264160156,37.62037658691406,35.02677917480469,7.676801681518555,19.99874496459961,21.242164611816406,22.608448028564453,42.401573181152344
2010-01-13,22.72410011291504,6.323736190795898,40.85744094848633,38.50048065185547,29.484994888305664,38.9388542175293,42.52888488769531,21.866943359375,17.554780960083008,38.840965270996094,9.660493850708008,13.571227073669434,72.05500793457031,20.029565811157227,40.6776008605957,16.028656005859375,13.173582077026367,19.32736587524414,43.55228805541992,28.63343620300293,41.94734191894531,27.980192184448242,47.658145904541016,38.77581024169922,58.457340240478516,18.915714263916016,23.378021240234375,14.496859550476074,33.3418083190918,23.542234420776367,47.15536117553711,33.7655029296875,12.957480430603027,15.913479804992676,18.95650863647461,128.24740600585938,32.703826904296875,22.245126724243164,6.0769453048706055,22.57356834411621,7.668168544769287,23.26123046875,36.877098083496094,38.75107955932617,35.36026382446289,7.711088180541992,20.083898544311523,21.33747100830078,22.8463191986084,43.0665168762207
2010-01-14,23.18082618713379,6.287112236022949,40.939186096191406,38.506004333496094,29.77817153930664,38.976844787597656,42.39564514160156,22.46234893798828,17.585569381713867,39.310428619384766,9.74598217010498,13.907918930053711,73.20586395263672,20.507038116455078,40.71659851074219,16.23031997680664,12.9819974899292,19.44416618347168,43.40671157836914,28.80258560180664,41.71181869506836,27.759262084960938,47.9698486328125,38.52199935913086,58.00582504272461,18.93623924255371,23.364248275756836,14.531664848327637,33.63451385498047,23.640737533569336,47.130836486816406,34.19007110595703,13.113409996032715,15.896002769470215,19.228443145751953,127.83777618408203,32.50213623046875,22.202430725097656,6.118569374084473,22.591827392578125,7.668168544769287,23.358230590820312,36.95433044433594,38.75762939453125,35.02677917480469,7.764427661895752,20.136302947998047,21.33747100830078,23.33692169189453,43.1108512878418
2010-01-15,23.105958938598633,6.182042598724365,40.59960174560547,38.191036224365234,29.105192184448242,38.49578857421875,42.225093841552734,22.17026710510254,17.32699966430664,38.99119567871094,9.801300048828125,13.467625617980957,72.91264343261719,20.426111221313477,40.47613525390625,15.872533798217773,12.855076789855957,19.629669189453125,43.33914566040039,28.84316062927246,40.73610305786133,27.614290237426758,47.39321517944336,38.583744049072266,57.102725982666016,18.9841365814209,23.336734771728516,14.543267250061035,33.69855880737305,23.522533416748047,47.081764221191406,33.957767486572266,12.676817893981934,15.916975975036621,18.624860763549805,125.3194351196289,31.796213150024414,21.618898391723633,6.035323143005371,22.281352996826172,7.7016215324401855,23.375865936279297,36.793914794921875,38.31318664550781,34.58213424682617,7.779664516448975,20.00529670715332,21.245141983032227,23.061885833740234,41.618408203125
2010-01-19,23.285654067993164,6.455525875091553,41.096412658691406,38.27946090698242,28.838659286499023,39.06544494628906,42.46493911743164,22.81621551513672,17.36701011657715,39.01625442504883,10.057771682739258,13.629498481750488,74.21841430664062,20.49895668029785,41.256011962890625,16.165266036987305,12.938897132873535,19.84266471862793,44.24885940551758,28.99203109741211,41.28492736816406,27.81794548034668,47.260746002197266,39.47545623779297,57.450050354003906,19.22703742980957,23.364248275756836,14.879734992980957,34.68646240234375,24.566667556762695,48.0324592590332,34.41438674926758,12.72359561920166,16.182727813720703,18.757524490356445,126.57100677490234,32.20551681518555,22.173961639404297,6.113362789154053,22.366573333740234,7.839151382446289,23.68008041381836,36.984046936035156,38.5223274230957,34.904510498046875,7.764427661895752,20.00529670715332,21.417890548706055,23.87213134765625,42.601051330566406
2010-01-20,22.90380096435547,6.356158256530762,40.97063064575195,37.594200134277344,28.91861915588379,38.536319732666016,41.6495361328125,23.046510696411133,17.083820343017578,38.77836608886719,10.027600288391113,13.648923873901367,72.06610107421875,20.280441284179688,40.9505615234375,15.879034996032715,12.898186683654785,19.691513061523438,44.04093551635742,28.660497665405273,40.492183685302734,27.34160041809082,46.91008377075195,39.23537826538086,57.31113052368164,19.24073028564453,23.355976104736328,14.769510269165039,34.94258117675781,24.494417190551758,47.90980911254883,34.43040466308594,12.856130599975586,16.102304458618164,18.452411651611328,127.27640533447266,31.653827667236328,21.79680824279785,5.988495349884033,22.49441909790039,8.024998664855957,23.393497467041016,36.336448669433594,38.09749221801758,34.50987243652344,7.7453789710998535,20.241119384765625,21.274930953979492,23.463289260864258,41.45587158203125
2010-01-21,22.469532012939453,6.246286869049072,40.228572845458984,36.85924530029297,27.01292610168457,38.14746856689453,40.631614685058594,22.51289939880371,16.735986709594727,38.14615249633789,9.675578117370605,13.493529319763184,71.37448120117188,20.094308853149414,41.07404708862305,15.599315643310547,12.67307186126709,19.567838668823242,42.9908561706543,27.557649612426758,38.52041244506836,27.445730209350586,46.13084030151367,38.84440231323242,55.643882751464844,19.008087158203125,22.93508529663086,14.473655700683594,33.89065170288086,23.71297264099121,47.21670150756836,33.77350997924805,12.060906410217285,16.00789451599121,18.571796417236328,122.02731323242188,30.799610137939453,20.878822326660156,5.816801071166992,22.190025329589844,7.998983383178711,23.031972885131836,35.46904754638672,37.04522705078125,33.9651985168457,7.5777459144592285,19.939794540405273,21.182601928710938,21.965469360351562,40.968231201171875
2010-01-22,21.68335723876953,5.936478137969971,39.744346618652344,36.52766799926758,26.093400955200195,38.44707107543945,39.75224304199219,21.833248138427734,16.695972442626953,37.8018684387207,9.534767150878906,12.891368865966797,69.43795776367188,19.544002532958984,41.19751739501953,14.942299842834473,12.677862167358398,19.045665740966797,42.35664749145508,26.982542037963867,36.75870132446289,28.01499366760254,45.016536712646484,38.823814392089844,55.956485748291016,18.648860931396484,22.93508529663086,14.270615577697754,33.58878707885742,23.325523376464844,46.35799026489258,30.913663864135742,11.616518020629883,16.112794876098633,18.080974578857422,116.90717315673828,30.040307998657227,19.78293800354004,5.47341251373291,21.910001754760742,8.091909408569336,22.308916091918945,34.90461730957031,36.35897445678711,33.47608184814453,7.509165287017822,19.959440231323242,21.134944915771484,22.27024269104004,39.17287826538086
2010-01-25,21.952905654907227,6.096184253692627,39.756927490234375,36.38949966430664,26.126718521118164,38.65108871459961,39.730934143066406,21.771453857421875,16.729835510253906,37.70172119140625,9.479450225830078,13.156834602355957,69.78102111816406,19.446887969970703,41.002559661865234,14.955306053161621,12.663493156433105,18.976959228515625,42.53858947753906,27.212587356567383,37.36174774169922,27.931684494018555,45.02433776855469,38.213321685791016,56.859588623046875,18.7138614654541,22.79708480834961,14.113990783691406,33.250335693359375,23.47657012939453,47.081764221191406,30.272804260253906,11.678886413574219,15.983420372009277,18.346290588378906,117.55950164794922,30.66910171508789,19.7402286529541,5.738757133483887,22.323959350585938,8.110490798950195,22.37505531311035,34.90461730957031,36.40470504760742,33.598365783691406,7.585366725921631,19.500898361206055,21.07834815979004,22.70137596130371,39.66790771484375
2010-01-26,22.087675094604492,6.182343006134033,39.48650360107422,36.42820358276367,25.6136417388916,38.68931579589844,39.51775360107422,21.670351028442383,16.665189743041992,37.71424102783203,9.444246292114258,12.949642181396484,69.5762939453125,19.32549476623535,41.470481872558594,14.896761894226074,12.838311195373535,19.052536010742188,42.43463134765625,27.04343032836914,37.84284591674805,27.900436401367188,44.96977996826172,38.81010055541992,56.79010772705078,18.638599395751953,22.638389587402344,14.096588134765625,31.430028915405273,23.745803833007812,47.09402847290039,30.521135330200195,11.515166282653809,15.689696311950684,17.901887893676758,114.44947814941406,30.473344802856445,19.448474884033203,5.822003364562988,22.019569396972656,8.028719902038574,22.23396110534668,34.839271545410156,36.620384216308594,33.40940475463867,7.6044135093688965,19.40919303894043,21.134944915771484,22.288820266723633,39.461021423339844
2010-01-27,22.214963912963867,6.24058198928833,39.89528274536133,36.21821212768555,26.206668853759766,38.76581954956055,39.277915954589844,21.704044342041016,16.77908706665039,37.7392692565918,9.55488395690918,13.105037689208984,69.8971939086914,19.30931854248047,41.41849136352539,15.059393882751465,12.788020133972168,19.12811279296875,42.782901763916016,27.239654541015625,36.209877014160156,27.903913497924805,48.2581672668457,39.605796813964844,56.61644744873047,18.440166473388672,22.403799057006836,14.096588134765625,31.640426635742188,23.8968448638916,47.308685302734375,30.97774887084961,11.842613220214844,16.798147201538086,18.70446014404297,114.91975402832031,31.22079849243164,19.92612648010254,6.009305953979492,22.342222213745117,8.002699851989746,21.960609436035156,35.25515365600586,37.084442138671875,33.07034683227539,7.615839958190918,19.487808227539062,21.301734924316406,22.117856979370117,38.70741653442383
2010-01-28,21.833110809326172,5.982709884643555,40.12165451049805,35.8976936340332,26.306612014770508,39.32044219970703,39.03276443481445,21.32771873474121,16.677505493164062,37.39500427246094,9.368816375732422,12.897843360900879,68.4697036743164,18.993696212768555,40.83356475830078,14.649572372436523,12.598835945129395,18.78457260131836,41.97715377807617,26.941959381103516,35.1392822265625,27.76507568359375,48.749088287353516,39.8390007019043,56.13017654418945,18.457279205322266,22.30720329284668,13.98056411743164,31.548946380615234,23.47657012939453,46.707603454589844,29.984407424926758,11.982945442199707,16.61282730102539,18.870281219482422,116.27752685546875,30.016572952270508,19.59818458557129,5.936466693878174,22.15958023071289,7.932076454162598,21.316913604736328,35.02937698364258,37.019081115722656,32.853580474853516,7.623464584350586,19.61882209777832,21.429800033569336,21.932024002075195,37.76171112060547
2010-01-29,21.09935188293457,5.765664577484131,39.53052520751953,35.60479736328125,25.946800231933594,39.23756790161133,38.435882568359375,21.4456787109375,16.699050903320312,37.319881439208984,9.383903503417969,12.561156272888184,67.71725463867188,18.661893844604492,40.5736198425293,14.617042541503906,12.795204162597656,19.244911193847656,41.84199142456055,26.143566131591797,35.39677429199219,27.77895164489746,47.221771240234375,40.113365173339844,55.852272033691406,18.111740112304688,22.33480453491211,14.13139820098877,30.890342712402344,23.115388870239258,45.70781707763672,30.168663024902344,11.83481502532959,16.878578186035156,18.857011795043945,112.81100463867188,29.43522834777832,19.092012405395508,5.6399054527282715,21.946516036987305,7.96552848815918,21.162612915039062,34.3223762512207,36.99294662475586,33.00920867919922,7.566312789916992,19.63191032409668,21.239185333251953,21.809368133544922,36.9046516418457
2010-02-01,21.271556854248047,5.845817565917969,39.6751708984375,36.571876525878906,26.406566619873047,39.518062591552734,39.21397018432617,21.51307487487793,16.73906898498535,37.99591064453125,9.4492769241333,12.697126388549805,68.97872924804688,18.79136848449707,41.52248764038086,14.786184310913086,12.807184219360352,19.506000518798828,41.816017150878906,26.637483596801758,35.8710823059082,27.747716903686523,48.07893371582031,40.277992248535156,56.4427490234375,18.248579025268555,22.714290618896484,14.142988204956055,30.908639907836914,22.984046936035156,45.934783935546875,30.609256744384766,12.021923065185547,16.717721939086914,19.188650131225586,116.15620422363281,30.27165412902832,19.648086547851562,5.785584926605225,22.147422790527344,7.987833023071289,21.634353637695312,34.690711975097656,37.85566711425781,33.07590866088867,7.573935508728027,19.756372451782227,21.155790328979492,22.12156867980957,37.939029693603516
2010-02-02,21.30899429321289,5.879741191864014,40.24115753173828,37.0029182434082,27.019582748413086,40.098175048828125,39.677642822265625,22.209583282470703,16.945308685302734,38.2775993347168,9.675578117370605,12.891368865966797,69.45455169677734,19.22838592529297,41.61346435546875,14.974823951721191,12.809574127197266,19.945730209350586,41.81081008911133,26.738971710205078,36.284400939941406,28.13299560546875,48.265953063964844,40.62782669067383,58.52681350708008,18.62491226196289,23.031686782836914,14.375035285949707,32.23499298095703,23.391202926635742,46.95295333862305,31.258115768432617,12.162263870239258,16.979982376098633,19.095794677734375,119.04621887207031,30.35470199584961,20.00455093383789,5.926062107086182,22.390926361083984,8.039868354797363,22.11052131652832,34.82737731933594,38.025611877441406,33.726192474365234,7.592985153198242,20.719297409057617,21.155790328979492,22.277681350708008,38.751747131347656
2010-02-03,21.436281204223633,5.9809064865112305,40.014766693115234,36.80398178100586,26.846342086791992,39.93880081176758,39.01679229736328,21.748992919921875,16.889902114868164,38.3652229309082,9.452215194702148,12.844379425048828,69.52647399902344,19.22028923034668,42.38037109375,15.007349967956543,12.996371269226074,19.56096839904785,42.367034912109375,26.529224395751953,36.17598342895508,28.05316734313965,48.2188720703125,40.5180778503418,57.93632888793945,18.696762084960938,22.369295120239258,14.212608337402344,31.79592514038086,23.187631607055664,47.03883743286133,30.70537567138672,12.107687950134277,16.623315811157227,18.697134017944336,119.26622772216797,30.075895309448242,19.88336181640625,6.056133270263672,21.075963973999023,7.998983383178711,22.03997230529785,34.97590637207031,38.24128341674805,33.56501388549805,7.5358381271362305,20.424528121948242,21.009841918945312,22.006357192993164,38.301055908203125
2010-02-04,20.84478187561035,5.765364170074463,39.39218521118164,35.76505661010742,25.553668975830078,39.14194869995117,38.03616714477539,20.839040756225586,16.446643829345703,37.332401275634766,9.1527099609375,12.413620948791504,68.05474853515625,18.702356338500977,41.63295364379883,15.065899848937988,12.685050010681152,19.18994903564453,41.176597595214844,25.52786636352539,34.82761001586914,27.654001235961914,46.5399284362793,39.46173095703125,55.713382720947266,18.41280174255371,21.493022918701172,13.916751861572266,30.661659240722656,22.767343521118164,46.61560821533203,30.064510345458984,11.499574661254883,16.24916648864746,17.97954750061035,114.2977294921875,28.634384155273438,18.985069274902344,5.754364967346191,20.363689422607422,7.865169525146484,21.233152389526367,34.037200927734375,37.842594146728516,32.920284271240234,7.398684501647949,19.690872192382812,20.551166534423828,21.456289291381836,36.84554672241211
2010-02-05,20.97955322265625,5.867730140686035,39.39218521118164,35.80926513671875,25.520353317260742,39.07821273803711,37.93489456176758,20.63120460510254,16.341989517211914,37.25103759765625,9.117173194885254,12.707315444946289,68.34244537353516,19.058433532714844,41.18452835083008,15.417176246643066,12.800000190734863,19.224302291870117,40.828311920166016,25.35194969177246,35.064754486083984,27.51167869567871,45.81813430786133,39.56462478637695,54.84500503540039,18.4641170501709,21.437822341918945,13.90514850616455,30.515302658081055,22.668838500976562,46.44385528564453,30.320858001708984,11.694479942321777,16.217695236206055,18.218746185302734,116.93754577636719,28.990306854248047,19.434213638305664,5.676324367523193,20.278461456298828,7.872602939605713,21.153791427612305,33.98373794555664,37.68573760986328,32.77020263671875,7.383445739746094,20.051149368286133,20.44097137451172,21.68300437927246,36.8086051940918
2010-02-08,20.75493049621582,5.827506065368652,39.222381591796875,35.79258728027344,25.12055015563965,38.8933219909668,37.37531661987305,20.55257225036621,16.206544876098633,36.90675354003906,9.056258201599121,12.629000663757324,67.73666381835938,18.710453033447266,40.8920783996582,15.287076950073242,12.675469398498535,19.64341926574707,40.30327606201172,24.945987701416016,34.407508850097656,27.452669143676758,45.41800308227539,39.41374206542969,54.185054779052734,18.25200080871582,22.576292037963867,13.899353981018066,30.259185791015625,22.839570999145508,45.71396255493164,29.471723556518555,11.289073944091797,16.116291046142578,17.56095314025879,114.61638641357422,28.551342010498047,18.963685989379883,5.707542419433594,20.266286849975586,7.8540191650390625,20.884849548339844,33.639137268066406,37.88833999633789,32.76466369628906,7.379636764526367,19.57950782775879,20.426071166992188,21.437702178955078,36.17319869995117
2010-02-09,20.972064971923828,5.889646053314209,39.46764373779297,36.2653694152832,25.5803165435791,39.371437072753906,38.004207611083984,20.48516082763672,16.625181198120117,37.589054107666016,9.076563835144043,12.824801445007324,68.47582244873047,19.026071548461914,41.314517974853516,15.540776252746582,12.752100944519043,19.835796356201172,40.92188262939453,25.588760375976562,36.27083969116211,27.827545166015625,46.86944580078125,39.242225646972656,54.185054779052734,18.25200080871582,22.576292037963867,14.067577362060547,30.625072479248047,23.115388870239258,46.27827072143555,30.072525024414062,11.281275749206543,16.189722061157227,17.746999740600586,115.67070770263672,28.8835391998291,19.341535568237305,5.8011932373046875,20.461091995239258,7.943224906921387,21.37864112854004,34.10850524902344,38.92103576660156,33.137046813964844,7.413920879364014,19.592609405517578,20.68520164489746,21.98777961730957,37.17802429199219
2010-02-10,20.95708656311035,5.857523441314697,39.44879150390625,36.0706901550293,25.900161743164062,39.31406784057617,37.70573806762695,20.333505630493164,16.557453155517578,37.79560852050781,9.00549602508545,12.850905418395996,68.25352478027344,18.702356338500977,41.10654067993164,15.456209182739258,12.749710083007812,19.684640884399414,40.869895935058594,25.521108627319336,36.01338195800781,27.706052780151367,46.7125244140625,38.98844909667969,54.49767303466797,18.22121810913086,22.58319664001465,13.876144409179688,30.240890502929688,22.755773544311523,46.06970977783203,30.240758895874023,11.437202453613281,16.074331283569336,18.05927276611328,116.53541564941406,29.108959197998047,19.612443923950195,5.691933631896973,20.272371292114258,7.926426410675049,21.277236938476562,33.906497955322266,38.26089096069336,32.753543853759766,7.383445739746094,19.64501953125,20.691150665283203,22.20705795288086,36.97853469848633
2010-02-11,21.054428100585938,5.964098930358887,39.56196975708008,36.28761672973633,26.00010871887207,39.49892807006836,38.228023529052734,20.715456008911133,16.689817428588867,38.302642822265625,9.071486473083496,13.092389106750488,68.76481628417969,18.89657974243164,41.457481384277344,15.566795349121094,12.711389541625977,19.91824722290039,41.72763442993164,25.86615562438965,38.046112060546875,27.883087158203125,47.53631591796875,38.755226135253906,54.775550842285156,18.317005157470703,22.914392471313477,13.858742713928223,30.49701499938965,22.755773544311523,46.83029556274414,30.673336029052734,11.406014442443848,16.35057258605957,17.99283790588379,116.85404968261719,29.073366165161133,19.33439826965332,5.816801071166992,20.455007553100586,8.004831314086914,21.559410095214844,33.97837829589844,38.82951354980469,32.89805221557617,7.471067428588867,19.671220779418945,20.679244995117188,22.385461807250977,38.65568161010742
2010-02-12,20.912160873413086,6.015430450439453,39.44247817993164,36.042877197265625,25.95346450805664,39.371437072753906,38.20649719238281,20.737930297851562,16.615943908691406,38.13364028930664,9.035953521728516,13.33387279510498,68.91490173339844,18.945131301879883,41.327518463134766,15.456209182739258,12.668286323547363,19.92511558532715,41.16100311279297,25.615821838378906,38.079986572265625,27.650524139404297,46.798831939697266,38.74150848388672,54.011383056640625,18.450429916381836,22.76259422302246,13.870345115661621,29.966461181640625,22.6092586517334,46.35799026489258,30.777477264404297,11.2656831741333,16.437986373901367,17.85994529724121,116.76304626464844,29.03185272216797,19.362924575805664,5.785584926605225,20.388042449951172,7.974959850311279,21.457996368408203,33.63691329956055,38.48964309692383,32.71464920043945,7.47868537902832,19.500898361206055,20.69710922241211,22.433773040771484,39.23936462402344
2010-02-16,21.32590103149414,6.1060919761657715,40.0021858215332,36.866085052490234,26.699748992919922,40.05355453491211,39.27182388305664,21.153587341308594,16.874507904052734,38.377750396728516,8.995341300964355,13.523140907287598,69.59848022460938,19.268850326538086,41.60047149658203,15.61233139038086,12.826334953308105,20.227428436279297,41.83158493041992,26.333017349243164,38.7033576965332,27.98374366760254,48.06197738647461,39.09132766723633,55.713382720947266,18.676240921020508,23.12827491760254,14.044377326965332,29.929882049560547,22.695829391479492,46.634002685546875,31.738773345947266,11.819218635559082,16.3890380859375,18.198814392089844,119.39518737792969,29.767438888549805,19.83344841003418,5.8896403312683105,20.83275604248047,8.057101249694824,22.009109497070312,34.34379959106445,38.927547454833984,32.93696212768555,7.516785621643066,19.408735275268555,21.033679962158203,22.827735900878906,39.734397888183594
2010-02-17,21.506425857543945,6.080575466156006,40.23485565185547,36.57685089111328,26.679759979248047,40.06630325317383,39.19111633300781,20.973846435546875,17.031497955322266,38.87851333618164,8.969962120056152,13.483981132507324,70.20982360839844,19.56827163696289,41.7629508972168,15.657864570617676,12.946075439453125,20.625930786132812,41.933624267578125,26.65555763244629,38.960853576660156,28.185075759887695,48.50131607055664,39.23537826538086,56.0954475402832,18.73097038269043,23.452571868896484,14.218409538269043,30.359800338745117,22.90227699279785,46.84256362915039,31.282155990600586,12.209037780761719,17.01145362854004,18.158945083618164,119.28897857666016,29.613183975219727,19.526891708374023,5.978089332580566,20.899995803833008,8.113104820251465,21.73576545715332,34.45162582397461,39.1758918762207,32.98698425292969,7.5358381271362305,19.672080993652344,21.137922286987305,23.17645263671875,41.72922897338867
2010-02-18,21.792282104492188,6.091983318328857,40.58073806762695,36.688079833984375,26.926305770874023,40.41055679321289,39.610809326171875,20.945770263671875,17.21002960205078,39.14143371582031,9.000418663024902,13.601466178894043,71.03235626220703,19.84343719482422,41.90592956542969,15.794474601745605,12.804788589477539,20.818307876586914,42.44118881225586,27.173799514770508,39.170894622802734,28.61548614501953,49.34080123901367,39.28339385986328,56.408050537109375,18.80623435974121,23.542278289794922,14.409844398498535,30.323211669921875,22.915597915649414,47.431373596191406,31.36227035522461,12.380559921264648,17.29118537902832,18.165590286254883,118.12837982177734,29.423357009887695,19.434213638305664,5.920857906341553,21.20563507080078,8.213915824890137,21.766931533813477,34.247947692871094,40.2020263671875,33.570579528808594,7.619650363922119,19.73133659362793,21.453638076782227,23.288944244384766,42.30552673339844
2010-02-19,21.641828536987305,6.054157257080078,40.43499755859375,36.63805389404297,26.673093795776367,40.448795318603516,39.842166900634766,21.058095932006836,17.151540756225586,39.222808837890625,9.132404327392578,13.588411331176758,70.68777465820312,19.68157386779785,42.07490539550781,15.846511840820312,12.809574127197266,20.715248107910156,42.655731201171875,27.426097869873047,39.469024658203125,28.37598419189453,49.889984130859375,39.35885238647461,56.164913177490234,18.604387283325195,23.673370361328125,14.473655700683594,30.003055572509766,22.802377700805664,47.35776901245117,31.29018211364746,12.380559921264648,17.077880859375,18.185518264770508,118.46981048583984,29.630985260009766,19.54115104675293,5.874033451080322,21.309545516967773,8.247515678405762,21.78030776977539,34.631343841552734,40.0059814453125,33.487205505371094,7.680610179901123,19.718164443969727,21.551923751831055,23.42767333984375,42.32028579711914
2010-02-22,21.61174774169922,6.016631603240967,40.23223114013672,36.376609802246094,27.219497680664062,40.4296760559082,39.25570297241211,20.85027503967285,17.046890258789062,39.066314697265625,9.11209774017334,13.621045112609863,70.49882507324219,20.078121185302734,42.094390869140625,15.807480812072754,12.890996932983398,20.83205795288086,42.21620559692383,27.378376007080078,39.31995391845703,28.490522384643555,50.188114166259766,39.16678237915039,56.4427490234375,18.611225128173828,23.611278533935547,14.317025184631348,30.570192337036133,22.95555877685547,47.192176818847656,31.186038970947266,12.637836456298828,16.742198944091797,18.610759735107422,118.87175750732422,29.684371948242188,19.755022048950195,5.8324103355407715,21.242321014404297,8.251249313354492,21.691221237182617,34.71521759033203,40.30662155151367,33.292667388916016,7.722517967224121,19.625995635986328,21.53107261657715,23.273941040039062,41.89179229736328
2010-02-23,21.310848236083984,5.915765762329102,40.11817169189453,36.12075424194336,26.573150634765625,40.29581069946289,38.76068878173828,20.507631301879883,16.87759017944336,38.671958923339844,8.969962120056152,13.307766914367676,70.28207397460938,19.811059951782227,42.159385681152344,15.644854545593262,12.840709686279297,21.12749481201172,41.70863342285156,27.228355407714844,38.39167404174805,28.42456817626953,49.246646881103516,38.67292404174805,55.40074157714844,18.4641170501709,23.562978744506836,14.177804946899414,30.186004638671875,22.615921020507812,47.16765213012695,30.38494873046875,12.427340507507324,16.5568790435791,18.132373809814453,118.86421203613281,29.423357009887695,19.35578727722168,6.035323143005371,21.248424530029297,8.098172187805176,21.312631607055664,34.98478317260742,40.02557373046875,33.559471130371094,7.608221054077148,19.500900268554688,21.408966064453125,23.041471481323242,41.44108200073242
2010-02-24,21.53652000427246,6.023838043212891,40.206878662109375,36.46004867553711,27.219497680664062,40.729286193847656,38.922096252441406,20.743545532226562,16.979164123535156,38.85974884033203,9.041029930114746,13.510096549987793,70.91007232666016,20.045751571655273,42.4128532409668,15.833508491516113,12.912545204162598,21.54660987854004,41.89701461791992,27.67159080505371,38.59495162963867,28.795982360839844,49.80368423461914,38.919857025146484,55.991233825683594,18.587282180786133,23.811368942260742,14.334430694580078,31.03669548034668,22.6691951751709,47.57247543334961,30.76946449279785,12.731390953063965,16.630308151245117,18.378210067749023,120.10063934326172,30.034372329711914,19.8405818939209,6.102956295013428,21.70077896118164,8.172843933105469,21.53533172607422,35.20045852661133,40.31968688964844,33.514984130859375,7.718710422515869,19.467988967895508,21.420875549316406,23.28519058227539,41.507572174072266
2010-02-25,21.51395034790039,6.064062118530273,40.09914779663086,36.231990814208984,27.07956886291504,40.60817337036133,38.7983512878418,20.541332244873047,16.351215362548828,38.99745559692383,8.980113983154297,13.464405059814453,70.62108612060547,20.126684188842773,42.196556091308594,15.827005386352539,12.967634201049805,21.54660987854004,41.7243537902832,27.4056453704834,38.479774475097656,28.84804916381836,49.325111389160156,38.583744049072266,55.64174270629883,18.51543426513672,23.459474563598633,14.201003074645996,30.981813430786133,22.802377700805664,47.60957336425781,30.473068237304688,12.902911186218262,16.57785987854004,18.232032775878906,118.66693878173828,29.850475311279297,19.776411056518555,6.128971576690674,22.018651962280273,8.329654693603516,21.5130615234375,34.99677658081055,40.227542877197266,33.570579528808594,7.77585506439209,19.40214729309082,21.35236167907715,22.895233154296875,42.08387756347656
2010-02-26,21.566604614257812,6.142714977264404,39.92171096801758,36.15412139892578,27.965782165527344,40.34043502807617,38.90058135986328,20.715456008911133,16.228090286254883,39.103878021240234,8.909046173095703,13.399138450622559,70.6711196899414,19.948637008666992,41.84916687011719,15.827005386352539,12.948471069335938,21.436677932739258,41.93886184692383,27.38518714904785,38.65592956542969,28.789037704467773,49.55262756347656,38.830684661865234,56.13102722167969,18.570178985595703,23.286975860595703,14.218409538269043,31.338560104370117,22.86898422241211,48.085731506347656,30.59322166442871,12.988668441772461,16.647789001464844,18.165590286254883,118.86463928222656,30.069971084594727,20.09010124206543,6.108159065246582,21.541852951049805,8.251249313354492,21.37944793701172,35.18846893310547,40.3196907043457,33.759544372558594,7.665374279022217,19.32972526550293,21.447675704956055,23.075220108032227,42.3350715637207
2010-03-01,21.829898834228516,6.2739057540893555,40.168846130371094,36.376609802246094,27.87248992919922,40.48704147338867,39.174983978271484,20.934524536132812,16.397390365600586,39.70479202270508,9.01057243347168,13.621045112609863,71.45474243164062,20.021474838256836,41.93437957763672,16.002641677856445,12.907757759094238,21.594703674316406,42.16386413574219,27.664764404296875,39.198001861572266,29.084070205688477,50.211666107177734,39.029598236083984,55.57182312011719,18.573598861694336,23.742361068725586,14.148798942565918,31.631267547607422,22.855667114257812,48.76594924926758,30.545169830322266,13.027650833129883,16.61282730102539,18.172237396240234,119.00907135009766,30.313188552856445,20.097230911254883,6.456754207611084,21.651885986328125,8.366990089416504,21.784753799438477,35.25437545776367,41.47149658203125,33.76511001586914,7.722517967224121,19.52724266052246,21.578725814819336,23.390180587768555,43.0665168762207
2010-03-02,21.40864372253418,6.26970100402832,40.20054244995117,36.42666244506836,27.73255729675293,40.61454772949219,39.44938278198242,21.001924514770508,16.40662956237793,39.9364013671875,8.934425354003906,13.510096549987793,70.81560516357422,19.89199447631836,41.993370056152344,16.00914764404297,12.833524703979492,21.54660987854004,42.45165252685547,27.739774703979492,39.401268005371094,29.108369827270508,50.55686950683594,39.009033203125,55.57182312011719,18.672807693481445,23.914871215820312,14.340229988098145,31.50320816040039,23.008831024169922,48.982364654541016,30.75343894958496,12.832744598388672,16.623315811157227,18.517742156982422,120.6893081665039,30.491146087646484,20.4608211517334,6.357899188995361,21.541852951049805,8.46779727935791,22.141075134277344,35.440067291259766,41.40566635131836,33.53721618652344,7.7453789710998535,19.652324676513672,21.65319061279297,23.47267723083496,43.00740432739258
2010-03-03,21.40864372253418,6.284110069274902,40.1751823425293,36.393287658691406,27.672582626342773,40.51253890991211,39.34715270996094,20.90081787109375,16.600549697875977,40.33355712890625,8.79228687286377,13.392611503601074,70.51546478271484,19.827253341674805,41.70499038696289,16.15876007080078,12.850290298461914,21.622188568115234,42.38364791870117,27.903444290161133,39.68584442138672,29.108369827270508,50.564697265625,39.029598236083984,56.02616882324219,18.50174903869629,23.970064163208008,14.113990783691406,31.73188591003418,22.855667114257812,48.7597541809082,30.665334701538086,12.77033519744873,16.633808135986328,18.737001419067383,119.90617370605469,30.633520126342773,20.189912796020508,6.602434158325195,21.615201950073242,8.411794662475586,21.994094848632812,35.45204544067383,41.01734161376953,33.728294372558594,7.752994060516357,19.606243133544922,21.730621337890625,23.600154876708984,43.33988952636719
2010-03-04,21.53652000427246,6.325538635253906,40.28290557861328,36.376609802246094,27.93246078491211,40.58904266357422,39.32024002075195,20.86150360107422,16.766773223876953,40.4155158996582,8.797365188598633,13.399138450622559,70.42655181884766,20.037656784057617,41.57391357421875,16.23031997680664,12.922130584716797,21.601573944091797,42.394100189208984,28.080730438232422,39.60454177856445,29.212512969970703,51.42770767211914,38.940433502197266,56.3057746887207,18.50174903869629,24.059768676757812,14.195204734802246,31.137317657470703,23.002174377441406,49.019474029541016,31.15398597717285,12.793739318847656,16.455474853515625,18.889816284179688,124.38401794433594,31.179275512695312,20.817276000976562,6.654461860656738,21.395139694213867,8.471529960632324,21.976276397705078,35.464027404785156,41.51756286621094,33.739540100097656,7.779664516448975,19.7510929107666,21.557880401611328,23.588912963867188,43.221675872802734
2010-03-05,21.506425857543945,6.572903633117676,40.58073806762695,36.97176742553711,28.52549171447754,40.6017951965332,39.97667694091797,21.058095932006836,16.83757209777832,40.57942581176758,8.873507499694824,13.568831443786621,70.72111511230469,20.191415786743164,41.73120880126953,16.399444580078125,12.965231895446777,21.848920822143555,43.137123107910156,28.57851791381836,40.133060455322266,29.229854583740234,53.29495620727539,39.262813568115234,57.14461898803711,18.583858489990234,24.170164108276367,14.665091514587402,31.805072784423828,23.368453979492188,50.256256103515625,32.20339584350586,13.027772903442383,16.647789001464844,19.368213653564453,127.09812927246094,32.02163314819336,20.966991424560547,6.7637224197387695,21.38903045654297,8.49020004272461,22.452869415283203,35.637752532958984,42.26787185668945,33.778873443603516,7.890148162841797,20.159273147583008,21.65022087097168,23.731399536132812,43.990055084228516
2010-03-08,21.53652000427246,6.576807975769043,40.68212127685547,36.97733688354492,28.37888526916504,40.283050537109375,40.159603118896484,20.979461669921875,16.763700485229492,40.44073486328125,8.807518005371094,13.55577564239502,70.25428009033203,19.98910140991211,42.68156814575195,16.99791717529297,12.967634201049805,21.95884895324707,42.54583740234375,28.2921199798584,39.91623306274414,29.13961410522461,52.75361251831055,39.51661682128906,56.86500549316406,18.618066787719727,24.03217124938965,14.6824951171875,31.832517623901367,23.26189613342285,50.144927978515625,31.810867309570312,13.058971405029297,16.437986373901367,19.19546127319336,129.120361328125,31.653827667236328,21.088186264038086,6.727303981781006,21.236204147338867,8.549935340881348,22.595394134521484,35.82346725463867,42.2283821105957,33.784488677978516,7.901581287384033,20.12635612487793,21.4893798828125,23.828887939453125,43.738853454589844
2010-03-09,21.664400100708008,6.69508695602417,40.72648620605469,37.14418411254883,28.26561164855957,40.35316848754883,39.97667694091797,20.80533218383789,16.677505493164062,40.573123931884766,8.746598243713379,13.666730880737305,69.7763442993164,20.134777069091797,42.66846466064453,16.99791717529297,12.946075439453125,21.928394317626953,42.901649475097656,28.82399559020996,40.09916687011719,29.330535888671875,53.18512725830078,39.61951446533203,57.6339111328125,18.748071670532227,23.928665161132812,14.618680953979492,31.18229866027832,23.348472595214844,50.843719482421875,31.8028621673584,13.105780601501465,16.588350296020508,19.25525665283203,128.36770629882812,31.730972290039062,20.71034049987793,6.659665584564209,21.02225685119629,8.344587326049805,22.64883804321289,36.11699676513672,42.12308120727539,33.722660064697266,7.913009166717529,20.086851119995117,21.465551376342773,23.596406936645508,43.797969818115234
2010-03-10,21.792282104492188,6.749724388122559,40.73916244506836,37.388938903808594,28.605445861816406,40.16830062866211,39.79374694824219,20.59751319885254,16.683670043945312,40.61724853515625,8.7059907913208,13.8298978805542,69.81522369384766,20.126684188842773,42.563594818115234,16.82879066467285,12.915493965148926,21.949161529541016,42.676658630371094,28.87173843383789,39.82814025878906,29.011186599731445,54.92685317993164,39.633216857910156,57.70381546020508,18.826763153076172,24.04595184326172,14.879734992980957,31.438724517822266,23.534944534301758,51.06636428833008,31.818891525268555,13.347617149353027,16.532400131225586,19.64727020263672,130.71690368652344,31.701290130615234,21.366230010986328,6.670071601867676,20.948904037475586,8.269917488098145,22.924985885620117,36.38058853149414,42.48507308959961,33.42483901977539,7.932059288024902,19.909099578857422,21.519153594970703,23.885133743286133,43.21428680419922
2010-03-11,21.95025062561035,6.76953649520874,40.69479751586914,37.388938903808594,28.77202796936035,40.27030563354492,39.80986785888672,20.932376861572266,16.634010314941406,40.95766830444336,8.777056694030762,13.869050979614258,70.91563415527344,20.345176696777344,42.74056625366211,16.893840789794922,12.997376441955566,22.23987579345703,42.51966857910156,29.06265640258789,39.90945053100586,29.18474006652832,54.97391891479492,39.43430709838867,57.59895706176758,19.00124168395996,23.914871215820312,15.059561729431152,32.00651931762695,23.854598999023438,51.34462356567383,32.13130569458008,13.355414390563965,16.469463348388672,19.773517608642578,131.91046142578125,31.677579879760742,21.401870727539062,6.716897010803223,20.747175216674805,8.13177490234375,22.849273681640625,37.422935485839844,42.6167106628418,33.55408477783203,7.893308162689209,19.382396697998047,21.629356384277344,23.731399536132812,42.652774810791016
2010-03-12,22.0179500579834,6.802558422088623,40.66946029663086,37.15532302856445,28.752046585083008,40.36593246459961,39.66460037231445,21.091299057006836,16.55643081665039,41.039608001708984,8.670455932617188,13.882107734680176,71.10459899902344,20.272354125976562,42.95030212402344,16.835294723510742,12.980512619018555,22.46137809753418,42.58246994018555,29.274059295654297,40.898719787597656,29.209041595458984,54.785621643066406,39.39313888549805,59.55623245239258,18.65227699279785,23.894166946411133,15.018954277038574,31.631046295166016,23.927860260009766,51.3817138671875,32.65199661254883,13.144786834716797,16.581350326538086,19.68714141845703,133.01284790039062,31.796815872192383,21.323453903198242,6.940618515014648,20.74106216430664,8.31472110748291,23.018518447875977,37.33308410644531,42.12308120727539,33.76201248168945,7.827434062957764,18.868873596191406,21.554901123046875,24.0576171875,43.32510757446289
2010-03-15,22.032991409301758,6.719703197479248,40.91658401489258,36.8772087097168,28.698728561401367,40.60817337036133,39.583900451660156,21.42616844177246,16.64952850341797,41.701541900634766,8.761826515197754,13.816840171813965,71.04349517822266,20.458486557006836,43.212486267089844,16.96540069580078,13.34657096862793,22.627492904663086,42.51966857910156,29.301332473754883,40.295658111572266,29.285402297973633,54.448265075683594,39.022735595703125,60.42995834350586,18.748071670532227,23.96316909790039,15.053767204284668,31.402097702026367,23.98113250732422,52.018653869628906,32.603939056396484,13.144786834716797,16.61631965637207,19.85988998413086,131.9257049560547,31.868366241455078,21.13096046447754,6.971835613250732,20.88776969909668,8.325921058654785,23.005157470703125,37.56071853637695,42.32709884643555,33.91373062133789,7.893308162689209,18.83595085144043,21.61149024963379,24.181352615356445,42.948307037353516
2010-03-16,22.093172073364258,6.738016128540039,40.8912467956543,37.027381896972656,28.812007904052734,40.499794006347656,39.80451202392578,21.53402328491211,16.665048599243164,41.65111541748047,8.761826515197754,14.365072250366211,71.51032257080078,20.40182876586914,43.30424118041992,17.010927200317383,13.483841896057129,22.530595779418945,42.72898483276367,29.342243194580078,40.28211975097656,29.372177124023438,53.91476058959961,39.38627243041992,63.15615463256836,18.70702362060547,24.101165771484375,15.07696533203125,32.015663146972656,24.09434700012207,52.32787322998047,32.78017044067383,13.28520393371582,16.59883689880371,20.119016647338867,133.9479522705078,32.10684585571289,21.608617782592773,7.018662452697754,21.095613479614258,8.322184562683105,23.236774444580078,37.42892837524414,42.5377197265625,34.014888763427734,7.889435291290283,18.822782516479492,21.822959899902344,24.23760414123535,43.53197479248047
2010-03-17,22.288753509521484,6.728107929229736,40.96727752685547,37.46678924560547,29.178499221801758,40.8057975769043,40.175724029541016,21.61347198486328,16.7084903717041,41.9663200378418,8.736446380615234,14.515190124511719,71.00457763671875,20.61224365234375,43.50741958618164,17.082489013671875,13.466980934143066,22.509836196899414,43.00108337402344,29.260417938232422,40.80385971069336,29.375642776489258,54.432579040527344,39.39313888549805,63.05128479003906,18.645431518554688,24.294357299804688,15.071165084838867,31.896617889404297,24.120983123779297,52.476261138916016,32.85227584838867,13.472427368164062,16.4974365234375,20.29842185974121,134.2900390625,32.94157028198242,21.587238311767578,7.336040019989014,21.077274322509766,8.378192901611328,23.597562789916992,37.668548583984375,42.71542739868164,34.239681243896484,7.877810955047607,19.158557891845703,21.793176651000977,24.710058212280273,44.02701187133789
2010-03-18,22.273712158203125,6.744019508361816,41.22709655761719,37.48349380493164,29.078535079956055,40.6273078918457,40.22415542602539,21.8234806060791,16.74262237548828,41.93479537963867,8.746598243713379,14.489081382751465,71.3491439819336,20.539403915405273,43.70404815673828,17.134532928466797,13.47180461883545,22.426767349243164,43.780723571777344,29.615015029907227,40.49894714355469,29.42424774169922,55.601566314697266,39.996768951416016,63.5755615234375,18.39569091796875,24.21156120300293,15.123372077941895,32.82155227661133,24.21422004699707,53.14411163330078,32.8442497253418,13.324212074279785,16.581350326538086,20.12567138671875,134.90586853027344,32.92368698120117,21.444650650024414,7.1435322761535645,21.285110473632812,8.303521156311035,23.47728729248047,38.591094970703125,42.81415939331055,34.44196701049805,7.9281816482543945,19.2507266998291,21.933164596557617,24.27509880065918,43.77579879760742
2010-03-19,22.2586669921875,6.671969890594482,41.258766174316406,37.288818359375,28.951927185058594,40.69742202758789,40.34254837036133,21.602121353149414,16.99090003967285,41.96000289916992,8.584156036376953,14.352023124694824,70.97677612304688,20.385650634765625,43.60572052001953,17.010927200317383,13.32730484008789,22.39908790588379,42.88595962524414,29.880958557128906,40.2279167175293,29.44854164123535,55.48389434814453,41.15599060058594,63.15615463256836,18.289636611938477,23.83896827697754,15.088569641113281,33.95712661743164,24.08768081665039,53.73776626586914,32.307525634765625,13.121381759643555,16.73870277404785,20.185470581054688,135.2480010986328,32.67923355102539,21.12383460998535,6.914606094360352,21.107833862304688,8.07950496673584,23.325849533081055,38.53717041015625,43.13666534423828,34.52064514160156,7.881684303283691,19.151968002319336,21.843807220458984,24.34635353088379,43.583709716796875
2010-03-22,22.26618766784668,6.747021198272705,41.2524299621582,37.2498779296875,29.145174026489258,40.72292709350586,40.06275939941406,21.738346099853516,16.92572593688965,41.80241775512695,8.7059907913208,14.515190124511719,71.12684631347656,20.68508529663086,43.920345306396484,17.095500946044922,13.394735336303711,22.61365509033203,42.82316589355469,29.703649520874023,40.62091064453125,29.48671531677246,56.41749954223633,41.21772384643555,63.15615463256836,18.429914474487305,24.280555725097656,15.36121940612793,34.14027404785156,24.334083557128906,53.00189208984375,32.9083366394043,13.230605125427246,16.83660888671875,20.205398559570312,133.92514038085938,33.06678009033203,21.102449417114258,7.278807163238525,21.596874237060547,7.9637603759765625,23.20559310913086,38.31552505493164,42.741764068603516,35.402896881103516,7.9204325675964355,19.30997657775879,21.736576080322266,24.552570343017578,44.344703674316406
2010-03-23,22.47681427001953,6.855393409729004,41.41720199584961,37.238746643066406,29.704893112182617,41.13728713989258,40.22954559326172,21.85186004638672,17.16158103942871,42.14914321899414,8.903966903686523,14.795838356018066,71.89935302734375,21.033071517944336,44.143184661865234,17.32969093322754,13.459758758544922,22.55828285217285,43.090030670166016,30.133256912231445,42.28776168823242,29.622087478637695,56.629329681396484,41.19715118408203,64.06488037109375,18.590700149536133,24.784236907958984,15.541047096252441,33.82890701293945,24.38736915588379,52.42678451538086,33.03652572631836,13.3632173538208,16.70024299621582,20.65056800842285,132.9139862060547,33.30529022216797,21.052547454833984,7.231978893280029,21.951417922973633,7.98616361618042,23.388202667236328,38.71091079711914,42.90631103515625,35.68949890136719,7.951436519622803,19.303396224975586,21.91231918334961,24.766300201416016,45.778038024902344
2010-03-24,22.303804397583008,6.885716438293457,41.03064727783203,36.98844528198242,29.944753646850586,40.55079650878906,39.77759552001953,21.573741912841797,16.950551986694336,41.770904541015625,8.939504623413086,14.639195442199707,71.43250274658203,20.846933364868164,43.782691955566406,17.20608901977539,13.385103225708008,22.371387481689453,42.70280838012695,30.33100700378418,42.05061340332031,29.27497100830078,56.739166259765625,40.5180778503418,64.48429107666016,18.429914474487305,24.5013484954834,15.483041763305664,33.325218200683594,24.147613525390625,51.87021255493164,32.85227584838867,13.706463813781738,16.53590202331543,20.504384994506836,132.59471130371094,32.792518615722656,20.938480377197266,7.231978893280029,21.639650344848633,7.93389368057251,23.39712142944336,38.201717376708984,42.741764068603516,35.341087341308594,7.932060241699219,18.763526916503906,21.49831199645996,24.53382110595703,44.691951751708984
2010-03-25,22.57460594177246,6.80405855178833,40.91658401489258,36.8772087097168,29.944753646850586,40.55717086791992,39.70766830444336,21.443204879760742,17.006420135498047,41.95372009277344,8.827821731567383,14.586986541748047,71.82710266113281,21.073528289794922,43.84823226928711,17.193084716796875,13.39232349395752,22.579042434692383,42.347007751464844,30.23554039001465,42.10480880737305,28.95217514038086,56.872554779052734,40.648399353027344,63.96002960205078,18.310171127319336,25.129240036010742,15.535246849060059,33.05964660644531,23.961135864257812,51.65380859375,33.180721282958984,13.83908462524414,16.06734275817871,20.637271881103516,132.9672088623047,32.92368698120117,20.610530853271484,7.179951190948486,22.208160400390625,7.930160045623779,22.951711654663086,38.12982940673828,42.768096923828125,35.42538833618164,7.951436519622803,18.60552978515625,21.191532135009766,24.256351470947266,44.47768783569336
2010-03-26,22.31131935119629,6.931646347045898,40.79619216918945,37.01071548461914,29.998079299926758,40.6017951965332,40.04662322998047,21.24454689025879,16.95985984802246,41.97893142700195,8.700911521911621,14.515190124511719,71.83821105957031,20.790283203125,44.084197998046875,17.21910858154297,13.368244171142578,22.669031143188477,42.38364791870117,30.412837982177734,42.30809020996094,29.3096866607666,56.95100021362305,40.75130081176758,64.09981536865234,18.098051071166992,25.384525299072266,15.483041763305664,32.87649917602539,23.588228225708008,52.09284973144531,32.94038772583008,13.963896751403809,15.854036331176758,20.743587493896484,131.42393493652344,32.8402214050293,20.5677547454834,7.211167335510254,22.48935317993164,7.918957710266113,22.72455406188965,38.141807556152344,43.13008499145508,35.296138763427734,7.912685394287109,18.710861206054688,20.991981506347656,24.7737979888916,44.743675231933594
2010-03-29,22.2586669921875,6.976373672485352,41.07501220703125,37.43343734741211,29.891460418701172,40.6273078918457,40.47705841064453,21.505638122558594,16.997100830078125,41.95372009277344,8.77198600769043,14.573932647705078,71.46581268310547,20.69316864013672,43.95966720581055,17.245115280151367,13.423635482788086,22.565202713012695,42.57199478149414,30.596954345703125,43.01277160644531,29.497133255004883,58.143516540527344,41.09425354003906,64.30951690673828,18.17331314086914,25.577728271484375,15.662874221801758,33.288597106933594,23.621509552001953,52.4515380859375,33.22878646850586,14.073114395141602,16.042861938476562,20.66385841369629,132.3209991455078,33.007164001464844,20.981252670288086,7.060286998748779,22.91725730895996,7.967494487762451,22.782459259033203,38.41738510131836,43.29463577270508,35.52653884887695,8.00180721282959,19.112468719482422,21.105161666870117,24.65755271911621,45.53790283203125
2010-03-30,22.394073486328125,7.0802459716796875,41.12571334838867,37.29438400268555,29.704893112182617,40.58266830444336,40.514713287353516,21.37509536743164,17.028133392333984,42.092403411865234,8.761826515197754,14.580453872680664,71.56588745117188,20.66889190673828,44.07109451293945,17.33619499206543,13.46457290649414,22.627492904663086,44.099910736083984,30.65149688720703,42.79594039916992,29.663742065429688,57.6884880065918,41.21772384643555,63.96002960205078,17.964628219604492,25.550134658813477,15.7098388671875,33.499229431152344,23.907878875732422,52.000091552734375,33.22074890136719,13.854683876037598,15.948450088500977,20.491106033325195,130.2911376953125,32.917728424072266,20.824399948120117,6.909404277801514,22.874465942382812,8.004831314086914,22.831453323364258,38.65700149536133,43.2551383972168,35.48158264160156,8.00180721282959,19.046627044677734,21.19748878479004,24.766300201416016,45.35975646972656
2010-03-31,22.032991409301758,7.054727554321289,41.315818786621094,37.25544357299805,29.818161010742188,40.33404541015625,40.79985809326172,21.199142456054688,17.0684814453125,41.70784378051758,8.7059907913208,14.54782772064209,71.27687072753906,20.806476593017578,43.73027038574219,16.932870864868164,13.389917373657227,22.39215660095215,43.72842025756836,30.869705200195312,42.58590316772461,29.59432029724121,56.966697692871094,41.046234130859375,63.61052703857422,18.02278709411621,25.22583770751953,15.674612045288086,33.499229431152344,24.120983123779297,51.46210479736328,33.19660186767578,13.924890518188477,15.89949893951416,20.67715072631836,129.72097778320312,32.774635314941406,20.881439208984375,6.539999485015869,22.67274284362793,8.0869722366333,22.791370391845703,38.585105895996094,43.156402587890625,35.335472106933594,7.951436519622803,19.02687644958496,21.084304809570312,24.522567749023438,44.135013580322266
2010-04-01,21.93520736694336,7.083846569061279,41.677005767822266,37.60585403442383,30.138351440429688,40.39143371582031,41.262611389160156,21.403465270996094,17.16158103942871,42.0356559753418,8.670455932617188,14.61308479309082,71.27687072753906,20.604154586791992,44.29391860961914,16.802766799926758,13.363425254821777,22.412919998168945,43.87491226196289,30.706056594848633,43.358333587646484,29.78522491455078,57.26481246948242,41.70473098754883,64.06488037109375,18.11858558654785,24.998146057128906,15.821385383605957,34.0212287902832,24.074363708496094,51.87021255493164,33.55061721801758,14.073114395141602,15.958942413330078,20.843252182006836,129.4092559814453,33.31122589111328,20.817276000976562,6.571215629577637,23.07618522644043,8.169109344482422,23.16996955871582,38.42935562133789,43.60396194458008,35.12192916870117,8.071557998657227,19.165138244628906,21.26003646850586,24.935039520263672,44.34285354614258
2010-04-05,22.0179500579834,7.159497261047363,41.442527770996094,37.928462982177734,30.245084762573242,40.64643478393555,41.78450012207031,21.221845626831055,17.025035858154297,41.59437561035156,8.579081535339355,14.74362564086914,71.8882064819336,20.701269149780273,44.5888786315918,17.02394676208496,13.363425254821777,22.606733322143555,44.05281448364258,30.992456436157227,44.035911560058594,29.71927261352539,56.51948165893555,41.4440803527832,64.76390075683594,18.108314514160156,24.846349716186523,15.715702056884766,33.883853912353516,24.340742111206055,51.845497131347656,34.33104705810547,14.143322944641113,16.028879165649414,20.936277389526367,131.6443634033203,33.30529022216797,20.881439208984375,6.644057273864746,23.125085830688477,8.225114822387695,23.731172561645508,38.44733428955078,43.71586608886719,34.987064361572266,8.106432914733887,18.737194061279297,21.099199295043945,25.092514038085938,45.01089096069336
2010-04-06,22.055566787719727,7.191017150878906,41.385501861572266,37.76716613769531,30.578615188598633,40.23204803466797,41.90287399291992,21.142379760742188,16.84813690185547,41.85285949707031,8.609539031982422,14.619611740112305,71.65479278564453,20.90358543395996,44.44468307495117,17.056474685668945,13.373059272766113,22.530595779418945,44.13655090332031,30.999271392822266,44.23918533325195,29.479780197143555,56.770545959472656,41.35490417480469,65.00855255126953,18.077526092529297,24.73594093322754,15.486759185791016,33.96627426147461,24.31410789489746,51.029239654541016,34.693115234375,14.42415714263916,15.913479804992676,21.4478816986084,131.4467315673828,33.34701156616211,20.931350708007812,6.607635974884033,22.862234115600586,8.191512107849121,23.740081787109375,38.47128677368164,43.261722564697266,34.95334243774414,8.129680633544922,18.585769653320312,21.000911712646484,25.347496032714844,45.04058837890625
2010-04-07,22.078128814697266,7.222838878631592,41.3284912109375,37.45567321777344,30.231746673583984,39.843177795410156,41.62847137451172,20.881298065185547,16.70228385925293,41.600704193115234,8.665377616882324,14.65224838256836,71.40469360351562,20.968324661254883,44.372589111328125,17.134532928466797,13.312856674194336,22.572128295898438,43.77550506591797,30.856081008911133,43.683570861816406,29.542266845703125,56.566566467285156,41.39607238769531,64.65904235839844,17.96120834350586,24.604856491088867,15.586549758911133,33.197021484375,24.320764541625977,50.825172424316406,34.08967590332031,14.525568008422852,15.892502784729004,21.25519561767578,134.0771942138672,33.11448669433594,21.401870727539062,6.545203685760498,22.48935317993164,8.307252883911133,23.566375732421875,38.141807556152344,42.92604064941406,34.58244705200195,8.056057929992676,18.598941802978516,20.887739181518555,25.29125213623047,44.83274841308594
2010-04-08,22.50690269470215,7.203326225280762,41.14472198486328,37.744911193847656,30.525266647338867,39.881439208984375,41.78450012207031,20.875629425048828,16.68366241455078,41.588077545166016,8.700911521911621,14.560876846313477,70.92121887207031,20.90358543395996,45.06733322143555,17.095500946044922,13.336939811706543,22.821311950683594,43.40398025512695,31.019718170166016,43.69035720825195,29.351341247558594,56.70780944824219,41.51268005371094,64.8687515258789,17.88594627380371,25.163745880126953,15.363466262817383,33.535858154296875,24.320764541625977,50.825172424316406,35.15169143676758,14.548974990844727,16.021881103515625,21.41465950012207,136.46441650390625,33.19198989868164,22.014986038208008,6.571215629577637,22.526023864746094,8.355790138244629,24.025131225585938,38.50123596191406,42.84706115722656,34.464447021484375,8.013434410095215,18.473838806152344,21.043697357177734,25.47122573852539,44.99605178833008
2010-04-09,22.822843551635742,7.2585625648498535,41.27779006958008,38.24550247192383,30.672000885009766,39.989803314208984,42.77451705932617,20.98346710205078,16.941242218017578,41.83391571044922,8.756754875183105,14.71751594543457,71.56031799316406,21.1463680267334,45.0149040222168,17.303665161132812,13.26227855682373,23.015117645263672,43.686546325683594,31.210655212402344,44.22563552856445,29.25067710876465,56.8176383972168,41.77333068847656,64.72893524169922,18.039892196655273,25.68811798095703,15.410436630249023,33.545021057128906,24.533872604370117,51.196205139160156,35.304588317871094,14.502176284790039,16.014888763427734,21.46117401123047,136.17544555664062,33.698795318603516,22.08627700805664,6.618042469024658,22.660512924194336,8.41553020477295,24.63979721069336,38.60308837890625,43.538143157958984,34.6611213684082,8.110310554504395,18.60552978515625,21.241657257080078,25.7524471282959,45.78285217285156
2010-04-12,22.807798385620117,7.273573398590088,41.258766174316406,38.21769714355469,30.77875518798828,39.97066879272461,43.27485656738281,20.915346145629883,16.99401092529297,41.808719635009766,8.777056694030762,14.710988998413086,71.33802032470703,21.243661880493164,44.91658020019531,17.258129119873047,13.250240325927734,23.174327850341797,43.57665252685547,31.360671997070312,45.214900970458984,29.431188583374023,56.42533493041992,41.40978240966797,65.39301300048828,18.019367218017578,25.515615463256836,15.433920860290527,33.35272216796875,24.354066848754883,51.27658462524414,35.835594177246094,14.556779861450195,16.039363861083984,21.540904998779297,135.2023468017578,33.62126541137695,22.05063819885254,6.644057273864746,22.50769805908203,8.411794662475586,24.92485809326172,38.79477310180664,43.584224700927734,34.498165130615234,8.176178932189941,18.677942276000977,21.10369300842285,25.831192016601562,46.050071716308594
2010-04-13,22.905582427978516,7.277775764465332,41.61996078491211,38.18988037109375,30.598634719848633,40.16193389892578,43.156517028808594,20.830209732055664,17.07468032836914,41.85285949707031,8.721217155456543,14.861102104187012,71.71036529541016,21.365283966064453,45.17221450805664,17.1995849609375,13.177993774414062,23.769603729248047,43.9219970703125,31.135648727416992,44.849029541015625,29.34787940979004,55.852630615234375,41.62242889404297,66.2318344116211,18.036611557006836,25.653627395629883,15.251933097839355,32.7025032043457,24.5871524810791,51.078704833984375,36.19764709472656,14.564582824707031,16.20720672607422,21.361507415771484,136.27430725097656,34.08037185668945,21.72981834411621,6.654461860656738,22.50157356262207,8.464066505432129,24.795690536499023,38.86668014526367,43.860660552978516,34.31270980834961,8.176178932189941,18.5528507232666,21.19967269897461,25.996173858642578,45.67893600463867
2010-04-14,23.183914184570312,7.3756422996521,41.49957275390625,38.162071228027344,31.839412689208984,40.283050537109375,43.35557556152344,20.552093505859375,17.05296516418457,41.7898063659668,8.665377616882324,15.350594520568848,72.94416809082031,21.389616012573242,45.49992752075195,17.48581314086914,13.15872573852539,24.21261215209961,44.15746307373047,31.59253692626953,45.58757019042969,29.37911605834961,56.252742767333984,41.937965393066406,67.6298599243164,18.046960830688477,25.70882225036621,15.087549209594727,31.759254455566406,24.367387771606445,51.08489227294922,37.38035583496094,15.13405990600586,16.10580062866211,22.112308502197266,140.5849151611328,34.867393493652344,22.200345993041992,6.945822238922119,22.483234405517578,8.63953971862793,25.339075088500977,39.208126068115234,43.9988899230957,34.41386032104492,8.199433326721191,18.638439178466797,21.25666618347168,26.063669204711914,45.84965515136719
2010-04-15,23.22153091430664,7.472609043121338,41.512245178222656,37.9673957824707,31.89276695251465,40.16193389892578,43.899017333984375,20.455610275268555,16.838829040527344,41.777191162109375,8.624764442443848,15.80746078491211,72.74411010742188,21.243661880493164,45.32951736450195,17.700483322143555,13.035904884338379,24.32335662841797,44.47665786743164,31.687984466552734,46.2244987487793,29.24376106262207,56.5587272644043,41.59501266479492,68.15410614013672,18.064207077026367,25.784725189208984,14.87620735168457,31.795881271362305,24.45396614074707,51.46210479736328,37.54933166503906,15.196457862854004,15.8470458984375,22.265134811401367,140.09075927734375,34.99855422973633,22.014986038208008,7.159140586853027,22.318193435668945,8.736616134643555,25.414812088012695,41.26887512207031,43.979129791259766,34.61056137084961,8.176178932189941,18.65818977355957,21.17867660522461,26.14617156982422,45.84221649169922
2010-04-16,23.071088790893555,7.426977634429932,41.20174789428711,37.783836364746094,30.38517951965332,40.06630325317383,43.44704818725586,20.2683048248291,17.05916976928711,41.69524383544922,8.528316497802734,15.611653327941895,72.599609375,21.040958404541016,45.24431228637695,17.550859451293945,13.031088829040527,24.233356475830078,43.82780838012695,31.244754791259766,45.316532135009766,29.24376106262207,55.53879165649414,41.649864196777344,66.3017349243164,18.02971649169922,25.626022338867188,14.958392143249512,31.585250854492188,24.334083557128906,51.319881439208984,36.286163330078125,14.36175537109375,15.979920387268066,21.633934020996094,122.17168426513672,33.81803512573242,20.788755416870117,6.982243061065674,21.920854568481445,8.82622241973877,24.964954376220703,40.861515045166016,43.419681549072266,34.73979949951172,8.087055206298828,18.598941802978516,21.055696487426758,25.932424545288086,44.91438293457031
2010-04-19,23.349409103393555,7.417072296142578,41.841758728027344,37.950714111328125,30.278432846069336,40.30218505859375,43.753746032714844,20.376142501831055,17.16779327392578,41.68262481689453,8.523242950439453,15.663880348205566,73.48882293701172,21.235557556152344,45.82763671875,17.609407424926758,13.098518371582031,24.344114303588867,43.90107727050781,31.19703483581543,45.39107894897461,29.209041595458984,55.67218017578125,41.889957427978516,66.19685363769531,18.25396156311035,25.550134658813477,15.15212345123291,32.327030181884766,24.360729217529297,52.068115234375,36.817169189453125,14.346148490905762,15.993908882141113,21.939571380615234,124.16358184814453,34.372520446777344,21.073928833007812,7.075894832611084,22.085899353027344,8.773954391479492,25.22772979736328,40.90945053100586,43.71586608886719,34.92523956298828,8.110310554504395,18.60552978515625,21.088701248168945,26.322399139404297,44.88468933105469
2010-04-20,23.590118408203125,7.342623710632324,41.816410064697266,38.362308502197266,30.605310440063477,40.283050537109375,44.1464958190918,20.46695899963379,16.90399932861328,41.543968200683594,8.508010864257812,15.742194175720215,72.07717895507812,21.20311737060547,46.102935791015625,17.68096923828125,13.129831314086914,24.35103988647461,44.61793899536133,31.626619338989258,45.736637115478516,29.344411849975586,56.02522277832031,41.279449462890625,66.40658569335938,18.305715560913086,25.667430877685547,14.929043769836426,31.98819923400879,24.327428817749023,52.544281005859375,37.171180725097656,14.517773628234863,15.759625434875488,22.38473129272461,121.62432861328125,34.87931823730469,21.70843505859375,7.2371826171875,22.043109893798828,8.740350723266602,25.566238403320312,40.771663665771484,44.3806037902832,35.1387825012207,8.203307151794434,19.0400447845459,21.14267921447754,26.401142120361328,44.684288024902344
2010-04-21,23.567554473876953,7.7818145751953125,41.43620681762695,38.334495544433594,30.251754760742188,40.563560485839844,44.07655715942383,19.717750549316406,16.817110061645508,41.59437561035156,8.426790237426758,15.533343315124512,71.68814849853516,21.316640853881836,46.11603927612305,17.71999168395996,13.11778736114502,24.413339614868164,44.842926025390625,31.838010787963867,45.90602493286133,29.399946212768555,58.182762145996094,40.27113342285156,66.51142883300781,17.864116668701172,25.520797729492188,14.735309600830078,31.136520385742188,23.98113250732422,53.335819244384766,37.00221252441406,14.260337829589844,14.252551078796387,21.93292808532715,120.82608032226562,34.7064094543457,22.5853214263916,7.351645469665527,21.926969528198242,8.773954391479492,25.48606300354004,40.807594299316406,44.999305725097656,35.37480163574219,8.315680503845215,18.9412899017334,21.184669494628906,26.431129455566406,44.9069709777832
2010-04-22,23.612689971923828,7.9994611740112305,41.04966354370117,38.13426208496094,29.844850540161133,40.53805160522461,43.689170837402344,19.167203903198242,16.854354858398438,40.82529067993164,8.36587142944336,15.6573486328125,71.7659683227539,21.276092529296875,46.555171966552734,17.77203941345215,13.122601509094238,24.72481918334961,45.02606964111328,32.34943771362305,46.02876281738281,29.33358383178711,59.30464553833008,39.89387130737305,66.2318344116211,17.636417388916016,25.47239112854004,14.34784984588623,30.70610237121582,23.56157875061035,53.59551239013672,37.62978744506836,14.463167190551758,14.193105697631836,22.311649322509766,120.91732788085938,35.16551208496094,22.742168426513672,7.388068199157715,22.043109893798828,8.841154098510742,25.37917137145996,40.89147186279297,45.40736770629883,34.90838623046875,8.245931625366211,18.737194061279297,21.115692138671875,26.341142654418945,45.24840545654297
2010-04-23,23.289220809936523,8.130345344543457,41.21441650390625,38.51247024536133,29.978246688842773,40.50617980957031,44.4800910949707,20.126415252685547,16.72089958190918,40.79375076293945,8.584156036376953,15.689983367919922,72.243896484375,21.47069549560547,46.63381576538086,17.86961555480957,13.132237434387207,25.18859100341797,45.30339813232422,32.540374755859375,46.8946533203125,29.085567474365234,58.94377517700195,40.38775634765625,66.65119934082031,17.66401481628418,25.596881866455078,14.523966789245605,31.127363204956055,23.614850997924805,53.75013732910156,38.65963363647461,14.37735366821289,14.57075023651123,22.245210647583008,119.66290283203125,35.10586929321289,22.770679473876953,7.3932695388793945,21.920854568481445,8.848625183105469,25.873571395874023,41.25090408325195,45.40736770629883,34.239681243896484,8.276930809020996,18.763526916503906,21.184669494628906,26.723604202270508,45.8644905090332
2010-04-26,23.402069091796875,8.090421676635742,41.03697967529297,38.54030227661133,29.27783966064453,40.761165618896484,44.437049865722656,19.865325927734375,16.674348831176758,40.98918151855469,8.538470268249512,15.546396255493164,72.65518951416016,21.462583541870117,46.54862976074219,17.93467140197754,13.014225959777832,25.25779914855957,45.75339889526367,32.9154167175293,48.851436614990234,29.410429000854492,58.323978424072266,40.079078674316406,67.45511627197266,17.377660751342773,25.500057220458984,14.383075714111328,30.110849380493164,23.521610260009766,53.236873626708984,37.927494049072266,14.080912590026855,14.182618141174316,21.740236282348633,115.58035278320312,34.46791458129883,22.057758331298828,7.523342609405518,21.81693458557129,8.807554244995117,25.967098236083984,41.047218322753906,45.36788558959961,34.24528884887695,8.234305381774902,18.724023818969727,21.17867660522461,26.517377853393555,46.17624282836914
2010-04-27,23.206485748291016,7.8664703369140625,40.73283004760742,37.97294998168945,28.290563583374023,40.23204803466797,43.16728210449219,19.570186614990234,16.407466888427734,40.49115753173828,8.355716705322266,15.239645957946777,71.59367370605469,21.06528663635254,46.227455139160156,17.570377349853516,13.014225959777832,24.427175521850586,46.03072738647461,32.00847625732422,46.72420883178711,29.197359085083008,56.864707946777344,39.67436599731445,65.35804748535156,17.1706600189209,25.078163146972656,14.212825775146484,29.634641647338867,23.22193145751953,52.253623962402344,36.841312408447266,13.628456115722656,14.116178512573242,21.07579803466797,116.34819793701172,33.543758392333984,21.337705612182617,7.060286998748779,21.334016799926758,8.553668022155762,25.62859344482422,39.669403076171875,44.216068267822266,34.12165451049805,8.106432914733887,18.355342864990234,20.836742401123047,25.857446670532227,44.03110122680664
2010-04-28,23.251623153686523,7.853262424468994,40.94827651977539,38.484683990478516,28.990995407104492,40.580223083496094,43.37710189819336,19.615596771240234,16.559537887573242,40.81896209716797,8.391255378723145,15.18090534210205,72.30503845214844,20.967981338500977,46.102935791015625,17.58989143371582,12.910674095153809,24.357961654663086,46.1719970703125,32.08350372314453,47.02419662475586,29.689851760864258,56.77838897705078,39.907588958740234,66.2318344116211,17.343168258666992,25.666048049926758,14.289140701293945,30.312314987182617,23.148691177368164,52.53811264038086,37.07463836669922,13.87028694152832,14.224577903747559,21.560842514038086,119.36640167236328,33.69282150268555,21.65906524658203,6.893792629241943,21.51740264892578,8.62087345123291,26.07845115661621,40.921424865722656,45.196746826171875,34.29022979736328,8.14517879486084,18.44093132019043,21.085697174072266,26.2174072265625,44.22410202026367
2010-04-29,23.319316864013672,8.06460189819336,41.19541549682617,38.18988037109375,29.351205825805664,39.95709991455078,44.27564239501953,20.007221221923828,16.677452087402344,41.102657318115234,8.558774948120117,15.331011772155762,72.50513458251953,21.057172775268555,46.87632751464844,17.908641815185547,12.932348251342773,24.61407470703125,46.742340087890625,33.08588409423828,48.23781967163086,29.6200008392334,57.89247512817383,40.18882369995117,68.1191635131836,17.50876235961914,25.76978874206543,14.893816947937012,30.962522506713867,23.33514976501465,53.4100227355957,38.29758834838867,14.275940895080566,14.126667976379395,22.0790958404541,121.82196044921875,35.11184310913086,22.35889434814453,7.065491199493408,21.926969528198242,8.400588035583496,26.32343864440918,41.75410461425781,45.6640510559082,34.43635940551758,8.207183837890625,18.51335334777832,21.352636337280273,26.712358474731445,44.98862838745117
2010-04-30,22.973297119140625,7.837952136993408,40.745506286621094,37.69483184814453,28.403980255126953,39.93141174316406,43.81831359863281,19.88803482055664,16.58746337890625,41.115257263183594,8.48770523071289,14.906793594360352,71.69371032714844,20.976085662841797,46.26677322387695,17.51833152770996,12.917900085449219,24.385644912719727,46.39699935913086,32.36989212036133,46.42420959472656,29.375497817993164,56.825469970703125,39.31083679199219,65.91726684570312,17.65021324157715,25.534631729125977,14.85859203338623,29.359899520874023,23.288536071777344,52.494808197021484,37.1068115234375,13.909293174743652,13.885396957397461,21.999366760253906,110.38787841796875,34.30693817138672,21.580509185791016,6.7741265296936035,21.486831665039062,8.299786567687988,26.363513946533203,41.41862487792969,44.643890380859375,34.42510223388672,8.211055755615234,18.39484405517578,21.343645095825195,26.386138916015625,44.402217864990234
2010-05-03,23.214000701904297,7.995858192443848,41.398170471191406,37.733768463134766,29.03767967224121,40.265464782714844,44.566184997558594,20.018577575683594,16.68366241455078,41.41156768798828,8.584156036376953,15.18090534210205,72.02718353271484,21.0896053314209,46.81078338623047,17.915151596069336,12.94198226928711,24.828649520874023,46.99351501464844,33.07905960083008,47.685550689697266,29.434865951538086,58.36320495605469,39.50289535522461,67.31529235839844,17.550168991088867,25.645288467407227,14.752927780151367,29.964323043823242,23.435041427612305,53.645015716552734,37.97576141357422,14.088719367980957,13.902885437011719,22.510976791381836,113.65695190429688,34.9270133972168,21.730480194091797,6.919808387756348,21.774141311645508,8.49020004272461,26.590675354003906,42.35315704345703,45.57190704345703,34.36330032348633,8.292428970336914,18.250001907348633,21.436620712280273,26.727354049682617,45.515628814697266
2010-05-04,22.664873123168945,7.765604019165039,40.99897003173828,36.97176742553711,28.33058738708496,39.642333984375,43.45243835449219,20.325063705444336,16.503671646118164,41.247657775878906,8.761826515197754,14.724040985107422,71.20462799072266,20.246341705322266,46.2995491027832,17.27764320373535,13.009415626525879,24.51716423034668,45.87898254394531,31.95394515991211,45.47648239135742,28.94586181640625,57.1079216003418,38.981590270996094,64.93863677978516,17.315561294555664,25.230327606201172,14.835113525390625,28.590646743774414,23.315166473388672,52.810184478759766,36.89763259887695,13.698660850524902,13.472787857055664,21.886409759521484,113.61893463134766,34.16980743408203,21.059200286865234,6.685678958892822,21.474613189697266,8.437925338745117,25.837942123413086,41.298831939697266,43.873836517333984,34.385772705078125,8.238181114196777,17.262453079223633,21.469623565673828,25.673709869384766,43.363059997558594
2010-05-05,22.45425796508789,7.684848785400391,41.27779006958008,36.80490493774414,28.437320709228516,39.93141174316406,43.145751953125,20.2001953125,16.65262794494629,41.102657318115234,8.813126564025879,14.571558952331543,70.83783721923828,20.222026824951172,46.312652587890625,17.27113914489746,13.19003677368164,24.392574310302734,45.30863571166992,31.285673141479492,44.97196578979492,28.893470764160156,56.026832580566406,38.823814392089844,63.26100540161133,17.301761627197266,24.939844131469727,14.711832046508789,29.304956436157227,23.361797332763672,52.463897705078125,35.747108459472656,13.67525863647461,14.060235023498535,21.733360290527344,112.66097259521484,33.734554290771484,20.9163818359375,6.420334815979004,21.84138298034668,8.419260025024414,25.28118896484375,40.24448013305664,44.01860427856445,34.57121658325195,8.22268009185791,17.41387176513672,21.76055908203125,25.29874610900879,42.68758010864258
2010-05-06,21.799800872802734,7.392454624176025,40.1751823425293,35.53672409057617,27.223247528076172,39.02561569213867,41.53699493408203,19.45099639892578,16.230575561523438,40.787452697753906,8.58741283416748,14.137765884399414,69.22343444824219,19.38686752319336,45.49992752075195,16.58159637451172,12.819167137145996,23.506572723388672,44.07897186279297,30.208267211914062,43.294715881347656,28.56163787841797,53.63582229614258,37.554847717285156,60.499881744384766,16.90501594543457,24.372705459594727,14.253922462463379,30.15663719177246,22.90894317626953,51.2332763671875,34.19427490234375,12.70012378692627,13.70007610321045,20.748502731323242,108.19834899902344,31.868366241455078,19.738096237182617,6.128971576690674,21.187297821044922,8.217646598815918,24.537353515625,38.938560485839844,42.498233795166016,34.32958984375,8.040557861328125,16.920103073120117,21.268653869628906,24.474733352661133,41.85626220703125
2010-05-07,21.220579147338867,7.08054256439209,40.11817169189453,35.4310417175293,27.189899444580078,38.74297332763672,41.48320007324219,19.00827980041504,16.34539794921875,40.70550537109375,8.443777084350586,14.006312370300293,68.2067642211914,18.9814510345459,44.57577133178711,16.074193954467773,12.619277000427246,23.13971710205078,43.236541748046875,29.676368713378906,42.34019470214844,28.016742706298828,52.64944839477539,37.355926513671875,58.99702072143555,16.80841636657715,24.109901428222656,14.289140701293945,28.7463321685791,23.055444717407227,50.256256103515625,32.665592193603516,12.622117042541504,13.416844367980957,20.508943557739258,108.70779418945312,31.30791664123535,19.816650390625,5.988495349884033,21.315670013427734,8.045900344848633,24.354734420776367,38.29756164550781,41.35958480834961,34.27900314331055,8.044432640075684,17.078102111816406,20.896732330322266,24.111854553222656,41.84883499145508
2010-05-10,21.76971435546875,7.624808311462402,41.03064727783203,36.28205490112305,27.983726501464844,40.09843826293945,42.984336853027344,19.43964385986328,16.77055549621582,41.86545181274414,8.72079086303711,14.821316719055176,70.53619384765625,19.77606773376465,46.260223388671875,16.99791717529297,12.662628173828125,24.427175521850586,44.984222412109375,31.415225982666016,45.46967697143555,29.05414581298828,56.026832580566406,38.124168395996094,63.05128479003906,17.14306640625,25.015914916992188,14.17172908782959,29.90021324157715,23.408405303955078,51.70943832397461,34.6689567565918,13.495832443237305,13.420334815979004,21.93964385986328,109.34639739990234,32.81637191772461,20.60931968688965,6.321476936340332,21.743576049804688,8.292317390441895,25.241098403930664,40.4242057800293,42.70227813720703,35.36355972290039,8.3621826171875,17.51921272277832,21.574588775634766,25.359222412109375,44.11274719238281
2010-05-11,21.72458267211914,7.700760841369629,40.97997283935547,36.09725570678711,27.71687889099121,40.066314697265625,42.882110595703125,19.019624710083008,16.63710594177246,41.95372009277344,8.725922584533691,14.643857955932617,70.88252258300781,19.613895416259766,46.194671630859375,16.88734245300293,12.6337251663208,24.662525177001953,44.497589111328125,31.26520347595215,45.046958923339844,28.931886672973633,56.3582649230957,38.36423873901367,62.91150665283203,17.04300880432129,24.72544288635254,14.306756973266602,30.339786529541016,23.494983673095703,51.38790512084961,34.862064361572266,13.38662052154541,13.728043556213379,21.899715423583984,107.9322509765625,32.22014617919922,20.26654624938965,6.40472412109375,22.110347747802734,8.273653030395508,25.512798309326172,40.13067626953125,42.708839416503906,35.284889221191406,8.36605453491211,17.789140701293945,21.691574096679688,25.109758377075195,44.135013580322266
2010-05-12,22.145832061767578,7.867971897125244,41.12571334838867,36.3492546081543,27.810266494750977,40.4838752746582,43.07582092285156,19.093414306640625,16.76434326171875,42.199581146240234,8.669493675231934,15.17624282836914,74.1169204711914,19.94634437561035,46.31922149658203,17.39473533630371,12.711965560913086,24.842491149902344,45.230140686035156,31.960756301879883,46.46511459350586,29.18338394165039,57.50248336791992,38.823814392089844,64.4493179321289,16.956762313842773,25.119667053222656,14.34784984588623,31.099885940551758,23.488231658935547,51.57960510253906,35.481571197509766,13.316408157348633,14.039255142211914,22.398799896240234,111.90835571289062,32.78059005737305,19.85236167907715,6.597232818603516,22.354869842529297,8.294276237487793,25.690963745117188,40.87349319458008,43.27488708496094,35.29050827026367,8.397056579589844,18.105167388916016,22.048494338989258,25.567119598388672,45.382022857666016
2010-05-13,21.995384216308594,7.755997180938721,40.97997283935547,36.25405502319336,27.223247528076172,40.3104248046875,42.462440490722656,18.90611457824707,16.599878311157227,41.90958023071289,8.495073318481445,14.788454055786133,73.44657135009766,19.65445327758789,46.207763671875,16.60761260986328,12.692586898803711,24.413339614868164,44.785362243652344,31.497058868408203,45.61968994140625,29.036684036254883,56.62656021118164,38.32994079589844,63.08624267578125,16.770465850830078,25.244152069091797,14.0895414352417,30.989988327026367,23.299131393432617,50.924102783203125,34.44367980957031,13.160391807556152,13.801478385925293,22.012847900390625,109.96973419189453,32.041282653808594,19.723812103271484,6.461956977844238,21.920854568481445,8.44801139831543,25.361345291137695,40.28838348388672,42.768096923828125,34.94210433959961,8.38155460357666,17.874731063842773,22.024497985839844,25.242042541503906,44.4467658996582
2010-05-14,21.762187957763672,7.6197052001953125,40.53636932373047,35.615665435791016,26.60954475402832,40.17552185058594,41.87595748901367,18.66205406188965,16.553325653076172,41.65111541748047,8.310399055480957,14.387526512145996,73.28457641601562,19.281465530395508,45.61135482788086,16.223814010620117,12.624763488769531,24.36488151550293,44.3092155456543,31.012893676757812,44.2356071472168,28.907426834106445,55.09568786621094,37.51369094848633,61.65326690673828,16.732513427734375,24.746179580688477,13.831233978271484,30.61452293395996,22.907434463500977,49.95941162109375,32.69776153564453,12.746933937072754,13.210533142089844,21.320785522460938,108.89021301269531,31.284074783325195,19.338191986083984,6.300670623779297,21.627424240112305,8.339272499084473,24.87141227722168,39.66106414794922,41.65576171875,34.62181091308594,8.373806953430176,17.624547958374023,21.817543029785156,24.603242874145508,43.31852722167969
2010-05-17,21.76971435546875,7.631714820861816,40.47934341430664,35.43085861206055,26.57618522644043,40.715145111083984,42.21267318725586,18.605295181274414,16.575044631958008,42.07978439331055,8.264229774475098,14.472962379455566,72.86560821533203,19.249027252197266,45.971824645996094,16.178279876708984,12.772526741027832,24.63483238220215,44.3092155456543,30.985633850097656,43.4856071472168,29.27420425415039,54.98520278930664,37.595985412597656,61.373653411865234,16.708356857299805,24.808425903320312,13.913418769836426,30.834312438964844,22.968223571777344,50.2809944152832,33.1644172668457,12.75473690032959,13.367886543273926,21.274202346801758,108.44161987304688,31.67160987854004,19.359619140625,6.2174224853515625,21.82915687561035,8.279274940490723,24.58190155029297,39.540401458740234,41.905879974365234,35.00392532348633,8.408679962158203,17.88790512084961,22.16847801208496,24.99257469177246,43.014198303222656
2010-05-18,21.611038208007812,7.5758771896362305,39.902706146240234,35.16206359863281,26.029190063476562,40.605918884277344,41.734764099121094,18.36124038696289,16.47884178161621,41.94110870361328,8.11033821105957,14.085184097290039,72.59188079833984,18.997676849365234,45.893184661865234,15.846511840820312,13.00989818572998,24.03955841064453,43.9638671875,30.699357986450195,43.0833625793457,29.043659210205078,53.43854904174805,37.49996566772461,60.22026443481445,16.57726287841797,24.34505271911621,13.825362205505371,30.907573699951172,22.7048282623291,50.08929443359375,32.054115295410156,12.442692756652832,13.385369300842285,20.35588836669922,104.42752075195312,30.991899490356445,19.0882511138916,6.009305953979492,21.600576400756836,8.395512580871582,24.350276947021484,39.38356399536133,41.36617660522461,34.84095001220703,8.280807495117188,17.682668685913086,22.108488082885742,24.807357788085938,42.427791595458984
2010-05-19,21.338998794555664,7.45519495010376,39.42744445800781,34.97166061401367,26.269332885742188,40.61234664916992,41.599002838134766,18.51447868347168,16.48504066467285,41.63220977783203,8.115464210510254,14.196921348571777,71.98299407958984,18.80307388305664,45.48680114746094,15.781462669372559,12.847612380981445,23.797300338745117,43.46102523803711,30.109004974365234,41.89018630981445,28.694372177124023,52.246986389160156,37.90467834472656,60.32511520385742,16.53931427001953,24.172134399414062,13.919291496276855,30.898418426513672,22.866912841796875,49.78010177612305,32.31962585449219,12.723527908325195,13.637126922607422,20.016517639160156,106.5106430053711,30.878633499145508,19.309629440307617,6.009305953979492,21.36124610900879,8.429264068603516,24.01177406311035,39.28705596923828,40.98442840576172,34.84095001220703,8.257555961608887,17.656190872192383,22.060501098632812,24.327316284179688,43.69707107543945
2010-05-20,20.485145568847656,7.1375837326049805,38.36920166015625,33.78446960449219,25.23536491394043,39.578086853027344,39.96980667114258,18.060422897338867,15.994717597961426,40.25790023803711,7.812800884246826,13.664531707763672,69.15640258789062,18.121990203857422,44.346378326416016,15.163472175598145,12.426141738891602,22.765933990478516,41.90244674682617,28.687978744506836,40.001583099365234,28.048187255859375,49.71396255493164,36.31330108642578,56.8300666809082,16.035615921020508,23.418272018432617,13.55531120300293,29.881895065307617,22.5157413482666,47.95586395263672,31.072532653808594,11.935623168945312,12.927303314208984,19.091548919677734,103.4696273803711,29.197267532348633,18.309877395629883,5.619093418121338,20.072572708129883,8.065546035766602,22.918291091918945,38.26158142089844,39.50354766845703,34.40825271606445,8.00955867767334,16.802175521850586,21.451618194580078,23.268939971923828,42.06410598754883
2010-05-21,20.2811222076416,7.274477958679199,38.57831573486328,34.092472076416016,26.716276168823242,39.732261657714844,40.44770050048828,18.18528938293457,16.01023292541504,40.081390380859375,7.9000091552734375,13.743402481079102,70.06136322021484,17.967920303344727,44.47744369506836,15.261051177978516,12.443099021911621,22.85592269897461,42.492183685302734,28.880216598510742,40.969764709472656,27.800195693969727,50.94496154785156,35.970340728759766,57.389251708984375,16.194318771362305,23.722585678100586,13.478989601135254,29.90021324157715,22.36716651916504,50.188232421875,32.03801345825195,12.473895072937012,12.787435531616211,20.036483764648438,106.90592193603516,30.401655197143555,19.359619140625,5.858424186706543,20.311899185180664,7.971802711486816,23.161279678344727,37.62822341918945,40.2341194152832,34.62740707397461,8.141307830810547,16.822040557861328,21.511600494384766,23.696073532104492,43.59315872192383
2010-05-24,19.85041618347168,7.407764911651611,38.38188171386719,33.70607376098633,25.762351989746094,39.44318389892578,39.88290786743164,18.083120346069336,15.969891548156738,39.91748046875,7.807672023773193,13.585658073425293,69.51951599121094,18.065229415893555,44.346378326416016,15.202507972717285,12.353472709655762,22.994359970092773,41.90769958496094,28.72230339050293,40.376590728759766,27.499788284301758,49.83230972290039,36.121246337890625,55.956275939941406,16.408218383789062,23.480520248413086,13.496606826782227,29.955156326293945,22.272619247436523,49.347225189208984,31.41046142578125,12.013636589050293,12.710509300231934,19.104856491088867,103.91817474365234,29.13763999938965,18.38842010498047,5.728350639343262,20.090988159179688,7.750572204589844,22.549297332763672,37.18788146972656,39.65493392944336,34.26776123046875,8.07930850982666,16.497648239135742,21.46661376953125,23.257606506347656,41.811729431152344
2010-05-25,19.699283599853516,7.3615336418151855,38.24246597290039,33.437278747558594,25.97582244873047,39.21834182739258,39.41044616699219,18.196640014648438,15.709205627441406,39.64641571044922,7.725593090057373,13.70396900177002,69.55860137939453,18.00035858154297,44.46434020996094,15.163472175598145,12.179065704345703,23.520421981811523,41.844520568847656,28.687978744506836,40.3697624206543,27.360071182250977,49.540340423583984,36.0457878112793,55.746559143066406,16.294363021850586,23.56351661682129,13.420289993286133,29.451486587524414,22.117290496826172,49.718257904052734,31.378263473510742,12.083842277526855,12.65106201171875,19.231292724609375,108.38084411621094,29.71597671508789,18.6455020904541,5.733556747436523,20.195308685302734,7.578086853027344,22.46379280090332,37.38090896606445,40.01693344116211,34.026119232177734,7.904932498931885,16.351999282836914,21.25666618347168,23.51842498779297,41.485137939453125
2010-05-26,18.898319244384766,7.328210353851318,37.805233001708984,33.21327590942383,25.86908531188965,38.82648468017578,38.856510162353516,18.40096664428711,15.541629791259766,38.599937438964844,7.751245021820068,13.605382919311523,68.8379898071289,17.765220642089844,43.26490783691406,14.89026165008545,12.116090774536133,23.56195068359375,41.686561584472656,28.907655715942383,40.72430419921875,27.237821578979492,49.919124603271484,34.543601989746094,55.956275939941406,16.27366828918457,23.356029510498047,13.338099479675293,29.69873809814453,21.779624938964844,49.3039665222168,30.710460662841797,12.068239212036133,12.175511360168457,18.659021377563477,106.66265869140625,29.471534729003906,18.945430755615234,5.926062107086182,19.587799072265625,7.431846618652344,22.30630111694336,37.374874114990234,39.60885238647461,33.857540130615234,7.811933517456055,16.464553833007812,21.145679473876953,23.38234519958496,41.67069625854492
2010-05-27,19.646394729614258,7.605594635009766,37.747676849365234,34.41727828979492,26.963098526000977,39.154109954833984,40.38253402709961,19.082061767578125,15.898510932922363,39.65271759033203,7.884618282318115,14.302083015441895,70.60321044921875,18.30846405029297,44.41493225097656,15.397663116455078,12.280805587768555,23.914962768554688,42.87654113769531,29.80695152282715,42.31292724609375,27.513774871826172,51.39476013183594,35.27754211425781,58.228092193603516,16.515169143676758,23.923152923583984,13.702086448669434,30.843469619750977,22.164569854736328,50.2139778137207,32.448341369628906,12.622117042541504,12.672041893005371,19.5706729888916,110.47343444824219,30.687829971313477,19.752376556396484,6.238232135772705,19.845523834228516,7.44309663772583,23.494287490844727,38.3460578918457,40.48447799682617,34.38016128540039,7.959183692932129,16.83527946472168,21.415626525878906,24.603242874145508,44.12016677856445
2010-05-28,19.495269775390625,7.7115654945373535,37.28087615966797,33.85728454589844,26.402748107910156,39.24403762817383,40.11642837524414,19.121793746948242,15.951262474060059,39.64641571044922,7.812800884246826,14.078608512878418,69.97199249267578,18.300363540649414,44.19683074951172,15.065899848937988,12.24688720703125,23.43736457824707,41.76026916503906,29.360740661621094,41.426570892333984,27.2762451171875,50.64510726928711,35.51763153076172,57.14461898803711,16.408218383789062,23.950815200805664,13.625763893127441,30.65115737915039,22.144309997558594,49.8150634765625,32.078243255615234,12.278868675231934,12.56014347076416,19.091548919677734,109.94752502441406,29.52519416809082,19.359619140625,6.102956295013428,19.661434173583984,7.548086166381836,23.33677864074707,37.8574333190918,40.126285552978516,34.110416412353516,7.862308025360107,16.72936248779297,21.364635467529297,24.217695236206055,42.813777923583984
2010-06-01,19.56328010559082,7.830148220062256,37.575016021728516,33.17969512939453,25.70899772644043,39.28901290893555,39.25837707519531,19.030982971191406,15.917134284973145,39.564453125,7.68968391418457,13.920866012573242,69.45805358886719,18.00035858154297,43.8597526550293,14.961812019348145,12.334094047546387,23.37880516052246,41.10735321044922,28.763498306274414,40.410682678222656,26.871074676513672,49.67449951171875,34.81796646118164,55.85142517089844,16.194318771362305,23.750247955322266,13.514220237731934,30.0925235748291,21.982227325439453,49.34755325317383,31.5311336517334,12.044840812683105,12.388811111450195,18.785442352294922,108.11834716796875,29.042240142822266,18.659780502319336,5.936466693878174,19.649154663085938,7.450599193572998,22.64829444885254,36.898338317871094,39.4960823059082,34.34642791748047,7.796438217163086,16.55060577392578,21.595592498779297,23.639375686645508,42.40553283691406
2010-06-02,19.993974685668945,7.92380952835083,38.195308685302734,34.03086853027344,26.382741928100586,39.66160202026367,40.25762939453125,19.502071380615234,16.264705657958984,40.31407928466797,7.797412395477295,14.334943771362305,71.1729965209961,18.35711669921875,44.79166793823242,15.189496994018555,12.527877807617188,23.60882568359375,41.46013259887695,29.4705753326416,41.494747161865234,27.321651458740234,50.771358489990234,38.47399139404297,57.14461898803711,16.3806209564209,24.34505271911621,13.50247573852539,30.916732788085938,22.427949905395508,49.74026870727539,32.96329116821289,12.403918266296387,12.588120460510254,19.417625427246094,110.3819580078125,29.86505699157715,19.40960693359375,6.165393352508545,20.140079498291016,7.521839141845703,23.620275497436523,37.754905700683594,40.34518051147461,34.71001052856445,7.897186279296875,16.92133903503418,22.285438537597656,24.4671688079834,44.587799072265625
2010-06-03,20.296228408813477,7.8988938331604,38.220890045166016,34.473262786865234,26.082550048828125,39.700138092041016,40.13816452026367,19.46234130859375,16.370220184326172,40.256893157958984,7.812800884246826,14.394091606140137,71.48023986816406,18.519287109375,44.844539642333984,15.430185317993164,12.527877807617188,23.30213165283203,41.2495231628418,29.697124481201172,41.66519546508789,27.55217933654785,50.7476806640625,38.16533660888672,57.49411392211914,16.466867446899414,24.248220443725586,13.432026863098145,31.86914825439453,22.535999298095703,49.68415832519531,32.61732482910156,12.341469764709473,12.5531587600708,19.204681396484375,109.77985382080078,29.495376586914062,19.17394256591797,6.2226243019104,19.851661682128906,7.495593070983887,23.390783309936523,38.00823974609375,40.41814422607422,34.81227493286133,7.9785614013671875,16.901485443115234,22.41742515563965,24.176122665405273,44.29087829589844
2010-06-04,19.487709045410156,7.683948993682861,37.095428466796875,33.33647918701172,25.09528923034668,39.05775451660156,38.70987319946289,18.826656341552734,15.910923957824707,39.030818939208984,7.5716986656188965,13.769692420959473,69.983154296875,17.9435977935791,44.08447265625,14.935795783996582,12.208135604858398,22.4099178314209,40.07005310058594,28.19371223449707,39.38114929199219,26.979339599609375,48.254093170166016,37.27361297607422,54.907752990722656,16.052860260009766,23.369861602783203,13.173722267150879,31.200624465942383,21.86066436767578,48.23808288574219,30.903564453125,11.982389450073242,12.137046813964844,18.48600196838379,108.41561889648438,28.571231842041016,18.559804916381836,5.983293533325195,18.925050735473633,7.244365215301514,22.526796340942383,36.530372619628906,38.63373947143555,34.1873779296875,7.757686614990234,16.438066482543945,21.985504150390625,23.355884552001953,42.21998596191406
2010-06-07,19.109893798828125,7.533247947692871,37.08902359008789,33.207679748535156,24.494924545288086,38.942108154296875,38.747894287109375,18.90611457824707,15.765066146850586,39.215057373046875,7.448580265045166,13.349043846130371,69.34074401855469,17.594951629638672,44.11752700805664,14.805696487426758,12.290492057800293,21.99169158935547,39.35396957397461,27.459186553955078,38.06525802612305,27.119062423706055,47.433433532714844,36.704288482666016,53.8592414855957,15.949357986450195,21.467906951904297,14.007357597351074,31.054094314575195,22.002490997314453,47.57112121582031,30.340360641479492,11.576473236083984,12.04263687133789,18.159934997558594,105.69473266601562,28.094242095947266,18.059934616088867,5.769974708557129,18.409578323364258,7.184370994567871,22.315292358398438,35.25761795043945,37.870872497558594,34.58503723144531,7.680188179016113,16.226215362548828,22.36043357849121,22.875839233398438,40.66120910644531
2010-06-08,18.9738826751709,7.484915256500244,37.4982795715332,34.2940788269043,25.202016830444336,39.91857147216797,38.56868362426758,19.189908981323242,16.000917434692383,39.799522399902344,7.463969707489014,13.263594627380371,69.11170959472656,17.643590927124023,45.19484329223633,14.935795783996582,12.300185203552246,22.172922134399414,39.448734283447266,27.754364013671875,38.597068786621094,27.510278701782227,48.151527404785156,36.91691970825195,54.103885650634766,15.976961135864258,21.55089569091797,14.265660285949707,30.797691345214844,22.218597412109375,47.99497604370117,30.919654846191406,11.966775894165039,11.69996166229248,18.472686767578125,105.0087890625,28.60103988647461,18.2741641998291,5.837614059448242,18.783906936645508,7.364353656768799,22.87778663635254,35.571292877197266,38.06324005126953,35.02814483642578,7.827434062957764,16.47779083251953,22.537395477294922,23.484397888183594,40.86905288696289
2010-06-09,18.732078552246094,7.300891876220703,37.19773483276367,33.61648178100586,24.761751174926758,39.4881591796875,38.44377517700195,19.133146286010742,15.935757637023926,39.6978759765625,7.448580265045166,13.099285125732422,69.21227264404297,17.465211868286133,45.115543365478516,14.81870174407959,12.35104751586914,22.138072967529297,39.380287170410156,27.466049194335938,38.733428955078125,27.496295928955078,48.69599533081055,36.457359313964844,53.5446662902832,15.821715354919434,21.21200942993164,14.17172908782959,30.4863224029541,22.25235939025879,48.2069206237793,30.662206649780273,11.716981887817383,11.50763988494873,17.98691177368164,104.26189422607422,28.147916793823242,17.945680618286133,5.749163627624512,18.305259704589844,7.3193583488464355,22.823793411254883,35.36016082763672,38.18265151977539,35.090633392333984,7.76931095123291,16.504268646240234,22.495397567749023,23.401248931884766,41.02493667602539
2010-06-10,18.890756607055664,7.5203399658203125,37.40876388549805,34.6580696105957,25.542221069335938,39.77082824707031,40.27935028076172,19.666669845581055,16.277122497558594,40.55547332763672,7.648646354675293,13.506790161132812,71.32384490966797,18.00035858154297,45.849159240722656,14.812203407287598,12.406763076782227,22.807235717773438,40.77037811279297,28.32415008544922,40.874305725097656,27.75826644897461,50.41626739501953,37.0472526550293,54.80289840698242,16.284011840820312,22.062698364257812,14.465261459350586,31.26472282409668,22.596784591674805,48.91124725341797,32.20697784423828,12.068254470825195,11.790877342224121,18.718904495239258,101.95262145996094,29.275266647338867,18.2741641998291,5.926062107086182,18.38503074645996,7.413102626800537,24.016273498535156,36.699283599853516,39.171043395996094,35.34626770019531,7.8739333152771,16.80880355834961,22.74734878540039,23.9342041015625,42.95480728149414
2010-06-11,19.389476776123047,7.610400199890137,37.38317108154297,34.64127731323242,25.4088134765625,39.19265365600586,40.2196044921875,20.00525665283203,16.164459228515625,40.37760543823242,7.930790901184082,13.565942764282227,71.75396728515625,18.397663116455078,45.96154022216797,14.903268814086914,12.319558143615723,22.458709716796875,41.22846221923828,28.36534881591797,41.0651969909668,27.64649772644043,51.5920295715332,37.10898971557617,54.38349151611328,16.284011840820312,22.187192916870117,14.723572731018066,31.585250854492188,22.738605499267578,49.08578109741211,32.28743362426758,12.177541732788086,12.074104309082031,18.52592658996582,103.3777847290039,29.886903762817383,18.566953659057617,5.931262969970703,18.090476989746094,7.495593070983887,24.07477378845215,36.91643524169922,39.59560012817383,35.306495666503906,7.917308330535889,16.97430419921875,22.591384887695312,24.486074447631836,43.68964767456055
2010-06-14,19.26857566833496,7.633514881134033,37.357601165771484,34.36686325073242,24.90183448791504,39.34682083129883,40.2847900390625,20.097076416015625,16.120641708374023,40.56184387207031,7.864102363586426,13.730256080627441,71.78186798095703,18.397663116455078,45.80290603637695,14.805696487426758,12.411603927612305,22.347179412841797,41.144222259521484,28.509502410888672,41.590187072753906,27.705875396728516,51.150123596191406,37.088417053222656,53.78933334350586,16.3288631439209,22.041946411132812,14.846848487854004,31.640195846557617,22.873668670654297,49.659217834472656,32.09434127807617,12.029224395751953,12.112568855285645,18.23312759399414,101.70108032226562,29.611074447631836,18.088497161865234,5.9624810218811035,18.12729835510254,7.394351005554199,23.759777069091797,36.844058990478516,39.628753662109375,35.476924896240234,7.716220378875732,16.980926513671875,22.849334716796875,24.217695236206055,42.78408432006836
2010-06-15,20.084657669067383,7.795922756195068,37.818023681640625,35.005279541015625,25.515544891357422,39.77082824707031,40.855003356933594,20.670949935913086,16.33032989501953,40.80958938598633,7.961569309234619,14.118046760559082,72.50251007080078,18.81119155883789,46.52992248535156,15.176492691040039,12.508495330810547,22.486591339111328,42.00248718261719,29.54608154296875,43.2674446105957,28.226327896118164,53.24916076660156,37.808631896972656,55.18736267089844,16.61865997314453,22.2771053314209,15.046449661254883,32.15303039550781,23.2248477935791,50.38848876953125,33.46211624145508,12.333662986755371,12.423774719238281,18.572505950927734,104.33811950683594,30.276681900024414,18.531246185302734,6.0873494148254395,18.520030975341797,7.641829967498779,24.434770584106445,37.797122955322266,40.132911682128906,35.80642318725586,7.850279808044434,17.682668685913086,22.89732551574707,24.788467407226562,44.16471481323242
2010-06-16,19.8881893157959,8.022872924804688,37.881954193115234,35.005279541015625,25.69565200805664,39.308292388916016,40.70293426513672,20.665210723876953,16.399179458618164,40.59994888305664,7.941051483154297,14.124616622924805,72.8153076171875,18.794971466064453,46.45723342895508,15.150463104248047,12.348626136779785,22.40294647216797,42.586952209472656,29.347000122070312,43.90151596069336,28.163448333740234,52.8940544128418,37.877235412597656,55.39706802368164,16.83256721496582,22.048864364624023,15.193220138549805,32.226295471191406,23.035755157470703,50.612884521484375,34.065528869628906,12.388307571411133,12.521683692932129,18.712251663208008,104.46009063720703,29.683021545410156,18.402706146240234,6.050930976867676,17.94320297241211,7.5293402671813965,24.511274337768555,37.64631652832031,40.51765441894531,35.69279479980469,7.818732261657715,17.729015350341797,22.993297576904297,25.15132713317871,44.04594039916992
2010-06-17,19.925983428955078,8.161565780639648,37.843605041503906,35.05567169189453,25.64229393005371,39.6744499206543,40.90387725830078,20.57912826538086,16.38665771484375,40.96839904785156,7.935919761657715,14.144333839416504,73.1672592163086,18.705780029296875,46.298614501953125,15.072407722473145,12.452783584594727,22.242624282836914,42.665931701660156,29.278356552124023,44.28334426879883,28.257753372192383,53.0755615234375,38.028141021728516,55.959842681884766,16.777360916137695,22.02120590209961,15.181478500366211,32.3636589050293,23.2248477935791,50.457061767578125,33.84025955200195,12.349275588989258,12.577630996704102,18.585813522338867,104.65823364257812,29.64704704284668,18.081357955932617,5.972887992858887,17.961612701416016,7.780568599700928,24.830774307250977,37.5196418762207,40.796260833740234,35.86322784423828,7.881819248199463,18.2122859954834,23.353227615356445,25.00769805908203,44.105323791503906
2010-06-18,19.978866577148438,8.227614402770996,37.843605041503906,35.335662841796875,26.13591766357422,39.37895202636719,41.01249313354492,20.4700927734375,16.371007919311523,40.707942962646484,7.8025431632995605,14.065464973449707,72.70359802246094,18.81119155883789,46.18625259399414,15.280564308166504,12.4866943359375,22.263532638549805,42.744903564453125,29.46371078491211,44.89696502685547,28.14948081970215,53.6279296875,37.8635139465332,56.100521087646484,16.82566261291504,22.42925453186035,15.134512901306152,32.24461364746094,23.373414993286133,50.295013427734375,33.81611251831055,12.349275588989258,12.595110893249512,18.678983688354492,105.31365203857422,29.587081909179688,18.352718353271484,5.9624810218811035,18.464811325073242,7.521839141845703,25.204256057739258,37.70061492919922,41.18101119995117,35.66438293457031,7.893649578094482,18.000438690185547,23.119281768798828,25.19668197631836,43.98656463623047
2010-06-21,19.608600616455078,8.110533714294434,37.81162643432617,35.35247039794922,25.92913246154785,39.25046157836914,41.1211051940918,20.15446662902832,16.424213409423828,40.669822692871094,7.746112823486328,13.927438735961914,72.98294067382812,18.72199821472168,46.212684631347656,15.18299388885498,12.358314514160156,21.908044815063477,42.89761734008789,29.4705753326416,45.046958923339844,28.34857940673828,53.63582229614258,38.768943786621094,56.62812042236328,16.66350746154785,21.979703903198242,14.934920310974121,32.24461364746094,23.407180786132812,49.908546447753906,34.274723052978516,12.325852394104004,12.623090744018555,18.592472076416016,104.97831726074219,29.239280700683594,18.288448333740234,5.9989013671875,18.4954891204834,7.465595245361328,25.109773635864258,37.501548767089844,40.623802185058594,35.61326217651367,7.909421920776367,17.98058319091797,22.76534652709961,25.253381729125977,44.86985397338867
2010-06-22,19.47260093688965,8.22100830078125,37.83079528808594,34.686065673828125,25.568906784057617,39.00636291503906,40.18701934814453,20.160205841064453,16.41795539855957,40.212432861328125,7.679426193237305,13.789413452148438,72.22879791259766,18.55982780456543,45.36670684814453,14.942299842834473,12.275962829589844,21.336475372314453,42.1393928527832,28.969432830810547,43.710628509521484,28.271730422973633,52.30223846435547,38.494571685791016,55.53776550292969,16.556562423706055,21.716888427734375,14.934920310974121,31.328826904296875,23.26536750793457,49.77766418457031,33.74369812011719,12.1619291305542,12.55665397644043,18.273059844970703,102.72998809814453,28.68160629272461,17.981380462646484,5.837614059448242,17.28659439086914,7.566835403442383,24.506771087646484,36.43387222290039,39.96706771850586,35.43146896362305,7.826620578765869,17.6429500579834,22.621370315551758,24.773340225219727,43.867801666259766
2010-06-23,19.12501335144043,8.134549140930176,37.881954193115234,34.21567153930664,25.94247055053711,39.43034362792969,39.242088317871094,20.326627731323242,16.34910774230957,39.850318908691406,7.633253574371338,13.6776762008667,72.6812515258789,18.389562606811523,45.36007308959961,14.870745658874512,12.307453155517578,21.259796142578125,42.1867790222168,28.72230339050293,43.860626220703125,28.058656692504883,53.225486755371094,38.549442291259766,54.130855560302734,16.408218383789062,21.737632751464844,14.81750202178955,31.090726852416992,23.339658737182617,49.671695709228516,33.92876052856445,12.044839859008789,12.661554336547852,18.179895401000977,102.94340515136719,28.561677932739258,17.874258041381836,5.738757133483887,17.26205062866211,7.596834182739258,24.07928466796875,36.421810150146484,39.75480270385742,35.40875244140625,7.795079231262207,17.8680419921875,22.699356079101562,24.60701560974121,43.94945526123047
2010-06-24,18.890756607055664,8.075411796569824,38.11217498779297,33.638877868652344,25.36878776550293,39.10271072387695,38.46549987792969,20.4356689453125,16.211400985717773,39.64069366455078,7.417802810668945,13.355616569519043,71.6087417602539,18.016576766967773,44.765235900878906,14.682093620300293,12.118510246276855,20.68125343322754,41.1652717590332,28.145673751831055,43.206077575683594,28.05516815185547,53.209712982177734,38.51515579223633,53.04049301147461,16.37370491027832,21.29499626159668,14.882078170776367,30.532108306884766,23.28562355041504,48.693111419677734,33.03567886352539,11.724786758422852,12.490212440490723,17.87379264831543,102.87479400634766,27.584228515625,17.32439613342285,5.608686923980713,16.930673599243164,7.55933952331543,23.629276275634766,36.246883392333984,39.058265686035156,35.158790588378906,7.735933780670166,17.517166137695312,22.537395477294922,23.85483169555664,43.192344665527344
2010-06-25,18.535614013671875,8.006365776062012,37.536651611328125,33.095680236816406,26.309362411499023,38.40892791748047,38.04734802246094,20.619312286376953,15.729440689086914,38.60520935058594,7.510140895843506,13.165010452270508,71.01100158691406,18.37333869934082,44.56034469604492,14.428394317626953,11.820575714111328,21.05068588256836,41.54438781738281,28.55755615234375,44.11970520019531,27.604578018188477,54.26712417602539,38.590599060058594,52.44255065917969,16.280567169189453,21.163589477539062,15.011229515075684,30.4863224029541,22.920942306518555,48.64945983886719,34.33104705810547,12.037029266357422,12.710509300231934,18.000219345092773,106.4416275024414,28.52569007873535,17.859975814819336,5.593078136444092,16.525665283203125,7.58558464050293,23.363784790039062,36.40371322631836,38.872535705566406,34.920196533203125,7.767478942871094,17.437719345092773,22.399423599243164,23.794349670410156,44.34285354614258
2010-06-28,18.369373321533203,8.054398536682129,38.01625061035156,32.74288558959961,25.70899772644043,38.942108154296875,37.9930419921875,20.625041961669922,15.986067771911621,39.361167907714844,7.458840847015381,13.381908416748047,72.05001831054688,18.203062057495117,44.50086212158203,14.584518432617188,12.007087707519531,20.625484466552734,41.58652877807617,28.282955169677734,43.90834045410156,27.677936553955078,53.10713195800781,38.007564544677734,52.75912094116211,16.277111053466797,21.36416244506836,15.011229515075684,30.394737243652344,22.974979400634766,48.35650634765625,33.88050079345703,11.896524429321289,12.507698059082031,17.98691177368164,104.15516662597656,28.17788314819336,17.510059356689453,5.42658805847168,16.50725746154785,7.600583553314209,23.03528594970703,35.969417572021484,38.75312805175781,35.08494567871094,8.019822120666504,17.6429500579834,22.4354190826416,23.771669387817383,43.64905548095703
2010-06-29,17.613746643066406,7.690253257751465,37.881954193115234,32.08208465576172,24.72173500061035,38.7493896484375,37.124122619628906,20.332368850708008,15.751347541809082,38.89742660522461,7.325467586517334,13.007268905639648,69.87702178955078,17.635482788085938,43.92583465576172,14.06411075592041,11.844796180725098,19.956327438354492,41.328495025634766,26.999238967895508,41.48793411254883,27.244808197021484,49.74552536010742,37.12269973754883,50.930137634277344,16.094268798828125,20.624128341674805,14.846848487854004,29.1859073638916,22.792633056640625,46.84186935424805,32.2552490234375,11.373510360717773,12.227962493896484,17.254928588867188,101.94496154785156,26.894617080688477,16.7459659576416,5.14042854309082,16.255657196044922,7.428099155426025,22.427793502807617,34.70869445800781,36.82939910888672,34.636165618896484,7.869991302490234,17.219253540039062,22.135480880737305,23.057275772094727,41.351356506347656
2010-06-30,17.387060165405273,7.550957679748535,37.76686096191406,31.958900451660156,24.42154312133789,38.530982971191406,36.85259246826172,20.068378448486328,15.685625076293945,38.71957015991211,7.31520414352417,12.783796310424805,68.97764587402344,17.400348663330078,43.5359001159668,13.862447738647461,11.64375114440918,19.565980911254883,41.5917854309082,26.79330062866211,40.95610809326172,27.510278701782227,49.51667785644531,36.08007049560547,50.71910858154297,16.139110565185547,20.278318405151367,14.829009056091309,28.444129943847656,22.62379264831543,46.43670654296875,32.08552932739258,11.217388153076172,11.986692428588867,17.035337448120117,100.0472183227539,26.6187744140625,16.574573516845703,5.244485855102539,16.384525299072266,7.383103847503662,22.090293884277344,34.31661605834961,36.11298370361328,34.4430046081543,7.901534080505371,17.093475341796875,21.307649612426758,22.834266662597656,41.53784942626953
2010-07-01,17.500402450561523,7.45939826965332,37.773258209228516,31.701303482055664,24.100910186767578,38.24831771850586,36.64622497558594,19.76422691345215,15.657454490661621,39.081661224365234,7.299813747406006,12.65234375,68.46929168701172,17.473316192626953,44.09108352661133,13.829923629760742,11.709149360656738,19.461427688598633,41.36009979248047,26.463787078857422,40.887939453125,27.538219451904297,49.1300048828125,35.6822395324707,49.663917541503906,16.028715133666992,20.216062545776367,14.721992492675781,27.345186233520508,22.36716651916504,46.41176223754883,31.907730102539062,10.944170951843262,11.937736511230469,16.755847930908203,99.94815826416016,26.456878662109375,16.488880157470703,5.499425411224365,16.29861831665039,7.503090858459473,21.991291046142578,34.986175537109375,35.92060852050781,34.448692321777344,7.980393409729004,17.053749084472656,21.265649795532227,23.076171875,41.18720245361328
2010-07-02,17.58352279663086,7.413167476654053,37.7796630859375,31.67889976501465,23.933917999267578,38.14554977416992,36.553897857666016,19.637975692749023,15.663723945617676,39.088008880615234,7.253644943237305,12.619484901428223,68.07268524169922,17.700349807739258,43.71434783935547,13.745356559753418,11.62679672241211,19.349899291992188,40.896751403808594,26.4500675201416,40.34931945800781,27.496295928955078,48.87749099731445,35.46274185180664,48.81977462768555,16.028715133666992,20.112329483032227,14.680371284484863,27.262775421142578,22.738605499267578,46.39931106567383,31.859216690063477,10.803665161132812,12.192994117736816,16.556211471557617,99.90242004394531,26.14504623413086,16.303213119506836,5.348544120788574,16.175880432128906,7.446846961975098,21.96880340576172,34.238189697265625,35.887447357177734,34.36347198486328,8.0079927444458,16.881614685058594,21.24765968322754,22.894737243652344,40.65755081176758
2010-07-06,17.999116897583008,7.463904857635498,37.7796630859375,32.17728805541992,24.26790428161621,38.11986541748047,36.689666748046875,19.88473892211914,15.782638549804688,39.15787887573242,7.330593585968018,12.803511619567871,68.96649932861328,18.09764862060547,43.69451141357422,13.881963729858398,11.764864921569824,19.05714225769043,41.144222259521484,26.573625564575195,40.77883529663086,27.513774871826172,48.4198112487793,35.18836212158203,49.13631820678711,16.108064651489258,19.74576759338379,15.007390022277832,27.64739990234375,22.90069007873535,46.33074951171875,31.68950843811035,10.975397109985352,12.158028602600098,16.73588752746582,100.8017349243164,26.252992630004883,16.4031925201416,5.286108493804932,16.3354434967041,7.50684118270874,22.139789581298828,34.50359344482422,35.90070724487305,34.193050384521484,8.098677635192871,17.066991806030273,21.481611251831055,22.890958786010742,40.75454330444336
2010-07-07,18.361818313598633,7.765303134918213,38.758060455322266,32.720497131347656,25.483644485473633,39.07059860229492,37.716068267822266,20.332368850708008,16.108129501342773,39.97739028930664,7.499879360198975,13.237309455871582,70.94396209716797,18.72199821472168,44.487640380859375,14.623550415039062,11.849645614624023,19.524160385131836,42.397396087646484,27.58962059020996,42.394737243652344,28.285696029663086,49.95068359375,35.25697708129883,51.42252731323242,16.4599666595459,20.146902084350586,15.340360641479492,28.114442825317383,23.407180786132812,47.00393295288086,33.257423400878906,11.482797622680664,12.217469215393066,17.740703582763672,103.52262878417969,27.548248291015625,17.103023529052734,5.509833335876465,16.660661697387695,7.668079376220703,23.021785736083984,35.872894287109375,36.8758430480957,34.81794738769531,8.236681938171387,17.437719345092773,21.859529495239258,23.839712142944336,42.224185943603516
2010-07-08,18.444944381713867,7.747891902923584,39.250423431396484,32.93329620361328,25.49031639099121,39.79651641845703,38.2374153137207,20.57912826538086,16.40542984008789,40.657108306884766,7.602475166320801,13.211020469665527,71.48583221435547,18.82740020751953,45.61784362792969,14.669081687927246,11.912618637084961,19.621747970581055,42.76597595214844,27.9603214263916,43.0697021484375,28.628009796142578,51.0791130065918,35.826297760009766,52.16116714477539,16.594518661499023,20.354394912719727,15.209554672241211,28.39833641052246,23.75836181640625,47.465171813964844,34.041358947753906,11.599886894226074,12.175511360168457,17.727397918701172,103.24063873291016,28.23784637451172,17.281551361083984,5.525442600250244,17.25591468811035,7.6943230628967285,23.19728660583496,36.16845703125,37.26058578491211,35.170162200927734,8.40622615814209,17.682668685913086,22.198060989379883,24.285734176635742,42.71654510498047
2010-07-09,18.339155197143555,7.7938232421875,38.71327209472656,32.91648483276367,25.95122718811035,39.668033599853516,39.01399230957031,20.831632614135742,16.399179458618164,40.339481353759766,7.576828956604004,13.303035736083984,71.48023986816406,18.949020385742188,45.75003433227539,14.766663551330566,11.973176956176758,19.69841957092285,43.26091003417969,28.331016540527344,44.12649917602539,28.694372177124023,51.023860931396484,36.05265808105469,52.58325958251953,16.570363998413086,20.610294342041016,15.221443176269531,28.65475845336914,23.751609802246094,46.89796829223633,34.413150787353516,11.795039176940918,12.147539138793945,17.966949462890625,105.22219848632812,28.717571258544922,17.63861083984375,5.645107746124268,17.4277400970459,7.671827793121338,23.534780502319336,36.22877502441406,36.78297424316406,35.050865173339844,8.398337364196777,17.689285278320312,21.85348892211914,24.42559051513672,43.27606201171875
2010-07-12,18.762310028076172,7.723876953125,38.50224304199219,33.00607681274414,26.178340911865234,39.88643264770508,39.01942825317383,20.711118698120117,16.414827346801758,40.491947174072266,7.658906936645508,13.519930839538574,71.87686920166016,18.99778175354004,46.22591018676758,14.870745658874512,12.140313148498535,19.733274459838867,43.313594818115234,28.02210807800293,43.82651138305664,28.935379028320312,50.771358489990234,35.970340728759766,52.51290512084961,16.497913360595703,20.72787094116211,15.019290924072266,28.508228302001953,23.72459602355957,46.58631134033203,34.61520004272461,11.873102188110352,12.056621551513672,18.006881713867188,104.60485076904297,28.663606643676758,17.538631439208984,5.775179386138916,17.268184661865234,7.6755757331848145,23.444782257080078,36.20465087890625,36.18595504760742,35.181514739990234,8.398337364196777,17.662811279296875,21.895811080932617,24.108081817626953,42.88067626953125
2010-07-13,18.98899269104004,7.559067249298096,38.68769454956055,33.27488327026367,27.040035247802734,40.079166412353516,39.76886749267578,20.91771697998047,16.49932098388672,40.29500961303711,7.587088584899902,13.80913257598877,72.88795471191406,19.26592254638672,46.82073211669922,15.020367622375488,12.242047309875488,19.963302612304688,43.992835998535156,28.729167938232422,45.53786849975586,29.043659210205078,50.842384338378906,36.18983840942383,53.49774169921875,16.59889030456543,21.12900733947754,15.049015045166016,28.728017807006836,23.77862548828125,47.07871627807617,35.69817352294922,12.232181549072266,12.30838394165039,18.592472076416016,106.89134216308594,29.46715545654297,18.324148178100586,6.0665388107299805,17.863422393798828,7.788069725036621,23.94877815246582,36.97675704956055,36.65694808959961,35.43146896362305,8.414108276367188,17.861413955688477,21.99253273010254,24.693967819213867,44.29063034057617
2010-07-14,19.22324562072754,7.586982250213623,38.7644157409668,33.18528366088867,26.953201293945312,40.252601623535156,39.67112350463867,20.77425193786621,16.530620574951172,40.37760543823242,7.612736225128174,14.03917407989502,73.02201080322266,19.45281219482422,46.86041259765625,15.443192481994629,12.196022987365723,19.71235466003418,43.72955322265625,28.619335174560547,45.47648239135742,29.09955596923828,51.09489822387695,36.09381866455078,53.46256637573242,16.661563873291016,21.21200942993164,14.91820240020752,28.801279067993164,23.501741409301758,47.06001281738281,35.318336486816406,12.232181549072266,12.172016143798828,18.406147003173828,105.98436737060547,29.08936309814453,18.238462448120117,6.144583225250244,18.176393508911133,7.773069381713867,23.759777069091797,37.25423812866211,37.804542541503906,35.40875244140625,8.418054580688477,17.80845069885254,21.913936614990234,24.38779067993164,44.55173110961914
2010-07-15,19.276132583618164,7.54856014251709,38.53422164916992,33.190887451171875,27.026674270629883,40.297569274902344,39.66566848754883,20.940670013427734,16.540006637573242,40.123504638671875,7.62812614440918,14.137765884399414,73.02201080322266,19.363433837890625,47.14459991455078,15.56029224395752,12.210558891296387,19.754186630249023,43.73482131958008,28.687978744506836,45.34695053100586,29.022706985473633,50.79503631591797,36.29957580566406,53.638450622558594,16.720760345458984,21.288087844848633,15.1619873046875,28.94780731201172,23.751609802246094,47.340511322021484,35.1001091003418,12.013616561889648,12.203482627868652,18.505958557128906,110.67916870117188,29.083385467529297,18.2741641998291,6.170595169067383,18.237762451171875,7.795567035675049,23.786779403686523,37.000892639160156,37.552467346191406,35.522369384765625,8.46142292022705,17.788599014282227,21.80512809753418,24.418027877807617,45.56630325317383
2010-07-16,18.807640075683594,7.502027988433838,38.00985336303711,32.45728302001953,26.05143165588379,39.822208404541016,38.829349517822266,20.60782241821289,16.38979148864746,39.67245864868164,7.4691033363342285,13.81570053100586,71.51934051513672,18.908395767211914,46.22591018676758,14.799189567565918,12.0313081741333,18.896820068359375,42.62379837036133,27.58962059020996,43.885047912597656,28.931886672973633,48.84593200683594,35.78513717651367,51.176334381103516,16.389968872070312,20.776287078857422,14.965774536132812,27.784761428833008,23.393678665161133,46.081417083740234,33.443321228027344,10.912948608398438,11.168463706970215,17.46121597290039,111.40324401855469,28.141908645629883,17.667171478271484,5.90004825592041,17.92479705810547,7.63808012008667,23.33228302001953,35.999568939208984,36.31198501586914,35.255374908447266,8.382566452026367,17.702533721923828,21.484731674194336,23.609132766723633,44.55918884277344
2010-07-19,19.064552307128906,7.372339725494385,38.092987060546875,32.720497131347656,26.078155517578125,39.738685607910156,39.10090255737305,20.544692993164062,16.358497619628906,39.4183464050293,7.556304931640625,14.190340995788574,72.50251007080078,19.16841697692871,46.206085205078125,14.786184310913086,11.994979858398438,18.86893653869629,42.76597595214844,27.69945526123047,44.475303649902344,29.029705047607422,49.85599136352539,36.76601028442383,51.42252731323242,16.50836181640625,20.859277725219727,14.769560813903809,28.52654457092285,23.63005256652832,46.156211853027344,33.60493469238281,10.624124526977539,11.50763988494873,17.3148193359375,111.02980041503906,28.34578514099121,17.695735931396484,5.972887992858887,17.937063217163086,7.536842346191406,23.32777976989746,36.47007751464844,36.809505462646484,35.57350540161133,8.429880142211914,17.729015350341797,21.394041061401367,23.491958618164062,44.84266662597656
2010-07-20,19.253461837768555,7.561764717102051,37.459922790527344,33.01169204711914,26.472251892089844,39.873592376708984,39.69826889038086,20.464351654052734,16.662059783935547,41.120872497558594,7.463969707489014,14.229778289794922,70.69261932373047,19.43656349182129,46.8405876159668,14.994339942932129,12.324405670166016,19.468402862548828,43.27671813964844,28.282955169677734,45.59403991699219,29.330078125,50.40837097167969,36.49165344238281,52.54808044433594,16.52925682067871,21.149221420288086,14.876585960388184,28.618125915527344,23.812389373779297,46.062740325927734,33.99289321899414,10.749022483825684,11.53911018371582,17.24162483215332,113.49152374267578,28.573657989501953,18.00994300842285,6.113362789154053,18.115026473999023,7.68307638168335,23.696773529052734,36.72340393066406,37.36008834838867,36.04502487182617,8.485081672668457,18.126224517822266,21.37592315673828,24.433149337768555,45.27535629272461
2010-07-21,18.9814395904541,7.632311820983887,36.526302337646484,32.57487487792969,25.663999557495117,39.56413650512695,39.19321060180664,20.19464111328125,16.924955368041992,40.62535858154297,7.438319683074951,13.973441123962402,69.97757720947266,19.144039154052734,46.3382682800293,14.675590515136719,12.196022987365723,19.147754669189453,43.334632873535156,28.234899520874023,45.896034240722656,29.001754760742188,49.85599136352539,35.84001159667969,52.19636154174805,16.950576782226562,20.781591415405273,14.716048240661621,28.10529136657715,23.603044509887695,45.91312789916992,33.257423400878906,10.42896842956543,11.50763988494873,17.3414363861084,112.0281982421875,28.255842208862305,19.138242721557617,6.009305953979492,17.71001625061035,7.7318243980407715,23.453784942626953,36.1986198425293,37.167720794677734,35.42580032348633,8.441710472106934,17.934240341186523,21.17642593383789,24.493627548217773,46.073585510253906
2010-07-22,19.52548599243164,7.775808334350586,36.46234893798828,33.25249099731445,26.285221099853516,39.73244857788086,39.88290786743164,20.188892364501953,16.981281280517578,40.79053497314453,7.597348690032959,14.315226554870605,71.20650482177734,19.753467559814453,47.19087600708008,15.137451171875,12.319558143615723,19.67053985595703,44.62467956542969,29.28522491455078,46.671607971191406,29.026355743408203,52.554744720458984,36.56709289550781,53.49774169921875,17.06548309326172,20.75385093688965,14.823070526123047,28.865385055541992,23.738100051879883,46.280887603759766,34.906158447265625,10.663152694702148,11.811853408813477,18.22648048400879,111.69282531738281,29.64704704284668,19.1310977935791,6.290262699127197,18.047517776489258,7.660577297210693,23.97128677368164,38.09270477294922,38.40818786621094,35.766658782958984,8.615196228027344,18.17255973815918,21.37592315673828,24.947216033935547,46.85691452026367
2010-07-23,19.502819061279297,7.803430557250977,36.852420806884766,33.442874908447266,26.605859756469727,40.082069396972656,39.92634963989258,20.011001586914062,17.13463592529297,40.942996978759766,7.479359149932861,14.256070137023926,71.71485900878906,19.907859802246094,46.199459075927734,15.189496994018555,12.515765190124512,19.691450119018555,45.37238311767578,29.861860275268555,47.570709228515625,29.342744827270508,53.60425567626953,36.182987213134766,55.256385803222656,17.03763198852539,21.454431533813477,14.656584739685059,28.39833641052246,23.751609802246094,46.093875885009766,36.19926452636719,10.725605964660645,11.689471244812012,18.246442794799805,112.32543182373047,28.69358253479004,19.2025146484375,6.618042469024658,18.4954891204834,7.799318790435791,24.205278396606445,38.4063606262207,38.58730697631836,36.15293502807617,8.721656799316406,18.291728973388672,21.472652435302734,25.57090187072754,48.11765670776367
2010-07-26,19.721961975097656,7.78361701965332,36.922767639160156,33.818077087402344,26.93984603881836,40.476993560791016,40.52372360229492,20.240549087524414,17.19409942626953,41.27968215942383,7.705078125,14.269213676452637,71.7315902709961,20.0216121673584,46.8405876159668,15.358633995056152,12.384957313537598,20.20726203918457,45.9779167175293,30.12958526611328,48.03742599487305,29.437652587890625,54.33024978637695,36.81403350830078,56.76881408691406,17.145570755004883,21.502979278564453,14.846851348876953,29.103487014770508,23.933958053588867,46.67356872558594,36.716522216796875,11.04565143585205,11.675485610961914,18.572505950927734,112.95040893554688,29.065378189086914,19.281068801879883,6.732503414154053,18.33594512939453,7.923055171966553,24.493276596069336,39.136260986328125,39.16441345214844,36.43132019042969,8.670397758483887,18.40427589416504,21.424278259277344,25.778793334960938,48.475738525390625
2010-07-27,19.767295837402344,7.927711009979248,37.15297317504883,34.05327606201172,27.180322647094727,40.83955383300781,40.89301681518555,20.188892364501953,17.228530883789062,41.73072814941406,7.833322525024414,14.183769226074219,71.85452270507812,19.96473503112793,46.52992248535156,15.156970977783203,12.34378433227539,19.921476364135742,45.70409393310547,29.81381607055664,47.48149490356445,29.736467361450195,54.14874267578125,37.39021301269531,56.909488677978516,17.15601921081543,21.22551727294922,15.054960250854492,28.874542236328125,24.379671096801758,46.66733932495117,36.00529479980469,11.076874732971191,11.675485610961914,18.891918182373047,112.21109771728516,28.9874210357666,19.281068801879883,6.779332160949707,17.851158142089844,7.979301452636719,24.497766494750977,39.003543853759766,38.567386627197266,36.87440490722656,8.69405746459961,18.43075942993164,21.696308135986328,26.005573272705078,47.95353317260742
2010-07-28,19.608600616455078,7.83405065536499,36.980323791503906,34.10927963256836,26.933164596557617,40.593536376953125,41.034217834472656,19.936384201049805,17.175325393676758,41.41943359375,7.694814205169678,14.019455909729004,71.74279022216797,19.72908592224121,46.11355972290039,15.215520858764648,12.384957313537598,19.57295036315918,45.64617919921875,29.683385848999023,47.85211944580078,29.479825973510742,53.12290954589844,36.875755310058594,56.45225524902344,17.13861083984375,21.877546310424805,14.936044692993164,27.812240600585938,24.089277267456055,46.89796829223633,36.0295524597168,10.920760154724121,11.685977935791016,18.678983688354492,112.18824005126953,28.909452438354492,19.32398796081543,6.716897010803223,17.746837615966797,7.881808280944824,24.497766494750977,39.08799362182617,38.73323059082031,36.59036636352539,8.701939582824707,18.311599731445312,21.424278259277344,26.02069664001465,47.878936767578125
2010-07-29,19.66905975341797,7.748493194580078,36.980323791503906,33.79007339477539,26.859689712524414,39.92667770385742,41.28401184082031,20.120037078857422,17.209747314453125,41.22251892089844,7.74098539352417,13.82227611541748,71.51376342773438,19.25779914855957,45.85578155517578,15.09842300415039,12.368002891540527,19.552045822143555,45.46188735961914,29.32639503479004,47.632503509521484,27.462020874023438,53.04399871826172,36.608253479003906,56.80397033691406,17.055038452148438,21.433616638183594,14.912259101867676,28.04118537902832,23.940696716308594,46.71717834472656,36.01338195800781,10.951979637145996,11.682477951049805,18.426109313964844,116.28860473632812,29.209291458129883,19.309682846069336,6.748113632202148,17.37864112854004,7.9305524826049805,24.802352905273438,38.8406867980957,38.76639938354492,36.32337188720703,8.682222366333008,17.874664306640625,20.63235855102539,26.013137817382812,48.1251220703125
2010-07-30,19.502819061279297,7.722672939300537,37.14657211303711,33.42047119140625,26.90644645690918,39.596500396728516,41.38719940185547,19.775711059570312,17.247303009033203,41.23522186279297,7.694814205169678,13.539647102355957,71.72603607177734,19.209049224853516,46.08710861206055,15.007349967956543,12.399494171142578,19.872678756713867,45.0406494140625,29.422513961791992,47.872718811035156,27.76435089111328,53.76997756958008,37.40393829345703,56.69847106933594,17.089855194091797,21.287946701049805,14.817115783691406,28.169395446777344,24.04199981689453,46.84186935424805,36.07804489135742,10.959786415100098,11.651005744934082,18.452726364135742,114.94721221923828,28.921464920043945,19.309682846069336,6.644057273864746,17.5197811126709,7.94180154800415,25.102371215820312,39.20864486694336,38.89906692504883,36.425621032714844,8.737424850463867,18.112991333007812,20.674671173095703,26.258831024169922,49.74396514892578
2010-08-02,19.895751953125,7.860766410827637,37.5494270324707,34.686065673828125,27.814905166625977,40.17918395996094,42.250694274902344,20.125762939453125,17.654155731201172,41.463905334472656,7.941051483154297,13.90114688873291,73.04437255859375,19.737213134765625,46.4307975769043,15.48222541809082,12.452783584594727,20.29787826538086,46.025299072265625,30.019756317138672,48.76496124267578,27.507720947265625,54.993099212646484,37.63715744018555,57.71847915649414,17.351015090942383,21.586217880249023,15.17982292175293,28.929485321044922,24.541748046875,47.309349060058594,36.36091232299805,11.272029876708984,12.049626350402832,19.01169776916504,116.41057586669922,29.99485969543457,19.80333709716797,6.846968650817871,17.875694274902344,8.016799926757812,26.152475357055664,40.17377471923828,39.27717971801758,36.99940490722656,8.772910118103027,18.74852752685547,20.76534080505371,26.88252067565918,50.1095085144043
2010-08-03,19.767295837402344,7.863168239593506,37.952308654785156,35.122867584228516,27.440841674804688,38.806636810302734,42.717716217041016,19.982297897338867,17.64476776123047,41.78153991699219,8.382219314575195,13.717114448547363,72.82648468017578,19.67220687866211,46.56297302246094,15.49523639678955,12.423721313476562,19.830856323242188,45.919979095458984,29.614730834960938,48.29825210571289,27.46905517578125,54.874725341796875,37.52739715576172,57.68328857421875,17.410213470458984,21.4058780670166,15.269011497497559,29.09432601928711,24.703840255737305,47.016380310058594,36.04570007324219,11.193970680236816,12.056621551513672,18.712251663208008,116.7535629272461,29.802961349487305,19.667402267456055,6.716897010803223,17.685474395751953,8.091791152954102,26.16611099243164,40.17377471923828,39.084815979003906,36.81192398071289,8.721656799316406,18.8610782623291,20.541677474975586,26.46672821044922,49.84839630126953
2010-08-04,19.442373275756836,7.894694805145264,38.201690673828125,35.122867584228516,27.58112144470215,38.55415344238281,42.91322326660156,20.19464111328125,17.69796371459961,42.035648345947266,8.52745532989502,13.729032516479492,73.32926177978516,19.899730682373047,46.721614837646484,15.703397750854492,12.498808860778809,20.019062042236328,46.3359489440918,30.191383361816406,48.81299591064453,27.44091796875,54.977943420410156,38.247642517089844,57.96468734741211,17.472888946533203,21.197786331176758,15.477121353149414,29.44232940673828,24.83890724182129,46.760833740234375,35.649688720703125,11.076874732971191,12.31538200378418,18.61891746520996,119.20767211914062,30.072799682617188,19.93927001953125,6.820955753326416,17.489097595214844,8.163037300109863,26.10247039794922,40.644264221191406,39.48283004760742,37.118690490722656,8.81234073638916,18.94051742553711,20.928573608398438,26.79179573059082,50.400447845458984
2010-08-05,19.17034339904785,7.856264114379883,38.2144889831543,35.11725616455078,27.5677547454834,38.754852294921875,42.940372467041016,20.125762939453125,17.641637802124023,41.66084671020508,8.39777946472168,13.68929672241211,73.64208984375,19.737213134765625,46.56297302246094,15.722916603088379,12.503650665283203,20.012088775634766,46.18850326538086,30.287492752075195,49.3895378112793,27.114002227783203,54.54923629760742,37.945831298828125,58.1053581237793,17.403247833251953,20.892576217651367,15.685221672058105,31.099885940551758,24.88617706298828,46.767066955566406,34.93040084838867,10.944170951843262,12.4937105178833,18.58559226989746,118.83415222167969,30.18673324584961,19.917804718017578,6.753315448760986,17.29886817932129,8.245530128479004,26.22974967956543,40.66840362548828,39.47618103027344,37.101654052734375,8.808396339416504,20.0262393951416,20.463092803955078,26.553661346435547,50.713775634765625
2010-08-06,19.306364059448242,7.807933330535889,38.34238052368164,34.7028694152832,27.01333236694336,38.85844421386719,42.755733489990234,20.074125289916992,17.760560989379883,41.8641357421875,8.423715591430664,13.676055908203125,73.0582275390625,19.810340881347656,47.415584564208984,15.657864570617676,12.544830322265625,19.991174697875977,45.96210861206055,30.04721450805664,49.114986419677734,26.892528533935547,54.541297912597656,38.37111282348633,57.859153747558594,17.608688354492188,20.698352813720703,15.679278373718262,31.493663787841797,24.899677276611328,46.7920036315918,35.15668869018555,10.89733600616455,12.525179862976074,18.498929977416992,118.27015686035156,29.53911018371582,19.781871795654297,6.784533977508545,17.182275772094727,8.32426929473877,25.879732131958008,40.23408889770508,39.807865142822266,37.09029769897461,8.887253761291504,19.979890823364258,20.293821334838867,26.49651336669922,50.75852966308594
2010-08-09,19.35169219970703,7.857762813568115,38.39992904663086,34.97166061401367,26.599159240722656,39.09149169921875,43.05986785888672,20.292194366455078,17.87322998046875,42.1944694519043,8.51707935333252,13.676055908203125,74.10240173339844,19.712833404541016,48.195491790771484,16.113222122192383,12.610231399536133,20.005117416381836,46.351749420166016,30.12958526611328,49.46504592895508,26.811674118041992,54.771522521972656,38.179046630859375,57.61294937133789,17.71662139892578,20.809335708618164,15.762516021728516,31.722604751586914,24.960460662841797,47.12234878540039,35.3587532043457,10.858304977416992,12.504202842712402,18.818910598754883,118.4378662109375,29.922883987426758,19.63878631591797,6.789738178253174,17.397050857543945,8.32052230834961,26.052478790283203,40.66840362548828,39.867557525634766,37.41978454589844,8.906970977783203,20.27780532836914,20.372417449951172,26.580324172973633,51.6910514831543
2010-08-10,18.94365882873535,7.7875189781188965,38.003456115722656,34.68046569824219,26.164979934692383,39.35047149658203,42.92408752441406,20.527484893798828,17.832538604736328,42.26433563232422,8.59488582611084,13.126355171203613,74.0125732421875,19.737213134765625,48.14261245727539,15.813985824584961,12.6489896774292,19.684478759765625,45.86732864379883,29.80695152282715,49.01890563964844,27.409282684326172,54.47776794433594,38.22020721435547,57.155677795410156,17.922073364257812,20.587366104125977,15.851709365844727,31.924083709716797,25.507488250732422,46.77952575683594,35.633522033691406,10.63973617553711,12.514690399169922,18.512266159057617,117.29461669921875,29.485132217407227,19.55293083190918,6.7220988273620605,17.317277908325195,8.410512924194336,25.852449417114258,40.541725158691406,39.23737335205078,37.50498962402344,8.922740936279297,20.2844295501709,20.541677474975586,26.416522979736328,50.66902160644531
2010-08-11,18.784976959228516,7.510735034942627,37.40876388549805,34.06006622314453,25.229801177978516,39.02029037475586,41.88682556152344,20.02248191833496,17.538360595703125,41.57826614379883,8.299225807189941,12.868073463439941,72.88422393798828,19.225296020507812,47.303226470947266,15.436690330505371,12.430439949035645,19.315048217773438,44.282432556152344,28.70171546936035,47.15890884399414,26.88198471069336,52.08018112182617,36.827762603759766,55.221187591552734,17.54600715637207,19.852109909057617,15.607930183410645,30.587039947509766,25.117490768432617,45.57653045654297,34.72026824951172,10.29626750946045,12.084599494934082,17.532310485839844,113.75064849853516,28.3158016204834,18.909038543701172,6.456754207611084,17.016584396362305,8.25302791595459,25.23420524597168,39.3353157043457,37.76472473144531,36.99371337890625,8.847827911376953,19.75480842590332,20.43890380859375,25.54409408569336,48.74430465698242
2010-08-12,18.505386352539062,7.558764934539795,37.42155456542969,33.96982955932617,25.256528854370117,38.83899688720703,41.854248046875,20.108558654785156,17.428817749023438,41.40672302246094,8.402965545654297,12.881318092346191,72.02529907226562,18.6402530670166,47.62709045410156,13.894972801208496,12.28669261932373,19.245344161987305,44.23504638671875,28.344745635986328,46.328433990478516,27.075340270996094,51.36566925048828,37.554847717285156,54.51775360107422,17.54600715637207,20.074071884155273,15.655489921569824,30.605371475219727,25.042221069335938,45.17760467529297,34.06560134887695,10.19478988647461,12.1195650100708,17.33233070373535,113.88025665283203,27.884052276611328,18.687246322631836,6.383912563323975,17.200679779052734,8.26244068145752,25.161470413208008,39.1773567199707,37.499393463134766,37.05620574951172,8.851768493652344,20.257949829101562,20.813711166381836,25.467891693115234,48.88604736328125
2010-08-13,18.437381744384766,7.478010177612305,37.18494415283203,33.78934097290039,25.04944610595703,38.72894287109375,42.03345489501953,20.085601806640625,17.441341400146484,41.64813232421875,8.340723991394043,12.682634353637695,71.78390502929688,18.412731170654297,47.51472854614258,13.894972801208496,12.279387474060059,19.036231994628906,44.23504638671875,28.36534881591797,46.678462982177734,26.853866577148438,51.4768180847168,37.74004364013672,54.095680236816406,17.43110466003418,19.907596588134766,15.64954662322998,30.568735122680664,24.426437377929688,45.32721710205078,33.72617721557617,10.327489852905273,11.997177124023438,17.225669860839844,112.85892486572266,27.83008575439453,18.52985954284668,6.321476936340332,17.28659439086914,8.285038948059082,25.011455535888672,39.153038024902344,37.52593994140625,36.81760787963867,8.81234073638916,19.893829345703125,21.073654174804688,25.262176513671875,48.37874984741211
2010-08-16,18.5129451751709,7.434181213378906,37.095428466796875,33.772430419921875,25.176362991333008,38.69658660888672,42.2017936706543,20.068378448486328,17.488279342651367,41.56556701660156,8.314787864685059,12.894560813903809,71.7277603149414,18.461475372314453,47.44863510131836,14.252758026123047,12.28182315826416,19.08502197265625,43.92963409423828,28.269235610961914,47.00790786743164,26.77652931213379,51.12748718261719,37.09526824951172,54.3770637512207,17.528600692749023,19.907596588134766,15.625771522521973,30.559572219848633,24.337482452392578,44.841033935546875,33.57261276245117,10.29626750946045,11.839828491210938,17.119009017944336,112.61502075195312,27.71015739440918,18.386764526367188,6.238232135772705,17.29886817932129,8.254911422729492,24.970548629760742,39.28062438964844,37.30038070678711,36.98802947998047,8.910913467407227,19.887208938598633,21.248966217041016,25.338367462158203,48.9307975769043
2010-08-17,18.771230697631836,7.564169406890869,37.86918640136719,34.30258560180664,25.03608512878418,39.033241271972656,42.62936019897461,20.395492553710938,17.563386917114258,41.64177322387695,8.439275741577148,12.93429946899414,72.10948944091797,18.72963523864746,48.393775939941406,14.343832015991211,12.430439949035645,19.733274459838867,44.27717971801758,29.09986686706543,47.8658447265625,26.874967575073242,52.389801025390625,37.012935638427734,54.79914093017578,17.650470733642578,20.032455444335938,15.810079574584961,30.935049057006836,23.776416778564453,45.14021682739258,33.7342643737793,10.311881065368652,11.941234588623047,16.892353057861328,113.24766540527344,28.627626419067383,18.74448585510254,6.326684474945068,17.425447463989258,8.296335220336914,25.397855758666992,40.11302185058594,38.15610885620117,36.880096435546875,9.037084579467773,20.4793758392334,21.388011932373047,25.80695343017578,50.15426254272461
2010-08-18,18.85479736328125,7.597189426422119,37.952308654785156,33.92471694946289,25.309967041015625,39.3310432434082,42.229209899902344,20.297929763793945,17.475767135620117,41.62272644042969,8.351095199584961,12.974035263061523,72.63720703125,18.762144088745117,48.4135856628418,14.57801342010498,12.391458511352539,20.116653442382812,44.301021575927734,29.15035057067871,47.872718811035156,26.997987747192383,52.397743225097656,37.136409759521484,55.221187591552734,17.490297317504883,20.150367736816406,15.625771522521973,30.92588996887207,23.796947479248047,45.91312789916992,33.693843841552734,10.397747039794922,11.808358192443848,16.919017791748047,113.71257781982422,28.47770881652832,18.787416458129883,6.347493648529053,17.419275283813477,8.059082984924316,25.193296432495117,40.204158782958984,38.6270866394043,37.0846061706543,9.041027069091797,20.432796478271484,21.406143188476562,25.620288848876953,49.22175598144531
2010-08-19,18.566118240356445,7.501429080963135,37.5494270324707,33.439674377441406,24.762210845947266,38.968502044677734,41.5714225769043,19.919178009033203,17.300508499145508,41.07638931274414,8.314787864685059,12.517065048217773,72.36212921142578,18.689001083374023,48.2285270690918,14.454415321350098,12.196545600891113,19.67053985595703,43.3472785949707,28.189258575439453,47.5570068359375,26.980417251586914,51.302154541015625,36.162391662597656,53.638450622558594,17.173433303833008,19.78274154663086,15.494959831237793,30.110849380493164,23.45484733581543,45.55160140991211,33.10384750366211,10.163564682006836,11.584567070007324,16.285722732543945,112.07394409179688,27.374332427978516,18.594242095947266,6.186202526092529,17.388402938842773,7.942340850830078,24.870532989501953,39.748477935791016,37.8509635925293,36.80624008178711,8.973997116088867,20.11343002319336,21.23687744140625,24.987869262695312,49.020328521728516
2010-08-20,18.406587600708008,7.494222164154053,37.56224060058594,33.21406936645508,24.80898094177246,38.83254623413086,41.13840103149414,19.76422691345215,17.3067626953125,41.16532897949219,8.257732391357422,12.523687362670898,71.5761947631836,18.70524787902832,48.30123519897461,14.460922241210938,12.2355318069458,19.635684967041016,42.7379264831543,28.099384307861328,47.261863708496094,26.727312088012695,51.28628158569336,35.9017333984375,52.864620208740234,17.180387496948242,19.41511344909668,15.720894813537598,29.6804256439209,23.379581451416016,45.626399993896484,32.94219970703125,10.046469688415527,11.413227081298828,16.3990478515625,112.98088073730469,27.63819694519043,18.544158935546875,6.123770236968994,17.567476272583008,7.957402229309082,24.497766494750977,39.554046630859375,38.056602478027344,36.76079177856445,8.9542818069458,20.306377410888672,21.2429256439209,24.915483474731445,48.587646484375
2010-08-23,18.444581985473633,7.378946781158447,37.645355224609375,33.558101654052734,24.635303497314453,38.864906311035156,41.13840103149414,20.068378448486328,17.40065574645996,41.17805099487305,8.351095199584961,12.384605407714844,70.99797058105469,18.558990478515625,48.47309494018555,14.10313606262207,12.459678649902344,19.39869499206543,42.96046447753906,27.76750373840332,45.87543869018555,26.548032760620117,50.25419998168945,35.634239196777344,52.37220001220703,17.33361053466797,19.748064041137695,15.744681358337402,29.964323043823242,23.47537612915039,45.17760467529297,32.4896240234375,10.046469688415527,11.486660957336426,16.15239143371582,111.83763885498047,27.48227882385254,18.401077270507812,6.040524959564209,17.585994720458984,7.8745527267456055,24.415952682495117,39.626956939697266,37.46622085571289,36.902809143066406,8.96216869354248,20.179973602294922,21.406143188476562,24.766910552978516,47.01356887817383
2010-08-24,18.26225471496582,7.202725887298584,37.095428466796875,33.24225616455078,24.18775177001953,38.6253662109375,40.4422721862793,19.76422691345215,17.419431686401367,41.152645111083984,8.205859184265137,12.192545890808105,70.1166000366211,18.20958709716797,48.06330490112305,13.745356559753418,12.498662948608398,19.363840103149414,42.626670837402344,27.200538635253906,44.64002227783203,26.530437469482422,48.37263870239258,35.023746490478516,51.24668502807617,17.22914695739746,19.37348175048828,15.471170425415039,29.09432601928711,23.242738723754883,44.41093063354492,31.980451583862305,9.86693000793457,11.22091293334961,15.759088516235352,109.71127319335938,26.894617080688477,17.978975296020508,5.848019123077393,17.258737564086914,7.735212802886963,24.28865623474121,38.7945556640625,36.709999084472656,36.76648712158203,8.98582935333252,19.880558013916016,21.466594696044922,24.462135314941406,46.50628662109375
2010-08-25,18.307842254638672,7.291585445404053,37.076236724853516,33.225341796875,24.201108932495117,38.631832122802734,40.601234436035156,19.82161521911621,17.334928512573242,41.019222259521484,8.294038772583008,12.238906860351562,70.3243179321289,18.217716217041016,48.37394714355469,13.797398567199707,12.559568405151367,19.747215270996094,42.785621643066406,26.841001510620117,44.406654357910156,26.463647842407227,48.2376708984375,35.55877685546875,51.24668502807617,17.3475341796875,19.44285774230957,15.506844520568848,29.607168197631836,23.47537612915039,44.672725677490234,32.16634750366211,9.88254165649414,11.476171493530273,15.732417106628418,110.26761627197266,27.04454231262207,17.957508087158203,5.8896403312683105,16.980863571166992,7.791698455810547,24.302305221557617,38.49074935913086,36.69009780883789,36.63014602661133,9.009483337402344,20.033597946166992,21.30941390991211,24.816444396972656,46.89420700073242
2010-08-26,18.09513282775879,7.213233947753906,36.96113204956055,32.982818603515625,23.80031394958496,38.547664642333984,40.195594787597656,19.78718376159668,17.262950897216797,40.739707946777344,8.247355461120605,12.040223121643066,68.92647552490234,18.0795841217041,48.35411834716797,13.46563720703125,12.418257713317871,19.78207015991211,42.27167510986328,26.758026123046875,43.891902923583984,26.010181427001953,48.68227767944336,34.934574127197266,51.0004768371582,17.236099243164062,19.25558090209961,15.370095252990723,29.304956436157227,23.229055404663086,44.59170150756836,32.109764099121094,9.734225273132324,11.213919639587402,15.659095764160156,108.08025360107422,26.37291145324707,17.621248245239258,5.8115997314453125,16.758569717407227,7.667421817779541,23.82497787475586,38.53935241699219,36.54291534423828,36.40857696533203,8.914856910705566,19.940446853637695,21.28523826599121,24.8850154876709,46.812129974365234
2010-08-27,18.17869758605957,7.253460884094238,37.180606842041016,33.72731018066406,24.448265075683594,38.71600341796875,41.07262420654297,20.085601806640625,17.575910568237305,40.73335647583008,8.34591007232666,12.166054725646973,70.02117156982422,18.290847778320312,48.90268325805664,13.537189483642578,12.425570487976074,20.033002853393555,42.91808319091797,27.41488265991211,45.23026657104492,26.101579666137695,50.14305877685547,35.72340774536133,51.73910140991211,17.354494094848633,19.0821590423584,15.53062915802002,29.781166076660156,23.40011215209961,45.046722412109375,33.063446044921875,9.86693000793457,11.371269226074219,15.999067306518555,106.51022338867188,27.128496170043945,17.90741729736328,6.0145111083984375,16.869712829589844,7.656130790710449,24.284109115600586,39.17127227783203,37.118282318115234,36.618778228759766,8.887253761291504,20.313034057617188,21.7628173828125,25.563138961791992,48.21464920043945
2010-08-30,17.958389282226562,7.279874801635742,36.98694610595703,33.27610778808594,23.94727897644043,38.43759536743164,40.4422721862793,19.9306583404541,17.385005950927734,40.40301513671875,8.226607322692871,11.894519805908203,69.27455139160156,17.89268684387207,48.43657302856445,13.2184419631958,12.315929412841797,19.51021957397461,42.202796936035156,26.86865997314453,44.24878692626953,25.96448516845703,49.301513671875,35.41472625732422,51.070831298828125,17.232624053955078,19.01973533630371,15.370095252990723,29.2225399017334,23.242738723754883,44.15382766723633,32.239078521728516,9.617136001586914,11.3363037109375,15.499101638793945,104.41667938232422,26.252992630004883,17.47816276550293,5.905248641967773,16.789445877075195,7.501725196838379,23.943172454833984,38.849246978759766,36.29536437988281,36.4483528137207,8.87937068939209,20.326339721679688,21.55727195739746,24.945966720581055,46.98371505737305
2010-08-31,17.829248428344727,7.297889709472656,36.806217193603516,33.3381462097168,24.287944793701172,38.631832122802734,40.60670471191406,20.177417755126953,17.488279342651367,40.77147674560547,8.252542495727539,11.702461242675781,69.12294006347656,17.74642562866211,48.649654388427734,13.003768920898438,12.216036796569824,19.556617736816406,41.61994552612305,27.006935119628906,44.72239685058594,25.957443237304688,48.53144073486328,35.010040283203125,50.930137634277344,17.180387496948242,18.71453094482422,15.506844520568848,29.506427764892578,22.982742309570312,43.713680267333984,32.222923278808594,9.726421356201172,11.129999160766602,15.699085235595703,104.62300872802734,26.25897979736328,17.6641788482666,5.874033451080322,16.5980224609375,7.430168151855469,23.83407211303711,38.76417922973633,36.20838165283203,36.58467483520508,8.800512313842773,20.49933433532715,21.859539031982422,25.079307556152344,47.20006561279297
2010-09-01,18.155906677246094,7.514936447143555,37.62599563598633,34.35335159301758,25.20976448059082,38.71600341796875,42.081233978271484,20.4414005279541,17.935821533203125,41.53313064575195,8.444462776184082,12.013733863830566,70.60498809814453,18.380226135253906,49.63517379760742,13.179405212402344,12.474299430847168,20.15413475036621,42.923377990722656,28.265335083007812,46.781402587890625,26.337093353271484,49.45236587524414,36.07322692871094,52.794281005859375,17.50422477722168,19.408178329467773,15.703051567077637,30.742740631103516,23.40011215209961,43.97148132324219,33.19274139404297,10.32016372680664,11.54610538482666,16.439048767089844,106.77002716064453,27.596216201782227,18.179290771484375,6.040524959564209,17.098188400268555,7.554447174072266,24.575056076049805,40.216304779052734,37.847557067871094,37.1470947265625,8.9345703125,20.858617782592773,21.799081802368164,25.96697998046875,49.63206100463867
2010-09-02,18.186296463012695,7.570173263549805,37.832550048828125,34.43794250488281,25.49031639099121,38.89080810546875,42.45396423339844,20.286455154418945,17.957727432250977,41.5843505859375,8.506706237792969,12.106456756591797,70.19519805908203,18.266475677490234,49.954776763916016,13.348542213439941,12.610733985900879,20.674339294433594,43.379051208496094,29.0466365814209,47.042240142822266,26.305471420288086,50.32564926147461,36.018341064453125,53.28670120239258,17.62261962890625,19.637086868286133,15.71495532989502,30.239057540893555,23.47537612915039,44.21672821044922,33.0391960144043,10.374848365783691,11.591562271118164,16.732362747192383,106.80059814453125,27.9740047454834,18.37246322631836,6.092554092407227,17.474849700927734,7.674957752227783,24.743247985839844,40.781375885009766,38.5834846496582,37.4311408996582,8.98582935333252,20.98503303527832,21.865577697753906,26.256505966186523,50.54218292236328
2010-09-03,18.452180862426758,7.768306255340576,38.039119720458984,34.58458709716797,26.164979934692383,39.033241271972656,42.755435943603516,20.424184799194336,18.014060974121094,41.9683723449707,8.53782844543457,12.205795288085938,71.62109375,18.623998641967773,50.001399993896484,13.686812400817871,12.678954124450684,20.983644485473633,44.23212432861328,29.606691360473633,48.09920883178711,26.312482833862305,51.31803512573242,36.292724609375,54.130855560302734,17.667882919311523,19.89372444152832,15.804139137268066,30.916732788085938,23.714845657348633,44.468238830566406,33.78274917602539,10.546722412109375,11.895773887634277,17.225669860839844,112.53866577148438,28.837514877319336,19.073591232299805,6.279855728149414,17.474849700927734,7.791698455810547,25.025096893310547,41.09732437133789,38.6838264465332,37.595882415771484,9.033143043518066,21.291095733642578,21.799081802368164,26.660337448120117,51.19869613647461
2010-09-07,18.201480865478516,7.739485740661621,37.89065933227539,34.15030288696289,25.570476531982422,38.936126708984375,42.23469543457031,20.34958267211914,18.035968780517578,41.91077423095703,8.470396995544434,12.000484466552734,70.7060317993164,19.712833404541016,50.47417449951172,13.387574195861816,12.63509750366211,20.61810302734375,43.52212905883789,28.991315841674805,47.83839797973633,26.280864715576172,50.34946060180664,36.018341064453125,54.30671691894531,17.580833435058594,19.546897888183594,15.821982383728027,30.660314559936523,23.632741928100586,43.7576904296875,32.40074157714844,10.32016372680664,11.619538307189941,16.612375259399414,110.94943237304688,28.135913848876953,18.36530113220215,6.139378070831299,17.59217643737793,7.795464515686035,24.39320945739746,40.75708770751953,37.82746505737305,37.69245147705078,9.11199951171875,20.885229110717773,21.73258399963379,26.012678146362305,50.482513427734375
2010-09-08,18.17869758605957,7.892889976501465,37.98746871948242,34.26310729980469,26.131580352783203,39.085025787353516,42.34432601928711,20.55043601989746,18.09856605529785,41.87877655029297,8.589696884155273,11.854784965515137,70.77900695800781,19.61532211303711,50.66062927246094,13.426605224609375,12.627790451049805,20.702451705932617,43.845333099365234,29.171096801757812,48.55220031738281,26.22110366821289,51.20689392089844,36.31330108642578,55.221187591552734,17.566904067993164,19.761932373046875,15.905220985412598,30.815990447998047,23.817474365234375,43.29867935180664,32.38455581665039,10.445160865783691,11.857311248779297,16.812362670898438,112.72969055175781,28.585651397705078,18.579940795898438,6.139378070831299,17.70331382751465,7.795464515686035,24.69325065612793,41.048702239990234,38.03486251831055,37.91624450683594,9.24605655670166,21.257827758789062,21.968353271484375,26.32508087158203,50.79583740234375
2010-09-09,18.239469528198242,7.8973917961120605,38.613624572753906,34.43231201171875,26.78620719909668,39.033241271972656,42.40461730957031,20.70538330078125,18.242523193359375,42.30759811401367,8.698625564575195,11.92101764678955,70.93623352050781,19.76971435546875,49.52196502685547,13.407089233398438,12.647281646728516,20.674339294433594,43.95659255981445,29.01898956298828,48.48356246948242,26.210552215576172,50.3653450012207,36.89635467529297,55.959842681884766,17.789751052856445,19.942279815673828,15.976572036743164,31.493663787841797,24.063798904418945,43.61936950683594,32.885643005371094,10.546722412109375,11.906267166137695,17.12567901611328,113.95219421386719,29.14933204650879,19.32398796081543,6.113362789154053,17.73419189453125,7.912208080291748,24.87963104248047,41.10340881347656,38.1954345703125,37.939205169677734,9.317028045654297,21.19129180908203,22.155752182006836,26.40508270263672,50.236297607421875
2010-09-10,18.117929458618164,7.907599449157715,38.71687698364258,34.51692199707031,26.55910301208496,39.104461669921875,43.20492172241211,21.032493591308594,18.314504623413086,42.50601577758789,8.812742233276367,11.901143074035645,71.85125732421875,20.354766845703125,49.9481315612793,13.413595199584961,12.661898612976074,20.86414337158203,44.475860595703125,29.599760055541992,48.90909194946289,26.428504943847656,50.68291473388672,37.280479431152344,56.206031799316406,17.946439743041992,20.129568099975586,16.083593368530273,31.722604751586914,24.241687774658203,44.25443649291992,32.48155212402344,10.585783958435059,12.025152206420898,17.16567039489746,114.90728759765625,29.318174362182617,19.452774047851562,6.134178161621094,17.882389068603516,8.002591133117676,24.888723373413086,41.17021942138672,39.29267501831055,38.0195198059082,9.399829864501953,21.770143508911133,22.482196807861328,26.96129608154297,50.58694839477539
2010-09-13,19.07509994506836,8.016573905944824,38.93635177612305,34.40412521362305,27.467554092407227,39.15625762939453,43.44062423706055,21.003498077392578,18.298734664916992,42.40360641479492,8.8023681640625,12.291889190673828,72.76067352294922,20.40351676940918,49.6551399230957,13.829923629760742,12.720372200012207,21.082061767578125,44.96331787109375,29.938566207885742,49.581729888916016,26.382801055908203,50.96078872680664,37.31477355957031,57.155677795410156,17.91510581970215,20.275224685668945,16.148996353149414,32.290401458740234,24.31011390686035,43.669647216796875,33.31399917602539,10.89827823638916,12.025152206420898,17.665637969970703,117.9482421875,30.07796859741211,19.86772918701172,6.238232135772705,17.944133758544922,7.9235100746154785,25.175107955932617,41.03049087524414,39.3461799621582,38.1515007019043,9.403839111328125,21.743532180786133,22.149702072143555,27.292747497558594,52.05659103393555
2010-09-14,19.01432228088379,8.047191619873047,39.104183197021484,34.40974044799805,27.200363159179688,39.259849548339844,43.583133697509766,21.177459716796875,18.159988403320312,42.23079299926758,8.859420776367188,12.411097526550293,72.33406066894531,20.622905731201172,49.23565673828125,13.953523635864258,12.830012321472168,21.06800079345703,44.841461181640625,30.104503631591797,49.30031967163086,26.516395568847656,49.82548904418945,37.3970832824707,56.839168548583984,17.90117645263672,20.3029727935791,16.03007698059082,32.116397857666016,24.392215728759766,43.05973434448242,32.635108947753906,10.68734359741211,12.06711196899414,17.372329711914062,116.5423812866211,30.059871673583984,19.688865661621094,6.233027935028076,18.042938232421875,8.006359100341797,25.170562744140625,40.981876373291016,39.03173065185547,38.13427734375,9.419862747192383,21.397546768188477,22.04693031311035,27.178451538085938,52.24308395385742
2010-09-15,19.08269500732422,8.112034797668457,39.407562255859375,34.40412521362305,27.374038696289062,39.56413650512695,43.41870880126953,21.171674728393555,18.106374740600586,42.56361770629883,8.957975387573242,12.39785385131836,72.65967559814453,20.91542625427246,49.748374938964844,14.04458999633789,12.87873649597168,21.046905517578125,44.81495666503906,30.125268936157227,49.5062141418457,26.811674118041992,49.801673889160156,37.93210983276367,57.47227096557617,17.98822784423828,20.413959503173828,16.059812545776367,31.73177146911621,24.426437377929688,43.05973434448242,33.014957427978516,10.71078109741211,12.182504653930664,17.558984756469727,116.5652847290039,29.860877990722656,19.488540649414062,6.17579984664917,18.03676414489746,8.092975616455078,25.25693702697754,41.10947036743164,38.797569274902344,38.22034454345703,9.4879789352417,21.65038299560547,22.137615203857422,27.2889347076416,52.265480041503906
2010-09-16,19.24222183227539,8.302663803100586,39.5625,34.38718795776367,27.38071060180664,39.56413650512695,43.33099365234375,21.125274658203125,18.1347599029541,42.634029388427734,8.906110763549805,12.563425064086914,72.7944107055664,20.606658935546875,49.80831527709961,14.265768051147461,12.949392318725586,21.05394744873047,45.01100540161133,30.235881805419922,49.41698455810547,26.920663833618164,49.682594299316406,37.79491424560547,57.507694244384766,17.970808029174805,20.448644638061523,16.02413558959961,31.722604751586914,24.40590476989746,43.0786018371582,33.10384750366211,10.585783958435059,12.227962493896484,17.372329711914062,116.31314086914062,29.921184539794922,19.159439086914062,6.472360134124756,17.981191635131836,8.239845275878906,25.1660213470459,40.53834533691406,38.65039825439453,38.20888137817383,9.403839111328125,22.096155166625977,22.210161209106445,27.517520904541016,51.9521484375
2010-09-17,19.15865707397461,8.266639709472656,39.74321746826172,34.280033111572266,26.759490966796875,39.473480224609375,43.0075798034668,21.06728744506836,18.150529861450195,42.32039260864258,8.849051475524902,12.457454681396484,73.08629608154297,22.32929801940918,49.488685607910156,14.220231056213379,12.915285110473633,21.011762619018555,45.60444259643555,30.298118591308594,50.22689437866211,27.1983699798584,49.976341247558594,37.877235412597656,57.720279693603516,17.981258392333984,20.69141387939453,16.238182067871094,31.56692886352539,24.488012313842773,43.85829544067383,33.43523025512695,10.468598365783691,12.084599494934082,17.339000701904297,115.35806274414062,29.9453125,18.937650680541992,6.498376369476318,18.03676414489746,8.205953598022461,25.125112533569336,40.51403045654297,39.4130973815918,38.08263397216797,9.41585922241211,21.543930053710938,21.865577697753906,27.448938369750977,54.048431396484375
2010-09-20,19.31818962097168,8.502594947814941,40.07888412475586,34.714317321777344,27.514307022094727,39.771305084228516,43.79690933227539,21.189058303833008,18.279809951782227,42.81325149536133,8.963166236877441,12.5369291305542,73.98452758789062,22.33742332458496,50.01474380493164,14.148675918579102,13.044412612915039,21.546018600463867,46.314453125,30.63690185546875,51.30443572998047,27.507720947265625,50.587642669677734,38.37111282348633,58.64154052734375,18.19715118408203,21.017431259155273,16.53547477722168,32.03398513793945,24.871171951293945,44.46193313598633,34.84956359863281,10.734222412109375,12.444757461547852,17.705636978149414,116.06099700927734,30.771427154541016,19.202369689941406,6.539999485015869,18.05528450012207,8.239845275878906,25.834259033203125,40.647701263427734,39.975093841552734,38.39247131347656,9.500000953674316,21.92317771911621,21.865577697753906,27.681339263916016,54.9138069152832
2010-09-21,19.105484008789062,8.518807411193848,39.98206329345703,34.708675384521484,27.113515853881836,39.829559326171875,43.71468734741211,21.29344940185547,18.323959350585938,42.53801727294922,8.890545845031738,12.676011085510254,74.09117889404297,21.79300308227539,50.281070709228516,14.077112197875977,13.051718711853027,21.728790283203125,45.85874938964844,30.63690185546875,52.43006134033203,27.613178253173828,50.99253845214844,38.24079132080078,58.53525924682617,18.158845901489258,20.837085723876953,16.52359390258789,32.592613220214844,24.85748291015625,45.05301284790039,34.57477569580078,10.663902282714844,12.5531587600708,17.58565330505371,115.67898559570312,30.24078369140625,18.644323348999023,6.5295939445495605,18.351682662963867,8.134401321411133,25.693347930908203,40.702392578125,39.86134338378906,38.162967681884766,9.560099601745605,21.856639862060547,21.563310623168945,27.502277374267578,54.48857879638672
2010-09-22,18.695261001586914,8.638287544250488,40.00142288208008,34.65790557861328,26.679323196411133,40.004371643066406,43.44062423706055,21.432621002197266,18.361806869506836,42.6660270690918,8.93204116821289,12.589917182922363,74.42241668701172,22.101776123046875,50.028038024902344,14.096631050109863,13.112631797790527,21.70770263671875,45.90117645263672,30.201303482055664,52.285926818847656,27.578025817871094,50.73054122924805,38.59746551513672,58.46437072753906,18.103132247924805,20.871763229370117,16.541433334350586,32.48271942138672,24.6658992767334,45.14732360839844,34.58285140991211,10.484217643737793,12.5916166305542,17.205671310424805,113.13470458984375,29.836763381958008,17.850187301635742,6.441143035888672,18.394906997680664,8.14193344116211,25.484235763549805,41.02439498901367,39.52013397216797,38.306419372558594,9.564105987548828,22.215925216674805,22.14366340637207,27.460386276245117,53.77241516113281
2010-09-23,18.558523178100586,8.673413276672363,39.89813995361328,34.488704681396484,26.118221282958984,39.63534164428711,43.051429748535156,21.258644104003906,18.248279571533203,42.10917663574219,8.838675498962402,12.570049285888672,73.91715240478516,22.036775588989258,49.70175552368164,14.005563735961914,13.071211814880371,21.679580688476562,45.31832504272461,29.890169143676758,52.3408317565918,27.44091796875,49.73816680908203,38.22020721435547,57.18878936767578,17.96733283996582,20.73996925354004,16.458187103271484,32.180511474609375,24.535903930664062,45.06557846069336,34.23533630371094,10.288912773132324,12.511191368103027,16.692363739013672,110.72021484375,29.064908981323242,17.699949264526367,6.40472412109375,18.222017288208008,8.23608112335205,25.102371215820312,40.33783721923828,39.506752014160156,38.14575958251953,9.455928802490234,21.963092803955078,21.847444534301758,27.220365524291992,53.10847473144531
2010-09-24,18.824405670166016,8.775481224060059,40.11115264892578,34.82710647583008,26.552410125732422,39.907257080078125,43.917518615722656,21.652973175048828,18.48478126525879,42.3267936706543,9.025409698486328,12.8614501953125,75.28693389892578,21.90675926208496,50.00807571411133,14.36984920501709,13.175976753234863,22.241958618164062,46.075992584228516,30.74061393737793,54.72246170043945,27.60262680053711,51.28628158569336,38.631778717041016,59.031307220458984,18.085723876953125,21.50991439819336,16.422513961791992,32.97724151611328,24.700109481811523,45.98360061645508,34.85765838623047,10.62484359741211,12.780440330505371,17.05900764465332,112.5310287475586,30.373437881469727,17.993284225463867,6.534797191619873,18.74687957763672,8.318930625915527,25.62059783935547,40.87250900268555,40.363136291503906,37.899024963378906,9.616192817687988,21.470735549926758,22.512422561645508,27.780397415161133,54.19020462036133
2010-09-27,18.786420822143555,8.740655899047852,40.040138244628906,34.804561614990234,26.1048641204834,39.518802642822266,43.89557647705078,21.53120231628418,18.478471755981445,42.48041915893555,8.906110763549805,12.742239952087402,75.59004974365234,21.898639678955078,49.78166198730469,14.382857322692871,13.029792785644531,22.21384048461914,45.66802978515625,30.311935424804688,54.592063903808594,27.746774673461914,50.72261047363281,38.19961929321289,58.21635437011719,18.14144515991211,21.232454299926758,16.410612106323242,32.63840866088867,24.59063720703125,45.51203918457031,35.108184814453125,10.343598365783691,12.539168357849121,17.019006729125977,111.5530776977539,30.132226943969727,17.792951583862305,6.493173122406006,18.740697860717773,8.254911422729492,25.575159072875977,40.75708770751953,40.323001861572266,37.480159759521484,9.620196342468262,21.716917037963867,22.210161209106445,27.727052688598633,53.78733825683594
2010-09-28,18.748443603515625,8.611571311950684,40.29835510253906,35.001956939697266,26.018028259277344,39.24687576293945,44.3340950012207,21.60078239440918,18.636137008666992,42.74283981323242,9.040971755981445,12.921053886413574,75.72480010986328,22.093647003173828,49.695091247558594,14.220231056213379,13.112631797790527,22.36146354675293,46.1183967590332,30.553936004638672,54.681278228759766,27.7045841217041,51.2227668762207,38.41225814819336,58.251808166503906,18.23893165588379,21.81512451171875,16.60683250427246,32.54682159423828,24.898534774780273,45.568634033203125,35.31024932861328,10.367037773132324,12.637072563171387,16.89902114868164,110.79661560058594,30.21063232421875,17.528244018554688,6.513986587524414,20.87720489501953,8.239845275878906,25.952457427978516,40.81782150268555,40.490238189697266,37.13588333129883,9.696331024169922,21.88325309753418,22.34315299987793,27.864208221435547,53.630001068115234
2010-09-29,18.61170196533203,8.626882553100586,40.220890045166016,34.736881256103516,25.657316207885742,39.00733947753906,44.5533561706543,21.525400161743164,18.528926849365234,42.7236328125,9.025409698486328,12.742239952087402,76.05602264404297,22.077396392822266,49.57524490356445,14.226739883422852,12.998120307922363,22.36146354675293,46.1872673034668,30.450220108032227,54.900909423828125,27.5288143157959,52.373924255371094,37.68517303466797,57.96833038330078,18.277236938476562,21.70413589477539,16.462482452392578,32.3636589050293,24.99432373046875,45.20391845703125,34.76066589355469,10.24203872680664,12.542661666870117,16.692363739013672,110.34577941894531,29.933242797851562,17.513935089111328,6.415130615234375,20.766048431396484,8.145698547363281,26.075206756591797,40.55049133300781,40.276153564453125,37.330963134765625,9.716363906860352,21.67034339904785,22.288738250732422,27.77277374267578,53.73490524291992
2010-09-30,18.604101181030273,8.518209457397461,39.994956970214844,34.84967041015625,25.42351722717285,38.82606887817383,44.42729568481445,21.345626831054688,18.453248977661133,42.52523422241211,8.906110763549805,12.715750694274902,75.30375671386719,21.8173770904541,49.615196228027344,14.246249198913574,13.039542198181152,22.270078659057617,45.94355010986328,30.381074905395508,54.001792907714844,27.01909065246582,52.82645797729492,37.801788330078125,57.57855987548828,18.190189361572266,21.82899284362793,16.306100845336914,32.766605377197266,24.99432373046875,44.820350646972656,33.9686393737793,10.234225273132324,12.451751708984375,16.745697021484375,110.46805572509766,30.186511993408203,17.657014846801758,6.368305683135986,20.68577766418457,8.15699577331543,26.107013702392578,40.52010726928711,40.563846588134766,37.325218200683594,9.62420654296875,21.237871170043945,22.089250564575195,27.73467254638672,52.27410125732422
2010-10-01,18.52054214477539,8.481284141540527,39.85940933227539,35.27267074584961,25.924514770507812,38.94906997680664,44.92060852050781,21.223857879638672,18.642444610595703,42.88364791870117,8.91129207611084,12.795222282409668,76.14582824707031,22.13427734375,49.88821029663086,14.252758026123047,13.000558853149414,22.36849594116211,46.42570877075195,30.526283264160156,53.686065673828125,26.917139053344727,53.05669021606445,38.07616424560547,57.96833038330078,18.308574676513672,22.044025421142578,16.40834617614746,32.995548248291016,25.00115394592285,43.77027893066406,33.76658248901367,10.390474319458008,12.504202842712402,17.03901481628418,112.8519287109375,30.3553466796875,17.900266647338867,6.378711223602295,20.796916961669922,8.17959213256836,26.302492141723633,40.36820983886719,40.363136291503906,37.313758850097656,9.528048515319824,21.237871170043945,22.337100982666016,27.845163345336914,51.36765670776367
2010-10-04,18.163501739501953,8.3648042678833,39.80778121948242,35.07527160644531,26.051584243774414,38.8195915222168,44.56979751586914,21.177459716796875,18.566770553588867,42.800453186035156,8.766059875488281,12.497197151184082,75.92691040039062,21.898197174072266,49.90818786621094,14.15517807006836,13.051718711853027,22.2630558013916,45.93824005126953,30.15290641784668,53.03403854370117,26.864412307739258,52.65974044799805,37.76063919067383,57.04707336425781,18.284204483032227,21.801250457763672,16.077533721923828,32.19883346557617,24.836957931518555,43.6068000793457,31.560197830200195,10.273285865783691,12.36433219909668,16.919017791748047,111.98856353759766,30.017663955688477,17.678482055664062,6.680479049682617,20.444957733154297,8.044018745422363,26.029741287231445,40.17377853393555,40.2159309387207,37.399818420410156,9.548080444335938,21.031612396240234,22.361289978027344,27.521326065063477,51.40511703491211
2010-10-05,18.497756958007812,8.674015998840332,40.53718185424805,35.678749084472656,26.51309585571289,39.376373291015625,45.70994567871094,21.46741485595703,18.81273078918457,43.37009048461914,8.937228202819824,12.682634353637695,77.27982330322266,22.223827362060547,50.487510681152344,14.30479621887207,13.156484603881836,22.3122615814209,47.08272171020508,31.12091064453125,54.49595260620117,26.337093353271484,54.46190643310547,38.494571685791016,58.49982833862305,18.482677459716797,22.23824119567871,16.324140548706055,32.8032341003418,25.240642547607422,44.39278793334961,30.937889099121094,10.593597412109375,12.595110893249512,17.498981475830078,114.28073120117188,31.308094024658203,18.22222137451172,6.768924713134766,20.98217010498047,8.047783851623535,26.72526741027832,41.2431526184082,41.51386642456055,37.58917999267578,9.716363906860352,21.543930053710938,22.500337600708008,28.191837310791016,53.41279220581055
2010-10-06,18.558523178100586,8.681516647338867,40.80183029174805,36.06227493286133,26.686996459960938,39.408748626708984,45.9840202331543,21.461605072021484,18.856874465942383,43.59409713745117,8.952787399291992,12.788599014282227,77.38086700439453,22.451763153076172,50.31438064575195,14.506457328796387,13.292922973632812,22.3122615814209,47.628475189208984,31.611814498901367,54.27632522583008,25.9996337890625,54.446022033691406,38.295658111572266,59.88169860839844,18.447856903076172,22.48102569580078,16.354215621948242,31.667667388916016,25.43221664428711,44.58141326904297,30.8729190826416,10.460782051086426,12.500703811645508,17.532310485839844,115.25108337402344,31.350290298461914,18.15782928466797,6.888589859008789,21.031564712524414,7.991292953491211,27.13894271850586,41.20061111450195,41.533939361572266,37.893272399902344,9.788487434387207,21.49070167541504,22.719602584838867,28.481382369995117,53.90719223022461
2010-10-07,18.634492874145508,8.682416915893555,40.808292388916016,36.011512756347656,26.432830810546875,39.36342239379883,45.78119659423828,21.287647247314453,18.743358612060547,42.30759811401367,9.015034675598145,12.848206520080566,77.87489318847656,22.541309356689453,50.51414489746094,14.565001487731934,13.244192123413086,22.3122615814209,47.10392761230469,31.445858001708984,54.04297637939453,25.925811767578125,54.35075378417969,38.384830474853516,60.41321563720703,18.308574676513672,22.182754516601562,16.42037582397461,32.39113998413086,25.370641708374023,44.411624908447266,30.710525512695312,10.398286819458008,12.679035186767578,17.33233070373535,115.45741271972656,30.849811553955078,17.93604278564453,6.930215835571289,20.91423988342285,8.028952598571777,27.143470764160156,40.93327713012695,41.57408905029297,37.91624450683594,9.844578742980957,21.776798248291016,22.646514892578125,28.401386260986328,53.86223602294922
2010-10-08,18.66487693786621,8.82801342010498,40.81475067138672,36.310428619384766,26.292381286621094,40.04970169067383,46.01142501831055,21.40362548828125,18.733890533447266,42.08357620239258,9.056530952453613,12.927674293518066,77.9478988647461,22.793670654296875,50.673954010009766,14.623550415039062,13.256378173828125,22.41769790649414,47.24168014526367,31.63256072998047,55.161712646484375,26.330080032348633,54.962059020996094,38.67979049682617,60.66122055053711,18.388656616210938,21.676395416259766,16.33616065979004,32.43692398071289,25.36380958557129,44.078369140625,30.848554611206055,10.296724319458008,12.703506469726562,17.29899787902832,116.64165496826172,31.1271915435791,18.114904403686523,7.1071085929870605,20.98217010498047,8.017659187316895,27.0980224609375,41.03049087524414,41.674442291259766,38.128536224365234,9.820537567138672,21.863296508789062,22.52469253540039,28.652812957763672,56.44673156738281
2010-10-11,18.680068969726562,8.866739273071289,40.85991668701172,36.40633010864258,26.573287963867188,40.23097610473633,45.885337829589844,21.37462043762207,18.78119468688965,41.93635940551758,9.015034675598145,12.954169273376465,78.40259552001953,22.67156410217285,50.3343505859375,14.617042541503906,13.30510139465332,22.347400665283203,46.75951385498047,31.535747528076172,54.894039154052734,26.312482833862305,55.5654411315918,38.48085403442383,60.094295501708984,18.388656616210938,21.537662506103516,16.45646095275879,33.01387023925781,25.4664306640625,44.317325592041016,30.807964324951172,10.273285865783691,12.661554336547852,17.099008560180664,116.29029083251953,31.1875,17.993284225463867,7.1695475578308105,20.840147018432617,8.130633354187012,27.17984962463379,40.92110824584961,41.48710250854492,38.0596809387207,9.756431579589844,21.6636905670166,22.281051635742188,28.57280921936035,56.41676712036133
2010-10-12,18.86240005493164,8.962209701538086,40.853485107421875,36.49090576171875,27.02143096923828,40.15328598022461,45.95660400390625,21.24704933166504,18.793804168701172,42.29480743408203,9.066904067993164,13.093244552612305,78.50924682617188,22.75296401977539,50.32768630981445,14.714620590209961,13.136988639831543,22.080280303955078,46.7065315246582,31.494266510009766,54.45478820800781,26.344131469726562,55.748023986816406,38.37111282348633,60.909271240234375,18.632402420043945,21.468297958374023,16.378271102905273,33.08713150024414,25.562232971191406,44.36134338378906,31.295181274414062,10.562346458435059,12.6265869140625,17.31899642944336,118.59005737304688,31.43473243713379,18.551319122314453,7.1695475578308105,21.01921272277832,8.168293952941895,27.0980224609375,40.85429000854492,41.31985855102539,38.266258239746094,9.832557678222656,21.763490676879883,22.45159912109375,28.763296127319336,55.92984390258789
2010-10-13,19.249814987182617,9.010238647460938,41.040672302246094,36.682674407958984,26.646865844726562,40.548213958740234,45.86344528198242,21.54859161376953,18.901018142700195,42.49960708618164,9.196579933166504,12.742239952087402,78.8011703491211,23.282108306884766,50.44089126586914,15.078913688659668,13.112631797790527,21.79206085205078,47.231101989746094,32.088905334472656,55.106815338134766,26.621845245361328,56.74042510986328,38.06244659423828,61.228172302246094,18.671031951904297,21.94691276550293,16.44443130493164,33.1420783996582,25.58959197998047,44.71974563598633,31.87982940673828,10.38265609741211,12.82589340209961,17.205671310424805,118.22332763671875,31.977434158325195,18.558469772338867,7.096706390380859,21.488508224487305,8.288800239562988,27.33441162109375,41.71706008911133,41.60752868652344,38.340843200683594,9.86461353302002,22.10281753540039,22.829240798950195,29.045207977294922,56.394287109375
2010-10-14,19.1662540435791,9.075382232666016,41.14395523071289,36.82933044433594,25.897754669189453,40.65827178955078,45.98950958251953,21.54279136657715,18.89156150817871,42.65323257446289,9.160273551940918,12.795222282409668,79.43555450439453,23.06230926513672,51.29988479614258,15.007349967956543,12.973756790161133,21.65850067138672,47.19399642944336,31.922935485839844,54.84597396850586,26.660518646240234,56.653079986572266,37.63030242919922,60.802974700927734,18.68156623840332,21.676395416259766,16.546693801879883,32.92228698730469,25.603269577026367,44.14126205444336,32.025997161865234,9.843606948852539,12.864362716674805,16.47904396057129,115.82417297363281,31.669904708862305,18.20075035095215,7.2371826171875,21.297080993652344,8.341526985168457,27.420780181884766,42.16666793823242,41.366676330566406,38.122806549072266,9.936734199523926,22.14273452758789,22.68915367126465,29.079511642456055,56.25196838378906
2010-10-15,19.401748657226562,9.448531150817871,41.03421401977539,36.767276763916016,24.847667694091797,40.63236999511719,45.830535888671875,21.426816940307617,18.901018142700195,42.67881774902344,9.206954002380371,12.795222282409668,79.18851470947266,23.526323318481445,51.59288787841797,15.195999145507812,12.998120307922363,21.5811710357666,47.231101989746094,32.14420700073242,54.736183166503906,26.678089141845703,55.66069793701172,38.89927291870117,57.75569152832031,18.66751480102539,21.7180118560791,16.3602294921875,32.849037170410156,25.83590316772461,44.02809143066406,31.741790771484375,9.359241485595703,13.193046569824219,15.719080924987793,115.13655853271484,31.585481643676758,17.900266647338867,7.179951190948486,21.352664947509766,8.288800239562988,27.6298828125,42.11198425292969,41.39345169067383,38.08836364746094,9.96878719329834,22.13608741760254,22.707420349121094,29.24713134765625,57.05352783203125
2010-10-18,19.614452362060547,9.546399116516113,41.221412658691406,37.382049560546875,25.549955368041992,41.01435852050781,46.30743408203125,21.589189529418945,18.919931411743164,42.56361770629883,9.232887268066406,12.709127426147461,80.18218231201172,23.79495620727539,51.4863395690918,15.156970977783203,13.098014831542969,21.461658477783203,47.506622314453125,32.49684524536133,55.072479248046875,26.9733943939209,55.75595474243164,39.75667953491211,57.57855987548828,18.843061447143555,21.676395416259766,16.438417434692383,32.7025032043457,26.041170120239258,44.0406494140625,32.11530685424805,9.640485763549805,13.126609802246094,16.579044342041016,117.4363784790039,31.911108016967773,18.172134399414062,7.221573829650879,21.247684478759766,8.35659408569336,27.84808921813965,42.22743606567383,41.22616958618164,38.335105895996094,9.97680377960205,22.34234619140625,22.78660774230957,29.28903579711914,56.97113037109375
2010-10-19,19.067508697509766,9.290926933288574,40.853485107421875,36.727783203125,25.20884132385254,40.904293060302734,45.381099700927734,21.177459716796875,19.027156829833984,41.86595916748047,9.020219802856445,12.722372055053711,77.48753356933594,23.713563919067383,51.26658630371094,14.942299842834473,12.990809440612793,21.377304077148438,46.918453216552734,31.916030883789062,53.91256332397461,26.804655075073242,54.81915283203125,39.324546813964844,56.94074630737305,18.56218719482422,21.190837860107422,16.143692016601562,31.704301834106445,25.62380599975586,43.682228088378906,31.920419692993164,9.218616485595703,12.843375205993652,16.365718841552734,119.74376678466797,31.217660903930664,18.16498374938965,6.930215835571289,20.766048431396484,8.066612243652344,27.275306701660156,41.76565933227539,40.43002700805664,37.91049575805664,9.916699409484863,21.92983055114746,22.603885650634766,28.866153717041016,56.12460708618164
2010-10-20,19.22703742980957,9.322147369384766,41.05358123779297,37.229759216308594,25.483064651489258,41.34271240234375,46.055274963378906,21.450014114379883,19.282567977905273,41.5843505859375,9.160273551940918,13.007147789001465,78.07139587402344,23.314666748046875,51.5462646484375,15.222023963928223,13.027360916137695,21.60225486755371,47.405948638916016,32.088905334472656,55.12739181518555,27.13157081604004,56.653079986572266,39.59892272949219,56.86989212036133,18.404190063476562,21.585973739624023,16.173763275146484,32.336181640625,24.638530731201172,43.90861129760742,32.261470794677734,9.179553031921387,13.423832893371582,17.065683364868164,121.94426727294922,31.880949020385742,18.15782928466797,7.096706390380859,21.013042449951172,8.194655418395996,27.852638244628906,42.318580627441406,40.91172790527344,38.203121185302734,9.98481559753418,22.242544174194336,22.640419006347656,29.510005950927734,57.263282775878906
2010-10-21,19.310588836669922,9.291824340820312,41.305320739746094,37.40459060668945,25.21553611755371,41.434043884277344,46.18135452270508,21.513792037963867,19.383480072021484,41.71873474121094,9.144710540771484,13.086626052856445,78.498046875,23.461191177368164,52.232120513916016,15.130950927734375,13.163797378540039,22.36146354675293,47.978172302246094,32.26865768432617,54.44416427612305,27.149274826049805,56.76422882080078,39.523468017578125,57.04707336425781,18.551658630371094,21.739015579223633,16.306100845336914,32.656707763671875,24.28958511352539,45.1724853515625,32.6999626159668,8.874874114990234,13.672100067138672,17.35232925415039,121.71505737304688,31.7784423828125,17.599782943725586,7.185153484344482,21.056264877319336,8.190887451171875,27.784442901611328,42.28211212158203,41.2930793762207,38.36380386352539,9.996838569641113,22.242544174194336,22.609960556030273,29.209026336669922,57.72026443481445
2010-10-22,19.280202865600586,9.230283737182617,41.18913650512695,37.415870666503906,25.21553611755371,41.3622932434082,46.34580993652344,21.513792037963867,19.42761993408203,41.60993194580078,9.077277183532715,13.139606475830078,78.40821075439453,23.599584579467773,52.305397033691406,15.27405834197998,13.171101570129395,22.12947654724121,47.919898986816406,32.67660140991211,54.05768966674805,27.198833465576172,56.57368087768555,39.47545623779297,56.905338287353516,18.45334815979004,21.815532684326172,16.215862274169922,33.12376022338867,24.22115707397461,45.13473892211914,31.69305419921875,8.937370300292969,13.6755952835083,17.405656814575195,120.53840637207031,33.099029541015625,17.54254913330078,7.257994174957275,21.037744522094727,8.209718704223633,28.034475326538086,42.42793655395508,41.41352462768555,38.191654205322266,9.98481559753418,22.31572914123535,22.719602584838867,29.11758804321289,57.87007522583008
2010-10-25,19.135873794555664,9.271411895751953,41.298866271972656,37.3369255065918,24.794151306152344,41.45362091064453,46.52120590209961,21.69936752319336,19.23842430114746,41.63554763793945,9.139521598815918,13.159479141235352,78.5036392211914,23.47748565673828,52.40526580810547,15.358633995056152,13.14430046081543,22.07324981689453,48.16361999511719,32.8632698059082,54.55460739135742,27.209455490112305,56.8912467956543,39.749839782714844,56.905338287353516,18.4357967376709,21.725099563598633,16.33616065979004,33.31607437133789,24.036426544189453,44.90211486816406,31.912317276000977,8.718623161315918,13.82595443725586,17.145673751831055,120.2557373046875,32.978424072265625,17.442392349243164,7.362049579620361,21.266216278076172,8.194655418395996,27.884450912475586,42.11806869506836,40.75116729736328,38.140018463134766,10.040907859802246,22.428842544555664,22.841421127319336,29.46048355102539,57.86259460449219
2010-10-26,19.675222396850586,9.247697830200195,41.20849609375,37.52305221557617,24.881113052368164,41.0099983215332,46.6746940612793,21.496400833129883,19.310955047607422,41.469120025634766,9.072092056274414,13.272066116333008,78.96959686279297,23.306528091430664,52.44521713256836,15.222023963928223,13.292922973632812,21.99591636657715,47.935813903808594,32.69041442871094,54.27854537963867,27.06078338623047,56.6054573059082,39.27653503417969,57.25965881347656,18.49898910522461,21.40510368347168,16.15572166442871,33.08713150024414,23.87906265258789,45.14732360839844,32.56191635131836,8.827994346618652,13.850431442260742,17.272327423095703,120.9433822631836,32.91811752319336,17.30645179748535,7.471311569213867,21.080970764160156,8.31139850616455,27.898090362548828,42.17884063720703,41.04554748535156,35.925167083740234,10.097001075744629,22.20261573791504,22.77442169189453,29.449047088623047,57.24829864501953
2010-10-27,19.789169311523438,9.241092681884766,41.03421401977539,37.03799057006836,25.10851287841797,41.15351104736328,46.21425247192383,21.142671585083008,19.295190811157227,41.13629913330078,8.963166236877441,13.371403694152832,79.39625549316406,23.36351203918457,51.59288787841797,15.150463104248047,13.124811172485352,21.72176170349121,47.88280487060547,32.559059143066406,53.981773376464844,26.724502563476562,56.256141662597656,39.1187629699707,57.08248519897461,18.130338668823242,21.45379638671875,16.16173553466797,32.82155227661133,23.90642547607422,44.575130462646484,33.032901763916016,9.015496253967285,13.797983169555664,17.16567039489746,122.36449432373047,32.80355453491211,17.492847442626953,7.403675079345703,20.963640213012695,8.360352516174316,27.558666229248047,41.303897857666016,41.065608978271484,35.775978088378906,10.060944557189941,22.10281753540039,22.640419006347656,29.24713134765625,56.81382369995117
2010-10-28,19.96390151977539,9.16334056854248,41.027774810791016,37.34819793701172,25.088441848754883,41.225284576416016,46.28550720214844,21.421010971069336,19.30148696899414,41.60993194580078,9.1135892868042,13.556846618652344,79.09870910644531,23.90079116821289,51.59288787841797,15.085415840148926,13.175976753234863,21.925621032714844,45.074588775634766,32.56596374511719,53.6505012512207,26.519208908081055,56.58163070678711,39.28339385986328,56.9761848449707,18.168970108032227,21.32857894897461,16.233919143676758,32.656707763671875,24.050111770629883,44.65686798095703,33.47139358520508,9.007680892944336,13.937846183776855,17.292327880859375,124.72550201416016,32.98445129394531,17.822635650634766,7.398471832275391,21.080970764160156,8.349061965942383,27.329303741455078,41.10947036743164,41.640987396240234,35.885005950927734,10.153101921081543,22.255844116210938,22.80487823486328,29.182355880737305,56.559104919433594
2010-10-29,20.260162353515625,9.035452842712402,41.14395523071289,37.5004768371582,25.16871452331543,41.47319412231445,45.27692413330078,21.055686950683594,19.3361759185791,41.79556655883789,9.035783767700195,13.27868366241455,80.61443328857422,23.917070388793945,51.78596496582031,14.870745658874512,13.19790267944336,21.72176170349121,44.62421417236328,32.57289505004883,54.24403381347656,27.29794692993164,56.08147430419922,39.228515625,56.76358413696289,18.017993927001953,20.959882736206055,16.179784774780273,32.19883346557617,24.084318161010742,44.82663345336914,33.666263580322266,8.945180892944336,13.871410369873047,17.372329711914062,123.11332702636719,33.32816696166992,17.82980728149414,7.351645469665527,20.920425415039062,8.285038948059082,27.242168426513672,40.915035247802734,42.29664611816406,36.34403991699219,10.185154914855957,22.16935157775879,22.877975463867188,29.220458984375,57.53297424316406
2010-11-01,20.472875595092773,9.131518363952637,41.11167907714844,37.759918212890625,25.02823829650879,41.50580978393555,44.64652633666992,21.020898818969727,19.45915412902832,41.95555877685547,9.139521598815918,13.623066902160645,80.45726776123047,23.713563919067383,51.85924530029297,14.909771919250488,13.232009887695312,21.58819580078125,44.49704360961914,32.35854721069336,54.7064208984375,27.347488403320312,55.95444869995117,39.39313888549805,56.51557922363281,17.765209197998047,20.799882888793945,16.282033920288086,32.400299072265625,23.974851608276367,44.93983459472656,33.74746322631836,8.984244346618652,14.070722579956055,17.285667419433594,123.44953155517578,33.40656661987305,17.693588256835938,7.403675079345703,21.025402069091797,8.288800239562988,27.04033088684082,40.915035247802734,42.490665435791016,35.672706604003906,10.165117263793945,22.215925216674805,22.62213897705078,29.209026336669922,57.18836975097656
2010-11-02,20.807125091552734,9.28702449798584,41.23432540893555,38.261871337890625,24.7205867767334,41.766761779785156,45.03024673461914,21.229660034179688,19.50645637512207,42.11558151245117,9.05134391784668,13.470744132995605,80.7491683959961,24.039182662963867,52.205501556396484,15.072407722473145,13.348958969116211,22.150571823120117,44.93152618408203,32.66276931762695,55.037681579589844,27.62713050842285,55.39869689941406,39.331417083740234,56.480133056640625,17.863508224487305,21.238142013549805,16.179784774780273,33.74648666381836,24.20747947692871,45.04671096801758,34.42144012451172,8.906118392944336,14.102192878723145,17.312332153320312,124.404541015625,33.943241119384766,17.643402099609375,7.5077314376831055,21.297080993652344,8.488397598266602,27.219223022460938,41.498329162597656,43.213253021240234,36.12026596069336,10.24525260925293,20.75216293334961,22.475961685180664,29.57856559753418,57.93751525878906
2010-11-03,20.533653259277344,9.390290260314941,41.43442916870117,38.335201263427734,25.228910446166992,41.955955505371094,45.331729888916016,21.171674728393555,19.534841537475586,41.73154067993164,9.1239595413208,13.669651985168457,80.93443298339844,23.770538330078125,52.2720947265625,15.42367935180664,13.37819766998291,22.11542320251465,45.19646072387695,32.80105209350586,55.12741470336914,27.77225685119629,55.06325149536133,39.30396270751953,56.905338287353516,17.919689178466797,21.47466468811035,16.0294132232666,33.719017028808594,24.337482452392578,44.600276947021484,34.161598205566406,8.999866485595703,13.92036247253418,17.673004150390625,124.25942993164062,34.22665023803711,18.20977020263672,7.897945880889893,21.723155975341797,8.567477226257324,27.251323699951172,41.69881820678711,43.00583267211914,36.131744384765625,10.321381568908691,20.659011840820312,22.372417449951172,29.67380714416504,58.07236099243164
2010-11-04,20.617212295532227,9.554505348205566,41.8023567199707,39.130435943603516,26.620105743408203,42.406124114990234,46.66920471191406,21.252851486206055,19.6925048828125,41.82755661010742,9.10824203491211,13.996710777282715,82.40524291992188,23.990339279174805,52.72486114501953,15.748940467834473,13.487839698791504,22.452848434448242,46.1183967590332,33.88658142089844,57.404842376708984,27.765174865722656,56.588783264160156,38.41912841796875,58.49982833862305,17.863508224487305,21.919876098632812,16.137672424316406,34.22268295288086,24.467479705810547,45.247928619384766,35.50955581665039,9.476423263549805,13.860920906066895,18.340919494628906,127.13227081298828,35.6557731628418,18.905195236206055,8.251740455627441,22.19862174987793,8.740716934204102,28.09532928466797,42.148460388183594,43.668174743652344,36.13747787475586,10.477643013000488,20.998340606689453,22.22013282775879,30.14621925354004,59.315887451171875
2010-11-05,20.39690589904785,9.520278930664062,41.73135757446289,39.480133056640625,27.382593154907227,42.406124114990234,46.581512451171875,20.70195198059082,19.733497619628906,41.65475082397461,9.003424644470215,14.176918983459473,82.47821044921875,23.811246871948242,52.80479049682617,15.781462669372559,13.44884967803955,22.438791275024414,45.747501373291016,34.07327651977539,57.65325164794922,27.457229614257812,56.924251556396484,38.01442337036133,59.27934265136719,17.877559661865234,21.523366928100586,16.05347442626953,34.21354675292969,24.440114974975586,46.0716552734375,35.78564453125,9.656106948852539,13.619651794433594,19.516448974609375,130.70809936523438,36.45777893066406,19.55758285522461,8.433841705322266,21.698450088500977,8.703057289123535,28.35220718383789,42.403648376464844,43.71501922607422,36.16617202758789,10.461616516113281,20.858617782592773,22.25058937072754,30.35194206237793,59.25596237182617
2010-11-08,20.36652374267578,9.565010070800781,41.52478790283203,39.660606384277344,27.094980239868164,42.243011474609375,46.48283386230469,20.655561447143555,19.695659637451172,41.6739387512207,8.935298919677734,14.170247077941895,82.58536529541016,23.640291213989258,52.81144714355469,15.866025924682617,13.37819766998291,22.136512756347656,45.4931755065918,33.95573043823242,57.36343002319336,27.439531326293945,56.07762145996094,37.92524337768555,59.208492279052734,17.712549209594727,21.725099563598633,15.921142578125,33.728172302246094,24.44695472717285,46.084228515625,35.6475944519043,9.843606948852539,13.577689170837402,19.396221160888672,129.27928161621094,35.583412170410156,19.50739860534668,8.537898063659668,21.66758155822754,8.552417755126953,28.62743377685547,42.21528625488281,43.71501922607422,36.04567337036133,10.365457534790039,20.75216293334961,22.3602352142334,30.340435028076172,58.9338493347168
2010-11-09,20.472875595092773,9.488761901855469,41.51188278198242,40.086265563964844,26.686996459960938,42.28215408325195,45.803138732910156,20.325031280517578,19.752418518066406,41.79556655883789,8.903854370117188,14.123520851135254,82.40493774414062,23.39607048034668,52.671600341796875,15.840007781982422,13.412308692932129,22.122451782226562,45.19646072387695,33.89350509643555,56.528358459472656,27.251920700073242,55.31085205078125,37.67830276489258,58.88956832885742,17.572111129760742,21.585973739624023,15.788825035095215,33.48091125488281,24.474319458007812,45.618919372558594,35.2091064453125,9.585801124572754,13.465791702270508,18.788421630859375,127.25456237792969,34.88995361328125,18.869348526000977,8.361001014709473,21.760202407836914,8.556182861328125,28.453128814697266,41.91756057739258,43.67487335205078,35.66697692871094,10.249261856079102,20.52594566345215,22.031314849853516,30.02202606201172,58.33451843261719
2010-11-10,20.465272903442383,9.547294616699219,41.27949905395508,40.37004470825195,27.16857147216797,42.12559509277344,46.68564987182617,20.272844314575195,19.724037170410156,41.76355743408203,8.820002555847168,14.04343032836914,82.63610076904297,23.35537338256836,52.93798828125,15.931082725524902,13.280741691589355,22.270078659057617,45.6998176574707,33.76213073730469,56.9079475402832,27.23422622680664,53.56965255737305,37.52055358886719,58.64154052734375,17.614242553710938,21.655536651611328,15.824909210205078,33.56333923339844,24.273143768310547,45.222782135009766,35.37151336669922,9.820171356201172,13.542723655700684,19.088987350463867,127.76644134521484,35.16130828857422,19.034229278564453,8.652365684509277,21.788131713867188,8.573205947875977,28.994394302368164,41.64227294921875,43.63471984863281,35.494834899902344,10.101007461547852,20.4793758392334,21.988676071166992,29.929960250854492,59.12112045288086
2010-11-11,20.267770767211914,9.505868911743164,41.2601318359375,40.767337799072266,26.76725959777832,41.98857498168945,47.1899528503418,20.417808532714844,19.80286979675293,41.539546966552734,8.898614883422852,14.156893730163574,82.00458526611328,23.257686614990234,53.071144104003906,13.348542213439941,13.23931884765625,22.28413963317871,45.83226776123047,33.402591705322266,56.89413070678711,27.16697120666504,52.21184158325195,37.46567916870117,57.932884216308594,17.477323532104492,21.467714309692383,15.80085563659668,33.883853912353516,24.245399475097656,44.08467483520508,35.20098114013672,9.663922309875488,13.630139350891113,18.8284969329834,128.14083862304688,35.37235641479492,18.86217498779297,8.641955375671387,21.850187301635742,8.569428443908691,28.847599029541016,41.7707405090332,42.865325927734375,35.66122817993164,10.109023094177246,20.412841796875,22.287137985229492,29.964487075805664,59.02374267578125
2010-11-12,19.956308364868164,9.247098922729492,41.098758697509766,40.290592193603516,26.4930362701416,41.96902847290039,46.833648681640625,20.12786865234375,19.840707778930664,41.373130798339844,8.830486297607422,14.370489120483398,81.05162811279297,23.054162979125977,52.50514602661133,13.107856750488281,13.188157081604004,22.101367950439453,45.69450759887695,32.85636901855469,55.927955627441406,27.106796264648438,50.39078140258789,37.3627815246582,57.57855987548828,17.055997848510742,21.03640365600586,15.650482177734375,34.21354675292969,24.113588333129883,43.69481658935547,34.673160552978516,9.468607902526855,13.217522621154785,18.394351959228516,126.70442199707031,34.81758117675781,18.331653594970703,8.480667114257812,21.6143798828125,8.698060989379883,28.63201332092285,41.672855377197266,42.082557678222656,35.58664321899414,9.956768989562988,20.11343002319336,22.13486671447754,29.454273223876953,57.57791519165039
2010-11-15,19.90312385559082,9.217378616333008,41.40214157104492,40.00114822387695,26.80738639831543,41.94291305541992,46.515716552734375,20.0292911529541,19.853321075439453,41.232303619384766,8.778076171875,14.21696662902832,80.9952392578125,23.119295120239258,52.651641845703125,12.97774887084961,13.14430046081543,22.06621551513672,45.673316955566406,32.904754638671875,56.466243743896484,27.740400314331055,50.806114196777344,37.39021301269531,57.40139389038086,16.908557891845703,20.904224395751953,15.830924034118652,33.389339447021484,24.023405075073242,43.61936950683594,34.673160552978516,9.452987670898438,13.287459373474121,18.46782112121582,127.76644134521484,35.07689666748047,18.63992691040039,8.844866752624512,21.415786743164062,8.64509391784668,28.47147560119629,41.64227294921875,42.15615463256836,35.67844772338867,9.892659187316895,20.086816787719727,21.842493057250977,29.484954833984375,57.293235778808594
2010-11-16,19.727323532104492,9.053767204284668,40.75664520263672,39.127113342285156,26.4930362701416,41.39490509033203,45.59800720214844,19.774139404296875,19.575834274291992,40.989078521728516,8.699468612670898,14.063450813293457,80.20581817626953,22.451763153076172,51.55292510986328,12.645988464355469,13.219833374023438,22.291162490844727,44.634803771972656,33.49248123168945,55.46556091308594,27.18820571899414,50.1431770324707,37.06096649169922,56.196659088134766,16.733001708984375,20.625974655151367,15.662508010864258,32.79407501220703,23.884660720825195,43.185489654541016,34.04792022705078,9.327988624572754,13.228015899658203,18.160579681396484,126.14665985107422,34.28696060180664,18.37466049194336,8.589926719665527,21.105504989624023,8.489973068237305,27.953140258789062,41.2996940612793,41.41352462768555,35.305477142333984,9.768451690673828,19.77922821044922,21.665855407714844,28.993921279907227,56.708927154541016
2010-11-17,19.543886184692383,9.02104663848877,40.705013275146484,39.166839599609375,26.205427169799805,41.277462005615234,45.58695983886719,19.988697052001953,19.714574813842773,40.925079345703125,8.636584281921387,14.07012939453125,80.04229736328125,22.720407485961914,52.18549728393555,12.626473426818848,13.100446701049805,21.672550201416016,44.760108947753906,33.967681884765625,56.01767349243164,27.386436462402344,49.9195442199707,36.95121383666992,56.01951217651367,16.78215217590332,20.751182556152344,15.614394187927246,33.1878662109375,23.863849639892578,43.103763580322266,33.625675201416016,9.077994346618652,13.1825590133667,17.940174102783203,125.98619079589844,34.61258316040039,17.987525939941406,8.678374290466309,21.105504989624023,8.629964828491211,27.89351463317871,41.134521484375,41.51386642456055,35.38580322265625,9.80050277709961,19.739105224609375,21.37957000732422,29.18574333190918,56.93367385864258
2010-11-18,19.750255584716797,9.259100914001465,41.202049255371094,39.9046516418457,26.52647590637207,41.766761779785156,46.33881759643555,20.464204788208008,20.130817413330078,41.45631790161133,8.820002555847168,14.030077934265137,81.40122985839844,23.04602813720703,52.61833572387695,12.756579399108887,13.151610374450684,21.700674057006836,45.6131706237793,34.6077995300293,57.35649871826172,27.68377113342285,51.60483169555664,37.82235336303711,56.8344841003418,16.718955993652344,21.419015884399414,15.830924034118652,33.425960540771484,24.1343994140625,43.48102569580078,34.307762145996094,9.14049243927002,13.269976615905762,18.374309539794922,127.8657455444336,35.299991607666016,18.331653594970703,8.387016296386719,21.35993766784668,8.611042976379395,28.324682235717773,41.70344924926758,42.1963005065918,35.63254928588867,9.916699409484863,19.919654846191406,21.507492065429688,29.749664306640625,57.89254379272461
2010-11-19,19.63561248779297,9.208072662353516,41.202049255371094,40.035194396972656,26.35926055908203,41.786346435546875,46.40517044067383,20.48739242553711,20.282175064086914,41.41792297363281,8.804281234741211,14.1101713180542,81.790283203125,22.915775299072266,53.03116989135742,12.756579399108887,13.251503944396973,21.946714401245117,45.32527160644531,34.635643005371094,57.95001983642578,27.797035217285156,50.79014205932617,37.726318359375,57.4722785949707,16.641714096069336,21.585973739624023,15.608377456665039,34.29595184326172,23.933225631713867,43.65709686279297,34.713775634765625,9.109243392944336,13.31543254852295,18.360950469970703,127.34618377685547,35.56532287597656,18.367502212524414,8.470264434814453,21.570926666259766,8.637527465820312,28.402664184570312,42.278499603271484,42.32341003417969,35.483360290527344,9.912694931030273,19.832721710205078,21.38566780090332,29.684446334838867,58.41693878173828
2010-11-22,19.666181564331055,9.407103538513184,41.06649398803711,39.83655548095703,25.757295608520508,41.46665573120117,46.13428497314453,20.638172149658203,20.266407012939453,41.41152572631836,8.715190887451172,14.183594703674316,81.98200988769531,22.834369659423828,52.951290130615234,12.724047660827637,13.249066352844238,21.855331420898438,45.26661682128906,34.545188903808594,57.9706916809082,27.747480392456055,51.141571044921875,37.54798889160156,56.79904556274414,16.589052200317383,21.551183700561523,15.578302383422852,34.350894927978516,23.96791648864746,43.16032409667969,34.28339767456055,8.827994346618652,13.1825590133667,18.000280380249023,123.05216979980469,35.299991607666016,17.966014862060547,8.42863941192627,21.651601791381836,8.751028060913086,28.205434799194336,42.08273696899414,41.667747497558594,35.64402389526367,9.808517456054688,19.839401245117188,21.50139617919922,29.67293930053711,57.87007522583008
2010-11-23,19.1999454498291,9.268110275268555,40.582366943359375,39.149810791015625,25.16871452331543,40.84688186645508,45.194435119628906,20.185855865478516,20.061443328857422,40.89306640625,8.683749198913574,14.076798439025879,80.73585510253906,22.134279251098633,52.6116828918457,12.489863395690918,13.076086044311523,21.728790283203125,44.56816864013672,34.51040267944336,57.02524185180664,27.524478912353516,50.79813003540039,36.76601028442383,55.84233856201172,16.483728408813477,21.56510353088379,15.373796463012695,33.29776382446289,23.641870498657227,42.95914077758789,34.06414794921875,8.663932800292969,12.93079948425293,17.90009880065918,120.5536880493164,34.47990798950195,17.67926025390625,8.16849422454834,21.08688735961914,8.705629348754883,27.76049041748047,41.69733428955078,41.00540542602539,35.265316009521484,9.832557678222656,19.45158576965332,21.312576293945312,29.12436294555664,57.18836975097656
2010-11-24,19.391027450561523,9.45033073425293,40.853485107421875,39.660606384277344,25.5231990814209,40.840362548828125,45.84679412841797,20.383020401000977,20.373613357543945,41.17470932006836,8.746635437011719,14.277036666870117,82.2188720703125,22.582008361816406,52.92466735839844,12.658995628356934,13.158921241760254,21.904539108276367,45.13866424560547,35.073970794677734,58.44693374633789,27.598804473876953,52.24379348754883,36.92378234863281,56.480133056640625,16.48724365234375,21.954662322998047,15.427929878234863,33.5999641418457,23.738985061645508,43.48731231689453,34.916786193847656,8.812371253967285,13.210533142089844,18.107149124145508,122.44856262207031,35.710044860839844,18.03054428100586,8.298567771911621,21.29167366027832,8.709415435791016,28.187074661254883,42.5721321105957,41.93581771850586,35.16777420043945,9.844578742980957,19.71236228942871,21.464860916137695,29.84172821044922,57.105979919433594
2010-11-26,19.29930305480957,9.456335067749023,40.56050491333008,39.29169464111328,25.081762313842773,40.53373718261719,45.36027908325195,20.17426872253418,20.215961456298828,40.89947509765625,8.64182186126709,14.243664741516113,81.14186096191406,22.37849998474121,52.2987174987793,12.678515434265137,13.093138694763184,21.79206085205078,45.000030517578125,34.8791618347168,58.06045913696289,27.393512725830078,51.75657653808594,36.73857879638672,55.98407745361328,16.431066513061523,21.669443130493164,15.367788314819336,33.160396575927734,23.63492774963379,43.260948181152344,34.323974609375,8.687373161315918,12.972758293151855,17.799907684326172,120.88993072509766,35.366329193115234,17.707937240600586,8.37661075592041,20.900712966918945,8.728330612182617,27.89351463317871,42.272369384765625,41.6391716003418,35.368595123291016,9.76043701171875,19.531818389892578,21.38566780090332,29.780351638793945,56.93367385864258
2010-11-29,19.345169067382812,9.51247501373291,40.30659866333008,39.416561126708984,25.35599136352539,40.53373718261719,45.16128158569336,20.116273880004883,20.127052307128906,40.969886779785156,8.678508758544922,14.236989974975586,80.57234191894531,22.15869903564453,52.52017593383789,12.645988464355469,13.119940757751465,21.574138641357422,44.9040641784668,34.739990234375,57.742977142333984,27.32271385192871,51.405147552490234,36.5739631652832,56.58644485473633,16.322229385375977,21.871183395385742,15.289594650268555,33.81059265136719,23.51005744934082,43.356300354003906,35.18474197387695,8.835809707641602,12.958772659301758,18.167253494262695,121.6998062133789,35.17939758300781,17.865650177001953,8.35579776763916,21.595752716064453,8.732110977172852,27.833871841430664,42.74956130981445,41.27509307861328,35.305477142333984,9.788487434387207,19.31116485595703,21.592756271362305,29.84555435180664,56.319358825683594
2010-11-30,19.30694580078125,9.340758323669434,40.07221984863281,39.47898483276367,25.014881134033203,39.84217834472656,44.76323318481445,19.988697052001953,20.05719757080078,41.36671829223633,8.54224967956543,14.123520851135254,79.76598358154297,22.020307540893555,52.5470085144043,12.463848114013672,13.178409576416016,21.40127944946289,44.776100158691406,34.5869255065918,58.384788513183594,27.096181869506836,50.93391036987305,36.141822814941406,56.09038543701172,16.32925033569336,21.56510353088379,15.181328773498535,33.709861755371094,23.35050392150879,43.254600524902344,35.09543228149414,8.554561614990234,12.762958526611328,18.173940658569336,119.56330871582031,35.17336654663086,17.53586769104004,8.293364524841309,21.626781463623047,8.909929275512695,27.599937438964844,42.90249252319336,41.585227966308594,35.512046813964844,9.616192817687988,19.38471221923828,21.519664764404297,29.906936645507812,55.95980453491211
2010-12-01,19.903121948242188,9.49836254119873,40.638633728027344,40.483551025390625,25.51650619506836,40.546775817871094,45.71964645385742,20.330835342407227,20.542987823486328,42.32108688354492,8.751877784729004,14.337119102478027,81.42940521240234,22.50874900817871,53.21141052246094,12.567924499511719,13.327038764953613,22.393070220947266,45.879783630371094,35.40098571777344,60.351661682128906,27.33687973022461,52.491390228271484,36.711158752441406,57.75569152832031,16.50479507446289,22.170310974121094,15.373796463012695,34.79963302612305,23.766733169555664,44.119163513183594,35.9724006652832,8.828248023986816,13.007723808288574,18.387680053710938,121.33226013183594,35.85477066040039,17.865650177001953,8.563910484313965,22.13564682006836,9.02721881866455,28.645790100097656,43.70389175415039,42.711151123046875,35.8390998840332,9.684308052062988,19.719053268432617,21.7084903717041,30.635828018188477,57.03853988647461
2010-12-02,20.552810668945312,9.550897598266602,40.75581359863281,40.56869888305664,26.292381286621094,40.68378448486328,46.7147331237793,20.423608779907227,20.606496810913086,42.043800354003906,8.746635437011719,14.483960151672363,81.86360931396484,22.87507438659668,53.27181625366211,12.502875328063965,13.339214324951172,23.63279151916504,46.125030517578125,35.616695404052734,61.15911865234375,27.524478912353516,53.186279296875,36.93064880371094,59.102176666259766,16.71544647216797,22.246828079223633,15.542208671569824,35.03773498535156,23.759794235229492,44.373470306396484,36.524566650390625,9.133208274841309,13.1825590133667,19.222558975219727,124.4334716796875,37.06680679321289,18.360322952270508,8.730403900146484,22.4086971282959,8.183518409729004,29.219141006469727,43.960838317871094,43.16962814331055,35.39154052734375,9.536059379577637,20.14030647277832,21.720666885375977,30.762409210205078,58.656654357910156
2010-12-03,20.65216636657715,9.529584884643555,40.72978210449219,40.40409851074219,26.4930362701416,40.664207458496094,46.93037796020508,20.470001220703125,20.4794921875,42.02446746826172,8.762359619140625,14.477278709411621,81.97636413574219,23.453062057495117,53.526824951171875,12.40529727935791,13.307541847229004,23.717809677124023,46.354305267333984,35.797576904296875,61.68360137939453,27.59174156188965,53.14634323120117,36.855194091796875,59.456520080566406,16.631181716918945,22.552913665771484,15.584319114685059,34.781314849853516,23.683490753173828,43.979312896728516,36.443363189697266,9.273963928222656,13.025208473205566,19.402894973754883,124.28803253173828,36.976356506347656,18.381839752197266,8.740812301635742,22.87412452697754,7.986781597137451,29.3200626373291,43.92413330078125,42.61675262451172,35.58089828491211,9.540067672729492,20.320850372314453,21.690221786499023,30.996429443359375,58.66416931152344
2010-12-06,20.51458740234375,9.610943794250488,40.49540710449219,40.472206115722656,26.686996459960938,40.48805618286133,46.963523864746094,20.44101333618164,20.317564010620117,41.74073791503906,8.809524536132812,14.483960151672363,81.75648498535156,23.387924194335938,53.40603256225586,12.639486312866211,13.275866508483887,23.618633270263672,46.32232666015625,35.60275650024414,61.55936050415039,27.51738929748535,53.186279296875,36.62882995605469,59.17304992675781,16.473194122314453,22.62249183654785,15.572293281555176,34.396705627441406,23.565561294555664,43.725032806396484,36.54080581665039,9.1019287109375,12.836385726928711,19.19584846496582,124.54835510253906,37.13314437866211,18.310144424438477,8.662766456604004,22.55763053894043,7.805177211761475,29.4393253326416,43.85683822631836,42.960594177246094,35.39154052734375,9.636224746704102,20.160369873046875,21.458751678466797,30.670345306396484,59.21101379394531
2010-12-07,20.537521362304688,9.552699089050293,40.567012786865234,40.55733871459961,26.252254486083984,40.546775817871094,47.70985412597656,20.51059341430664,20.36518669128418,41.70848846435547,8.78856086730957,14.403857231140137,81.20950317382812,23.648426055908203,53.916053771972656,12.6134614944458,13.422051429748535,23.767391204833984,44.888065338134766,35.78366470336914,62.35303497314453,27.66960906982422,52.89874267578125,36.443634033203125,60.342323303222656,16.462661743164062,22.998140335083008,15.536203384399414,33.91132736206055,23.662677764892578,44.15094757080078,36.36216354370117,9.047192573547363,12.993739128112793,19.01551055908203,123.73661041259766,37.44670867919922,18.39617347717285,8.615941047668457,22.476957321166992,7.824095726013184,29.526472091674805,43.85683822631836,43.40559768676758,35.540733337402344,9.636224746704102,20.173748016357422,21.343032836914062,30.862144470214844,60.993934631347656
2010-12-08,20.81267738342285,9.636760711669922,40.658164978027344,40.7786865234375,26.92778205871582,40.85994338989258,47.621395111083984,20.527997970581055,20.44456672668457,41.676239013671875,8.762359619140625,14.564044952392578,81.75083923339844,23.79495620727539,52.84230422973633,12.587441444396973,13.349292755126953,24.107431411743164,45.149322509765625,35.741905212402344,61.849246978759766,27.83951187133789,52.060089111328125,36.54651641845703,60.37775421142578,16.406490325927734,23.165090560913086,15.578302383422852,33.81974792480469,23.801420211791992,43.6932487487793,37.052391052246094,9.383432388305664,13.063672065734863,19.616636276245117,127.22083282470703,37.28992462158203,18.976879119873047,8.683581352233887,22.63210105895996,7.854360580444336,29.63656234741211,44.05259704589844,43.39209747314453,35.917728424072266,9.776464462280273,20.026636123657227,21.580585479736328,30.62814712524414,60.38715362548828
2010-12-09,20.69802474975586,9.599233627319336,40.40424346923828,40.86381912231445,27.295644760131836,41.016510009765625,47.90333557128906,20.684553146362305,20.584266662597656,41.734275817871094,8.783318519592285,14.557377815246582,81.36740112304688,23.819387435913086,52.08397674560547,12.815119743347168,13.312541961669922,24.312881469726562,44.84541702270508,35.72105407714844,61.88374710083008,27.67668914794922,51.60483169555664,36.62882995605469,60.69666290283203,16.546926498413086,23.366823196411133,15.578302383422852,34.45164489746094,24.051156997680664,43.42622375488281,37.198543548583984,9.891700744628906,12.934294700622559,20.08416748046875,127.45817565917969,37.651729583740234,19.14893913269043,8.719999313354492,22.57004737854004,7.854360580444336,29.66408348083496,44.682701110839844,42.886436462402344,35.94673156738281,9.852593421936035,20.354290008544922,21.726757049560547,30.708721160888672,60.34219741821289
2010-12-10,20.896759033203125,9.623248100280762,40.30659866333008,40.96598434448242,27.710329055786133,41.231788635253906,48.1134033203125,20.870128631591797,20.527118682861328,41.850364685058594,8.919575691223145,14.624120712280273,81.66060638427734,24.372949600219727,52.0504035949707,12.815119743347168,13.297842979431152,24.36954689025879,44.95738983154297,36.16634750366211,62.070068359375,27.68377113342285,51.24541091918945,36.964935302734375,62.787227630615234,16.718955993652344,23.408565521240234,15.662508010864258,34.47911071777344,24.266206741333008,43.76316833496094,37.563934326171875,10.008993148803711,13.15108871459961,20.217756271362305,129.00498962402344,38.1665153503418,19.320999145507812,8.704388618469238,22.607276916503906,7.812745571136475,29.6228084564209,44.5909309387207,43.257266998291016,35.78432846069336,9.956768989562988,20.775541305541992,21.74504280090332,31.0347900390625,61.53330612182617
2010-12-13,20.82796287536621,9.656570434570312,40.274044036865234,41.06813049316406,27.76383399963379,41.225284576416016,48.854217529296875,21.157304763793945,20.590620040893555,42.25661087036133,9.008667945861816,14.350461959838867,81.35612487792969,24.76369285583496,51.748409271240234,12.73705768585205,13.280692100524902,24.482900619506836,45.47990417480469,36.18024826049805,63.23638916015625,28.087282180786133,50.94988250732422,37.1158447265625,62.43287658691406,16.6698055267334,23.478130340576172,15.794838905334473,34.34174728393555,24.2592716217041,43.62332534790039,37.65326690673828,9.805686950683594,12.878348350524902,20.184356689453125,129.77841186523438,38.42692184448242,19.313827514648438,8.569114685058594,22.613481521606445,7.986781597137451,30.031044006347656,44.51753234863281,43.149391174316406,35.74951934814453,9.912694931030273,20.521455764770508,21.915586471557617,30.86598777770996,61.361026763916016
2010-12-14,21.110767364501953,9.615140914916992,40.86648941040039,40.96598434448242,27.282268524169922,41.46013259887695,48.85974884033203,21.421035766601562,20.28898048400879,42.29530334472656,8.966741561889648,14.330434799194336,82.22447204589844,24.836959838867188,51.748409271240234,12.711037635803223,13.339491844177246,24.596254348754883,45.7678108215332,36.549007415771484,63.55384063720703,28.593467712402344,51.50897979736328,38.93357467651367,62.680908203125,16.869930267333984,23.70769691467285,15.96926498413086,34.0212287902832,24.342512130737305,44.51332473754883,37.515220642089844,9.696215629577637,13.01121997833252,19.917198181152344,128.13206481933594,38.021148681640625,19.091590881347656,8.54310131072998,22.805858612060547,7.945162296295166,30.113603591918945,44.413536071777344,43.628074645996094,35.964111328125,9.93272590637207,20.434524536132812,22.195775985717773,31.199748992919922,61.832950592041016
2010-12-15,21.28656768798828,9.617244720458984,40.736289978027344,40.7786865234375,26.894346237182617,41.51884841918945,48.65520095825195,21.48550033569336,20.555686950683594,42.0695915222168,8.951019287109375,14.203619003295898,81.60419464111328,24.820674896240234,51.661190032958984,12.665502548217773,13.285595893859863,24.645835876464844,45.75181579589844,35.86020278930664,64.26467895507812,28.66779327392578,51.30930709838867,38.18590545654297,61.97222900390625,16.894502639770508,23.54073715209961,16.0294132232666,33.728172302246094,24.370271682739258,44.32261657714844,37.45027160644531,9.610198974609375,13.046189308166504,19.89715576171875,126.50867462158203,37.97270584106445,18.78331184387207,8.610733985900879,23.041675567626953,8.0889310836792,29.870506286621094,44.19939422607422,42.98082733154297,35.95249938964844,9.916699409484863,20.207172393798828,22.15923309326172,31.495134353637695,61.09880828857422
2010-12-16,21.393573760986328,9.643959045410156,40.6256103515625,40.988670349121094,26.760570526123047,42.07990264892578,49.23568344116211,21.591001510620117,20.746196746826172,42.398475646972656,9.024389266967773,14.21696662902832,81.50834655761719,24.64158821105957,51.479976654052734,12.847648620605469,13.383584022521973,24.879615783691406,46.06638717651367,37.16130065917969,64.31990814208984,28.735050201416016,51.43708419799805,38.84440231323242,62.964378356933594,17.04898452758789,24.041603088378906,16.071516036987305,33.27943801879883,24.404953002929688,44.735816955566406,36.191654205322266,9.79004955291748,13.23500919342041,20.050777435302734,125.93435668945312,37.936363220214844,18.647096633911133,8.725202560424805,23.40781021118164,8.168384552001953,30.12278938293457,45.1231689453125,43.53368377685547,36.09170913696289,10.00084400177002,20.294103622436523,22.287137985229492,31.249610900878906,61.638179779052734
2010-12-17,21.324771881103516,9.624750137329102,40.71675491333008,40.960296630859375,26.533151626586914,42.28215408325195,48.920562744140625,21.380002975463867,20.860502243041992,42.54033279418945,8.92481803894043,14.323760032653809,81.76207733154297,25.61031150817871,51.547080993652344,12.71753978729248,13.32968807220459,24.865436553955078,46.050392150878906,36.86906433105469,63.89891815185547,28.67133140563965,51.94028091430664,39.38627243041992,62.71636199951172,16.992815017700195,23.930301666259766,15.933175086975098,33.60912322998047,24.287023544311523,44.54511260986328,35.736907958984375,9.82914924621582,13.00422477722168,20.01070213317871,125.61274719238281,38.148338317871094,18.811992645263672,8.740812301635742,23.32093620300293,8.210002899169922,29.842975616455078,44.69492721557617,43.23030090332031,36.387481689453125,10.01286506652832,20.080127716064453,22.15923309326172,31.460613250732422,61.0913200378418
2010-12-20,21.255983352661133,9.672780990600586,40.68421173095703,40.988670349121094,26.720434188842773,42.38655471801758,49.09195327758789,21.391727447509766,20.736675262451172,42.75959396362305,8.998188018798828,14.170247077941895,81.48580932617188,25.781267166137695,51.620880126953125,12.763077735900879,13.172896385192871,24.936283111572266,46.567569732666016,36.81341552734375,64.38892364501953,28.473121643066406,50.534542083740234,39.54403305053711,62.71636199951172,16.94717025756836,23.90247917175293,15.94520378112793,33.664058685302734,24.30783462524414,44.27810287475586,34.51076889038086,9.868246078491211,13.00422477722168,20.10420799255371,127.15188598632812,38.37240982055664,18.826324462890625,8.766824722290039,23.134756088256836,8.228919982910156,30.269582748413086,44.49917221069336,43.20333480834961,36.56729507446289,10.084982872009277,20.227235794067383,22.10440444946289,31.594873428344727,61.85542678833008
2010-12-21,21.454713821411133,9.73252010345459,40.586551666259766,41.27245330810547,27.4227237701416,42.32129669189453,49.32966995239258,21.204181671142578,20.7938175201416,42.17277908325195,9.10824203491211,14.083474159240723,82.17936706542969,25.854530334472656,51.58063888549805,12.704533576965332,13.14350414276123,24.851266860961914,46.13569259643555,37.244781494140625,65.30677795410156,28.281967163085938,51.26937484741211,39.36571502685547,63.42501449584961,16.85237693786621,23.985950469970703,15.854987144470215,33.883853912353516,24.377206802368164,44.373470306396484,35.103546142578125,10.149744987487793,12.783934593200684,20.585107803344727,128.82122802734375,38.92353439331055,19.256484985351562,8.839666366577148,22.85550880432129,8.213784217834473,30.56313705444336,44.58481216430664,43.48649978637695,36.555694580078125,10.117039680480957,20.160369873046875,21.580585479736328,31.640907287597656,63.271263122558594
2010-12-22,21.54644203186035,9.76133918762207,40.378211975097656,41.31785583496094,28.198593139648438,42.37348937988281,49.711124420166016,21.227630615234375,20.82557487487793,42.35333251953125,9.2025728225708,13.943309783935547,82.29781341552734,25.773122787475586,51.681312561035156,12.724047660827637,13.060209274291992,24.922117233276367,46.23700714111328,37.37697219848633,65.26536560058594,28.643016815185547,51.60483169555664,39.06389617919922,64.4963607788086,16.796205520629883,24.312902450561523,15.842945098876953,33.56333923339844,24.4188175201416,44.0873908996582,34.76250076293945,10.46252727508545,12.707011222839355,20.912382125854492,129.87034606933594,39.5897331237793,19.64362144470215,8.839666366577148,24.109046936035156,8.240270614624023,30.746618270874023,44.57258224487305,43.91124725341797,36.64848709106445,10.12104320526123,20.454587936401367,21.690221786499023,31.702281951904297,62.889225006103516
2010-12-23,21.63050651550293,9.714509963989258,40.52794647216797,41.54488754272461,28.14508056640625,42.56269836425781,50.13126754760742,21.268657684326172,20.822402954101562,42.35978698730469,9.228775024414062,13.90993881225586,82.26393127441406,25.675434112548828,51.64777374267578,12.808623313903809,13.131253242492676,24.858354568481445,46.10371017456055,37.17521286010742,65.18253326416016,28.504962921142578,51.96424865722656,38.89927291870117,64.42493438720703,16.78566551208496,24.14595603942871,15.830924034118652,33.545021057128906,24.43964195251465,44.02381896972656,34.72999954223633,10.212306022644043,12.679035186767578,20.698657989501953,128.33880615234375,39.00226974487305,19.650789260864258,8.730403900146484,24.320045471191406,8.217567443847656,30.769559860229492,44.4930534362793,43.74269104003906,36.66588592529297,10.10883903503418,20.200489044189453,21.7694034576416,31.763662338256836,62.612056732177734
2010-12-27,21.454713821411133,9.746928215026855,40.31962203979492,41.43703842163086,28.53970718383789,42.19082260131836,49.821685791015625,21.233497619628906,20.660472869873047,42.18566131591797,9.165886878967285,13.90993881225586,81.95379638671875,25.773122787475586,51.29207229614258,13.114354133605957,13.123900413513184,24.96462631225586,46.39162826538086,37.14737319946289,64.9203109741211,28.462491989135742,51.71664047241211,38.71406555175781,64.96060943603516,16.63469696044922,24.104219436645508,15.939193725585938,33.47175979614258,24.328641891479492,44.06196212768555,34.95737838745117,10.376514434814453,12.731488227844238,20.845600128173828,130.04641723632812,39.20212936401367,19.722475051879883,8.777231216430664,24.17731475830078,8.300806045532227,30.801654815673828,44.5420036315918,43.580867767333984,36.62528610229492,10.047822952270508,20.12024688720703,21.732858657836914,31.848066329956055,62.604583740234375
2010-12-28,21.408857345581055,9.770646095275879,40.39775085449219,41.66975021362305,28.499574661254883,42.24954605102539,50.41322708129883,21.215909957885742,20.752546310424805,42.095401763916016,9.218293190002441,13.936634063720703,82.16246795654297,25.699861526489258,51.29207229614258,13.237953186035156,13.165553092956543,24.858354568481445,46.2476692199707,37.230873107910156,64.65804290771484,28.593467712402344,51.80451202392578,38.384830474853516,65.42487335205078,16.638202667236328,24.173786163330078,15.993322372436523,33.51753616333008,24.314760208129883,44.23360824584961,34.74624252319336,10.431248664855957,12.665047645568848,20.838916778564453,129.5563507080078,38.990150451660156,19.830015182495117,8.704388618469238,24.493803024291992,8.225132942199707,30.985145568847656,44.5420036315918,43.69549560546875,36.75868606567383,10.068159103393555,19.912965774536133,21.678037643432617,32.16646194458008,62.58208084106445
2010-12-29,21.378284454345703,9.765240669250488,40.4498291015625,41.64136505126953,28.332353591918945,42.01467514038086,50.512733459472656,21.22177505493164,20.781131744384766,42.127647399902344,9.223532676696777,13.976682662963867,82.61919403076172,25.642873764038086,51.66788101196289,13.172901153564453,13.248844146728516,24.716670989990234,46.258323669433594,37.084747314453125,64.72018432617188,28.480182647705078,51.95626449584961,38.323097229003906,65.24633026123047,16.64874267578125,24.27812957763672,15.96926498413086,33.462589263916016,24.384143829345703,43.94752502441406,34.80309295654297,10.407790184020996,12.727987289428711,20.71869659423828,128.3617706298828,38.70551681518555,19.55758285522461,8.70959186553955,24.50000762939453,8.315937995910645,31.159452438354492,44.46247100830078,43.74269104003906,36.63107681274414,10.051891326904297,19.892898559570312,21.574487686157227,32.304569244384766,62.672367095947266
2010-12-30,21.28656768798828,9.716310501098633,40.32612609863281,41.63570022583008,28.245407104492188,41.93638610839844,50.63986587524414,21.10455322265625,20.79700469970703,41.99222183227539,9.165886878967285,14.030077934265137,82.70378112792969,25.471927642822266,51.51353073120117,13.159890174865723,13.246394157409668,24.695423126220703,46.14103698730469,36.84820556640625,64.78229522705078,28.423553466796875,51.92431640625,38.089866638183594,64.96060943603516,16.701404571533203,24.34769630432129,15.909114837646484,33.197021484375,24.29395294189453,43.667823791503906,34.518890380859375,10.384334564208984,12.679035186767578,20.585107803344727,128.36944580078125,38.89326858520508,19.593429565429688,8.683581352233887,24.351070404052734,8.391611099243164,31.191558837890625,44.46247100830078,43.446048736572266,36.561492919921875,10.007142066955566,19.99320411682129,21.623220443725586,32.16646194458008,62.66485595703125
2010-12-31,21.332420349121094,9.683286666870117,40.26752853393555,41.499488830566406,28.372495651245117,41.96902847290039,50.44639205932617,21.12213706970215,20.882722854614258,42.127647399902344,9.176370620727539,14.036755561828613,82.7545166015625,25.480064392089844,51.51353073120117,13.159890174865723,13.2121000289917,24.837116241455078,46.01308059692383,36.987342834472656,64.63735961914062,28.44832420349121,52.123985290527344,37.6577262878418,65.31775665283203,16.82077407836914,24.187694549560547,15.927162170410156,33.572486877441406,24.30783462524414,44.44340133666992,34.851802825927734,10.431248664855957,12.672041893005371,20.698657989501953,128.76759338378906,39.08706283569336,19.50739860534668,8.735611915588379,24.17731475830078,8.459710121154785,31.23741912841797,44.40129852294922,43.67525863647461,36.561492919921875,10.015277862548828,20.113561630249023,21.678037643432617,32.250850677490234,62.476768493652344
2011-01-03,21.385923385620117,9.893728256225586,40.8990478515625,42.31107711791992,29.148353576660156,42.25605773925781,50.827850341796875,21.12213706970215,20.708093643188477,42.398475646972656,9.265460014343262,13.916610717773438,83.16053771972656,25.740562438964844,51.40616226196289,13.329025268554688,13.36644172668457,25.01421356201172,46.27432632446289,37.717918395996094,64.97553253173828,28.24302864074707,53.03452682495117,38.10359191894531,65.28204345703125,16.789180755615234,24.382476806640625,15.987310409545898,34.63479995727539,24.28008270263672,44.417964935302734,35.241580963134766,11.095908164978027,12.790931701660156,21.092727661132812,132.5121307373047,39.83803176879883,20.238658905029297,8.974937438964844,24.400714874267578,8.327285766601562,31.301639556884766,44.62765121459961,43.924720764160156,36.323699951171875,9.966466903686523,20.327533721923828,21.623220443725586,32.48870086669922,62.882991790771484
2011-01-04,21.470003128051758,9.945364952087402,41.24410629272461,42.50973129272461,29.57019805908203,42.37348937988281,50.63986587524414,21.30381965637207,20.27945899963379,42.17922592163086,9.427918434143066,14.116850852966309,83.25074768066406,25.626596450805664,49.86934280395508,13.348542213439941,13.417885780334473,24.56081771850586,46.21034622192383,37.21001434326172,64.67185974121094,28.204092025756836,53.4658203125,38.92671585083008,66.46056365966797,16.94717025756836,24.361604690551758,15.939193725585938,34.323421478271484,24.300888061523438,44.697689056396484,35.68819808959961,11.135007858276367,12.934294700622559,21.13947868347168,132.5351104736328,38.929595947265625,20.410724639892578,9.042576789855957,24.605506896972656,8.210002899169922,31.13650894165039,44.52976989746094,44.066314697265625,36.48030471801758,9.921710968017578,20.314167022705078,21.738948822021484,32.00532531738281,62.45418167114258
2011-01-05,21.401214599609375,10.026721954345703,41.21807861328125,42.39622497558594,29.931800842285156,42.27565383911133,50.55142593383789,21.426904678344727,20.1588134765625,42.94013977050781,9.49080753326416,13.976682662963867,82.91808319091797,25.268415451049805,50.1042366027832,13.511170387268066,13.32968807220459,24.482900619506836,46.21034622192383,37.8292350769043,65.23088073730469,28.0271053314209,53.897132873535156,38.912994384765625,66.56768035888672,16.94717025756836,24.619003295898438,15.8721923828125,34.433319091796875,24.127471923828125,45.721195220947266,36.723697662353516,11.338313102722168,13.123113632202148,21.620370864868164,133.23956298828125,39.46255874633789,20.66880989074707,9.307924270629883,24.946815490722656,8.266755104064941,30.985145568847656,44.59707260131836,44.29553985595703,36.60207748413086,9.95832633972168,20.40777587890625,22.3054141998291,32.1856575012207,63.37199020385742
2011-01-06,22.027963638305664,10.018616676330566,41.152957916259766,42.66862869262695,29.784486770629883,42.20388412475586,50.13681411743164,21.719928741455078,20.012746810913086,43.10132598876953,9.52749252319336,13.863207817077637,83.82589721679688,25.374238967895508,49.80223083496094,13.62825870513916,13.219451904296875,24.383718490600586,45.927772521972656,37.8222770690918,64.5545425415039,27.86074447631836,54.95143508911133,38.78951644897461,66.281982421875,16.912059783935547,24.368558883666992,15.738205909729004,35.72457504272461,24.238460540771484,46.52220916748047,36.47092819213867,11.291396141052246,13.116128921508789,21.473432540893555,131.86888122558594,39.46255874633789,20.647300720214844,9.47961711883545,25.02128791809082,8.175955772399902,30.719104766845703,44.346229553222656,45.30685806274414,36.54989242553711,9.999006271362305,21.19011688232422,22.072174072265625,32.070560455322266,63.379493713378906
2011-01-07,21.859813690185547,10.090359687805176,40.75581359863281,42.90132522583008,29.22200584411621,42.07990264892578,50.41322708129883,21.889890670776367,19.977821350097656,42.81117248535156,9.61133861541748,13.789785385131836,83.41429138183594,25.26026725769043,49.90959167480469,13.641273498535156,13.248844146728516,24.355390548706055,45.97574234008789,37.7805290222168,64.68567657470703,27.726247787475586,55.41469192504883,39.08447265625,65.81774139404297,16.98227310180664,24.382476806640625,15.71384334564209,36.09088897705078,24.210716247558594,46.80827331542969,36.16925048828125,11.142827033996582,13.112625122070312,21.039295196533203,130.70498657226562,39.14155578613281,20.21715545654297,9.505627632141113,24.872343063354492,8.172168731689453,30.783313751220703,44.138240814208984,45.88667678833008,36.53248977661133,9.921710968017578,21.36397361755371,21.863483428955078,31.579519271850586,63.44717788696289
2011-01-10,21.569358825683594,10.280388832092285,40.46936798095703,42.640262603759766,29.061309814453125,41.98857498168945,49.98200225830078,21.801982879638672,20.022275924682617,42.5919303894043,9.569416046142578,13.809812545776367,83.25074768066406,25.268415451049805,49.366024017333984,13.524184226989746,13.163100242614746,24.36246681213379,46.46625900268555,37.5022087097168,64.45101928710938,27.57048988342285,55.183048248291016,38.71406555175781,66.10343170166016,16.831310272216797,24.472915649414062,15.67729377746582,35.97184753417969,23.926298141479492,46.7828483581543,36.25077438354492,11.260119438171387,12.818901062011719,20.838916778564453,129.9927978515625,39.20212936401367,20.109615325927734,9.526445388793945,25.41224479675293,8.145684242248535,30.677814483642578,44.13211441040039,45.12480163574219,36.486087799072266,9.860695838928223,21.45758628845215,21.99851417541504,31.679258346557617,63.627769470214844
2011-01-11,21.485292434692383,10.256072044372559,40.540977478027344,42.958099365234375,29.195236206054688,41.779815673828125,50.76701354980469,21.655467987060547,19.90479278564453,42.77246856689453,9.548452377319336,14.050102233886719,83.0477523803711,25.22770118713379,49.594200134277344,13.582728385925293,13.300293922424316,24.695423126220703,46.78083419799805,37.571807861328125,64.83749389648438,27.68377113342285,55.079227447509766,38.54259490966797,66.53194427490234,16.796205520629883,24.57725715637207,15.59812068939209,36.173316955566406,24.2176456451416,46.821006774902344,36.723697662353516,11.486886978149414,12.997234344482422,20.972496032714844,129.68649291992188,39.49283218383789,20.045089721679688,9.510836601257324,25.33777618408203,8.115415573120117,31.269533157348633,43.89353942871094,44.78097152709961,36.41068649291992,9.791544914245605,21.53782081604004,22.13355255126953,31.468263626098633,64.44023132324219
2011-01-12,21.82158851623535,10.33952808380127,40.69071960449219,43.46321105957031,29.938495635986328,42.38655471801758,51.10979461669922,21.772674560546875,20.01592445373535,43.030418395996094,9.62706184387207,14.21696662902832,84.0739974975586,25.18700408935547,49.392845153808594,13.738849639892578,13.437481880187988,24.674169540405273,47.271366119384766,38.072757720947266,64.52001953125,27.75455665588379,56.02967834472656,38.995296478271484,66.67477416992188,16.85997772216797,24.21552276611328,15.805197715759277,36.00845718383789,24.300888061523438,47.19607925415039,36.69107437133789,11.72146987915039,13.22452163696289,21.379920959472656,131.4553985595703,40.34069061279297,20.582778930664062,9.73455810546875,25.5673828125,8.228919982910156,31.508073806762695,44.015899658203125,45.11806869506836,37.0428581237793,9.787471771240234,21.771862030029297,22.501829147338867,31.84422492980957,65.78678131103516
2011-01-13,21.54644203186035,10.377351760864258,40.9576416015625,43.53699493408203,29.764392852783203,42.71928405761719,50.96052551269531,20.330934524536133,20.130224227905273,43.14649200439453,9.548452377319336,14.210296630859375,83.91610717773438,25.382375717163086,48.76874542236328,13.712828636169434,13.422784805297852,24.98587417602539,46.9407844543457,37.98231506347656,64.96862030029297,27.719152450561523,55.77410888671875,38.631778717041016,66.4248275756836,16.785568237304688,24.250301361083984,15.774751663208008,36.20078659057617,24.210716247558594,46.94178009033203,36.73999786376953,11.549443244934082,13.329422950744629,21.299772262573242,131.37879943847656,40.41943359375,20.288850784301758,9.718947410583496,25.84042739868164,8.141901016235352,30.852115631103516,44.19939422607422,44.84838104248047,36.886268615722656,9.811881065368652,22.219867706298828,22.29927635192871,31.663923263549805,67.306396484375
2011-01-14,21.63050651550293,10.461410522460938,40.7232666015625,44.1783332824707,30.072416305541992,42.75189208984375,51.319881439208984,20.061338424682617,20.044498443603516,43.06265640258789,9.61133861541748,14.07012939453125,84.58148956298828,25.480220794677734,49.70155334472656,13.797398567199707,13.427687644958496,25.42508888244629,46.9727783203125,38.281490325927734,64.87890625,27.719152450561523,55.965797424316406,38.755226135253906,67.21051025390625,16.615478515625,24.403345108032227,15.738205909729004,36.658668518066406,24.2176456451416,47.36137008666992,37.71026611328125,11.924781799316406,13.364391326904297,21.874183654785156,134.0052947998047,41.000831604003906,20.776348114013672,9.703344345092773,25.716318130493164,8.1116304397583,31.063098907470703,44.340118408203125,45.327091217041016,36.90947341918945,9.828150749206543,22.4070987701416,21.97395896911621,31.89407730102539,67.34400177001953
2011-01-18,21.90566635131836,10.22635269165039,40.430294036865234,44.672096252441406,29.965282440185547,42.73231506347656,51.607330322265625,19.85035514831543,20.1556339263916,42.9272346496582,9.632305145263672,14.07012939453125,84.94800567626953,25.708524703979492,50.11766052246094,13.803900718688965,13.50853157043457,25.51718521118164,46.99412155151367,38.1005859375,66.7232666015625,27.751020431518555,57.8827018737793,39.297119140625,66.4248275756836,16.725332260131836,24.445083618164062,15.689474105834961,37.6751823425293,24.1343994140625,48.658241271972656,37.8081169128418,11.729291915893555,13.532232284545898,21.700519561767578,133.76026916503906,41.09772491455078,20.611461639404297,9.729355812072754,26.045217514038086,8.107851028442383,31.23284339904785,44.67047882080078,46.736175537109375,37.04866027832031,9.795604705810547,22.547517776489258,22.00465202331543,31.913267135620117,68.1564712524414
2011-01-19,21.760448455810547,10.172017097473145,40.72978210449219,44.40534973144531,29.26888084411621,42.950523376464844,51.39728927612305,19.87380027770996,20.136577606201172,42.49519729614258,9.600862503051758,14.023404121398926,87.78992462158203,25.765592575073242,50.567283630371094,13.543697357177734,13.481584548950195,25.240903854370117,46.89814758300781,37.80835723876953,66.24485778808594,27.96339988708496,57.291656494140625,39.08447265625,65.46061706542969,16.771394729614258,24.085556030273438,15.59812068939209,37.00667190551758,24.03728675842285,49.370235443115234,36.88676834106445,11.236659049987793,13.339913368225098,21.246341705322266,127.48880004882812,39.983375549316406,19.894533157348633,9.31312370300293,25.617027282714844,8.1381196975708,31.086055755615234,44.15660858154297,46.47325134277344,37.14725112915039,9.758996963500977,22.68794059753418,22.047616958618164,31.75983428955078,67.25373077392578
2011-01-20,21.668731689453125,9.987093925476074,40.92509841918945,44.12724685668945,29.965282440185547,43.24629211425781,51.25352478027344,19.955846786499023,19.981000900268555,42.49519729614258,9.558938980102539,13.983360290527344,87.85195922851562,26.344520568847656,50.439781188964844,13.511170387268066,13.716771125793457,25.850143432617188,46.9407844543457,37.975345611572266,64.9066390991211,27.95986557006836,56.804447174072266,39.31083679199219,65.81774139404297,16.9946346282959,24.651033401489258,15.732108116149902,37.40961837768555,24.10665512084961,50.425533294677734,36.911231994628906,11.36959457397461,13.346902847290039,21.299772262573242,126.87621307373047,39.74720001220703,20.805023193359375,9.250690460205078,25.82181739807129,8.168384552001953,30.829177856445312,44.45024490356445,47.181156158447266,37.43143844604492,9.779335021972656,22.326854705810547,22.784170150756836,31.211252212524414,67.14842987060547
2011-01-21,21.416501998901367,9.808174133300781,40.79487991333008,44.82532501220703,30.32686424255371,43.318572998046875,51.8450813293457,19.867931365966797,19.930192947387695,42.47585678100586,9.621825218200684,13.896591186523438,87.68279266357422,26.507587432861328,50.33911895751953,13.485151290893555,13.653071403503418,25.86431312561035,47.60725784301758,37.91272735595703,64.31034851074219,28.15229034423828,57.251708984375,39.07761764526367,70.49602508544922,16.980457305908203,24.720844268798828,15.8721923828125,37.51951217651367,24.113588333129883,50.36198043823242,37.506446838378906,11.142827033996582,13.353899955749512,21.71388053894043,127.26673126220703,40.122676849365234,21.5147762298584,9.33913803100586,25.871469497680664,8.157033920288086,31.03559684753418,44.5909309387207,46.87775802612305,37.280643463134766,9.799677848815918,22.366979598999023,22.391340255737305,31.51430892944336,67.13339233398438
2011-01-24,21.6916561126709,10.130287170410156,40.5084114074707,44.60401153564453,30.146087646484375,43.75893783569336,52.0219841003418,19.809329986572266,20.08260154724121,42.67575454711914,9.668990135192871,14.176918983459473,90.01162719726562,26.417898178100586,50.5874137878418,13.771377563476562,13.731468200683594,25.96348762512207,48.15644454956055,38.5250129699707,65.572265625,28.451629638671875,58.09038543701172,39.297119140625,71.56739807128906,17.069047927856445,24.42763328552246,15.835646629333496,37.09823989868164,24.127471923828125,49.60544204711914,37.335208892822266,10.884782791137695,13.395857810974121,21.84078025817871,127.34336853027344,40.28617477416992,21.328371047973633,9.328733444213867,25.74734878540039,8.210002899169922,31.23741912841797,44.78670120239258,46.45976257324219,37.100868225097656,9.933919906616211,22.346921920776367,22.329967498779297,31.959299087524414,67.79537963867188
2011-01-25,21.745153427124023,10.248870849609375,39.766231536865234,44.655059814453125,30.04563331604004,43.83779525756836,52.01093292236328,19.55146026611328,19.990520477294922,42.41135787963867,9.679471015930176,14.383832931518555,91.03221893310547,26.328205108642578,50.6545295715332,14.012063980102539,14.027898788452148,26.324779510498047,47.186058044433594,38.53196716308594,65.44745635986328,28.551420211791992,57.69900131225586,39.207942962646484,71.35311889648438,16.9946346282959,24.546310424804688,15.853925704956055,38.11475372314453,24.092784881591797,50.2666130065918,36.52800750732422,10.658015251159668,13.343406677246094,21.84078025817871,124.0352783203125,40.47393798828125,21.034439086914062,9.307924270629883,25.592206954956055,8.191081047058105,30.953033447265625,44.55424118041992,46.864280700683594,38.05201721191406,9.881033897399902,22.293424606323242,22.090585708618164,32.062889099121094,67.24620819091797
2011-01-26,21.997394561767578,10.322412490844727,39.45371627807617,45.21126937866211,30.119293212890625,43.450035095214844,52.32051467895508,19.45768928527832,19.990520477294922,42.46939468383789,9.621825218200684,14.51732349395752,90.806640625,26.54834747314453,50.44648361206055,13.933999061584473,14.04259967803955,26.508981704711914,47.75654602050781,38.80331039428711,66.39044189453125,28.508649826049805,55.92586898803711,38.74150848388672,71.13885498046875,16.56587028503418,24.853487014770508,15.793012619018555,38.5177001953125,24.245399475097656,49.83433151245117,36.25077438354492,10.595460891723633,13.867915153503418,21.673805236816406,123.52234649658203,40.75252151489258,20.797855377197266,9.557660102844238,25.623239517211914,8.175955772399902,31.764928817749023,44.57871627807617,46.39235305786133,37.77363586425781,9.872899055480957,22.346921920776367,21.8941650390625,32.52708053588867,68.44988250732422
2011-01-27,22.066177368164062,10.303205490112305,39.50581359863281,45.33613586425781,30.199644088745117,42.181556701660156,52.38132858276367,19.48698616027832,19.907976150512695,42.27594757080078,9.684712409973145,14.51732349395752,90.82357788085938,26.84188461303711,49.89617919921875,13.947014808654785,14.103851318359375,26.905683517456055,47.5539436340332,38.907691955566406,67.00061798095703,27.578556060791016,56.357154846191406,38.74150848388672,72.42450714111328,16.434757232666016,24.93029022216797,16.048826217651367,38.96643829345703,24.60613250732422,50.28569793701172,36.31600570678711,10.689292907714844,13.616151809692383,21.70720672607422,125.60514068603516,41.224918365478516,21.437021255493164,9.7761812210083,25.486713409423828,8.1381196975708,31.829153060913086,44.60319519042969,46.66876220703125,37.77363586425781,9.730522155761719,22.353609085083008,21.722299575805664,32.193321228027344,68.44233703613281
2011-01-28,21.210132598876953,10.089759826660156,39.0695915222168,44.83100509643555,29.824668884277344,42.1947021484375,51.618408203125,19.381502151489258,19.75239372253418,41.527931213378906,9.511768341064453,14.323760032653809,89.7747802734375,26.091751098632812,49.1781005859375,13.615251541137695,13.890711784362793,25.99890899658203,46.62089157104492,38.490211486816406,66.3418960571289,27.436010360717773,55.29487609863281,37.92524337768555,72.13880920410156,16.119388580322266,24.294981002807617,15.707749366760254,37.78508377075195,24.120529174804688,49.71353530883789,35.76156997680664,10.634557723999023,13.360891342163086,21.266380310058594,123.87447357177734,39.88041305541992,20.85531234741211,8.465058326721191,25.046110153198242,8.054883003234863,32.36582946777344,43.26955032348633,45.56305694580078,37.54164505004883,9.677638053894043,21.905597686767578,21.446096420288086,31.92861557006836,66.88512420654297
2011-01-31,21.19483757019043,10.18642520904541,38.9133415222168,45.79018020629883,30.092506408691406,41.491458892822266,52.48085021972656,19.440099716186523,19.95559310913086,41.46989822387695,9.548452377319336,14.323760032653809,91.34799194335938,26.1162109375,49.439823150634766,13.758366584777832,13.736368179321289,26.048505783081055,46.8768196105957,38.970306396484375,67.26409912109375,27.357601165771484,55.49454116821289,37.781211853027344,71.92453002929688,16.00244903564453,23.876110076904297,15.336221694946289,38.48107147216797,24.120529174804688,50.60353088378906,35.37019729614258,10.736210823059082,13.420334815979004,21.653766632080078,125.29116821289062,39.922813415527344,21.11384391784668,8.298567771911621,25.095754623413086,8.0964994430542,32.778648376464844,43.814022064208984,46.72270202636719,37.54164505004883,9.563737869262695,21.845415115356445,21.34788703918457,32.331424713134766,68.38214874267578
2011-02-01,21.393573760986328,10.357844352722168,39.47325134277344,47.62336349487305,30.755428314208984,41.35343933105469,53.19399642944336,19.92654037475586,20.019088745117188,41.94708251953125,10.072517395019531,14.337119102478027,92.2276382446289,27.102802276611328,49.305633544921875,13.966529846191406,13.800066947937012,26.204345703125,46.8075065612793,39.61736297607422,67.9574966430664,27.336233139038086,56.14152145385742,38.213321685791016,74.28152465820312,16.027263641357422,24.399696350097656,15.391031265258789,39.296119689941406,24.425765991210938,51.23290252685547,35.549583435058594,11.189743041992188,13.462296485900879,22.335046768188477,126.60053253173828,40.70406723022461,21.487287521362305,8.267350196838379,26.206571578979492,8.206220626831055,32.89332962036133,45.630916595458984,47.37666702270508,37.419837951660156,9.592214584350586,23.20281410217285,21.23740005493164,32.995079040527344,69.93185424804688
2011-02-02,21.355350494384766,10.336527824401855,39.46673583984375,47.33961486816406,30.43401527404785,41.26799774169922,53.33774948120117,19.821048736572266,19.958772659301758,41.68914794921875,10.040742874145508,14.39050579071045,92.08104705810547,27.02126121520996,49.41971206665039,14.06411075592041,13.684924125671387,25.899736404418945,46.78617858886719,39.94438934326172,68.70633697509766,27.101037979125977,56.70859909057617,38.15846252441406,73.96011352539062,16.204429626464844,24.190269470214844,15.397128105163574,38.70085906982422,24.571443557739258,51.53805923461914,35.647422790527344,11.135007858276367,13.797983169555664,21.886873245239258,126.38613891601562,40.28617477416992,21.300567626953125,8.012409210205078,26.045217514038086,8.187304496765137,33.076820373535156,45.29446029663086,47.113731384277344,37.106658935546875,9.632891654968262,23.624065399169922,21.274229049682617,32.665164947509766,70.78192901611328
2011-02-03,21.133699417114258,10.310102462768555,39.58392333984375,47.35664367675781,30.440710067749023,41.34028625488281,53.79658126831055,19.281862258911133,19.866689682006836,41.386077880859375,10.151952743530273,14.519074440002441,92.21073913574219,26.898956298828125,49.54722595214844,14.252758026123047,13.69961929321289,25.99890899658203,46.8928108215332,39.77740478515625,68.59537506103516,27.058271408081055,56.692626953125,38.03498840332031,74.10297393798828,16.300107955932617,22.982492446899414,15.531118392944336,38.975589752197266,24.717119216918945,51.3155403137207,35.49250793457031,11.283576965332031,13.542723655700684,21.90694236755371,126.07223510742188,40.043968200683594,21.408281326293945,8.199712753295898,26.256216049194336,8.308374404907227,33.04010772705078,45.4473991394043,47.053062438964844,37.59383773803711,9.783407211303711,23.704313278198242,21.458372116088867,32.8377799987793,70.32305145263672
2011-02-04,21.225418090820312,10.401970863342285,39.6099739074707,47.26582336425781,29.85814094543457,41.80693054199219,53.68602752685547,19.276002883911133,19.863513946533203,41.16682434082031,10.220799446105957,14.593116760253906,92.47578430175781,26.597270965576172,49.69483947753906,14.343832015991211,13.726568222045898,26.069746017456055,47.07408142089844,39.742618560791016,69.05300903320312,27.168745040893555,57.012107849121094,37.8635139465332,73.42443084716797,16.342626571655273,22.807960510253906,15.652931213378906,39.22285461425781,24.647754669189453,51.3092041015625,35.728973388671875,11.174101829528809,13.563702583312988,21.913625717163086,126.21766662597656,40.019737243652344,21.437021255493164,8.178899765014648,26.29344940185547,8.448354721069336,32.87498092651367,45.477989196777344,46.90473175048828,37.70402526855469,9.763063430786133,24.13226318359375,21.82050895690918,32.933712005615234,70.11994934082031
2011-02-07,21.554079055786133,10.563482284545898,39.62950134277344,47.63473892211914,30.467487335205078,42.424739837646484,53.99007797241211,19.340463638305664,19.8508243560791,41.06365203857422,10.083107948303223,14.599847793579102,92.93814086914062,26.89081382751465,49.29220199584961,14.330817222595215,13.736368179321289,25.928070068359375,47.340694427490234,39.74957275390625,69.66317749023438,27.183002471923828,57.4514045715332,37.64402770996094,74.53150177001953,16.190256118774414,22.98948097229004,15.732108116149902,38.74665069580078,24.835063934326172,51.824119567871094,36.544315338134766,11.471247673034668,13.420334815979004,22.288225173950195,127.97896575927734,40.58294677734375,21.846370697021484,8.381814002990723,26.256216049194336,8.448354721069336,33.15937423706055,45.42293167114258,47.430625915527344,37.66343307495117,9.787471771240234,24.03864860534668,21.71002960205078,33.0257568359375,70.81954193115234
2011-02-08,21.615222930908203,10.6631441116333,39.675071716308594,47.3437614440918,30.628210067749023,42.48387908935547,54.03432083129883,19.49871063232422,19.961950302124023,41.379608154296875,10.146657943725586,14.56619644165039,94.0024185180664,26.93157958984375,50.57400894165039,14.30479621887207,13.812313079833984,26.324779510498047,47.703243255615234,39.93048095703125,69.76023864746094,27.995494842529297,58.074398040771484,37.68517303466797,75.99569702148438,16.16191291809082,23.247787475585938,15.683380126953125,39.067169189453125,24.86280632019043,51.74784851074219,37.40859603881836,11.424330711364746,13.563702583312988,22.80997085571289,129.06626892089844,40.728309631347656,22.00436019897461,8.44945240020752,26.547874450683594,8.429442405700684,33.02634811401367,45.55752182006836,47.92951965332031,37.73883056640625,9.81595230102539,24.13226318359375,21.943267822265625,33.27128601074219,70.33058166503906
2011-02-09,21.378284454345703,10.752008438110352,39.636009216308594,47.098426818847656,30.206342697143555,42.3195686340332,53.20505905151367,19.393217086791992,20.05084991455078,41.540828704833984,10.088409423828125,14.44503116607666,93.20984649658203,26.81741714477539,50.95652389526367,14.33732795715332,13.898056983947754,26.331859588623047,48.401695251464844,39.89568328857422,69.19169616699219,27.90997314453125,58.347537994384766,37.335350036621094,76.10282897949219,16.137102127075195,23.26175308227539,15.66511344909668,39.20453643798828,24.821178436279297,52.30091857910156,37.27812194824219,11.44778823852539,13.353899955749512,22.16112518310547,127.12127685546875,40.655616760253906,21.602190017700195,8.371404647827148,26.473411560058594,8.565644264221191,32.41167449951172,45.62480163574219,48.455413818359375,37.74462890625,9.824084281921387,24.085458755493164,21.986230850219727,33.1792106628418,70.67660522460938
2011-02-10,21.01904296875,10.643330574035645,39.6685676574707,47.469268798828125,30.487573623657227,42.4444580078125,53.45934295654297,19.363914489746094,20.17467498779297,40.857295989990234,10.077812194824219,14.673891067504883,92.89287567138672,27.119102478027344,50.84241485595703,12.307720184326172,13.618772506713867,26.431049346923828,48.2310905456543,39.986148834228516,69.7533187866211,27.6997127532959,58.37165069580078,37.2255973815918,75.96000671386719,16.119388580322266,23.010427474975586,15.555477142333984,39.37853240966797,24.71019172668457,52.059356689453125,37.9712028503418,11.330495834350586,13.409846305847168,22.074172973632812,126.60822296142578,41.224918365478516,21.35083770751953,8.298567771911621,26.42376708984375,8.520243644714355,32.14564895629883,46.06221008300781,47.976722717285156,37.69242477416992,9.799677848815918,23.6976318359375,21.888025283813477,33.574344635009766,71.10540771484375
2011-02-11,20.82796287536621,10.712677955627441,39.51882553100586,47.25246047973633,31.183982849121094,42.54303741455078,53.32115173339844,19.381502151489258,20.1842041015625,41.1861686706543,9.97189712524414,14.646965980529785,92.75697326660156,27.290332794189453,51.09745407104492,12.164608001708984,13.643269538879395,26.551467895507812,48.9455451965332,40.340980529785156,71.79183197021484,28.123781204223633,57.95388412475586,36.8620491027832,76.17428588867188,16.144197463989258,23.059288024902344,15.36058235168457,39.30529022216797,24.281112670898438,51.93221664428711,38.117958068847656,11.549443244934082,13.423832893371582,22.582534790039062,127.6190414428711,41.77603530883789,21.65964698791504,8.52229118347168,26.42376708984375,8.586763381958008,32.833702087402344,46.40104293823242,47.538482666015625,38.19120788574219,9.942054748535156,24.219192504882812,22.041486740112305,33.904239654541016,71.782470703125
2011-02-14,20.81267738342285,10.782628059387207,39.51882553100586,48.44489288330078,31.163898468017578,42.418155670166016,54.00068664550781,19.234973907470703,20.047677993774414,40.844398498535156,10.088409423828125,14.519074440002441,92.40035247802734,27.14356803894043,51.16455078125,12.236162185668945,13.425238609313965,26.622316360473633,48.998844146728516,40.07658386230469,71.59765625,28.15585708618164,58.05030822753906,36.944366455078125,76.7813949584961,16.293020248413086,22.87778091430664,15.567663192749023,39.35106658935547,24.30925750732422,51.442726135253906,37.93042755126953,11.643278121948242,13.483281135559082,22.6561279296875,128.27760314941406,41.98192596435547,21.530378341674805,8.371404647827148,26.169342041015625,8.525943756103516,33.83824157714844,46.08069610595703,46.31816482543945,37.73301696777344,9.962392807006836,24.506723403930664,22.16423797607422,33.94645690917969,71.28596496582031
2011-02-15,20.728099822998047,10.804242134094238,39.46673583984375,47.338050842285156,31.35138511657715,42.01066589355469,53.66090393066406,19.2174015045166,20.06354331970215,41.49567794799805,10.088409423828125,14.438301086425781,92.18521881103516,26.711421966552734,51.10415267944336,12.145090103149414,13.461987495422363,26.700244903564453,49.052181243896484,39.91655349731445,71.41742706298828,27.881452560424805,57.359432220458984,36.93064880371094,76.6385269165039,16.56587028503418,23.02437973022461,15.59812068939209,38.90233612060547,24.24595069885254,51.79872131347656,37.6613655090332,11.549443244934082,13.633634567260742,22.52902603149414,128.5762176513672,41.90320587158203,21.774547576904297,8.37661075592041,26.274826049804688,8.594365119934082,33.71440505981445,46.08069610595703,46.61481475830078,37.67502212524414,9.95832633972168,24.486583709716797,21.943267822265625,33.89275360107422,70.42835998535156
2011-02-16,20.77423095703125,10.90120792388916,39.40163040161133,47.748844146728516,32.10135269165039,41.905517578125,53.83915328979492,19.31702423095703,20.130224227905273,41.24419403076172,10.210206031799316,14.640235900878906,92.50224304199219,26.99680519104004,51.01692199707031,12.086546897888184,13.36398983001709,26.820669174194336,49.5241813659668,40.03062438964844,71.79877471923828,27.98836326599121,58.2270393371582,36.320159912109375,76.56710052490234,16.39223861694336,22.835895538330078,15.60421085357666,39.387699127197266,24.379592895507812,51.671546936035156,38.207645416259766,11.604178428649902,13.773500442504883,22.27484130859375,129.265380859375,42.69050979614258,22.05463409423828,8.350597381591797,26.290401458740234,8.8262357711792,34.37952423095703,46.61049270629883,46.21030044555664,37.73301696777344,9.95832633972168,24.929841995239258,22.035343170166016,34.24016571044922,72.11344909667969
2011-02-17,20.92031478881836,10.756205558776855,39.57740020751953,47.85722351074219,32.02099609375,42.063255310058594,54.12322998046875,19.399076461791992,20.495365142822266,41.72137451171875,10.257869720458984,14.788324356079102,92.9777603149414,26.915264129638672,50.99008560180664,12.151595115661621,13.412988662719727,27.047367095947266,49.73873519897461,40.142608642578125,71.6670150756836,27.9384765625,58.03422546386719,35.94976043701172,76.8528060913086,16.413497924804688,22.87079620361328,15.695569038391113,39.854740142822266,24.520275115966797,52.06572723388672,37.32707214355469,11.580720901489258,13.73853874206543,22.040721893310547,128.00189208984375,42.5936393737793,22.0402774810791,8.30897331237793,26.5521297454834,8.77681827545166,34.9487190246582,47.02324295043945,46.45301818847656,37.91282653808594,10.060026168823242,25.171602249145508,22.16423797607422,34.529685974121094,71.6620864868164
2011-02-18,20.804990768432617,10.52385139465332,39.785762786865234,48.21097946166992,32.14153289794922,42.260433197021484,54.98656463623047,19.252561569213867,20.495365142822266,40.889530181884766,10.16254711151123,14.902751922607422,93.31739807128906,27.461557388305664,51.09074401855469,12.262187957763672,13.567329406738281,27.259883880615234,49.86211395263672,40.583492279052734,73.40044403076172,27.945600509643555,58.676918029785156,35.833152770996094,76.56710052490234,16.6119384765625,23.08024024963379,15.525025367736816,39.49759292602539,24.337390899658203,52.00849533081055,37.12321853637695,11.533803939819336,13.742030143737793,21.833354949951172,128.67568969726562,43.059974670410156,22.255720138549805,8.204914093017578,26.633142471313477,8.780622482299805,35.45778274536133,47.10951614379883,46.594600677490234,38.081016540527344,10.084432601928711,25.285778045654297,22.158098220825195,34.79602813720703,71.46651458740234
2011-02-22,20.443632125854492,10.165107727050781,39.48627471923828,48.7473030090332,30.80899429321289,42.1092643737793,55.87776565551758,18.95366859436035,20.24452781677246,40.72187042236328,10.00367259979248,14.680624961853027,91.681396484375,26.523887634277344,50.802154541015625,12.09305191040039,13.148399353027344,26.983598709106445,49.34719467163086,39.351776123046875,70.73095703125,28.00975227355957,56.98183059692383,35.58620834350586,74.35294342041016,16.643821716308594,22.828907012939453,15.458035469055176,38.64591598510742,24.21781349182129,50.972267150878906,36.112178802490234,11.088088989257812,13.465791702270508,20.990522384643555,124.77041625976562,40.958431243896484,21.200027465820312,7.923959255218506,26.284181594848633,8.818633079528809,35.45315170288086,45.96364212036133,45.54956817626953,37.73301696777344,10.064092636108398,24.835800170898438,22.563203811645508,33.60707092285156,68.45736694335938
2011-02-23,20.443632125854492,10.285493850708008,39.31698989868164,49.677276611328125,30.775516510009766,42.16184616088867,56.96392822265625,18.80714225769043,20.292156219482422,40.58002853393555,9.93482780456543,14.236364364624023,90.67937469482422,26.238515853881836,50.45991134643555,11.969453811645508,12.99161148071289,26.4239559173584,48.413883209228516,38.93889236450195,69.35115814208984,27.927785873413086,56.41947937011719,35.03061294555664,72.74593353271484,16.466646194458008,22.507770538330078,15.36058235168457,38.36201858520508,23.943477630615234,50.946834564208984,35.41910934448242,11.080272674560547,13.294451713562012,21.070802688598633,124.88531494140625,40.122676849365234,21.29338836669922,7.731455326080322,25.692180633544922,8.784421920776367,36.36018371582031,45.2613525390625,45.11806869506836,37.82002639770508,10.051891326904297,24.090328216552734,22.83328628540039,33.410221099853516,66.39613342285156
2011-02-24,20.58203125,10.293301582336426,39.225860595703125,49.049686431884766,30.742036819458008,41.43887710571289,56.83019256591797,18.7719783782959,20.282630920410156,40.644493103027344,10.008967399597168,14.33060359954834,91.01336669921875,26.29559326171875,50.47333526611328,11.943432807922363,12.761322021484375,26.31061363220215,48.29051208496094,39.52675247192383,69.73250579833984,27.674772262573242,56.84524917602539,34.948307037353516,74.00447845458984,16.725332260131836,22.696264266967773,15.470210075378418,38.03234100341797,23.99272918701172,50.997684478759766,35.51697540283203,10.923877716064453,13.560205459594727,21.03066062927246,125.1533432006836,40.1529541015625,21.1784725189209,7.6482110023498535,25.748281478881836,8.731206893920898,35.76320266723633,45.390724182128906,45.49149703979492,37.59383773803711,10.051891326904297,24.466419219970703,22.489551544189453,33.17859649658203,66.88512420654297
2011-02-25,20.412883758544922,10.451803207397461,39.17986297607422,48.690216064453125,31.257638931274414,41.300865173339844,56.86920928955078,18.86574363708496,20.419158935546875,41.012046813964844,9.987786293029785,14.714276313781738,91.86817169189453,26.86634635925293,50.36507034301758,12.125577926635742,12.67802619934082,26.26810646057129,48.40852355957031,40.086612701416016,70.72401428222656,27.838687896728516,58.082427978515625,35.84687805175781,74.86749267578125,16.881240844726562,22.996461868286133,15.525025367736816,38.45359802246094,23.978666305541992,51.40840148925781,35.49250793457031,11.103731155395508,13.640628814697266,21.672813415527344,126.4397964477539,40.64955139160156,21.451387405395508,7.840717315673828,26.1533145904541,8.689391136169434,35.76320266723633,45.255184173583984,45.145233154296875,37.74462890625,10.145450592041016,24.768638610839844,22.796443939208984,33.74991989135742,68.0737075805664
2011-02-28,20.435943603515625,10.603404998779297,40.36235427856445,48.79864501953125,31.264333724975586,41.43887710571289,57.788265228271484,19.088457107543945,20.295331954956055,40.895992279052734,10.189023971557617,14.451759338378906,91.64175415039062,26.825578689575195,51.20404052734375,12.073529243469238,12.734375953674316,26.54438591003418,49.47055435180664,40.52751541137695,71.36885833740234,27.981239318847656,57.84946060180664,35.20896530151367,75.22709655761719,17.044246673583984,23.08024024963379,15.71993350982666,38.52687454223633,24.30925750732422,50.79875946044922,35.52511978149414,11.174101829528809,13.630139350891113,21.57917022705078,125.68003845214844,40.564788818359375,21.3149356842041,7.8303093910217285,27.007034301757812,8.704596519470215,36.0362548828125,45.46463394165039,45.27424621582031,38.2202033996582,10.32037353515625,24.970130920410156,22.796443939208984,34.116634368896484,67.81794738769531
2011-03-01,20.113025665283203,10.486324310302734,39.876224517822266,48.382137298583984,30.534446716308594,41.23514175415039,57.3148078918457,19.023990631103516,20.609670639038086,40.76055908203125,10.136066436767578,14.397913932800293,90.56050109863281,25.822677612304688,50.669532775878906,12.073529243469238,12.756423950195312,26.041419982910156,48.521141052246094,39.50575256347656,69.24020385742188,27.667648315429688,56.33111572265625,35.60679244995117,72.81784057617188,16.83163070678711,23.10816192626953,15.57984447479248,38.32537841796875,24.098234176635742,50.7730827331543,35.18266296386719,10.892600059509277,13.483281135559082,21.171133041381836,123.78469848632812,39.57761001586914,20.69731330871582,7.627396106719971,26.620689392089844,8.63997745513916,36.01772689819336,44.571372985839844,44.71746826171875,37.97080993652344,10.218679428100586,24.594032287597656,22.581623077392578,33.86956787109375,66.99797058105469
2011-03-02,20.051523208618164,10.570682525634766,39.94849395751953,48.541893005371094,30.273303985595703,41.01824951171875,57.63229751586914,19.09431266784668,20.45726776123047,40.89702224731445,10.16254711151123,14.465222358703613,90.66801452636719,26.189598083496094,50.53422164916992,12.034502983093262,12.731926918029785,25.97056770324707,48.98243713378906,38.87589645385742,70.00984191894531,27.546478271484375,55.889278411865234,35.250099182128906,73.06952667236328,16.895414352416992,22.87079620361328,15.464122772216797,38.85655212402344,24.112300872802734,50.99128723144531,35.0766716003418,10.822174072265625,13.647624015808105,21.10424041748047,124.07624816894531,39.68056869506836,20.805034637451172,7.627396106719971,26.072315216064453,8.560154914855957,36.21209716796875,44.52207565307617,45.11128234863281,37.783233642578125,10.190197944641113,24.694772720336914,22.6123104095459,33.973812103271484,67.36660766601562
2011-03-03,20.143783569335938,10.794037818908691,40.10614776611328,48.96410369873047,30.855878829956055,41.11026382446289,58.0333137512207,19.399076461791992,20.81922721862793,41.42334747314453,10.469701766967773,14.667157173156738,92.54753112792969,26.93157958984375,51.58293914794922,12.054020881652832,12.741724014282227,26.601070404052734,49.78165054321289,40.09360122680664,72.28411865234375,27.820877075195312,57.60844421386719,35.92230987548828,74.61579895019531,17.132829666137695,23.366472244262695,15.920914649963379,40.129478454589844,24.189682006835938,51.838340759277344,36.120338439941406,11.166481018066406,13.983308792114258,21.67951011657715,126.22482299804688,40.9523811340332,21.049213409423828,7.679426193237305,26.502275466918945,8.750211715698242,36.81371307373047,45.255184173583984,45.83780288696289,38.24049377441406,10.348848342895508,25.04400634765625,22.618450164794922,34.641639709472656,69.68360900878906
2011-03-04,19.951570510864258,10.807241439819336,40.112709045410156,48.541893005371094,30.480892181396484,40.76849365234375,57.788265228271484,19.375633239746094,20.704923629760742,41.195919036865234,10.411446571350098,14.51233959197998,91.61345672607422,26.711421966552734,51.44084548950195,11.969453811645508,12.756423950195312,26.36729621887207,49.449092864990234,39.547725677490234,71.44517517089844,27.617738723754883,57.68077087402344,35.88802719116211,73.24933624267578,17.25330924987793,23.04532241821289,16.097551345825195,40.129478454589844,24.337390899658203,51.241554260253906,35.647422790527344,11.049108505249023,14.235065460205078,21.345050811767578,123.54676818847656,40.41943359375,20.42441177368164,7.502529144287109,26.315330505371094,8.970677375793457,37.01270294189453,44.626800537109375,45.28102111816406,37.9708251953125,10.300031661987305,24.815654754638672,22.563203811645508,34.189979553222656,69.47296905517578
2011-03-07,19.774728775024414,10.667946815490723,39.679134368896484,48.33649444580078,30.259904861450195,40.558189392089844,57.37607955932617,19.240835189819336,20.708093643188477,41.24140167236328,10.384963989257812,14.276748657226562,90.5378189086914,26.17328453063965,51.61676788330078,11.83935260772705,12.744179725646973,26.11934471130371,49.561737060546875,39.323795318603516,70.81414794921875,27.632009506225586,56.941673278808594,35.49018859863281,73.2853012084961,17.185985565185547,22.91967010498047,16.024459838867188,39.37853240966797,24.379592895507812,50.88860321044922,35.639278411865234,10.978677749633789,14.357451438903809,21.217958450317383,122.12712097167969,39.934932708740234,20.338233947753906,7.289211273193359,26.078536987304688,8.985880851745605,36.6517333984375,44.23252868652344,44.669952392578125,37.689422607421875,10.324441909790039,24.674619674682617,22.581623077392578,33.78466033935547,67.98345947265625
2011-03-08,19.92081642150879,10.679957389831543,39.88279342651367,48.26803970336914,31.070154190063477,40.78163146972656,57.79937744140625,19.3287410736084,20.841459274291992,41.44933319091797,10.422038078308105,14.222898483276367,91.86817169189453,26.69512176513672,51.10933303833008,11.852365493774414,12.84707260131836,26.41890525817871,50.285858154296875,40.10060501098633,72.20093536376953,27.8636474609375,57.87356185913086,36.02519989013672,74.18428802490234,17.256851196289062,23.289674758911133,16.109725952148438,39.8089485168457,24.604679107666016,51.511085510253906,36.88676834106445,11.495137214660645,14.423887252807617,21.746400833129883,123.77698516845703,40.92815017700195,20.68294906616211,7.528541088104248,26.415040969848633,9.01248836517334,36.24449920654297,44.860923767089844,45.416831970214844,37.87115478515625,10.438343048095703,24.84252166748047,22.882381439208984,34.29035568237305,68.84105682373047
2011-03-09,19.905441284179688,10.581188201904297,39.679134368896484,48.14251708984375,31.177289962768555,40.74877166748047,56.8914794921875,19.51043701171875,20.835105895996094,42.008148193359375,10.411446571350098,14.270024299621582,93.89485931396484,26.735885620117188,51.27170181274414,11.787308692932129,12.993854522705078,26.86825942993164,49.974754333496094,39.687721252441406,70.9736557006836,28.15229034423828,57.913726806640625,35.997779846191406,74.18428802490234,17.387956619262695,23.785350799560547,16.048826217651367,40.44142532348633,24.68204689025879,51.64583969116211,36.73185348510742,11.416884422302246,14.563756942749023,21.940383911132812,124.58271789550781,40.3891487121582,20.625497817993164,7.434889793395996,26.5521297454834,9.02009391784668,36.11491775512695,45.125797271728516,45.69520568847656,37.95909881591797,10.499361038208008,24.580598831176758,22.986724853515625,33.98926544189453,67.5697021484375
2011-03-10,19.536396026611328,10.407073974609375,39.1601676940918,46.43088150024414,30.487573623657227,40.41358947753906,55.18708801269531,19.281862258911133,20.73032569885254,41.86518478393555,10.252574920654297,13.994044303894043,91.72097778320312,25.92867088317871,51.88063430786133,11.657209396362305,12.988921165466309,26.440303802490234,48.279788970947266,39.04385757446289,68.22097778320312,28.14516258239746,57.27104187011719,35.55877685546875,72.27839660644531,17.185985565185547,23.75741958618164,15.994012832641602,39.359806060791016,24.45697021484375,50.721771240234375,35.89204025268555,11.158656120300293,14.329476356506348,21.445390701293945,122.98651885986328,38.990150451660156,20.158700942993164,7.3152241706848145,26.147085189819336,9.099915504455566,34.791378021240234,45.03956985473633,45.023006439208984,38.035308837890625,10.430204391479492,23.808252334594727,22.735074996948242,33.371612548828125,65.8620376586914
2011-03-11,19.74397850036621,10.566780090332031,39.21272277832031,46.853092193603516,30.628210067749023,40.41358947753906,55.6605339050293,19.406373977661133,20.727121353149414,42.008148193359375,10.31082534790039,14.047893524169922,91.95307922363281,26.01836395263672,51.91447448730469,11.676727294921875,12.974120140075684,26.490234375,49.13798904418945,39.37979507446289,69.35115814208984,28.21642303466797,57.55221939086914,36.717994689941406,73.21337890625,17.171812057495117,23.736478805541992,16.08536720275879,39.937278747558594,24.520275115966797,51.63945388793945,36.104026794433594,11.252558708190918,14.277027130126953,21.659446716308594,123.30119323730469,39.38570785522461,20.352596282958984,7.471311569213867,26.128400802612305,9.088515281677246,35.30970001220703,45.64328384399414,44.88041687011719,37.900489807128906,10.34349536895752,24.23809051513672,22.900798797607422,33.776939392089844,66.04257202148438
2011-03-14,19.751670837402344,10.613914489746094,38.84482955932617,47.00143051147461,30.333574295043945,40.32157897949219,56.145111083984375,19.1988525390625,20.44888687133789,41.676761627197266,10.490883827209473,14.027702331542969,91.3643569946289,25.757442474365234,51.19728088378906,11.611675262451172,12.907512664794922,26.162141799926758,48.821529388427734,39.19783020019531,70.79336547851562,27.89214515686035,56.829193115234375,36.711158752441406,71.63114929199219,17.086763381958008,23.40137481689453,15.95746898651123,39.378135681152344,24.428836822509766,51.63945388793945,35.80234146118164,11.135180473327637,14.252551078796387,21.472143173217773,121.57461547851562,38.758907318115234,20.04379653930664,7.440093517303467,25.91652488708496,9.06950569152832,35.096832275390625,45.08884048461914,45.029808044433594,37.736324310302734,10.318720817565918,24.04331398010254,22.661405563354492,33.9081916809082,65.92218017578125
2011-03-15,19.521018981933594,10.369845390319824,38.417823791503906,46.43659210205078,29.871532440185547,39.868080139160156,56.384620666503906,18.890533447265625,20.15785789489746,40.942501068115234,10.464404106140137,13.583442687988281,90.022705078125,25.414997100830078,50.82515335083008,11.312434196472168,12.843369483947754,25.88397216796875,48.006221771240234,38.868896484375,69.8573226928711,27.535789489746094,55.98567581176758,36.354461669921875,70.51641082763672,16.88479232788086,23.129104614257812,15.573750495910645,38.86483383178711,23.985692977905273,51.13245391845703,35.58219528198242,10.923901557922363,13.913372039794922,21.58586311340332,120.66913604736328,37.70609664916992,19.857070922851562,7.632598400115967,25.592496871948242,9.122718811035156,34.698829650878906,44.23869705200195,44.90080642700195,37.384578704833984,10.203105926513672,23.841842651367188,22.434310913085938,33.506736755371094,65.9598159790039
2011-03-16,19.059707641601562,9.906939506530762,37.879127502441406,45.24986267089844,29.335851669311523,39.25685119628906,55.42660903930664,18.42805290222168,19.700523376464844,40.4876594543457,10.220799446105957,13.334392547607422,86.61469268798828,24.62408447265625,49.64789962768555,11.091259956359863,12.675609588623047,25.448884963989258,46.960269927978516,38.022090911865234,69.61466979980469,27.318418502807617,54.37896728515625,36.141822814941406,68.14308166503906,16.55169677734375,22.954578399658203,15.2083158493042,37.957374572753906,23.655101776123047,50.31748580932617,34.53852844238281,10.712626457214355,13.93085765838623,20.890193939208984,118.46674346923828,37.01842498779297,19.469263076782227,7.377661228179932,25.305850982666016,8.940266609191895,34.12498474121094,43.35774612426758,44.09282302856445,37.085594177246094,10.029679298400879,23.12993621826172,22.12741470336914,33.01261901855469,65.38056182861328
2011-03-17,19.052026748657227,10.045929908752441,38.18788146972656,46.305355072021484,29.838056564331055,39.71691131591797,56.947181701660156,18.641508102416992,19.917997360229492,40.987998962402344,10.527953147888184,13.394974708557129,87.28270721435547,24.90946388244629,49.661434173583984,11.058735847473145,12.673145294189453,25.505939483642578,47.57175827026367,38.63795471191406,71.5005874633789,27.332672119140625,54.869014739990234,36.73857879638672,69.11400604248047,16.746591567993164,23.02437973022461,15.48848819732666,38.241519927978516,24.006792068481445,51.60092544555664,35.40282440185547,10.939553260803223,14.095197677612305,20.977148056030273,119.51805114746094,37.72435760498047,19.713436126708984,7.41928243637085,25.654800415039062,9.02009391784668,35.504058837890625,44.11549377441406,45.124855041503906,37.39629364013672,10.091622352600098,23.338134765625,22.176517486572266,33.64569854736328,67.23870086669922
2011-03-18,19.067399978637695,9.926749229431152,38.47693634033203,46.12849044799805,30.628210067749023,39.828643798828125,57.25910186767578,18.920181274414062,20.052322387695312,41.09195327758789,10.686829566955566,13.415169715881348,88.250732421875,25.08069610595703,49.384029388427734,11.149807929992676,12.710145950317383,25.677127838134766,47.7273063659668,39.09284210205078,72.84576416015625,27.421754837036133,55.511695861816406,36.31330108642578,69.22189331054688,16.97691535949707,23.464218139648438,15.67120361328125,38.14070510864258,24.25298500061035,51.67792892456055,36.01433181762695,10.986503601074219,14.039255142211914,21.291534423828125,122.7487564086914,37.876502990722656,19.69907569885254,7.538950443267822,25.492794036865234,9.06950569152832,34.87006759643555,44.109317779541016,45.45756149291992,37.689422607421875,10.240266799926758,23.47916603088379,22.495691299438477,33.761505126953125,67.78034973144531
2011-03-21,19.474884033203125,10.185826301574707,38.64775085449219,47.263885498046875,30.554548263549805,40.2887077331543,58.59031295776367,19.204784393310547,20.330554962158203,41.65077209472656,10.580910682678223,13.59017562866211,89.26409912109375,25.618824005126953,49.904998779296875,11.312434196472168,12.808831214904785,25.98382568359375,48.78398513793945,39.91865539550781,74.5999755859375,27.94203758239746,57.19873809814453,36.41618347167969,70.9119644165039,17.019437789916992,23.54798126220703,15.835646629333496,38.46151351928711,24.182641983032227,52.12712478637695,36.13664245605469,10.9943265914917,14.077717781066895,21.32497787475586,122.94051361083984,38.75282287597656,19.957609176635742,7.590977191925049,26.1533145904541,8.985880851745605,35.888160705566406,44.87321472167969,46.319862365722656,38.211177825927734,10.384790420532227,24.097043991088867,22.784170150756836,34.186119079589844,68.91626739501953
2011-03-22,19.451818466186523,10.242866516113281,38.62146759033203,47.104122161865234,30.447402954101562,40.045536041259766,58.61260986328125,19.28778648376465,20.311368942260742,41.54679870605469,10.55972957611084,13.563255310058594,89.44524383544922,25.38237953186035,49.97941970825195,11.351468086242676,12.82856559753418,25.88397216796875,48.649898529052734,39.56873321533203,74.0452880859375,27.949155807495117,57.720916748046875,36.20355987548828,70.08486938476562,16.9946346282959,23.324583053588867,16.012283325195312,38.39735794067383,24.316287994384766,52.17206573486328,36.487239837646484,10.861296653747559,14.14065933227539,21.077489852905273,123.38563537597656,38.35725402832031,19.936073303222656,7.460904598236084,24.433446884155273,8.989684104919434,35.73545455932617,44.38655471801758,46.15690994262695,38.111507415771484,10.500402450561523,24.204496383666992,22.655275344848633,34.00469970703125,68.49498748779297
2011-03-23,19.63633918762207,10.182522773742676,38.57547378540039,47.12693405151367,30.534446716308594,40.032371520996094,58.75185012817383,19.347084045410156,20.554428100585938,41.71575164794922,10.5491361618042,13.657489776611328,90.3114013671875,25.610675811767578,50.42596435546875,11.436031341552734,12.739750862121582,26.119335174560547,49.422264099121094,39.96065902709961,74.02445983886719,27.89927864074707,58.41984176635742,36.141822814941406,70.22874450683594,17.00526237487793,23.492130279541016,15.933100700378418,37.9848747253418,24.16857147216797,52.095027923583984,36.70738220214844,10.681321144104004,14.44836711883545,21.037349700927734,122.41873931884766,38.8015022277832,19.799619674682617,7.445297718048096,24.819793701171875,8.93266487121582,36.3463020324707,44.121646881103516,46.01433563232422,38.01772689819336,10.574726104736328,24.251510620117188,22.24403953552246,34.078033447265625,68.78086853027344
2011-03-24,19.84392547607422,10.356040954589844,38.77912139892578,47.201114654541016,30.62149429321289,40.183563232421875,58.69615173339844,19.40044403076172,20.68874740600586,41.71575164794922,10.750370979309082,13.718069076538086,90.60011291503906,26.20589828491211,50.69660949707031,11.292919158935547,12.974120140075684,26.647151947021484,49.65829086303711,40.40153884887695,75.1408462524414,28.615550994873047,58.45197677612305,36.5396614074707,71.12771606445312,17.047788619995117,23.736478805541992,16.097551345825195,38.89234161376953,24.337390899658203,51.8511848449707,37.172142028808594,10.548293113708496,14.700127601623535,21.14461898803711,122.71031188964844,39.251834869384766,19.828344345092773,7.825108051300049,24.89457893371582,9.073308944702148,36.88313293457031,44.4173469543457,46.20444107055664,38.24635314941406,10.706860542297363,24.22464942932129,22.434310913085938,34.232444763183594,70.13496398925781
2011-03-25,19.697851181030273,10.553271293640137,38.74627685546875,47.70890426635742,30.708553314208984,40.01268005371094,59.47593688964844,19.311504364013672,20.858243942260742,41.57279586791992,10.77685260772705,13.711339950561523,91.81157684326172,26.613571166992188,50.91310119628906,11.240878105163574,12.914904594421387,26.689950942993164,49.492000579833984,40.163604736328125,75.6400375366211,28.562103271484375,58.917911529541016,36.457359313964844,71.01985168457031,17.019437789916992,23.65967559814453,16.6213436126709,39.04815673828125,24.25298500061035,51.57524108886719,37.172142028808594,10.438737869262695,14.714115142822266,21.412776947021484,121.22167205810547,39.598716735839844,19.483625411987305,7.809497833251953,24.701396942138672,9.008687973022461,37.13302993774414,44.38038635253906,46.45568084716797,38.16428756713867,10.66143798828125,23.7075138092041,22.40361976623535,34.52583312988281,70.89476776123047
2011-03-28,19.536396026611328,10.520248413085938,38.91707992553711,47.623313903808594,30.775516510009766,39.868080139160156,59.06378173828125,19.2403564453125,20.797483444213867,41.80670928955078,10.734488487243652,13.691143989562988,91.35301208496094,26.54834747314453,50.743961334228516,11.182333946228027,12.87544059753418,26.140737533569336,49.41154861450195,40.81444549560547,75.85498809814453,28.683252334594727,58.885772705078125,36.11438751220703,71.01985168457031,17.037151336669922,23.464218139648438,16.432531356811523,39.02065658569336,24.20374298095703,51.50466537475586,37.27812194824219,10.462220191955566,14.591730117797852,21.191547393798828,120.07059478759766,39.20924377441406,19.519529342651367,7.731455326080322,24.477066040039062,9.001087188720703,36.822967529296875,45.292137145996094,46.10939025878906,38.234615325927734,10.756410598754883,23.741086959838867,22.446582794189453,34.50266647338867,70.18763732910156
2011-03-29,19.59789276123047,10.535860061645508,38.90395736694336,47.497802734375,30.81569480895996,40.27555465698242,59.804588317871094,19.43602180480957,21.018150329589844,41.68974685668945,10.792741775512695,13.65075397491455,92.2078857421875,27.037569046020508,50.994293212890625,11.384697914123535,12.892706871032715,26.889652252197266,49.797760009765625,41.71023941040039,76.64544677734375,28.658321380615234,59.142852783203125,36.6494255065918,71.41536712646484,17.143461227416992,23.596851348876953,16.347261428833008,39.1948127746582,24.393657684326172,51.56240463256836,37.22105026245117,10.446568489074707,14.703625679016113,21.178133010864258,121.60528564453125,39.659568786621094,19.555437088012695,7.721048831939697,24.882110595703125,9.194941520690918,36.471256256103516,45.495426177978516,46.313079833984375,38.34016036987305,10.723377227783203,23.98958969116211,22.465002059936523,34.969749450683594,70.9427261352539
2011-03-30,19.690160751342773,10.465910911560059,39.009056091308594,48.205238342285156,31.10362434387207,40.72908401489258,60.16106414794922,19.744342803955078,21.120498657226562,42.26805877685547,10.77155876159668,13.771920204162598,92.61547088623047,26.947885513305664,51.291996002197266,11.312891960144043,12.917381286621094,26.796939849853516,49.59928894042969,41.70323944091797,77.33187103271484,28.93984603881836,59.28746795654297,36.97179412841797,72.31437683105469,17.348979949951172,23.485151290893555,16.322603225708008,39.89145278930664,24.74535369873047,51.18380355834961,37.43305969238281,10.52481746673584,14.864477157592773,21.392663955688477,122.0657730102539,40.28028869628906,19.555437088012695,7.731455326080322,24.92573356628418,9.232955932617188,37.341285705566406,45.89588165283203,46.57107925415039,38.55705642700195,10.781185150146484,24.1373348236084,22.557069778442383,37.031097412109375,71.32030487060547
2011-03-31,19.521018981933594,10.462310791015625,38.92365264892578,47.9998779296875,30.8692626953125,40.485877990722656,59.871437072753906,19.572397232055664,21.216440200805664,41.85218811035156,10.755670547485352,13.583442687988281,92.31541442871094,27.257720947265625,51.48143768310547,11.195387840270996,12.840901374816895,26.433170318603516,50.151771545410156,41.7872200012207,77.20706939697266,28.77947425842285,59.391910552978516,36.66313552856445,72.09866333007812,17.380868911743164,23.959882736206055,16.29792594909668,40.58808517456055,24.738325119018555,51.594505310058594,36.85415267944336,10.430919647216797,14.850489616394043,21.258583068847656,121.7050552368164,40.420257568359375,19.620080947875977,7.757469177246094,25.012969970703125,9.111316680908203,36.95717239379883,45.784976959228516,47.12640380859375,38.263938903808594,10.748150825500488,24.184354782104492,22.434310913085938,36.753173828125,73.16277313232422
2011-04-01,19.590211868286133,10.343733787536621,39.08131790161133,48.31367874145508,31.03666877746582,40.801361083984375,60.333702087402344,19.607975006103516,21.49787139892578,42.378517150878906,10.792741775512695,13.273815155029297,92.99474334716797,27.738788604736328,51.41378402709961,11.12358283996582,12.860636711120605,26.789791107177734,49.953285217285156,41.4722900390625,78.43435668945312,28.69394874572754,59.4561653137207,36.409339904785156,73.14143371582031,17.4942684173584,24.406681060791016,16.316434860229492,40.8447380065918,24.611711502075195,51.966697692871094,36.98461151123047,10.462220191955566,14.916925430297852,21.493227005004883,122.95585632324219,41.314849853515625,19.576982498168945,7.887543201446533,25.511484146118164,9.027693748474121,36.87387466430664,45.88356399536133,47.32179260253906,38.32843017578125,10.727503776550293,24.500003814697266,22.336103439331055,36.71070861816406,74.45399475097656
2011-04-04,19.644033432006836,10.242562294006348,39.51490783691406,48.422080993652344,31.19825553894043,40.91967010498047,60.283592224121094,19.7265567779541,21.638601303100586,42.29403305053711,10.877470970153809,13.118996620178223,92.98340606689453,27.83662223815918,51.684410095214844,11.136636734008789,12.988921165466309,26.725603103637695,50.22686767578125,41.45130157470703,78.61461639404297,28.872135162353516,59.407955169677734,37.06096649169922,73.82469940185547,17.806093215942383,24.2740421295166,16.476757049560547,40.734737396240234,24.63983917236328,51.97311782836914,37.03352737426758,10.51699447631836,14.969377517700195,21.318923950195312,121.93524932861328,40.96186828613281,19.462085723876953,8.09045124053955,25.442935943603516,9.077108383178711,36.87387466430664,46.043731689453125,47.02870178222656,38.60982131958008,10.71098804473877,24.66118049621582,22.428171157836914,37.24728012084961,74.9372787475586
2011-04-05,19.820865631103516,10.173517227172852,39.284976959228516,48.735862731933594,31.35982894897461,40.531890869140625,60.89624786376953,19.661334991455078,21.57783317565918,42.612430572509766,10.829813003540039,13.267081260681152,92.83621978759766,27.657243728637695,51.82650375366211,11.241081237792969,13.011129379272461,26.818328857421875,50.09274673461914,41.3253288269043,77.87269592285156,28.8079833984375,58.82954406738281,37.088417053222656,73.10547637939453,17.71396827697754,24.434616088867188,16.56925392150879,40.1114387512207,24.625782012939453,52.050132751464844,37.03352737426758,10.540470123291016,14.630196571350098,21.446290969848633,121.94298553466797,40.9862174987793,19.519529342651367,8.215323448181152,25.617414474487305,9.042898178100586,37.17006301879883,45.680259704589844,46.75065612792969,38.32843017578125,10.781185150146484,24.862668991088867,22.293134689331055,37.1932373046875,74.15953826904297
2011-04-06,20.105329513549805,10.14799976348877,39.192996978759766,48.59894561767578,32.07345962524414,40.591041564941406,60.52307891845703,19.77398681640625,21.62899398803711,42.722900390625,10.745078086853027,13.428633689880371,92.86457061767578,27.380029678344727,51.90769577026367,11.7959566116333,13.070333480834961,26.747005462646484,50.323387145996094,41.185359954833984,76.96439361572266,29.053876876831055,59.22319412231445,37.06096649169922,73.8966293334961,17.958471298217773,24.96518898010254,16.766586303710938,40.18476867675781,25.125186920166016,52.29397201538086,37.8848762512207,10.736099243164062,14.591730117797852,21.72116470336914,124.229736328125,41.33308792114258,19.936073303222656,8.184102058410645,25.685958862304688,9.111316680908203,37.2209587097168,45.877403259277344,46.863372802734375,38.533607482910156,10.851380348205566,24.55373191833496,22.385202407836914,37.216407775878906,73.25337982177734
2011-04-07,20.143783569335938,10.149201393127441,39.07474899291992,48.929840087890625,31.911882400512695,40.834228515625,60.679073333740234,19.762134552001953,21.568233489990234,42.83334732055664,10.766263008117676,13.482481002807617,93.05703735351562,27.494182586669922,51.42731475830078,11.691509246826172,13.075268745422363,26.982389450073242,49.985477447509766,40.93341827392578,76.16700744628906,29.06456184387207,59.68111038208008,37.01982116699219,73.17741394042969,17.891145706176758,24.762731552124023,16.69875144958496,39.73561477661133,25.132226943969727,52.48649215698242,37.786651611328125,10.650020599365234,14.511311531066895,21.566970825195312,124.6210708618164,41.33308792114258,19.835527420043945,8.080049514770508,25.7545108795166,9.164533615112305,37.20706558227539,45.58784866333008,46.9986572265625,38.41636657714844,10.777054786682129,24.493288040161133,22.26150131225586,37.085166931152344,72.8456039428711
2011-04-08,20.04383087158203,10.058537483215332,39.06159591674805,49.03825378417969,31.53487205505371,40.68305587768555,61.0800895690918,19.96372413635254,21.513872146606445,42.70989990234375,10.835105895996094,13.475744247436523,92.87022399902344,27.3474063873291,51.44761276245117,11.521780967712402,12.961782455444336,26.718467712402344,50.00157928466797,40.800453186035156,76.14620208740234,28.964784622192383,59.02235412597656,36.97179412841797,72.60206604003906,17.891145706176758,25.293304443359375,16.963905334472656,39.533973693847656,25.104087829589844,51.65866470336914,37.8848762512207,10.548293113708496,14.423887252807617,21.198251724243164,123.51606750488281,41.290489196777344,19.569805145263672,7.975988388061523,25.555095672607422,9.122718811035156,37.38754653930664,45.125797271728516,46.87839889526367,38.35774612426758,10.834858894348145,23.687362670898438,22.397579193115234,36.803348541259766,72.43785095214844
2011-04-11,19.97463607788086,9.93065357208252,39.32438659667969,48.58754348754883,31.548343658447266,40.8736686706543,60.0329475402832,19.916290283203125,21.555437088012695,42.91133117675781,10.946321487426758,13.543060302734375,92.8135986328125,27.59246253967285,51.58968734741211,11.404281616210938,13.03085994720459,26.818328857421875,50.31267547607422,40.7724609375,75.62617492675781,29.082386016845703,59.25532531738281,37.25303268432617,72.56608581542969,18.03996467590332,25.160667419433594,16.896076202392578,40.3130989074707,25.230693817138672,51.665069580078125,37.96673583984375,10.556117057800293,14.416898727416992,21.050762176513672,123.90738677978516,40.95579528808594,19.32563591003418,7.731455326080322,25.760738372802734,9.2101469039917,37.07749557495117,45.101173400878906,47.306766510009766,38.35774612426758,10.950480461120605,23.888843536376953,22.57695960998535,36.6489372253418,71.72805786132812
2011-04-12,19.713233947753906,9.978687286376953,39.3769416809082,47.45783996582031,31.400211334228516,41.33371353149414,58.02777099609375,19.898502349853516,21.395536422729492,43.25571060180664,10.835105895996094,13.300740242004395,92.41732788085938,27.28206443786621,51.86711502075195,11.384697914123535,13.203559875488281,26.93244171142578,49.54564666748047,40.26158142089844,73.89274597167969,29.413799285888672,58.70905303955078,37.46567916870117,71.95478820800781,18.082489013671875,25.209535598754883,16.920747756958008,40.92723083496094,25.209598541259766,51.57524108886719,37.67204666137695,10.540470123291016,14.38542652130127,21.050762176513672,123.10169219970703,40.481101989746094,19.253814697265625,7.757469177246094,25.717119216918945,9.164533615112305,35.70768737792969,45.113487243652344,47.224090576171875,38.516021728515625,11.02480411529541,23.868696212768555,22.632631301879883,36.19343948364258,70.565185546875
2011-04-13,19.705543518066406,10.09066104888916,39.15359115600586,47.44644546508789,31.137653350830078,41.39944839477539,57.82166290283203,19.84514045715332,21.517070770263672,43.177734375,10.835105895996094,13.314197540283203,92.8135986328125,27.527116775512695,52.02271270751953,11.260666847229004,13.230691909790039,26.86825942993164,49.80847930908203,40.107608795166016,74.62772369384766,29.082386016845703,57.94584655761719,37.68517303466797,71.70303344726562,18.04671859741211,24.867448806762695,16.852916717529297,40.560577392578125,25.097055435180664,50.253292083740234,37.737518310546875,10.383967399597168,14.458853721618652,20.56807518005371,122.9098129272461,40.8219108581543,19.239452362060547,7.793886661529541,25.748281478881836,9.198745727539062,35.9390754699707,44.731536865234375,46.23963165283203,38.24049377441406,11.016545295715332,23.600059509277344,22.632631301879883,35.61826705932617,70.66337585449219
2011-04-14,19.544078826904297,9.97928524017334,39.42949676513672,47.60619354248047,30.275903701782227,41.603179931640625,58.41765213012695,20.076377868652344,21.84646987915039,43.34019088745117,10.850994110107422,13.179576873779297,93.39102935791016,27.608800888061523,52.144500732421875,11.208444595336914,13.198617935180664,26.9895076751709,49.851383209228516,40.24058532714844,74.59305572509766,29.164348602294922,58.082427978515625,37.60972213745117,71.91883850097656,18.24346351623535,24.86048126220703,17.02557373046875,40.6339225769043,25.14629364013672,49.881099700927734,37.55744171142578,10.274415016174316,14.633689880371094,20.212753295898438,119.54873657226562,40.50545883178711,19.239452362060547,7.705442428588867,25.829286575317383,9.388801574707031,36.22600555419922,44.60832977294922,46.05927276611328,38.32257080078125,11.103259086608887,23.532894134521484,22.917158126831055,35.70318603515625,71.16926574707031
2011-04-15,19.505638122558594,9.830390930175781,39.78425598144531,48.091163635253906,30.222036361694336,42.181556701660156,59.1751708984375,20.461780548095703,21.75052833557129,43.60659408569336,10.872177124023438,13.294004440307617,94.09300994873047,27.919198989868164,52.3542594909668,11.11705207824707,13.210954666137695,27.224872589111328,49.78701400756836,40.41553497314453,74.33653259277344,29.15365219116211,58.32343292236328,38.07616424560547,72.06266784667969,18.56540298461914,25.041976928710938,17.192062377929688,40.77140426635742,25.329174041748047,50.176300048828125,37.86031723022461,10.031838417053223,14.581242561340332,20.0384464263916,119.04232025146484,40.77931213378906,19.375905990600586,7.653414249420166,26.09101676940918,9.327980041503906,36.614715576171875,44.79313659667969,46.05927276611328,38.45155334472656,11.15280818939209,23.39185905456543,23.10272789001465,35.76496887207031,70.79928588867188
2011-04-18,19.28267478942871,9.962179183959961,39.718544006347656,47.412208557128906,29.59592056274414,42.063255310058594,58.20600509643555,20.11788558959961,21.526657104492188,43.63258743286133,10.803329467773438,13.206499099731445,93.94017028808594,27.469947814941406,52.097137451171875,10.921213150024414,13.151747703552246,26.93244171142578,49.05216598510742,39.9676399230957,72.04145050048828,28.98973846435547,58.476078033447266,37.877235412597656,71.8469009399414,18.343624114990234,24.832551956176758,17.00707244873047,39.54313659667969,25.05485725402832,49.34847640991211,37.70479202270508,9.718828201293945,14.098698616027832,19.79039192199707,118.00633239746094,39.96383285522461,19.06709098815918,7.606587886810303,25.953908920288086,9.343186378479004,35.91592788696289,44.306461334228516,45.40545654296875,38.54534149169922,10.962865829467773,23.136653900146484,22.997570037841797,35.27857208251953,69.11536407470703
2011-04-19,19.336496353149414,10.142595291137695,41.18351745605469,47.81159591674805,30.06045913696289,41.971248626708984,58.707305908203125,20.011159896850586,21.456296920776367,43.411659240722656,10.872177124023438,13.368047714233398,93.63442993164062,27.502601623535156,51.82650375366211,10.842880249023438,13.16161823272705,26.93958282470703,49.272098541259766,40.21259689331055,73.56685638427734,29.014671325683594,58.76528549194336,37.84980773925781,72.8897476196289,18.275653839111328,25.081253051757812,16.926912307739258,39.73561477661133,25.11111831665039,49.419071197509766,38.1795768737793,9.656231880187988,14.207090377807617,20.159114837646484,116.53301239013672,40.18900680541992,18.743919372558594,7.627396106719971,26.402568817138672,9.358391761779785,36.165828704833984,44.34341812133789,45.55576705932617,38.58637237548828,10.892668724060059,23.47916603088379,23.2264347076416,35.9541130065918,69.75720977783203
2011-04-20,19.80548858642578,10.279186248779297,42.300315856933594,48.867103576660156,29.999866485595703,41.87922286987305,60.04964828491211,20.1830997467041,21.699357986450195,43.74955749511719,10.79803466796875,14.411372184753418,93.26647186279297,27.862016677856445,53.044349670410156,11.051777839660645,13.245498657226562,27.060827255249023,50.29123306274414,41.10837936401367,75.39107513427734,28.961233139038086,60.30772399902344,38.535736083984375,73.35722351074219,18.171920776367188,25.396528244018555,17.081069946289062,40.221431732177734,25.413585662841797,49.97734069824219,38.474273681640625,9.60145378112793,14.259542465209961,19.327817916870117,117.1775894165039,40.389827728271484,18.700838088989258,7.85112190246582,26.52097511291504,9.21395206451416,37.017333984375,44.79313659667969,46.465087890625,38.85017013549805,10.79770278930664,24.050033569335938,23.510961532592773,36.49453353881836,70.8974838256836
2011-04-21,19.620967864990234,10.528057098388672,42.09010314941406,49.27219772338867,30.08066177368164,41.583465576171875,60.22788619995117,20.1830997467041,21.708955764770508,43.801536560058594,10.480293273925781,14.44503116607666,95.26487731933594,28.384782791137695,52.03622817993164,11.058302879333496,13.21835708618164,26.96097755432129,50.37704849243164,42.49406433105469,76.18479919433594,28.946866989135742,60.604957580566406,36.827762603759766,71.7390365600586,18.529630661010742,25.36850357055664,17.155075073242188,41.51387405395508,25.505022048950195,49.91317367553711,38.56431198120117,9.632752418518066,13.658112525939941,19.133398056030273,117.79914093017578,38.99624252319336,19.01682472229004,8.0280179977417,26.60198402404785,9.31657886505127,37.35979080200195,45.07651138305664,46.3974494934082,38.721214294433594,10.760536193847656,24.21120834350586,23.449108123779297,36.533138275146484,71.9244155883789
2011-04-25,19.690160751342773,10.597403526306152,42.116390228271484,49.19230651855469,30.03352928161621,41.649200439453125,59.83243942260742,20.355052947998047,21.6641845703125,43.554622650146484,10.66563892364502,14.768131256103516,94.91952514648438,28.45012855529785,52.185096740722656,11.16274642944336,13.166547775268555,26.789791107177734,50.48430252075195,42.21413803100586,75.78792572021484,28.67767333984375,60.171142578125,37.51369094848633,71.5232925415039,18.35793113708496,25.235382080078125,17.10573387145996,41.52304458618164,25.48391342163086,49.69499969482422,38.51519775390625,9.734478950500488,13.707066535949707,19.146804809570312,116.78626251220703,38.52764129638672,18.514108657836914,8.085248947143555,26.452428817749023,9.225351333618164,37.24409484863281,45.366058349609375,46.19453811645508,37.66011428833008,10.768798828125,23.969440460205078,23.634668350219727,36.0660514831543,71.52420043945312
2011-04-26,20.136098861694336,10.519649505615234,42.668209075927734,49.87696075439453,30.376890182495117,41.95151138305664,60.57323455810547,20.787891387939453,21.405128479003906,43.996463775634766,10.692119598388672,15.131611824035645,95.38369750976562,28.564498901367188,52.05653762817383,11.436923027038574,13.299769401550293,26.540159225463867,51.46052932739258,43.38983917236328,77.93936920166016,28.91097068786621,60.693336486816406,38.56317901611328,72.27839660644531,18.51889991760254,25.284425735473633,17.340065002441406,41.706382751464844,25.898921966552734,50.721771240234375,38.55613327026367,9.570154190063477,13.818963050842285,19.35462760925293,117.61494445800781,38.76498794555664,18.564380645751953,8.147683143615723,26.714153289794922,9.232955932617188,37.58191680908203,45.77267074584961,46.9610595703125,37.99427795410156,10.855507850646973,24.412696838378906,23.8078670501709,36.27450180053711,73.2458267211914
2011-04-27,20.28217887878418,10.511544227600098,43.07551574707031,50.08235549926758,30.63272476196289,42.42534637451172,60.695777893066406,21.125856399536133,21.42751121520996,44.139408111572266,10.925134658813477,15.232575416564941,96.44804382324219,28.793197631835938,52.68577575683594,11.221497535705566,13.425585746765137,26.618614196777344,51.74481964111328,43.011940002441406,78.40586853027344,29.094017028808594,61.15121078491211,38.974735260009766,74.25621032714844,18.665571212768555,25.480602264404297,17.438724517822266,42.091339111328125,26.187314987182617,50.79875946044922,38.9818000793457,9.64840316772461,13.948335647583008,19.622793197631836,117.30036926269531,39.51959228515625,18.34852409362793,8.106060028076172,26.720380783081055,9.346991539001465,36.94329071044922,45.75419235229492,47.26917266845703,38.105648040771484,10.99177360534668,24.38583755493164,23.83260726928711,36.13168716430664,73.06462097167969
2011-04-28,20.5358943939209,10.409476280212402,42.950687408447266,49.83131408691406,30.86835289001465,42.74342727661133,60.60663604736328,21.208866119384766,21.558645248413086,45.302513122558594,11.031045913696289,15.347005844116211,96.68012237548828,28.825883865356445,52.794036865234375,11.286779403686523,13.492195129394531,26.725603103637695,52.1524658203125,42.69700241088867,78.42676544189453,29.77956199645996,63.1033935546875,39.1942253112793,74.076416015625,18.704912185668945,25.396528244018555,17.44489860534668,43.05380630493164,26.257644653320312,50.73458480834961,39.718528747558594,9.718828201293945,13.759512901306152,19.622793197631836,115.56607055664062,39.32485580444336,18.578771591186523,8.064437866210938,26.901094436645508,9.153129577636719,35.841888427734375,46.08684158325195,47.41197204589844,38.445674896240234,11.004157066345215,24.405981063842773,23.814043045043945,36.34012222290039,72.42276000976562
2011-04-29,19.928497314453125,10.510947227478027,43.1740608215332,50.19648361206055,30.72024917602539,43.00851821899414,60.95757293701172,21.315587997436523,21.574636459350586,44.763179779052734,11.105189323425293,15.582595825195312,96.56690216064453,29.373138427734375,52.98347091674805,11.436923027038574,13.563745498657227,26.497373580932617,52.14173126220703,42.8509635925293,80.35542297363281,30.274877548217773,64.09150695800781,38.995296478271484,73.5370101928711,18.6154842376709,25.37550163269043,17.327733993530273,42.925472259521484,26.032562255859375,50.85653305053711,40.17694854736328,9.609275817871094,13.581188201904297,19.515527725219727,115.8807144165039,39.09968566894531,18.816226959228516,8.048831939697266,26.620689392089844,9.240557670593262,36.50828552246094,46.1854133605957,47.80274200439453,38.72706985473633,11.082612037658691,24.862668991088867,23.863534927368164,36.54472732543945,73.62338256835938
2011-05-02,19.728609085083008,10.395363807678223,43.4959602355957,49.62021255493164,30.41729164123535,43.19405746459961,60.255733489990234,21.529037475585938,21.657785415649414,45.03609848022461,11.131665229797363,15.421046257019043,97.4556884765625,29.708051681518555,53.20673751831055,11.476089477539062,13.578546524047852,26.640012741088867,51.986183166503906,43.067928314208984,79.63128662109375,30.346660614013672,63.89066696166992,39.35885238647461,73.64488983154297,18.812227249145508,25.326465606689453,17.543560028076172,42.53132247924805,26.243587493896484,50.52925491333008,40.643558502197266,9.656231880187988,14.22108268737793,19.528934478759766,116.10324096679688,38.89888381958008,18.729883193969727,8.038424491882324,26.365184783935547,9.156929969787598,35.85114288330078,46.12381362915039,48.22357940673828,38.84431457519531,11.057842254638672,24.8492374420166,24.080028533935547,36.336265563964844,73.54032135009766
2011-05-03,19.84392547607422,10.4530029296875,43.528804779052734,48.8499755859375,30.915481567382812,43.545284271240234,59.13617706298828,21.588335037231445,21.708955764770508,45.218040466308594,10.824514389038086,15.636442184448242,97.86331176757812,29.520179748535156,53.40972137451172,11.36511516571045,13.682158470153809,26.640012741088867,51.937896728515625,43.249881744384766,78.86540985107422,30.400474548339844,63.874610900878906,39.441158294677734,74.22021484375,18.905235290527344,25.578685760498047,17.777881622314453,42.62298583984375,26.792226791381836,51.2672233581543,40.84821319580078,9.859683990478516,14.567249298095703,19.783687591552734,116.54063415527344,38.332923889160156,18.506818771362305,8.00200366973877,26.869935989379883,9.156929969787598,34.490577697753906,46.259342193603516,48.88490676879883,39.25469207763672,11.148680686950684,23.17694854736328,24.29652214050293,35.552650451660156,71.72052001953125
2011-05-04,20.036148071289062,10.494133949279785,43.141204833984375,48.387855529785156,30.63272476196289,44.04893493652344,58.306251525878906,21.677276611328125,21.574636459350586,45.37400436401367,10.930431365966797,15.942410469055176,96.58953094482422,28.793197631835938,53.49766540527344,11.404281616210938,13.659960746765137,26.525903701782227,51.5999870300293,42.21413803100586,77.12477111816406,30.7414608001709,63.33634948730469,39.56462478637695,72.8897476196289,18.93742561340332,25.305452346801758,17.703882217407227,42.091339111328125,26.81332778930664,50.63833999633789,40.684486389160156,9.773602485656738,14.451858520507812,19.373069763183594,116.27206420898438,38.20511245727539,18.276561737060547,7.8823370933532715,26.65807342529297,9.183539390563965,34.08333206176758,45.74186706542969,48.44903564453125,39.4188346862793,11.08674144744873,23.317989349365234,24.00579071044922,34.89253616333008,70.24803161621094
2011-05-05,19.82855987548828,10.409476280212402,42.707637786865234,47.13834762573242,30.410547256469727,43.65794372558594,57.15885925292969,21.493467330932617,21.331571578979492,44.724212646484375,10.79803466796875,16.01702117919922,95.36676788330078,28.319429397583008,53.1796760559082,11.410805702209473,13.585943222045898,26.39750862121582,50.913414001464844,42.09514617919922,76.1639175415039,30.472274780273438,63.023040771484375,39.38627243041992,71.55923461914062,18.80507469177246,25.77484703063965,17.568227767944336,43.24628829956055,26.862577438354492,51.21586990356445,40.537147521972656,9.62492847442627,14.203594207763672,18.935529708862305,115.42034912109375,38.01646423339844,18.089481353759766,7.845919609069824,26.483591079711914,9.236753463745117,33.30588150024414,45.563194274902344,48.20854949951172,39.17847442626953,11.016545295715332,22.888166427612305,23.758378982543945,34.83463668823242,69.12293243408203
2011-05-06,19.89006233215332,10.40677261352539,42.87842559814453,47.17829895019531,30.32301902770996,43.253700256347656,57.30363082885742,21.576475143432617,21.395536422729492,45.01011657714844,10.882768630981445,15.77280044555664,96.03771209716797,28.4827938079834,53.24733352661133,11.463034629821777,13.573609352111816,26.383241653442383,51.27817916870117,42.655025482177734,76.82535552978516,30.465105056762695,63.713905334472656,39.53033447265625,71.95478820800781,18.787185668945312,25.93598747253418,17.66071891784668,42.9713134765625,27.003244400024414,51.305728912353516,41.09379196166992,9.632752418518066,14.33996868133545,19.016298294067383,115.1823959350586,38.04689407348633,18.16143798828125,7.8615241050720215,26.383874893188477,9.2101469039917,33.75477600097656,45.64945602416992,48.43401336669922,39.207786560058594,11.132159233093262,22.81428337097168,23.919204711914062,35.11434555053711,69.11536407470703
2011-05-09,19.859312057495117,10.434991836547852,43.114925384521484,47.45783996582031,30.269168853759766,43.167564392089844,57.97761154174805,21.629831314086914,21.411521911621094,45.36749267578125,10.909247398376465,15.440388679504395,96.15714263916016,28.75236701965332,53.660030364990234,11.489143371582031,13.593345642089844,26.361845016479492,51.48734664916992,43.1239128112793,77.74442291259766,30.50098419189453,63.97903060913086,39.571495056152344,72.17057037353516,18.83726692199707,26.258255004882812,17.71004867553711,43.237117767333984,27.115793228149414,51.29289627075195,41.085609436035156,9.531027793884277,14.420393943786621,18.989377975463867,114.43041229248047,38.113834381103516,18.046310424804688,7.845919609069824,26.857458114624023,9.232955932617188,34.1157341003418,45.40302658081055,48.70453643798828,39.395381927490234,11.2064790725708,22.908308029174805,23.943944931030273,35.460086822509766,70.07434844970703
2011-05-10,19.736299514770508,10.490530967712402,43.20032501220703,47.54914474487305,30.403823852539062,43.55854415893555,58.128013610839844,21.801790237426758,21.536251068115234,45.50395965576172,11.046935081481934,15.623559951782227,96.8850326538086,29.09542465209961,53.93067169189453,11.613173484802246,13.699424743652344,26.582956314086914,51.3371696472168,43.22188949584961,78.5868911743164,30.67327880859375,64.22808837890625,39.98990249633789,72.99761199951172,18.901657104492188,26.265262603759766,17.765548706054688,43.4754524230957,27.235366821289062,50.98488998413086,41.069236755371094,9.609275817871094,14.350459098815918,19.20478630065918,115.41264343261719,38.50938415527344,18.319740295410156,7.8823370933532715,27.10672950744629,9.350790023803711,34.522972106933594,45.81577682495117,48.86235046386719,39.6709098815918,11.218873023986816,22.43819236755371,24.123315811157227,35.65432357788086,71.35047912597656
2011-05-11,19.497949600219727,10.423882484436035,43.732452392578125,46.54503631591797,29.7777042388916,43.684452056884766,56.95833206176758,21.718778610229492,21.529857635498047,45.61439895629883,11.020195960998535,15.881342887878418,96.38460540771484,28.572650909423828,53.79536437988281,11.606642723083496,13.70067024230957,26.554424285888672,51.2352294921875,42.885955810546875,76.57469940185547,30.533296585083008,63.86466598510742,40.3740348815918,72.24244689941406,18.976770401000977,26.27227210998535,17.734708786010742,43.741268157958984,27.27098846435547,50.939945220947266,40.79090881347656,9.585803031921387,14.256051063537598,18.955718994140625,113.47880554199219,37.83389663696289,17.708127975463867,7.8823370933532715,27.474374771118164,9.339386940002441,33.5604133605957,45.98830032348633,48.83981704711914,39.55952835083008,11.173450469970703,21.880760192871094,23.99962043762207,34.958946228027344,68.93415069580078
2011-05-12,19.46719741821289,10.404070854187012,44.13975524902344,46.50487518310547,29.683443069458008,44.29412841796875,57.236820220947266,22.056745529174805,21.84646987915039,46.108238220214844,11.169921875,16.08486557006836,97.94269561767578,29.185272216796875,54.57344436645508,11.051777839660645,13.83725643157959,26.59722137451172,51.84136962890625,42.592041015625,75.63477325439453,31.30137825012207,64.13116455078125,40.92277145385742,72.4222640991211,19.148473739624023,26.75567626953125,17.827213287353516,44.04374694824219,27.612951278686523,51.38272476196289,40.55351257324219,9.54667854309082,14.43787670135498,19.002845764160156,109.54227447509766,38.20511245727539,17.636159896850586,7.939568996429443,27.997833251953125,9.558890342712402,33.09762191772461,46.118553161621094,49.11785888671875,40.098876953125,11.293200492858887,21.692712783813477,24.43877601623535,34.850189208984375,68.23187255859375
2011-05-13,19.244232177734375,10.221850395202637,43.765296936035156,46.40157699584961,29.050588607788086,44.30738830566406,57.03071975708008,21.985597610473633,21.804895401000977,45.848331451416016,11.185956954956055,15.881342887878418,96.6234359741211,28.744186401367188,54.6275634765625,11.019135475158691,13.83725643157959,26.39750862121582,51.49809646606445,42.347084045410156,74.03336334228516,31.064495086669922,63.824275970458984,41.4783821105957,71.5232925415039,19.134172439575195,26.713634490966797,17.765548706054688,44.630393981933594,27.74829864501953,51.07469177246094,40.51259231567383,9.335397720336914,14.40640640258789,18.800901412963867,108.5523452758789,37.7304573059082,17.36273956298828,7.845919609069824,28.02275276184082,9.555074691772461,33.05598831176758,45.994483947753906,48.742122650146484,40.03437805175781,11.276683807373047,21.625547409057617,24.568679809570312,34.368473052978516,66.23839569091797
2011-05-16,18.89055824279785,10.005705833435059,43.60106658935547,46.04011535644531,28.868810653686523,44.360408782958984,56.618560791015625,22.116031646728516,21.692962646484375,45.952293395996094,11.218036651611328,16.037376403808594,96.02070617675781,27.919198989868164,54.89821243286133,10.836353302001953,13.921686172485352,26.376115798950195,51.20307922363281,42.074153900146484,73.86624908447266,30.849145889282227,62.80671691894531,41.059967041015625,71.05579376220703,19.316600799560547,26.86777114868164,17.753215789794922,44.529571533203125,27.89078712463379,51.55597686767578,40.98737716674805,9.280620574951172,14.182618141174316,18.753786087036133,107.89241027832031,37.65132522583008,17.182849884033203,7.8719329833984375,28.1162166595459,9.535984992980957,33.05598831176758,45.78355407714844,48.68198776245117,39.91713333129883,11.351005554199219,21.49795150756836,24.500638961791992,34.42673873901367,66.54801177978516
2011-05-17,18.975690841674805,10.090963363647461,43.62077713012695,46.13764953613281,29.494932174682617,44.6784782409668,56.360374450683594,22.098249435424805,21.744136810302734,46.20569610595703,11.303594589233398,15.976320266723633,96.95329284667969,27.723154067993164,54.756107330322266,10.862466812133789,13.79255199432373,26.67568016052246,50.34486770629883,41.27635192871094,71.07423400878906,30.9639949798584,61.926429748535156,41.7664794921875,70.44448852539062,19.13775062561035,27.05694007873535,17.666889190673828,44.1170768737793,27.87653160095215,51.05545425415039,41.552215576171875,9.311922073364258,14.151148796081543,19.352882385253906,108.05355834960938,37.83999252319336,17.413105010986328,7.7886881828308105,27.605234146118164,9.661957740783691,33.10689163208008,45.547813415527344,48.50164794921875,40.0695686340332,11.4212007522583,21.470943450927734,24.661453247070312,33.96057891845703,65.66453552246094
2011-05-18,19.107248306274414,10.202937126159668,43.68646240234375,46.900779724121094,29.676712036132812,44.651981353759766,57.73554992675781,22.282047271728516,21.843273162841797,46.309669494628906,11.32498550415039,16.2001953125,96.91915893554688,27.69864845275879,55.14177703857422,10.868993759155273,13.70315170288086,26.718467712402344,50.684776306152344,41.911888122558594,73.28140258789062,30.942472457885742,62.29790115356445,41.958526611328125,71.05579376220703,19.252212524414062,27.007890701293945,17.7963809967041,45.51034927368164,27.60581398010254,51.34421920776367,41.79777145385742,9.22584342956543,14.105690002441406,19.467315673828125,108.07658386230469,38.50938415527344,17.535429000854492,7.866728782653809,27.645912170410156,9.681046485900879,33.694618225097656,45.80836868286133,48.61436080932617,40.03437805175781,11.507913589477539,21.43720054626465,24.673839569091797,34.60542678833008,65.31716918945312
2011-05-19,19.130468368530273,10.222747802734375,43.61420822143555,47.23931121826172,29.62285041809082,44.704994201660156,58.302459716796875,22.163469314575195,21.894437789916992,46.641056060791016,11.244779586791992,15.969536781311035,97.00445556640625,28.180583953857422,55.825130462646484,10.875519752502441,13.777655601501465,26.66854476928711,51.1002311706543,41.869651794433594,73.31620025634766,31.190114974975586,63.00859451293945,41.869361877441406,71.7750015258789,19.1091251373291,26.92381477355957,17.63604736328125,45.400352478027344,27.577329635620117,51.58164978027344,42.41992950439453,9.147594451904297,14.053237915039062,19.25864028930664,106.92552185058594,38.78324508666992,17.48505973815918,7.866728782653809,27.670927047729492,9.72685718536377,33.95147705078125,46.093746185302734,48.967559814453125,40.11647033691406,11.553329467773438,21.25495719909668,24.71094512939453,34.54716873168945,64.96980285644531
2011-05-20,18.952470779418945,10.063343048095703,43.15435028076172,46.8032341003418,29.037128448486328,44.638729095458984,57.572776794433594,21.973726272583008,21.843273162841797,46.329166412353516,11.062975883483887,15.75245475769043,96.75991821289062,27.992708206176758,55.703338623046875,10.790657997131348,13.730475425720215,26.426044464111328,50.47975158691406,41.51774215698242,72.64083862304688,31.064495086669922,62.60480499267578,41.745906829833984,70.55237579345703,19.141326904296875,26.902801513671875,17.494224548339844,45.042877197265625,27.384967803955078,51.177364349365234,41.90420913696289,9.061518669128418,14.329476356506348,18.8480224609375,103.58744049072266,38.28424072265625,17.146873474121094,7.804296016693115,27.758520126342773,9.5321683883667,33.90943908691406,45.93864440917969,48.47157287597656,39.96989822387695,11.454236030578613,21.09971046447754,24.568679809570312,34.20530700683594,63.9957160949707
2011-05-23,18.704832077026367,10.038726806640625,43.068939208984375,46.28682327270508,28.64664077758789,44.43329620361328,56.89921188354492,21.878864288330078,21.584217071533203,46.160213470458984,11.009506225585938,15.508223533630371,95.67948150634766,27.086029052734375,55.81835174560547,10.673154830932617,13.713091850280762,26.261993408203125,49.90241622924805,41.1588134765625,70.94194793701172,30.892215728759766,61.60338592529297,41.47152328491211,69.72530364990234,19.04831886291504,26.601545333862305,17.38939094543457,44.44706726074219,27.356475830078125,50.843685150146484,41.846900939941406,8.936317443847656,14.13715934753418,18.53163719177246,104.23969268798828,37.68784713745117,17.0461368560791,7.70023775100708,27.839847564697266,9.383284568786621,33.311676025390625,45.59744644165039,48.95254898071289,39.829200744628906,11.499653816223145,20.903974533081055,24.593420028686523,33.66533279418945,62.71957015991211
2011-05-24,18.68935203552246,9.972384452819824,43.21346664428711,46.64255905151367,28.505260467529297,44.40679168701172,57.40441131591797,21.861083984375,21.57783317565918,46.121238708496094,10.972076416015625,15.338626861572266,95.52599334716797,26.988006591796875,55.9130744934082,10.620929718017578,13.603821754455566,26.069408416748047,49.62187194824219,40.99693298339844,70.70525360107422,30.723520278930664,61.03000259399414,41.10111999511719,68.68246459960938,19.076946258544922,26.74165916442871,17.42022705078125,43.53044128417969,27.50609016418457,50.43939971923828,41.38848876953125,8.967619895935059,14.13366413116455,18.598955154418945,104.6234130859375,37.86433792114258,16.931011199951172,7.627396106719971,27.708477020263672,9.341290473937988,33.5825309753418,45.23142623901367,49.29823684692383,40.0695686340332,11.528559684753418,20.897216796875,24.4697208404541,33.381744384765625,63.014076232910156
2011-05-25,18.720306396484375,10.110173225402832,43.54853057861328,47.02699279785156,28.458139419555664,43.98927688598633,57.9544677734375,21.75434684753418,21.398738861083984,45.776851654052734,11.111101150512695,15.386112213134766,95.38948822021484,26.94717025756836,55.96723175048828,10.568704605102539,13.549181938171387,26.1264705657959,50.01034164428711,41.43329620361328,71.88887786865234,30.536874771118164,61.635677337646484,41.046234130859375,69.11400604248047,18.94815444946289,26.74165916442871,17.438724517822266,43.521278381347656,27.292354583740234,50.34955596923828,41.265716552734375,8.905016899108887,14.154645919799805,18.551836013793945,104.54668426513672,37.803462982177734,16.95259666442871,7.585776329040527,27.61463165283203,9.24204158782959,33.61056137084961,45.16318130493164,48.78720474243164,39.64161682128906,11.52442741394043,20.944461822509766,24.234663009643555,33.92561721801758,63.96549987792969
2011-05-26,19.091766357421875,10.05673599243164,43.40935134887695,47.27373504638672,28.57931900024414,43.863380432128906,58.01619338989258,21.570537567138672,21.331571578979492,45.757354736328125,11.17526626586914,15.264004707336426,95.06538391113281,27.28206443786621,55.771018981933594,10.607873916625977,13.5640869140625,25.812637329101562,50.08048629760742,41.172889709472656,72.54335021972656,30.623022079467773,61.91027069091797,40.99135971069336,69.83319091796875,18.65125846862793,26.727651596069336,17.51888656616211,44.639556884765625,27.014522552490234,49.887508392333984,41.48671340942383,8.967619895935059,14.301504135131836,18.646072387695312,104.56200408935547,37.803462982177734,16.945392608642578,7.575368881225586,27.3393611907959,9.291666030883789,33.7833366394043,45.268646240234375,48.74177169799805,39.694366455078125,11.466620445251465,21.153709411621094,24.203739166259766,33.836265563964844,64.13922119140625
2011-05-27,19.161420822143555,10.129088401794434,44.2442626953125,47.41143798828125,28.8082218170166,43.87001419067383,57.932029724121094,21.46974754333496,21.270811080932617,45.74435806274414,11.191302299499512,15.067262649536133,95.24735260009766,27.527116775512695,55.634666442871094,10.74495792388916,13.583955764770508,25.677127838134766,50.43118667602539,41.65850830078125,72.8288345336914,30.766576766967773,62.17678451538086,40.71013259887695,69.90509796142578,18.440202713012695,27.18303871154785,17.555883407592773,45.345359802246094,26.964651107788086,50.062469482421875,41.85509490966797,9.147594451904297,14.402908325195312,18.9422607421875,106.67769622802734,37.998207092285156,17.319562911987305,7.596179962158203,27.345609664916992,9.43673038482666,33.92343521118164,45.26243209838867,49.14315414428711,39.66505432128906,11.53681468963623,21.740936279296875,24.30270767211914,34.108192443847656,64.7432632446289
2011-05-31,19.354894638061523,10.44189453125,44.58885955810547,47.89341354370117,29.111181259155273,44.40016174316406,58.88623046875,21.78992462158203,21.366750717163086,46.21220779418945,11.46934700012207,15.270783424377441,96.06047821044922,27.95186996459961,55.58014678955078,10.966910362243652,13.713091850280762,25.8768310546875,50.92214584350586,41.911888122558594,73.6643295288086,31.41623306274414,63.01670837402344,41.52638626098633,70.62430572509766,18.690601348876953,27.10597801208496,17.734708786010742,45.730350494384766,27.413469314575195,50.47718811035156,42.23982238769531,9.194541931152344,14.59522819519043,19.097087860107422,108.2702865600586,38.52156448364258,17.384321212768555,7.762670040130615,27.295562744140625,9.474905967712402,34.19430160522461,45.59122848510742,49.44609069824219,40.04024887084961,11.586366653442383,21.87593650817871,24.5996036529541,34.45782470703125,65.00001525878906
2011-06-01,18.906038284301758,10.372247695922852,44.0521240234375,47.06715774536133,28.114770889282227,44.00254821777344,57.527854919433594,21.493467330932617,21.35076332092285,46.00602340698242,11.255467414855957,14.924803733825684,94.71281433105469,26.857318878173828,55.19844055175781,10.692736625671387,13.484620094299316,25.249176025390625,49.33591842651367,40.49018859863281,70.48941802978516,31.193714141845703,60.85232162475586,40.95020294189453,68.79034423828125,18.57255744934082,26.888795852661133,17.432558059692383,45.079532623291016,27.028762817382812,49.09050369262695,40.85640335083008,8.802950859069824,14.434382438659668,18.134489059448242,104.76203155517578,36.221221923828125,16.643186569213867,7.403675079345703,27.101619720458984,9.123698234558105,33.7833366394043,44.852996826171875,48.27980041503906,39.57126235961914,11.528559684753418,20.998472213745117,24.25940704345703,33.70417785644531,62.49306106567383
2011-06-02,18.74352264404297,10.389959335327148,44.0521240234375,46.66552734375,28.013792037963867,43.74410629272461,56.758907318115234,21.434171676635742,21.120498657226562,45.49551010131836,11.22873592376709,14.985862731933594,94.44554901123047,26.726619720458984,55.04164505004883,10.607873916625977,13.298360824584961,25.028064727783203,49.34669876098633,40.785797119140625,71.15082550048828,30.680450439453125,61.12690734863281,40.64153289794922,68.64652252197266,18.3328857421875,26.993873596191406,17.321565628051758,45.583683013916016,26.72955894470215,49.071083068847656,41.00374984741211,8.842113494873047,14.4833345413208,18.282581329345703,103.38492584228516,36.45856475830078,16.556840896606445,7.377661228179932,27.03905487060547,9.0702543258667,33.694618225097656,44.865394592285156,48.31767272949219,39.21951675415039,11.384037017822266,20.7149715423584,23.783126831054688,33.474971771240234,63.603050231933594
2011-06-03,18.503618240356445,10.310102462768555,43.79366683959961,46.5794563293457,27.98686981201172,43.359737396240234,56.69154739379883,21.238506317138672,20.95738410949707,45.142066955566406,11.143182754516602,14.741632461547852,93.85417175292969,26.408058166503906,54.898521423339844,10.451203346252441,13.325685501098633,24.699966430664062,48.93663787841797,40.29310989379883,70.39191436767578,30.1887264251709,60.440467834472656,40.25741958618164,67.67562866210938,18.272071838378906,26.601545333862305,17.253732681274414,45.473690032958984,26.394718170166016,49.427452087402344,40.34067916870117,8.834283828735352,14.353955268859863,18.080636978149414,104.11579132080078,35.88652038574219,16.63599395751953,7.289211273193359,26.99527359008789,8.997725486755371,33.80669021606445,44.13956832885742,48.09046936035156,38.70362854003906,11.396425247192383,20.512483596801758,23.46766471862793,32.99327087402344,62.07018280029297
2011-06-06,18.58100128173828,10.14799976348877,43.76716995239258,46.06879806518555,27.286680221557617,43.4061164855957,55.95060729980469,21.0843448638916,20.92221450805664,45.08969497680664,11.089713096618652,14.809476852416992,93.68355560302734,26.293704986572266,55.00756072998047,10.438149452209473,13.350520133972168,24.45746421813965,48.89347839355469,40.43388366699219,69.52855682373047,30.303585052490234,60.2304801940918,40.195682525634766,66.38105010986328,18.25061798095703,26.09712028503418,17.247570037841797,43.97958755493164,26.444599151611328,50.140228271484375,39.9313850402832,8.481852531433105,14.305004119873047,17.676746368408203,103.0156021118164,35.32057189941406,16.204265594482422,7.2371826171875,26.86387825012207,8.841208457946777,33.12018966674805,43.64947509765625,47.840553283691406,38.77983093261719,11.251906394958496,20.424741744995117,23.38725471496582,32.67083740234375,61.69260787963867
2011-06-07,18.61969757080078,9.967877388000488,43.4027214050293,45.90239334106445,27.414615631103516,43.11453628540039,55.8327522277832,21.09027862548828,20.851848602294922,45.11588668823242,11.089713096618652,14.96550464630127,93.08081817626953,26.007814407348633,55.30750274658203,10.124808311462402,13.367898941040039,24.485984802246094,49.01757049560547,40.0116081237793,69.5424575805664,30.109777450561523,59.907447814941406,40.35345458984375,66.45296478271484,18.3793888092041,26.181182861328125,17.259902954101562,44.20874786376953,26.544342041015625,50.08192443847656,40.02141571044922,8.340877532958984,14.346965789794922,17.346904754638672,102.31552124023438,35.58224105834961,16.017179489135742,7.257994174957275,26.857637405395508,8.89465045928955,33.096839904785156,43.27103042602539,47.969303131103516,38.63327407836914,11.189967155456543,20.336992263793945,23.411998748779297,33.28462600708008,61.322601318359375
2011-06-08,18.52684211730957,9.973882675170898,43.82680892944336,46.33847427368164,27.19242286682129,42.975379943847656,56.1021614074707,21.220720291137695,20.915813446044922,45.05698776245117,11.057632446289062,14.80268669128418,93.4504165649414,25.525880813598633,55.31431579589844,9.987723350524902,13.333133697509766,24.321945190429688,49.049949645996094,39.46261215209961,68.26136016845703,30.22461700439453,59.640926361083984,40.435760498046875,66.5608901977539,18.433055877685547,26.279272079467773,17.216737747192383,44.217918395996094,26.551462173461914,49.971763610839844,39.37474060058594,8.254725456237793,14.388925552368164,17.070919036865234,101.23843383789062,34.742431640625,15.779725074768066,7.127923488616943,27.0140380859375,9.01681137084961,33.37238311767578,42.9670524597168,47.810272216796875,38.78733444213867,11.268423080444336,20.080503463745117,23.46148109436035,32.80678939819336,60.37873077392578
2011-06-09,18.542308807373047,9.951370239257812,44.25090026855469,46.5794563293457,27.58965301513672,43.0814094543457,56.82063293457031,21.345237731933594,21.072525024414062,45.49551010131836,11.095061302185059,14.761985778808594,93.73471069335938,25.836280822753906,55.38928985595703,9.99424934387207,13.315755844116211,24.485984802246094,49.616485595703125,39.737098693847656,69.11079406738281,30.544065475463867,59.907447814941406,40.38775634765625,66.81259155273438,18.433055877685547,26.447402954101562,17.179738998413086,46.197818756103516,26.872051239013672,50.470680236816406,39.56301498413086,8.340877532958984,14.39242172241211,17.64982795715332,102.73095703125,35.37535095214844,16.19706916809082,7.179951190948486,27.276796340942383,9.085528373718262,33.86273956298828,42.98567581176758,48.20407485961914,38.76955032348633,11.338619232177734,20.309988021850586,23.541894912719727,33.12146759033203,61.91914367675781
2011-06-10,18.348840713500977,9.783555030822754,43.79366683959961,45.776161193847656,27.636777877807617,42.875980377197266,55.945003509521484,21.019128799438477,20.912616729736328,44.95881652832031,10.752846717834473,14.504194259643555,92.79081726074219,25.468711853027344,54.775821685791016,9.870221138000488,13.09224796295166,23.87259292602539,48.95282745361328,39.08256530761719,67.39104461669922,30.400474548339844,58.704124450683594,39.777259826660156,65.87765502929688,18.207691192626953,26.0690860748291,16.926912307739258,44.997039794921875,26.394718170166016,50.088382720947266,39.08003234863281,8.458356857299805,14.067224502563477,17.690210342407227,104.56967163085938,34.69621658325195,16.326587677001953,6.945822238922119,26.882654190063477,8.887016296386719,33.38638687133789,42.495574951171875,47.340694427490234,38.28959655761719,11.15280818939209,19.938764572143555,23.232616424560547,32.67469024658203,61.76814270019531
2011-06-13,18.604225158691406,9.804570198059082,44.125,45.4605827331543,28.054189682006836,42.9223518371582,55.529632568359375,21.174949645996094,20.97704315185547,45.20096969604492,10.939993858337402,14.510977745056152,92.78511047363281,25.836280822753906,55.02802658081055,9.83105182647705,13.067414283752441,23.901113510131836,49.2603645324707,39.20924377441406,66.45108032226562,30.630197525024414,58.9060173034668,40.0516357421875,66.1293716430664,18.386547088623047,26.139158248901367,17.0194091796875,45.15286636352539,26.51582908630371,51.099220275878906,39.48933029174805,8.591497421264648,13.972814559936523,18.10755729675293,105.808349609375,34.6778450012207,16.808683395385742,6.836564064025879,27.2142391204834,8.9366455078125,33.04079818725586,42.47075271606445,48.11319351196289,38.45551300048828,11.278449058532715,20.114248275756836,23.56044578552246,32.569820404052734,60.55995178222656
2011-06-14,18.74352264404297,9.979888916015625,44.46293258666992,46.12042999267578,28.013792037963867,42.91573715209961,56.46699905395508,21.36075210571289,21.1348876953125,45.5347900390625,11.004161834716797,14.80268669128418,93.32532501220703,26.20384979248047,55.532413482666016,9.844109535217285,13.139434814453125,24.971860885620117,49.95637893676758,40.250892639160156,68.13606262207031,31.082443237304688,60.27894592285156,40.14767837524414,66.88450622558594,18.347196578979492,26.559511184692383,17.074899673461914,46.20698165893555,26.793682098388672,51.604644775390625,39.415653228759766,8.458356857299805,13.909873962402344,18.188344955444336,105.47754669189453,35.34474182128906,16.405738830566406,6.987446308135986,27.5896053314209,8.864116668701172,33.5638427734375,42.9360466003418,48.82508087158203,38.87028503417969,11.462722778320312,20.444984436035156,23.677974700927734,33.214691162109375,61.91914367675781
2011-06-15,18.372055053710938,9.809075355529785,43.840065002441406,45.13353729248047,27.38767433166504,42.253047943115234,55.237754821777344,21.07905387878418,20.928728103637695,44.82136154174805,10.79562759399414,14.531331062316895,92.30744934082031,25.45236587524414,55.375640869140625,9.687437057495117,12.992915153503418,24.34666633605957,49.114688873291016,39.44854736328125,66.59728240966797,30.78094482421875,59.640926361083984,39.708683013916016,66.1293716430664,18.354354858398438,26.034072875976562,16.908409118652344,45.11620330810547,26.501588821411133,51.59816360473633,38.70347595214844,8.223403930664062,13.864419937133789,17.871959686279297,103.74649810791016,34.665626525878906,15.887664794921875,6.841768264770508,27.395662307739258,8.761042594909668,32.956748962402344,42.87400817871094,48.09046936035156,38.60956954956055,11.144432067871094,19.965757369995117,23.337766647338867,32.62031555175781,60.5675163269043
2011-06-16,18.573270797729492,9.76133918762207,43.94609069824219,45.454856872558594,27.17222785949707,42.584388732910156,55.8102912902832,21.085046768188477,21.09623146057129,45.08969497680664,10.822361946105957,14.531331062316895,92.50079345703125,25.158315658569336,55.76417541503906,9.824525833129883,13.119566917419434,24.79220962524414,49.41144561767578,39.659706115722656,66.46500396728516,31.07168197631836,59.7701530456543,40.01734924316406,66.8544692993164,18.354354858398438,26.160165786743164,16.939239501953125,44.95121765136719,26.51582908630371,51.77960968017578,39.62849807739258,8.301715850830078,13.864419937133789,18.04024314880371,104.70048522949219,34.74516677856445,15.930832862854004,6.675274848937988,27.764772415161133,9.158059120178223,33.44709396362305,42.8367919921875,49.01441192626953,38.94139099121094,11.278449058532715,19.925251007080078,23.430559158325195,32.67469024658203,59.85769271850586
2011-06-17,18.774477005004883,9.614245414733887,43.92621994018555,45.340084075927734,27.468467712402344,42.869361877441406,55.66434860229492,21.210912704467773,21.138113021850586,44.97844314575195,10.833054542541504,14.375300407409668,93.50725555419922,25.468711853027344,56.248146057128906,9.772299766540527,13.11707878112793,24.813764572143555,49.51934814453125,39.30778884887695,66.80619049072266,31.541854858398438,59.89128494262695,39.79099655151367,67.0357666015625,18.486705780029297,26.15316390991211,16.97007942199707,44.813716888427734,26.594194412231445,51.84440231323242,39.70217514038086,8.364376068115234,13.82595443725586,18.397016525268555,105.57755279541016,35.01435852050781,16.42732048034668,6.644057273864746,27.946205139160156,9.161873817443848,33.59187316894531,42.91122817993164,48.991676330566406,39.237667083740234,11.341264724731445,20.363990783691406,23.47385025024414,32.92334747314453,59.29892349243164
2011-06-20,18.937000274658203,9.465944290161133,44.071998596191406,45.73600769042969,27.253015518188477,43.13441848754883,56.0797004699707,21.45065689086914,21.20576286315918,45.148624420166016,10.83840274810791,14.470273971557617,93.83712005615234,26.06499671936035,56.364013671875,9.883275985717773,13.17171573638916,24.98623275756836,49.940208435058594,39.71599197387695,68.35883331298828,31.98331642150879,60.18202590942383,40.09280014038086,66.9994888305664,18.60832977294922,26.265262603759766,17.14890480041504,45.877010345458984,26.758058547973633,52.058231353759766,40.01323318481445,8.301715850830078,14.021768569946289,18.141220092773438,103.96961212158203,35.2835578918457,16.110721588134766,6.732503414154053,28.265270233154297,9.177144050598145,33.75065994262695,42.99188995361328,49.7793083190918,39.56948471069336,11.441786766052246,20.546234130859375,23.708898544311523,33.18751907348633,60.454246520996094
2011-06-21,19.161420822143555,9.765544891357422,44.058738708496094,46.22944259643555,27.542510986328125,42.55789566040039,57.02269744873047,21.44466209411621,21.344266891479492,45.11588668823242,10.923954010009766,14.687359809875488,94.51947021484375,26.66944694519043,56.439002990722656,10.124808311462402,13.23380184173584,25.46051788330078,50.40960693359375,40.68723678588867,70.59383392333984,31.915124893188477,59.745933532714844,39.900718688964844,68.1958999633789,18.694183349609375,26.503467559814453,17.253732681274414,46.29865264892578,26.907669067382812,52.25910186767578,40.56169509887695,8.481852531433105,13.951838493347168,18.484527587890625,104.60044860839844,35.93208694458008,16.376951217651367,6.930215835571289,27.07660484313965,9.39855670928955,34.432472229003906,43.82937240600586,50.40032958984375,39.6109504699707,11.437597274780273,20.63397789001465,23.708898544311523,34.08099365234375,62.017330169677734
2011-06-22,19.076292037963867,9.684791564941406,43.78043746948242,45.799110412597656,27.3944034576416,42.451839447021484,56.7308235168457,21.258865356445312,21.389375686645508,45.01770782470703,10.843748092651367,14.517765045166016,94.21237182617188,26.30187225341797,56.33677673339844,10.026891708374023,13.164266586303711,25.101200103759766,50.06968688964844,40.12418746948242,69.73046112060547,31.41623306274414,58.243797302246094,39.88702392578125,67.28952026367188,18.629791259765625,26.23723030090332,17.10573387145996,45.60200881958008,26.843549728393555,51.84440231323242,40.807289123535156,8.450522422790527,14.00428295135498,18.423940658569336,103.49261474609375,35.197906494140625,16.261825561523438,6.95102596282959,26.682466506958008,9.35274887084961,34.22700119018555,44.11475372314453,50.37002182006836,39.35023498535156,11.383151054382324,20.451732635498047,23.46148109436035,34.084877014160156,61.5944709777832
2011-06-23,19.060813903808594,9.943560600280762,43.51537322998047,45.00730514526367,26.976993560791016,42.05424118041992,55.77101135253906,20.959192276000977,20.93194580078125,44.494110107421875,11.041587829589844,14.728056907653809,94.46261596679688,26.51424789428711,56.091346740722656,10.098695755004883,13.23380184173584,25.618616104125977,49.82148742675781,39.7652702331543,70.00894927978516,30.942472457885742,57.541168212890625,39.736106872558594,66.63694763183594,18.57255744934082,25.79585838317871,18.086204528808594,45.20786666870117,26.494461059570312,51.637046813964844,40.28337097167969,8.387870788574219,14.03226375579834,18.201801300048828,101.830810546875,34.9225959777832,16.081933975219727,7.008255481719971,26.644920349121094,9.444364547729492,34.09157180786133,44.24502182006836,50.112545013427734,39.15470504760742,11.244943618774414,19.918506622314453,23.003751754760742,33.801300048828125,61.71527862548828
2011-06-24,18.805437088012695,9.797064781188965,43.11117172241211,44.054832458496094,26.586505889892578,41.477691650390625,54.951480865478516,20.70746421813965,20.915842056274414,44.80172348022461,10.736806869506836,14.382084846496582,93.86551666259766,25.43602180480957,55.784637451171875,9.746188163757324,13.01526165008545,25.208988189697266,49.03913879394531,39.659706115722656,69.63301086425781,30.67327880859375,57.54926300048828,39.12564468383789,65.15047454833984,18.511751174926758,25.515623092651367,17.839542388916016,44.38290786743164,26.188135147094727,51.31953430175781,39.57118606567383,8.239065170288086,13.885396957397461,18.34989356994629,100.71526336669922,34.57386016845703,15.981197357177734,6.888589859008789,25.894189834594727,9.35274887084961,33.35835647583008,44.12095642089844,50.24885559082031,38.72807693481445,11.219817161560059,19.776756286621094,22.793447494506836,33.85956573486328,60.39381790161133
2011-06-27,19.501930236816406,9.967877388000488,43.23707580566406,44.70893478393555,26.84908103942871,41.6301155090332,55.512813568115234,20.69547462463379,21.00603675842285,45.19443130493164,10.784929275512695,14.477060317993164,95.3155517578125,25.795433044433594,56.1118049621582,9.824525833129883,12.985466957092285,25.295238494873047,49.772953033447266,39.9693603515625,70.18302154541016,30.655324935913086,57.83999252319336,39.701839447021484,66.27440643310547,18.56540298461914,25.585681915283203,17.555883407592773,45.290367126464844,26.237998962402344,51.624088287353516,40.55351257324219,8.497512817382812,14.049747467041016,18.477785110473633,100.56138610839844,35.28968811035156,16.21865463256836,7.003054618835449,26.10064125061035,9.268763542175293,33.521827697753906,44.31947326660156,50.718406677246094,38.76363754272461,11.211440086364746,19.99275016784668,23.040864944458008,33.7818717956543,60.92995834350586
2011-06-28,19.966259002685547,10.064541816711426,43.67441940307617,45.69009017944336,26.62018394470215,41.56385040283203,56.32667922973633,20.92323112487793,21.270183563232422,45.567501068115234,10.988120079040527,14.578815460205078,96.67461395263672,26.416234970092773,57.49553298950195,9.876745223999023,13.045063972473145,25.913232803344727,50.188377380371094,41.08842849731445,72.29969787597656,30.80248260498047,58.219566345214844,40.229984283447266,66.8544692993164,18.690601348876953,25.71179962158203,17.63604736328125,46.87611389160156,26.60844612121582,51.47502899169922,40.7827262878418,8.474020957946777,14.318989753723145,18.504714965820312,99.4458236694336,35.809730529785156,16.067543029785156,6.935417175292969,26.019304275512695,9.318389892578125,34.21298599243164,44.697906494140625,51.58173751831055,38.94139099121094,11.039731979370117,19.979257583618164,23.016130447387695,34.364593505859375,62.19744110107422
2011-06-29,19.826963424682617,10.027920722961426,43.93944549560547,46.04583740234375,27.232830047607422,41.451194763183594,56.84870147705078,21.03710174560547,21.489229202270508,45.790042877197266,11.052281379699707,14.510977745056152,96.9759750366211,26.489748001098633,57.645469665527344,10.01383113861084,13.072381019592285,25.855756759643555,50.236961364746094,41.25733184814453,71.96546936035156,31.13266944885254,58.72835922241211,39.633216857910156,67.28952026367188,18.65840721130371,25.84489631652832,17.804485321044922,46.99528503417969,26.551462173461914,52.07766342163086,41.8343391418457,8.724634170532227,14.472841262817383,18.895137786865234,101.96160125732422,36.268585205078125,16.830270767211914,6.982243061065674,26.125659942626953,9.387107849121094,34.56790542602539,44.65447235107422,52.111900329589844,39.2080192565918,10.930838584899902,20.45848274230957,23.12127685546875,34.628753662109375,62.56174850463867
2011-06-30,20.12103843688965,10.076852798461914,44.078609466552734,46.694217681884766,27.562707901000977,42.127132415771484,57.72433853149414,21.15098762512207,21.676071166992188,46.09766387939453,11.01485538482666,15.033341407775879,97.55034637451172,26.88182258605957,57.475059509277344,10.19008731842041,13.196548461914062,26.028226852416992,51.17577362060547,41.94003677368164,74.12388610839844,31.373172760009766,59.7055549621582,40.02420425415039,68.37715911865234,18.822961807250977,26.32831573486328,18.06650161743164,47.14194869995117,26.736677169799805,52.46644973754883,42.47516632080078,8.583663940429688,14.479837417602539,18.88841438293457,102.3924560546875,36.91712188720703,16.556840896606445,7.174745559692383,26.563602447509766,9.467270851135254,35.11432647705078,45.24383544921875,52.52084732055664,39.43912124633789,11.060669898986816,20.350488662719727,23.022319793701172,35.26974868774414,62.57692337036133
2011-07-01,20.136518478393555,10.304706573486328,44.595481872558594,47.05570983886719,28.165586471557617,42.59101486206055,58.42593765258789,21.33678436279297,21.93377113342285,45.940589904785156,11.095061302185059,15.284358024597168,99.25055694580078,26.996173858642578,58.381649017333984,10.353285789489746,13.288433074951172,26.394718170166016,52.15772247314453,42.36231994628906,75.6277847290039,31.753618240356445,59.9801139831543,39.9761848449707,69.60985565185547,18.994670867919922,26.601545333862305,18.185029983520508,47.847740173339844,26.836421966552734,53.11441421508789,43.000972747802734,8.685476303100586,14.668660163879395,19.299028396606445,105.13130187988281,37.3209228515625,17.096508026123047,7.2944159507751465,26.795074462890625,9.574158668518066,35.43655014038086,45.88280487060547,53.263031005859375,39.64057540893555,11.110931396484375,20.80947494506836,23.10272789001465,35.681514739990234,64.16315460205078
2011-07-05,20.144258499145508,10.489934921264648,44.80752182006836,46.82042694091797,27.793025970458984,42.584388732910156,59.00409698486328,21.270856857299805,22.00141143798828,45.665679931640625,11.111101150512695,15.223294258117676,99.75664520263672,27.004344940185547,58.37482833862305,10.268099784851074,13.258630752563477,26.294116973876953,51.87174987792969,41.848541259765625,75.49551391601562,31.577762603759766,59.88321304321289,39.72926330566406,69.02978515625,19.01612663269043,26.405378341674805,18.191272735595703,47.74691390991211,26.558578491210938,52.46644973754883,42.99275207519531,8.614991188049316,14.535780906677246,19.1307430267334,103.47721099853516,37.18020248413086,16.657573699951172,7.336040019989014,26.732507705688477,9.558890342712402,35.42254638671875,45.771148681640625,53.00556182861328,39.4154167175293,11.140240669250488,20.930965423583984,22.985200881958008,35.54166793823242,64.39083099365234
2011-07-06,20.376426696777344,10.559873580932617,44.76115036010742,46.8032341003418,27.47465705871582,42.875980377197266,58.98164367675781,21.294832229614258,22.075498580932617,45.92750930786133,11.111101150512695,15.433603286743164,101.05316162109375,27.126867294311523,58.5247802734375,10.196022033691406,13.340582847595215,26.279739379882812,52.46525955200195,42.010414123535156,76.64434051513672,31.73567008972168,60.35969161987305,39.578346252441406,69.06604766845703,19.05904197692871,26.454425811767578,18.22870445251465,47.701080322265625,26.82929229736328,52.887638092041016,43.34602737426758,8.411365509033203,14.773564338684082,18.928794860839844,103.00791931152344,37.3209228515625,16.355365753173828,7.263198375701904,27.1391658782959,9.593246459960938,35.506595611572266,46.21781539916992,53.01312255859375,39.35023498535156,11.232379913330078,20.755477905273438,23.071796417236328,35.93791198730469,64.20111083984375
2011-07-07,20.716938018798828,10.723187446594238,45.00631332397461,47.256500244140625,27.98947525024414,43.04164505004883,59.829200744628906,21.414695739746094,22.146371841430664,46.15657043457031,10.817015647888184,15.759232521057129,100.35372924804688,27.84568214416504,58.661094665527344,10.41881275177002,13.531804084777832,26.62467384338379,52.859127044677734,42.53828430175781,77.72354125976562,31.86488914489746,61.36918640136719,39.72239303588867,69.9723892211914,19.152063369750977,27.000879287719727,18.322282791137695,47.536094665527344,26.964651107788086,52.71916961669922,44.02793884277344,8.55233383178711,14.927412033081055,19.29229736328125,103.86962127685547,37.85319519042969,16.549646377563477,7.346441745758057,27.61463165283203,9.719220161437988,35.84284210205078,46.75754165649414,51.877098083496094,39.527992248535156,11.307765007019043,20.552982330322266,23.081148147583008,36.27199935913086,65.60519409179688
2011-07-08,20.833011627197266,10.798532485961914,44.77437973022461,47.290958404541016,27.596580505371094,43.02838897705078,59.43631362915039,21.648448944091797,22.123821258544922,45.770408630371094,10.77958869934082,15.664258003234863,100.35941314697266,27.723154067993164,58.347557067871094,10.313969612121582,13.429983139038086,26.315656661987305,52.67027282714844,41.90483856201172,76.87410736083984,31.73567008972168,60.6262092590332,39.53718566894531,68.84850311279297,19.076946258544922,26.692625045776367,18.166318893432617,47.52692413330078,26.864906311035156,52.16836929321289,43.60071563720703,8.380040168762207,14.839994430541992,19.049962997436523,103.15409088134766,37.26586151123047,16.045963287353516,7.221573829650879,27.570837020874023,9.665777206420898,35.450557708740234,46.2612419128418,51.46815872192383,39.47467041015625,11.261695861816406,20.951221466064453,22.956424713134766,35.78641128540039,65.354736328125
2011-07-11,20.608583450317383,10.627119064331055,44.57559585571289,46.9925651550293,26.709213256835938,42.88922882080078,58.60556411743164,21.384729385375977,21.936986923217773,45.358055114746094,10.715420722961426,15.50143814086914,99.50643157958984,27.11762046813965,58.17716598510742,10.110837936401367,13.377833366394043,26.12882423400879,52.098384857177734,41.03915023803711,75.3074951171875,31.69261360168457,59.23712921142578,39.029598236083984,67.54330444335938,19.023286819458008,26.230228424072266,18.022836685180664,45.968666076660156,26.558578491210938,51.8249626159668,42.943443298339844,8.105923652648926,14.430886268615723,18.5720272064209,101.5692138671875,35.81584167480469,15.527888298034668,6.930215835571289,27.170429229736328,9.535984992980957,34.8854866027832,45.746334075927734,50.97591018676758,39.46281433105469,11.278449058532715,20.593481063842773,22.987600326538086,35.067726135253906,63.366233825683594
2011-07-12,20.538936614990234,10.61961841583252,44.416568756103516,46.98683166503906,26.682126998901367,42.7633171081543,58.59433364868164,21.354759216308594,21.856454849243164,45.16824722290039,10.694035530090332,15.230081558227539,98.97193908691406,26.675750732421875,57.93177795410156,10.222230911254883,13.39521312713623,25.949169158935547,51.73149108886719,40.31422805786133,74.45110321044922,31.566987991333008,58.09036636352539,39.029598236083984,66.63694763183594,19.06262969970703,26.181182861328125,18.097694396972656,46.1519889831543,26.708194732666016,51.65000534057617,43.050262451171875,7.99627685546875,14.528787612915039,18.43740463256836,100.25365447998047,35.938194274902344,15.268841743469238,6.8261566162109375,26.619901657104492,9.593246459960938,34.717350006103516,45.442352294921875,50.604801177978516,39.527992248535156,11.265887260437012,20.782472610473633,23.106094360351562,34.904563903808594,61.96975326538086
2011-07-13,20.608583450317383,10.747804641723633,44.81413650512695,47.325374603271484,26.837909698486328,42.83621597290039,58.98725128173828,21.594501495361328,21.92409324645996,45.08969497680664,10.68868637084961,15.25043773651123,99.12547302246094,26.749404907226562,57.91131591796875,10.2025728225708,13.415082931518555,25.963542938232422,51.898746490478516,40.53242492675781,75.6417236328125,31.54903793334961,58.28416442871094,38.830684661865234,67.10826110839844,19.048187255859375,26.13214874267578,18.110172271728516,46.85779571533203,26.758058547973633,51.624088287353516,42.680564880371094,7.988447666168213,14.549771308898926,18.53163719177246,99.9535903930664,36.03609848022461,15.326407432556152,6.904201507568359,26.77004623413086,9.64287281036377,34.7453727722168,45.547813415527344,50.36246109008789,39.5457763671875,11.24913501739502,20.546234130859375,23.00008201599121,34.93564224243164,62.15190124511719
2011-07-14,20.484766006469727,10.740299224853516,44.83403396606445,47.18766403198242,27.332393646240234,42.80970001220703,58.751502990722656,21.762319564819336,21.7984676361084,44.89988708496094,10.645909309387207,15.107970237731934,99.07427215576172,26.225717544555664,58.49070739746094,10.110837936401367,13.31823444366455,25.841381072998047,51.24588394165039,40.12418746948242,74.9037094116211,31.254728317260742,57.492733001708984,38.19275665283203,67.1807632446289,19.188966751098633,25.90095329284668,18.15384292602539,47.71942138671875,27.363595962524414,51.31953430175781,42.21226501464844,7.886629104614258,14.430886268615723,18.363353729248047,99.93050384521484,35.75465774536133,15.189699172973633,6.810550689697266,26.36965560913086,9.677229881286621,35.310462951660156,45.510589599609375,49.62028121948242,39.33245849609375,11.244943618774414,20.174997329711914,23.299434661865234,34.36069107055664,61.80276870727539
2011-07-15,20.724668502807617,10.954940795898438,44.69486618041992,47.62372970581055,27.08176612854004,42.96213912963867,59.60468292236328,21.534568786621094,21.75337028503418,44.85408401489258,10.560355186462402,15.175809860229492,99.81920623779297,26.258441925048828,58.26576614379883,10.215679168701172,13.31823444366455,25.80544662475586,51.5102653503418,40.29310989379883,76.14302825927734,31.94744300842285,57.56539535522461,37.76063919067383,66.74571990966797,19.145654678344727,25.79585838317871,18.072744369506836,47.3527717590332,27.306610107421875,50.78172302246094,42.56553649902344,7.831810474395752,14.336464881896973,18.296043395996094,100.13825225830078,35.69349670410156,15.175304412841797,6.810550689697266,26.232027053833008,9.72685718536377,35.68873596191406,45.33689880371094,48.93867492675781,39.75908660888672,11.177936553955078,20.451732635498047,23.542652130126953,34.83463668823242,62.00011444091797
2011-07-18,20.57763671875,11.221521377563477,44.4563102722168,47.422908782958984,26.98017120361328,42.77656936645508,59.62713623046875,21.270856857299805,21.621301651000977,44.50718688964844,10.501542091369629,15.114760398864746,99.67134857177734,25.767473220825195,58.21123504638672,10.117383003234863,13.24124526977539,25.647357940673828,51.040863037109375,39.81452560424805,75.37391662597656,31.581321716308594,56.168296813964844,37.49311065673828,66.3106460571289,18.96516227722168,25.739810943603516,17.87935447692871,47.306941986083984,27.107135772705078,50.17911911010742,42.17118835449219,7.612521171569824,14.27003288269043,18.094100952148438,99.49968719482422,35.026607513427734,14.88748550415039,6.711694717407227,26.069351196289062,9.7001371383667,35.23107147216797,44.92744445800781,48.74934387207031,39.33245849609375,11.140240669250488,19.99950408935547,23.324371337890625,34.461700439453125,60.565650939941406
2011-07-19,21.312829971313477,11.31308364868164,44.211143493652344,47.985225677490234,27.359506607055664,42.81633758544922,60.32876205444336,21.45065689086914,22.32998275756836,44.86063003540039,10.66195011138916,15.643903732299805,105.31796264648438,26.708492279052734,58.76335906982422,10.261548042297363,13.402667045593262,25.949169158935547,50.86281967163086,40.419803619384766,76.6604232788086,31.771570205688477,56.959712982177734,37.91152572631836,67.36203002929688,19.091503143310547,26.00603485107422,17.972930908203125,47.233604431152344,27.249608993530273,50.8011474609375,42.56553649902344,7.495042324066162,14.581242561340332,19.124006271362305,98.85346221923828,35.67511749267578,15.09615421295166,6.810550689697266,26.36965560913086,9.860469818115234,35.226402282714844,45.535396575927734,48.77962875366211,39.59910202026367,11.316142082214355,20.62723159790039,23.580068588256836,34.667598724365234,61.385353088378906
2011-07-20,20.941368103027344,11.61478328704834,43.89307403564453,47.795867919921875,27.745609283447266,42.893165588378906,60.11547088623047,21.330785751342773,22.185029983520508,44.82789611816406,10.6405668258667,15.596417427062988,104.43087768554688,26.250259399414062,58.80422592163086,10.366392135620117,13.38280200958252,26.164749145507812,50.85203170776367,40.35646438598633,77.12889099121094,31.785921096801758,58.20342254638672,37.719459533691406,68.1233901977539,18.914627075195312,25.97440528869629,18.022836685180664,47.57275390625,27.192628860473633,50.749332427978516,42.795589447021484,7.71433162689209,14.612709045410156,19.31922149658203,102.13082885742188,35.35697555541992,15.628623008728027,6.80534553527832,26.150691986083984,9.833745956420898,35.07695388793945,45.60984420776367,49.211307525634766,39.68205261230469,11.043916702270508,21.126710891723633,23.530170440673828,34.71031951904297,61.08177947998047
2011-07-21,20.972320556640625,11.626493453979492,44.04549789428711,48.78279495239258,28.64651870727539,43.08692932128906,61.4233283996582,21.684402465820312,22.336427688598633,43.30940246582031,10.747507095336914,15.4743070602417,105.1417007446289,26.569385528564453,58.98830795288086,10.713685035705566,13.526834487915039,26.38751792907715,51.70991134643555,40.9687614440918,78.03085327148438,31.943845748901367,58.865657806396484,38.06244659423828,69.46482849121094,19.07706642150879,26.585973739624023,18.440805435180664,48.1685676574707,28.011892318725586,51.94158935546875,43.198143005371094,8.011940002441406,15.028816223144531,19.776962280273438,104.30812072753906,36.843692779541016,17.413105010986328,6.909404277801514,24.79936408996582,9.60088062286377,35.71771240234375,46.15578842163086,49.643001556396484,40.179786682128906,11.136054039001465,21.78143310546875,23.605012893676758,34.955074310302734,62.463096618652344
2011-07-22,21.305089950561523,11.806910514831543,44.211143493652344,48.89752960205078,28.578794479370117,42.92656326293945,61.16511917114258,21.63046646118164,22.462060928344727,43.04107666015625,10.731460571289062,15.691391944885254,105.3009033203125,26.63485336303711,60.36520767211914,10.785761833190918,13.539252281188965,26.243803024291992,51.461708068847656,39.694881439208984,73.52102661132812,31.654823303222656,58.6879768371582,37.877235412597656,69.02978515625,19.113162994384766,26.255590438842773,18.39714241027832,48.23271179199219,27.570201873779297,51.57872009277344,42.91880416870117,7.93362283706665,15.109246253967285,19.615407943725586,104.23890686035156,36.904884338378906,17.19724464416504,6.925011157989502,25.037097930908203,9.661957740783691,35.45857620239258,46.00688934326172,49.430938720703125,40.23311233520508,11.039731979370117,21.680191040039062,23.5862979888916,34.55105209350586,61.65855407714844
2011-07-25,21.59916114807129,11.963018417358398,43.89970397949219,48.52457046508789,28.240100860595703,42.29853820800781,60.67677688598633,21.51058006286621,22.3106632232666,42.13129806518555,10.59244155883789,15.623559951782227,104.45928955078125,26.356632232666016,60.065284729003906,10.667816162109375,13.402667045593262,26.33722686767578,51.294429779052734,39.6245002746582,73.87762451171875,31.351348876953125,57.589630126953125,37.6577262878418,68.73974609375,18.979604721069336,26.05173110961914,18.222461700439453,47.67357635498047,27.356475830078125,51.38434982299805,42.56553649902344,7.839641094207764,14.909929275512695,19.487506866455078,105.28518676757812,36.69075012207031,16.7655086517334,6.852170467376709,24.899463653564453,9.474905967712402,35.124061584472656,45.93864440917969,49.317352294921875,39.391719818115234,10.989472389221191,21.484447479248047,23.5177001953125,34.39954376220703,62.15190124511719
2011-07-26,21.73072052001953,12.110414505004883,43.681034088134766,48.409820556640625,28.070751190185547,42.151546478271484,60.379276275634766,21.45065689086914,22.28810691833496,41.934940338134766,10.49619197845459,15.535358428955078,104.02147674560547,26.307537078857422,59.99710464477539,10.674368858337402,13.308300971984863,26.150388717651367,48.52118682861328,38.948829650878906,73.55597686767578,31.391103744506836,56.66090774536133,37.52055358886719,67.28952026367188,18.835220336914062,25.911136627197266,18.116411209106445,47.261104583740234,27.399219512939453,52.36927795410156,42.36835861206055,7.831810474395752,14.742088317871094,19.500972747802734,105.86219787597656,36.74580764770508,16.923810958862305,6.732503414154053,24.85566520690918,9.516899108886719,34.68120193481445,44.41252136230469,49.529380798339844,39.658355712890625,10.95596981048584,21.329206466674805,23.573827743530273,33.63813400268555,61.400535583496094
2011-07-27,21.15032196044922,11.785597801208496,43.223819732666016,47.801612854003906,27.549163818359375,41.55693435668945,59.29035568237305,21.091053009033203,22.12704849243164,41.7974853515625,10.319740295410156,15.284358024597168,103.12297058105469,25.12921905517578,59.36317825317383,10.281206130981445,13.22386646270752,25.604236602783203,47.523040771484375,37.625667572021484,70.85707092285156,30.88531494140625,57.04047393798828,36.9032096862793,65.65807342529297,18.708879470825195,25.34876823425293,17.848163604736328,45.84033203125,27.057262420654297,50.19208526611328,41.47284698486328,7.581192493438721,15.025318145751953,19.238441467285156,103.64644622802734,34.24348831176758,16.25320816040039,6.435943126678467,24.37394142150879,9.535984992980957,34.45503234863281,43.55640411376953,47.469451904296875,39.225807189941406,10.935028076171875,20.930965423583984,23.39920425415039,33.02045822143555,60.27724838256836
2011-07-28,21.452125549316406,11.762479782104492,43.12443161010742,46.74012756347656,27.555944442749023,41.36985778808594,58.953582763671875,20.935209274291992,22.165699005126953,41.817115783691406,10.351821899414062,15.297920227050781,103.37892150878906,25.096494674682617,59.15189743041992,10.490890502929688,13.1593017578125,25.259307861328125,47.24787139892578,37.30192565917969,69.66844940185547,30.664941787719727,57.0647087097168,36.6494255065918,65.65807342529297,18.633073806762695,25.601839065551758,18.12265396118164,46.023651123046875,27.071514129638672,48.78595733642578,41.53035354614258,7.667341709136963,15.095255851745605,19.049962997436523,104.50813293457031,34.512672424316406,16.1234073638916,6.4099273681640625,24.511585235595703,9.48254108428955,34.285438537597656,42.89260482788086,45.977516174316406,38.98879623413086,10.985285758972168,20.795974731445312,23.25576400756836,32.845638275146484,60.25447082519531
2011-07-29,21.20447540283203,11.722253799438477,42.9322624206543,45.78190994262695,27.400135040283203,41.08256530761719,58.386680603027344,20.455739974975586,21.907995223999023,41.91530227661133,10.293004989624023,15.148673057556152,103.40731811523438,25.022844314575195,58.94739532470703,10.464680671691895,13.089765548706055,25.101200103759766,47.01586151123047,37.37230682373047,69.0740737915039,30.48430061340332,56.911258697509766,37.52055358886719,64.93292999267578,18.524784088134766,25.552640914916992,17.87935447692871,45.6203498840332,27.285232543945312,49.071083068847656,41.11136245727539,7.6046905517578125,14.81202507019043,18.80762481689453,103.83879852294922,34.751285552978516,16.044097900390625,6.352695941925049,24.423994064331055,9.49399471282959,33.91793441772461,42.942237854003906,45.82604217529297,38.72807693481445,11.01459789276123,20.5057315826416,23.293195724487305,32.70969772338867,59.586612701416016
2011-08-01,21.1038818359375,11.910481452941895,42.680450439453125,45.67288589477539,27.393356323242188,41.04247283935547,59.1500358581543,20.04218864440918,21.817800521850586,41.7974853515625,10.164679527282715,15.08761978149414,102.78182220458984,24.638254165649414,58.88606643676758,10.372941017150879,13.067414283752441,24.612545013427734,46.81623458862305,37.344154357910156,70.4235610961914,30.354238510131836,56.79819869995117,36.882633209228516,65.15047454833984,18.21796226501465,25.784610748291016,17.810728073120117,43.65877914428711,27.050140380859375,48.24814987182617,41.094913482666016,7.683004379272461,14.518301010131836,18.800901412963867,103.20793151855469,34.6717414855957,16.072935104370117,6.425536632537842,24.461530685424805,9.425276756286621,33.91793441772461,41.949642181396484,45.136871337890625,38.61549758911133,10.9517822265625,20.573226928710938,23.14352035522461,32.5931282043457,59.7459602355957
2011-08-02,20.740150451660156,11.67512321472168,42.031063079833984,44.66303253173828,26.9869327545166,40.6683464050293,58.06672286987305,19.71854019165039,21.605192184448242,41.352420806884766,9.699485778808594,14.73484992980957,101.24644470214844,24.180021286010742,57.9794921875,10.13049602508545,12.833976745605469,23.58492660522461,46.00691223144531,36.035072326660156,67.94839477539062,30.628799438476562,54.674224853515625,36.56709289550781,62.395084381103516,18.120508193969727,25.552640914916992,17.492565155029297,42.17383575439453,26.47309112548828,47.742740631103516,39.862552642822266,7.4323859214782715,14.13366413116455,18.296043395996094,100.9614486694336,33.57658386230469,15.36627197265625,6.165393352508545,23.91724967956543,9.165692329406738,33.277183532714844,41.118343353271484,43.56919479370117,38.23627853393555,10.964343070983887,19.304277420043945,22.763092041015625,31.746261596679688,58.30393600463867
2011-08-03,20.833011627197266,11.784995079040527,42.017818450927734,44.59418487548828,27.02757453918457,40.574790954589844,57.679412841796875,19.598665237426758,22.033632278442383,42.20328903198242,9.748149871826172,14.940361022949219,101.6900405883789,24.70372200012207,58.306671142578125,10.150153160095215,12.734643936157227,23.6783504486084,46.497901916503906,36.309547424316406,67.31908416748047,30.462615966796875,54.38348388671875,36.5739631652832,63.33772277832031,18.15299415588379,25.454219818115234,17.648527145385742,42.6688232421875,26.5799503326416,47.66495895385742,40.14189147949219,7.4715471267700195,13.892391204833984,18.458314895629883,101.61538696289062,33.85801315307617,15.157159805297852,6.061336994171143,23.860942840576172,9.264945983886719,33.24418640136719,41.7263069152832,43.25112533569336,38.248111724853516,11.039731979370117,20.006254196166992,22.894062042236328,32.103641510009766,58.493656158447266
2011-08-04,20.07460594177246,11.328691482543945,40.977474212646484,42.36790084838867,25.686357498168945,39.80646896362305,54.35650634765625,18.885446548461914,21.202531814575195,41.463680267333984,9.385903358459473,14.282733917236328,97.510498046875,23.631786346435547,57.44783020019531,9.711119651794434,12.441607475280762,22.78009033203125,44.3666877746582,34.26850891113281,62.61351013183594,29.834007263183594,50.95120620727539,35.36671447753906,59.71221160888672,17.604328155517578,23.90067481994629,16.956066131591797,41.706382751464844,25.532712936401367,46.2134895324707,38.482330322265625,6.915487289428711,13.088149070739746,17.403547286987305,97.11470031738281,31.887981414794922,14.205330848693848,5.650310516357422,23.179025650024414,9.054985046386719,31.529218673706055,40.466949462890625,41.88792419433594,37.3534049987793,10.675371170043945,18.93303871154785,22.3265380859375,30.176815032958984,54.95688247680664
2011-08-05,19.87339210510254,11.216115951538086,41.55397415161133,42.93022155761719,25.4695987701416,40.48126220703125,54.788726806640625,19.00531578063965,21.508554458618164,42.32765197753906,9.456189155578613,14.241632461547852,98.3635025024414,23.198091506958008,57.99311828613281,9.789751052856445,12.627861022949219,22.090211868286133,44.64727020263672,33.76880645751953,63.62033462524414,30.401208877563477,50.6766242980957,35.7508430480957,59.85722732543945,18.13133430480957,24.00612449645996,17.112022399902344,41.422203063964844,25.81768035888672,47.18547439575195,38.78630828857422,6.398589611053467,13.203537940979004,17.045207977294922,96.30687713623047,31.51475715637207,14.436075210571289,5.6399054527282715,23.1665096282959,8.99008846282959,31.92026710510254,40.752342224121094,42.02424621582031,37.963714599609375,10.842890739440918,19.331274032592773,22.750614166259766,30.254505157470703,55.14664077758789
2011-08-08,18.944734573364258,10.603404998779297,40.50037384033203,40.273624420166016,23.071664810180664,39.612709045410156,50.65754699707031,17.944473266601562,20.97704315185547,41.214962005615234,9.007442474365234,13.775821685791016,94.93107604980469,21.29151153564453,55.96867370605469,9.134483337402344,12.148573875427246,20.789520263671875,42.40277862548828,31.171741485595703,57.754032135009766,29.91349220275879,47.413936614990234,34.2143440246582,55.941680908203125,17.348041534423828,22.71266746520996,16.456987380981445,36.894100189208984,24.791799545288086,44.64540481567383,35.3603515625,5.098507404327393,12.874848365783691,15.503636360168457,90.52140808105469,28.896177291870117,12.344937324523926,5.166442394256592,22.034149169921875,8.5167236328125,29.1734676361084,38.7113037109375,39.191837310791016,37.246734619140625,10.27750301361084,17.745088577270508,22.20804214477539,28.548269271850586,50.88881301879883
2011-08-09,19.79600715637207,11.227824211120605,41.216026306152344,41.1056022644043,24.656740188598633,40.23406219482422,52.42564010620117,18.711639404296875,21.479562759399414,41.29351043701172,9.515663146972656,14.111482620239258,97.43828582763672,22.584386825561523,58.59296798706055,9.213114738464355,12.620410919189453,21.666227340698242,44.61489486694336,32.91014862060547,61.166141510009766,30.0941162109375,50.34550476074219,34.673927307128906,57.86320114135742,17.528520584106445,23.359399795532227,16.906156539916992,39.845619201660156,25.39022445678711,45.928401947021484,37.874351501464844,5.952176094055176,13.336417198181152,16.754478454589844,94.42200469970703,31.808429718017578,13.1309175491333,5.676324367523193,22.703554153442383,8.612159729003906,30.41729736328125,39.76594161987305,40.320255279541016,38.06443405151367,10.545539855957031,18.703548431396484,22.457508087158203,30.2545108795166,53.833614349365234
2011-08-10,18.728046417236328,10.91801929473877,39.8907470703125,39.292030334472656,23.281648635864258,39.091575622558594,50.83714294433594,17.866558074951172,20.60337257385254,39.480506896972656,9.21829891204834,13.652514457702637,92.82936096191406,21.667919158935547,57.31150436401367,8.996874809265137,12.108894348144531,20.487703323364258,42.20852279663086,30.418664932250977,58.39030456542969,28.966955184936523,46.67854690551758,33.1099967956543,54.70899200439453,16.92570686340332,22.53692626953125,16.506895065307617,37.56322479248047,24.57096290588379,43.33002471923828,35.163177490234375,5.302134037017822,12.357337951660156,15.46982479095459,84.8897933959961,30.00356674194336,11.861812591552734,5.4161810874938965,21.72133445739746,8.371665954589844,29.54568099975586,38.45695877075195,37.9346809387207,37.074913024902344,10.202116012573242,17.664094924926758,21.79644012451172,28.591312408447266,51.60223388671875
2011-08-11,19.494192123413086,11.21851921081543,42.037696838378906,41.3423957824707,24.853185653686523,40.387733459472656,52.801700592041016,18.699647903442383,21.41191864013672,41.14950942993164,9.629201889038086,14.22108268737793,95.22232818603516,22.666215896606445,58.81106948852539,10.43191909790039,12.439064025878906,21.5943660736084,43.82176971435547,31.411041259765625,61.00532531738281,30.408435821533203,47.84937286376953,34.04972839355469,56.8480224609375,17.82451820373535,23.380489349365234,17.34284210205078,39.25897979736328,25.51043701171875,44.60653305053711,37.02814483642578,5.678061008453369,12.892330169677734,16.42317008972168,90.85991668701172,31.61878204345703,13.1309175491333,5.691933631896973,21.733850479125977,8.672776222229004,30.869606018066406,40.150569915771484,39.21455001831055,38.277748107910156,10.453397750854492,18.582059860229492,22.31406593322754,29.31529426574707,55.76898956298828
2011-08-12,19.424551010131836,11.31728458404541,41.984676361083984,41.58498001098633,24.324827194213867,40.84872817993164,53.80643844604492,18.783557891845703,21.62774658203125,41.352420806884766,9.656234741210938,14.145731925964355,96.06189727783203,22.41254425048828,58.9610481262207,10.477788925170898,12.44406795501709,21.975242614746094,44.533958435058594,32.99460983276367,62.79528045654297,30.831125259399414,50.20728302001953,34.296669006347656,57.57313919067383,17.914756774902344,23.37345314025879,17.448898315429688,40.13894271850586,25.192462921142578,44.7879638671875,36.88026428222656,5.631070137023926,13.088149070739746,16.314985275268555,89.60590362548828,31.178260803222656,12.179086685180664,5.754364967346191,22.034149169921875,8.71880054473877,31.11931610107422,40.44834518432617,39.2978630065918,38.59772872924805,10.553915023803711,18.413312911987305,22.557279586791992,29.37399673461914,56.899837493896484
2011-08-15,19.741838455200195,11.51001262664795,42.79972839355469,42.907623291015625,24.981889724731445,41.343135833740234,55.62507247924805,19.257049560546875,21.96919822692871,41.60768127441406,9.915752410888672,14.31013298034668,98.79753112792969,22.61711883544922,59.17914581298828,10.503998756408691,12.501598358154297,22.607614517211914,44.94940185546875,33.240943908691406,63.886024475097656,31.163501739501953,50.97970199584961,35.394161224365234,59.422183990478516,18.015823364257812,23.90067481994629,17.57366943359375,41.02805709838867,25.85009002685547,45.526641845703125,37.644325256347656,6.07748556137085,13.032201766967773,16.9167423248291,91.65235137939453,31.777841567993164,12.921802520751953,5.905248641967773,22.985082626342773,8.772505760192871,31.793052673339844,40.87019348144531,40.17635726928711,39.166561126708984,10.76331901550293,19.095033645629883,22.831684112548828,29.984487533569336,58.06106185913086
2011-08-16,19.741830825805664,11.4220552444458,42.64732360839844,42.45133590698242,24.406110763549805,41.16941833496094,55.08619689941406,19.239063262939453,21.959535598754883,41.732032775878906,9.899532318115234,14.241632461547852,97.79808807373047,22.559837341308594,59.076904296875,10.484336853027344,12.98685359954834,23.800518035888672,44.31275939941406,32.39636993408203,62.47366714477539,31.149045944213867,50.597564697265625,35.35966873168945,58.55205154418945,18.073583602905273,23.76008415222168,17.710914611816406,40.45975875854492,25.79228401184082,45.80527114868164,36.88026428222656,5.795539379119873,13.58467960357666,16.598957061767578,89.91362762451172,31.32509422302246,12.308881759643555,5.837614059448242,23.310400009155273,8.853056907653809,31.350183486938477,40.44834518432617,40.320255279541016,39.16062927246094,10.754937171936035,19.033937454223633,22.869108200073242,29.42876625061035,57.0440559387207
2011-08-17,19.66396141052246,11.420851707458496,42.5810661315918,42.83253479003906,24.771892547607422,41.202823638916016,55.26728057861328,19.298999786376953,22.317108154296875,42.29492950439453,9.996850967407227,14.159431457519531,97.93513488769531,22.478010177612305,59.64265823364258,10.386049270629883,12.894304275512695,24.00892448425293,43.95968246459961,32.60409164428711,61.27799987792969,31.18155860900879,50.556907653808594,35.67003631591797,58.84208679199219,18.10245132446289,24.167804718017578,17.7857723236084,40.44142532348633,25.821182250976562,46.12925720214844,37.67719268798828,5.842530727386475,13.44481372833252,16.822080612182617,90.20597076416016,31.19049835205078,12.265623092651367,5.7803802490234375,22.747074127197266,8.968130111694336,31.482093811035156,40.3739013671875,39.956729888916016,39.08951950073242,10.888959884643555,19.230804443359375,22.906532287597656,29.467912673950195,56.36097717285156
2011-08-18,19.212270736694336,10.988862991333008,41.85216522216797,40.97277069091797,23.837108612060547,40.66165542602539,52.75511169433594,18.615739822387695,21.827465057373047,41.29351043701172,9.575132369995117,13.542912483215332,93.56609344482422,20.612350463867188,58.354373931884766,9.835623741149902,12.954338073730469,23.11064338684082,42.053123474121094,30.314212799072266,58.26445007324219,30.722749710083008,47.914424896240234,35.4769172668457,55.615379333496094,17.64042091369629,23.162561416625977,17.374040603637695,38.83732986450195,25.300870895385742,44.9564323425293,36.379112243652344,5.490098476409912,13.03919506072998,16.03777313232422,87.04395294189453,28.80440330505371,11.68154239654541,5.400572776794434,22.067302703857422,8.795520782470703,30.05452537536621,38.948055267333984,37.89680862426758,38.86437225341797,10.76331901550293,18.674169540405273,22.638362884521484,27.554271697998047,53.24162292480469
2011-08-19,18.72943115234375,10.68806266784668,41.83891296386719,40.3143196105957,23.268102645874023,40.728477478027344,52.78338623046875,18.73560905456543,21.614864349365234,40.62589645385742,9.553509712219238,13.145599365234375,89.97374725341797,20.2768497467041,59.45862579345703,9.881489753723145,13.081904411315918,22.90943145751953,41.75436782836914,29.91012191772461,55.91511535644531,30.704696655273438,46.784236907958984,35.84933853149414,54.70899200439453,17.716222763061523,22.75484275817871,17.392745971679688,38.17736053466797,25.300870895385742,44.9629020690918,36.535221099853516,5.4587721824646,13.007723808288574,15.7943696975708,85.9822998046875,28.412845611572266,11.537322998046875,5.197658538818359,21.683364868164062,8.711132049560547,29.960289001464844,38.58534240722656,37.30607986450195,38.722164154052734,10.767505645751953,18.68096160888672,22.332775115966797,26.955503463745117,52.37639236450195
2011-08-22,18.67491340637207,10.700369834899902,41.93829345703125,40.5338134765625,22.631359100341797,41.22955322265625,52.78905487060547,18.765573501586914,21.669626235961914,40.527713775634766,9.558916091918945,13.275751113891602,90.79615783691406,20.505964279174805,59.81988525390625,9.835623741149902,13.054391860961914,23.19687271118164,41.79782485961914,29.732894897460938,55.859195709228516,30.780542373657227,47.467227935791016,36.076934814453125,54.78150939941406,17.82451820373535,22.64236831665039,17.49880027770996,38.52568054199219,25.59716033935547,45.306339263916016,36.64200210571289,5.0280232429504395,13.231517791748047,15.47658634185791,81.94317626953125,28.688152313232422,11.299365043640137,5.208065986633301,21.966598510742188,8.714967727661133,29.837791442871094,38.77295684814453,37.88924026489258,38.97101593017578,10.83032512664795,18.51125717163086,22.582237243652344,26.97899055480957,53.127750396728516
2011-08-23,19.25121307373047,11.21551513671875,43.05154037475586,42.543758392333984,23.55938148498535,42.10480499267578,55.06922149658203,19.143165588378906,22.246231079101562,41.54877853393555,9.861688613891602,13.501809120178223,93.8459243774414,21.438812255859375,61.02638244628906,10.117383003234863,13.309525489807129,23.79332733154297,43.275272369384766,31.306732177734375,58.019718170166016,31.4344482421875,49.41047668457031,36.98041915893555,56.340476989746094,18.23240852355957,23.47187042236328,17.941736221313477,40.17561340332031,25.95849609375,46.57635498046875,38.13726806640625,4.934041500091553,13.65112018585205,16.186521530151367,82.21244812011719,30.217700958251953,11.364262580871582,5.364151477813721,21.828123092651367,8.764833450317383,30.959129333496094,39.923641204833984,38.98734664916992,39.85389709472656,11.06904411315918,19.176498413085938,22.918989181518555,27.83993911743164,55.14664077758789
2011-08-24,19.391387939453125,11.292966842651367,43.422603607177734,42.47443389892578,24.2706298828125,42.29853820800781,55.21634292602539,19.316978454589844,22.44594955444336,41.6927604675293,9.942785263061523,13.563460350036621,95.23944854736328,21.831573486328125,61.43534469604492,10.13049602508545,13.34954833984375,24.698787689208984,43.61204147338867,31.774635314941406,59.71179962158203,31.53921890258789,50.158504486083984,37.4149055480957,56.99307632446289,18.448984146118164,24.209976196289062,18.035308837890625,41.11972427368164,26.29815673828125,47.470584869384766,39.50107955932617,5.474437236785889,13.339913368225098,16.517820358276367,84.86673736572266,30.798927307128906,11.77528190612793,5.436992168426514,21.607833862304688,8.630582809448242,31.152280807495117,40.5365104675293,39.92644500732422,40.25089645385742,11.085800170898438,19.298681259155273,23.068683624267578,28.13344955444336,56.998538970947266
2011-08-25,19.1343936920166,11.21911907196045,42.77322006225586,41.45212936401367,24.196115493774414,41.777408599853516,54.29410171508789,19.095212936401367,21.895109176635742,41.2476921081543,9.71030330657959,13.303152084350586,94.5655746459961,21.193323135375977,60.467437744140625,9.881489753723145,13.18195915222168,24.31792449951172,42.471370697021484,31.710840225219727,58.208499908447266,31.376644134521484,49.67877960205078,36.870059967041016,56.01417922973633,18.026649475097656,23.879589080810547,17.76705551147461,40.59725570678711,25.936809539794922,46.68003845214844,39.50929260253906,5.991334438323975,13.308442115783691,16.740949630737305,84.50509643554688,30.248287200927734,12.092561721801758,5.348544120788574,21.469364166259766,8.630582809448242,30.52096176147461,39.81108474731445,39.177162170410156,39.877593994140625,10.893147468566895,18.769208908081055,22.81922149658203,27.816455841064453,55.450225830078125
2011-08-26,19.66396141052246,11.515116691589355,42.97378158569336,41.95461654663086,24.528038024902344,41.80413818359375,54.797637939453125,19.13118553161621,22.06584358215332,41.339324951171875,9.845467567443848,13.542912483215332,96.59871673583984,21.807024002075195,61.299034118652344,10.038755416870117,13.231982231140137,24.43290138244629,43.4599609375,32.242523193359375,59.54402542114258,31.734302520751953,51.06100845336914,37.29766082763672,56.340476989746094,18.10245132446289,24.139678955078125,17.916784286499023,41.11972427368164,25.85009002685547,47.464088439941406,39.8297119140625,6.07748556137085,13.542723655700684,16.626007080078125,85.97457885742188,31.013057708740234,11.977179527282715,5.410977363586426,21.721126556396484,8.699624061584473,30.864879608154297,40.461448669433594,39.88057327270508,40.19163513183594,11.01459789276123,18.87102699279785,22.875347137451172,28.30956268310547,57.704345703125
2011-08-29,20.123430252075195,11.706942558288574,44.03007507324219,42.8094367980957,25.496694564819336,42.151546478271484,55.867000579833984,19.4548282623291,22.462060928344727,41.99383544921875,10.207708358764648,13.905970573425293,98.58623504638672,22.838050842285156,61.885215759277344,10.313969612121582,13.304524421691895,24.42571258544922,44.59519958496094,33.320125579833984,61.63459014892578,32.43156814575195,52.5245475769043,37.78733825683594,58.15325164794922,18.48508644104004,24.990259170532227,18.272367477416992,42.23799133300781,26.731760025024414,47.99543762207031,39.88722229003906,6.570888519287109,13.913372039794922,17.187191009521484,89.29814147949219,32.420257568359375,12.489153861999512,5.686728477478027,22.31907081604004,8.956625938415527,31.934398651123047,41.730953216552734,41.233890533447266,40.54716491699219,11.215629577636719,19.50911521911621,23.41792106628418,29.542272567749023,59.89018249511719
2011-08-30,20.427152633666992,11.707542419433594,43.969913482666016,42.68813705444336,25.103818893432617,42.42549514770508,55.67463302612305,19.598665237426758,22.503938674926758,42.229469299316406,10.207708358764648,13.8648681640625,98.52340698242188,22.805320739746094,62.29698944091797,10.241890907287598,13.211971282958984,24.302637100219727,44.57891845703125,33.52570343017578,62.809268951416016,32.74587631225586,53.6872444152832,38.09768295288086,58.44327163696289,18.676393508911133,25.13788414001465,18.166318893432617,42.80631637573242,26.861841201782227,48.50603103637695,39.97758102416992,6.359431266784668,14.021768569946289,17.173669815063477,88.88142395019531,32.37742233276367,12.287251472473145,5.65551233291626,22.3442440032959,8.845390319824219,31.962669372558594,42.043636322021484,41.60088348388672,40.600486755371094,11.316142082214355,19.502323150634766,23.486520767211914,29.929704666137695,60.80093765258789
2011-08-31,20.715299606323242,11.552639961242676,43.989959716796875,42.75167465209961,25.4425106048584,42.54574203491211,55.92356872558594,19.83841323852539,22.693986892700195,42.50986862182617,10.261775016784668,13.78951644897461,98.18070220947266,22.968978881835938,62.04306411743164,10.268099784851074,13.304524421691895,24.165098190307617,45.073211669921875,33.89435577392578,63.627323150634766,32.50383377075195,54.36209487915039,38.208030700683594,59.13212966918945,18.95433807373047,25.243328094482422,18.559341430664062,42.842987060546875,27.107545852661133,48.56496810913086,40.84022521972656,6.406479358673096,13.944838523864746,17.6469669342041,89.68399810791016,32.72004318237305,12.618948936462402,5.785584926605225,22.161720275878906,9.037177085876465,32.07102584838867,42.14369583129883,41.76144790649414,40.979713439941406,11.38733959197998,19.332622528076172,23.642431259155273,29.972736358642578,61.33979797363281
2011-09-01,20.411579132080078,11.43856430053711,43.675743103027344,42.445560455322266,24.58900260925293,42.265140533447266,55.74253463745117,19.71854019165039,22.693986892700195,42.32514953613281,10.223932266235352,13.693614959716797,97.2783432006836,22.78076934814453,61.80974197387695,10.366392135620117,13.169448852539062,23.83931541442871,44.32905197143555,33.235050201416016,61.914310455322266,32.478538513183594,53.70349884033203,37.945945739746094,58.733314514160156,18.748584747314453,25.151941299438477,18.521909713745117,42.320499420166016,26.83293342590332,47.81868362426758,40.667701721191406,6.202602386474609,13.836446762084961,17.05872917175293,86.551025390625,31.92467498779297,12.207928657531738,5.645107746124268,22.438661575317383,8.941279411315918,32.0239143371582,41.69342803955078,40.874515533447266,40.75453567504883,11.345458984375,19.183279037475586,23.5177001953125,29.362255096435547,60.633949279785156
2011-09-02,20.092281341552734,11.229022979736328,42.83340072631836,41.665836334228516,23.457780838012695,41.790771484375,54.548702239990234,19.40088653564453,22.465274810791016,41.76431655883789,9.980630874633789,13.453859329223633,95.36507415771484,22.06887435913086,61.137203216552734,10.097728729248047,13.014369010925293,23.296369552612305,43.101463317871094,32.22127151489258,59.69780731201172,31.979976654052734,52.06108856201172,37.31144714355469,57.13810348510742,18.423717498779297,24.905914306640625,18.097694396972656,41.10139083862305,26.334285736083984,46.71895217895508,39.85435104370117,5.685062408447266,13.574193954467773,16.362314224243164,82.61544799804688,30.694929122924805,11.508479118347168,5.421382904052734,21.88477325439453,8.853056907653809,31.303049087524414,41.03053665161133,39.605323791503906,40.36941146850586,11.190500259399414,18.61986541748047,23.330610275268555,28.790897369384766,59.22226333618164
2011-09-06,19.86644172668457,11.3998384475708,43.214454650878906,41.09403610229492,22.651689529418945,41.67719650268555,54.0960693359375,19.328969955444336,22.365427017211914,41.2034912109375,10.083357810974121,13.385355949401855,94.29712677001953,21.676103591918945,60.951961517333984,10.012543678283691,12.9268217086792,23.20224952697754,42.411624908447266,31.93769073486328,59.92155456542969,32.1497802734375,51.03662109375,37.60111618041992,55.28907775878906,18.51395606994629,25.173030853271484,18.241180419921875,40.70724105834961,26.182527542114258,46.62075424194336,39.48464584350586,5.481187343597412,13.511250495910645,16.173002243041992,80.68623352050781,30.211597442626953,11.05419635772705,5.317325592041016,22.092485427856445,8.730310440063477,30.95440101623535,40.242576599121094,39.498291015625,40.446434020996094,11.23656940460205,18.395854949951172,23.00630760192871,28.646100997924805,58.54679870605469
2011-09-07,20.248035430908203,11.525623321533203,43.74259948730469,42.53797149658203,23.586477279663086,41.904335021972656,56.178199768066406,19.75450897216797,22.80673599243164,40.655879974365234,10.277997970581055,13.755268096923828,95.55358123779297,22.608938217163086,61.27448272705078,10.405706405639648,13.111919403076172,23.795879364013672,43.76413345336914,33.34138107299805,62.01215362548828,33.1685676574707,52.768470764160156,38.194236755371094,57.28312683105469,18.878530502319336,26.030641555786133,18.659162521362305,42.44883346557617,26.695627212524414,47.7466926574707,41.06205749511719,5.865418910980225,13.916866302490234,16.876169204711914,83.60317993164062,31.600418090820312,11.77528190612793,5.494223117828369,22.709312438964844,9.01416301727295,31.712940216064453,40.6428108215332,40.60691452026367,40.9972038269043,11.30357551574707,18.952484130859375,23.42415428161621,29.354433059692383,60.2241325378418
2011-09-08,20.419363021850586,11.531928062438965,43.42170333862305,42.0585823059082,22.699111938476562,42.03130340576172,55.680294036865234,19.64661979675293,22.92591667175293,40.47114944458008,10.175272941589355,13.631963729858398,94.37710571289062,21.86430549621582,60.80778884887695,10.674368858337402,13.059391975402832,23.499069213867188,43.052574157714844,32.561527252197266,60.858489990234375,32.680843353271484,51.06914138793945,38.145957946777344,56.521751403808594,18.568105697631836,26.023618698120117,18.615488052368164,41.43137741088867,26.746206283569336,47.09209442138672,40.692359924316406,5.64585542678833,13.81546401977539,16.497539520263672,80.8637466430664,30.92741584777832,11.421947479248047,5.379759311676025,22.583425521850586,8.956625938415527,31.039209365844727,40.58653259277344,40.35462188720703,40.775699615478516,11.311954498291016,18.701316833496094,23.63619613647461,29.28790283203125,58.637908935546875
2011-09-09,20.045560836791992,11.331992149353027,42.54592514038086,41.013179779052734,21.730445861816406,41.31640625,53.85843276977539,19.083232879638672,22.346092224121094,39.58042907714844,9.883315086364746,13.49496078491211,92.1611557006836,21.275146484375,58.35107421875,10.366392135620117,12.846776962280273,23.071945190429688,41.634857177734375,31.703731536865234,58.70491027832031,32.13894271850586,50.23980712890625,37.27006912231445,54.70899200439453,18.20352554321289,25.658077239990234,18.191272735595703,39.3048095703125,26.110261917114258,46.84988021850586,38.84382629394531,5.473344326019287,13.221026420593262,15.902545928955078,78.90369415283203,30.242183685302734,11.018143653869629,5.228877544403076,22.237247467041016,8.44646167755127,30.26182746887207,40.16128158569336,39.61296844482422,40.248870849609375,11.043916702270508,18.402645111083984,23.39920425415039,28.606969833374023,57.11994934082031
2011-09-12,20.162372589111328,11.40584659576416,42.512489318847656,41.49256134033203,21.960752487182617,41.30973434448242,54.26578903198242,19.17912483215332,22.349308013916016,39.67940139770508,9.86708927154541,13.8922700881958,92.76081848144531,21.888851165771484,59.14712905883789,10.543313980102539,12.961836814880371,23.419435501098633,42.4876594543457,31.29254722595215,58.642005920410156,31.69095802307129,50.727657318115234,37.28385925292969,54.418949127197266,18.23240852355957,25.854900360107422,18.365951538085938,40.03810501098633,26.04521942138672,47.28846740722656,38.99170684814453,5.528234481811523,13.280467987060547,16.294700622558594,79.420654296875,30.648527145385742,10.852296829223633,5.260095596313477,22.44495391845703,8.369745254516602,30.26653289794922,39.9423828125,40.07936096191406,40.26085662841797,11.115116119384766,18.341552734375,23.199642181396484,28.614797592163086,56.952972412109375
2011-09-13,20.279186248779297,11.546339988708496,42.52586364746094,41.3828239440918,22.008169174194336,41.383209228515625,54.2770881652832,19.251922607421875,22.410926818847656,39.94330978393555,9.910346984863281,14.22108268737793,93.33765411376953,22.682573318481445,59.09909439086914,10.713685035705566,12.904313087463379,23.643850326538086,42.264957427978516,31.597389221191406,59.44610595703125,32.31956481933594,51.101661682128906,37.870094299316406,55.86917495727539,18.257671356201172,25.700254440307617,18.434574127197266,41.33055114746094,26.522186279296875,47.596126556396484,39.35319519042969,5.489026069641113,13.360891342163086,16.470491409301758,80.32357788085938,31.005624771118164,11.205626487731934,5.291311264038086,22.614898681640625,8.43111801147461,30.51153564453125,40.44268035888672,40.056427001953125,40.4105224609375,11.136380195617676,18.395854949951172,23.056203842163086,29.22919273376465,58.106605529785156
2011-09-14,20.637426376342773,11.686829566955566,42.6060905456543,41.95461654663086,22.21816635131836,41.65047836303711,55.05792236328125,19.482404708862305,22.62823486328125,40.629493713378906,9.953598976135254,14.467692375183105,95.51361846923828,23.034439086914062,59.53142166137695,10.700577735900879,13.056896209716797,24.280927658081055,43.15034103393555,32.19289779663086,59.74675750732422,33.01683807373047,51.248008728027344,38.11146926879883,57.24684524536133,18.380399703979492,25.77757453918457,18.484479904174805,42.008853912353516,26.861841201782227,48.16563415527344,40.24871063232422,5.528234481811523,13.770008087158203,16.693618774414062,80.67083740234375,31.387340545654297,11.162361145019531,5.369353771209717,23.068077087402344,8.477148056030273,31.08161735534668,41.37449645996094,40.454017639160156,40.8355598449707,11.293773651123047,18.606292724609375,23.193401336669922,29.74185562133789,58.66063690185547
2011-09-15,21.019020080566406,11.796707153320312,43.05400466918945,42.74590301513672,22.90231704711914,41.94443893432617,56.161216735839844,19.706830978393555,23.03363800048828,41.71154022216797,9.996850967407227,14.755398750305176,97.14131164550781,23.689062118530273,60.43724822998047,10.923369407653809,13.134435653686523,24.8166446685791,43.79673385620117,33.06489562988281,60.550838470458984,33.34196853637695,52.29689407348633,38.80115509033203,58.85737228393555,18.51395606994629,25.93926429748535,18.69034767150879,42.70547866821289,27.05696678161621,49.383201599121094,40.55269241333008,5.747795581817627,13.92386245727539,17.03168487548828,83.31768035888672,32.63101577758789,11.962760925292969,5.530642509460449,23.477197647094727,8.672776222229004,31.529218673706055,41.38699722290039,41.41738510131836,41.164833068847656,11.42989444732666,19.13576316833496,23.573827743530273,30.29754638671875,59.68526840209961
2011-09-16,21.120262145996094,12.023056030273438,43.18103790283203,43.05777359008789,22.644914627075195,42.98003387451172,56.370567321777344,19.822065353393555,23.10175323486328,40.9395866394043,9.813026428222656,15.049964904785156,98.79753112792969,23.918180465698242,60.588226318359375,10.890608787536621,13.169448852539062,25.0555419921875,43.74241638183594,33.41228103637695,60.0614013671875,33.8297004699707,53.15874099731445,39.11150360107422,59.772457122802734,18.831607818603516,25.46124267578125,19.04593849182129,42.53132247924805,27.32436180114746,49.7694091796875,41.17707061767578,5.669379711151123,14.130169868469238,16.869417190551758,82.947265625,32.649497985839844,11.861812591552734,5.525442600250244,23.263187408447266,8.588388442993164,31.703535079956055,41.643402099609375,41.91436004638672,41.77549743652344,11.442656517028809,19.427654266357422,23.511463165283203,30.77499008178711,59.21469497680664
2011-09-19,21.190351486206055,12.357178688049316,42.880191802978516,42.56684112548828,22.008169174194336,42.632598876953125,55.85002136230469,19.56125831604004,22.861751556396484,39.956512451171875,9.764365196228027,15.022555351257324,98.87749481201172,23.746334075927734,60.945072174072266,10.818528175354004,13.119421005249023,24.867313385009766,43.02540969848633,33.54697799682617,59.152435302734375,33.71409225463867,52.15865707397461,38.98736572265625,59.223392486572266,18.76663589477539,25.088682174682617,19.164466857910156,42.183013916015625,27.114782333374023,50.20145034790039,39.994014739990234,5.481187343597412,14.00428295135498,16.45020294189453,80.87918090820312,31.68286895751953,10.92440128326416,5.483819007873535,23.31985092163086,8.584551811218262,31.458534240722656,41.149356842041016,41.19563674926758,41.84133529663086,11.42989444732666,18.877811431884766,23.411678314208984,30.41495132446289,58.58477020263672
2011-09-20,21.011232376098633,12.411820411682129,42.93366622924805,42.74590301513672,21.845603942871094,42.81298828125,55.32948303222656,19.712890625,22.913637161254883,39.84434509277344,9.861688613891602,15.207517623901367,99.78556060791016,23.198091506958008,61.288169860839844,10.831631660461426,13.079404830932617,25.200328826904297,43.02540969848633,33.14289093017578,58.49519348144531,33.94529724121094,51.67894744873047,39.56669616699219,58.710975646972656,19.048187255859375,25.173030853271484,19.644824981689453,41.825523376464844,27.367719650268555,49.383201599121094,40.478729248046875,5.410610675811768,14.28052806854248,16.68009376525879,79.18150329589844,31.590513229370117,10.90277099609375,5.421382904052734,23.345014572143555,8.596061706542969,31.571617126464844,41.405757904052734,41.1727180480957,42.17660140991211,11.463923454284668,19.027158737182617,23.38050079345703,30.336688995361328,57.66640853881836
2011-09-21,20.240253448486328,12.372491836547852,42.20497512817383,41.56766128540039,20.551801681518555,42.10480499267578,53.3378791809082,19.318628311157227,22.469314575195312,40.10826873779297,9.645421028137207,15.029412269592285,98.81466674804688,24.171842575073242,60.05983352661133,10.379498481750488,12.836772918701172,24.49810028076172,41.46648406982422,31.81007957458496,55.48860549926758,32.51105880737305,49.61375045776367,38.64942932128906,56.295204162597656,18.676393508911133,24.83561897277832,19.307958602905273,39.98311996459961,26.818483352661133,47.55685043334961,39.62430191040039,5.002857208251953,13.871410369873047,16.031015396118164,75.51604461669922,30.063631057739258,9.965363502502441,5.187254428863525,22.891836166381836,8.346732139587402,30.601057052612305,40.23632049560547,39.67414474487305,41.482147216796875,11.110859870910645,18.450166702270508,23.972957611083984,28.779155731201172,55.26806640625
2011-09-22,19.5159969329834,12.062684059143066,41.396026611328125,39.990875244140625,19.82700538635254,40.86875915527344,51.01808547973633,18.881919860839844,21.995790481567383,40.19403839111328,9.456189155578613,14.810205459594727,96.30175018310547,23.189910888671875,59.009864807128906,10.045306205749512,12.57663631439209,23.926204681396484,39.59793472290039,29.754169464111328,51.67098617553711,31.57896614074707,47.74367141723633,37.959754943847656,55.050689697265625,18.297382354736328,24.329486846923828,19.10208511352539,38.46151351928711,26.421003341674805,47.877593994140625,38.30979537963867,4.751927375793457,13.406352043151855,15.665904998779297,72.52193450927734,28.91846466064453,9.417340278625488,5.005154132843018,22.174304962158203,8.335223197937012,29.62105941772461,38.879268646240234,39.093048095703125,41.42827224731445,10.93220329284668,17.24866485595703,24.634029388427734,27.432950973510742,52.057621002197266
2011-09-23,19.5159969329834,12.137131690979004,41.17542266845703,40.03132629394531,20.04376792907715,40.92222213745117,50.927574157714844,18.833396911621094,21.866065979003906,39.81135177612305,9.434564590454102,15.180110931396484,96.71295166015625,23.648147583007812,59.956886291503906,10.228784561157227,12.706707000732422,24.411235809326172,40.189998626708984,30.08026123046875,51.64302062988281,32.124473571777344,48.38600540161133,38.00113296508789,55.672943115234375,18.394840240478516,23.992055892944336,19.270517349243164,38.736507415771484,26.066898345947266,47.19025421142578,38.16191101074219,4.947967529296875,13.437822341918945,16.017486572265625,73.44795989990234,28.881511688232422,9.893256187438965,5.130023002624512,21.960302352905273,8.35440731048584,29.451448440551758,38.77295684814453,39.03188705444336,41.889225006103516,10.961978912353516,17.099327087402344,24.241132736206055,26.93203353881836,51.20758056640625
2011-09-26,19.811925888061523,12.1032075881958,41.910804748535156,41.423248291015625,21.43916893005371,41.78409194946289,51.76497268676758,19.17306137084961,22.300668716430664,40.83403778076172,9.607574462890625,15.234916687011719,99.66561889648438,24.310941696166992,61.30878448486328,10.477788925170898,12.96434497833252,24.613941192626953,40.84182357788086,31.051511764526367,53.73362350463867,32.8361930847168,50.41868591308594,38.22871780395508,56.9906120300293,18.319042205810547,24.181854248046875,19.30171012878418,39.67145919799805,26.478824615478516,48.296566009521484,39.0738639831543,5.1753692626953125,13.829450607299805,16.761228561401367,76.50376892089844,29.718854904174805,10.535017967224121,5.244485855102539,22.67782974243164,8.454136848449707,30.21471405029297,39.5296516418457,40.07172775268555,42.386131286621094,11.059816360473633,17.33011817932129,24.621551513671875,28.348678588867188,51.94377517700195
2011-09-27,19.991050720214844,11.98582935333252,42.666259765625,42.110572814941406,21.38498306274414,42.265140533447266,52.924842834472656,19.494535446166992,22.563377380371094,41.19029998779297,9.596760749816895,15.4404296875,101.49320983886719,24.654624938964844,61.583282470703125,10.530205726623535,13.014369010925293,24.52706527709961,41.43389892578125,32.00149154663086,54.30696487426758,32.90121841430664,51.04474639892578,38.980472564697266,57.68608856201172,18.48147201538086,24.385711669921875,19.488862991333008,40.54225158691406,26.869062423706055,48.617313385009766,38.67950439453125,5.081270217895508,14.00428295135498,16.876169204711914,76.82017517089844,30.482290267944336,10.794608116149902,5.2652974128723145,21.255359649658203,8.415773391723633,30.275955200195312,40.02995300292969,40.897464752197266,42.61362838745117,11.23847484588623,17.493038177490234,24.602848052978516,29.16266441345215,52.73311233520508
2011-09-28,19.920955657958984,11.918292045593262,42.285194396972656,41.62540817260742,20.639862060546875,41.91102600097656,51.90641403198242,19.373220443725586,22.073637008666992,40.88680648803711,9.494036674499512,15.28287124633789,101.40184020996094,24.098196029663086,60.409820556640625,10.379498481750488,12.834274291992188,24.324356079101562,39.97815704345703,31.384716033935547,52.496036529541016,32.055850982666016,50.345497131347656,38.39424133300781,56.5513916015625,18.37679100036621,23.914724349975586,19.239334106445312,38.718162536621094,26.912439346313477,47.995418548583984,38.178348541259766,4.830344200134277,13.70007610321045,16.531352996826172,74.3276596069336,29.811208724975586,10.210531234741211,5.166442394256592,20.613351821899414,8.419614791870117,29.790672302246094,39.49212646484375,39.834693908691406,41.79942321777344,11.102349281311035,17.045019149780273,24.09769630432129,27.980825424194336,51.473365783691406
2011-09-29,19.819713592529297,11.724957466125488,42.71974182128906,42.670806884765625,21.263046264648438,42.55909729003906,53.40576171875,19.809938430786133,22.39472007751465,41.28927230834961,9.721114158630371,15.214363098144531,102.32701110839844,24.26185417175293,60.924468994140625,10.386049270629883,12.989360809326172,24.46190643310547,40.483333587646484,31.90224838256836,52.712772369384766,32.34846878051758,50.71139144897461,38.47010040283203,58.052093505859375,18.716100692749023,23.956912994384766,19.41400718688965,38.974830627441406,26.919654846191406,47.45210266113281,38.38373947143555,4.97933292388916,13.72454833984375,16.896453857421875,77.0671157836914,30.593111038208008,10.88114070892334,5.202864646911621,20.474878311157227,8.523177146911621,30.327791213989258,40.44268035888672,40.729278564453125,42.6435661315918,11.246978759765625,17.493038177490234,24.266075134277344,28.31346321105957,51.94672393798828
2011-09-30,19.383609771728516,11.447272300720215,42.579349517822266,41.94883728027344,20.402780532836914,42.21168518066406,52.387332916259766,19.834199905395508,21.911468505859375,40.840614318847656,9.558916091918945,14.618396759033203,99.87123107910156,23.5172176361084,60.26569366455078,10.15670394897461,12.981849670410156,23.795879364013672,38.994998931884766,31.129512786865234,51.629024505615234,32.03778076171875,49.19907760620117,37.904571533203125,55.70952606201172,18.45981788635254,23.612459182739258,19.57620620727539,38.44319534301758,26.717313766479492,47.5503044128418,36.88848114013672,4.79897928237915,13.567197799682617,16.308223724365234,72.96177673339844,29.411008834838867,9.741826057434082,5.031170845031738,20.70147705078125,8.423447608947754,29.83307647705078,39.49212646484375,39.88820266723633,42.51184844970703,11.404373168945312,16.84137535095215,24.004148483276367,27.652090072631836,49.29746627807617
2011-10-03,19.103246688842773,11.245538711547852,41.50300216674805,41.09403610229492,19.40702247619629,41.98453140258789,50.85402297973633,19.148805618286133,21.21741485595703,39.77837371826172,9.369681358337402,14.12518310546875,98.96886444091797,22.862598419189453,59.030452728271484,9.953570365905762,12.996857643127441,22.86924171447754,38.52787399291992,30.002283096313477,49.328643798828125,31.900501251220703,47.36153030395508,37.17352294921875,53.769569396972656,18.10245132446289,23.17662239074707,19.644824981689453,36.64659881591797,26.254791259765625,46.58149719238281,35.72184371948242,4.336330890655518,13.221026420593262,15.672662734985352,69.51239013671875,28.2535343170166,8.991900444030762,4.875082015991211,20.437114715576172,8.339059829711914,28.73529052734375,38.91053771972656,38.89426040649414,42.30232238769531,11.298027038574219,16.400150299072266,23.67360496520996,26.877229690551758,47.12157440185547
2011-10-04,19.734045028686523,11.182491302490234,41.56316375732422,42.06435775756836,20.678049087524414,42.338623046875,51.759315490722656,19.015361785888672,21.155790328979492,39.883934020996094,9.510257720947266,14.536192893981934,99.79698944091797,23.47630500793457,59.34611892700195,10.249611854553223,13.22697925567627,23.50630760192871,39.114498138427734,30.952255249023438,50.72005844116211,31.9438419342041,48.085166931152344,37.48387145996094,54.39182662963867,18.228792190551758,23.197715759277344,20.01913070678711,37.25157165527344,26.543865203857422,47.589576721191406,35.680782318115234,4.516684055328369,13.245500564575195,16.36907958984375,72.98493194580078,29.835832595825195,10.10236930847168,5.244485855102539,20.676301956176758,8.44262409210205,29.338363647460938,40.061214447021484,39.52122497558594,42.13469696044922,11.289520263671875,16.705612182617188,23.7235050201416,27.6560115814209,48.465293884277344
2011-10-05,20.162372589111328,11.35511302947998,41.683502197265625,42.71123504638672,21.074384689331055,42.31858825683594,53.55855178833008,19.082075119018555,21.253087997436523,39.77837371826172,9.721114158630371,14.967754364013672,101.00200653076172,24.14729118347168,58.90008544921875,10.63117504119873,13.169448852539062,23.766931533813477,39.39695739746094,31.455612182617188,51.92268753051758,32.334022521972656,48.751895904541016,38.573543548583984,55.89255142211914,18.448984146118164,23.387516021728516,20.41839599609375,38.131526947021484,26.760669708251953,47.45210266113281,35.81276321411133,4.524527072906494,13.68958568572998,16.565155029296875,72.76114654541016,30.19292640686035,10.441278457641602,5.494223117828369,20.789596557617188,8.492490768432617,30.12047576904297,41.00553512573242,39.57474136352539,42.11074447631836,11.272504806518555,17.085750579833984,23.852386474609375,28.47391700744629,50.511409759521484
2011-10-06,20.5128173828125,11.328691482543945,41.99104309082031,42.67660140991211,22.126747131347656,42.498985290527344,53.5302619934082,19.057815551757812,21.207683563232422,39.963104248046875,9.856278419494629,15.09106159210205,103.7662353515625,24.605525970458984,59.77846908569336,11.019318580627441,13.194462776184082,24.165098190307617,40.54850769042969,31.94477081298828,53.90142059326172,32.58331298828125,49.98776626586914,39.194271087646484,56.84421920776367,18.474252700805664,23.72492790222168,20.44990348815918,38.89234161376953,26.905200958251953,47.87104797363281,36.654266357421875,4.924441337585449,13.864419937133789,17.15338706970215,75.5700454711914,31.030258178710938,10.946032524108887,5.717947006225586,21.00358772277832,8.737982749938965,30.318361282348633,41.599632263183594,39.97995376586914,42.49388885498047,11.463923454284668,17.588077545166016,23.996984481811523,28.845672607421875,50.824424743652344
2011-10-07,20.44273567199707,11.10143756866455,42.20497512817383,42.485992431640625,20.978721618652344,42.699405670166016,53.41143798828125,19.17306137084961,21.373088836669922,40.26002502441406,9.969820022583008,15.269166946411133,104.16600036621094,24.52353858947754,59.840232849121094,10.960112571716309,13.43209171295166,24.556013107299805,40.097679138183594,32.249603271484375,52.80369567871094,32.66279602050781,50.25607681274414,38.808040618896484,56.734413146972656,18.6005916595459,23.746021270751953,20.405790328979492,38.479854583740234,27.403846740722656,48.4405517578125,35.829280853271484,4.62646484375,13.745529174804688,16.592199325561523,71.5264663696289,30.20524024963379,10.268218040466309,5.56186056137085,21.02876853942871,8.642090797424316,30.22884178161621,41.43703079223633,40.377540588378906,42.4819221496582,11.66810417175293,17.275821685791016,24.361623764038086,28.75567626953125,50.16020965576172
2011-10-10,20.980087280273438,11.672118186950684,43.074073791503906,44.05697250366211,22.072071075439453,43.29405212402344,55.56147384643555,19.62191390991211,21.697418212890625,40.820831298828125,10.229337692260742,15.673335075378418,106.5818099975586,25.392642974853516,60.73920822143555,11.242995262145996,13.709737777709961,25.091737747192383,41.67289733886719,33.43354415893555,55.32779312133789,33.143272399902344,52.06108856201172,39.56669616699219,59.07699203491211,18.994043350219727,24.146717071533203,20.689374923706055,39.808956146240234,27.757959365844727,49.58610916137695,37.49574279785156,4.924441337585449,14.214095115661621,17.66724395751953,74.18877410888672,31.88603973388672,11.025355339050293,5.8324103355407715,21.19241714477539,8.780179023742676,31.5433406829834,42.437618255615234,41.83024215698242,42.9009895324707,11.753181457519531,17.655948638916016,24.713693618774414,29.914045333862305,52.96977233886719
2011-10-11,21.026809692382812,12.016751289367676,42.75983810424805,44.051185607910156,22.072071075439453,43.14037322998047,55.222007751464844,19.367158889770508,21.66498374938965,40.21384048461914,10.191492080688477,15.748682975769043,105.65664672851562,25.359844207763672,61.30878448486328,11.177206993103027,13.687228202819824,25.1279354095459,41.50993728637695,33.58241271972656,56.39757537841797,32.64110565185547,52.012306213378906,39.37358474731445,59.07699203491211,19.022926330566406,24.160768508911133,20.77130126953125,39.98311996459961,27.244876861572266,49.95923614501953,37.75149154663086,4.995013236999512,13.881902694702148,17.613157272338867,74.62088012695312,31.867584228515625,11.097460746765137,5.848019123077393,21.267946243286133,8.734149932861328,31.57631492614746,42.49391174316406,41.937294006347656,42.77527618408203,11.8254976272583,17.89353370666504,25.09717559814453,29.824024200439453,54.72575759887695
2011-10-12,20.995649337768555,12.0737886428833,43.00721740722656,44.56523895263672,22.68708038330078,43.35417938232422,55.32384490966797,19.755353927612305,21.885528564453125,41.36844253540039,10.175272941589355,15.837735176086426,106.29631805419922,25.507434844970703,60.636268615722656,11.348254203796387,13.807284355163574,25.135177612304688,42.56371307373047,34.37644577026367,57.124732971191406,32.95540237426758,52.29689407348633,39.0632209777832,60.0286750793457,19.062992095947266,24.37165069580078,20.683074951171875,40.74391555786133,27.17981719970703,49.83486557006836,38.79923629760742,5.159684181213379,14.088201522827148,18.221668243408203,76.48065185546875,32.92038345336914,11.421947479248047,5.920857906341553,20.865123748779297,8.707298278808594,31.96738624572754,42.875389099121094,42.29664993286133,43.09856414794922,11.812732696533203,18.38228416442871,25.009164810180664,30.430612564086914,54.24479293823242
2011-10-13,21.166996002197266,12.261116981506348,42.940364837646484,44.108951568603516,21.593732833862305,43.19382095336914,55.32948303222656,19.834199905395508,21.859582901000977,41.14412307739258,10.142831802368164,16.022695541381836,106.69606018066406,25.532012939453125,61.288169860839844,11.460091590881348,13.762267112731934,24.910747528076172,42.259525299072266,33.95108413696289,56.942962646484375,32.91567611694336,51.65455627441406,39.29771423339844,59.36982345581055,18.997419357299805,24.392744064331055,20.645267486572266,39.68979263305664,27.461666107177734,50.01818084716797,38.22173309326172,4.877392292022705,14.210589408874512,17.66048240661621,74.19647979736328,32.224666595458984,10.917191505432129,5.90004825592041,20.745529174804688,8.642090797424316,31.896011352539062,42.581459045410156,41.53972244262695,42.74534606933594,11.744672775268555,18.402645111083984,24.71997833251953,30.395381927490234,53.290443420410156
2011-10-14,21.237083435058594,12.668490409851074,43.2679328918457,45.11393737792969,21.791902542114258,43.35417938232422,56.845829010009766,20.00403594970703,22.005529403686523,41.0649528503418,10.294218063354492,16.098052978515625,108.81490325927734,26.114160537719727,61.72052764892578,11.545612335205078,13.872323989868164,25.37407684326172,42.851600646972656,35.05702209472656,58.79585266113281,33.36003875732422,51.947269439697266,39.64945983886719,60.76073455810547,19.208703994750977,24.695018768310547,20.44361114501953,40.97306442260742,27.671236038208008,49.74320983886719,38.031986236572266,4.8538689613342285,14.13715934753418,18.03235626220703,74.64404296875,32.98810958862305,10.97488021850586,6.0145111083984375,20.770702362060547,8.672776222229004,32.823760986328125,43.12553405761719,41.71555709838867,43.0506591796875,11.770195007324219,18.837080001831055,24.93372917175293,31.193729400634766,54.50436782836914
2011-10-17,21.011232376098633,12.608146667480469,42.64619064331055,44.7442741394043,21.2110595703125,42.933265686035156,55.793460845947266,19.597646713256836,21.7298526763916,40.83403778076172,10.104984283447266,15.94734001159668,106.56474304199219,25.605819702148438,60.84212875366211,11.295621871948242,13.702232360839844,25.084501266479492,41.21662139892578,33.81637954711914,56.9989128112793,32.8542594909668,50.2316780090332,38.92530059814453,59.406436920166016,18.957347869873047,24.456012725830078,20.44361114501953,40.18476867675781,27.439990997314453,48.91189193725586,37.223506927490234,4.728405952453613,13.937846183776855,16.51106071472168,74.77526092529297,31.861400604248047,10.99651050567627,5.931262969970703,21.330890655517578,8.57688045501709,32.5145149230957,42.53142166137695,41.16507339477539,42.6375732421875,11.663851737976074,18.341552734375,24.74512481689453,30.46192741394043,53.11484909057617
2011-10-18,21.268226623535156,12.675691604614258,43.0673828125,45.56442642211914,22.461576461791992,43.37421417236328,58.24901580810547,19.888792037963867,21.645524978637695,41.17710876464844,10.256370544433594,16.029542922973633,102.17281341552734,26.138755798339844,61.514652252197266,11.51930046081543,13.979878425598145,26.025611877441406,42.56371307373047,34.9719352722168,59.23633575439453,33.36003875732422,51.60577392578125,39.50461959838867,61.16336441040039,19.103065490722656,24.709081649780273,20.51923370361328,39.808956146240234,27.815765380859375,49.7366828918457,38.510501861572266,5.206735134124756,14.252551078796387,17.484689712524414,78.90369415283203,33.209747314453125,11.991604804992676,6.128971576690674,21.293128967285156,8.722640037536621,32.92844009399414,43.306884765625,41.593223571777344,42.972843170166016,11.710637092590332,18.945693969726562,24.98402214050293,31.59288215637207,53.54237747192383
2011-10-19,21.128049850463867,11.966619491577148,41.87738037109375,45.29874801635742,22.037904739379883,43.613319396972656,57.84729766845703,19.737159729003906,21.73957633972168,40.97916793823242,10.1698637008667,16.604965209960938,101.3104248046875,25.818992614746094,61.50092697143555,11.289045333862305,14.069928169250488,25.627450942993164,42.205196380615234,34.61038589477539,58.42528533935547,33.3022346496582,51.31305694580078,39.532203674316406,60.467926025390625,19.39813232421875,24.493911743164062,20.386890411376953,39.58897018432617,27.967540740966797,49.40283966064453,38.05674362182617,5.018538475036621,14.266538619995117,17.024917602539062,77.77703857421875,32.44015121459961,11.998814582824707,6.0145111083984375,21.24277687072754,8.707298278808594,33.09495162963867,43.0379753112793,41.348567962646484,42.847110748291016,11.621315956115723,18.613073348999023,24.801700592041016,30.853261947631836,52.76365280151367
2011-10-20,21.05795669555664,11.867250442504883,41.80384826660156,45.46046447753906,22.639245986938477,43.84233856201172,58.49797058105469,19.89485740661621,21.768766403198242,40.98576736450195,10.126608848571777,16.17339324951172,101.23047637939453,25.851787567138672,61.08230209350586,11.308783531188965,14.099944114685059,25.866344451904297,42.737525939941406,34.35516357421875,59.2408332824707,33.09992599487305,50.808956146240234,39.49772644042969,60.87055587768555,19.689558029174805,24.536239624023438,20.44361114501953,40.51475143432617,27.90249252319336,49.55337905883789,38.10624694824219,5.073427677154541,14.33996868133545,17.417078018188477,77.83106994628906,32.49557876586914,11.977179527282715,6.0873494148254395,21.142066955566406,8.714967727661133,33.43277359008789,43.27562713623047,41.37151336669922,42.924930572509766,11.591533660888672,18.85066032409668,24.751405715942383,31.573333740234375,52.87053298950195
2011-10-21,21.151416778564453,11.794001579284668,42.63951110839844,46.28062057495117,22.83741569519043,44.63041687011719,59.708778381347656,20.22846221923828,22.115802764892578,41.09133529663086,10.305028915405273,16.461111068725586,103.73200225830078,26.33553123474121,63.35376739501953,11.433773040771484,14.237515449523926,26.684398651123047,43.71525573730469,36.35437774658203,61.441471099853516,34.147010803222656,52.51641082763672,40.40809631347656,59.699241638183594,19.620344161987305,25.07944679260254,20.51923370361328,40.97306442260742,27.512248992919922,50.66621017456055,39.97896194458008,5.065587997436523,14.500815391540527,17.78894805908203,78.78021240234375,33.776180267333984,12.27283000946045,6.378711223602295,21.488245010375977,8.856893539428711,34.17496871948242,43.81342697143555,42.67130661010742,43.703216552734375,11.676610946655273,19.40729522705078,25.015460968017578,32.74734115600586,55.14567184448242
2011-10-24,21.174768447875977,12.18126106262207,43.27463150024414,46.3037223815918,23.62326431274414,44.030941009521484,60.12747573852539,20.337636947631836,22.01201820373535,40.972591400146484,10.4672269821167,16.8447208404541,104.08609008789062,26.950462341308594,63.141056060791016,11.53903579711914,14.202495574951172,26.568565368652344,44.6386604309082,36.70175552368164,64.5208969116211,33.17262268066406,52.646507263183594,40.6563720703125,60.21168518066406,19.470991134643555,25.262874603271484,20.500324249267578,41.55970764160156,27.598979949951172,51.536842346191406,41.1834602355957,5.26946496963501,14.682649612426758,17.930936813354492,80.23870849609375,34.47189712524414,12.366570472717285,6.508782863616943,21.59524154663086,8.922100067138672,34.31296157836914,44.319976806640625,43.06888198852539,41.69767379760742,11.617063522338867,19.644880294799805,24.581663131713867,33.029117584228516,56.91695022583008
2011-10-25,20.878843307495117,11.94110107421875,42.579349517822266,45.88208770751953,22.885255813598633,43.451663970947266,59.126014709472656,19.96157455444336,21.713638305664062,40.78783416748047,10.202302932739258,16.872121810913086,103.00668334960938,26.54051971435547,62.97633361816406,11.591665267944336,14.184981346130371,26.09078025817871,41.846702575683594,35.95027542114258,63.199092864990234,32.71453094482422,51.809043884277344,38.945987701416016,59.36982345581055,19.303424835205078,25.185272216796875,20.235633850097656,41.17472457885742,27.042509078979492,51.641571044921875,40.77096176147461,5.065587997436523,14.357451438903809,17.27508544921875,77.50696563720703,31.44891357421875,11.912285804748535,6.467157363891602,21.286821365356445,8.791685104370117,33.62783432006836,43.369415283203125,43.25238037109375,41.637794494628906,11.48519515991211,19.10861587524414,24.4056396484375,32.29729461669922,55.82518005371094
2011-10-26,20.7075138092041,12.02606201171875,43.11418533325195,46.82353210449219,23.356761932373047,43.74802780151367,60.41034698486328,20.34370231628418,21.882287979125977,40.913185119628906,10.423975944519043,16.920072555541992,103.92613983154297,26.56511688232422,62.983211517333984,11.585086822509766,14.35007095336914,26.459980010986328,41.835845947265625,36.4394645690918,64.38028717041016,32.918121337890625,54.1181755065918,39.277042388916016,59.84564971923828,19.543851852416992,25.552108764648438,20.487714767456055,41.49555206298828,27.100322723388672,49.97887420654297,41.620697021484375,5.167527198791504,14.507808685302734,17.417078018188477,82.0521240234375,31.41197967529297,11.998814582824707,6.17579984664917,20.92806053161621,8.830041885375977,34.203529357910156,43.388179779052734,42.51073455810547,42.0748176574707,11.604299545288086,19.61772918701172,24.512502670288086,33.20911407470703,56.443603515625
2011-10-27,21.22150230407715,12.148839950561523,43.78939437866211,47.291351318359375,25.297468185424805,43.95684814453125,61.65513610839844,20.810752868652344,22.23904037475586,41.487205505371094,10.726746559143066,17.214630126953125,106.15921020507812,27.598196029663086,64.17041015625,12.131117820739746,14.46013069152832,26.945024490356445,44.22041320800781,38.33232116699219,67.72689819335938,33.20536804199219,54.874332427978516,40.04256057739258,63.57917022705078,19.718706130981445,26.299911499023438,20.790210723876953,43.42045211791992,27.367719650268555,49.52067184448242,42.94893264770508,5.661539077758789,14.724608421325684,18.302806854248047,89.8228988647461,34.97674560546875,14.038397789001465,6.285059928894043,21.48195457458496,9.010326385498047,34.660274505615234,44.745235443115234,44.07046890258789,42.51784896850586,11.76594066619873,20.50017738342285,24.70111656188965,34.8018798828125,59.3524284362793
2011-10-28,21.011232376098633,12.156646728515625,43.85626220703125,47.060325622558594,25.07196617126465,43.5998420715332,62.03422164916992,21.295989990234375,22.355802536010742,41.69832992553711,10.715929985046387,17.11188316345215,107.0558853149414,27.62278938293457,64.01944732666016,12.21005916595459,14.295044898986816,26.14868927001953,43.997718811035156,38.197628021240234,68.09249877929688,33.16535568237305,55.42720031738281,39.47703170776367,63.139930725097656,19.751493453979492,25.98951530456543,20.223033905029297,42.74215316772461,27.664011001586914,49.376644134521484,42.98191833496094,5.763477802276611,14.962382316589355,18.309568405151367,89.40616607666016,34.810516357421875,13.966069221496582,6.243435382843018,21.28053855895996,8.99498462677002,34.132164001464844,44.707725524902344,44.28456115722656,42.128700256347656,11.723402976989746,20.59520721435547,24.60053062438965,34.97407913208008,60.06245422363281
2011-10-31,20.73866081237793,12.151542663574219,43.04731750488281,45.10238265991211,23.753097534179688,43.10142135620117,59.437191009521484,20.925992965698242,22.157958984375,41.53339385986328,10.413163185119629,16.810476303100586,105.4453353881836,26.86848258972168,63.71748733520508,12.19033145904541,14.187488555908203,25.91702651977539,42.9222297668457,37.14838790893555,66.41214752197266,32.85633087158203,53.49211120605469,39.49772644042969,61.16336441040039,19.62398910522461,25.629716873168945,19.907926559448242,40.64308547973633,26.854612350463867,49.684326171875,41.760948181152344,5.3557209968566895,14.567249298095703,17.518495559692383,84.53693389892578,32.53250503540039,12.758231163024902,6.0769453048706055,20.896591186523438,8.891414642333984,33.137786865234375,43.92599105834961,44.154579162597656,41.73359680175781,11.71915054321289,19.644880294799805,24.223310470581055,33.815711975097656,57.9476432800293
2011-11-01,20.240253448486328,11.90327262878418,42.372100830078125,43.86061477661133,22.35224723815918,42.2392463684082,57.756752014160156,20.65911293029785,21.742826461791992,41.058349609375,10.451008796691895,16.372053146362305,103.57202911376953,25.98297882080078,63.072418212890625,11.571929931640625,14.064919471740723,25.728801727294922,41.569679260253906,36.29766845703125,64.42247009277344,32.027366638183594,51.361846923828125,38.30458068847656,58.63774490356445,19.21963119506836,25.0089054107666,19.731483459472656,39.579795837402344,26.897974014282227,48.43403244018555,40.41621398925781,5.018538475036621,14.353955268859863,16.747711181640625,79.89912414550781,30.562335968017578,11.738442420959473,5.764774322509766,20.374177932739258,8.626745223999023,32.314697265625,42.9004020690918,42.03670120239258,41.12892532348633,11.527729034423828,18.830299377441406,24.08500099182129,33.10737609863281,56.26799774169922
2011-11-02,20.255828857421875,11.93029499053955,42.54592514038086,44.6865234375,22.98775291442871,42.340293884277344,59.14866256713867,20.73796272277832,21.979576110839844,41.17710876464844,10.559138298034668,16.337799072265625,105.03986358642578,26.466718673706055,63.4979248046875,11.742976188659668,14.222503662109375,26.054574966430664,42.40074920654297,37.183834075927734,66.04654693603516,31.972843170166016,52.3619384765625,37.794219970703125,59.479618072509766,19.26335334777832,25.23465347290039,19.643251419067383,39.10315704345703,27.085865020751953,48.780941009521484,41.513450622558594,5.26946496963501,14.346965789794922,17.209716796875,81.89779663085938,31.504323959350586,12.121769905090332,5.8011932373046875,20.764421463012695,8.684284210205078,32.87611389160156,43.369415283203125,42.67892074584961,41.36840057373047,11.566015243530273,19.37335968017578,24.26102638244629,33.92919158935547,56.55047607421875
2011-11-03,20.660791397094727,12.100207328796387,43.0139045715332,45.54710388183594,23.49343490600586,42.576045989990234,60.048255920410156,20.944185256958008,22.264995574951172,41.43441390991211,10.74837589263916,16.724824905395508,106.97022247314453,27.147249221801758,63.8204231262207,11.960073471069336,14.362574577331543,26.387588500976562,43.258995056152344,38.24015426635742,67.49491119384766,32.1837158203125,53.81733322143555,38.41492462158203,61.01693344116211,19.613059997558594,26.32108497619629,20.00246810913086,39.21315002441406,27.497800827026367,49.808692932128906,42.63544464111328,5.418454647064209,14.31199836730957,17.53583526611328,83.09390258789062,32.514034271240234,12.25918960571289,5.8896403312683105,20.59446907043457,8.684284210205078,33.542198181152344,44.12612533569336,43.871681213378906,41.72160339355469,11.685120582580566,19.936765670776367,24.49364471435547,34.69622802734375,57.81782531738281
2011-11-04,20.44273567199707,12.015249252319336,42.866825103759766,45.350711822509766,23.21326446533203,42.45479202270508,60.217987060546875,20.63485336303711,21.982818603515625,40.900001525878906,10.629426002502441,16.40691375732422,106.44478607177734,26.68809700012207,64.37628936767578,11.8613920211792,14.382594108581543,26.34415626525879,43.074302673339844,38.24724578857422,67.31209564208984,32.016475677490234,53.50023651123047,38.049407958984375,59.9920768737793,19.427274703979492,26.82196617126465,19.75039291381836,39.4056396484375,27.418291091918945,50.09016799926758,42.22295379638672,5.089111804962158,14.238563537597656,17.257272720336914,81.0566635131836,32.483245849609375,12.092839241027832,5.863626480102539,20.877702713012695,8.749493598937988,33.64210510253906,43.7696418762207,43.71876525878906,41.73359680175781,11.642584800720215,19.71954917907715,24.31133270263672,34.63751220703125,57.558250427246094
2011-11-07,20.871055603027344,11.999940872192383,42.7866096496582,45.830116271972656,23.39775848388672,42.74443054199219,60.947879791259766,20.816810607910156,22.122283935546875,41.23649215698242,10.85109806060791,16.78011131286621,106.98163604736328,26.950462341308594,64.9321517944336,11.848236083984375,14.492645263671875,27.031888961791992,43.2861328125,38.25432586669922,66.79180145263672,32.15825271606445,53.898651123046875,40.29774856567383,59.9920768737793,19.536561965942383,26.97011375427246,19.781896591186523,39.084815979003906,27.71460723876953,51.22917556762695,42.280696868896484,5.057746887207031,14.364445686340332,17.270856857299805,81.4656753540039,32.63716506958008,12.2374906539917,5.837614059448242,20.85882568359375,8.853056907653809,34.05603790283203,44.0635871887207,44.52923583984375,42.02094650268555,11.706390380859375,19.95034408569336,24.74512481689453,34.79013442993164,57.375003814697266
2011-11-08,21.151416778564453,12.195072174072266,43.361549377441406,46.34140396118164,23.93077278137207,43.24959945678711,61.59292221069336,20.907794952392578,22.264995574951172,42.0018424987793,10.96578311920166,17.104936599731445,107.37152862548828,27.557205200195312,64.91839599609375,12.0455961227417,14.837834358215332,27.466245651245117,44.448551177978516,38.74350357055664,67.41752624511719,32.51819610595703,54.5368766784668,40.00117492675781,60.321495056152344,19.766063690185547,27.54153823852539,19.99616050720215,39.88228225708008,28.1771183013916,51.31425094604492,42.35493469238281,5.120478630065918,14.413405418395996,18.025014877319336,83.78839111328125,33.44987106323242,12.526792526245117,6.040524959564209,20.89029312133789,8.918266296386719,34.60793685913086,44.745235443115234,44.75096893310547,42.434043884277344,11.761690139770508,20.26259422302246,24.83313751220703,35.20370101928711,57.74148178100586
2011-11-09,20.40378761291504,11.866354942321777,42.472381591796875,44.96440505981445,22.236082077026367,42.245975494384766,59.00153350830078,20.49534034729004,21.73957633972168,41.09133529663086,10.561661720275879,16.476030349731445,104.49878692626953,25.900983810424805,63.580223083496094,11.585086822509766,14.520160675048828,26.901578903198242,42.91134262084961,37.45322036743164,64.42950439453125,31.794689178466797,52.818546295166016,39.663246154785156,58.01552963256836,19.28521156311035,27.082983016967773,19.517208099365234,38.92898178100586,27.353254318237305,50.37165069580078,40.59770965576172,4.830344200134277,13.94134521484375,16.978717803955078,76.91276550292969,31.65824317932129,11.398512840270996,5.743963241577148,20.10132598876953,8.726473808288574,33.40898513793945,43.460140228271484,43.802879333496094,41.769508361816406,11.557506561279297,19.35977554321289,24.4056396484375,33.64398956298828,55.565582275390625
2011-11-10,20.466089248657227,11.564349174499512,42.866825103759766,45.72553634643555,22.372743606567383,42.59624099731445,59.69179916381836,21.211071014404297,21.856342315673828,41.53999328613281,10.807409286499023,16.628074645996094,105.13524627685547,26.015775680541992,63.99885177612305,12.24295711517334,14.54017162322998,26.930551528930664,43.628353118896484,37.97075271606445,64.82318878173828,32.0455436706543,53.04765319824219,39.97359848022461,58.78416442871094,19.65313148498535,27.160587310791016,19.737783432006836,39.58897018432617,27.258081436157227,49.83486557006836,40.49871826171875,4.728405952453613,14.042747497558594,17.039859771728516,76.78157806396484,32.10768508911133,11.470842361450195,5.717947006225586,20.247085571289062,8.83635139465332,33.98943328857422,44.02079772949219,44.3916015625,42.17660140991211,11.753181457519531,19.604150772094727,24.619384765625,33.95909118652344,56.17637252807617
2011-11-11,20.956716537475586,11.546339988708496,43.62227249145508,46.31816482543945,22.74175453186035,43.03406524658203,60.568809509277344,21.817617416381836,22.093101501464844,41.75110626220703,10.916631698608398,17.17404556274414,107.44609832763672,26.54051971435547,65.02820587158203,12.51268482208252,14.807814598083496,27.553136825561523,44.69841384887695,38.84274673461914,67.58629608154297,32.42002868652344,54.7578125,39.90463638305664,59.66264343261719,19.86441993713379,27.68262481689453,20.03397560119629,40.12060546875,27.71201515197754,50.67929458618164,41.5546989440918,4.869551181793213,14.364445686340332,17.4271297454834,78.44840240478516,33.44987106323242,11.832472801208496,5.795989036560059,20.817419052124023,9.032973289489746,34.322479248046875,44.58775329589844,45.33966827392578,42.56574249267578,11.816985130310059,20.15398597717285,24.870868682861328,34.7034912109375,57.86365509033203
2011-11-14,20.839900970458984,11.385432243347168,43.39496612548828,45.87657928466797,22.242904663085938,42.46826934814453,60.070892333984375,21.635648727416992,21.986064910888672,41.43441390991211,10.807409286499023,17.022001266479492,107.42887878417969,26.48311996459961,64.5478515625,12.46005630493164,14.730274200439453,27.69068145751953,44.470279693603516,38.78601837158203,67.86750793457031,32.23098373413086,55.59243392944336,39.539093017578125,58.93059158325195,19.75877571105957,27.351055145263672,19.85751724243164,40.093109130859375,27.565584182739258,50.63348388671875,40.79570007324219,4.744087219238281,14.14765453338623,17.05345344543457,76.61955261230469,33.41291809082031,11.514235496520996,5.733556747436523,20.55126190185547,8.921168327331543,34.11313247680664,44.253868103027344,44.995609283447266,42.60764694213867,11.748924255371094,20.215084075927734,24.694833755493164,34.38051223754883,57.031463623046875
2011-11-15,20.98113441467285,11.672723770141602,43.448448181152344,45.9521369934082,22.34541130065918,42.81178665161133,58.4300537109375,21.672048568725586,22.05417251586914,42.556053161621094,10.851097106933594,17.512691497802734,108.23169708251953,27.024259567260742,64.82919311523438,12.578469276428223,14.372583389282227,27.56037139892578,44.470279693603516,38.83566665649414,68.24716186523438,32.28187942504883,55.59243392944336,39.22029495239258,59.29661178588867,19.85348892211914,27.478050231933594,19.66845703125,40.55143356323242,27.565584182739258,50.96078872680664,41.20819854736328,4.806819915771484,14.22108268737793,17.182537078857422,76.97449493408203,33.689979553222656,11.521465301513672,5.65551233291626,20.627309799194336,8.9096040725708,34.25110626220703,44.45546340942383,45.454383850097656,42.73335647583008,11.812732696533203,20.238977432250977,24.896005630493164,34.40414810180664,58.275943756103516
2011-11-16,20.45543098449707,11.550841331481934,43.05400466918945,45.464088439941406,21.504892349243164,42.62319564819336,57.6259880065918,21.283863067626953,21.73309898376465,42.94532012939453,10.68726634979248,17.23624610900879,107.01031494140625,26.22895050048828,63.92335510253906,12.36795425415039,14.177482604980469,27.393861770629883,44.470279693603516,38.03834533691406,67.31912994384766,32.22734069824219,54.28321838378906,38.818321228027344,58.38154602050781,19.58756446838379,27.14647674560547,19.435291290283203,39.18565368652344,26.965225219726562,49.703956604003906,39.69846725463867,4.62646484375,14.049747467041016,16.944738388061523,73.77206420898438,32.92038345336914,10.60293197631836,5.494223117828369,20.418182373046875,8.666722297668457,33.19010925292969,43.66172409057617,44.70508575439453,42.08679962158203,11.69787883758545,19.761003494262695,24.46221351623535,33.45098876953125,58.35227966308594
2011-11-17,20.039569854736328,11.329891204833984,42.74647903442383,45.237491607666016,20.83521842956543,42.39417266845703,57.072818756103516,21.132225036621094,21.606605529785156,42.28554916381836,10.632658004760742,16.821582794189453,106.49994659423828,25.269655227661133,63.333194732666016,12.157429695129395,14.189988136291504,27.23459243774414,43.68809127807617,37.545833587646484,65.95516204833984,32.009193420410156,54.07866287231445,38.749019622802734,57.24684524536133,19.4564151763916,27.14647674560547,19.302942276000977,38.965667724609375,26.950578689575195,49.19989776611328,38.52700424194336,4.548052787780762,13.850431442260742,16.76129722595215,71.26410675048828,32.33548355102539,10.219606399536133,5.291311264038086,20.456201553344727,8.524072647094727,33.09495162963867,43.42235565185547,43.48174285888672,41.925148010253906,11.71489429473877,19.60395050048828,24.27988624572754,32.57661819458008,57.2757682800293
2011-11-18,19.85125732421875,11.255743026733398,42.68631362915039,45.260704040527344,20.924055099487305,42.59624099731445,55.8182258605957,21.198938369750977,21.856342315673828,42.15357971191406,10.665417671203613,16.787025451660156,106.21900177001953,25.089277267456055,63.642005920410156,12.117960929870605,14.315053939819336,27.422813415527344,43.74784851074219,37.652896881103516,66.03952026367188,32.2164421081543,55.19967269897461,38.51337814331055,57.28347396850586,19.496492385864258,26.920724868774414,19.4163818359375,38.58067321777344,27.009151458740234,49.16063690185547,38.675498962402344,4.532367706298828,13.944838523864746,16.774887084960938,70.924560546875,32.323184967041016,10.27746295928955,5.254891395568848,20.678001403808594,8.60888957977295,32.95699691772461,43.55465316772461,43.38999557495117,41.9670524597168,11.75743293762207,19.733692169189453,24.23587989807129,32.927162170410156,56.703182220458984
2011-11-21,19.615869522094727,11.077725410461426,42.07794952392578,44.68553161621094,20.43887710571289,41.53201675415039,54.552223205566406,20.707639694213867,21.38930320739746,41.66535186767578,10.354142189025879,16.289424896240234,104.06292724609375,24.52353858947754,63.326332092285156,11.841654777526855,14.17248249053955,26.829193115234375,42.58000564575195,36.617889404296875,64.06391143798828,31.791030883789062,53.644989013671875,38.09754180908203,55.782737731933594,19.223281860351562,26.610319137573242,19.170604705810547,38.791507720947266,26.606468200683594,48.76131057739258,37.99899673461914,4.304965972900391,12.679035186767578,16.42837905883789,70.4538803100586,31.55972671508789,9.83627986907959,5.228877544403076,19.828832626342773,8.524072647094727,32.75716781616211,42.97509002685547,42.15137481689453,41.577919006347656,11.612807273864746,19.31715965270996,24.122726440429688,32.23000717163086,55.48922348022461
2011-11-22,19.45109748840332,11.302873611450195,42.05120849609375,44.17424011230469,20.09720230102539,41.552215576171875,54.98563003540039,20.507471084594727,21.395793914794922,41.685150146484375,10.32137393951416,16.061359405517578,103.9654769897461,24.44154167175293,63.580223083496094,11.78902816772461,14.220005989074707,26.858142852783203,42.57453536987305,36.375186920166016,63.269412994384766,32.0673828125,52.654884338378906,38.57575607299805,54.86768341064453,19.194133758544922,26.52565574645996,19.227323532104492,38.479854583740234,26.460033416748047,48.74821472167969,37.94950485229492,4.210868835449219,13.553211212158203,16.258527755737305,68.98768615722656,31.381193161010742,9.778422355651855,5.249690055847168,19.48029136657715,8.431547164916992,32.41936492919922,42.86168670654297,41.593223571777344,41.547996520996094,11.642584800720215,19.399099349975586,24.18559455871582,32.00944519042969,54.90900421142578
2011-11-23,19.200021743774414,11.017083168029785,41.44282913208008,43.331764221191406,19.393352508544922,41.127864837646484,53.46299743652344,20.131412506103516,21.039037704467773,41.17052459716797,10.075629234313965,15.688158988952637,102.038818359375,23.77741813659668,63.044960021972656,11.45351505279541,14.167478561401367,26.438257217407227,41.32187271118164,35.11176681518555,61.70158004760742,31.4420166015625,51.02655792236328,38.076744079589844,53.91600036621094,19.070274353027344,26.130596160888672,19.00044822692871,37.379905700683594,26.101272583007812,48.40782928466797,37.20701217651367,4.030514240264893,13.860920906066895,15.76933765411377,67.82245635986328,30.439184188842773,9.424023628234863,5.114415645599365,20.335800170898438,8.412267684936523,31.843677520751953,42.1435432434082,40.875572204589844,41.02115249633789,11.536236763000488,18.975749969482422,23.86495018005371,31.33988380432129,57.046722412109375
2011-11-25,19.066633224487305,10.914412498474121,41.341617584228516,42.93666458129883,19.461692810058594,41.08745193481445,52.630409240722656,20.113218307495117,20.996868133544922,41.22990417480469,10.075629234313965,15.708891868591309,101.52849578857422,23.564233779907227,63.20281219482422,11.51272201538086,14.23000431060791,26.40207290649414,41.64461135864258,35.076080322265625,60.970394134521484,31.53290367126465,51.370216369628906,37.87577438354492,53.80618667602539,18.96099281311035,25.996564865112305,19.00674819946289,37.50823211669922,26.05003547668457,49.35044860839844,37.12450408935547,4.05403995513916,13.73503589630127,15.973167419433594,68.48609161376953,30.543869018554688,9.590373992919922,5.072791576385498,20.57660675048828,8.543347358703613,31.467817306518555,41.86637878417969,41.22282409667969,41.12294006347656,11.591533660888672,19.050859451293945,24.034698486328125,31.292619705200195,56.22218704223633
2011-11-28,19.513870239257812,11.291165351867676,42.083824157714844,44.06382751464844,19.926368713378906,41.92267990112305,54.614959716796875,20.780424118041992,21.136329650878906,41.55978775024414,10.42513656616211,16.213403701782227,104.48155975341797,24.490747451782227,64.34197235107422,11.848236083984375,14.32005786895752,27.002933502197266,42.514366149902344,36.87484359741211,64.3170166015625,32.09646224975586,53.17856979370117,38.742088317871094,54.17219924926758,19.37992286682129,26.37046241760254,19.605436325073242,38.369850158691406,26.55521583557129,51.05898666381836,37.957740783691406,4.116772651672363,13.916866302490234,16.40799331665039,70.05255889892578,32.52017593383789,9.980932235717773,5.202864646911621,20.779399871826172,8.743827819824219,32.00544738769531,42.98767852783203,42.30316925048828,41.709625244140625,11.740418434143066,19.733692169189453,24.204444885253906,32.513587951660156,58.40571212768555
2011-11-29,19.490325927734375,11.203505516052246,42.3604736328125,44.697139739990234,19.516361236572266,42.11801528930664,55.538795471191406,20.913862228393555,21.623088836669922,42.0018424987793,10.594432830810547,16.296329498291016,103.75330352783203,24.38414764404297,64.61852264404297,11.631136894226074,14.550172805786133,28.425687789916992,42.25178527832031,36.803466796875,63.6561164855957,32.61272430419922,53.399505615234375,38.90842056274414,54.61147689819336,19.325281143188477,26.582094192504883,19.851215362548828,38.55318069458008,26.460033416748047,50.73405838012695,37.5782470703125,3.9834651947021484,13.731541633605957,16.36043930053711,68.79764556884766,32.76030731201172,9.626538276672363,5.197658538818359,20.6209716796875,8.616597175598145,32.41936492919922,43.09477996826172,42.54239273071289,41.75751876831055,11.889299392700195,19.842941284179688,24.5565185546875,32.74597930908203,57.90183639526367
2011-11-30,20.07096290588379,11.473690032958984,43.66947555541992,46.736488342285156,21.16322135925293,43.492088317871094,58.6353645324707,21.684181213378906,21.962846755981445,42.570552825927734,10.960321426391602,17.215513229370117,107.80162048339844,25.704206466674805,66.0428237915039,12.2626953125,14.732775688171387,28.61536979675293,44.33045959472656,38.652217864990234,68.81666564941406,33.26715850830078,56.20613479614258,40.135128021240234,58.235137939453125,19.871702194213867,27.400440216064453,20.620052337646484,40.54225158691406,27.71201515197754,51.82154083251953,39.632476806640625,4.274172306060791,13.93435287475586,17.569799423217773,74.2590103149414,34.94597244262695,10.696956634521484,5.515035629272461,21.368751525878906,8.936591148376465,33.93232727050781,45.19879913330078,44.03945541381836,42.787254333496094,12.204080581665039,20.566736221313477,25.116050720214844,34.561702728271484,60.505271911621094
2011-12-01,19.8355712890625,11.645702362060547,43.487300872802734,46.35882568359375,20.814716339111328,43.16203308105469,58.07080078125,21.641725540161133,21.832172393798828,42.63043212890625,10.93847370147705,17.22241973876953,108.63311004638672,25.966575622558594,66.02898406982422,12.22321605682373,14.660236358642578,28.70293426513672,43.92567825317383,38.66648864746094,68.07141876220703,32.76179122924805,58.0799446105957,40.197505950927734,58.235137939453125,19.860780715942383,27.14647674560547,20.73349380493164,39.955604553222656,27.558271408081055,52.371910095214844,39.426231384277344,4.344884395599365,13.871410369873047,17.42032814025879,73.1512451171875,34.83515548706055,10.4944429397583,5.509833335876465,21.470144271850586,9.009838104248047,34.14167022705078,44.808223724365234,44.24007034301758,42.68546676635742,12.199827194213867,20.635013580322266,25.08461570739746,34.08905029296875,60.10826110839844
2011-12-02,19.788497924804688,11.698840141296387,42.82606887817383,46.35882568359375,22.092573165893555,43.55271530151367,57.99098587036133,21.520418167114258,21.685163497924805,42.75679016113281,10.862022399902344,17.028913497924805,108.7535171508789,25.581222534179688,66.16729736328125,12.203484535217285,14.530168533325195,29.140695571899414,43.63027572631836,38.63793182373047,67.69879150390625,32.7908935546875,58.34178924560547,40.26681137084961,58.89400100708008,19.72599220275879,27.012435913085938,20.65156364440918,39.478973388671875,27.360580444335938,51.60271453857422,39.78921127319336,4.431309700012207,13.776997566223145,17.71248435974121,75.3357925415039,35.401588439941406,11.224932670593262,5.671121120452881,20.9885196685791,9.005986213684082,34.517547607421875,44.77042007446289,43.97770690917969,42.34423065185547,12.084975242614746,20.47796630859375,25.122329711914062,33.427371978759766,59.31427001953125
2011-12-05,20.16511344909668,11.79820728302002,42.7518310546875,46.74230194091797,22.89892578125,43.67394256591797,58.6353645324707,21.386974334716797,21.66228675842285,42.83662414550781,10.834714889526367,17.284622192382812,109.43011474609375,26.15515899658203,65.92528533935547,12.361374855041504,14.592697143554688,29.352279663085938,44.27028274536133,39.0448112487793,68.09249877929688,32.87451171875,58.16994857788086,39.85097885131836,59.772457122802734,19.784278869628906,27.040658950805664,20.689374923706055,39.86396408081055,27.389875411987305,51.79503631591797,40.24296188354492,4.549164295196533,14.039255142211914,18.16769790649414,77.32666015625,35.715576171875,11.984350204467773,5.7803802490234375,21.780668258666992,9.12935733795166,34.645999908447266,45.32478713989258,44.30952453613281,42.158634185791016,12.004156112670898,20.457475662231445,25.27950668334961,33.5455207824707,59.65779113769531
2011-12-06,20.13373374938965,11.736364364624023,42.83955383300781,46.9572639465332,22.707584381103516,43.67394256591797,59.51360321044922,21.471887588500977,21.783159255981445,43.00292205810547,11.047698974609375,17.51960563659668,110.63428497314453,26.015775680541992,66.3816146850586,12.321906089782715,14.702750205993652,29.417945861816406,44.926734924316406,38.973411560058594,67.46676635742188,32.918121337890625,57.989933013916016,40.121280670166016,61.19997024536133,19.868059158325195,26.998332977294922,20.87213897705078,39.57062530517578,28.45148468017578,51.66238784790039,40.061458587646484,4.541306018829346,13.916866302490234,18.10654067993164,78.36470031738281,35.61091995239258,11.991583824157715,5.749163627624512,21.552526473999023,9.144776344299316,34.51277542114258,45.23028564453125,44.22464370727539,42.380149841308594,12.233859062194824,20.211668014526367,25.43038558959961,33.65187454223633,59.84107208251953
2011-12-07,20.086650848388672,11.680526733398438,43.487300872802734,47.10834503173828,23.233760833740234,43.936641693115234,59.604827880859375,21.59926986694336,21.815832138061523,43.17586135864258,11.178759574890137,17.733844757080078,111.27076721191406,25.8599853515625,66.68584442138672,12.492945671081543,14.726673126220703,29.71709442138672,45.06893539428711,38.50231170654297,66.7145004272461,33.15809631347656,57.76898956298828,40.43315505981445,61.27317428588867,19.926342010498047,27.033607482910156,21.13051986694336,39.59813690185547,28.86882209777832,51.43694305419922,40.556453704833984,4.62773323059082,13.783994674682617,18.378320693969727,81.44010162353516,36.54056930541992,12.541257858276367,5.764774322509766,21.869373321533203,9.133207321166992,34.450931549072266,46.181514739990234,43.63045120239258,42.70062255859375,12.263630867004395,20.177526473999023,25.499534606933594,33.34858322143555,60.24568176269531
2011-12-08,19.929733276367188,11.727656364440918,43.03522491455078,46.40531921386719,22.017404556274414,43.42472457885742,58.31032943725586,21.34452247619629,21.799501419067383,42.790061950683594,11.025849342346191,17.077293395996094,109.85441589355469,25.204059600830078,67.01077270507812,12.216638565063477,14.59327507019043,29.11880874633789,44.0131950378418,37.73854446411133,65.3294448852539,32.92176818847656,57.417144775390625,40.47472381591797,59.699241638183594,19.736915588378906,26.596214294433594,20.99187469482422,38.791507720947266,28.473459243774414,50.740684509277344,39.442726135253906,4.392025947570801,13.542723655700684,17.79401397705078,77.40414428710938,35.08757019042969,11.48530387878418,5.593078136444092,21.470144271850586,9.067671775817871,33.78959655761719,45.368892669677734,42.98224639892578,42.216888427734375,12.136021614074707,19.62443733215332,25.298364639282227,32.545108795166016,58.69584655761719
2011-12-09,20.16511344909668,11.816518783569336,43.541297912597656,47.25941467285156,22.673416137695312,43.76152801513672,59.45085525512695,21.641725540161133,22.073911666870117,43.36209487915039,11.227910041809082,17.284622192382812,111.56321716308594,25.98297882080078,67.77825927734375,12.420583724975586,14.678845405578613,29.352279663085938,44.96499252319336,38.54515075683594,67.47380828857422,32.88904571533203,58.85728454589844,40.60642623901367,61.63917922973633,19.878992080688477,27.068876266479492,21.136816024780273,39.05732727050781,28.751665115356445,51.337467193603516,40.25946807861328,4.494165897369385,13.640628814697266,18.283193588256836,78.58936309814453,35.68479537963867,11.846931457519531,5.738757133483887,21.685606002807617,9.229595184326172,34.2320671081543,45.6397590637207,43.52241516113281,42.41037368774414,12.242365837097168,19.883907318115234,25.41152572631836,33.061065673828125,59.81052017211914
2011-12-12,20.01603889465332,11.763081550598145,42.853031158447266,46.509891510009766,21.8944091796875,43.31694793701172,58.77793502807617,21.477954864501953,21.851764678955078,43.00956726074219,11.135074615478516,16.58660316467285,110.19847106933594,25.679607391357422,68.08937072753906,12.19033145904541,14.62096118927002,29.22095489501953,44.08430480957031,37.752830505371094,65.55439758300781,32.798160552978516,58.01448440551758,39.61532974243164,60.248291015625,19.769697189331055,26.913673400878906,20.909948348999023,38.8098258972168,28.546674728393555,50.98603439331055,39.50871658325195,4.28203010559082,13.640628814697266,17.861955642700195,75.94001007080078,34.80581283569336,11.123678207397461,5.645107746124268,21.476484298706055,9.221880912780762,33.532676696777344,45.255496978759766,43.198307037353516,42.27131271362305,12.280651092529297,19.35130500793457,25.204063415527344,32.50177764892578,58.76455307006836
2011-12-13,20.212194442749023,11.672118186950684,42.7518310546875,46.78878402709961,21.381885528564453,43.5998420715332,59.091575622558594,21.477954864501953,21.71782875061035,42.75679016113281,11.337132453918457,16.28250503540039,109.60787200927734,25.277851104736328,67.75752258300781,12.150853157043457,14.49763298034668,28.826967239379883,43.43881607055664,37.338829040527344,63.9654655456543,32.60908508300781,58.01448440551758,39.80247497558594,60.10188293457031,19.798843383789062,26.589153289794922,21.13051986694336,39.21315002441406,29.029890060424805,50.87993240356445,39.09623336791992,4.17988920211792,13.49376392364502,17.522247314453125,73.62377166748047,34.06302261352539,10.971793174743652,5.452600479125977,21.349735260009766,9.179472923278809,33.23293685913086,44.757843017578125,42.67357635498047,42.398284912109375,12.33169174194336,19.009897232055664,25.015460968017578,32.04490280151367,57.42847442626953
2011-12-14,20.07880210876465,11.413347244262695,42.63037872314453,46.15547180175781,21.532230377197266,43.4112663269043,57.32944869995117,21.827836990356445,21.645959854125977,42.55727005004883,11.391741752624512,16.1097354888916,108.21440887451172,24.490747451782227,67.48785400390625,11.828495979309082,14.510213851928711,28.5570011138916,42.946502685546875,36.79633331298828,61.167259216308594,32.4672966003418,57.22895431518555,39.93414306640625,60.797325134277344,19.755128860473633,26.130596160888672,21.262855529785156,39.02065658569336,29.315433502197266,50.58816146850586,38.840484619140625,4.109176158905029,13.553211212158203,17.569799423217773,72.23712921142578,33.505950927734375,10.892237663269043,5.2809062004089355,21.299039840698242,9.079235076904297,32.600162506103516,44.49956130981445,42.55782699584961,42.45271301269531,12.221095085144043,18.729930877685547,24.977745056152344,31.58802032470703,56.35197067260742
2011-12-15,20.055259704589844,11.375823974609375,43.183685302734375,46.49827194213867,21.703065872192383,43.77497863769531,56.83900833129883,22.31890296936035,21.851764678955078,43.13594436645508,11.544649124145508,16.1097354888916,107.5033950805664,23.80200958251953,67.85430145263672,11.86797046661377,14.585722923278809,28.76129913330078,43.137962341308594,37.41021728515625,61.65936279296875,32.932674407958984,57.777183532714844,40.6272087097168,61.45616912841797,19.995555877685547,26.314022064208984,21.596858978271484,39.17648696899414,30.179378509521484,51.00590896606445,38.295982360839844,4.132746696472168,13.45880126953125,17.399951934814453,71.19134521484375,33.42548370361328,10.856074333190918,5.332935810089111,21.615894317626953,9.179472923278809,32.49073791503906,45.07281494140625,42.70443344116211,43.081546783447266,12.38274097442627,19.091829299926758,25.122329711914062,31.556509017944336,56.28325271606445
2011-12-16,20.40050506591797,11.438263893127441,43.38610076904297,46.57381057739258,21.791902542114258,43.87601852416992,57.517635345458984,22.25138282775879,22.03144073486328,43.042816162109375,11.484580039978027,16.054447174072266,105.26139831542969,23.94959259033203,67.40487670898438,11.802184104919434,14.666267395019531,29.49089813232422,43.1434211730957,37.90272521972656,61.3078498840332,32.68180465698242,58.1044921875,41.618282318115234,62.2614631652832,19.995555877685547,26.490392684936523,21.56535530090332,38.846500396728516,29.6741886138916,51.12528610229492,38.675498962402344,4.085604667663574,12.993739128112793,17.651342391967773,69.79694366455078,33.59878921508789,10.834376335144043,5.332935810089111,21.628576278686523,9.140923500061035,32.543067932128906,45.205108642578125,42.95138168334961,43.09969711303711,12.395502090454102,18.914291381835938,24.97144889831543,31.851905822753906,56.22981643676758
2011-12-19,20.03172492980957,11.473986625671387,42.86654281616211,46.207767486572266,20.978721618652344,43.74802780151367,56.86753845214844,22.386428833007812,22.008581161499023,42.816673278808594,11.544649124145508,15.964605331420898,104.87144470214844,23.457656860351562,67.23202514648438,11.63771915435791,14.542933464050293,29.330400466918945,42.56906509399414,37.32454299926758,61.34300994873047,32.68907928466797,57.40898132324219,41.701446533203125,61.71238708496094,19.798843383789062,25.791980743408203,21.596858978271484,37.444068908691406,29.82793426513672,50.93962478637695,37.98250198364258,3.920609474182129,13.102139472961426,17.196125030517578,67.93775177001953,33.227386474609375,10.241304397583008,5.213269233703613,20.754043579101562,9.05996036529541,32.28139877319336,44.600364685058594,42.565547943115234,43.0452766418457,12.480576515197754,18.62067985534668,24.88972282409668,31.16658592224121,56.16110610961914
2011-12-20,20.424049377441406,11.886466026306152,43.53452682495117,47.64286422729492,22.010570526123047,44.31382369995117,59.12010192871094,22.754724502563477,22.34506607055664,43.58826446533203,11.719403266906738,16.476030349731445,107.36579132080078,23.91680335998535,68.32444763183594,12.111380577087402,14.897820472717285,30.607219696044922,43.9311408996582,38.8021125793457,64.49275970458984,33.28535079956055,59.27460479736328,42.38758850097656,63.24973678588867,19.984630584716797,28.077701568603516,22.0758113861084,38.65401077270508,30.106163024902344,52.07352066040039,39.53346252441406,4.062034606933594,13.343406677246094,18.004629135131836,70.47864532470703,34.9420051574707,10.704185485839844,5.3745574951171875,21.229337692260742,9.245015144348145,33.19963455200195,45.70907211303711,43.79249954223633,43.897830963134766,12.701775550842285,19.358123779296875,24.68854331970215,31.816463470458984,58.51258087158203
2011-12-21,20.212194442749023,11.90147590637207,43.8314323425293,48.2935905456543,22.085739135742188,44.45527267456055,60.123783111572266,22.91431427001953,22.727277755737305,43.927486419677734,11.83955192565918,16.365449905395508,104.05726623535156,21.129104614257812,68.58716583251953,11.78902816772461,14.948161125183105,30.643692016601562,43.76155471801758,38.68075942993164,64.42247009277344,33.80162048339844,60.2155876159668,43.759830474853516,64.75043487548828,20.19591522216797,28.543302536010742,22.239662170410156,38.69066619873047,30.43562889099121,52.80293273925781,39.17873764038086,4.109176158905029,13.58467960357666,18.269607543945312,71.26879119873047,35.01008224487305,10.783747673034668,5.5462517738342285,21.146944046020508,9.437780380249023,33.59929275512695,45.652366638183594,44.06258773803711,44.1699104309082,12.893195152282715,19.576637268066406,25.248079299926758,32.359989166259766,58.72638702392578
2011-12-22,20.251420974731445,11.964520454406738,43.97987365722656,48.97337341308594,22.857921600341797,44.583255767822266,60.62562942504883,23.055498123168945,22.603137969970703,43.927486419677734,11.812241554260254,16.60042381286621,104.38406372070312,21.063512802124023,68.17233276367188,11.927179336547852,14.897820472717285,30.58533477783203,44.29216766357422,39.00197219848633,64.54899597167969,33.598018646240234,60.788360595703125,43.89845657348633,66.70919799804688,20.272417068481445,28.896039962768555,22.113622665405273,39.488136291503906,30.3550968170166,53.58539581298828,39.29421615600586,4.29774284362793,13.532232284545898,18.514196395874023,73.14350891113281,35.177223205566406,11.48530387878418,5.691933631896973,21.495494842529297,9.314410209655762,34.132164001464844,45.98622512817383,44.60275650024414,44.09132766723633,12.858695983886719,19.597122192382812,25.342369079589844,32.438758850097656,59.36769104003906
2011-12-23,20.424049377441406,12.108015060424805,44.51966094970703,49.51371765136719,22.93992042541504,44.90657424926758,61.304256439208984,23.264204025268555,22.848148345947266,44.280025482177734,11.921463012695312,16.863046646118164,105.93804168701172,21.366878509521484,69.24402618408203,12.150853157043457,15.0991792678833,30.709365844726562,44.96499252319336,39.244659423828125,64.85836029052734,33.84524917602539,60.526519775390625,44.141029357910156,67.37443542480469,20.40719985961914,28.917211532592773,22.12622833251953,39.533973693847656,30.486881256103516,53.983245849609375,39.5582160949707,4.399884223937988,13.73853874206543,18.881086349487305,72.65544891357422,35.58574676513672,11.398512840270996,5.697134494781494,22.395360946655273,9.437780380249023,34.4604377746582,46.28232192993164,45.13521957397461,44.58108139038086,12.867323875427246,19.842941284179688,25.505836486816406,32.89171600341797,60.07773208618164
2011-12-27,20.4318904876709,12.20407772064209,44.54665756225586,49.54859161376953,22.570913314819336,44.98740005493164,61.57796859741211,23.172121047973633,22.828542709350586,44.15365219116211,11.888696670532227,16.97362518310547,106.05268096923828,21.014318466186523,69.52058410644531,12.22321605682373,15.058906555175781,30.804210662841797,45.008766174316406,39.223243713378906,64.36624145507812,33.936153411865234,60.772003173828125,44.64695358276367,66.5613784790039,20.483699798583984,28.931320190429688,22.20185661315918,39.90060043334961,30.567419052124023,53.92356872558594,39.318973541259766,4.305600643157959,13.944838523864746,18.7587947845459,71.19134521484375,35.542423248291016,11.058585166931152,5.624294757843018,21.140615463256836,9.433921813964844,34.70308303833008,46.29489517211914,45.420738220214844,44.635501861572266,12.815576553344727,19.829286575317383,25.53097915649414,33.06895065307617,59.8868522644043
2011-12-28,20.259273529052734,12.087300300598145,44.16203689575195,48.909461975097656,22.311241149902344,44.819000244140625,60.42601776123047,22.975698471069336,22.707674026489258,43.84101867675781,11.757631301879883,16.745559692382812,105.50227355957031,20.91593360900879,68.84993743896484,11.946915626525879,15.033735275268555,30.300785064697266,44.39063262939453,38.53087615966797,62.833526611328125,33.71437454223633,59.9455680847168,44.355857849121094,65.89614868164062,20.337982177734375,28.952489852905273,22.094717025756836,38.69066619873047,30.237947463989258,53.671607971191406,38.74974060058594,4.156319618225098,13.948335647583008,18.4190731048584,69.81244659423828,34.842952728271484,10.77651596069336,5.47341251373291,21.089916229248047,9.379950523376465,34.17021942138672,45.816165924072266,44.8574104309082,44.36945724487305,12.815576553344727,19.37179183959961,25.424100875854492,32.608131408691406,59.03496170043945
2011-12-29,20.416200637817383,12.161748886108398,44.45219802856445,49.542762756347656,22.83741569519043,45.108646392822266,61.28714370727539,23.15985870361328,22.920019149780273,44.26007843017578,11.855929374694824,16.966712951660156,106.75801086425781,21.15369987487793,69.70033264160156,12.006118774414062,15.0991792678833,30.6509952545166,44.915767669677734,39.109039306640625,63.68422317504883,33.89251708984375,60.641082763671875,44.86874008178711,66.78312683105469,20.52012825012207,29.037132263183594,22.22705841064453,38.76400375366211,30.384363174438477,54.05618667602539,39.20347213745117,4.289886951446533,14.182618141174316,18.860702514648438,70.50188446044922,35.505279541015625,11.022420883178711,5.55665922164917,21.184972763061523,9.426215171813965,34.66978454589844,46.32011032104492,45.44388961791992,44.744361877441406,12.845760345458984,19.62443733215332,25.562416076660156,33.08076477050781,59.54916000366211
2011-12-30,20.369123458862305,12.158146858215332,44.24976348876953,49.246456146240234,22.721250534057617,44.93352127075195,60.676944732666016,23.141441345214844,22.857954025268555,44.13369369506836,11.817706108093262,16.759384155273438,105.43915557861328,21.030715942382812,69.36846160888672,11.894288063049316,15.041290283203125,30.672897338867188,44.70791244506836,38.79498291015625,63.698307037353516,33.590755462646484,60.01920700073242,44.50142288208008,66.19181060791016,20.483699798583984,28.7690372467041,22.208160400390625,38.49818420410156,30.428312301635742,53.64507293701172,38.914737701416016,4.368454456329346,14.31199836730957,18.72481918334961,70.05257415771484,35.251487731933594,10.942863464355469,5.5982818603515625,20.950498580932617,9.337542533874512,34.66978454589844,46.10593795776367,45.12751007080078,44.478302001953125,12.785391807556152,19.528839111328125,25.405237197875977,32.88383102416992,59.36494827270508
2012-01-03,21.004680633544922,12.345170974731445,44.45219802856445,49.96690368652344,23.9034423828125,45.01433563232422,62.94091033935547,23.509737014770508,22.913494110107422,44.16695785522461,11.997919082641602,16.959808349609375,106.8268051147461,21.202898025512695,68.3382797241211,12.296921730041504,15.184754371643066,30.745834350585938,45.67066955566406,39.672943115234375,66.07466888427734,33.11446762084961,60.73107147216797,44.43210983276367,67.85492706298828,20.66221046447754,29.291093826293945,22.063209533691406,39.62563705444336,30.604019165039062,54.38774490356445,39.92121505737305,4.55702018737793,14.637188911437988,19.315916061401367,73.87166595458984,35.64765548706055,11.629953384399414,5.790788173675537,20.950498580932617,9.453202247619629,35.288299560546875,46.716983795166016,45.26639938354492,44.2727165222168,12.315367698669434,19.726856231689453,25.336088180541992,33.525840759277344,60.86922836303711
2012-01-04,21.498987197875977,12.411516189575195,44.18230438232422,49.9785270690918,24.05486297607422,44.994144439697266,62.83257293701172,23.53428840637207,22.76974105834961,44.39311218261719,11.888696670532227,17.353742599487305,106.39105224609375,21.325889587402344,68.71855163574219,12.534544944763184,15.028703689575195,31.18360137939453,46.0481071472168,39.63725280761719,66.6863784790039,32.939945220947266,60.82109832763672,44.18955612182617,68.59407043457031,20.582063674926758,29.4886417388916,21.85319709777832,39.6072998046875,29.805978775024414,53.65171813964844,39.946067810058594,4.564878463745117,14.693130493164062,19.40424346923828,73.3913803100586,35.579551696777344,11.528697967529297,5.87923526763916,20.80474853515625,9.356818199157715,35.12177276611328,46.51539993286133,45.243247985839844,44.13363265991211,12.246374130249023,20.054615020751953,25.486974716186523,33.59672164916992,61.7595329284668
2012-01-05,21.71869659423828,12.549308776855469,44.12831115722656,49.827476501464844,24.557296752929688,44.8055419921875,62.21665954589844,23.77981948852539,22.661941528320312,44.047218322753906,11.795856475830078,17.554162979125977,105.88642120361328,21.801427841186523,69.02278900146484,12.48834228515625,14.955713272094727,31.43897247314453,45.84022521972656,39.68008041381836,67.15742492675781,32.772701263427734,60.16648483276367,44.64004135131836,68.55712127685547,20.534696578979492,29.45336151123047,21.73866081237793,39.6072998046875,29.50579833984375,53.094696044921875,40.409786224365234,4.957724571228027,14.867968559265137,19.71677589416504,73.26741790771484,36.08094787597656,11.774608612060547,6.030117511749268,20.73503875732422,9.364527702331543,34.841068267822266,46.06184387207031,44.872840881347656,44.01271057128906,12.431797981262207,19.965848922729492,25.60013198852539,33.29738998413086,62.657493591308594
2012-01-06,22.05608558654785,12.680498123168945,43.74369430541992,49.455623626708984,24.33704376220703,44.697776794433594,61.76615524291992,23.61408233642578,22.518205642700195,43.495140075683594,11.779480934143066,17.450489044189453,104.67076110839844,22.0802001953125,69.5551528930664,12.44213581085205,14.84999942779541,31.51922607421875,45.60501480102539,39.38742446899414,67.3261489868164,32.64909744262695,60.53471755981445,44.882591247558594,68.92666625976562,20.348922729492188,29.24877166748047,21.776840209960938,39.97395706176758,29.19830322265625,53.035030364990234,39.970916748046875,4.855584621429443,14.958882331848145,19.66242218017578,72.36883544921875,36.34092330932617,11.499770164489746,6.092554092407227,20.96317481994629,9.32597541809082,34.56987762451172,46.28861618041992,44.67992401123047,43.91596603393555,12.384366035461426,19.849767684936523,25.381593704223633,33.38405227661133,63.164024353027344
2012-01-09,21.765766143798828,12.660382270812988,43.811187744140625,49.67640686035156,24.295753479003906,44.8863525390625,62.43907165527344,23.564983367919922,22.518205642700195,43.72128677368164,11.916001319885254,17.602527618408203,104.12604522705078,22.211681365966797,68.89140319824219,12.521347999572754,14.895306587219238,31.54111099243164,45.878536224365234,39.71577453613281,68.26828002929688,32.641815185546875,60.984737396240234,44.494476318359375,69.70280456542969,20.345277786254883,29.481582641601562,21.579561233520508,40.12976837158203,29.147037506103516,53.07481384277344,40.07027053833008,4.92629861831665,14.941398620605469,19.907011032104492,73.35265350341797,36.025230407714844,11.71674919128418,6.139378070831299,21.229337692260742,9.35296630859375,34.70308303833008,46.26971435546875,44.687644958496094,43.9643440246582,12.289494514465332,19.74051284790039,25.33725929260254,33.214691162109375,63.493988037109375
2012-01-10,21.8442325592041,12.705714225769043,43.99336242675781,49.80421829223633,24.81195068359375,44.67755126953125,62.19386672973633,23.644784927368164,22.65214729309082,43.67475128173828,11.981535911560059,17.685466766357422,103.9654769897461,22.16237449645996,68.93289184570312,12.428938865661621,14.860068321228027,31.7600040435791,46.113746643066406,40.386741638183594,70.279052734375,32.52183532714844,61.369327545166016,45.51328659057617,69.18540954589844,20.43998146057129,29.59444808959961,22.031396865844727,41.86219024658203,29.527753829956055,53.459415435791016,40.3021240234375,5.209146499633789,15.472899436950684,19.981752395629883,76.17240142822266,37.393192291259766,12.21579360961914,6.139378070831299,21.799673080444336,9.37609577178955,34.864845275878906,46.73588943481445,45.235538482666016,44.067142486572266,12.466297149658203,19.651742935180664,25.546297073364258,33.92757797241211,64.27687072753906
2012-01-11,21.750080108642578,12.684999465942383,43.946136474609375,49.432376861572266,25.231782913208008,44.2397346496582,61.458194732666016,23.577247619628906,22.233983993530273,43.242366790771484,11.959691047668457,17.830598831176758,104.54460906982422,22.096643447875977,69.09188842773438,12.587348937988281,14.95068073272705,31.70892333984375,45.82383346557617,40.30108642578125,70.0540771484375,32.180076599121094,61.15659713745117,46.01921844482422,69.77672576904297,20.362825393676758,29.657958984375,21.70047950744629,41.94467544555664,29.27150535583496,53.56549072265625,40.534000396728516,5.3977131843566895,15.525351524353027,20.12442398071289,77.2801513671875,36.724700927734375,12.367679595947266,6.279855728149414,21.552526473999023,9.287421226501465,34.260623931884766,47.000465393066406,45.15065002441406,43.85548400878906,12.436113357543945,19.754173278808594,25.603296279907227,34.108741760253906,64.85247039794922
2012-01-12,21.969776153564453,12.650175094604492,44.01361083984375,49.23481750488281,25.3625545501709,44.32730484008789,59.8614501953125,23.700014114379883,22.073911666870117,42.98295974731445,12.008841514587402,17.79604148864746,103.52970123291016,22.326730728149414,69.53439331054688,12.640154838562012,14.975841522216797,31.65787124633789,46.10280227661133,40.82216262817383,71.67115020751953,32.19462585449219,61.786659240722656,46.809303283691406,69.96154022216797,20.267297744750977,29.73554801940918,21.713199615478516,41.59635925292969,29.41793441772461,54.16893005371094,41.11363983154297,5.334856986999512,15.700186729431152,20.117637634277344,78.4034194946289,36.74945068359375,12.418307304382324,6.316275596618652,21.08358383178711,9.245015144348145,33.66590881347656,47.08234405517578,46.107547760009766,44.042945861816406,12.436113357543945,19.89756965637207,25.742650985717773,34.660160064697266,64.80640411376953
2012-01-13,22.165929794311523,12.602744102478027,44.033836364746094,49.31617736816406,24.722475051879883,44.32730484008789,60.50014114379883,23.522003173828125,21.88443374633789,42.83662414550781,11.926928520202637,17.374465942382812,102.73265075683594,22.466415405273438,69.38227844238281,12.5807523727417,14.985919952392578,31.745412826538086,45.73081970214844,40.4724006652832,72.0508041381836,32.1837158203125,61.042022705078125,46.85089874267578,69.62891387939453,20.366504669189453,29.73554801940918,21.50956153869629,41.807193756103516,29.242219924926758,54.05618667602539,41.20473098754883,5.193431377410889,15.69668960571289,20.117637634277344,76.66043090820312,36.52042007446289,12.02774715423584,6.264247417449951,20.678001403808594,9.302841186523438,33.466064453125,46.716983795166016,45.405303955078125,43.95830154418945,12.487854957580566,19.918054580688477,25.742650985717773,34.47111129760742,64.97528076171875
2012-01-17,22.173784255981445,12.749541282653809,43.93937683105469,49.78679656982422,24.027324676513672,44.63041687011719,60.859432220458984,23.82892608642578,22.00204086303711,43.00292205810547,11.981535911560059,17.305355072021484,103.21432495117188,22.729373931884766,69.52058410644531,12.74576473236084,15.063943862915039,31.913209915161133,46.07544708251953,40.80073547363281,72.67652893066406,32.623626708984375,61.56570816040039,47.176639556884766,69.25931549072266,20.469379425048828,30.01068687438965,21.45864486694336,42.77880859375,29.30811882019043,54.135780334472656,41.58564758300781,5.091292858123779,16.175739288330078,20.26710319519043,75.66887664794922,36.322349548339844,11.752906799316406,6.253840446472168,21.039220809936523,9.372241973876953,33.6849250793457,46.742149353027344,46.01494598388672,44.5327033996582,12.461982727050781,19.651742935180664,25.825002670288086,34.67593002319336,65.16715240478516
2012-01-18,22.150243759155273,12.881933212280273,44.04733657836914,50.22835922241211,25.149198532104492,44.8306884765625,60.92216873168945,23.859628677368164,22.080446243286133,43.13594436645508,11.997919082641602,17.547250747680664,103.82785034179688,23.288166046142578,70.2188949584961,12.897577285766602,15.104211807250977,32.74496841430664,46.53494644165039,41.535972595214844,73.62992858886719,32.83452224731445,61.418434143066406,47.97364807128906,70.29415893554688,20.340778350830078,30.405736923217773,21.465015411376953,43.026302337646484,29.41793441772461,54.56016540527344,41.867183685302734,5.342714786529541,16.61282730102539,20.54566192626953,80.80488586425781,36.97848129272461,12.548491477966309,6.420334815979004,21.387758255004883,9.298991203308105,34.01797866821289,47.202049255371094,46.43163299560547,44.7261962890625,12.487854957580566,19.952192306518555,26.002365112304688,35.408512115478516,66.17256164550781
2012-01-19,22.06393051147461,12.841104507446289,43.98661804199219,50.565338134765625,25.417617797851562,44.86463928222656,60.97920608520508,24.09901237487793,22.03470802307129,43.84101867675781,11.926928520202637,17.713111877441406,103.51244354248047,23.46893882751465,70.01146697998047,13.062592506408691,15.255231857299805,33.13167190551758,46.93427276611328,41.75724792480469,74.68217468261719,32.71091079711914,61.82754898071289,47.918209075927734,70.77459716796875,20.366504669189453,30.365392684936523,20.81591033935547,42.42133331298828,29.410600662231445,55.508399963378906,42.19013214111328,5.46842622756958,16.507923126220703,20.484521865844727,83.41548919677734,37.176544189453125,13.22111988067627,6.560809135437012,21.229337692260742,9.275858879089355,33.908538818359375,47.44143295288086,47.311336517333984,44.841094970703125,12.336934089660645,20.08875846862793,25.939023971557617,34.56563186645508,66.72512817382812
2012-01-20,23.31150245666504,12.617453575134277,44.04059600830078,50.8326416015625,25.713573455810547,44.96649169921875,60.95637130737305,24.06218147277832,22.24379539489746,44.087127685546875,11.959691047668457,18.231441497802734,108.09980773925781,23.59220314025879,70.34335327148438,13.14840030670166,15.355903625488281,32.47502517700195,46.85223388671875,40.95777893066406,74.6044692993164,32.56818771362305,61.79483413696289,48.21622085571289,70.77459716796875,20.48775863647461,30.28748893737793,20.777727127075195,42.29300308227539,29.147037506103516,54.891700744628906,41.43659210205078,5.55485200881958,16.588350296020508,20.74949073791504,84.23663330078125,37.17035675048828,13.300676345825195,6.5504045486450195,21.216655731201172,9.218029022216797,33.875240325927734,47.51070785522461,47.37307357788086,44.64155197143555,12.375738143920898,20.512107849121094,25.76166343688965,35.02252197265625,66.80188751220703
2012-01-23,23.32719612121582,12.830899238586426,43.8584098815918,50.82101058959961,25.92005729675293,44.13138961791992,61.02482604980469,23.798236846923828,22.38752555847168,43.967411041259766,11.855929374694824,18.45951271057129,108.93697357177734,23.32924461364746,69.79713439941406,13.08899974822998,15.330737113952637,32.74496841430664,46.83034133911133,41.12910842895508,75.12003326416016,32.337642669677734,61.786659240722656,46.975643157958984,69.99848175048828,20.47305679321289,30.464513778686523,20.66318130493164,42.05467224121094,28.84685707092285,54.732566833496094,40.93975830078125,5.696276664733887,16.563867568969727,21.007673263549805,83.81053924560547,37.2508430480957,13.170491218566895,6.586825370788574,21.457473754882812,9.302841186523438,33.57073974609375,47.32804870605469,46.67854690551758,44.4541130065918,12.336934089660645,20.409685134887695,25.73632049560547,34.79013442993164,66.69444274902344
2012-01-24,23.021181106567383,12.620756149291992,43.8584098815918,50.652496337890625,25.92005729675293,43.79191589355469,60.859432220458984,23.804380416870117,22.181713104248047,44.03392791748047,11.828625679016113,18.5908203125,110.05513763427734,23.4278564453125,68.27607727050781,13.08239459991455,15.451553344726562,32.803348541259766,47.00538635253906,41.136234283447266,75.06353759765625,32.29374694824219,61.663909912109375,47.25979995727539,69.62891387939453,20.56858253479004,30.053800582885742,20.523170471191406,41.60552978515625,29.000612258911133,54.53363800048828,40.765838623046875,5.727702617645264,16.668771743774414,20.74949073791504,84.33731079101562,37.473655700683594,13.119858741760254,6.670071601867676,21.71729278564453,9.383806228637695,33.594539642333984,47.24613571166992,46.30044937133789,43.69829177856445,12.194631576538086,20.36189079284668,25.400606155395508,34.85710525512695,66.32603454589844
2012-01-25,23.19381332397461,13.408782958984375,44.00687789916992,50.67575454711914,25.878753662109375,44.117801666259766,61.435401916503906,23.74299430847168,22.3548641204834,44.36650085449219,11.861393928527832,18.5908203125,109.9404296875,23.4278564453125,68.6079330444336,13.08899974822998,15.471686363220215,33.02223205566406,47.306251525878906,41.47885513305664,77.01268768310547,32.72919845581055,62.040306091308594,47.96672821044922,70.70066833496094,20.293014526367188,29.869674682617188,20.809547424316406,41.953857421875,29.20561408996582,54.195465087890625,41.54423904418945,5.774846076965332,16.885562896728516,20.518491744995117,83.8725357055664,37.74603271484375,13.112627029418945,6.727303981781006,21.983448028564453,9.503320693969727,33.29478454589844,47.63670349121094,45.98405838012695,43.45643997192383,12.36280345916748,20.5394229888916,25.729990005493164,35.21944046020508,67.3544692993164
2012-01-26,23.146726608276367,13.347844123840332,44.33073806762695,50.4142951965332,25.803056716918945,43.99559783935547,60.785301208496094,23.804380416870117,22.217653274536133,44.24677276611328,11.812241554260254,18.48714828491211,109.51041412353516,23.247079849243164,68.5733642578125,13.08899974822998,15.345837593078613,32.796058654785156,47.90797424316406,41.27900695800781,78.60872650146484,33.42814254760742,61.62299346923828,47.183563232421875,70.47895050048828,20.160743713378906,29.869674682617188,20.669544219970703,40.423091888427734,28.876150131225586,54.6861572265625,41.38691329956055,5.735562324523926,16.990463256835938,19.73715591430664,84.09718322753906,37.78316116333008,13.163263320922852,6.654461860656738,21.748971939086914,9.472476959228516,33.080692291259766,47.77528762817383,45.77570343017578,43.52294158935547,12.358492851257324,20.375545501708984,25.584304809570312,34.9870719909668,67.2777099609375
2012-01-27,22.93488121032715,13.427397727966309,44.23625946044922,49.86814498901367,25.610332489013672,43.6561164855957,59.28548812866211,23.644784927368164,22.03144073486328,43.774497985839844,11.730326652526855,18.47333526611328,109.21224975585938,23.35390281677246,68.23458099365234,12.910773277282715,15.280396461486816,32.73768997192383,47.842342376708984,41.59307098388672,78.58756256103516,33.08049011230469,61.00111389160156,47.36374282836914,70.33111572265625,20.21586036682129,29.926332473754883,20.54863166809082,41.41305160522461,28.70043182373047,54.38774490356445,41.279258728027344,5.727702617645264,17.035924911499023,20.11083984375,86.58385467529297,37.02800369262695,13.460609436035156,6.37762975692749,21.691938400268555,9.368386268615723,33.01885223388672,47.901275634765625,45.304996490478516,43.008975982666016,12.134263038635254,20.36189079284668,25.356264114379883,35.077659606933594,67.53099822998047
2012-01-30,23.2330379486084,13.599413871765137,44.33747482299805,49.67060089111328,25.472684860229492,42.91606521606445,58.97182846069336,23.87189483642578,22.037973403930664,43.5084342956543,11.784939765930176,18.480239868164062,110.38197326660156,23.501811981201172,68.23458099365234,12.910773277282715,15.428902626037598,32.66472625732422,47.77668380737305,41.5288200378418,77.97314453125,32.75481414794922,60.68198013305664,47.356834411621094,69.85063171386719,20.013769149780273,29.6855411529541,20.523170471191406,40.789737701416016,28.737030029296875,54.38111114501953,40.67475509643555,5.55485200881958,17.01145362854004,19.87303352355957,85.00355529785156,36.056182861328125,13.199522018432617,6.419414043426514,21.31171417236328,9.287421226501465,32.69532012939453,47.97058868408203,44.91143035888672,43.13595199584961,12.242064476013184,20.286771774291992,25.248580932617188,35.23915100097656,67.08585357666016
2012-01-31,23.170263290405273,13.703582763671875,44.47243118286133,48.6538200378418,25.67228126525879,42.80065155029297,58.80645751953125,23.491331100463867,22.060842514038086,43.6813850402832,11.686635971069336,18.25908660888672,110.43931579589844,23.18133544921875,68.48345947265625,12.970181465148926,15.444007873535156,32.387481689453125,47.43207550048828,41.428890228271484,77.06210327148438,33.19758987426758,60.6983528137207,47.07959747314453,69.14840698242188,19.896196365356445,29.565174102783203,20.516817092895508,41.09223556518555,29.095796585083008,54.5866813659668,41.51940155029297,5.601994037628174,17.084880828857422,19.84585952758789,86.35144805908203,35.802406311035156,13.52588176727295,6.48731803894043,21.140615463256836,9.160195350646973,32.45267105102539,47.655609130859375,44.79568099975586,43.268978118896484,12.246374130249023,19.54932403564453,25.229576110839844,35.282474517822266,66.11884307861328
2012-02-01,23.452739715576172,13.694877624511719,44.3239860534668,48.78745651245117,25.878753662109375,42.91606521606445,58.61827087402344,23.712303161621094,22.165382385253906,44.15365219116211,11.758367538452148,18.34893035888672,110.45076751708984,23.731901168823242,68.03408813476562,13.069195747375488,15.650395393371582,32.44583511352539,47.78216552734375,42.071319580078125,78.05082702636719,33.34762954711914,61.672096252441406,48.40333938598633,69.37020111083984,19.936613082885742,30.20250701904297,20.637720108032227,41.87135696411133,29.139724731445312,55.38241195678711,41.9168701171875,5.782703399658203,17.186279296875,20.391645431518555,87.88528442382812,36.28520965576172,14.062564849853516,6.4403076171875,21.05189323425293,9.187179565429688,32.98077392578125,48.3674430847168,45.72169494628906,43.56526565551758,12.25931167602539,19.931705474853516,25.349931716918945,35.78661346435547,66.70978546142578
2012-02-02,23.499813079833984,13.66275405883789,44.256507873535156,48.53181457519531,25.844341278076172,42.99076461791992,59.13151931762695,23.595674514770508,22.158851623535156,44.16695785522461,11.648014068603516,18.307470321655273,109.8257064819336,23.67437744140625,68.18616485595703,13.069195747375488,15.589982032775879,32.438541412353516,47.82593536376953,42.135555267333984,77.91663360595703,33.25979232788086,61.549346923828125,48.25086212158203,69.2962646484375,20.006427764892578,30.2095890045166,20.56136131286621,40.450584411621094,28.9932804107666,55.15031433105469,42.3640251159668,5.853415012359619,17.242233276367188,20.398466110229492,87.83879852294922,35.80857467651367,14.156847953796387,6.403744220733643,21.24834632873535,9.241159439086914,33.26148986816406,48.11545944213867,44.98860168457031,43.72248077392578,12.306748390197754,19.918054580688477,25.292909622192383,35.36912536621094,67.09355163574219
2012-02-03,23.727359771728516,13.799642562866211,44.290252685546875,49.33942413330078,26.346782684326172,42.61735153198242,60.16370391845703,23.552701950073242,22.24051856994629,44.33987808227539,11.697674751281738,18.627910614013672,111.03564453125,23.9208984375,69.14722442626953,13.26060676574707,15.612640380859375,32.95656204223633,47.990028381347656,43.35615158081055,80.46610260009766,33.49766159057617,62.465797424316406,48.015228271484375,70.29415893554688,20.20850372314453,30.81151008605957,20.5295352935791,39.9189453125,28.927398681640625,56.091915130615234,43.26662063598633,6.159834384918213,19.126956939697266,20.896482467651367,91.04591369628906,36.70613479614258,14.729795455932617,6.680578708648682,21.32439422607422,9.221880912780762,33.52316665649414,48.317039489746094,44.99633026123047,43.67410659790039,12.436113357543945,20.177526473999023,25.24224853515625,35.92842102050781,67.84565734863281
2012-02-06,23.695968627929688,13.928434371948242,43.98661804199219,49.8216552734375,26.25042152404785,43.119747161865234,60.83091735839844,23.571121215820312,22.22417640686035,44.24677276611328,11.559730529785156,18.61397933959961,110.5654296875,23.830509185791016,68.78767395019531,13.326615333557129,15.574886322021484,32.97845458984375,47.89703369140625,43.04921340942383,80.35308837890625,33.38787841796875,61.7457389831543,47.904354095458984,70.40503692626953,20.351802825927734,30.641565322875977,20.44681167602539,39.341487884521484,29.029890060424805,56.52957534790039,42.90227508544922,6.261976718902588,19.59201431274414,20.60313606262207,90.93745422363281,36.371856689453125,14.87485122680664,6.769372940063477,21.7236328125,9.275858879089355,33.93232727050781,48.45562744140625,45.37443161010742,43.65597152709961,12.34986400604248,20.211668014526367,25.128225326538086,35.79450988769531,67.40054321289062
2012-02-07,23.813661575317383,14.074331283569336,44.033836364746094,50.16444778442383,26.06458854675293,43.248748779296875,60.92216873168945,23.712303161621094,22.394058227539062,44.406410217285156,11.614907264709473,18.55824851989746,110.869384765625,23.789426803588867,69.76948547363281,13.333216667175293,15.527063369750977,33.16816711425781,48.077552795410156,42.9421501159668,80.3742904663086,33.49766159057617,61.53299331665039,47.93899154663086,70.8854751586914,20.469379425048828,30.507009506225586,20.459535598754883,39.634803771972656,28.920074462890625,57.444664001464844,43.16725540161133,6.167694568634033,19.259828567504883,20.644067764282227,89.84516143798828,36.30997085571289,14.693534851074219,6.727587699890137,21.2039794921875,9.137067794799805,34.217803955078125,48.68871307373047,46.176971435546875,43.37781524658203,12.427485466003418,20.348230361938477,24.950868606567383,35.94809341430664,67.49262237548828
2012-02-08,24.056903839111328,14.309991836547852,44.02035903930664,49.8431282043457,26.360536575317383,43.2080192565918,60.88223648071289,23.58340072631836,22.322195053100586,44.39311218261719,11.592835426330566,18.70454216003418,111.07083129882812,23.608638763427734,69.1749038696289,13.485033988952637,15.509444236755371,32.95656204223633,48.121307373046875,42.735137939453125,80.53668212890625,33.472049713134766,62.10913848876953,47.16969680786133,71.10723114013672,20.417945861816406,30.854007720947266,20.414993286132812,39.73561477661133,29.125070571899414,58.114410400390625,42.761497497558594,6.3876872062683105,18.976594924926758,20.896482467651367,89.97688293457031,36.229496002197266,14.824076652526855,6.706697463989258,20.994855880737305,9.113932609558105,34.37480545043945,48.45562744140625,46.686279296875,43.353633880615234,12.436113357543945,20.771581649780273,24.716503143310547,36.08201599121094,67.92242431640625
2012-02-09,24.143217086791992,14.805020332336426,43.78419494628906,49.58611297607422,26.057706832885742,43.479591369628906,60.65982437133789,23.41766929626465,22.204580307006836,42.75014114379883,11.664565086364746,18.711509704589844,111.17447662353516,23.7401123046875,69.1333999633789,13.201207160949707,15.595014572143555,33.0295295715332,48.14864730834961,42.749412536621094,79.68218231201172,33.578163146972656,62.4713020324707,46.32417297363281,70.70066833496094,20.30404281616211,30.45036506652832,20.357707977294922,39.909793853759766,28.93471336364746,58.35976028442383,43.316322326660156,6.426972389221191,18.78777503967285,20.86237335205078,89.76771545410156,36.86086654663086,14.751553535461426,6.6283464431762695,21.67926788330078,9.090803146362305,34.04176712036133,48.23514938354492,46.46250534057617,43.462467193603516,12.634466171264648,20.996910095214844,24.754501342773438,36.24744415283203,67.48497772216797
2012-02-10,23.93136215209961,14.812528610229492,43.5885124206543,48.95518112182617,25.885635375976562,43.370967864990234,60.038246154785156,23.270341873168945,22.194787979125977,42.53730010986328,11.614907264709473,18.600053787231445,110.7657470703125,23.41963768005371,68.77383422851562,13.135196685791016,15.57992172241211,33.073299407958984,47.66728973388672,42.349693298339844,78.91947937011719,33.362266540527344,61.68935775756836,46.684566497802734,69.77672576904297,20.248920440673828,30.577823638916016,20.300437927246094,39.909793853759766,28.780954360961914,58.0281867980957,42.90227508544922,6.340545654296875,18.794763565063477,20.644067764282227,88.40431213378906,36.607093811035156,14.258377075195312,6.497761249542236,21.888395309448242,9.110077857971191,34.37480545043945,48.310752868652344,46.15382385253906,43.268978118896484,12.595660209655762,20.874006271362305,24.76083755493164,35.774803161621094,67.19330596923828
2012-02-13,23.9941349029541,15.088113784790039,43.64250183105469,49.31736755371094,26.360536575317383,43.608604431152344,60.665531158447266,23.39310646057129,22.35812759399414,42.36436462402344,11.752852439880371,18.600053787231445,110.88087463378906,23.362123489379883,68.89830780029297,13.22100830078125,15.552231788635254,33.511070251464844,48.15412139892578,42.9278678894043,80.29658508300781,33.53424835205078,61.6070671081543,47.52070999145508,70.47895050048828,20.267297744750977,30.329971313476562,20.357707977294922,39.579795837402344,28.803207397460938,58.5056266784668,43.11756896972656,6.481969833374023,19.196884155273438,20.889665603637695,88.72191619873047,37.20131301879883,14.17135238647461,6.549997329711914,22.046825408935547,9.11976432800293,34.64124298095703,48.60683059692383,46.531959533691406,43.37781524658203,12.604283332824707,21.11982536315918,24.919204711914062,35.87327194213867,68.0605697631836
2012-02-14,23.891464233398438,15.294045448303223,43.59526824951172,49.46342849731445,26.099002838134766,43.77833557128906,60.7282600402832,23.454490661621094,22.50840187072754,42.251277923583984,11.76940631866455,18.655778884887695,110.65065002441406,23.20598030090332,68.82918548583984,13.247407913208008,15.660456657409668,33.60591506958008,48.13225173950195,42.7137336730957,80.82625579833984,33.62940216064453,62.19145202636719,47.269866943359375,69.99848175048828,20.237899780273438,30.71946144104004,20.268627166748047,40.322261810302734,28.536298751831055,58.6515007019043,43.026485443115234,6.269833564758301,19.078001022338867,20.753219604492188,87.43597412109375,37.108455657958984,13.815985679626465,6.518656253814697,21.94542694091797,9.247613906860352,35.01711654663086,48.57532501220703,46.46250534057617,43.311317443847656,12.62153148651123,21.391069412231445,25.2105712890625,35.652706146240234,68.34451293945312
2012-02-15,23.73349380493164,14.94011402130127,43.62226486206055,49.14210891723633,25.741111755371094,43.82586669921875,60.33749771118164,23.337862014770508,22.34506607055664,41.95195770263672,11.648014068603516,18.516456604003906,110.66787719726562,22.992334365844727,68.17923736572266,13.141803741455078,15.544679641723633,33.35055160522461,47.91746139526367,42.11412048339844,79.47030639648438,33.724544525146484,61.903385162353516,47.31166458129883,69.33323669433594,20.37752914428711,30.825672149658203,20.28134536743164,40.450584411621094,28.595603942871094,57.643577575683594,42.662139892578125,6.112693786621094,19.16890525817871,20.582664489746094,87.6683578491211,37.20131301879883,13.750710487365723,6.466422080993652,21.572280883789062,9.20112133026123,34.94575119018555,48.3359375,46.03035354614258,43.05130386352539,12.612906455993652,21.315534591674805,25.090227127075195,35.648746490478516,64.68363189697266
2012-02-16,24.71285057067871,15.07640266418457,43.80443572998047,49.895713806152344,26.154077529907227,44.26715850830078,61.21100616455078,23.411523818969727,22.49533462524414,41.725791931152344,11.76940631866455,18.69060707092285,111.11116027832031,23.789426803588867,68.62865447998047,13.326615333557129,15.615152359008789,33.511070251464844,48.26993179321289,42.44961929321289,80.48020935058594,34.149009704589844,61.952754974365234,48.00148010253906,70.25718688964844,20.520828247070312,31.54800033569336,20.38953971862793,40.97306442260742,28.706817626953125,57.292144775390625,43.78002166748047,6.356261253356934,19.1654109954834,20.7191104888916,88.88456726074219,38.513572692871094,13.917516708374023,6.6544623374938965,21.840185165405273,9.251487731933594,34.9409294128418,48.71675109863281,46.05351638793945,43.190372467041016,12.737955093383789,21.446008682250977,25.197900772094727,36.227420806884766,63.78566360473633
2012-02-17,24.681264877319336,15.073704719543457,43.851661682128906,50.01840591430664,26.47756004333496,44.070281982421875,61.291412353515625,23.669322967529297,22.557405471801758,41.692535400390625,11.692157745361328,19.066791534423828,111.34137725830078,23.657943725585938,69.1333999633789,13.392626762390137,15.725897789001465,34.080169677734375,48.220375061035156,42.899322509765625,80.47312927246094,34.12340545654297,62.01861572265625,47.228050231933594,71.25504302978516,20.70820426940918,31.349712371826172,21.076820373535156,41.18389129638672,29.107173919677734,58.34648132324219,43.77175521850586,6.3012614250183105,16.43449592590332,21.210308074951172,89.79094696044922,38.94068145751953,13.895753860473633,6.659686088562012,22.139976501464844,9.26698112487793,35.21940231323242,48.71675109863281,46.36219024658203,43.27503204345703,12.785391807556152,21.52842140197754,24.28575897216797,36.512821197509766,64.36894989013672
2012-02-21,24.831321716308594,15.45585823059082,43.88542556762695,50.5733757019043,26.470666885375977,43.737606048583984,62.29705047607422,23.405378341674805,22.48225975036621,41.998504638671875,11.708711624145508,18.92049789428711,111.32416534423828,23.61685562133789,69.47911834716797,13.438825607299805,15.119312286376953,34.2333984375,48.24238586425781,42.749412536621094,81.21469116210938,34.16731643676758,62.3231201171875,46.46855926513672,71.73551177978516,20.63472557067871,31.165592193603516,20.567716598510742,41.58720779418945,28.729061126708984,57.789485931396484,43.763465881347656,6.37197208404541,15.626758575439453,21.12161636352539,90.34870147705078,38.19169235229492,13.968284606933594,6.544774055480957,21.80191421508789,9.228240013122559,35.44504165649414,48.48826599121094,46.19240951538086,43.17224884033203,12.772454261779785,21.54214859008789,24.21608543395996,36.453369140625,64.61456298828125
2012-02-22,24.697053909301758,15.401519775390625,43.8584098815918,50.77785873413086,26.202238082885742,43.75117874145508,61.77412033081055,23.460630416870117,22.622745513916016,41.97190856933594,11.785954475402832,18.620948791503906,111.60043334960938,23.46072769165039,69.59664916992188,13.28040885925293,14.749326705932617,33.97801971435547,48.33051681518555,42.47816467285156,81.78668975830078,34.08316421508789,62.60298156738281,46.5382194519043,71.66159057617188,20.66043472290039,30.938982009887695,20.51044464111328,41.376380920410156,28.780954360961914,58.10114288330078,43.713775634765625,6.246261119842529,15.570807456970215,20.869197845458984,88.59024047851562,37.84506607055664,13.583906173706055,6.414188385009766,21.872066497802734,9.158506393432617,35.589054107666016,48.17094421386719,46.33901596069336,43.0694465637207,12.785391807556152,21.665760040283203,24.48845672607422,36.38597106933594,64.75273895263672
2012-02-23,24.77604103088379,15.502087593078613,43.92588806152344,50.836265563964844,26.491313934326172,45.09548568725586,62.262577056884766,23.63864517211914,22.599872589111328,41.99186325073242,11.603872299194336,18.572181701660156,113.75333404541016,23.67437744140625,69.70033264160156,13.353017807006836,14.734224319458008,34.25527572631836,48.407615661621094,42.3797607421875,82.06208801269531,34.152679443359375,62.43012237548828,46.92145919799805,71.99715423583984,20.682493209838867,31.18682861328125,20.586811065673828,41.09223556518555,28.75872039794922,58.545433044433594,43.61440658569336,6.3012614250183105,15.787604331970215,20.910131454467773,89.70575714111328,38.061710357666016,13.757962226867676,6.476871013641357,21.6679630279541,8.902812004089355,35.915523529052734,48.64059066772461,46.39352035522461,43.47455978393555,12.806952476501465,21.79623794555664,24.469465255737305,36.54450225830078,64.54550170898438
2012-02-24,24.862924575805664,15.682816505432129,43.878257751464844,51.023189544677734,26.346782684326172,45.292381286621094,62.68207931518555,23.448354721069336,22.541074752807617,42.11158752441406,11.686637878417969,18.600053787231445,113.83971405029297,24.035945892333984,69.36156463623047,13.293615341186523,14.797149658203125,34.277156829833984,48.572818756103516,42.573707580566406,81.9208755493164,34.14170837402344,62.60298156738281,47.19321823120117,71.73615264892578,20.83313751220703,31.20807647705078,20.745906829833984,41.33055114746094,28.95147132873535,59.3676643371582,44.16093444824219,6.191263675689697,15.826064109802246,20.589487075805664,89.75995635986328,37.7769660949707,13.409839630126953,6.38807487487793,21.597795486450195,9.11976432800293,36.46282196044922,48.55173110961914,46.626949310302734,43.420162200927734,12.931998252868652,21.94730567932129,24.165414810180664,36.33446502685547,63.908470153808594
2012-02-27,24.760250091552734,15.78337574005127,43.871437072753906,50.95897674560547,26.883628845214844,45.28559112548828,62.99811553955078,23.41766929626465,22.485530853271484,42.11823272705078,11.730781555175781,18.732406616210938,113.70732879638672,24.044166564941406,69.38920593261719,13.313417434692383,14.71408462524414,34.24068069458008,48.5012092590332,42.8825798034668,81.65955352783203,33.808712005615234,61.903385162353516,46.99113845825195,71.10235595703125,20.7963924407959,31.533823013305664,20.777727127075195,40.918067932128906,29.047861099243164,59.28810119628906,44.86478805541992,6.316974639892578,15.801591873168945,21.16937255859375,90.03883361816406,37.91314697265625,13.598408699035645,6.424637794494629,21.393678665161133,9.251487731933594,36.693260192871094,48.72306823730469,46.728092193603516,43.444339752197266,12.949250221252441,21.7756290435791,24.09573745727539,36.837825775146484,64.00060272216797
2012-02-28,25.170934677124023,16.07307243347168,44.368343353271484,50.9063720703125,26.986873626708984,45.75406265258789,62.98661804199219,23.558841705322266,22.492061614990234,42.11823272705078,11.708711624145508,18.97623062133789,113.96638488769531,24.150999069213867,69.4727783203125,13.333216667175293,14.832388877868652,34.45956802368164,48.33601760864258,42.91850280761719,81.75139617919922,34.02093505859375,61.86222839355469,47.48585891723633,71.4378662109375,20.95806312561035,31.802928924560547,20.65044593811035,40.64308547973633,29.210973739624023,59.48255157470703,44.51700973510742,6.379829406738281,16.084821701049805,21.401330947875977,90.99452209472656,37.90696716308594,13.569398880004883,6.398521900177002,21.310758590698242,9.21274471282959,37.096534729003906,48.780208587646484,46.603599548339844,43.67410659790039,12.944937705993652,21.68636703491211,24.127412796020508,36.83385467529297,63.95450210571289
2012-02-29,25.068265914916992,16.284109115600586,44.3002815246582,50.53248977661133,27.007511138916016,45.91022872924805,62.70504379272461,23.429931640625,22.822019577026367,42.20877456665039,11.659049987792969,18.72544288635254,113.24679565429688,24.035945892333984,69.12464904785156,13.122000694274902,14.870141983032227,34.7076301574707,48.24238586425781,42.789207458496094,80.6567611694336,34.0977897644043,61.68935775756836,47.38831329345703,71.0277328491211,20.800067901611328,31.937467575073242,20.47226905822754,40.43226623535156,29.092344284057617,59.28810119628906,43.796592712402344,6.269697666168213,15.923973083496094,21.346752166748047,89.4638442993164,38.123600006103516,13.446104049682617,6.466422080993652,21.151296615600586,9.2166166305542,36.750892639160156,48.86271667480469,46.54134750366211,44.067142486572266,12.979434967041016,21.4254093170166,24.266767501831055,36.167964935302734,63.64754104614258
2012-03-01,25.502656936645508,16.345050811767578,44.130096435546875,50.72527313232422,27.785259246826172,45.25844192504883,63.07281494140625,23.196683883666992,22.737075805664062,41.947235107421875,11.85768985748291,18.711509704589844,113.70732879638672,24.512563705444336,69.10376739501953,13.122000694274902,14.804694175720215,34.62737274169922,48.18183135986328,43.18426513671875,80.0776596069336,33.977027893066406,61.79636764526367,47.09566879272461,71.28873443603516,21.060935974121094,32.01537322998047,20.771366119384766,40.82640838623047,29.173892974853516,59.261260986328125,44.35966110229492,6.387695789337158,16.298118591308594,21.517311096191406,94.11810302734375,38.525943756103516,13.917516708374023,6.612676620483398,20.902530670166016,9.468437194824219,37.552616119384766,48.799259185791016,46.85261535644531,43.63783264160156,12.944937705993652,21.64514923095703,24.178081512451172,36.726844787597656,63.762638092041016
2012-03-02,25.336803436279297,16.366369247436523,44.089256286621094,50.433162689208984,27.96421241760254,45.26522445678711,62.98661804199219,23.28261947631836,22.599872589111328,41.92713165283203,11.81355094909668,18.753311157226562,114.44416809082031,24.619386672973633,69.27779388427734,13.042793273925781,14.852519035339355,34.59089660644531,48.19833755493164,42.91850280761719,79.44207763671875,34.10511016845703,61.648216247558594,47.19321823120117,70.72947692871094,21.086660385131836,31.887893676757812,20.739543914794922,40.51475143432617,29.270278930664062,59.348453521728516,43.87939453125,6.395562648773193,16.43099594116211,21.339937210083008,93.20899963378906,38.16075134277344,13.68543815612793,6.644014835357666,20.85150909423828,9.32896900177002,37.27898025512695,48.577117919921875,46.502445220947266,43.74666213989258,12.91906452178955,21.727561950683594,24.190750122070312,36.66342544555664,63.148658752441406
2012-03-05,25.11565399169922,16.005525588989258,44.1845588684082,50.830421447753906,27.805904388427734,45.455326080322266,62.819969177246094,23.601808547973633,22.61620330810547,42.108192443847656,11.86320686340332,18.488584518432617,115.50907897949219,24.849472045898438,69.58416748046875,12.93718433380127,14.95068073272705,34.5763053894043,47.94501876831055,42.45158767700195,77.74713897705078,34.159996032714844,61.014427185058594,46.844810485839844,70.28204345703125,21.046241760253906,31.987041473388672,20.949542999267578,40.74391555786133,29.01080322265625,59.469146728515625,43.86284255981445,6.269697666168213,16.165241241455078,21.128442764282227,92.17558288574219,37.86982727050781,13.26479721069336,6.508209228515625,21.24058723449707,9.375460624694824,37.23577117919922,48.43749237060547,46.63473892211914,43.93409729003906,13.04842472076416,21.73442840576172,24.450462341308594,36.314640045166016,62.80330276489258
2012-03-06,24.926103591918945,15.918468475341797,43.80335998535156,50.15861511230469,27.06256866455078,45.38063430786133,62.549869537353516,22.981836318969727,22.462663650512695,41.76616668701172,11.736294746398926,18.537351608276367,113.55187225341797,24.602951049804688,69.54933166503906,12.85797119140625,14.842450141906738,34.05509948730469,46.782989501953125,41.49627685546875,74.809326171875,34.15633010864258,59.722225189208984,46.3640251159668,68.67878723144531,20.70453643798828,31.717941284179688,20.574094772338867,39.67145919799805,28.64751625061035,58.865596771240234,42.844303131103516,6.0651655197143555,16.042861938476562,20.541728973388672,88.32167053222656,37.2508430480957,12.561300277709961,6.314950466156006,20.9663143157959,9.317343711853027,36.70287322998047,47.98687744140625,46.432403564453125,43.897830963134766,12.970808982849121,20.869171142578125,24.29844093322754,35.835025787353516,60.79247283935547
2012-03-07,25.147245407104492,15.931379318237305,43.76933288574219,50.141090393066406,27.496183395385742,45.20411682128906,62.900413513183594,22.902050018310547,22.472461700439453,41.994178771972656,11.791478157043457,18.746349334716797,113.84546661376953,24.833040237426758,69.75125885009766,12.811767578125,15.066461563110352,34.78919219970703,47.06936264038086,41.474708557128906,76.4688949584961,33.96971130371094,60.51237106323242,46.64971923828125,69.98377227783203,20.67146873474121,31.66130256652832,20.669544219970703,39.946441650390625,28.810611724853516,58.98632049560547,43.28317642211914,6.3090314865112305,15.902997016906738,20.746397018432617,90.44291687011719,37.74603271484375,12.967440605163574,6.393299102783203,20.915285110473633,9.325094223022461,36.976505279541016,48.23440170288086,46.65806579589844,43.641265869140625,12.979434967041016,21.322404861450195,24.361780166625977,35.89052963256836,60.79247283935547
2012-03-08,25.28150177001953,16.270597457885742,44.143714904785156,49.556884765625,27.83342933654785,45.421382904052734,63.22795486450195,22.957294464111328,22.629270553588867,42.21548080444336,11.841136932373047,18.697574615478516,115.0197525024414,24.709774017333984,67.50928497314453,12.989989280700684,15.144502639770508,35.10484313964844,47.75226974487305,42.731727600097656,77.88134765625,34.37589645385742,61.04738235473633,47.242000579833984,70.95316314697266,21.12339973449707,32.01537322998047,20.860454559326172,40.478580474853516,29.055278778076172,59.267967224121094,43.84626388549805,6.3404974937438965,16.27014923095703,21.421798706054688,91.04118347167969,38.40835189819336,13.185015678405762,6.508209228515625,20.90890884399414,9.429696083068848,37.072532653808594,48.691368103027344,46.97710418701172,43.85506057739258,13.13466739654541,21.363609313964844,24.368118286132812,36.837825775146484,61.69044494628906
2012-03-09,25.265718460083008,16.366064071655273,44.06882095336914,49.24726486206055,28.23951530456543,45.441749572753906,62.96364974975586,23.08005714416504,22.707674026489258,42.349609375,11.852170944213867,18.857803344726562,115.48606872558594,24.759077072143555,67.42574310302734,13.069195747375488,15.223042488098145,35.31040573120117,47.80183410644531,42.940040588378906,77.83897399902344,34.390533447265625,60.32307815551758,47.38831329345703,70.99046325683594,21.292428970336914,32.31986999511719,20.94318962097168,41.45109939575195,29.329591751098633,59.6234016418457,44.053279876708984,6.332630634307861,16.116291046142578,21.599172592163086,91.1344223022461,39.06446838378906,13.322813034057617,6.570890426635742,21.35541343688965,9.42194938659668,37.04372787475586,48.970619201660156,46.82926940917969,43.84284591674805,13.13466739654541,21.37734031677246,24.437789916992188,36.770450592041016,61.529266357421875
2012-03-12,25.30521011352539,16.57110595703125,44.31388854980469,49.97750473022461,27.902254104614258,45.97132873535156,63.210723876953125,23.38697052001953,22.91675567626953,42.87940216064453,11.885279655456543,18.802072525024414,115.7048110961914,24.4139461517334,67.30047607421875,13.08899974822998,15.375077247619629,35.67012405395508,48.2093505859375,42.566524505615234,76.93502044677734,34.57351303100586,60.578224182128906,47.4022331237793,71.3260269165039,21.39529800415039,32.1215934753418,21.032276153564453,41.0840950012207,29.507526397705078,59.683753967285156,43.697208404541016,6.285431385040283,16.140764236450195,21.496845245361328,90.90129852294922,38.618804931640625,13.199522018432617,6.492539882659912,21.451086044311523,9.445192337036133,37.1157341003418,49.30696487426758,47.19499588012695,44.11162567138672,13.126046180725098,21.514680862426758,24.39344596862793,36.897274017333984,60.98435592651367
2012-03-13,25.80278205871582,17.05442237854004,44.470462799072266,50.74278259277344,29.86382293701172,46.1003303527832,63.89453887939453,23.759380340576172,23.117490768432617,43.147640228271484,12.14461612701416,19.150386810302734,117.30511474609375,24.759077072143555,67.38397979736328,13.346421241760254,15.45615291595459,36.07386016845703,48.87569808959961,43.36383819580078,80.01409912109375,34.847957611083984,61.16261291503906,48.01542663574219,73.04114532470703,21.65250015258789,32.02952575683594,21.26774024963379,42.24010467529297,29.781841278076172,60.11963653564453,44.92276382446289,6.678761959075928,16.36805534362793,22.73848533630371,96.76768493652344,39.80753707885742,13.72895336151123,6.633569240570068,21.20870018005371,9.383212089538574,37.331783294677734,49.73854446411133,47.88755798339844,44.62477493286133,13.156641006469727,22.084653854370117,24.44411849975586,37.38085174560547,62.672821044921875
2012-03-14,25.881757736206055,17.699262619018555,44.3002815246582,50.25208282470703,29.99458885192871,46.066375732421875,63.60723876953125,23.722131729125977,23.107616424560547,42.959869384765625,12.100470542907715,19.129486083984375,117.84619140625,24.52077293395996,67.73907470703125,13.333216667175293,15.476432800292969,36.316131591796875,48.94180679321289,43.47159194946289,79.28668212890625,34.81868362426758,61.91984939575195,47.5625114440918,73.78682708740234,21.67454719543457,31.937467575073242,21.35047149658203,42.84564208984375,29.848554611206055,60.6359977722168,46.49610137939453,6.954095363616943,16.31560707092285,22.76577377319336,93.52759552001953,39.68307876586914,13.48962116241455,6.727587699890137,21.285247802734375,9.429696083068848,37.211753845214844,49.65605163574219,48.292198181152344,44.47815704345703,13.091079711914062,21.73442840576172,24.387107849121094,37.13113021850586,62.61909866333008
2012-03-15,25.944942474365234,17.578580856323242,44.29346466064453,50.29297637939453,30.76544761657715,45.95096206665039,63.22795486450195,23.622821807861328,23.143814086914062,43.033634185791016,12.089438438415527,19.331514358520508,118.58303833007812,24.701555252075195,68.26127624511719,13.141803741455078,15.514433860778809,36.11793899536133,49.56410217285156,43.70864486694336,80.12004852294922,34.91748046875,62.084442138671875,47.5625114440918,75.16636657714844,21.7186279296875,31.78168487548828,21.146821975708008,42.946563720703125,29.86338996887207,60.555538177490234,46.96809005737305,7.268759250640869,16.49043846130371,23.24333953857422,95.6176986694336,40.274330139160156,14.149595260620117,6.738036155700684,21.540388107299805,9.456815719604492,36.78927993774414,50.100303649902344,48.22216033935547,44.54536437988281,13.126049041748047,21.851171493530273,24.50747299194336,37.11528396606445,62.657493591308594
2012-03-16,25.74748992919922,17.578882217407227,44.327510833740234,50.49742889404297,30.675960540771484,45.65900421142578,63.37162780761719,23.60420799255371,23.087879180908203,43.23482131958008,12.105990409851074,19.317581176757812,118.58878326416016,24.43860626220703,67.99668884277344,13.22100830078125,15.415616035461426,36.0078010559082,49.321773529052734,43.36383819580078,80.21185302734375,34.68694305419922,61.89512634277344,46.949344635009766,75.31549835205078,21.832534790039062,32.064945220947266,21.115009307861328,42.95573425292969,29.8040771484375,59.898338317871094,46.82729721069336,7.709287643432617,16.34008026123047,23.12053108215332,95.51669311523438,40.31167221069336,14.164097785949707,6.534327983856201,21.821044921875,9.441320419311523,37.05331802368164,49.763946533203125,48.23771667480469,44.54536437988281,13.126049041748047,21.83744239807129,24.596153259277344,37.0954704284668,63.87007522583008
2012-03-19,25.431577682495117,18.04509162902832,44.388771057128906,50.818756103515625,30.9719181060791,45.631839752197266,63.61297607421875,23.517309188842773,23.166847229003906,43.40918731689453,12.072880744934082,19.324542999267578,118.42184448242188,24.455036163330078,68.0454330444336,13.293615341186523,15.390277862548828,35.84630584716797,49.420921325683594,43.42848587036133,80.31776428222656,34.8991813659668,62.059757232666016,47.41618347167969,75.3528060913086,22.126476287841797,31.958717346191406,21.09591293334961,43.23097229003906,29.8930606842041,60.05927276611328,47.423526763916016,7.496891498565674,16.45897102355957,23.366132736206055,96.5811996459961,40.28056335449219,14.548484802246094,6.597005367279053,21.725374221801758,9.348341941833496,37.480613708496094,51.477535247802734,48.14434051513672,44.60033416748047,13.161015510559082,21.761898040771484,24.52646827697754,37.44029998779297,63.82405471801758
2012-03-20,25.265718460083008,18.19099235534668,44.218597412109375,50.59090805053711,31.233448028564453,45.631839752197266,62.68207931518555,23.436622619628906,23.2293701171875,43.778018951416016,12.028740882873535,19.331514358520508,117.57563018798828,24.73442840576172,67.9897232055664,13.577438354492188,15.354805946350098,36.25006103515625,49.206138610839844,42.724552154541016,78.22032165527344,35.001651763916016,61.84575271606445,47.088687896728516,74.83084106445312,22.19261932373047,31.640060424804688,21.051368713378906,42.643795013427734,29.670625686645508,59.91175079345703,47.12541961669922,7.717153549194336,16.406518936157227,23.41389274597168,97.91764068603516,40.14363098144531,14.802316665649414,6.549997329711914,21.565900802612305,9.33671760559082,37.24057388305664,51.02055740356445,47.521827697753906,44.83247756958008,13.169754028320312,21.88550567626953,24.55180549621582,37.230228424072266,63.23308181762695
2012-03-21,25.202524185180664,18.08712387084961,44.08245086669922,50.24623107910156,31.05451202392578,45.62507247924805,62.009727478027344,23.39938735961914,23.40378189086914,43.83168029785156,12.012187957763672,19.352413177490234,117.82891082763672,24.16743278503418,67.34220123291016,13.531237602233887,15.344673156738281,36.55104064941406,48.96383285522461,42.71737289428711,76.97737121582031,35.191932678222656,61.7387809753418,46.71940231323242,74.83084106445312,22.188947677612305,31.802928924560547,21.076820373535156,42.31351089477539,29.61872673034668,59.98554229736328,47.24135971069336,7.72502326965332,16.189722061157227,23.209224700927734,97.89431762695312,40.137413024902344,14.548484802246094,6.565666675567627,21.393678665161133,9.406454086303711,37.106143951416016,51.096736907958984,47.33506393432617,44.850799560546875,13.178498268127441,21.926712036132812,24.437789916992188,37.3134651184082,62.92609405517578
2012-03-22,25.273616790771484,17.99225425720215,43.878257751464844,49.84900665283203,30.731027603149414,45.84231948852539,60.53861618041992,23.33731460571289,23.50250816345215,43.8517951965332,11.99011516571045,19.436006546020508,118.28947448730469,23.52646255493164,66.70166015625,13.452027320861816,15.367480278015137,36.470298767089844,48.776573181152344,42.91850280761719,75.16239929199219,35.23218536376953,60.84160614013672,46.41978454589844,74.01055908203125,22.0860595703125,31.68961524963379,20.93682289123535,41.79972839355469,29.51494789123535,59.95197677612305,47.44010925292969,7.5519585609436035,16.305116653442383,22.826053619384766,96.92308044433594,39.79509735107422,14.207619667053223,6.435082912445068,21.291622161865234,9.297974586486816,36.43402862548828,50.95075225830078,47.44400405883789,44.81414031982422,13.174129486083984,21.79623794555664,24.456787109375,36.84575271606445,61.72883605957031
2012-03-23,25.28150177001953,17.89349365234375,43.93949890136719,49.97750473022461,31.0820369720459,45.781219482421875,61.119041442871094,23.591793060302734,23.525543212890625,43.791439056396484,12.039775848388672,19.422073364257812,118.28366088867188,23.46072769165039,66.52758026123047,13.551036834716797,15.39281177520752,36.36753463745117,48.715999603271484,43.2130012512207,76.15110778808594,35.10777282714844,60.88276290893555,46.44765853881836,73.74955749511719,22.19261932373047,31.965795516967773,20.97500228881836,42.05661392211914,29.559423446655273,60.200111389160156,47.40696716308594,7.748621940612793,16.382041931152344,22.942371368408203,98.0419692993164,39.84489822387695,14.744294166564941,6.435082912445068,21.406435012817383,9.468437194824219,36.731666564941406,50.588993072509766,47.13275146484375,44.673648834228516,13.287774085998535,21.878637313842773,24.60881233215332,37.11925506591797,62.043460845947266
2012-03-26,25.739593505859375,18.221607208251953,44.361541748046875,50.842098236083984,31.77720069885254,45.80158996582031,61.9694938659668,23.995223999023438,23.660457611083984,44.11333465576172,12.22737979888916,19.638029098510742,119.6019287109375,23.961994171142578,67.51628112792969,13.755656242370605,15.506834030151367,36.80064392089844,49.0794677734375,44.37664031982422,76.80084228515625,35.42613220214844,61.878684997558594,47.04688262939453,74.75626373291016,22.40940284729004,32.32694625854492,21.37592315673828,43.093360900878906,29.855981826782227,60.78354263305664,48.574527740478516,7.811556816101074,16.511423110961914,23.53081703186035,99.51049041748047,40.4548225402832,15.353503227233887,6.518656253814697,21.9231014251709,9.379332542419434,37.139747619628906,51.13479232788086,47.87977600097656,45.0218505859375,13.401419639587402,22.002246856689453,24.855846405029297,37.81683349609375,63.532405853271484
2012-03-27,25.68430519104004,18.446762084960938,44.518089294433594,50.60258102416992,31.58446502685547,45.59111785888672,61.50978469848633,24.08212661743164,23.650583267211914,44.26757049560547,12.414984703063965,19.638029098510742,119.26229858398438,24.11812400817871,67.77389526367188,13.801862716674805,15.47895336151123,36.73457336425781,49.09049987792969,44.03184509277344,76.31352233886719,35.3895378112793,61.57414245605469,47.24894714355469,74.71894836425781,22.534320831298828,32.107425689697266,21.42682647705078,43.267669677734375,29.848554611206055,60.92437744140625,48.210208892822266,7.5519585609436035,16.57086181640625,23.263961791992188,98.15850067138672,40.32412338256836,15.027145385742188,6.435082912445068,22.197376251220703,9.410326957702637,36.89009094238281,51.02055740356445,47.568511962890625,45.009639739990234,13.37956428527832,21.88550567626953,24.77350425720215,37.94763946533203,63.24076461791992
2012-03-28,25.423675537109375,18.541025161743164,44.66786193847656,50.15861511230469,31.84601593017578,45.618263244628906,60.848915100097656,23.777986526489258,23.91056251525879,44.21393585205078,12.365325927734375,19.36634635925293,119.32563018798828,24.126340866088867,67.59286499023438,13.914069175720215,15.504298210144043,36.63914108276367,48.71051025390625,43.63680648803711,73.62992858886719,35.14803695678711,61.179073333740234,47.158355712890625,74.60708618164062,22.45717430114746,31.583396911621094,21.42682647705078,43.18509292602539,29.885622024536133,60.14646530151367,48.905765533447266,7.669951438903809,16.56736946105957,23.585546493530273,98.18182373046875,40.137413024902344,14.679025650024414,6.435082912445068,22.165496826171875,9.371585845947266,36.47722244262695,50.79844284057617,47.350624084472656,45.14401626586914,13.340225219726562,21.473480224609375,24.798843383789062,37.567138671875,62.02132797241211
2012-03-29,25.368391036987305,18.308069229125977,44.613399505615234,50.2871208190918,31.433048248291016,45.49605941772461,61.400604248046875,23.591793060302734,24.28898048400879,44.27427291870117,12.370843887329102,19.617128372192383,119.88972473144531,24.077030181884766,67.98278045654297,13.881072044372559,15.410555839538574,36.63914108276367,48.886722564697266,43.60087203979492,74.87285614013672,35.38221740722656,60.973289489746094,46.90753173828125,74.38337707519531,22.405725479125977,31.363872528076172,21.356830596923828,44.92829132080078,29.626148223876953,60.106231689453125,47.93694305419922,7.496891498565674,16.703737258911133,23.222909927368164,96.16162109375,39.894691467285156,14.31640911102295,6.529104232788086,21.642444610595703,9.383212089538574,36.39080810546875,50.6778678894043,47.381752014160156,45.10736846923828,13.370820999145508,21.466609954833984,24.77984046936035,37.92782211303711,62.12165451049805
2012-03-30,25.478958129882812,17.998563766479492,44.89928436279297,50.666839599609375,31.64643096923828,45.631839752197266,61.60748291015625,23.83384895324707,24.354822158813477,44.4955940246582,12.497750282287598,19.589262008666992,120.10847473144531,23.961994171142578,68.30303955078125,13.96027660369873,15.506834030151367,36.93278884887695,49.12903594970703,43.852272033691406,75.22595977783203,35.78108215332031,61.211997985839844,47.36043930053711,74.83084106445312,22.519624710083008,31.72502326965332,21.477739334106445,45.18517303466797,29.855981826782227,60.260475158691406,47.91209030151367,7.528356552124023,17.084880828857422,23.359752655029297,96.63555908203125,40.64154815673828,14.24387264251709,6.518656253814697,21.36179542541504,9.387081146240234,36.49163055419922,51.230010986328125,47.52961349487305,45.137908935546875,13.493206024169922,21.741294860839844,24.988872528076172,37.97140884399414,62.4381103515625
2012-04-02,25.502656936645508,18.57135009765625,45.06947326660156,50.865478515625,31.74966049194336,45.86948013305664,62.23381423950195,23.902128219604492,24.3975887298584,44.75712966918945,12.464648246765137,19.770389556884766,120.58049011230469,24.26603126525879,68.48406219482422,13.986681938171387,15.547380447387695,36.6978759765625,49.14006423950195,43.902557373046875,75.74150085449219,36.02259826660156,61.87043762207031,47.45800018310547,74.64440155029297,22.501258850097656,31.91622543334961,21.566831588745117,45.3503303527832,30.011667251586914,61.13226318359375,48.03629684448242,7.614891529083252,17.056909561157227,23.612924575805664,97.0473861694336,40.884273529052734,14.367171287536621,6.5917816162109375,21.789152145385742,9.44906997680664,36.904502868652344,51.1982536315918,48.10542678833008,45.55330276489258,13.619965553283691,22.201396942138672,25.096555709838867,38.71658706665039,63.43370819091797
2012-04-03,25.226228713989258,18.892257690429688,44.844844818115234,50.141090393066406,31.465627670288086,45.55036544799805,61.56722640991211,24.032470703125,24.27254295349121,44.63642120361328,12.43704891204834,19.582298278808594,120.5978012084961,24.150999069213867,69.20819091796875,13.794529914855957,15.367480278015137,36.70521545410156,48.89773941040039,43.550601959228516,75.00704956054688,35.945743560791016,61.442474365234375,47.33255386352539,74.42070770263672,22.464506149291992,31.802928924560547,21.77252769470215,44.90077590942383,29.8930606842041,61.07192611694336,48.51824951171875,7.465424060821533,16.819128036499023,23.592391967773438,95.34573364257812,40.884273529052734,14.048062324523926,6.60222864151001,21.59140968322754,9.19337272644043,36.63566207885742,51.10308074951172,47.86421203613281,45.47389221191406,13.589369773864746,21.96105194091797,25.109216690063477,37.923858642578125,63.094112396240234
2012-04-04,24.64967155456543,18.741853713989258,44.511295318603516,49.64453887939453,30.765926361083984,45.66580581665039,60.68230056762695,24.144187927246094,24.173812866210938,44.488887786865234,12.354288101196289,19.456905364990234,118.61177825927734,23.961994171142578,67.87136840820312,13.489754676818848,15.26865291595459,36.595096588134766,48.37456512451172,43.205806732177734,75.04234313964844,35.806705474853516,60.63583755493164,47.27683639526367,73.60040283203125,22.582088470458984,31.378021240234375,21.66326141357422,44.77230453491211,29.90047264099121,60.58232879638672,47.67068099975586,7.2372918128967285,16.500926971435547,23.181852340698242,93.20899963378906,40.168514251708984,13.554888725280762,6.534327983856201,21.24058723449707,9.11976432800293,36.573238372802734,50.68419647216797,47.81753158569336,45.33952331542969,13.598111152648926,21.58335304260254,25.140893936157227,37.22625732421875,62.67734909057617
2012-04-05,24.894502639770508,19.02314567565918,44.47725296020508,49.551055908203125,30.717435836791992,45.699745178222656,60.19386291503906,24.131772994995117,24.177114486694336,44.36145782470703,12.326703071594238,19.554428100585938,118.2779312133789,24.290681838989258,68.66510009765625,13.396995544433594,15.372536659240723,37.16035461425781,48.06067657470703,42.731727600097656,74.76693725585938,35.920143127441406,60.56998825073242,47.39527893066406,72.66825866699219,22.523296356201172,31.597557067871094,21.650402069091797,44.946632385253906,30.011667251586914,60.4549446105957,48.277286529541016,7.260889530181885,16.70024299621582,23.079221725463867,91.68608856201172,40.38013458251953,13.337318420410156,6.513432025909424,20.94718360900879,9.235991477966309,36.179569244384766,50.887290954589844,47.350624084472656,45.43112564086914,13.707385063171387,21.5078182220459,24.895132064819336,38.1656494140625,63.1558723449707
2012-04-09,24.562793731689453,19.099700927734375,44.19136047363281,49.00191116333008,30.405696868896484,45.36028289794922,59.46977233886719,24.038671493530273,23.979665756225586,43.82497024536133,12.1666841506958,19.33847999572754,117.97281646728516,23.88721466064453,68.84612274169922,13.224732398986816,15.235719680786133,37.1309928894043,47.542999267578125,41.582454681396484,73.14262390136719,35.51030731201172,59.61524200439453,46.69849395751953,71.58700561523438,22.402050018310547,31.11602783203125,21.23898696899414,43.95578384399414,29.448223114013672,59.5093994140625,47.496185302734375,7.024896144866943,16.291128158569336,22.86710548400879,90.92460632324219,39.58971405029297,13.039968490600586,6.382851600646973,20.76858901977539,9.104269027709961,36.030738830566406,50.258968353271484,46.71253967285156,45.22343826293945,13.619965553283691,21.178194046020508,24.710023880004883,37.35706329345703,61.318992614746094
2012-04-10,24.065214157104492,18.8658447265625,43.701255798339844,48.002933502197266,29.76139259338379,45.04794692993164,58.29751968383789,23.864891052246094,23.6999454498291,43.489654541015625,12.133580207824707,19.122516632080078,116.47040557861328,23.343767166137695,68.00366973876953,12.953080177307129,15.185042381286621,36.23537063598633,46.57925033569336,40.641483306884766,70.92511749267578,35.191932678222656,58.1089973449707,46.12017059326172,69.87191009521484,22.097084045410156,30.825672149658203,20.872581481933594,43.47868347167969,29.225788116455078,58.79181671142578,46.68186950683594,6.7180938720703125,16.0044002532959,22.52499008178711,89.01319122314453,38.49433135986328,12.554049491882324,6.158252716064453,20.545337677001953,9.01516056060791,35.37782287597656,49.71316909790039,46.47908401489258,44.91799545288086,13.52817440032959,21.164459228515625,24.58234977722168,36.50091552734375,59.049930572509766
2012-04-11,23.970436096191406,18.798599243164062,43.653602600097656,48.31254577636719,30.488813400268555,45.10905838012695,58.01020431518555,23.883516311645508,23.732851028442383,43.69084548950195,12.111504554748535,19.40117645263672,116.61431121826172,23.170846939086914,68.62332153320312,13.264486312866211,15.152105331420898,36.52168655395508,47.0032958984375,41.00062561035156,71.85733032226562,35.32733154296875,59.071990966796875,46.496421813964844,70.87861633300781,22.108200073242188,30.981468200683594,20.94972038269043,43.65300369262695,29.262868881225586,59.341739654541016,47.321693420410156,6.969827651977539,15.882012367248535,23.003950119018555,90.07770538330078,38.46320724487305,12.6990966796875,6.220929145812988,21.100265502929688,9.088769912719727,35.31060028076172,50.005104064941406,46.837039947509766,45.16846466064453,13.641820907592773,21.281200408935547,24.62065315246582,37.47198486328125,59.85257339477539
2012-04-12,24.46800994873047,18.69562339782715,43.667213439941406,48.83832550048828,31.063817977905273,44.871437072753906,58.95261764526367,23.753175735473633,23.765762329101562,43.84508514404297,12.094955444335938,19.840051651000977,118.19158172607422,23.631959915161133,67.98278045654297,13.290982246398926,15.238251686096191,37.167694091796875,47.834877014160156,42.22893142700195,75.16947174072266,35.65668869018555,60.49591827392578,46.628814697265625,71.95987701416016,22.130434036254883,30.79027557373047,20.92401123046875,44.423683166503906,29.344423294067383,60.46835708618164,48.22742462158203,7.21368932723999,15.986918449401855,23.27764320373535,93.5431137084961,39.25362777709961,13.214025497436523,6.304502487182617,21.234216690063477,9.150760650634766,35.78108596801758,50.40494155883789,47.693023681640625,45.3089485168457,13.685525894165039,21.35674476623535,24.741939544677734,38.37966537475586,61.23409652709961
2012-04-13,24.3337459564209,18.16907501220703,43.25198745727539,48.45862579345703,29.934598922729492,44.68132781982422,57.91253662109375,23.449037551879883,23.67362403869629,43.630496978759766,12.056328773498535,19.56837272644043,116.74099731445312,23.516685485839844,67.51628112792969,13.151849746704102,15.144502639770508,37.409942626953125,47.190521240234375,41.71173858642578,74.78107452392578,35.57249069213867,60.01852798461914,45.70208740234375,70.3938980102539,22.08226203918457,30.754850387573242,20.917583465576172,44.32275390625,29.047861099243164,59.88492965698242,47.59589767456055,6.8282270431518555,15.913479804992676,22.47024917602539,89.4250259399414,38.618804931640625,12.532293319702148,6.226154804229736,21.07476043701172,9.108142852783203,35.34901428222656,50.493797302246094,47.319488525390625,45.41892623901367,13.764214515686035,21.11638832092285,24.70363998413086,37.93971252441406,61.33445358276367
2012-04-16,24.5469970703125,17.41556167602539,43.5515022277832,49.07786560058594,30.017738342285156,45.339908599853516,58.33200454711914,23.554548263549805,23.838157653808594,44.2541618347168,12.128061294555664,19.791288375854492,116.6949234008789,23.58254623413086,67.24470520019531,13.07234001159668,15.349733352661133,37.94584274291992,47.58152770996094,41.66146469116211,75.38134002685547,35.740840911865234,59.820980072021484,46.16893005371094,70.4684829711914,22.178607940673828,30.882326126098633,21.16828155517578,43.7447509765625,29.359254837036133,60.065982818603516,48.05293273925781,6.914761066436768,16.035871505737305,22.682371139526367,91.4762954711914,38.6997184753418,12.691845893859863,6.205258846282959,21.24058723449707,9.131385803222656,35.44504165649414,50.493797302246094,47.49847412109375,45.651039123535156,13.716123580932617,21.143863677978516,24.72917366027832,38.40742111206055,61.411617279052734
2012-04-17,24.831321716308594,18.303268432617188,43.71488952636719,49.919090270996094,30.41261863708496,45.50284957885742,59.54450988769531,23.902128219604492,24.335063934326172,44.52912902832031,12.31014633178711,19.83308219909668,119.41766357421875,24.109540939331055,67.61375427246094,13.304235458374023,15.676595687866211,38.1954345703125,48.159793853759766,42.32950210571289,76.56070709228516,36.07749938964844,60.98153305053711,46.92844772338867,72.10899353027344,22.3935489654541,31.11602783203125,21.463979721069336,44.24020004272461,29.700286865234375,60.756683349609375,48.34375762939453,7.017026901245117,16.322599411010742,23.04500389099121,90.80030059814453,39.52125549316406,12.945684432983398,6.220929145812988,22.369596481323242,9.177877426147461,35.651466369628906,50.963443756103516,48.066524505615234,46.12141799926758,13.816665649414062,21.4254093170166,24.971736907958984,38.97818374633789,62.4381103515625
2012-04-18,24.594385147094727,18.26244354248047,43.061397552490234,50.09434127807617,29.990020751953125,45.319522857666016,59.412330627441406,23.83384895324707,24.40745735168457,44.401710510253906,12.387395858764648,19.470829010009766,115.20401000976562,23.98602294921875,67.77389526367188,13.290982246398926,15.724739074707031,38.033931732177734,47.98357391357422,42.18582534790039,77.12567901611328,36.044578552246094,60.66876220703125,46.78907775878906,71.2142105102539,22.4046630859375,30.87525177001953,21.579696655273438,44.23100280761719,29.43338966369629,60.60247039794922,48.22742462158203,7.017026901245117,16.298118591308594,22.969738006591797,89.61151123046875,38.861534118652344,12.807884216308594,6.158252716064453,22.650257110595703,9.100394248962402,35.185787200927734,51.08403778076172,48.183250427246094,46.21918487548828,13.838517189025879,21.239992141723633,24.965354919433594,39.029720306396484,62.46895217895508
2012-04-19,24.491714477539062,17.635021209716797,42.90483093261719,49.819766998291016,29.941539764404297,45.19733428955078,58.906646728515625,23.80902099609375,24.29228401184082,44.36145782470703,12.326703071594238,19.28971290588379,114.84708404541016,23.88721466064453,66.339599609375,13.191606521606445,15.646190643310547,37.85041427612305,47.80183410644531,41.66146469116211,76.1398696899414,35.927452087402344,60.16667938232422,46.77512741088867,71.36331176757812,22.052621841430664,30.79918670654297,21.811107635498047,44.04751205444336,29.470457077026367,60.58232879638672,47.836883544921875,6.899025917053223,18.270261764526367,22.661842346191406,88.26728820800781,38.438297271728516,13.10523509979248,6.090348720550537,22.726802825927734,8.99191665649414,34.99372863769531,50.68419647216797,47.48291778564453,45.980918884277344,13.890970230102539,21.068315505981445,24.90790557861328,40.03249740600586,62.04448318481445
2012-04-20,25.605329513549805,17.200925827026367,43.36770248413086,49.831451416015625,29.595130920410156,45.835540771484375,58.91240692138672,24.038671493530273,24.394296646118164,44.68336486816406,12.448089599609375,19.227014541625977,114.89885711669922,23.780168533325195,66.79914855957031,13.191606521606445,15.823554992675781,37.77699279785156,48.17631912231445,42.6599006652832,76.40228271484375,36.41356658935547,60.53705596923828,47.708831787109375,72.18357849121094,22.18973159790039,31.510009765625,22.00395393371582,44.056697845458984,29.589078903198242,60.91765213012695,47.73714828491211,6.576493263244629,17.83316993713379,22.579730987548828,87.3659439086914,38.51299285888672,12.67734146118164,5.959765434265137,22.91815757751465,9.007412910461426,34.98893737792969,50.94441223144531,48.09764099121094,46.71397399902344,13.93904972076416,21.08892822265625,24.856840133666992,40.1474494934082,62.44581604003906
2012-04-23,25.368391036987305,17.162498474121094,43.13626480102539,50.0593147277832,29.685203552246094,45.25164031982422,58.866424560546875,23.753175735473633,24.24950408935547,44.3815803527832,12.348771095275879,19.122516632080078,114.33475494384766,23.450801849365234,66.27693939208984,13.03920841217041,15.086225509643555,37.51272201538086,47.98357391357422,42.52342224121094,75.81365966796875,35.986385345458984,59.96914291381836,47.583396911621094,71.10235595703125,22.18601417541504,30.742324829101562,21.817537307739258,44.11174011230469,29.51494789123535,60.709754943847656,47.629146575927734,6.4348978996276855,17.976533889770508,22.367616653442383,86.82984161376953,37.971519470214844,12.31472110748291,5.92842435836792,22.580095291137695,9.007412910461426,34.724891662597656,50.15742111206055,47.91868591308594,46.82393264770508,13.882222175598145,20.8897705078125,24.646181106567383,40.03647232055664,61.73573303222656
2012-04-24,25.210432052612305,16.81966781616211,43.40856170654297,50.42148208618164,29.983089447021484,45.4892692565918,59.20545959472656,23.753175735473633,24.391006469726562,44.60288619995117,12.486713409423828,19.025001525878906,115.12915802001953,23.623727798461914,65.85916900634766,12.86694622039795,14.637740135192871,37.6081657409668,48.7325439453125,43.047786712646484,76.87747192382812,36.24785232543945,60.25722885131836,47.82032775878906,72.8547134399414,22.504714965820312,30.863161087036133,21.836824417114258,44.130088806152344,29.626148223876953,61.11214065551758,47.88673400878906,6.458496570587158,18.3087215423584,22.62762451171875,88.66352844238281,38.55656814575195,12.619321823120117,5.949319839477539,22.47803497314453,9.030659675598145,34.508853912353516,50.43034362792969,48.81356430053711,48.07624816894531,13.856002807617188,21.246854782104492,24.66533851623535,40.428863525390625,62.49985122680664
2012-04-25,25.431577682495117,18.312265396118164,43.85782241821289,50.73696517944336,29.899965286254883,45.798736572265625,59.67665481567383,23.85247802734375,24.657554626464844,44.71017074584961,12.62466049194336,19.408138275146484,117.1841812133789,23.771940231323242,66.2978286743164,12.913325309753418,14.533851623535156,38.10734176635742,48.90324783325195,43.44285202026367,73.35980987548828,36.67135238647461,63.44251251220703,48.907310485839844,72.51914978027344,22.827104568481445,31.13327407836914,22.042530059814453,44.23100280761719,30.248926162719727,61.011539459228516,48.950313568115234,6.497828006744385,18.382156372070312,22.81920623779297,88.56256103515625,39.32209396362305,12.43075942993164,6.1269073486328125,22.516307830810547,8.984171867370605,34.09598159790039,50.55091094970703,49.031436920166016,48.09457778930664,13.851624488830566,21.2125244140625,24.767478942871094,41.28895950317383,62.8548698425293
2012-04-26,25.360492706298828,18.243228912353516,44.07564163208008,50.281280517578125,30.343347549438477,45.78506851196289,61.03858947753906,23.87729835510254,24.914236068725586,44.509002685546875,12.723984718322754,19.65892791748047,118.34127044677734,23.895444869995117,66.72252655029297,12.986207008361816,14.93673038482666,38.077980041503906,49.189613342285156,43.816368103027344,74.03357696533203,36.63084411621094,63.36843490600586,49.32537078857422,73.1529769897461,22.923450469970703,31.687702178955078,21.701826095581055,43.63466262817383,30.30823516845703,61.494388580322266,49.5153694152832,6.505696773529053,18.43460464477539,23.154483795166016,89.01319122314453,39.459007263183594,12.518041610717773,6.200036525726318,22.57371711730957,9.02291202545166,34.65768051147461,49.66240310668945,49.36604690551758,48.28395462036133,13.956534385681152,21.308666229248047,24.8313045501709,41.70514678955078,63.51860809326172
2012-04-27,25.257810592651367,18.102123260498047,44.136905670166016,50.2871208190918,30.024662017822266,44.121273040771484,61.027069091796875,23.871089935302734,25.216981887817383,44.327945709228516,12.735020637512207,19.770389556884766,119.04927062988281,24.07660484313965,67.8017349243164,13.237979888916016,14.95699691772461,38.13671875,49.2116584777832,44.02467727661133,74.15412139892578,36.22943878173828,63.59891128540039,49.91763687133789,73.74955749511719,22.971635818481445,31.90093421936035,21.41898536682129,43.00160217285156,30.619619369506836,61.22614669799805,49.99729537963867,6.489961624145508,18.23879623413086,23.10658073425293,88.89664459228516,39.35320281982422,12.328927993774414,6.059009552001953,22.752309799194336,9.04615306854248,34.556861877441406,49.782981872558594,49.60727310180664,48.064029693603516,14.043953895568848,21.343002319335938,24.850454330444336,41.879547119140625,63.97394943237305
2012-04-30,25.289413452148438,17.531152725219727,44.31388854980469,50.43901443481445,29.775264739990234,43.57351303100586,61.23395919799805,24.355220794677734,25.114978790283203,44.260868072509766,12.635695457458496,19.784318923950195,119.2047119140625,24.208351135253906,67.85049438476562,13.357244491577148,14.926589965820312,38.01926040649414,49.2116584777832,43.5721435546875,72.88467407226562,36.435672760009766,63.21204376220703,49.548336029052734,73.00385284423828,22.997573852539062,31.71612548828125,21.451135635375977,42.41442108154297,30.686338424682617,60.71649932861328,50.03053283691406,6.379829406738281,18.189842224121094,22.86710548400879,89.47163391113281,39.28474426269531,12.568961143493652,5.9173688888549805,22.363222122192383,9.01516056060791,34.38882827758789,49.59257125854492,49.24154281616211,47.93574142456055,14.078917503356934,21.171327590942383,24.82492446899414,41.71308135986328,63.56491470336914
2012-05-01,25.28150177001953,17.475614547729492,44.39557647705078,50.847957611083984,30.336414337158203,43.52558517456055,62.216583251953125,24.43590545654297,25.315706253051758,44.589473724365234,12.569480895996094,20.167469024658203,119.73432922363281,24.348325729370117,67.67638397216797,13.237979888916016,14.967137336730957,38.4083251953125,49.343807220458984,43.76610565185547,72.41657257080078,36.49458694458008,63.58242416381836,49.25569152832031,73.82411193847656,23.060562133789062,31.78011131286621,21.547548294067383,42.7630615234375,30.575143814086914,60.72319412231445,50.662052154541016,6.537163257598877,17.98702621459961,23.325546264648438,89.61151123046875,39.160274505615234,12.72170352935791,5.891139507293701,22.146350860595703,9.073275566101074,35.5887336730957,49.802024841308594,49.38161087036133,47.81967544555664,14.170707702636719,22.675228118896484,24.850454330444336,42.426513671875,64.32125854492188
2012-05-02,25.11565399169922,17.591182708740234,44.470462799072266,50.357242584228516,29.92767906188965,43.806312561035156,61.50405502319336,24.386259078979492,25.39139747619629,44.81748962402344,12.503268241882324,20.327695846557617,119.76883697509766,24.46360206604004,67.89224243164062,13.145224571228027,14.951931953430176,38.69462966918945,49.29976272583008,43.55778884887695,72.785400390625,36.954898834228516,63.59067153930664,49.59014129638672,73.7122573852539,23.216203689575195,32.64017105102539,21.52826690673828,42.70802307128906,30.75307273864746,60.40798568725586,50.72852325439453,6.419164657592773,18.14087677001953,23.118942260742188,88.39936065673828,38.737056732177734,12.328927993774414,5.822942733764648,21.782773971557617,9.042276382446289,34.379554748535156,49.770286560058594,49.29601287841797,47.9785041809082,14.148853302001953,22.627151489257812,24.697263717651367,42.48596954345703,64.3907470703125
2012-05-03,25.08405876159668,17.46630859375,44.47725296020508,50.035911560058594,29.796049118041992,44.169189453125,60.906410217285156,24.311777114868164,25.483537673950195,44.87112808227539,12.470159530639648,20.040008544921875,119.29676818847656,24.191884994506836,67.56500244140625,13.065715789794922,14.946868896484375,38.51844787597656,49.22816848754883,43.43567657470703,71.39531707763672,36.822330474853516,63.23674774169922,49.40900421142578,73.11566925048828,23.36443519592285,32.796546936035156,21.534698486328125,42.26763916015625,30.59738540649414,59.99891662597656,50.57066345214844,6.293297290802002,17.969539642333984,22.994976043701172,86.65887451171875,38.27027130126953,11.805218696594238,5.728518009185791,21.585039138793945,9.007412910461426,34.171722412109375,49.548152923583984,48.89916229248047,48.10066223144531,14.2275390625,22.359336853027344,24.556819915771484,42.48994064331055,63.665225982666016
2012-05-04,24.46800994873047,16.968862533569336,44.06882095336914,49.405006408691406,28.923160552978516,44.01171112060547,59.60196304321289,24.106950759887695,25.3387393951416,44.19382095336914,12.348771095275879,19.576892852783203,118.00161743164062,23.393163681030273,66.75039672851562,12.66817855834961,14.873381614685059,38.14405059814453,48.831668853759766,42.602439880371094,69.81382751464844,36.5056266784668,62.42189025878906,48.61463928222656,72.10899353027344,23.127269744873047,32.28477096557617,21.451135635375977,41.52448272705078,30.60479736328125,58.89912033081055,49.939144134521484,6.088766098022461,17.577917098999023,22.747047424316406,84.685302734375,37.62298583984375,11.637925148010254,5.597369194030762,21.463848114013672,8.957051277160645,33.48526382446289,49.332366943359375,48.167686462402344,47.825767517089844,14.175084114074707,22.14645767211914,24.46107292175293,41.88350296020508,62.276031494140625
2012-05-07,24.20738410949707,17.09585952758789,44.109683990478516,49.3524284362793,28.943941116333008,43.99116897583008,59.36636734008789,23.92074966430664,25.430879592895508,44.676658630371094,12.387395858764648,19.478660583496094,117.2878646850586,22.989686965942383,66.49974822998047,12.641674995422363,14.997536659240723,37.725616455078125,48.46820068359375,42.75328826904297,68.92730712890625,36.67870330810547,62.520668029785156,48.50315856933594,72.03446960449219,23.164329528808594,32.171051025390625,21.50897789001465,41.82725524902344,30.84945297241211,58.550437927246094,49.939144134521484,6.2618303298950195,17.448535919189453,23.070730209350586,85.50115203857422,37.49851989746094,11.747028350830078,5.592122554779053,21.412818908691406,8.914433479309082,33.59861373901367,49.376792907714844,48.074317932128906,48.25951385498047,14.07454776763916,22.379932403564453,24.595115661621094,42.37104034423828,61.91330337524414
2012-05-08,24.08890724182129,17.056833267211914,44.232208251953125,49.08367919921875,28.66684341430664,43.92955780029297,59.09627914428711,23.976608276367188,25.38481330871582,44.60960006713867,12.370843887329102,19.20500373840332,116.46699523925781,22.997926712036133,65.13505554199219,12.396526336669922,14.962064743041992,37.16035461425781,48.220375061035156,42.645538330078125,68.43086242675781,36.52405548095703,62.059757232666016,49.262664794921875,71.77340698242188,23.197681427001953,32.178165435791016,21.3482666015625,41.96487045288086,30.85686683654785,58.4296989440918,49.7646369934082,6.128098011016846,17.2946834564209,22.82970428466797,84.98054504394531,37.3429069519043,11.5215482711792,5.565892696380615,21.7445068359375,8.875691413879395,34.203216552734375,49.28792953491211,47.75527572631836,48.18620300292969,14.100778579711914,22.647756576538086,24.780242919921875,42.45075225830078,62.16025924682617
2012-05-09,24.294269561767578,17.08683967590332,43.75570297241211,48.668914794921875,28.1541748046875,43.59406280517578,58.487159729003906,23.64144515991211,25.266340255737305,44.220645904541016,12.510154724121094,19.078704833984375,116.32244110107422,22.874408721923828,64.00714111328125,12.442911148071289,15.058494567871094,36.78596115112305,48.06067657470703,41.92723846435547,68.07627868652344,36.48721694946289,61.30634689331055,48.51012420654297,70.50575256347656,22.690004348754883,32.14971160888672,21.091142654418945,41.276771545410156,30.619619369506836,57.63840103149414,49.4073371887207,6.080899715423584,17.707294464111328,22.471580505371094,83.3644027709961,37.17488098144531,11.266966819763184,5.607860565185547,21.642444610595703,8.833076477050781,33.674198150634766,48.964263916015625,47.21834945678711,48.589385986328125,13.877854347229004,22.42801284790039,24.837684631347656,42.22356414794922,61.01027297973633
2012-05-10,24.278474807739258,17.127079010009766,43.953121185302734,48.727752685546875,28.22346305847168,43.91584777832031,59.39510726928711,23.8276424407959,25.473663330078125,44.79066467285156,12.721903800964355,19.113786697387695,115.95828247070312,22.248619079589844,63.965362548828125,11.137662887573242,15.0993070602417,37.16035461425781,47.98357391357422,42.070899963378906,67.68621063232422,36.697139739990234,61.09938049316406,48.83762741088867,71.17689514160156,23.056852340698242,32.67571258544922,21.33541488647461,41.203365325927734,30.953245162963867,57.752403259277344,49.37409591674805,6.057298183441162,17.92058753967285,22.85724449157715,82.6107177734375,37.26200485229492,11.346975326538086,5.618352890014648,21.7189884185791,8.941553115844727,34.14653015136719,48.98345947265625,47.23390197753906,48.71156692504883,13.869118690490723,23.004844665527344,25.05472183227539,42.13987350463867,60.94081115722656
2012-05-11,24.610187530517578,17.012697219848633,43.796539306640625,48.88067626953125,25.604787826538086,43.60090637207031,59.01008224487305,23.60420799255371,25.493410110473633,44.79738235473633,12.621602058410645,19.387447357177734,116.28781127929688,22.232152938842773,63.98623275756836,10.938894271850586,15.157984733581543,36.954803466796875,47.76327896118164,42.05653381347656,67.72876739501953,36.5719108581543,60.90069580078125,49.31840133666992,70.87861633300781,22.990158081054688,32.213714599609375,21.283992767333984,41.386878967285156,30.953248977661133,57.142154693603516,49.556915283203125,5.939298629760742,18.12689208984375,22.939882278442383,79.35509490966797,37.423828125,10.87418270111084,5.550157070159912,21.202329635620117,8.943499565124512,33.69309997558594,48.86835861206055,46.619163513183594,48.49772644042969,13.895337104797363,22.55848503112793,25.067489624023438,41.92464828491211,61.02571487426758
2012-05-14,24.2310733795166,16.757827758789062,43.5174674987793,48.304222106933594,24.79424285888672,43.532440185546875,58.5791130065918,23.722131729125977,25.29595947265625,45.0320930480957,12.588171005249023,18.959423065185547,115.28776550292969,22.1992130279541,63.276039123535156,11.071404457092285,15.068702697753906,36.617103576660156,47.26763916015625,41.769203186035156,66.38128662109375,36.46144104003906,60.53641891479492,49.16433334350586,69.34992980957031,22.856746673583984,32.071533203125,21.155427932739258,41.04740524291992,30.705686569213867,57.135459899902344,48.54317092895508,5.781967639923096,18.343692779541016,22.320070266723633,77.52135467529297,37.025508880615234,10.401396751403809,5.413762092590332,20.953561782836914,8.768290519714355,33.33413314819336,48.727691650390625,46.77479934692383,48.5832633972168,13.851624488830566,22.69582748413086,24.997270584106445,41.099613189697266,59.68278884887695
2012-05-15,24.01643180847168,16.606233596801758,43.299644470214844,48.11012268066406,25.10599708557129,43.6282958984375,57.981468200683594,23.424209594726562,25.19724464416504,45.50151443481445,12.426568031311035,18.861183166503906,115.05651092529297,22.281564712524414,63.366573333740234,10.958769798278809,15.140128135681152,35.72884750366211,47.24010467529297,41.2879524230957,65.72882080078125,37.209014892578125,60.08933639526367,49.50048065185547,68.604248046875,22.934568405151367,32.213714599609375,21.200422286987305,40.48774719238281,30.443119049072266,56.726375579833984,48.14430236816406,5.742634296417236,18.137386322021484,22.2030029296875,77.59904479980469,36.9757080078125,10.285017013549805,5.324583053588867,20.972702026367188,8.628121376037598,33.08220291137695,48.64456558227539,46.533565521240234,48.68102264404297,13.877854347229004,22.41623306274414,25.2653751373291,40.7249870300293,59.134830474853516
2012-05-16,23.769989013671875,16.393383026123047,43.36770248413086,48.33363342285156,24.565624237060547,44.01856231689453,58.0394401550293,23.72834014892578,25.118263244628906,46.105072021484375,12.6160306930542,18.594539642333984,115.45533752441406,22.00160026550293,63.659000396728516,11.05815601348877,15.0993070602417,35.80226516723633,47.328826904296875,41.31180191040039,65.14724731445312,37.31211853027344,59.8989143371582,49.71061325073242,70.84133911132812,23.17915153503418,32.09996795654297,21.226139068603516,40.3409538269043,30.570646286010742,56.552040100097656,47.68730926513672,5.593166828155518,18.035978317260742,22.017051696777344,76.30146789550781,36.82011032104492,9.848590850830078,5.329826831817627,20.90890884399414,8.651481628417969,32.949951171875,48.542259216308594,46.354583740234375,48.72378158569336,13.925939559936523,22.298860549926758,25.30367088317871,40.5535888671875,57.25164794921875
2012-05-17,23.62688636779785,15.914267539978027,43.2587890625,48.18070602416992,23.505691528320312,43.79261016845703,58.06265640258789,23.60420799255371,24.720083236694336,46.11848449707031,12.571450233459473,18.377025604248047,114.39175415039062,21.61458969116211,62.39876174926758,10.965394020080566,15.734506607055664,34.517578125,46.76874542236328,40.11164855957031,62.26792907714844,36.756046295166016,57.72981643676758,49.402462005615234,70.3938980102539,23.060562133789062,31.893829345703125,21.052581787109375,39.84552764892578,30.405614852905273,55.546138763427734,46.241493225097656,5.490902423858643,17.51846694946289,21.652053833007812,75.43119049072266,36.1043815612793,9.790403366088867,5.251140594482422,20.468965530395508,8.538573265075684,32.65017318725586,47.83254623413086,45.5219612121582,48.2656135559082,13.829771995544434,22.23673439025879,25.016420364379883,39.39775466918945,56.31778335571289
2012-05-18,23.26914405822754,15.922067642211914,43.122657775878906,47.92190170288086,23.20087432861328,43.49135971069336,57.08856964111328,23.4738712310791,24.36797332763672,45.68258285522461,12.577022552490234,18.292810440063477,113.2298583984375,21.087608337402344,62.55888366699219,10.912388801574707,15.925833702087402,34.53960418701172,46.308494567871094,39.930885314941406,62.89200210571289,36.38041687011719,57.249629974365234,48.428958892822266,70.65489959716797,22.81598472595215,31.581079483032227,21.033292770385742,39.36845397949219,30.33807945251465,55.5125846862793,46.033748626708984,5.522369384765625,17.462520599365234,21.307716369628906,74.19580078125,35.40729522705078,9.710393905639648,5.251140594482422,20.10929298400879,8.491847038269043,32.41419982910156,47.333831787109375,45.19514083862305,48.1556510925293,13.847256660461426,21.96748924255371,24.863224029541016,38.88362121582031,56.487571716308594
2012-05-21,23.650733947753906,16.849685668945312,43.20433044433594,48.25717544555664,22.521955490112305,43.40233612060547,57.801719665527344,23.33731460571289,24.51935577392578,45.58869934082031,12.56029987335205,18.348953247070312,114.31661987304688,21.622827529907227,63.5475959777832,11.04489803314209,16.081438064575195,34.95069885253906,46.83529281616211,41.23229217529297,65.23239135742188,36.44301986694336,59.42700958251953,48.54803466796875,71.28873443603516,22.904924392700195,31.90093421936035,21.02686309814453,40.2675666809082,30.480613708496094,56.08259582519531,46.8065299987793,5.372903823852539,17.794710159301758,21.62450408935547,74.98834228515625,36.19150924682617,9.594012260437012,5.350813388824463,20.134990692138672,8.600863456726074,33.02010726928711,47.723846435546875,45.90327072143555,48.039588928222656,13.92156982421875,22.209121704101562,24.607891082763672,39.67275619506836,58.12376022338867
2012-05-22,23.6586856842041,16.720306396484375,43.238372802734375,48.2042350769043,23.561111450195312,43.23801803588867,57.587196350097656,23.250425338745117,24.41404151916504,45.65576171875,12.465577125549316,18.26474952697754,113.7732162475586,21.705167770385742,63.596317291259766,11.08465576171875,16.257463455200195,35.42787170410156,46.65229797363281,41.41302490234375,64.88484191894531,36.52772903442383,59.17864990234375,48.260894775390625,71.51245880126953,22.971635818481445,31.943588256835938,21.1039981842041,39.95561981201172,30.758195877075195,56.12284469604492,46.82313537597656,5.490902423858643,17.647846221923828,21.81045150756836,75.78086853027344,36.16037368774414,9.681296348571777,5.345566749572754,20.07076072692871,8.69041919708252,32.956329345703125,47.80058670043945,45.98884963989258,48.064029693603516,13.882222175598145,22.202213287353516,24.62704086303711,39.56117248535156,57.83047866821289
2012-05-23,23.141948699951172,17.128278732299805,43.06820297241211,48.25717544555664,23.734304428100586,42.717655181884766,57.40165710449219,23.175945281982422,24.53251075744629,45.60211181640625,12.309549331665039,17.85076332092285,113.36862182617188,21.968664169311523,63.69380187988281,11.05815601348877,16.474294662475586,35.78022384643555,47.023841857910156,41.65884780883789,65.57989501953125,36.233123779296875,59.25314712524414,47.88969802856445,71.51245880126953,22.741878509521484,31.83696746826172,20.90472412109375,39.67121505737305,30.510622024536133,55.89482498168945,46.50738525390625,5.640366554260254,17.55343246459961,21.85866355895996,76.17716217041016,35.84918975830078,9.724936485290527,5.460977554321289,20.0964412689209,8.628121376037598,33.22421646118164,47.95402526855469,46.059539794921875,47.94795608520508,13.864744186401367,22.036521911621094,24.6334171295166,40.17496871948242,58.617713928222656
2012-05-24,23.11014747619629,16.970972061157227,43.3706169128418,48.59244918823242,23.533405303955078,42.84088897705078,58.01626205444336,23.33731460571289,24.8648738861084,46.14531326293945,12.337409019470215,17.99811363220215,113.35127258300781,21.50754737854004,63.7286262512207,10.859384536743164,16.59929656982422,36.4923095703125,47.1236457824707,41.405792236328125,64.83518981933594,36.5056266784668,59.104129791259766,48.393943786621094,71.77340698242188,23.130971908569336,32.1070671081543,21.20685386657715,40.45105743408203,30.87822723388672,55.90825271606445,46.8148307800293,5.616767883300781,17.700300216674805,21.9068660736084,75.2602767944336,36.141719818115234,9.681296348571777,5.555403709411621,20.077173233032227,8.624225616455078,33.25611114501953,48.069122314453125,46.193084716796875,48.387786865234375,14.100778579711914,22.160789489746094,24.88236427307129,41.53006362915039,58.40159225463867
2012-05-25,23.10219955444336,16.880008697509766,42.96510314941406,48.280696868896484,23.20779800415039,42.7861328125,57.32050323486328,23.30628204345703,24.75627899169922,46.03131103515625,12.331835746765137,18.06126594543457,112.3165054321289,21.524017333984375,63.3944206237793,10.819632530212402,16.660520553588867,36.29411315917969,47.01273727416992,41.029842376708984,63.78559494018555,36.38409423828125,57.95333480834961,48.35892868041992,71.58700561523438,23.06797981262207,31.972003936767578,21.271129608154297,40.82720947265625,30.840713500976562,55.46565628051758,46.374427795410156,5.624634742736816,17.654836654663086,21.941303253173828,75.1359634399414,35.60024642944336,9.637657165527344,5.560647964477539,20.14140510559082,8.72546100616455,33.236976623535156,47.91566467285156,45.9495849609375,48.54050827026367,14.035207748413086,22.264347076416016,24.946203231811523,41.12353515625,57.992549896240234
2012-05-29,23.49968910217285,17.179609298706055,43.02008056640625,48.19245147705078,23.297863006591797,43.101070404052734,58.12062454223633,23.33111572265625,24.831972122192383,46.4940071105957,12.359700202941895,18.306854248046875,113.56517028808594,21.787508010864258,63.28998947143555,10.991897583007812,16.754905700683594,36.75931930541992,47.539546966552734,41.35518264770508,65.61534881591797,36.590328216552734,58.28451156616211,48.52000427246094,72.14630126953125,23.0272159576416,32.4411506652832,21.431842803955078,41.54283905029297,30.983245849609375,56.10273361206055,46.99763488769531,5.852766513824463,17.81918716430664,22.20987892150879,76.4007339477539,36.29108810424805,9.921331405639648,5.686549663543701,20.295549392700195,8.7799711227417,33.97686004638672,48.28010940551758,46.326602935791016,48.72378158569336,14.043953895568848,22.436939239501953,24.939815521240234,41.888763427734375,58.88014602661133
2012-05-30,23.324792861938477,17.386749267578125,42.7588996887207,46.93370819091797,22.83371353149414,42.66972351074219,56.60731506347656,23.21318244934082,24.700334548950195,46.10744094848633,12.281682968139648,18.334917068481445,112.44951629638672,21.548717498779297,62.739925384521484,10.859384536743164,16.693683624267578,36.70762634277344,46.829734802246094,40.632198333740234,63.955810546875,36.395164489746094,57.44831848144531,48.73711395263672,70.99046325683594,22.89751625061035,32.22080612182617,21.521833419799805,40.551971435546875,30.750688552856445,56.19773864746094,46.08359909057617,5.671589374542236,17.6583309173584,21.831106185913086,73.86341857910156,35.693599700927734,9.52127742767334,5.592122554779053,19.8652286529541,8.702099800109863,33.19233322143555,47.70466232299805,46.2244987487793,48.4183235168457,13.995870590209961,22.1953067779541,24.58873748779297,40.75686264038086,58.509674072265625
2012-05-31,23.205547332763672,17.343521118164062,42.910099029541016,46.2513542175293,22.96533966064453,42.64917755126953,57.0015754699707,23.324907302856445,24.59174156188965,45.85737228393555,12.18695068359375,18.131439208984375,111.50724029541016,21.79574203491211,62.690826416015625,10.819632530212402,16.790620803833008,36.434417724609375,46.80757141113281,40.24179458618164,62.1402473449707,36.19998550415039,57.63046646118164,48.68807601928711,71.17689514160156,22.89751625061035,31.943588256835938,21.431842803955078,40.28589630126953,30.720678329467773,56.19773864746094,46.391056060791016,5.789748668670654,17.466020584106445,22.07215118408203,74.71438598632812,35.842987060546875,9.717667579650879,5.539663791656494,19.60190200805664,8.569720268249512,33.26886749267578,47.91566467285156,46.14596176147461,48.47330856323242,14.070178031921387,22.0089168548584,24.435531616210938,41.2271614074707,57.012413024902344
2012-06-01,22.617258071899414,16.840993881225586,42.46335220336914,45.8337287902832,22.120155334472656,42.142520904541016,55.89993667602539,23.076627731323242,24.05206298828125,45.627567291259766,12.058785438537598,17.6402587890625,109.2990493774414,21.408737182617188,60.84530258178711,10.574483871459961,16.72174072265625,35.41537857055664,45.9425048828125,38.998233795166016,60.65092849731445,35.52974319458008,55.66832733154297,47.44847869873047,69.1261978149414,22.426895141601562,30.99110984802246,21.425416946411133,39.06568145751953,30.128023147583008,55.125370025634766,44.39681625366211,5.529801368713379,17.018444061279297,20.77054214477539,72.32537841796875,34.36171340942383,9.25942325592041,5.308845520019531,19.222970962524414,8.425658226013184,32.65017318725586,46.835113525390625,45.101287841796875,47.81967544555664,13.851624488830566,21.346160888671875,24.192968368530273,39.44160842895508,55.198673248291016
2012-06-04,22.696760177612305,16.940046310424805,42.848270416259766,45.780799865722656,21.475879669189453,42.039817810058594,55.99849319458008,23.250425338745117,24.23304557800293,45.607295989990234,12.042065620422363,17.570083618164062,108.98692321777344,21.573429107666016,60.571651458740234,10.673870086669922,16.833986282348633,36.00611877441406,45.81496810913086,38.463218688964844,59.048118591308594,35.78382873535156,55.88359069824219,48.11381912231445,67.6720962524414,22.315715789794922,31.35361671447754,21.63754653930664,39.129905700683594,30.12053680419922,55.00998306274414,44.463279724121094,5.435275554656982,17.207265853881836,20.694793701171875,71.04502868652344,34.36792755126953,8.990296363830566,5.266878128051758,19.595483779907227,8.530781745910645,32.7203483581543,46.66887664794922,44.8577880859375,48.173988342285156,13.956534385681152,21.31853675842285,24.15467071533203,38.96731948852539,54.48088836669922
2012-06-05,22.664958953857422,16.896217346191406,42.7588996887207,45.64548873901367,22.161714553833008,41.8823356628418,55.94633483886719,23.275243759155273,24.101415634155273,45.282894134521484,12.036492347717285,17.84374237060547,109.36846160888672,21.993364334106445,61.10495376586914,10.68049430847168,16.708980560302734,36.124267578125,45.75397491455078,38.52828598022461,59.3247184753418,35.813297271728516,55.9498176574707,47.938716888427734,68.00765228271484,22.34536361694336,31.296749114990234,21.791818618774414,39.79048156738281,30.473125457763672,54.85389709472656,44.85381317138672,5.5928192138671875,16.962499618530273,21.018468856811523,71.98966217041016,34.58577346801758,9.353984832763672,5.345566749572754,19.64044189453125,8.511317253112793,33.08389663696289,46.54738235473633,44.99918746948242,48.41221237182617,13.899710655212402,21.615406036376953,24.12913703918457,39.45356369018555,55.29899597167969
2012-06-06,23.332748413085938,17.155292510986328,43.164424896240234,47.163108825683594,22.909912109375,42.313682556152344,57.86549758911133,23.52351951599121,24.55225944519043,45.614051818847656,12.20924186706543,18.292810440063477,112.13733673095703,22.66856575012207,62.213653564453125,11.05815601348877,16.818679809570312,37.36483383178711,46.929561614990234,39.51878356933594,61.45943069458008,36.211029052734375,57.141998291015625,49.010257720947266,70.3938980102539,22.619590759277344,31.872509002685547,21.881824493408203,40.5611457824707,30.76569366455078,55.91267013549805,46.01713562011719,6.018187999725342,17.210765838623047,21.328371047973633,74.13663482666016,35.911434173583984,10.139541625976562,5.544909477233887,19.88450050354004,8.546358108520508,34.17457962036133,47.94124984741211,46.02027893066406,49.472816467285156,14.240646362304688,22.209121704101562,24.21211814880371,40.5775032043457,56.73455810546875
2012-06-07,23.237348556518555,17.163103103637695,43.164424896240234,47.46307373046875,22.729795455932617,42.97098159790039,58.20759582519531,23.79041290283203,24.44365692138672,45.742462158203125,12.225960731506348,18.20160675048828,112.3974609375,22.38037109375,62.01715087890625,10.985269546508789,16.803377151489258,37.83745574951172,47.411991119384766,40.03211212158203,61.79983139038086,36.365699768066406,57.91195297241211,48.393943786621094,70.84133911132812,22.678884506225586,31.59528923034668,22.016807556152344,40.45105743408203,30.960752487182617,56.43528366088867,45.900787353515625,5.844890594482422,17.133834838867188,21.472999572753906,73.38715362548828,36.28486251831055,9.754035949707031,5.534417629241943,19.89734649658203,8.464591979980469,34.3212890625,48.25454330444336,46.61722946166992,49.701011657714844,14.314953804016113,22.181501388549805,24.269575119018555,40.8843879699707,56.73455810546875
2012-06-08,23.57123374938965,17.421274185180664,43.288143157958984,47.551307678222656,23.332502365112305,42.964134216308594,58.46854019165039,23.871089935302734,24.75957489013672,46.16826248168945,12.337409019470215,18.531389236450195,112.80209350585938,22.363903045654297,61.57509994506836,11.08465576171875,17.402849197387695,38.657100677490234,47.68926239013672,40.48036193847656,62.12605667114258,36.88861846923828,57.90365982055664,48.23286819458008,71.58700561523438,22.93087387084961,31.908052444458008,22.093955993652344,41.16667556762695,31.155797958374023,56.53031539916992,46.415985107421875,5.955170631408691,17.35761833190918,21.645164489746094,73.80874633789062,36.59606170654297,9.972245216369629,5.592122554779053,20.012950897216797,8.398401260375977,34.42334747314453,48.9962158203125,46.94712829589844,50.07098388671875,14.384886741638184,21.988203048706055,24.38447380065918,41.32279586791992,57.35196304321289
2012-06-11,22.975004196166992,17.146583557128906,42.69704818725586,47.21603775024414,22.736717224121094,42.82035827636719,57.929290771484375,23.87729835510254,24.568706512451172,45.9925422668457,12.315118789672852,18.2366886138916,111.28182983398438,22.075702667236328,60.7611083984375,10.919018745422363,17.226835250854492,37.91865539550781,47.23456573486328,39.85858154296875,60.416893005371094,36.822330474853516,58.044429779052734,47.47649383544922,71.2514419555664,22.79375648498535,31.794321060180664,21.97180938720703,40.7446403503418,31.125783920288086,55.96696472167969,45.78446578979492,5.734607219696045,17.322649002075195,21.342151641845703,72.45030975341797,36.17906188964844,9.724936485290527,5.481958389282227,20.05148696899414,8.312745094299316,34.36592483520508,48.4847297668457,46.562232971191406,50.033992767333984,14.40674114227295,21.87774085998535,24.199350357055664,40.63728713989258,55.985897064208984
2012-06-12,23.2850399017334,17.296390533447266,43.35688018798828,47.79839324951172,23.394855499267578,42.97098159790039,58.41053009033203,24.113155364990234,24.74641227722168,46.229087829589844,12.36527156829834,18.608577728271484,112.46107482910156,22.256858825683594,61.40668487548828,11.124411582946777,17.275299072265625,38.57587432861328,48.09407424926758,40.52375793457031,61.73598861694336,36.84442138671875,60.08933639526367,48.05778884887695,72.63101196289062,22.960514068603516,32.263450622558594,22.016807556152344,41.175846099853516,31.238330841064453,56.58460235595703,46.93115234375,5.900029182434082,17.28069305419922,21.55564308166504,73.41838836669922,36.88023376464844,10.1322660446167,5.508188247680664,20.07076072692871,8.371148109436035,34.89530563354492,48.714900970458984,47.07280349731445,50.26214599609375,14.612183570861816,22.043432235717773,24.21849822998047,41.5101318359375,57.159019470214844
2012-06-13,23.15784454345703,17.176315307617188,44.29852294921875,47.42778396606445,23.762014389038086,42.84088897705078,58.05683135986328,24.094329833984375,24.74640655517578,46.330474853515625,12.36527156829834,18.622610092163086,111.62284088134766,22.248619079589844,61.72945785522461,11.038276672363281,17.109493255615234,37.6380500793457,47.761356353759766,39.85136032104492,60.48780822753906,36.903350830078125,59.65882873535156,48.19786071777344,72.2208480834961,22.79375648498535,32.12128829956055,21.991092681884766,40.99235916137695,31.185810089111328,56.10951232910156,45.78446578979492,5.907907962799072,17.175790786743164,21.748464584350586,72.38786315917969,36.7111930847168,9.928603172302246,5.4032721519470215,19.83311653137207,8.289383888244629,34.5062370300293,48.76604461669922,46.931427001953125,50.34845733642578,14.72281265258789,21.580881118774414,24.275957107543945,40.61737060546875,56.54928207397461
2012-06-14,23.324792861938477,17.157390594482422,44.985870361328125,48.310115814208984,24.004484176635742,43.25856018066406,59.094730377197266,24.339048385620117,25.094289779663086,46.81709671020508,12.571450233459473,18.93135643005371,112.77896118164062,22.158052444458008,62.95746994018555,11.210542678833008,17.252347946166992,38.51679611206055,48.16617202758789,39.92366409301758,60.913326263427734,37.31211853027344,59.48496627807617,49.318389892578125,73.52581787109375,23.0272159576416,32.56200408935547,22.20966339111328,41.39603805541992,31.365873336791992,56.557456970214844,45.742916107177734,6.033941268920898,17.514970779418945,22.058372497558594,73.24664306640625,37.41237258911133,10.1322660446167,5.460977554321289,20.34050750732422,8.791651725769043,34.87617874145508,49.469390869140625,47.5440788269043,50.91578674316406,14.904240608215332,21.580881118774414,24.31424903869629,40.55758285522461,57.660701751708984
2012-06-15,23.865386962890625,17.235448837280273,45.37076187133789,48.951271057128906,24.26774024963379,43.05315017700195,60.4920768737793,24.433155059814453,25.210250854492188,46.95903396606445,12.59931468963623,19.183950424194336,115.09120178222656,22.80854606628418,63.504798889160156,11.329805374145508,17.282958984375,38.302650451660156,48.48777389526367,40.51652526855469,61.65087890625,37.38945388793945,59.60087585449219,49.927711486816406,74.77835845947266,23.16062355041504,32.4482536315918,22.00395393371582,41.5520133972168,31.50088882446289,56.638893127441406,46.76495361328125,6.222996234893799,17.58491325378418,22.347612380981445,74.68315124511719,38.05718994140625,10.401396751403809,5.429502010345459,20.424001693725586,8.881202697753906,35.37369155883789,49.5716667175293,48.054622650146484,50.86027526855469,14.944070816040039,21.712053298950195,24.550437927246094,41.50614929199219,58.15464401245117
2012-06-18,23.722288131713867,17.585182189941406,45.57008743286133,48.886566162109375,23.98370361328125,42.64917755126953,59.98761749267578,24.37668800354004,25.173816680908203,47.040130615234375,12.604887962341309,19.24009132385254,114.62297058105469,22.330965042114258,63.322330474853516,11.356305122375488,17.377342224121094,38.634952545166016,48.41568374633789,40.40083312988281,61.516151428222656,37.441017150878906,59.526371002197266,50.438968658447266,73.8436279296875,23.234737396240234,32.46247863769531,22.22894859313965,41.35935592651367,31.53841209411621,57.52802276611328,46.40766906738281,6.1127142906188965,17.556936264038086,22.354507446289062,73.09831237792969,37.96329116821289,10.052257537841797,5.424253940582275,20.526763916015625,8.881202697753906,35.12493133544922,49.73793029785156,48.32168960571289,51.051448822021484,14.979472160339355,21.60158920288086,24.67171859741211,41.76122283935547,57.799625396728516
2012-06-19,24.405975341796875,17.634119033813477,45.8587646484375,49.69243621826172,24.510211944580078,42.594398498535156,60.33552932739258,24.61511993408203,25.094289779663086,46.8441276550293,12.655036926269531,19.303239822387695,114.99295043945312,23.02263069152832,62.87326431274414,11.382806777954102,17.29826545715332,39.11493682861328,48.69851303100586,40.90692901611328,63.005455017089844,37.30475616455078,60.370826721191406,51.13930130004883,74.77835845947266,23.2977294921875,32.8747444152832,22.3896484375,41.87311553955078,31.7259578704834,57.89453887939453,47.31340026855469,6.388416290283203,17.73876190185547,22.69884490966797,75.23745727539062,38.620628356933594,10.372297286987305,5.539663791656494,19.325733184814453,8.842267036437988,35.488494873046875,49.97449493408203,48.88722229003906,51.310455322265625,15.01045036315918,20.8145751953125,24.767478942871094,42.31922912597656,59.451236724853516
2012-06-20,24.588821411132812,17.583984375,46.051212310791016,49.98064422607422,25.251480102539062,41.3482780456543,60.086212158203125,24.602567672729492,25.03465461730957,46.573787689208984,12.6327486038208,19.394458770751953,114.90620422363281,23.459035873413086,62.206642150878906,11.601455688476562,17.479381561279297,39.01154708862305,48.543243408203125,40.878021240234375,61.821109771728516,37.0948371887207,60.445335388183594,50.97823715209961,75.15227508544922,23.279203414916992,32.689945220947266,22.33180046081543,41.46025848388672,31.53841209411621,57.37872314453125,47.728851318359375,6.412048816680908,17.756242752075195,22.595548629760742,75.37799835205078,38.72706985473633,10.328656196594238,5.586877346038818,18.760541915893555,8.966864585876465,34.72309875488281,49.98086929321289,48.926483154296875,50.32380294799805,15.006030082702637,20.628171920776367,24.716402053833008,42.2634162902832,59.32003402709961
2012-06-21,23.960783004760742,17.341720581054688,45.63195037841797,48.298343658447266,24.60026741027832,40.91007995605469,57.99305725097656,24.753154754638672,24.73978042602539,46.29668426513672,12.59373950958252,18.741893768310547,111.79051971435547,22.899110794067383,61.49788284301758,11.217169761657715,17.27020835876465,37.852195739746094,48.09407424926758,40.07548904418945,60.2679557800293,36.62348175048828,59.087581634521484,50.17982482910156,73.6439208984375,23.064273834228516,32.263450622558594,22.363937377929688,40.46940994262695,31.328344345092773,57.26333999633789,46.7982063293457,6.159976959228516,17.455522537231445,22.27186393737793,73.30909729003906,37.230812072753906,10.15408992767334,5.387534141540527,18.722000122070312,8.970754623413086,33.65155792236328,49.296756744384766,48.573036193847656,49.768829345703125,14.997178077697754,20.282997131347656,24.48661231994629,40.820621490478516,57.93082046508789
2012-06-22,24.405975341796875,17.47471046447754,45.796897888183594,48.298343658447266,24.93280792236328,40.96485900878906,58.23659896850586,25.211210250854492,24.829242706298828,46.43185806274414,12.666183471679688,18.90328598022461,111.96968078613281,23.055566787719727,61.9961051940918,11.349681854248047,17.16815757751465,38.413414001464844,48.1495246887207,40.13332748413086,60.25376892089844,36.789188385009766,59.576026916503906,50.747108459472656,74.69975280761719,23.09391975402832,32.62595748901367,22.730350494384766,41.42357635498047,31.560914993286133,57.928443908691406,47.18873596191406,6.254504680633545,17.665328979492188,22.595548629760742,73.09831237792969,38.03214645385742,10.285017013549805,5.345566749572754,18.991750717163086,8.912352561950684,34.06613540649414,49.68675231933594,48.78511047363281,50.181976318359375,14.988327026367188,20.213958740234375,24.53766632080078,41.52607727050781,58.293575286865234
2012-06-25,23.746139526367188,17.134580612182617,45.707550048828125,47.78658676147461,24.468639373779297,40.60881423950195,57.44804382324219,24.966489791870117,24.772912979125977,46.371036529541016,12.521303176879883,18.27878189086914,111.48413848876953,22.7426700592041,61.834747314453125,11.223793983459473,17.392648696899414,38.04419708251953,47.606082916259766,38.839168548583984,58.78572082519531,36.57559585571289,58.8226432800293,49.99773025512695,73.60624694824219,23.01980209350586,32.12839889526367,21.939674377441406,41.0198860168457,31.11078453063965,57.18187713623047,46.5738639831543,5.986678600311279,17.58141326904297,22.18922233581543,71.21678161621094,37.19325256347656,9.804945945739746,5.251140594482422,18.619239807128906,8.834479331970215,33.779136657714844,48.87474060058594,48.29026794433594,49.94767379760742,14.921952247619629,19.87567710876465,24.531280517578125,40.38619613647461,57.42915725708008
2012-06-26,23.865386962890625,17.17241096496582,45.65256881713867,48.468929290771484,24.73882293701172,40.581424713134766,58.53229522705078,25.13590431213379,24.875621795654297,46.59407043457031,12.504584312438965,18.250707626342773,110.95807647705078,22.915584564208984,62.52239990234375,11.144287109375,17.494688034057617,38.31002426147461,47.78908157348633,38.50660705566406,58.67225646972656,36.86283874511719,58.72329330444336,50.046749114990234,74.66206359863281,23.105031967163086,32.298988342285156,22.190378189086914,41.56119155883789,31.185810089111328,56.591407775878906,46.623714447021484,6.002432823181152,17.612878799438477,22.264976501464844,71.0684585571289,37.39986038208008,9.826773643493652,5.251140594482422,18.6834716796875,8.776079177856445,34.21284866333008,48.82358169555664,47.9760856628418,50.36080551147461,14.899821281433105,19.765214920043945,24.352548599243164,40.988014221191406,58.65630340576172
2012-06-27,23.984628677368164,17.246559143066406,45.94124221801758,48.939476013183594,25.48008155822754,41.06755447387695,59.47159194946289,25.430816650390625,25.293087005615234,47.14151382446289,12.59931468963623,18.398069381713867,111.5650863647461,23.195541381835938,61.982093811035156,11.08465576171875,17.497241973876953,38.066341400146484,48.33251190185547,39.04160690307617,58.33184814453125,37.37841033935547,59.501522064208984,50.68407440185547,75.90644073486328,23.2977294921875,32.689945220947266,22.556793212890625,41.6529426574707,31.45587158203125,57.62983703613281,47.263526916503906,6.120591640472412,17.92058753967285,22.540451049804688,72.81724548339844,37.97581481933594,10.117719650268555,5.256386756896973,18.895414352416992,8.87341594696045,34.729488372802734,49.098533630371094,48.800819396972656,50.47795867919922,15.045852661132812,19.930906295776367,23.969552993774414,41.243106842041016,60.62861251831055
2012-06-28,23.777936935424805,17.08294105529785,46.009979248046875,48.88067626953125,24.856605529785156,41.279815673828125,59.98761749267578,25.524932861328125,25.36929702758789,47.040130615234375,12.554730415344238,18.124412536621094,110.64016723632812,23.195541381835938,61.876834869384766,10.919018745422363,17.423259735107422,38.169734954833984,48.33251190185547,38.260772705078125,58.60133361816406,37.5588493347168,59.26143264770508,50.01874542236328,76.17037200927734,23.312559127807617,32.689945220947266,22.55035972595215,40.533626556396484,31.583402633666992,57.371925354003906,47.105648040771484,6.096960067749023,17.49749183654785,22.368276596069336,72.98898315429688,38.02589797973633,10.088622093200684,5.293107986450195,18.651350021362305,8.924034118652344,34.780521392822266,49.30311965942383,48.486629486083984,50.909610748291016,15.059128761291504,20.11730194091797,24.12913703918457,41.2510871887207,60.75284194946289
2012-06-29,24.318525314331055,17.531742095947266,46.436119079589844,50.333560943603516,24.7526798248291,41.93711853027344,61.17046356201172,26.196311950683594,25.90603256225586,47.75653076171875,12.816640853881836,18.699792861938477,113.05644989013672,24.455368041992188,62.12242126464844,11.37618637084961,17.78550910949707,39.12970733642578,49.68555450439453,40.37191390991211,60.218318939208984,38.33588790893555,61.51332473754883,51.06226348876953,78.58370971679688,23.890647888183594,33.215938568115234,23.1096248626709,40.36848449707031,32.19108200073242,59.10264205932617,48.36865997314453,6.443559169769287,17.93107795715332,23.02941131591797,74.83930969238281,39.415706634521484,10.612332344055176,5.030811786651611,18.998178482055664,9.029159545898438,35.6415901184082,50.358131408691406,50.10468673706055,51.655757904052734,15.289246559143066,20.37964630126953,24.601497650146484,42.29530334472656,62.795005798339844
2012-07-02,24.29467010498047,17.787517547607422,46.738555908203125,50.19826889038086,25.133708953857422,41.89603042602539,61.379188537597656,26.25905418395996,26.147897720336914,47.82414245605469,12.816640853881836,18.71382713317871,113.20097351074219,24.537708282470703,61.806640625,11.369529724121094,17.691120147705078,39.144466400146484,49.508113861083984,39.88028335571289,59.34600067138672,38.19594955444336,60.58608627319336,52.07778549194336,77.26393127441406,23.949941635131836,33.983604431152344,23.173906326293945,39.43267059326172,32.251102447509766,59.156951904296875,49.06665802001953,6.341154098510742,18.053464889526367,23.10517120361328,75.83082580566406,39.459529876708984,10.866909980773926,4.925894260406494,19.178007125854492,8.881202697753906,35.545894622802734,50.31338119506836,49.90831756591797,51.73590850830078,15.47067928314209,20.04827117919922,24.88236427307129,41.729339599609375,62.46887969970703
2012-07-03,24.45367431640625,17.994361877441406,46.766056060791016,50.75121307373047,25.0638484954834,42.01243209838867,62.25469970703125,26.233957290649414,26.2274227142334,47.82414245605469,12.744202613830566,18.847148895263672,113.25875091552734,24.677692413330078,62.15752029418945,11.416119575500488,18.048255920410156,38.140201568603516,49.741024017333984,40.191165924072266,61.31758117675781,38.52369689941406,61.488494873046875,52.638065338134766,77.03766632080078,24.0240478515625,33.99782943725586,22.654748916625977,39.22165298461914,32.37863540649414,59.394508361816406,49.53355026245117,6.3490309715271,18.2108154296875,23.056955337524414,76.97846984863281,39.515872955322266,10.990564346313477,5.036059379577637,19.017446517944336,8.920137405395508,35.97962188720703,50.81208419799805,50.222496032714844,51.79756546020508,15.483957290649414,20.013748168945312,24.90790557861328,41.80108642578125,63.45504379272461
2012-07-05,24.405975341796875,18.310468673706055,46.587337493896484,50.333560943603516,24.016036987304688,42.00558090209961,61.4777717590332,26.121015548706055,25.992177963256836,47.425384521484375,12.6327486038208,18.629627227783203,112.8888168334961,24.471834182739258,62.662750244140625,11.276333808898926,18.132436752319336,38.47987747192383,49.66893768310547,40.552669525146484,61.5516242980957,38.538421630859375,61.62925720214844,52.05677032470703,76.66058349609375,23.99439811706543,34.196834564208984,22.563894271850586,39.20330047607422,32.14606475830078,59.04832077026367,49.40016174316406,6.159976959228516,17.994014739990234,22.81591796875,74.88613891601562,39.07764434814453,10.554141998291016,5.020321369171143,19.184432983398438,8.807223320007324,35.25889587402344,51.093414306640625,50.214637756347656,51.859222412109375,15.439698219299316,19.67547035217285,24.920663833618164,42.044212341308594,63.65691375732422
2012-07-06,24.000534057617188,18.188581466674805,46.49111557006836,49.880638122558594,23.680723190307617,41.9576416015625,60.9211311340332,26.045732498168945,25.892780303955078,47.459163665771484,12.56029987335205,18.35597038269043,110.64592742919922,24.027204513549805,62.915348052978516,11.163172721862793,18.20386505126953,38.50942611694336,49.347286224365234,39.6850700378418,60.00552749633789,38.405845642089844,61.0083122253418,51.72059631347656,75.41620635986328,23.99439811706543,34.203948974609375,22.46005630493164,39.02897644042969,32.00352096557617,58.95333480834961,48.88322830200195,6.033941268920898,17.81918716430664,22.760831832885742,74.53482055664062,38.702022552490234,10.285017013549805,4.983599662780762,19.023866653442383,8.877312660217285,34.920833587646484,50.74814987182617,49.85334396362305,51.74208450317383,15.475104331970215,19.599531173706055,24.95285415649414,42.07609939575195,62.66301727294922
2012-07-09,23.849491119384766,18.429046630859375,46.587337493896484,49.204185485839844,23.722631454467773,42.142520904541016,60.56746292114258,26.434741973876953,25.836462020874023,47.30371856689453,12.621602058410645,18.362995147705078,109.64012145996094,23.961322784423828,63.013614654541016,11.083292007446289,18.305904388427734,38.48725509643555,49.330650329589844,39.91642761230469,58.96302032470703,38.394805908203125,61.289817810058594,52.38591766357422,75.56705474853516,24.31309700012207,33.613983154296875,22.72612953186035,39.43267059326172,32.22108840942383,59.31306457519531,48.69981384277344,5.955170631408691,18.008007049560547,22.905445098876953,73.75408935546875,38.65193176269531,10.1322660446167,4.957369327545166,19.07524871826172,8.741037368774414,34.652957916259766,50.63946533203125,49.963314056396484,51.98255157470703,15.559183120727539,19.019611358642578,24.759737014770508,41.19925308227539,62.53098678588867
2012-07-10,23.64278221130371,18.25853157043457,46.65608215332031,48.886566162109375,23.925216674804688,42.26576614379883,60.23115921020508,25.957883834838867,25.836462020874023,47.22263717651367,12.504584312438965,17.93496322631836,107.66897583007812,23.920148849487305,63.32938766479492,10.92353343963623,18.395191192626953,38.56110382080078,48.936946868896484,38.83195114135742,56.9276123046875,38.26224136352539,60.61920166015625,52.476966857910156,73.98331451416016,24.335330963134766,33.35809326171875,22.53144645690918,39.35009765625,32.1535758972168,59.061912536621094,48.68312454223633,5.892151832580566,18.0429744720459,22.70572853088379,73.58235931396484,37.76295471191406,9.972245216369629,4.904911994934082,19.216543197631836,8.791651725769043,34.11079025268555,50.24302673339844,49.54701614379883,52.27238464355469,15.678665161132812,19.033428192138672,24.882041931152344,40.70903015136719,61.032379150390625
2012-07-11,23.292991638183594,18.14505386352539,46.66982650756836,49.633583068847656,24.162721633911133,42.039817810058594,60.793575286865234,25.85748291015625,25.664169311523438,47.39833068847656,12.448857307434082,17.815677642822266,107.08509826660156,24.118179321289062,62.82413864135742,10.90356159210205,18.433454513549805,38.15496826171875,48.71513748168945,38.824710845947266,56.5517463684082,38.236446380615234,59.21175765991211,53.28935623168945,74.20955657958984,24.34280014038086,33.336761474609375,22.44708251953125,39.50606155395508,32.10856246948242,58.939762115478516,48.4246711730957,6.010311126708984,17.7177791595459,22.91233253479004,74.26937103271484,38.14484786987305,10.044984817504883,4.8944196701049805,19.229398727416992,8.881202697753906,34.67209243774414,50.434852600097656,49.342796325683594,52.01339340209961,15.629989624023438,19.09555435180664,25.19106101989746,40.206825256347656,60.69071578979492
2012-07-12,22.760360717773438,17.979045867919922,46.53923416137695,49.48066711425781,23.77852439880371,43.614585876464844,60.897945404052734,26.92415428161621,25.39249038696289,47.2090950012207,12.6327486038208,17.359580993652344,105.8365478515625,23.77988052368164,64.50825500488281,10.637297630310059,18.44620132446289,38.066341400146484,47.91661834716797,38.752410888671875,56.4808235168457,38.15543746948242,59.36904525756836,53.093265533447266,73.30459594726562,24.324115753173828,33.77748107910156,22.654748916625977,38.937232971191406,32.138553619384766,58.383201599121094,47.46583938598633,5.892151832580566,17.714292526245117,22.623085021972656,73.40277099609375,37.794246673583984,9.855865478515625,4.789501667022705,19.3321590423584,8.550251007080078,34.429710388183594,50.24943542480469,48.82438278198242,52.00106430053711,15.541482925415039,18.85392951965332,24.99148941040039,40.119163513183594,60.76836013793945
2012-07-13,23.364551544189453,18.161270141601562,47.15782928466797,50.274749755859375,25.196571350097656,44.56631851196289,61.466156005859375,27.275537490844727,25.604530334472656,47.58759307861328,12.710762977600098,17.71744155883789,107.52445983886719,24.406970977783203,64.76087188720703,10.856964111328125,18.66814422607422,38.465110778808594,48.57095718383789,39.460941314697266,58.204185485839844,38.83671188354492,60.85927963256836,53.898681640625,74.54894256591797,24.443635940551758,34.15418243408203,22.953258514404297,40.029014587402344,32.45364761352539,59.218013763427734,48.29961013793945,6.159976959228516,17.89261817932129,23.35309410095215,76.06500244140625,39.30927658081055,10.219551086425781,4.862943649291992,19.64044189453125,8.612548828125,35.067527770996094,50.79292297363281,50.10468673706055,52.54371643066406,15.762743949890137,18.909162521362305,25.133127212524414,41.18730545043945,60.162723541259766
2012-07-16,23.40428924560547,18.21950912475586,47.04784393310547,50.02769470214844,24.511995315551758,44.37459182739258,61.912635803222656,27.20025062561035,25.33946990966797,47.547027587890625,12.889079093933105,17.633237838745117,106.8191909790039,24.357463836669922,64.31175231933594,10.777088165283203,18.617128372192383,37.99252700805664,48.853763580322266,39.38864517211914,57.55171203613281,38.43531036376953,60.41222381591797,54.11578369140625,73.87019348144531,24.45484161376953,34.16840744018555,22.99219512939453,39.66204071044922,32.896263122558594,59.14336395263672,48.89155960083008,6.152099132537842,18.161863327026367,23.4288387298584,76.26017761230469,38.72079849243164,10.365025520324707,4.8576979637146,19.58905601501465,8.534677505493164,35.37369155883789,50.62028503417969,49.869049072265625,52.53754806518555,15.749478340148926,18.577791213989258,24.95929718017578,40.705047607421875,59.61915588378906
2012-07-17,23.579195022583008,18.220407485961914,47.425880432128906,50.42767333984375,24.442150115966797,44.744327545166016,62.289493560791016,27.72730255126953,25.740373611450195,47.53350830078125,13.162128448486328,17.80866241455078,106.16021728515625,24.687511444091797,64.4802017211914,10.803714752197266,18.64774513244629,37.45345687866211,49.34177017211914,39.43203353881836,58.09071731567383,38.726234436035156,60.52811813354492,55.1593017578125,74.36041259765625,24.820837020874023,34.43141174316406,23.349119186401367,39.42349624633789,32.97877883911133,59.34020233154297,48.924930572509766,6.238750457763672,18.473072052001953,23.497705459594727,76.49440002441406,38.86479568481445,10.430492401123047,4.899664878845215,19.717514038085938,8.550251007080078,35.89670181274414,50.72258758544922,50.37174606323242,52.91984939575195,15.846829414367676,18.81250762939453,25.010793685913086,41.502174377441406,58.96689987182617
2012-07-18,24.207218170166016,18.199996948242188,47.68020248413086,50.71001434326172,24.42118263244629,44.766422271728516,62.5504150390625,27.570438385009766,25.657543182373047,47.567298889160156,13.189992904663086,18.391050338745117,108.81925201416016,25.166080474853516,64.71173858642578,11.11657428741455,18.583961486816406,37.5937614440918,50.38981246948242,42.063724517822266,58.89723205566406,38.77043533325195,61.173892974853516,55.76160430908203,74.8128890991211,24.62290382385254,34.55225372314453,23.420499801635742,39.4785270690918,33.39139938354492,60.13431167602539,48.599754333496094,5.931536674499512,18.5849609375,23.387527465820312,75.34675598144531,39.409446716308594,10.175907135009766,4.920650005340576,19.890926361083984,8.558037757873535,36.209232330322266,51.28522872924805,51.14934539794922,53.07400131225586,15.89549446105957,19.05413818359375,25.11380386352539,41.52607727050781,58.749488830566406
2012-07-19,24.382116317749023,18.441951751708984,47.790164947509766,50.71001434326172,24.07191276550293,44.835506439208984,63.107032775878906,27.570438385009766,25.693986892700195,47.59434509277344,13.262433052062988,18.285802841186523,112.9177017211914,25.47136688232422,65.0906982421875,11.103261947631836,18.247228622436523,37.630672454833984,50.36763000488281,41.89742660522461,58.975746154785156,38.89564514160156,61.97697448730469,55.775596618652344,74.66206359863281,24.57434844970703,32.40053176879883,23.459436416625977,38.88218688964844,33.30887222290039,60.07321548461914,46.8822135925293,5.71885347366333,18.798259735107422,23.518373489379883,74.1678695678711,39.25293731689453,9.637657165527344,4.904911994934082,22.235183715820312,8.406190872192383,36.377017974853516,51.13179397583008,51.14934539794922,52.95685958862305,15.904351234436035,18.84012222290039,25.09449005126953,44.622901916503906,58.772796630859375
2012-07-20,23.944881439208984,18.141157150268555,47.171573638916016,50.55708312988281,23.680723190307617,44.70427703857422,63.30996322631836,27.237890243530273,25.521711349487305,47.28343200683594,13.20671272277832,17.90690040588379,111.24710845947266,24.852537155151367,64.26265716552734,10.89024829864502,18.430896759033203,37.438690185546875,49.90182876586914,41.74560546875,57.77668380737305,38.4881706237793,61.173892974853516,54.46595001220703,74.92601776123047,24.29798126220703,32.150917053222656,22.98571014404297,38.239959716796875,33.13633728027344,59.530235290527344,46.53202819824219,5.569185733795166,18.56048583984375,23.284215927124023,73.51207733154297,38.48289489746094,9.29578971862793,4.831469535827637,22.22235107421875,8.359467506408691,36.13179397583008,50.159908294677734,50.8665885925293,52.309383392333984,15.891070365905762,18.639917373657227,24.96573829650879,45.37617492675781,58.92031478881836
2012-07-23,23.277101516723633,18.12704086303711,46.81416320800781,50.121803283691406,24.057937622070312,44.469451904296875,62.59099578857422,27.150047302246094,25.472009658813477,46.864402770996094,13.150986671447754,17.724462509155273,110.31068420410156,24.464731216430664,62.41012191772461,10.697205543518066,18.32886505126953,37.630672454833984,49.552490234375,41.5286979675293,58.22633361816406,38.07698059082031,60.362552642822266,54.29787826538086,75.75559997558594,24.1411190032959,31.958356857299805,22.69367790222168,37.74452590942383,32.881263732910156,58.98725509643555,46.46533203125,5.5849409103393555,18.144380569458008,23.02941131591797,72.73136138916016,38.26377868652344,9.193962097167969,4.81048583984375,21.78560447692871,8.281595230102539,35.52518081665039,49.8402099609375,50.08112335205078,52.22920227050781,15.705219268798828,18.550168991088867,24.598785400390625,44.140655517578125,58.353450775146484
2012-07-24,23.173748016357422,18.039691925048828,46.29178237915039,49.751243591308594,24.260520935058594,44.21393585205078,61.63431167602539,26.786115646362305,25.399112701416016,46.49267578125,13.02839469909668,17.549041748046875,110.02745056152344,24.19243812561035,61.792633056640625,10.064826965332031,18.402843475341797,37.78574752807617,48.9314079284668,40.979244232177734,58.1192626953125,37.821388244628906,59.63400650024414,53.492462158203125,75.30308532714844,23.879695892333984,31.801435470581055,22.537931442260742,37.817935943603516,31.493389129638672,59.58454513549805,46.381961822509766,5.545555114746094,17.86813735961914,22.884788513183594,73.75408935546875,37.988319396972656,9.179412841796875,4.752781391143799,21.907634735107422,8.21929931640625,35.26060104370117,47.53203201293945,50.4110107421875,51.48308563232422,15.740622520446777,18.4259033203125,24.405649185180664,43.26779556274414,57.359588623046875
2012-07-25,22.919363021850586,17.260669708251953,46.41550064086914,50.13945388793945,24.56788444519043,44.21393585205078,61.4951171875,26.742204666137695,25.518388748168945,47.51323699951172,13.000527381896973,17.633237838745117,110.4551773071289,24.14293670654297,61.77859115600586,10.2645263671875,18.387537002563477,37.71190643310547,49.21419906616211,41.06599044799805,58.95431900024414,37.87693786621094,61.289817810058594,54.59901428222656,75.41620635986328,23.946916580200195,31.765804290771484,22.68069839477539,36.652740478515625,32.34861755371094,59.5098762512207,46.73212814331055,5.569185733795166,17.899608612060547,22.836584091186523,74.9173583984375,36.917789459228516,9.426717758178711,4.705567359924316,22.254453659057617,8.273809432983398,34.357147216796875,47.48728561401367,50.19892883300781,51.42758560180664,15.665390014648438,18.439714431762695,24.43783950805664,42.841331481933594,57.25082015991211
2012-07-26,23.18170738220215,17.257966995239258,47.24716567993164,50.892372131347656,25.014951705932617,44.58686065673828,62.77653121948242,27.18769645690918,26.124706268310547,48.13502883911133,13.089694023132324,17.89286231994629,112.11421966552734,24.753517150878906,62.452232360839844,10.23790168762207,18.793148040771484,39.07063293457031,50.23454284667969,41.74560546875,59.45392608642578,39.40682601928711,62.018367767333984,55.53046798706055,77.52786254882812,24.144861221313477,31.780061721801758,23.232303619384766,36.38667678833008,32.716209411621094,60.100364685058594,48.157859802246094,5.6479597091674805,18.070947647094727,23.26355743408203,76.5568618774414,37.40610885620117,9.455814361572266,4.700321197509766,22.45998764038086,8.382826805114746,35.105712890625,47.870914459228516,50.897987365722656,52.858184814453125,15.767172813415527,18.76418113708496,24.585905075073242,43.13627243041992,58.26029586791992
2012-07-27,23.6586856842041,17.566572189331055,47.78329849243164,51.43942642211914,25.769380569458008,44.952903747558594,63.350555419921875,28.29829216003418,26.509033203125,48.837928771972656,13.279151916503906,18.257734298706055,113.52470397949219,25.388866424560547,62.585548400878906,10.444259643554688,19.009977340698242,39.66136932373047,50.85560989379883,42.66379928588867,61.49522018432617,39.699493408203125,62.51509475708008,58.7730598449707,78.88538360595703,24.794694900512695,32.051063537597656,23.39454460144043,37.97389602661133,33.286380767822266,61.22024154663086,48.79985427856445,5.758240222930908,19.406688690185547,23.518373489379883,79.35183715820312,38.34516525268555,9.850111961364746,4.721304893493652,22.941680908203125,8.515206336975098,35.47355270385742,48.59341049194336,51.6834602355957,53.84480285644531,15.886656761169434,19.012718200683594,24.798357009887695,44.00912094116211,60.644134521484375
2012-07-30,23.56329345703125,17.862871170043945,47.73516845703125,51.504119873046875,25.2454776763916,44.95980453491211,63.675262451171875,27.90926742553711,26.876802444458008,49.16910171508789,13.212281227111816,18.075300216674805,113.69229125976562,25.232086181640625,62.68381118774414,10.56407642364502,19.1273250579834,39.32169723510742,50.61715316772461,42.21554946899414,61.159759521484375,39.81061553955078,61.97697448730469,58.4509162902832,78.43285369873047,24.873119354248047,32.3292121887207,23.121986389160156,37.955543518066406,33.046295166015625,60.4600715637207,48.599754333496094,5.734607219696045,19.445158004760742,23.387527465820312,78.75848388671875,37.70034408569336,9.864715576171875,4.773763656616211,23.294921875,8.538573265075684,35.4025764465332,48.74048614501953,52.43751907348633,54.22096252441406,16.001708984375,18.97819709777832,24.939990997314453,44.23629379272461,60.03847885131836
2012-07-31,23.428144454956055,18.3350887298584,47.57709503173828,51.086483001708984,25.147680282592773,44.57304763793945,63.53608703613281,27.714757919311523,26.770790100097656,49.15559005737305,13.396174430847168,18.03319549560547,113.28763580322266,24.918542861938477,62.704864501953125,10.617326736450195,18.98702049255371,38.53157424926758,50.58943557739258,41.9697380065918,60.10343551635742,39.769859313964844,61.19044494628906,57.8486328125,78.24430847167969,24.76481819152832,32.272151947021484,23.102510452270508,36.95551681518555,33.03129577636719,60.58903121948242,48.11616516113281,5.7818708419799805,18.997575759887695,23.284215927124023,78.77406311035156,38.03214645385742,9.974241256713867,4.847207546234131,23.35272789001465,8.632014274597168,35.13153839111328,48.34406280517578,51.997642517089844,53.59197998046875,15.91762638092041,18.011690139770508,24.91423797607422,43.62649154663086,59.65021896362305
2012-08-01,23.380441665649414,18.216510772705078,47.68707275390625,51.12177276611328,25.147680282592773,44.20702362060547,64.06954193115234,27.783781051635742,26.840362548828125,48.93253707885742,13.463661193847656,18.194581985473633,112.82521057128906,25.017559051513672,62.75395202636719,10.637297630310059,18.780384063720703,38.162349700927734,50.57281494140625,41.9335823059082,58.99001693725586,39.48832702636719,60.246646881103516,57.302345275878906,78.16893005371094,24.6863956451416,31.97974395751953,23.102510452270508,36.9188117980957,32.90377426147461,60.378631591796875,47.357460021972656,5.687346458435059,18.752805709838867,23.346206665039062,78.14171600341797,37.669036865234375,9.864715576171875,4.768089771270752,23.294921875,8.643694877624512,35.63490295410156,48.04991912841797,51.71488571166992,53.752323150634766,15.944180488586426,17.728633880615234,24.74040985107422,43.068519592285156,60.20153045654297
2012-08-02,23.205547332763672,18.24592399597168,47.04784393310547,50.51591873168945,24.56788444519043,43.86172103881836,63.34477233886719,27.551616668701172,26.422895431518555,48.52702713012695,13.45241641998291,18.180545806884766,112.4032211303711,24.687511444091797,62.86623764038086,10.4775390625,18.890079498291016,37.94821548461914,49.95171356201172,41.441951751708984,59.325477600097656,39.03269577026367,59.60087585449219,56.75608825683594,77.37702941894531,24.776020050048828,32.029666900634766,21.12322998046875,38.40510177612305,32.498653411865234,60.032493591308594,47.09898376464844,5.65583610534668,20.032596588134766,22.960542678833008,76.3616943359375,37.01170349121094,9.514225006103516,4.704797267913818,22.960947036743164,8.5191011428833,35.26705551147461,47.95402526855469,51.534236907958984,53.5734977722168,15.736191749572754,17.348928451538086,24.476465225219727,42.901119232177734,59.331844329833984
2012-08-03,23.650733947753906,18.483388900756836,47.50835418701172,51.49823760986328,25.210542678833008,45.23605728149414,64.42902374267578,27.70220184326172,26.78072166442871,49.25020217895508,13.654877662658691,18.566316604614258,114.75594329833984,25.34760093688965,62.86623764038086,10.883594512939453,19.017629623413086,38.612789154052734,50.85007858276367,42.59151077270508,60.681556701660156,39.43647003173828,60.27975082397461,57.57550811767578,79.03620910644531,24.869386672973633,31.915565490722656,21.18162727355957,38.60694885253906,33.12132263183594,60.67047882080078,48.032798767089844,5.852766990661621,19.885732650756836,23.64922332763672,78.83659362792969,38.06971740722656,10.061861991882324,4.794463634490967,22.99305534362793,8.643694877624512,35.951114654541016,48.43996810913086,52.13117599487305,52.630027770996094,15.89549446105957,17.631982803344727,24.798357009887695,43.522865295410156,60.18601608276367
2012-08-06,23.809730529785156,18.689027786254883,47.3159065246582,51.43942642211914,25.357240676879883,45.45015335083008,64.53919982910156,27.915544509887695,26.7177734375,48.986629486083984,13.643631935119629,18.622940063476562,114.89469909667969,25.578638076782227,62.93642044067383,11.109920501708984,18.948747634887695,38.39865493774414,50.68925094604492,42.39630126953125,61.630821228027344,39.39572525024414,60.34598922729492,57.72956085205078,79.07389068603516,24.7872314453125,32.02252960205078,21.14919090270996,38.671165466308594,32.791236877441406,60.39901351928711,47.607582092285156,6.018187999725342,20.154979705810547,23.415069580078125,79.64850616455078,37.97581481933594,10.324728012084961,4.826108932495117,22.98663902282715,8.74492359161377,36.06725311279297,48.35044479370117,52.08406066894531,51.618751525878906,15.837966918945312,17.694116592407227,24.77904510498047,43.80187225341797,60.900367736816406
2012-08-07,24.056177139282227,18.639789581298828,46.9378776550293,51.71586227416992,25.85319709777832,45.73332595825195,64.9102554321289,27.608091354370117,26.429529190063477,48.85820007324219,13.351181983947754,18.75743293762207,115.57099914550781,25.991193771362305,62.459228515625,11.409462928771973,18.874771118164062,38.694026947021484,50.85007858276367,42.345680236816406,62.25177764892578,38.85118103027344,61.64579391479492,57.12727737426758,79.63955688476562,24.660245895385742,31.466236114501953,21.11673927307129,39.90058517456055,32.07102584838867,61.30167770385742,48.05781173706055,6.041819095611572,20.12350845336914,23.387527465820312,80.60094451904297,38.5955924987793,10.587590217590332,4.9105000495910645,23.140779495239258,8.752716064453125,36.42863464355469,48.65095138549805,52.783103942871094,51.00830078125,15.466253280639648,17.749347686767578,24.682466506958008,44.44754409790039,61.31968307495117
2012-08-08,24.11182403564453,18.608272552490234,46.9791145324707,51.9276237487793,25.95798683166504,46.078617095947266,65.02043151855469,27.645729064941406,26.359949111938477,49.04745101928711,13.4017972946167,18.82821273803711,115.5419692993164,25.710660934448242,61.420711517333984,11.422781944274902,19.058929443359375,38.981998443603516,50.81126403808594,42.60597229003906,62.25177764892578,38.995662689208984,61.7617073059082,56.987186431884766,79.22474670410156,24.6116943359375,32.49324417114258,20.831193923950195,40.249210357666016,32.14606475830078,61.688560485839844,48.282936096191406,6.041819095611572,19.868253707885742,23.442975997924805,80.02326202392578,38.050933837890625,10.638701438903809,4.931598663330078,23.275657653808594,8.842267036437988,36.89327621459961,48.4527473449707,53.29366683959961,51.33507537841797,15.49280834197998,18.280921936035156,24.72110366821289,44.519649505615234,61.4749641418457
2012-08-09,24.24697494506836,18.71439552307129,46.95849609375,52.21771240234375,25.790346145629883,46.08552551269531,65.3045425415039,27.783781051635742,26.25392723083496,48.7568244934082,13.42428970336914,18.898996353149414,115.18785858154297,25.88392448425293,61.154075622558594,11.78223991394043,18.94095230102539,39.247859954833984,50.78907012939453,42.63487243652344,63.09397506713867,38.87711715698242,61.49676513671875,57.407413482666016,79.41326904296875,24.544462203979492,32.108123779296875,20.617050170898438,40.258384704589844,32.04854202270508,61.451026916503906,47.082313537597656,6.08120584487915,19.896224975585938,23.442975997924805,80.88203430175781,38.20119094848633,10.74092960357666,4.926321983337402,23.17931365966797,8.764395713806152,36.84166717529297,48.612606048583984,53.72567367553711,51.08843231201172,15.364473342895508,18.27402114868164,24.804790496826172,44.623836517333984,61.094459533691406
2012-08-10,24.183374404907227,18.743642807006836,47.178443908691406,52.35982894897461,25.82526397705078,46.1131477355957,65.83797454833984,27.965736389160156,26.10483169555664,48.75007247924805,13.463661193847656,19.026405334472656,115.69288635253906,26.081953048706055,61.890869140625,11.67573356628418,18.89734649658203,39.1813850402832,51.177223205566406,42.66379928588867,63.47941207885742,39.03269577026367,61.438819885253906,57.939659118652344,79.56409454345703,24.690128326416016,32.05820083618164,20.59109115600586,40.20333480834961,32.708709716796875,61.78358459472656,46.56538391113281,6.096960067749023,19.85077476501465,23.44991111755371,80.4292221069336,38.14484786987305,10.6679105758667,4.931598663330078,23.23068618774414,8.760502815246582,36.96427536010742,48.785247802734375,53.80421829223633,51.069950103759766,15.47067928314209,17.90813446044922,24.86916732788086,44.4034538269043,61.630287170410156
2012-08-13,24.159521102905273,18.993873596191406,47.054718017578125,52.182193756103516,25.839242935180664,45.91288375854492,65.6814193725586,27.87161636352539,26.041885375976562,48.65545654296875,13.339934349060059,18.891923904418945,115.53038787841797,25.87567901611328,61.68035888671875,11.542596817016602,18.82552719116211,39.00416564941406,51.238243103027344,42.44690704345703,63.24385452270508,39.09938049316406,61.422271728515625,57.58948516845703,79.14932250976562,24.645309448242188,31.87990951538086,20.487260818481445,39.882225036621094,32.481082916259766,61.84465789794922,46.7988395690918,6.08120584487915,19.801807403564453,23.540019989013672,80.88982391357422,38.23249053955078,10.624100685119629,4.95797061920166,23.10224723815918,8.78203010559082,36.98362731933594,48.689334869384766,53.93775177001953,50.86643981933594,15.581310272216797,17.901229858398438,24.78548240661621,44.13099670410156,61.93309783935547
2012-08-14,24.11151695251465,19.044832229614258,47.178443908691406,52.21771240234375,25.91606903076172,46.08552551269531,65.7046127319336,27.8653507232666,26.094892501831055,48.82442092895508,13.48615550994873,18.74327278137207,115.11238861083984,25.867429733276367,61.834747314453125,11.42944049835205,18.981990814208984,40.399810791015625,51.182777404785156,42.24446105957031,62.715702056884766,39.05121612548828,61.107669830322266,58.764198303222656,78.9607925415039,24.712526321411133,31.466236114501953,20.59109115600586,40.03820037841797,32.420406341552734,62.00076675415039,46.75716018676758,6.128468036651611,20.1304988861084,23.540019989013672,80.61658477783203,38.20744705200195,10.507271766662598,4.979065418243408,22.935251235961914,8.746806144714355,37.00944519042969,48.70851516723633,53.694252014160156,51.14394760131836,15.683096885681152,17.94640350341797,24.73396873474121,43.46586608886719,62.22040939331055
2012-08-15,24.167530059814453,19.018896102905273,46.9791145324707,52.09932327270508,25.895118713378906,46.023372650146484,65.79225158691406,27.645729064941406,26.07500457763672,49.08125305175781,13.519899368286133,18.594636917114258,115.17623138427734,26.03244972229004,61.6171875,11.54925537109375,19.094839096069336,40.61396026611328,51.315860748291016,42.273380279541016,62.53013229370117,39.08086013793945,60.85779571533203,58.84159469604492,79.03620910644531,24.805892944335938,31.53756332397461,20.688430786132812,40.24003982543945,32.610069274902344,62.10934829711914,47.24072265625,6.1993632316589355,20.270368576049805,23.54695701599121,80.51510620117188,38.564273834228516,10.646005630493164,5.005439281463623,23.016162872314453,8.645049095153809,36.93845748901367,48.964263916015625,53.631404876708984,51.199432373046875,15.545909881591797,18.24527931213379,24.688919067382812,43.84651184082031,58.314674377441406
2012-08-16,24.631677627563477,19.185014724731445,46.876014709472656,52.495994567871094,25.91606903076172,46.2719841003418,66.23062133789062,27.570438385009766,26.20753288269043,49.73006820678711,13.508651733398438,18.821138381958008,116.59270477294922,26.42850685119629,61.371578216552734,12.660911560058594,18.504932403564453,41.5813102722168,51.98128890991211,42.75581359863281,63.22956085205078,39.20310592651367,61.332542419433594,58.4547119140625,79.37557220458984,24.809633255004883,31.915565490722656,20.714391708374023,40.818050384521484,32.435577392578125,62.47587585449219,47.832706451416016,6.246626853942871,19.822790145874023,23.657867431640625,80.79617309570312,39.22163391113281,10.653306007385254,5.058182716369629,22.99027442932129,8.66070556640625,37.13850402832031,49.1961669921875,54.03201675415039,51.458412170410156,15.665390014648438,18.2939395904541,24.77904510498047,44.09093475341797,58.633018493652344
2012-08-17,24.72770118713379,19.539875030517578,46.60108947753906,52.33613586425781,25.832250595092773,46.2719841003418,65.8448715209961,27.193967819213867,26.194278717041016,49.60166549682617,13.379298210144043,18.63709831237793,116.8133316040039,26.56877899169922,61.301429748535156,12.687540054321289,18.463895797729492,41.891456604003906,52.258575439453125,43.294254302978516,64.24309539794922,39.3327522277832,61.55741500854492,58.65167236328125,79.1870346069336,24.619169235229492,32.314945220947266,20.487260818481445,40.64372253417969,32.18519973754883,62.71343994140625,48.016117095947266,6.301767826080322,19.843772888183594,23.588537216186523,80.88203430175781,39.04634094238281,10.653306007385254,5.079282283782959,23.19740104675293,8.62157154083252,37.03523254394531,49.27344512939453,54.44828796386719,51.76675033569336,15.669812202453613,18.189668655395508,24.78548240661621,44.175079345703125,59.743404388427734
2012-08-20,24.59967041015625,20.053613662719727,46.5323486328125,52.0697135925293,26.104679107666016,46.09932327270508,65.76307678222656,27.451217651367188,26.154518127441406,49.561100006103516,13.446786880493164,18.566316604614258,116.39533233642578,26.4367618560791,61.869808197021484,12.60766315460205,18.543407440185547,41.77330017089844,52.064476013183594,43.294254302978516,64.54998016357422,39.24754333496094,61.49077606201172,58.5532112121582,78.92308044433594,24.54820442199707,32.67155838012695,20.571619033813477,40.83638381958008,32.1245002746582,63.337852478027344,47.44083023071289,6.419925212860107,19.75285530090332,23.616268157958984,82.19364166259766,38.87105178833008,10.828548431396484,5.079282283782959,23.32036781311035,8.66070556640625,36.80292892456055,49.24126052856445,54.78603744506836,51.84688949584961,15.568034172058105,18.425994873046875,24.985044479370117,43.73832702636719,60.481048583984375
2012-08-21,24.647680282592773,19.779552459716797,46.587337493896484,51.77960968017578,26.572704315185547,46.1131477355957,65.44745635986328,26.94298553466797,26.01536750793457,49.34482955932617,13.323062896728516,18.48137855529785,115.32136535644531,26.19748306274414,62.11539840698242,12.754103660583496,18.320268630981445,41.58869552612305,51.68739700317383,43.0104866027832,64.44293975830078,39.15493392944336,61.02438735961914,58.46175765991211,78.62140655517578,24.387617111206055,32.543174743652344,20.519710540771484,40.762996673583984,32.02586364746094,63.663612365722656,47.190704345703125,6.451436519622803,19.868253707885742,23.831157684326172,82.22486877441406,38.958683013916016,10.872360229492188,5.02653694152832,23.07441520690918,8.61374282836914,36.54480743408203,48.89341354370117,54.60538101196289,51.90240478515625,15.231710433959961,18.2939395904541,24.86916732788086,43.06117630004883,60.294700622558594
2012-08-22,24.439620971679688,20.1657657623291,46.56671905517578,51.9394645690918,26.426006317138672,46.168399810791016,65.54683685302734,26.92415428161621,25.6906795501709,49.263736724853516,13.328690528869629,18.212400436401367,114.50865936279297,26.156219482421875,62.13644790649414,12.794044494628906,18.4074764251709,41.82499313354492,51.720890045166016,42.84313201904297,63.322364807128906,39.03269577026367,60.6329231262207,58.9963493347168,78.35745239257812,24.477249145507812,32.59309387207031,20.643007278442383,40.99235916137695,31.995512008666992,63.14100646972656,47.37413787841797,6.4750657081604,19.749361038208008,23.692520141601562,81.71739196777344,38.91486740112305,10.850455284118652,5.005439281463623,23.009685516357422,8.594178199768066,36.577064514160156,49.0479850769043,53.67854690551758,51.7050895690918,15.01045036315918,18.259183883666992,24.759737014770508,44.49562072753906,59.813262939453125
2012-08-23,24.21554183959961,19.977638244628906,46.559844970703125,51.690818786621094,26.006887435913086,46.05099105834961,65.04418182373047,26.85514259338379,25.253328323364258,49.108280181884766,13.351181983947754,17.723997116088867,113.60882568359375,26.06545639038086,61.92594528198242,12.734138488769531,18.353612899780273,41.75852966308594,51.33023452758789,42.55207061767578,62.544410705566406,38.788211822509766,58.60072326660156,58.8486328125,77.82953643798828,24.398815155029297,32.34347152709961,20.863656997680664,40.5152702331543,32.170021057128906,62.57768249511719,47.04062271118164,6.419925212860107,19.599010467529297,23.512287139892578,81.25675201416016,38.5955924987793,10.587590217590332,4.984342098236084,23.08088493347168,8.488510131835938,36.24150085449219,48.75169372558594,52.9896354675293,51.439918518066406,14.80246353149414,18.21746826171875,24.676034927368164,43.67021179199219,59.10665512084961
2012-08-24,24.455615997314453,19.995420455932617,46.885833740234375,52.12894058227539,25.964967727661133,46.28580093383789,65.4649658203125,27.05593490600586,25.49187660217285,49.37862777709961,13.503026962280273,17.631982803344727,114.81050872802734,26.362497329711914,62.396087646484375,12.780734062194824,18.494674682617188,42.061302185058594,51.804603576660156,42.46474838256836,62.4301872253418,39.18086242675781,59.20871353149414,59.502845764160156,78.43285369873047,24.58928680419922,32.49324417114258,21.136211395263672,40.82720947265625,33.277767181396484,62.747337341308594,47.93273162841797,6.4278035163879395,20.032596588134766,23.595478057861328,81.94379425048828,39.27172088623047,10.631400108337402,5.005439281463623,23.07441520690918,8.535470962524414,36.37057113647461,48.7774543762207,53.36973190307617,51.58791732788086,15.081257820129395,18.33563804626465,25.133127212524414,43.73432922363281,59.53376007080078
2012-08-27,24.55965232849121,20.371084213256836,46.80952072143555,51.94540023803711,26.006887435913086,46.34796905517578,65.30133819580078,27.01199722290039,25.293087005615234,49.452972412109375,13.435541152954102,17.582439422607422,113.60298156738281,26.26348304748535,62.831172943115234,12.887237548828125,18.59469985961914,41.84715270996094,51.67063903808594,42.48659133911133,61.83068084716797,39.19198989868164,59.45026397705078,59.39026641845703,78.62140655517578,24.544462203979492,32.407657623291016,21.343868255615234,41.05659103393555,33.83163833618164,62.63196563720703,47.87438201904297,6.356908321380615,19.99762725830078,23.58160972595215,82.06869506835938,38.72706985473633,10.609498023986816,4.952695369720459,23.042051315307617,8.609831809997559,36.38347625732422,48.481136322021484,53.140098571777344,51.56324768066406,15.160906791687012,18.36343765258789,25.371315002441406,43.82647705078125,58.446659088134766
2012-08-28,24.511638641357422,20.344547271728516,46.82341384887695,52.158538818359375,25.937036514282227,46.26508712768555,65.66370391845703,26.873973846435547,25.18044662475586,49.41917419433594,13.413043975830078,17.695690155029297,113.12696075439453,26.057209014892578,62.550453186035156,12.794044494628906,18.571619033813477,41.9584846496582,51.50880813598633,42.61028289794922,61.388153076171875,39.39572525024414,59.56684112548828,59.09482955932617,78.47057342529297,24.54820442199707,32.35061264038086,21.389291763305664,41.02906036376953,33.92269515991211,62.767757415771484,47.99111557006836,6.270257472991943,20.1514835357666,23.637065887451172,82.3588638305664,38.852264404296875,10.66061019897461,4.926321983337402,22.912599563598633,8.688103675842285,36.435096740722656,48.04952621459961,52.981727600097656,51.59408187866211,15.271539688110352,18.328685760498047,25.3906307220459,43.63014602661133,57.312950134277344
2012-08-29,24.52764129638672,20.3044490814209,46.72631072998047,52.04012680053711,26.05577850341797,46.18221664428711,65.34223937988281,27.01828384399414,24.82260513305664,49.18939208984375,13.4749116897583,17.46211051940918,113.2489013671875,25.98294448852539,62.90835189819336,12.780734062194824,18.6639404296875,42.18856430053711,51.58135223388672,42.73398208618164,61.44526672363281,39.425376892089844,59.500221252441406,58.8908576965332,78.50828552246094,24.503389358520508,32.40053176879883,21.350358963012695,41.16667556762695,34.27168273925781,62.387657165527344,47.87438201904297,6.301767826080322,20.19693946838379,23.616268157958984,82.75091552734375,38.426570892333984,10.813945770263672,4.915773868560791,22.847875595092773,8.668532371520996,36.36412048339844,47.862709045410156,53.25094985961914,51.48308563232422,15.306940078735352,18.474651336669922,25.474319458007812,43.958702087402344,57.70897674560547
2012-08-30,24.263565063476562,20.0150203704834,46.615325927734375,51.625701904296875,25.776363372802734,46.18913269042969,64.83374786376953,27.05593490600586,24.610565185546875,48.783870697021484,13.407417297363281,17.178972244262695,112.25616455078125,25.71890640258789,62.73151779174805,12.581035614013672,18.530576705932617,42.025272369384766,51.20746612548828,42.28285217285156,60.28902816772461,39.195701599121094,58.98386001586914,58.489891052246094,77.82953643798828,24.42496681213379,32.23649597167969,21.330894470214844,41.90982437133789,34.06684112548828,62.39451599121094,47.66594314575195,6.230874061584473,20.109519958496094,23.47763442993164,82.11576843261719,38.426570892333984,10.879660606384277,4.9105000495910645,22.789630889892578,8.688103675842285,36.2092399597168,47.55350112915039,52.70458221435547,51.47690963745117,15.240559577941895,18.439897537231445,25.326257705688477,43.46987533569336,57.87205123901367
2012-08-31,24.663686752319336,20.056325912475586,46.76791000366211,51.68488693237305,25.944011688232422,46.40320587158203,65.55264282226562,27.01199722290039,24.78285026550293,48.95283889770508,13.418671607971191,17.575359344482422,113.11536407470703,26.114971160888672,63.290199279785156,12.700852394104004,18.62035369873047,42.12178039550781,51.67622756958008,42.53025436401367,60.902809143066406,39.38090896606445,59.466922760009766,59.031497955322266,78.09349060058594,24.477249145507812,32.48610305786133,21.421743392944336,41.992401123046875,34.074424743652344,62.538597106933594,48.60811233520508,6.293890476226807,20.172456741333008,23.588537216186523,82.8999252319336,38.4641227722168,10.952677726745605,4.926321983337402,23.14560890197754,8.719413757324219,36.64805603027344,47.54706573486328,52.965885162353516,51.55091857910156,15.028153419494629,18.592803955078125,25.319814682006836,44.08290100097656,58.32240676879883
2012-09-04,24.319576263427734,20.349674224853516,46.650020599365234,51.57831954956055,25.85319709777832,46.548248291015625,65.00326538085938,27.13749885559082,24.703338623046875,48.986629486083984,13.373680114746094,17.285154342651367,112.93541717529297,26.0489559173584,62.97908020019531,12.647600173950195,18.853742599487305,42.151458740234375,51.16282653808594,41.85354995727539,58.99714279174805,39.7180061340332,59.025508880615234,59.31991195678711,77.33931732177734,24.447368621826172,32.75713348388672,21.506113052368164,41.74469757080078,34.36274337768555,62.120033264160156,48.86655044555664,6.301767826080322,20.284358978271484,23.429107666015625,83.44093322753906,38.808433532714844,11.325068473815918,4.963245868682861,23.106773376464844,8.742891311645508,36.27376937866211,47.476192474365234,52.85503005981445,51.63107681274414,15.222864151000977,18.68317222595215,25.319814682006836,43.341651916503906,57.55366516113281
2012-09-05,24.319576263427734,20.206769943237305,46.65694046020508,51.702667236328125,25.923059463500977,46.4722900390625,64.74024963378906,27.256723403930664,24.855743408203125,48.71290588378906,13.45241641998291,17.263916015625,113.22566223144531,26.461511611938477,62.986148834228516,12.581035614013672,18.864009857177734,41.96590805053711,51.20187759399414,41.7443962097168,59.06139373779297,39.451290130615234,59.900001525878906,59.144081115722656,77.86724090576172,24.5556697845459,32.471858978271484,21.46717643737793,41.73550796508789,34.75728225708008,62.80621337890625,47.682613372802734,6.2702202796936035,20.43471336364746,23.39445686340332,86.20899963378906,38.389015197753906,11.449198722839355,5.047635555267334,23.223285675048828,8.82898998260498,35.40901565551758,46.34246063232422,52.67290115356445,51.38843536376953,15.156486511230469,18.509401321411133,25.100933074951172,43.582061767578125,58.097225189208984
2012-09-06,25.08782196044922,20.388870239257812,47.052276611328125,52.68545913696289,27.026775360107422,47.12836456298828,66.06112670898438,27.758684158325195,25.279830932617188,49.12825012207031,13.688617706298828,17.766477584838867,115.58258056640625,26.92357635498047,64.12476348876953,13.133533477783203,19.18716812133789,42.789794921875,52.05570602416992,42.94499206542969,60.51740646362305,39.81802749633789,60.64957809448242,59.65756607055664,80.35599517822266,24.992637634277344,33.163658142089844,21.739728927612305,42.19424057006836,35.51601028442383,63.69826126098633,47.86604690551758,6.585701942443848,20.801868438720703,24.150007247924805,89.03193664550781,39.6223030090332,11.865397453308105,5.232239246368408,22.783159255981445,9.040324211120605,36.00272750854492,46.34246063232422,53.599369049072266,52.02301788330078,15.306940078735352,19.01679039001465,25.31338119506836,45.27696228027344,59.821048736572266
2012-09-07,24.767717361450195,20.514589309692383,47.08003234863281,53.23602294921875,27.452880859375,47.32173538208008,66.6280517578125,27.63945960998535,25.114179611206055,49.09420394897461,13.632377624511719,17.122352600097656,115.81478881835938,26.89882469177246,64.37229919433594,13.02037525177002,18.933244705200195,42.50032043457031,51.79899978637695,43.58530807495117,62.87985610961914,39.37720489501953,60.70787811279297,59.05966567993164,81.41178894042969,24.90673828125,32.84984588623047,21.609939575195312,42.32268142700195,35.394615173339844,63.252227783203125,48.13285446166992,6.940619945526123,20.721445083618164,24.26091194152832,91.21968078613281,39.6911735534668,12.471451759338379,5.348278045654297,22.6148624420166,8.895516395568848,36.55126190185547,46.76759719848633,53.345985412597656,51.59373474121094,15.165338516235352,18.968135833740234,25.261871337890625,45.333038330078125,60.737300872802734
2012-09-10,24.58366584777832,19.980955123901367,47.28811264038086,52.97553634643555,27.075666427612305,47.314849853515625,66.60467529296875,27.77123260498047,24.955135345458984,48.917179107666016,13.553645133972168,16.464067459106445,116.65653228759766,26.6595458984375,64.57036590576172,12.747454643249512,18.853742599487305,42.53000259399414,50.59919357299805,43.337913513183594,62.16610336303711,38.41407012939453,59.200382232666016,59.122962951660156,80.99700164794922,25.093463897705078,32.94257354736328,21.506113052368164,42.19424057006836,35.29597473144531,63.149288177490234,47.957763671875,6.767106056213379,20.86131477355957,23.976713180541992,89.92585754394531,39.597286224365234,12.128266334533691,5.332454681396484,22.744321823120117,9.020756721496582,36.254417419433594,47.0574951171875,53.09257507324219,51.2453498840332,15.244990348815918,18.933391571044922,25.294069290161133,46.39484405517578,59.93752670288086
2012-09-11,24.639677047729492,19.91613006591797,47.30198287963867,53.05842208862305,27.66244125366211,47.142189025878906,66.73326873779297,27.815153121948242,25.028039932250977,48.740116119384766,13.593011856079102,16.520692825317383,118.00341033935547,26.66779327392578,64.4996109008789,12.674227714538574,18.994808197021484,42.09950256347656,50.878211975097656,43.50526809692383,63.23670959472656,38.088096618652344,59.3586311340332,59.045597076416016,81.41178894042969,25.1457576751709,32.842708587646484,21.778663635253906,42.70802307128906,35.27322769165039,63.29338455200195,47.715965270996094,7.122020721435547,20.738924026489258,23.671724319458008,91.50196838378906,39.69795608520508,12.595582008361816,5.353552341461182,22.72490119934082,9.15772819519043,36.377017974853516,47.37312316894531,53.385562896728516,51.232913970947266,15.21844482421875,18.995943069458008,25.294069290161133,46.42689895629883,60.76060104370117
2012-09-12,24.631677627563477,20.193496704101562,47.26730728149414,53.0169792175293,27.88597297668457,47.03169250488281,66.90858459472656,27.940645217895508,25.051374435424805,47.705135345458984,13.536771774291992,16.414527893066406,118.29364776611328,26.6182861328125,64.23084259033203,12.700852394104004,18.997373580932617,42.34443664550781,50.677303314208984,43.73086166381836,63.60790252685547,38.01401138305664,59.10044479370117,58.489891052246094,82.5430908203125,25.336231231689453,33.14225387573242,21.804624557495117,42.32268142700195,35.318729400634766,63.41691589355469,47.74931716918945,7.074699401855469,20.89278793334961,23.796506881713867,92.71741485595703,39.88680648803711,12.719714164733887,5.385199546813965,22.8867130279541,9.361234664916992,36.48673629760742,47.437538146972656,53.789398193359375,51.22669982910156,14.927071571350098,18.898632049560547,25.300504684448242,46.38682556152344,61.1799201965332
2012-09-13,24.759708404541016,20.59117317199707,47.84990310668945,54.01160430908203,28.919824600219727,47.591087341308594,68.12425994873047,28.28902816772461,25.585092544555664,48.263492584228516,13.638004302978516,16.534852981567383,119.79718780517578,26.915319442749023,64.76129150390625,12.887237548828125,19.271804809570312,43.27223587036133,51.374881744384766,44.4730224609375,64.72127532958984,38.72523880004883,59.616817474365234,58.609474182128906,83.03325653076172,25.87029266357422,33.841190338134766,21.87601089477539,43.3961181640625,35.77396011352539,63.904075622558594,49.23341369628906,7.413844108581543,21.064125061035156,24.642166137695312,94.62289428710938,40.459571838378906,13.070197105407715,5.453765392303467,23.31389617919922,9.345577239990234,37.20302963256836,48.139713287353516,53.0609130859375,51.80526351928711,15.15568733215332,19.03764533996582,25.403512954711914,47.51273727416992,62.406761169433594
2012-09-14,24.97578239440918,20.841415405273438,47.489234924316406,54.645084381103516,29.038591384887695,47.76374435424805,68.52751159667969,27.630260467529297,25.431652069091797,47.97749328613281,13.384925842285156,16.541929244995117,120.05845642089844,27.187620162963867,64.85322570800781,12.973775863647461,19.10765838623047,44.13322830200195,52.446346282958984,44.4002685546875,66.49847412109375,38.43259811401367,59.36697006225586,57.23076629638672,83.37263488769531,25.496814727783203,33.498836517333984,21.570999145507812,43.8548469543457,35.44772720336914,63.48551559448242,49.416831970214844,7.532151222229004,21.686534881591797,25.044198989868164,95.16395568847656,41.42259216308594,13.318456649780273,5.553981781005859,23.31389617919922,9.3142728805542,37.564414978027344,47.463321685791016,52.5224609375,51.438228607177734,14.765695571899414,18.898632049560547,25.036550521850586,47.616920471191406,63.67243194580078
2012-09-17,24.97578239440918,21.097673416137695,47.33665466308594,54.4141960144043,28.77313995361328,47.82590103149414,68.46324157714844,27.870960235595703,25.585092544555664,47.929840087890625,13.508651733398438,16.49946403503418,120.25578308105469,27.311386108398438,65.16442108154297,12.754103660583496,18.976852416992188,43.72499465942383,52.33473205566406,44.90961837768555,65.6562728881836,38.95120620727539,58.23426055908203,57.74425506591797,83.1463623046875,25.81427001953125,33.44892501831055,21.460676193237305,43.28601837158203,35.53119659423828,63.27281951904297,49.341796875,7.33497428894043,23.008291244506836,24.489669799804688,94.01910400390625,40.956825256347656,12.99717903137207,5.480140209197998,23.106773376464844,9.318182945251465,37.62250518798828,47.8176155090332,52.6412467956543,51.64971923828125,14.886730194091797,18.905580520629883,25.08161735534668,47.48068618774414,62.91147994995117
2012-09-18,24.95177459716797,21.161895751953125,47.54474639892578,54.260257720947266,28.822032928466797,47.80519104003906,68.36387634277344,27.9216365814209,25.765226364135742,48.16136169433594,13.503026962280273,16.541929244995117,120.20936584472656,27.24537467956543,65.82923126220703,12.680878639221191,18.96660041809082,43.68790817260742,52.13943099975586,44.66948318481445,66.42711639404297,39.26978302001953,58.67567825317383,57.709083557128906,83.86282348632812,25.735841751098633,33.80553436279297,21.350358963012695,43.533748626708984,35.59187316894531,62.97087478637695,48.91658020019531,7.279762268066406,23.34746742248535,24.565914154052734,94.00338745117188,40.62321090698242,12.87304401397705,5.495960235595703,23.08088493347168,9.247740745544434,37.312744140625,47.35381317138672,52.965885162353516,52.02924346923828,14.922584533691406,18.926433563232422,25.30693244934082,47.059967041015625,63.136661529541016
2012-09-19,24.84774398803711,21.167621612548828,47.57941436767578,53.620853424072266,28.877906799316406,47.83282470703125,68.14764404296875,28.19400405883789,25.69852066040039,48.24305725097656,13.587388038635254,16.386205673217773,119.8378677368164,27.047346115112305,65.65242004394531,12.72747802734375,19.074323654174805,44.140647888183594,52.251033782958984,44.58945083618164,67.04805755615234,39.22533416748047,58.21760559082031,57.476951599121094,84.57929229736328,25.90016746520996,34.026607513427734,21.350358963012695,43.25849914550781,35.553958892822266,63.29338455200195,48.91658020019531,7.327085494995117,23.501323699951172,24.4342041015625,93.32904052734375,40.572872161865234,12.829239845275879,5.585628032684326,23.177968978881836,9.388627052307129,36.98362731933594,47.8433952331543,52.97381591796875,52.489620208740234,14.859833717346191,18.884733200073242,25.764028549194336,46.975826263427734,63.65691375732422
2012-09-20,25.167837142944336,21.065107345581055,47.78746795654297,54.18328857421875,28.815040588378906,48.040000915527344,68.87823486328125,28.434715270996094,25.778575897216797,48.50860595703125,13.727988243103027,16.407445907592773,119.6927261352539,26.6182861328125,65.87873077392578,12.720824241638184,19.17177963256836,43.99962615966797,52.22312927246094,44.05828094482422,66.04885864257812,39.5587272644043,58.17594909667969,57.89198303222656,85.22522735595703,26.090641021728516,34.09794235229492,21.46717643737793,43.06583023071289,35.67533493041992,62.566043853759766,48.64142990112305,7.248217582702637,23.5397891998291,24.39954948425293,92.23906707763672,40.516231536865234,12.566373825073242,5.5065107345581055,23.009685516357422,9.353405952453613,37.164310455322266,46.774044036865234,53.0054931640625,52.881568908691406,15.066030502319336,18.780471801757812,26.03440284729004,47.4286003112793,63.89765548706055
2012-09-21,24.959781646728516,21.107013702392578,47.89845657348633,54.42012405395508,28.55657958984375,47.94331359863281,68.84896850585938,28.447383880615234,25.371620178222656,48.038787841796875,13.789851188659668,16.37204933166504,119.57660675048828,26.791568756103516,66.27477264404297,12.581035614013672,19.094839096069336,44.10353469848633,52.01666259765625,44.03646469116211,65.46356201171875,39.46240234375,58.275909423828125,57.70203399658203,85.60517883300781,26.001008987426758,34.140716552734375,21.811115264892578,43.21262741088867,36.00918197631836,62.64153289794922,48.24123764038086,7.185118675231934,23.693641662597656,24.24012565612793,91.52552032470703,40.35257339477539,12.471451759338379,5.485412120819092,22.72490119934082,9.26731014251709,37.01588439941406,46.303802490234375,52.965885162353516,53.080657958984375,15.267742156982422,18.787424087524414,25.94427490234375,47.11607360839844,64.21599578857422
2012-09-24,24.631677627563477,20.826631546020508,47.85683059692383,54.39642333984375,28.801071166992188,48.178131103515625,68.83729553222656,28.593074798583984,25.431652069091797,48.140926361083984,13.91919994354248,16.13847541809082,119.17605590820312,26.58528709411621,66.27477264404297,12.521126747131348,19.169214248657227,44.081260681152344,52.30685043334961,43.7526741027832,64.8569107055664,39.61429214477539,58.32587814331055,58.32106018066406,84.9592514038086,25.99726676940918,34.28336715698242,21.979829788208008,43.27684020996094,35.96365737915039,62.4699821472168,48.082828521728516,7.1772332191467285,23.483840942382812,24.330230712890625,91.43142700195312,40.365135192871094,12.442246437072754,5.443217754364014,23.087360382080078,9.26731014251709,37.40308380126953,46.40042495727539,52.70458221435547,53.254852294921875,15.334986686706543,19.121051788330078,25.899221420288086,46.80354309082031,64.41012573242188
2012-09-25,24.319576263427734,20.306562423706055,48.078773498535156,54.31355667114258,28.32606315612793,48.06071853637695,68.34049224853516,28.574081420898438,25.13811492919922,47.90259552001953,13.969818115234375,15.954432487487793,118.99607849121094,25.826171875,65.67359924316406,12.427931785583496,19.046106338500977,44.32619857788086,51.804603576660156,43.156009674072266,62.10190963745117,39.50685501098633,57.78449630737305,58.95414352416992,84.76927947998047,25.982324600219727,33.96956253051758,22.04473304748535,42.98325729370117,36.001590728759766,62.785614013671875,47.63259506225586,7.043153285980225,23.529296875,24.066823959350586,89.00054931640625,39.6224365234375,12.120963096618652,5.321905612945557,23.346263885498047,9.185123443603516,37.04816436767578,46.42617416381836,52.09487533569336,53.19264602661133,15.245330810546875,19.225305557250977,25.82196617126465,46.09033203125,63.400691986083984
2012-09-26,24.143524169921875,20.054515838623047,47.85683059692383,54.01160430908203,28.10950469970703,47.86043930053711,67.97229766845703,28.510725021362305,25.191476821899414,47.95026779174805,13.964192390441895,16.032291412353516,118.42718505859375,25.355850219726562,65.91407012939453,12.368019104003906,19.028146743774414,43.9179801940918,51.67063903808594,43.2505989074707,62.059085845947266,39.54389572143555,58.50910186767578,58.70793914794922,83.97134399414062,25.840417861938477,34.11221694946289,21.84356689453125,42.87316131591797,35.81190490722656,63.06697463989258,46.80717468261719,6.956393718719482,23.099205017089844,23.858871459960938,88.67124938964844,39.38325881958008,11.996833801269531,5.279710292816162,23.184450149536133,9.204690933227539,36.79003143310547,46.239376068115234,52.411598205566406,53.10554885864258,15.317057609558105,19.100202560424805,25.718965530395508,45.918033599853516,63.57246780395508
2012-09-27,24.135522842407227,20.541128158569336,47.86376953125,54.34906005859375,28.416881561279297,47.86043930053711,68.4983139038086,28.650081634521484,25.558422088623047,48.10005187988281,14.037304878234863,16.34373664855957,119.53599548339844,25.76016616821289,65.96357727050781,12.514466285705566,18.97429084777832,44.44496536254883,51.79899978637695,43.832706451416016,62.03766632080078,39.76615524291992,58.384159088134766,59.256614685058594,86.36511993408203,25.888967514038086,34.40462112426758,21.96685791015625,43.13923263549805,36.145748138427734,63.444358825683594,47.165679931640625,7.074699401855469,23.302011489868164,24.09454917907715,90.35710906982422,39.83015060424805,12.296209335327148,5.284985065460205,23.689298629760742,9.228174209594727,37.03523254394531,46.393978118896484,52.633304595947266,53.31084060668945,15.196029663085938,19.155803680419922,25.680334091186523,46.170475006103516,64.11128234863281
2012-09-28,23.81541633605957,20.112401962280273,47.79440689086914,54.14186096191406,28.277158737182617,47.901878356933594,68.12425994873047,28.567733764648438,25.30489730834961,48.18858337402344,13.97543716430664,16.03937530517578,120.42996215820312,25.958187103271484,64.88861846923828,12.714164733886719,18.928125381469727,44.80864334106445,51.575782775878906,43.47617721557617,61.40957260131836,39.7180061340332,57.96773910522461,59.29178237915039,86.28912353515625,25.605125427246094,34.53299331665039,21.901966094970703,43.27684020996094,35.97124099731445,64.0756607055664,47.40747833251953,6.96428108215332,23.193614959716797,23.93512535095215,89.1417236328125,39.842735290527344,12.223189353942871,5.200593948364258,23.585737228393555,9.212518692016602,36.899742126464844,46.104087829589844,52.60163116455078,53.3668327331543,14.967413902282715,18.891679763793945,25.654582977294922,46.014190673828125,64.40023040771484
2012-10-01,23.59935188293457,19.87995719909668,47.94698715209961,54.34906005859375,28.61944580078125,47.96403884887695,68.52751159667969,28.643747329711914,25.60511589050293,48.10687255859375,14.082291603088379,16.110153198242188,122.18315887451172,26.131465911865234,65.05831909179688,12.674227714538574,18.992244720458984,44.95711135864258,52.061302185058594,44.24019241333008,61.00273513793945,40.003238677978516,58.30922317504883,59.84749221801758,86.66909790039062,25.799331665039062,34.71127700805664,22.005796432495117,44.12091827392578,36.09263610839844,64.11682891845703,48.13285446166992,7.066815376281738,23.581754684448242,24.052967071533203,91.6352767944336,39.773502349853516,12.259698867797852,5.237514972686768,23.915843963623047,9.306445121765137,37.04816436767578,46.38754653930664,53.512264251708984,53.77122497558594,15.079479217529297,19.301769256591797,25.731830596923828,46.29868698120117,64.50174713134766
2012-10-02,23.735401153564453,19.93783950805664,47.82910919189453,54.301700592041016,28.58452796936035,47.50821304321289,68.94248962402344,28.80211067199707,25.57842445373535,48.08644485473633,14.127286911010742,16.16678237915039,121.81743621826172,26.114971160888672,64.30870056152344,12.6541109085083,18.915300369262695,44.77896499633789,52.200809478759766,44.71315383911133,61.00273513793945,39.97731399536133,57.90944290161133,60.740848541259766,86.59312438964844,25.597660064697266,34.582908630371094,22.03174591064453,44.61634063720703,36.37336349487305,63.9246940612793,47.674285888671875,7.043153285980225,24.190174102783203,24.136144638061523,91.94110870361328,39.439910888671875,12.347320556640625,5.163671970367432,23.88994789123535,9.271222114562988,37.0223388671875,46.393978118896484,53.73396301269531,53.73390579223633,15.11982250213623,19.378217697143555,25.828397750854492,45.93004608154297,64.20502471923828
2012-10-03,23.89543914794922,20.243545532226562,47.85683059692383,54.28985595703125,28.753406524658203,47.77064895629883,67.87879180908203,28.998477935791016,25.511714935302734,48.140926361083984,14.239768028259277,15.961506843566895,122.20639038085938,26.255229949951172,63.89845657348633,12.694343566894531,19.030723571777344,45.84779357910156,52.33473205566406,44.35660934448242,60.867122650146484,40.01805114746094,58.184295654296875,61.057395935058594,87.04904174804688,26.07943344116211,34.8467903137207,21.99897575378418,44.82736587524414,36.654090881347656,63.876644134521484,48.025699615478516,7.185118675231934,24.47690200805664,24.565914154052734,92.45864868164062,39.53430938720703,12.434945106506348,5.242788791656494,23.533954620361328,9.310355186462402,36.63514709472656,47.276493072509766,53.90816879272461,53.78367233276367,15.263264656066895,19.433835983276367,25.8605899810791,46.723388671875,63.96295166015625
2012-10-04,24.031482696533203,20.103357315063477,48.04409408569336,54.597721099853516,29.42896842956543,47.91569519042969,68.4690933227539,29.213848114013672,25.57175636291504,48.25666046142578,14.256633758544922,15.904886245727539,122.13676452636719,26.321245193481445,64.37937927246094,12.674225807189941,19.16408348083496,45.82551956176758,52.697486877441406,44.582176208496094,61.35246276855469,40.17734909057617,58.250911712646484,60.768978118896484,87.2010269165039,26.43423080444336,34.86106491088867,22.08420181274414,45.120948791503906,36.99553298950195,64.85790252685547,48.837276458740234,7.421729564666748,24.361509323120117,24.933290481567383,94.01910400390625,40.01268005371094,12.756218910217285,5.332454681396484,23.54043197631836,9.271222114562988,37.04171371459961,47.00595474243164,54.47039031982422,53.995201110839844,15.240852355957031,19.565889358520508,25.957151412963867,46.88766860961914,64.68135833740234
2012-10-05,23.887449264526367,19.67494010925293,48.307655334472656,54.79311752319336,29.351566314697266,48.08832931518555,68.67364501953125,29.31519317626953,25.738548278808594,48.41328430175781,14.352241516113281,16.053529739379883,122.2528076171875,25.900432586669922,64.35816192626953,12.647404670715332,19.269237518310547,46.9091796875,52.993247985839844,44.69860076904297,60.97420120239258,40.17363739013672,59.04214096069336,61.155860900878906,87.84695434570312,26.74421501159668,34.8467903137207,22.051416397094727,44.81818771362305,36.59339904785156,64.75495910644531,48.99624252319336,7.350747108459473,24.277584075927734,24.843175888061523,93.55644226074219,40.151153564453125,12.778127670288086,5.358826160430908,23.385095596313477,9.302529335021973,37.15787124633789,47.08969497680664,54.961334228515625,54.05740737915039,15.240852355957031,19.60759735107422,25.996097564697266,47.25631332397461,64.6423110961914
2012-10-08,23.831424713134766,19.240188598632812,48.162017822265625,54.87004852294922,29.31637954711914,47.7223014831543,68.74378204345703,29.353199005126953,25.738548278808594,48.47457504272461,14.28475570678711,15.933196067810059,121.80581665039062,25.727157592773438,64.74009704589844,12.674225807189941,19.300012588500977,45.92943572998047,53.22205352783203,44.58945083618164,60.9813346862793,40.18846893310547,58.77564239501953,60.522769927978516,87.0870361328125,26.635910034179688,34.68276596069336,21.99897575378418,44.90993881225586,38.52814865112305,64.50794982910156,49.213775634765625,7.319199085235596,24.41046142578125,24.81545639038086,93.67407989501953,40.446983337402344,12.74161434173584,5.300808906555176,23.24917221069336,9.322099685668945,37.18368148803711,47.51485824584961,54.70793533325195,53.90810775756836,15.231882095336914,19.684051513671875,25.840316772460938,47.16817092895508,64.6344985961914
2012-10-09,23.431304931640625,19.170242309570312,47.44762420654297,54.54441833496094,29.11934471130371,47.446048736572266,68.59180450439453,29.24551010131836,25.725208282470703,48.42010498046875,14.23413372039795,15.501420021057129,120.7435073852539,25.28985023498535,65.1432113647461,12.607170104980469,19.015331268310547,45.23914337158203,52.42404556274414,44.15286636352539,60.488826751708984,39.79579162597656,58.833919525146484,60.09368133544922,85.94715118408203,26.479040145874023,34.24769973754883,21.782655715942383,45.120948791503906,39.30961990356445,64.30895233154297,48.72850799560547,7.263988971710205,24.050304412841797,24.330230712890625,93.80738830566406,40.283329010009766,12.668599128723145,5.3271803855896,23.042051315307617,9.212518692016602,37.29983901977539,47.03815841674805,54.63666915893555,53.547245025634766,15.02568531036377,19.670150756835938,25.64558982849121,46.3627815246582,63.822364807128906
2012-10-10,23.191225051879883,19.322795867919922,47.31583786010742,53.893192291259766,29.393781661987305,47.05931854248047,65.72212982177734,28.88444709777832,25.41164207458496,47.86174011230469,14.1497802734375,15.402329444885254,119.48374938964844,25.281578063964844,65.34830474853516,12.278573036193848,19.343626022338867,44.341064453125,52.05570602416992,43.832706451416016,59.35400390625,39.89210510253906,58.584068298339844,59.54501724243164,85.22522735595703,26.281108856201172,34.2762336730957,21.802326202392578,44.74479293823242,38.11085510253906,63.61590576171875,48.50260543823242,7.263988971710205,23.648189544677734,24.420347213745117,94.16024017333984,40.08192825317383,12.705106735229492,5.263885974884033,23.061473846435547,9.118592262268066,36.93845748901367,46.54857635498047,54.011112213134766,53.497474670410156,14.945006370544434,19.524185180664062,25.69103240966797,46.222557067871094,63.400691986083984
2012-10-11,23.16721534729004,18.936594009399414,47.1424446105957,53.976078033447266,29.626008987426758,46.962615966796875,66.07865142822266,28.789440155029297,25.424983978271484,47.541717529296875,14.127286911010742,15.345705032348633,119.44889831542969,25.397319793701172,65.32000732421875,12.245047569274902,19.238466262817383,43.799232482910156,51.804603576660156,43.869102478027344,59.13275909423828,40.01805114746094,58.9921760559082,59.51688003540039,85.5291748046875,26.115581512451172,33.94816589355469,21.599119186401367,46.0017204284668,38.39158630371094,63.62274932861328,48.920955657958984,7.366522312164307,23.732105255126953,24.385692596435547,95.65792083740234,40.44068908691406,13.040987014770508,5.348278045654297,23.365663528442383,9.126418113708496,36.97110366821289,46.574344635009766,54.35160827636719,53.497474670410156,14.66259765625,19.48248863220215,25.639102935791016,46.262611389160156,64.32215118408203
2012-10-12,23.367271423339844,18.985130310058594,47.1424446105957,53.893192291259766,29.288240432739258,46.92119598388672,65.50003814697266,28.897117614746094,25.50504493713379,47.69833755493164,14.127286911010742,15.204137802124023,120.6331558227539,25.628808975219727,65.42609405517578,12.345635414123535,19.44364356994629,44.20745849609375,51.75992965698242,43.80361557006836,59.11136245727539,39.9661979675293,59.84170150756836,59.087799072265625,85.41520690917969,26.062915802001953,33.577308654785156,21.69089126586914,45.60720443725586,38.277767181396484,63.787479400634766,48.43565368652344,7.193005561828613,23.75658416748047,23.741043090820312,94.25432586669922,40.03157043457031,12.639394760131836,5.337728500366211,23.26211929321289,9.122505187988281,36.6707878112793,46.45194625854492,54.49412155151367,53.28596496582031,14.846380233764648,19.496379852294922,25.43788719177246,45.76978302001953,64.37678527832031
2012-10-15,23.615358352661133,19.137386322021484,47.57941436767578,54.17738342285156,29.823047637939453,47.45296096801758,65.9383773803711,29.511558532714844,25.438325881958008,47.895782470703125,14.380359649658203,15.381089210510254,121.28913879394531,25.8768253326416,66.126220703125,12.439516067504883,19.78732681274414,45.01648712158203,51.78226089477539,44.276573181152344,59.104209899902344,40.17734909057617,60.17486572265625,60.649375915527344,86.02313232421875,27.10498046875,33.57016372680664,22.241514205932617,45.85491943359375,39.855934143066406,63.471778869628906,48.184669494628906,7.445394515991211,23.5397891998291,23.498432159423828,97.62615203857422,40.33997344970703,12.960668563842773,5.390471935272217,23.410982131958008,9.169466972351074,37.07555389404297,46.76115798950195,55.000911712646484,53.671695709228516,14.868796348571777,19.5311336517334,25.509294509887695,46.53507614135742,64.99369812011719
2012-10-16,23.59935188293457,19.59052085876465,48.23829650878906,54.692440032958984,30.139713287353516,47.65326690673828,66.68065643310547,29.878942489624023,25.28488540649414,47.868553161621094,14.50970458984375,15.819944381713867,122.49085998535156,26.348068237304688,66.54352569580078,12.640700340270996,19.725770950317383,45.17235565185547,52.585872650146484,44.76408767700195,60.63872528076172,40.22549819946289,61.199275970458984,61.92962646484375,86.02313232421875,27.13507080078125,33.44892501831055,22.372621536254883,46.18519973754883,40.713279724121094,64.06878662109375,49.05481719970703,7.461163520812988,23.910442352294922,23.380592346191406,96.62246704101562,40.937931060791016,13.048295021057129,5.4326701164245605,23.54043197631836,9.560822486877441,37.61742401123047,47.09614181518555,55.71356964111328,53.914329528808594,14.909133911132812,19.969024658203125,25.76892852783203,47.20823669433594,66.03228759765625
2012-10-17,23.67937660217285,19.434343338012695,49.243980407714844,55.29038619995117,30.484529495239258,48.37183380126953,67.3177261352539,30.018293380737305,25.17814064025879,47.73236083984375,14.532212257385254,15.423563957214355,116.47080993652344,25.81895637512207,66.2535400390625,12.546812057495117,19.756549835205078,45.56574249267578,52.90953826904297,45.0333137512207,61.83068084716797,40.9589729309082,61.32420349121094,62.74559783935547,87.04904174804688,25.972627639770508,33.270626068115234,22.5365047454834,45.588871002197266,40.72086715698242,64.21288299560547,49.673946380615234,7.445394515991211,24.32304573059082,23.893543243408203,97.95551300048828,41.44776916503906,13.500996589660645,5.490688323974609,23.1909236907959,9.787814140319824,37.94383239746094,47.21208953857422,55.903594970703125,54.39958572387695,15.016716957092285,20.226192474365234,26.009084701538086,47.669010162353516,67.00838470458984
2012-10-18,23.607357025146484,19.073469161987305,50.2982292175293,55.34368896484375,30.266382217407227,48.37183380126953,67.00794219970703,30.37933921813965,25.244855880737305,48.18178176879883,14.644688606262207,15.338622093200684,113.1791763305664,25.728017807006836,65.67359924316406,12.479753494262695,19.635995864868164,45.870052337646484,52.870487213134766,44.691307067871094,62.19685745239258,40.97748947143555,61.84891891479492,63.1606330871582,86.66909790039062,25.069751739501953,33.34434127807617,22.47750473022461,46.0017204284668,40.82709884643555,64.72067260742188,48.20138931274414,7.469052791595459,23.878971099853516,23.962852478027344,98.13587188720703,41.80026626586914,12.989875793457031,5.501236915588379,23.372146606445312,9.862164497375488,38.041778564453125,47.41822814941406,56.32326889038086,54.548912048339844,14.832926750183105,20.20534324645996,26.288190841674805,47.71709060668945,67.82835388183594
2012-10-19,22.919137954711914,18.386075973510742,49.84046173095703,54.55628967285156,29.780811309814453,47.74515151977539,66.26567077636719,29.79026222229004,24.951309204101562,47.58258056640625,14.48721694946289,15.055490493774414,112.25038146972656,25.198904037475586,62.74568176269531,12.097518920898438,19.394912719726562,45.936851501464844,51.865997314453125,45.46989440917969,60.215087890625,40.135589599609375,61.64070510864258,61.31060028076172,83.70538330078125,24.885406494140625,33.06521987915039,22.16285514831543,45.561336517333984,40.1063117980957,63.73944091796875,47.57386779785156,7.445394515991211,23.284528732299805,23.80342674255371,96.93610382080078,41.13306427001953,12.800032615661621,5.369374752044678,23.16502571105957,9.834770202636719,37.50643539428711,46.574344635009766,55.64228439331055,54.051204681396484,14.626734733581543,19.823068618774414,25.9571590423584,47.172149658203125,66.36805725097656
2012-10-22,22.406982421875,19.115373611450195,49.784976959228516,54.57997131347656,29.618980407714844,47.6964111328125,65.89163970947266,29.441871643066406,24.8378963470459,47.391910552978516,14.397234916687012,15.189979553222656,112.85415649414062,25.463459014892578,62.554725646972656,12.198105812072754,19.402606964111328,46.04819107055664,51.63718032836914,45.31709671020508,61.091102600097656,40.11695098876953,61.382511138916016,61.760799407958984,82.45150756835938,24.75751495361328,33.10817337036133,22.313623428344727,46.1760368347168,39.666229248046875,63.657081604003906,47.473480224609375,7.532151222229004,23.211095809936523,23.914337158203125,96.26959228515625,40.9316520690918,12.74161434173584,5.364099502563477,23.51454734802246,9.920872688293457,37.23874282836914,46.097652435302734,55.586891174316406,53.83964920043945,14.756732940673828,19.489429473876953,25.846803665161133,47.16014099121094,67.07087707519531
2012-10-23,22.446992874145508,18.4921932220459,49.167694091796875,53.38996505737305,29.084152221679688,46.95835494995117,63.9278564453125,29.068153381347656,24.424266815185547,46.656517028808594,14.166651725769043,15.281994819641113,111.0254898071289,25.289846420288086,62.208194732666016,12.077399253845215,19.174339294433594,45.832942962646484,49.51655960083008,44.78591537475586,60.014007568359375,39.684818267822266,60.64957809448242,61.42317199707031,80.85566711425781,24.588226318359375,32.836204528808594,21.789213180541992,45.72648239135742,39.38551330566406,63.09440994262695,46.3355827331543,7.382295608520508,22.69708824157715,23.47763442993164,93.31334686279297,40.72392654418945,12.493364334106445,5.2744364738464355,22.906124114990234,9.830862045288086,36.59896469116211,47.49553298950195,55.159297943115234,53.46638870239258,14.501220703125,18.968135833740234,25.626115798950195,46.2946662902832,66.3992919921875
2012-10-24,22.32695198059082,18.59681510925293,49.063655853271484,53.212345123291016,29.351566314697266,47.40397644042969,64.12073516845703,29.06180763244629,24.604394912719727,46.574798583984375,14.23413372039795,15.189979553222656,110.71782684326172,25.298118591308594,61.7272834777832,11.654921531677246,19.189735412597656,45.48409652709961,49.32679748535156,44.4002685546875,59.40367889404297,39.696006774902344,60.55797576904297,61.549781799316406,80.77969360351562,24.6634578704834,32.88630676269531,21.6646728515625,46.0017204284668,38.31571578979492,64.4461898803711,46.210079193115234,7.342860698699951,23.89645004272461,23.3736572265625,93.91714477539062,40.38404083251953,12.544471740722656,5.364099502563477,22.94495964050293,9.787814140319824,36.52714157104492,47.10258483886719,54.89796829223633,52.39631271362305,14.402606010437012,18.717912673950195,25.69103240966797,46.947776794433594,65.83706665039062
2012-10-25,22.310949325561523,18.377025604248047,49.341094970703125,53.537986755371094,29.323402404785156,48.789615631103516,64.85128784179688,29.327857971191406,24.744495391845703,46.908451080322266,14.40285873413086,15.352777481079102,111.22866821289062,25.513063430786133,61.76262664794922,11.534218788146973,19.31796646118164,44.89030456542969,49.00311279296875,44.69860076904297,59.978111267089844,38.96586990356445,59.58351516723633,61.936676025390625,80.77969360351562,24.746219635009766,33.000816345214844,22.110410690307617,46.21273422241211,38.755775451660156,64.19229125976562,46.385780334472656,7.287651538848877,23.560766220092773,23.609338760375977,93.87793731689453,40.74913024902344,12.486058235168457,5.480140209197998,22.867292404174805,9.924788475036621,37.317115783691406,47.15410614013672,54.66835021972656,51.53774642944336,14.389155387878418,18.759620666503906,25.90522003173828,46.486995697021484,66.13382720947266
2012-10-26,22.57503318786621,18.21000099182129,49.17463684082031,53.650474548339844,28.964509963989258,48.35095977783203,64.97989654541016,29.232847213745117,24.711137771606445,46.969757080078125,14.301623344421387,15.53681468963623,112.1980972290039,25.62053680419922,61.324134826660156,11.59457015991211,19.264108657836914,44.56372833251953,49.12590026855469,44.74224853515625,60.49509811401367,38.69392395019531,59.225372314453125,61.64122009277344,80.20975494384766,24.63336944580078,32.96503448486328,22.038307189941406,45.5980339050293,38.09566879272461,63.705108642578125,46.645164489746094,7.193005561828613,23.452373504638672,23.54695701599121,93.65838623046875,40.80576705932617,12.442246437072754,5.464316368103027,22.77667999267578,9.85434341430664,37.4150276184082,47.03815841674805,53.86067581176758,51.48175048828125,14.23674488067627,18.80132484436035,25.86628532409668,46.527069091796875,66.74290466308594
2012-10-31,22.83911895751953,17.948301315307617,49.119163513183594,53.976078033447266,29.330448150634766,48.2116813659668,64.43045806884766,28.90345573425293,24.80453872680664,47.146785736083984,13.986685752868652,15.310312271118164,112.92961883544922,25.6949520111084,61.387786865234375,11.500686645507812,19.241031646728516,45.55831527709961,48.885929107666016,44.56034851074219,60.8972053527832,39.099979400634766,58.667362213134766,60.839324951171875,80.01974487304688,24.640888214111328,33.208370208740234,21.795774459838867,46.790740966796875,36.89689254760742,64.27460479736328,46.8292350769043,7.350747108459473,23.490829467773438,23.352861404418945,95.97161102294922,40.83723068237305,12.727848052978516,5.914816379547119,22.802568435668945,9.86999797821045,37.76757049560547,47.18632888793945,54.39119338989258,51.91725158691406,14.254680633544922,18.65536117553711,26.01557731628418,46.91172409057617,66.71944427490234
2012-11-01,23.623361587524414,17.98509407043457,49.59080123901367,54.23066711425781,30.14676284790039,48.21864318847656,65.14351654052734,29.099817276000977,24.90460777282715,47.282962799072266,13.806717872619629,15.756244659423828,114.45059204101562,26.0256404876709,61.387786865234375,11.74210262298584,18.83835220336914,46.21147537231445,49.80673599243164,45.57175827026367,62.93645477294922,39.43896484375,58.95885467529297,61.345787048339844,81.08367919921875,24.622081756591797,33.27277374267578,21.946533203125,48.87338638305664,37.253475189208984,64.6314468383789,47.565521240234375,7.682002544403076,23.60272789001465,23.609338760375977,97.90061950683594,41.43519973754883,12.89628791809082,5.9625163078308105,22.97732925415039,9.783894538879395,38.13970947265625,47.60505294799805,54.57331848144531,52.11012649536133,14.330883026123047,18.83608055114746,26.080486297607422,48.80293655395508,67.83617401123047
2012-11-02,23.607357025146484,17.38994789123535,49.17463684082031,53.44325256347656,29.851192474365234,48.17687225341797,63.33753967285156,29.1378231048584,24.73781967163086,47.01740264892578,13.806717872619629,15.614681243896484,112.2910385131836,25.802419662475586,61.430206298828125,11.634806632995605,18.6639404296875,46.03335189819336,49.65048599243164,45.42622375488281,61.60090255737305,39.099979400634766,58.342529296875,60.811187744140625,80.96966552734375,24.437747955322266,33.322872161865234,21.749889373779297,48.70823669433594,36.836185455322266,64.30895233154297,47.44838333129883,7.768761157989502,23.4313907623291,23.387531280517578,96.64598083496094,40.90645980834961,13.02078628540039,5.920116424560547,22.582502365112305,9.75650405883789,37.63699722290039,47.33446502685547,54.62083053588867,51.84881591796875,14.209856986999512,18.662311553955078,25.840316772460938,48.04966354370117,66.84445190429688
2012-11-05,23.71138572692871,17.62571144104004,49.09834289550781,53.656375885009766,29.74563217163086,47.81478500366211,63.816810607910156,28.92878532409668,24.5310115814209,46.98334503173828,13.823592185974121,15.61824893951416,112.70318603515625,25.835493087768555,61.85456085205078,11.668335914611816,18.758846282958984,46.3005485534668,50.002079010009766,45.69544982910156,62.30457305908203,39.20054244995117,58.64238739013672,60.740848541259766,81.349609375,24.46784210205078,33.37296676635742,21.69089126586914,48.900909423828125,37.01068878173828,64.56968688964844,47.155540466308594,7.689888954162598,23.441877365112305,23.58160972595215,97.29681396484375,41.26524353027344,12.998810768127441,5.9625163078308105,22.058229446411133,9.75650405883789,37.558658599853516,47.31514358520508,54.60499572753906,51.71818542480469,14.290541648864746,18.48854637145996,25.814355850219727,48.794921875,67.07087707519531
2012-11-06,23.89543914794922,17.57234764099121,49.25093078613281,54.23656463623047,30.17489242553711,47.995826721191406,64.50064849853516,29.087154388427734,24.964656829833984,47.22168731689453,13.896702766418457,15.539584159851074,113.24305725097656,26.14965057373047,62.21527099609375,11.721985816955566,18.917865753173828,46.478675842285156,50.705204010009766,46.22663879394531,63.245208740234375,39.3532829284668,59.9832763671875,61.40205764770508,82.03353118896484,24.385074615478516,33.55190658569336,21.80888557434082,48.91008758544922,37.01068878173828,65.0980453491211,47.8499641418457,7.839743137359619,23.592239379882812,23.7895565032959,98.99842071533203,41.71213150024414,13.321038246154785,6.052617073059082,21.967622756958008,9.826947212219238,38.00914001464844,47.3924674987793,55.33348083496094,51.90481948852539,14.317439079284668,18.509401321411133,25.833829879760742,49.359859466552734,67.23486328125
2012-11-07,23.27124786376953,16.89998435974121,48.7862434387207,52.532752990722656,28.485990524291992,47.39004898071289,62.834903717041016,28.162343978881836,24.497652053833008,46.97654724121094,13.71512222290039,14.9531888961792,111.45890045166016,25.45519256591797,61.430206298828125,11.540922164916992,18.75115394592285,46.01106643676758,49.8792839050293,45.2006721496582,61.04801559448242,39.10369110107422,58.75144958496094,60.03038787841797,80.28572082519531,24.272220611572266,33.415916442871094,21.382793426513672,48.58897399902344,36.55546188354492,62.54547119140625,46.49455642700195,7.279762268066406,22.88590431213379,22.959367752075195,92.51351928710938,40.258155822753906,12.178606033325195,5.861814022064209,21.820796966552734,9.643009185791016,37.06248092651367,47.025272369384766,52.81544494628906,51.69328308105469,14.0753755569458,18.071516036987305,25.781902313232422,48.570770263671875,65.69651794433594
2012-11-08,23.0551815032959,16.28667640686035,48.307655334472656,51.871482849121094,28.429706573486328,46.58930206298828,61.87639236450195,27.76961898803711,24.257476806640625,46.84035873413086,13.709446907043457,14.895983695983887,110.84085845947266,25.149301528930664,60.20671081542969,11.286096572875977,18.589576721191406,45.17235565185547,49.41609191894531,44.6039924621582,60.07145309448242,38.7684326171875,59.48051071166992,59.60832214355469,79.3738021850586,23.8809757232666,33.22983169555664,21.055038452148438,47.928401947021484,36.016761779785156,61.70146179199219,46.48619842529297,7.40595817565918,22.676109313964844,22.568693161010742,90.38851165771484,39.93085861206055,12.098052978515625,5.7770161628723145,21.383590698242188,9.603874206542969,36.46840286254883,46.76115798950195,51.80189514160156,51.38843536376953,14.021580696105957,17.7031307220459,25.515771865844727,47.35085678100586,65.27482604980469
2012-11-09,23.071189880371094,16.568647384643555,48.46025085449219,51.95487976074219,28.58452033996582,46.65892791748047,61.85889434814453,27.902645111083984,24.21077537536621,46.881229400634766,13.71512222290039,14.874526023864746,110.57262420654297,25.091428756713867,59.930885314941406,11.279390335083008,18.545963287353516,45.24657440185547,49.56120681762695,44.26200866699219,60.99775314331055,38.69392395019531,61.38273239135742,59.910797119140625,79.79178619384766,24.39260482788086,33.17974853515625,21.127145767211914,47.387088775634766,36.016761779785156,61.742637634277344,46.71210479736328,7.437506198883057,22.732051849365234,22.568693161010742,91.07856750488281,39.88050842285156,12.163958549499512,5.7929158210754395,21.311817169189453,9.66649341583252,36.34435272216797,46.54213333129883,51.94442367553711,51.71818542480469,14.111239433288574,17.64752960205078,25.554716110229492,47.25824737548828,65.82144927978516
2012-11-12,22.58303451538086,16.44054412841797,48.32847595214844,52.02040100097656,28.556385040283203,46.70767593383789,61.9114875793457,27.88363265991211,24.070676803588867,46.71780776977539,13.68108081817627,14.853070259094238,110.34522247314453,25.05008888244629,60.029903411865234,11.30621337890625,18.589576721191406,45.39501953125,49.76768493652344,44.70587158203125,61.16286849975586,38.85783386230469,61.751441955566406,60.15701675415039,79.3738021850586,24.403886795043945,33.10100555419922,20.937049865722656,46.864139556884766,36.646507263183594,61.6259651184082,46.45271682739258,7.40595817565918,25.851110458374023,22.582643508911133,91.93327331542969,40.09450149536133,12.281131744384766,5.81411600112915,21.377071380615234,9.748677253723145,36.32476806640625,46.574344635009766,51.78605270385742,52.03547286987305,13.940898895263672,17.557172775268555,25.44437599182129,47.294498443603516,66.9068603515625
2012-11-13,21.856887817382812,16.442651748657227,48.21056365966797,51.514015197753906,28.176380157470703,46.54751968383789,61.531593322753906,27.66826820373535,24.12405014038086,46.69739532470703,13.647027969360352,14.502660751342773,109.80299377441406,24.81861114501953,59.860164642333984,11.299509048461914,18.41773223876953,47.04277801513672,49.711875915527344,44.56034851074219,59.78426742553711,38.846649169921875,61.474918365478516,60.58790588378906,78.57593536376953,24.33240509033203,33.08668899536133,20.891164779663086,46.83661651611328,36.13294982910156,61.879878997802734,45.80011749267578,7.358634948730469,25.417512893676758,22.338470458984375,91.32948303222656,40.32738494873047,12.098052978515625,5.830015659332275,21.2335147857666,9.75261402130127,36.13543701171875,46.290916442871094,51.762298583984375,52.502071380615234,13.976757049560547,17.42068862915039,25.541736602783203,47.28643798828125,66.9146957397461
2012-11-14,21.655181884765625,16.26032829284668,48.04409408569336,51.27574157714844,27.648590087890625,46.32470703125,60.42332077026367,27.269207000732422,24.023969650268555,46.418212890625,13.510841369628906,14.273822784423828,108.16458892822266,24.45484161376953,59.84602355957031,11.842691421508789,18.28949546813965,45.62511444091797,48.72410583496094,43.62897491455078,58.233272552490234,38.567264556884766,59.740264892578125,59.351707458496094,76.0301742553711,23.978782653808594,32.49982833862305,20.635509490966797,45.53382110595703,35.42776870727539,60.459468841552734,44.88812255859375,7.0904741287231445,25.277647018432617,21.926856994628906,89.5808334350586,39.80496597290039,11.783150672912598,5.655115604400635,21.05080795288086,9.63449478149414,35.75679397583008,45.285987854003906,50.35283660888672,52.17234802246094,13.80194091796875,17.16872215270996,25.872770309448242,46.82746887207031,66.1728515625
2012-11-15,21.509960174560547,15.919303894042969,47.90538024902344,51.31745529174805,27.718963623046875,46.17848205566406,59.904579162597656,27.110841751098633,24.304176330566406,46.43182373046875,13.425724983215332,14.323885917663574,108.36283111572266,24.760732650756836,59.44290542602539,12.030460357666016,17.62520980834961,45.46181869506836,49.120323181152344,43.170555114746094,58.37689208984375,38.65667724609375,59.53077697753906,59.44355010986328,76.22015380859375,23.775638580322266,31.99168586730957,20.196319580078125,46.671485900878906,35.228485107421875,60.095794677734375,44.87975311279297,7.169345855712891,25.48744773864746,22.02452850341797,90.52178192138672,39.91826629638672,11.90764331817627,5.602116107940674,21.031230926513672,9.59906005859375,35.63926315307617,45.6756591796875,50.067771911621094,52.1536979675293,13.667457580566406,17.133731842041016,25.879262924194336,46.40069580078125,66.6804428100586
2012-11-16,21.39700698852539,15.981689453125,47.988624572753906,51.50211715698242,27.817485809326172,46.526641845703125,60.3643913269043,27.281871795654297,24.390901565551758,46.513519287109375,13.539215087890625,14.438300132751465,108.99834442138672,24.80207061767578,59.49242401123047,12.063987731933594,17.448238372802734,46.10755920410156,49.3881950378418,43.339088439941406,58.82925796508789,39.17074966430664,59.30450439453125,59.71904373168945,76.56211853027344,23.655254364013672,32.06324768066406,20.78628158569336,46.304481506347656,35.190155029296875,60.69962692260742,45.43197250366211,7.193005561828613,26.01544761657715,22.282657623291016,90.83544158935547,39.8112678527832,11.849058151245117,5.565014362335205,20.985553741455078,9.654182434082031,35.9265251159668,45.47432327270508,50.33699035644531,52.900238037109375,14.003652572631836,17.469682693481445,25.82734489440918,46.5496826171875,66.57110595703125
2012-11-19,21.566442489624023,17.134105682373047,48.03022003173828,52.22892379760742,28.56341552734375,47.29257583618164,61.5139045715332,27.45290756225586,24.844573974609375,46.833553314208984,13.698100090026855,14.481216430664062,110.98657989501953,24.917818069458008,60.14306640625,12.271872520446777,17.702159881591797,47.00567626953125,49.98530960083008,44.284271240234375,60.042747497558594,39.82638168334961,60.30171585083008,60.3265266418457,78.49991607666016,23.670307159423828,32.263641357421875,20.99604606628418,47.616458892822266,36.04863357543945,62.08570861816406,46.210079193115234,7.484830379486084,26.162311553955078,22.603572845458984,92.76446533203125,40.55398178100586,12.098052978515625,5.739916801452637,21.305299758911133,9.697490692138672,36.3835334777832,46.396541595458984,51.24761962890625,53.50371551513672,14.595359802246094,17.882627487182617,26.262229919433594,48.3332405090332,67.35200500488281
2012-11-20,21.5502986907959,16.98812484741211,48.321533203125,52.12763595581055,28.640825271606445,47.55717468261719,61.04819869995117,27.59224510192871,24.851245880126953,46.922080993652344,13.777544021606445,13.952019691467285,110.31613159179688,24.967424392700195,60.595680236816406,12.298696517944336,17.69702911376953,47.369361877441406,50.007789611816406,44.4088249206543,59.83449935913086,39.82638168334961,60.78776168823242,61.15300750732422,78.34793090820312,23.730497360229492,32.61433410644531,21.0747127532959,47.570587158203125,36.17127227783203,61.879878997802734,46.73719787597656,7.595248699188232,26.508481979370117,22.966344833374023,92.59977722167969,40.881282806396484,11.973556518554688,5.750516414642334,21.35097312927246,9.662056922912598,36.31825256347656,46.331607818603516,51.53267288208008,53.640567779541016,14.725350379943848,18.435558319091797,26.236270904541016,48.93715286254883,67.14897155761719
2012-11-21,21.743938446044922,17.012046813964844,48.266048431396484,52.43146896362305,28.661928176879883,47.67552947998047,61.366519927978516,27.801284790039062,24.944637298583984,47.19444274902344,13.8172607421875,13.844751358032227,110.9516372680664,25.132762908935547,60.829078674316406,12.392580032348633,17.668819427490234,47.569766998291016,49.962833404541016,44.3941650390625,59.633453369140625,39.785400390625,61.29892349243164,61.20953369140625,78.57593536376953,23.824541091918945,32.73600769042969,21.24513816833496,47.71737289428711,36.34757614135742,62.10628890991211,46.83759689331055,7.705663681030273,26.417570114135742,22.73611831665039,92.29397583007812,40.849815368652344,11.90031623840332,5.787617206573486,21.29224395751953,9.705365180969238,36.59244155883789,46.37055969238281,51.85210037231445,53.67791748046875,14.729835510253906,18.47054672241211,26.262229919433594,49.01768112182617,64.68135833740234
2012-11-23,22.349058151245117,17.308853149414062,48.671871185302734,53.07488250732422,28.915264129638672,48.45538330078125,62.174129486083984,28.048322677612305,25.30489730834961,47.79364776611328,13.919401168823242,14.102198600769043,112.81743621826172,25.56266975402832,61.56462097167969,12.633990287780762,18.00480079650879,48.111602783203125,50.715606689453125,44.88507843017578,60.43050765991211,40.2324333190918,61.793331146240234,61.8806266784668,79.94376373291016,24.253408432006836,32.80039978027344,21.382793426513672,48.40547180175781,36.59284591674805,63.01205825805664,47.28104782104492,7.808194160461426,26.616884231567383,23.16168212890625,94.34059143066406,41.35337448120117,12.032139778137207,5.8830180168151855,21.59241485595703,9.83529281616211,36.9972038269043,46.747249603271484,52.19548797607422,54.33736801147461,15.007757186889648,18.71552085876465,26.463441848754883,49.669891357421875,65.5715560913086
2012-11-26,22.098941802978516,17.854928970336914,48.3430061340332,52.79487609863281,28.767492294311523,48.378807067871094,61.89116668701172,27.997638702392578,24.924617767333984,47.664276123046875,13.89670467376709,14.223760604858398,112.46173858642578,25.595733642578125,60.99172592163086,12.781521797180176,17.930421829223633,48.00025177001953,50.60887908935547,44.44546127319336,60.78232955932617,40.1802864074707,62.23747253417969,61.661624908447266,80.01974487304688,24.212026596069336,32.42109680175781,21.45490074157715,47.928401947021484,36.738494873046875,64.01387023925781,46.59495544433594,7.760875701904297,26.38959312438965,22.952390670776367,94.83460998535156,40.881282806396484,12.163958549499512,5.888316631317139,21.579362869262695,9.689620971679688,37.08208084106445,47.13691711425781,51.90000915527344,53.74011993408203,14.886730194091797,18.69451904296875,26.255735397338867,49.524959564208984,65.95418548583984
2012-11-27,21.848827362060547,17.711069107055664,48.14708709716797,52.038272857666016,28.67600440979004,48.03759765625,60.94207763671875,27.794960021972656,24.964656829833984,47.739173889160156,13.760517120361328,14.252373695373535,111.49972534179688,25.810691833496094,60.76543045043945,12.808540344238281,17.82526969909668,47.83623504638672,50.732460021972656,44.41615295410156,60.32277297973633,40.09832763671875,62.42182540893555,61.442657470703125,79.2978286743164,24.099172592163086,32.38532257080078,21.37624740600586,48.09354019165039,36.54685592651367,63.88349914550781,45.54912185668945,7.6189093589782715,26.102869033813477,22.76403045654297,92.85071563720703,40.547698974609375,12.178606033325195,5.8830180168151855,21.553258895874023,9.78804874420166,36.67731475830078,46.8641471862793,52.17154312133789,53.242408752441406,14.859833717346191,18.498552322387695,26.3660831451416,49.275333404541016,65.90735626220703
2012-11-28,22.074731826782227,17.65532875061035,48.48295593261719,52.48508071899414,28.732301712036133,48.35095977783203,62.238975524902344,28.251018524169922,25.229984283447266,47.90259552001953,13.9988374710083,14.366787910461426,111.93702697753906,26.290197372436523,61.189754486083984,12.720725059509277,18.09712791442871,48.33577346801758,51.080745697021484,44.870426177978516,60.99055480957031,40.14303970336914,62.08663558959961,61.485023498535156,80.32373046875,24.291027069091797,32.836204528808594,21.45490074157715,47.68067932128906,36.822792053222656,64.29520416259766,46.44435501098633,7.697780132293701,26.183298110961914,22.889606475830078,93.96891784667969,40.201515197753906,12.361687660217285,5.9625163078308105,21.74249839782715,9.86679458618164,37.2518196105957,47.22133255004883,52.75450134277344,53.522369384765625,14.9763765335083,18.617530822753906,26.385555267333984,49.07805252075195,65.80581665039062
2012-11-29,21.743938446044922,17.849775314331055,48.4339714050293,52.497005462646484,29.006746292114258,48.39271926879883,62.36279296875,28.320697784423828,25.505399703979492,47.875362396240234,14.100980758666992,13.966327667236328,111.67462158203125,26.32326889038086,61.71781921386719,12.842323303222656,18.166383743286133,47.895877838134766,50.923465728759766,44.94369125366211,61.93117904663086,40.23616409301758,62.11179733276367,62.594120025634766,80.28572082519531,24.48288345336914,33.165428161621094,21.513896942138672,47.781620025634766,37.23670959472656,64.63563537597656,46.78739547729492,7.752989768981934,26.330156326293945,23.133777618408203,93.4964370727539,40.547698974609375,12.34704303741455,6.110917568206787,22.023086547851562,10.335330963134766,37.199588775634766,47.773353576660156,53.22568893432617,53.29839324951172,15.048100471496582,18.729516983032227,26.48292350769043,49.3759880065918,66.26658630371094
2012-11-30,21.477684020996094,17.7262020111084,48.79082489013672,52.508907318115234,28.908231735229492,48.62250518798828,62.3038215637207,28.06099510192871,25.471799850463867,47.8072624206543,14.197443962097168,13.994926452636719,110.82333374023438,26.604352951049805,62.110294342041016,12.77476978302002,18.47158432006836,48.51471710205078,51.091983795166016,44.93637466430664,61.205955505371094,40.418697357177734,62.245849609375,62.72830581665039,80.28572082519531,24.45279312133789,33.28710174560547,21.389352798461914,47.9559211730957,37.58929443359375,64.81626892089844,46.770652770996094,7.776649475097656,26.225250244140625,23.029129028320312,92.75623321533203,40.70505142211914,12.354364395141602,6.068517684936523,22.12748908996582,10.331391334533691,37.17348098754883,47.48112487792969,53.265602111816406,53.32951736450195,15.15568733215332,18.687522888183594,26.606258392333984,50.032249450683594,65.63402557373047
2012-12-03,21.32438850402832,17.753768920898438,48.7348518371582,52.19317626953125,28.718229293823242,48.448421478271484,61.696659088134766,28.149675369262695,25.109066009521484,47.575782775878906,14.237174034118652,13.973472595214844,110.4793472290039,26.711833953857422,62.12454605102539,12.855831146240234,18.297189712524414,48.44760513305664,50.72682571411133,44.3941650390625,60.667449951171875,40.26595687866211,62.027984619140625,62.44574737548828,79.10786437988281,24.185691833496094,33.12247848510742,21.415571212768555,47.79077911376953,37.49732208251953,63.600502014160156,46.84596633911133,7.729325771331787,26.08888816833496,22.847747802734375,93.2365951538086,40.33997344970703,12.061436653137207,6.047316551208496,22.36892318725586,10.544005393981934,37.32363510131836,46.935577392578125,52.53889083862305,53.31084060668945,15.088447570800781,18.75051498413086,26.27521514892578,48.691558837890625,64.98588562011719
2012-12-04,21.275978088378906,17.44060516357422,48.881805419921875,51.942970275878906,28.549333572387695,48.26042938232422,61.284019470214844,28.124324798583984,24.954587936401367,47.56895446777344,14.28256893157959,14.280978202819824,110.40937805175781,26.76970863342285,62.2244873046875,12.95041561126709,18.497241973876953,47.895877838134766,50.62571334838867,44.3428840637207,60.43050765991211,40.07598876953125,62.05311965942383,62.396305084228516,79.2598648071289,24.223316192626953,32.87913513183594,21.43523406982422,47.39627456665039,37.727272033691406,63.5518798828125,46.720458984375,7.816084384918213,25.93153190612793,22.84076690673828,91.80340576171875,40.09450149536133,12.163958549499512,5.994317531585693,22.362396240234375,10.579440116882324,37.10819625854492,47.43564987182617,53.22568893432617,53.3854866027832,15.012237548828125,18.69451904296875,26.372570037841797,48.43791198730469,65.20452880859375
2012-12-05,21.51802635192871,16.31816864013672,48.95875930786133,52.26465606689453,28.992673873901367,48.330055236816406,61.99728775024414,28.117998123168945,25.062053680419922,47.83452224731445,14.54926586151123,14.195161819458008,109.99542999267578,26.455547332763672,62.06035232543945,12.97743034362793,18.478670120239258,47.73186492919922,50.98524856567383,45.11221694946289,61.78759002685547,39.938140869140625,61.90227508544922,62.87665939331055,80.66571807861328,24.279739379882812,33.050899505615234,21.49423599243164,47.63481521606445,38.00321960449219,63.58659744262695,47.18900680541992,8.258207321166992,26.064403533935547,23.00820541381836,92.23648834228516,40.49734115600586,12.434921264648438,5.994317531585693,23.210702896118164,10.516443252563477,37.33017349243164,47.73441696166992,53.31351089477539,53.24116516113281,14.927071571350098,18.701520919799805,26.580278396606445,48.09567642211914,65.78240966796875
2012-12-06,21.566442489624023,16.57410430908203,49.01474380493164,52.42552185058594,29.182682037353516,48.706058502197266,62.7518196105957,28.19400405883789,25.109066009521484,48.047210693359375,14.532243728637695,14.41684627532959,110.60757446289062,26.4803466796875,62.85955047607422,13.159829139709473,18.46320152282715,47.97044372558594,51.091983795166016,45.075592041015625,61.715789794921875,39.72952651977539,61.99448013305664,62.544639587402344,81.19764709472656,24.29479217529297,33.43023681640625,21.44835090637207,48.16693115234375,37.86525344848633,63.5518798828125,46.95473861694336,8.258207321166992,25.809146881103516,23.11983299255371,92.2916030883789,40.81834411621094,12.259160995483398,5.957218170166016,23.39341163635254,10.591249465942383,37.44114685058594,47.364219665527344,53.720794677734375,53.33530807495117,14.873278617858887,18.701520919799805,26.437484741210938,49.6054801940918,66.16500854492188
2012-12-07,21.34859275817871,16.150386810302734,49.29460906982422,52.782958984375,29.949705123901367,48.94279479980469,63.070159912109375,28.270034790039062,25.33074951171875,48.211917877197266,14.503870964050293,14.41684627532959,111.91950225830078,26.389404296875,63.13785171508789,13.06525993347168,18.64373016357422,48.05244064331055,51.406551361083984,45.40530014038086,62.46255111694336,40.370277404785156,62.54751968383789,62.38921356201172,81.5395736694336,24.652179718017578,33.52328109741211,21.343467712402344,48.53392791748047,38.041542053222656,63.84366989135742,47.36471176147461,8.400317192077637,25.847612380981445,23.1826114654541,91.79547882080078,40.81206130981445,12.427595138549805,6.084418773651123,23.55653953552246,10.555815696716309,37.82632827758789,47.52009201049805,53.92841339111328,53.91265106201172,15.00327205657959,19.023475646972656,26.573795318603516,48.86466979980469,66.71166229248047
2012-12-10,21.735870361328125,16.046510696411133,49.39958953857422,52.66978454589844,29.77379608154297,48.89405822753906,63.0525016784668,28.175006866455078,25.283716201782227,48.17759323120117,14.41874885559082,14.359638214111328,112.3101806640625,26.513412475585938,63.8015022277832,13.369256019592285,18.607622146606445,47.001197814941406,51.60881042480469,45.3246955871582,62.63489532470703,39.78169250488281,63.293365478515625,63.392303466796875,81.27362823486328,24.57693862915039,33.809547424316406,21.50734519958496,48.56144714355469,38.4171257019043,64.19796752929688,47.48185729980469,8.345050811767578,25.96299934387207,23.057039260864258,92.1419906616211,40.32109832763672,12.456893920898438,6.0791192054748535,23.719675064086914,10.492818832397461,37.787166595458984,47.8513069152832,54.33570861816406,53.78714370727539,14.98086166381836,18.876497268676758,26.612730026245117,49.859100341796875,66.9849853515625
2012-12-11,22.042463302612305,16.39692497253418,49.74943542480469,53.015316009521484,30.006006240844727,49.200416564941406,63.51227951049805,28.62474250793457,25.431499481201172,48.32170486450195,14.54926586151123,14.767256736755371,113.23137664794922,26.736631393432617,63.951332092285156,13.36250114440918,18.282665252685547,46.88935852050781,52.62559509277344,45.170833587646484,62.70668411254883,40.187744140625,63.53636932373047,63.54064178466797,81.72960662841797,24.89293670654297,34.031410217285156,21.677772521972656,48.726593017578125,38.785037994384766,63.913116455078125,47.741214752197266,8.29768180847168,26.693805694580078,23.224472045898438,93.59883880615234,41.214900970458984,12.998810768127441,6.089715480804443,23.91543197631836,10.473132133483887,37.94383239746094,47.90325927734375,54.26382827758789,53.83106994628906,14.774659156799316,19.016481399536133,26.865880966186523,50.34224319458008,66.71166229248047
2012-12-12,21.977916717529297,16.324539184570312,49.65146255493164,53.28935623168945,30.097501754760742,49.270042419433594,63.71271896362305,28.66907501220703,25.283716201782227,48.19819641113281,14.475492477416992,14.781557083129883,112.5025405883789,26.55373191833496,63.73012161254883,13.328722953796387,17.779747009277344,46.91917419433594,52.310977935791016,44.76784133911133,63.151878356933594,39.85618209838867,63.243064880371094,63.69606018066406,82.75548553466797,24.832744598388672,34.02426528930664,21.76954460144043,49.50645065307617,37.55863571166992,63.781124114990234,48.251590728759766,8.376629829406738,26.655351638793945,23.3709774017334,92.99244689941406,41.119972229003906,12.962196350097656,6.0791192054748535,23.928489685058594,10.469196319580078,37.99607849121094,47.688926696777344,54.42355728149414,53.655330657958984,14.904658317565918,19.05147361755371,26.79448127746582,50.144954681396484,67.35200500488281
2012-12-13,21.873031616210938,16.042566299438477,49.50453567504883,52.77105712890625,30.104528427124023,48.83137512207031,63.61249542236328,28.106325149536133,25.256851196289062,48.17759323120117,14.373356819152832,14.652832984924316,111.94283294677734,26.279382705688477,63.630210876464844,13.335479736328125,17.805545806884766,46.531471252441406,51.96271896362305,45.23677444458008,63.446266174316406,39.546993255615234,62.27937316894531,62.975528717041016,82.1475601196289,24.573165893554688,34.71132278442383,21.49423599243164,49.26789474487305,36.96842956542969,62.51675796508789,48.29343032836914,8.321368217468262,26.144834518432617,23.203540802001953,93.3153305053711,41.17138671875,13.035429000854492,5.973115921020508,23.824085235595703,10.374700546264648,37.787166595458984,47.636985778808594,53.8006591796875,53.83106994628906,14.909133911132812,19.00247573852539,26.930782318115234,50.41069793701172,66.80538177490234
2012-12-14,21.6309814453125,15.439866065979004,49.462547302246094,52.473182678222656,30.12563705444336,48.6921272277832,63.5594482421875,27.8441219329834,25.297149658203125,48.14330291748047,14.288238525390625,14.681442260742188,111.8087158203125,26.570363998413086,63.42327880859375,13.41653823852539,17.73076629638672,46.27054214477539,51.83911895751953,45.0975456237793,63.90583419799805,39.427772521972656,62.027984619140625,63.01084518432617,82.1475601196289,24.584455490112305,35.24095153808594,21.45490074157715,48.64402389526367,36.63117599487305,61.80122756958008,47.39818572998047,8.352950096130371,25.95949935913086,23.126800537109375,93.99256134033203,41.11355209350586,13.218512535095215,5.8830180168151855,23.987215042114258,10.351079940795898,37.663108825683594,47.312252044677734,53.34547424316406,53.372955322265625,14.864310264587402,18.960493087768555,26.904823303222656,52.3110237121582,67.10212707519531
2012-12-17,21.86496353149414,15.713650703430176,49.63747787475586,52.94380187988281,30.59711265563965,48.6921272277832,64.0664291381836,27.901683807373047,25.189682006835938,48.28740692138672,14.390380859375,14.710043907165527,112.89323425292969,26.869651794433594,64.15828704833984,13.58543586730957,17.846813201904297,47.2025032043457,52.26042175292969,45.7130241394043,64.3653793334961,39.565616607666016,62.555931091308594,63.222755432128906,83.3254165649414,24.528024673461914,35.09780502319336,21.50078582763672,49.322940826416016,37.05276107788086,62.81550216674805,47.91691207885742,8.684541702270508,26.386093139648438,23.98490333557129,97.24481964111328,42.30879592895508,13.570029258728027,6.036717414855957,24.23518180847168,10.461322784423828,38.04829788208008,47.64348602294922,53.60898971557617,53.66789245605469,14.788111686706543,19.17046356201172,27.086576461791992,52.419715881347656,67.44570922851562
2012-12-18,22.236106872558594,16.170082092285156,49.644466400146484,53.354881286621094,30.871570587158203,48.71997833251953,64.90348052978516,28.291780471801758,25.04190444946289,48.397178649902344,14.54926586151123,14.988944053649902,114.1002197265625,27.335220336914062,64.59355163574219,13.76783275604248,17.9241886138916,46.97138214111328,52.72108459472656,46.86337661743164,65.1767578125,39.95676040649414,63.28496551513672,63.07443618774414,82.41352844238281,24.802654266357422,35.212318420410156,21.645008087158203,49.992698669433594,37.95723342895508,64.55921173095703,48.37710189819336,8.968757629394531,26.522470474243164,24.389528274536133,100.61518859863281,42.507991790771484,14.002102851867676,6.185118198394775,24.502716064453125,10.532193183898926,38.71421432495117,48.74104690551758,54.711021423339844,54.06953811645508,14.60880184173584,19.65339469909668,27.11254119873047,53.33363342285156,67.82835388183594
2012-12-19,22.034393310546875,15.940191268920898,49.420570373535156,52.68764114379883,30.632305145263672,48.28131103515625,64.79150390625,27.920873641967773,24.706035614013672,47.951168060302734,14.38470458984375,15.08906364440918,113.7445297241211,28.341171264648438,64.01556396484375,13.693522453308105,17.67144012451172,46.05430603027344,52.254817962646484,46.72415542602539,65.19113159179688,39.49856185913086,63.276580810546875,62.50932312011719,79.82978057861328,24.580698013305664,34.890254974365234,21.350021362304688,49.24037551879883,37.49732208251953,64.54532623291016,47.51530838012695,8.83454704284668,26.137832641601562,24.152326583862305,100.20568084716797,42.40518569946289,13.980134010314941,6.216916084289551,24.300437927246094,10.433761596679688,38.64892578125,49.104736328125,54.86276626586914,53.34158706665039,14.51915168762207,19.520414352416992,26.78800392150879,52.82633972167969,67.22703552246094
2012-12-20,22.33292007446289,15.801484107971191,49.50453567504883,52.95573806762695,31.33601188659668,48.61552810668945,65.06855773925781,26.961599349975586,24.887401580810547,48.10896682739258,14.430094718933105,15.039005279541016,113.56378173828125,28.216447830200195,64.25103759765625,13.673256874084473,17.795230865478516,46.203426361083984,52.87837600708008,47.10515213012695,64.63504791259766,39.409149169921875,63.85478591918945,62.45280456542969,80.71166229248047,24.659704208374023,35.1622200012207,21.350021362304688,49.699100494384766,37.75027084350586,64.2604751586914,48.025699615478516,9.095083236694336,25.756696701049805,24.459299087524414,102.1507568359375,42.73290252685547,14.11194896697998,6.238118648529053,24.502716064453125,10.484945297241211,38.70115280151367,48.79298782348633,55.10234451293945,53.31020736694336,14.640178680419922,19.618398666381836,26.98272132873535,54.106651306152344,67.74243927001953
2012-12-21,22.1473388671875,15.728793144226074,49.1686897277832,51.966796875,30.963048934936523,47.8495979309082,64.67359161376953,26.55232048034668,24.779930114746094,47.77960968017578,14.231499671936035,14.853070259094238,112.77662658691406,28.06681251525879,64.35093688964844,13.484099388122559,17.704965591430664,45.71879196166992,52.29976272583008,47.046546936035156,63.47954177856445,39.15212631225586,63.82965850830078,61.569786071777344,80.05985260009766,24.84779930114746,34.83299255371094,21.343467712402344,49.35047149658203,37.980220794677734,64.69812774658203,48.234859466552734,8.913495063781738,25.448984146118164,24.054662704467773,101.14279174804688,42.34091567993164,13.855633735656738,6.285817623138428,23.693571090698242,10.355015754699707,38.263736724853516,48.604644775390625,54.806861877441406,52.74540710449219,14.472065925598145,19.44342041015625,26.677644729614258,53.651710510253906,67.3051528930664
2012-12-24,21.83268928527832,15.754237174987793,48.99375915527344,51.78211212158203,30.906749725341797,47.71033477783203,64.03694915771484,26.488384246826172,24.672452926635742,47.642364501953125,14.231499671936035,14.76010513305664,112.18190002441406,27.942115783691406,63.715858459472656,13.396276473999023,17.684337615966797,45.90519714355469,52.350318908691406,46.650875091552734,63.176212310791016,39.13349151611328,63.66205978393555,61.739349365234375,79.82979583740234,24.629610061645508,34.80437088012695,21.277912139892578,49.35047149658203,37.58929443359375,64.44805145263672,48.134456634521484,8.88191032409668,25.407012939453125,24.012802124023438,100.43406677246094,42.34735107421875,13.87761402130127,6.572020530700684,23.7979793548584,10.370767593383789,38.152767181396484,48.47478103637695,54.854774475097656,52.58224868774414,14.385727882385254,19.415430068969727,26.612730026245117,54.4488639831543,67.23486328125
2012-12-26,21.671321868896484,15.537081718444824,49.09870147705078,51.871482849121094,30.934894561767578,47.34827423095703,63.93671417236328,26.43720817565918,24.464223861694336,47.237510681152344,14.322285652160645,14.767256736755371,111.91950225830078,27.942115783691406,63.32339096069336,13.457080841064453,17.53475570678711,45.584590911865234,52.28291702270508,46.75345993041992,63.31344985961914,39.006832122802734,63.70396041870117,61.37910461425781,79.63809204101562,24.475366592407227,34.56818771362305,21.2058048248291,49.176151275634766,37.60463333129883,63.93396759033203,47.79978942871094,9.110869407653809,25.344083786010742,23.950021743774414,100.13482666015625,41.91038131713867,13.82634162902832,6.778719425201416,23.921968460083008,10.276272773742676,37.8328742980957,48.22798538208008,54.31974411010742,52.393959045410156,14.231236457824707,19.226451873779297,26.418014526367188,54.247554779052734,67.56282806396484
2012-12-27,21.751998901367188,15.599472045898438,49.042720794677734,51.746360778808594,30.702674865722656,47.327388763427734,63.97210693359375,26.347673416137695,24.464223861694336,47.120872497558594,14.265542984008789,14.66713809967041,112.36262512207031,27.65945816040039,63.30911636352539,13.274676322937012,17.58633041381836,45.532413482666016,52.04136657714844,46.702171325683594,63.30622863769531,39.215457916259766,63.54473876953125,60.85633087158203,79.3313217163086,24.471599578857422,34.6397705078125,21.06814956665039,49.231201171875,37.535648345947266,64.48976135253906,47.43164825439453,9.055603981018066,25.386049270629883,23.845367431640625,99.74895477294922,41.8011474609375,13.7457857131958,6.762820243835449,23.837127685546875,10.221149444580078,37.800228118896484,48.00068283081055,54.09613037109375,52.670108795166016,14.267592430114746,19.240446090698242,26.34013557434082,53.59532928466797,67.46861267089844
2012-12-28,21.421201705932617,15.43380069732666,48.615901947021484,50.69786071777344,30.428237915039062,46.756412506103516,62.7518196105957,25.98955535888672,24.161937713623047,46.67485046386719,14.123686790466309,14.46690559387207,110.68341827392578,27.451610565185547,62.495635986328125,13.139570236206055,17.436748504638672,45.21926498413086,51.55823516845703,46.10136032104492,62.6923713684082,38.75725173950195,62.58943176269531,60.21352767944336,78.3727798461914,24.23459243774414,34.29622268676758,20.910831451416016,48.4880485534668,37.25202941894531,63.45459747314453,47.41490936279297,8.968757629394531,25.309120178222656,23.65700912475586,98.84337615966797,41.08141326904297,13.635942459106445,6.821117877960205,23.843660354614258,10.110905647277832,37.258365631103516,47.29926300048828,53.31351089477539,52.16804885864258,14.126729965209961,18.939491271972656,26.002593994140625,53.42623519897461,66.37738037109375
2012-12-31,21.5502986907959,16.11767578125,49.04971694946289,51.56169509887695,30.941940307617188,47.27168273925781,63.74810028076172,26.181413650512695,24.35002326965332,46.956180572509766,14.231499671936035,14.745804786682129,111.68630981445312,27.701019287109375,62.9451789855957,13.274676322937012,17.59664535522461,46.11393737792969,52.159332275390625,46.50434875488281,64.71448516845703,38.94350814819336,63.150875091552734,60.89164733886719,80.48160552978516,24.640888214111328,34.60395812988281,21.36313247680664,49.047706604003906,37.803916931152344,64.1146011352539,48.092620849609375,9.166135787963867,25.683263778686523,23.845367431640625,100.44981384277344,41.84611892700195,14.002102851867676,6.863519668579102,24.150358200073242,10.244772911071777,37.858978271484375,47.883766174316406,53.968360900878906,52.98386001586914,14.285764694213867,19.17046356201172,26.236270904541016,54.4931526184082,67.84545135498047
2013-01-02,22.28451156616211,16.628314971923828,49.567501068115234,52.84848403930664,31.643386840820312,48.31612777709961,65.07443237304688,26.43720817565918,25.256851196289062,47.573753356933594,14.702473640441895,15.28930377960205,114.4850082397461,28.839977264404297,64.30811309814453,13.740817070007324,17.857128143310547,47.32925033569336,53.243526458740234,47.44219207763672,67.52374267578125,39.602874755859375,64.58384704589844,62.975528717041016,81.82363891601562,25.129446029663086,35.55585479736328,21.674570083618164,50.60740280151367,37.94954299926758,64.79539489746094,49.326847076416016,9.497727394104004,26.246227264404297,24.45232582092285,103.67845916748047,43.041343688964844,14.368263244628906,6.996020793914795,24.835519790649414,10.382575988769531,38.65546417236328,49.559349060058594,54.439510345458984,54.20759201049805,14.785587310791016,20.06633758544922,26.820457458496094,55.78150177001953,69.07801055908203
2013-01-03,21.985986709594727,16.418428421020508,49.497528076171875,52.7531852722168,31.579626083374023,48.00975799560547,64.79739379882812,27.0703182220459,25.256851196289062,47.594337463378906,14.66842269897461,15.246389389038086,113.85530853271484,28.524059295654297,64.67204284667969,13.8151216506958,17.743656158447266,47.19504928588867,53.181724548339844,47.6253776550293,68.17369842529297,39.73326110839844,64.91903686523438,62.5799446105957,80.90337371826172,26.08601188659668,35.627418518066406,22.0257625579834,49.864253997802734,38.11052703857422,64.98994445800781,49.536739349365234,9.442463874816895,26.207765579223633,24.25,103.11145782470703,43.047767639160156,14.33897590637207,7.133821487426758,24.659330368041992,10.390451431274414,38.62934112548828,49.60479736328125,54.255855560302734,53.97539138793945,14.794678688049316,19.905357360839844,26.833431243896484,55.459407806396484,68.9052963256836
2013-01-04,21.574501037597656,15.96109676361084,50.064300537109375,52.997440338134766,32.139381408691406,48.107234954833984,65.13928985595703,26.840097427368164,25.297149658203125,47.66295623779297,14.73084545135498,15.131964683532715,113.10894775390625,28.773469924926758,64.11546325683594,13.8353910446167,17.810710906982422,47.10556411743164,53.574951171875,48.599857330322266,68.54920959472656,40.19518280029297,65.10340881347656,62.85544967651367,81.28681182861328,25.929203033447266,35.7777099609375,22.098651885986328,50.23123550415039,39.520904541015625,65.23306274414062,50.048912048339844,9.560891151428223,26.477012634277344,24.37557601928711,105.92276000976562,43.9152717590332,14.785693168640137,7.192120552062988,24.26129150390625,10.418010711669922,39.06024169921875,49.72819519042969,54.91068649291992,54.195037841796875,14.785587310791016,20.4512882232666,27.11254119873047,56.15190124511719,69.61187744140625
2013-01-07,21.534168243408203,15.867207527160645,49.95933532714844,52.383819580078125,32.174800872802734,47.77998352050781,64.69718170166016,26.936017990112305,25.05533790588379,47.65610122680664,14.742192268371582,15.196330070495605,112.6133804321289,28.62383270263672,64.87184143066406,13.707036018371582,17.640491485595703,46.85207748413086,53.64237594604492,48.6218376159668,68.7586669921875,39.517189025878906,63.796142578125,62.53756332397461,81.01838684082031,26.140899658203125,35.80634307861328,22.13178253173828,50.405555725097656,39.467247009277344,65.45538330078125,50.258819580078125,9.545099258422852,26.882633209228516,24.25698471069336,105.72581481933594,43.90886688232422,14.500081062316895,7.117920875549316,24.815946578979492,10.16602611541748,38.62934112548828,49.585330963134766,54.83882522583008,53.0026969909668,14.749235153198242,19.60439682006836,27.002187728881836,55.664737701416016,69.55691528320312
2013-01-08,21.421201705932617,15.90991497039795,49.966339111328125,52.71147537231445,32.238555908203125,47.7033805847168,64.40831756591797,26.97439193725586,24.880687713623047,47.80019760131836,14.764886856079102,15.081913948059082,112.45594787597656,28.63214683532715,64.89327239990234,13.72054672241211,17.689495086669922,47.135398864746094,53.64799118041992,48.16757583618164,67.88481140136719,39.606597900390625,62.120147705078125,62.26913070678711,80.13652038574219,26.148733139038086,35.677528381347656,22.19141960144043,49.92848587036133,39.766170501708984,64.58007049560547,50.54426574707031,9.458253860473633,27.064464569091797,24.21512222290039,104.77302551269531,43.60041427612305,14.390236854553223,7.07551908493042,24.907289505004883,9.953412055969238,38.107059478759766,49.448944091796875,53.77667999267578,52.73286056518555,14.603832244873047,19.835369110107422,27.002197265625,56.45790481567383,68.83465576171875
2013-01-09,21.542236328125,15.661262512207031,50.19024658203125,52.508907318115234,32.21731948852539,47.96100997924805,64.5733871459961,27.23659324645996,24.87396812438965,48.04037094116211,15.020240783691406,15.339350700378418,112.13526916503906,28.648767471313477,64.80049896240234,13.713788986206055,17.684337615966797,47.098121643066406,54.159183502197266,48.75373458862305,68.20259857177734,39.535823822021484,64.32408142089844,62.63644790649414,80.32825469970703,26.321229934692383,35.985260009765625,22.31731414794922,50.12114334106445,40.60166549682617,65.29557800292969,50.594642639160156,9.024027824401855,27.228805541992188,24.21512222290039,105.77311706542969,43.33694839477539,14.368263244628906,7.139121055603027,25.09000015258789,10.059720993041992,38.02871322631836,50.00746154785156,53.5371208190918,53.09682083129883,14.494780540466309,19.93335723876953,26.976028442382812,56.9289436340332,69.91802215576172
2013-01-10,21.34859275817871,15.855392456054688,50.51212692260742,53.08083724975586,32.6991081237793,48.23257064819336,65.12159729003906,27.35809326171875,24.82695198059082,48.58931350708008,15.184802055358887,15.589645385742188,112.46173858642578,29.02288055419922,65.22151184082031,13.808365821838379,17.630176544189453,47.43362808227539,54.4288330078125,48.66579818725586,68.664794921875,40.00518798828125,64.6006088256836,62.02897262573242,81.17180633544922,26.540767669677734,36.665184020996094,22.5889892578125,51.0294303894043,40.816287994384766,65.37895965576172,51.03963851928711,9.300350189208984,27.253284454345703,24.696496963500977,108.17488861083984,43.831756591796875,14.89554500579834,7.329923629760742,25.16830825805664,10.059720993041992,38.19192886352539,50.786781311035156,53.824607849121094,53.29765701293945,14.858285903930664,19.835369110107422,27.218103408813477,57.07788848876953,70.58534240722656
2013-01-11,21.647113800048828,15.758180618286133,50.62406921386719,53.384666442871094,32.6920166015625,48.197750091552734,65.8643798828125,27.645875930786133,24.793367385864258,48.637351989746094,15.048615455627441,15.732672691345215,113.377197265625,28.9813175201416,65.4570083618164,13.8353910446167,17.699804306030273,47.4932861328125,54.086151123046875,48.5851936340332,68.74423217773438,39.8934326171875,62.98330307006836,61.428531646728516,81.01838684082031,26.273075103759766,36.71527862548828,22.615507125854492,51.011070251464844,40.70897674560547,65.10105895996094,51.417476654052734,9.181926727294922,27.3022403717041,24.487199783325195,107.98591613769531,44.686405181884766,14.77104377746582,7.42002010345459,25.51414680480957,10.118779182434082,38.041778564453125,50.60495376586914,53.561092376708984,53.40431213378906,14.962796211242676,19.835369110107422,26.57691192626953,57.21076202392578,70.357666015625
2013-01-14,21.69552993774414,15.196353912353516,50.7710075378418,53.36680221557617,32.50779724121094,48.48324203491211,66.52461242675781,27.71622657775879,24.847097396850586,48.918701171875,15.173454284667969,15.732672691345215,112.3101806640625,29.0644474029541,65.31427001953125,14.166411399841309,17.614694595336914,47.32925033569336,54.53554916381836,48.91490936279297,68.3398208618164,40.20635986328125,64.1480941772461,61.40024185180664,80.98009490966797,26.26520538330078,37.137535095214844,22.675134658813477,51.084468841552734,40.47135543823242,65.24002075195312,51.39226531982422,9.055603981018066,27.193849563598633,24.25698471069336,107.19844818115234,44.56432342529297,14.697813034057617,7.414721488952637,25.474987030029297,10.181778907775879,38.172332763671875,51.46223449707031,53.68085861206055,53.74948501586914,14.990060806274414,19.989355087280273,26.779739379882812,56.779964447021484,70.54609680175781
2013-01-15,21.95370864868164,14.71691608428955,50.638065338134766,53.33699417114258,32.8408203125,48.65730285644531,66.8724136352539,27.41565704345703,25.068771362304688,49.131404876708984,15.10535717010498,15.646858215332031,112.24020385742188,28.848295211791992,65.3000259399414,14.17317008972168,17.790077209472656,47.6796760559082,54.6535530090332,49.00284957885742,69.09088897705078,40.135589599609375,64.47489929199219,60.10049057006836,81.28681182861328,25.997512817382812,37.06596374511719,22.728137969970703,51.2588005065918,40.846946716308594,65.31645202636719,51.01445770263672,9.118766784667969,27.050479888916016,24.49418830871582,106.7732162475586,44.78921890258789,14.961448669433594,7.579019546508789,25.6446590423584,10.280204772949219,38.53794479370117,51.52069091796875,53.88849639892578,53.78086853027344,14.894635200500488,19.891361236572266,26.7077693939209,56.421653747558594,70.44402313232422
2013-01-16,21.81654930114746,15.327808380126953,50.78499984741211,53.301265716552734,33.173831939697266,48.67274856567383,67.18484497070312,27.20461082458496,25.068771362304688,49.04905319213867,15.099679946899414,15.811332702636719,112.29267120361328,28.79842185974121,65.00743103027344,14.206951141357422,17.849393844604492,47.61256408691406,54.82769012451172,48.8929443359375,68.74423217773438,40.169105529785156,62.29615020751953,59.563636779785156,80.98009490966797,25.745573043823242,37.04451370239258,22.748023986816406,50.94685363769531,40.57099151611328,64.98994445800781,50.896915435791016,9.300350189208984,26.98404312133789,24.480228424072266,111.10430145263672,44.49363327026367,15.042010307312012,7.536620140075684,25.703397750854492,10.351079940795898,38.44001388549805,51.73499298095703,53.385372161865234,53.6490592956543,14.894635200500488,19.870361328125,26.720857620239258,56.0150032043457,70.31058502197266
2013-01-17,21.985986709594727,15.224518775939941,51.0089225769043,53.73616027832031,32.90459442138672,48.90439987182617,67.63874816894531,27.338918685913086,25.196393966674805,49.700965881347656,15.224520683288574,16.218952178955078,112.9107666015625,28.781789779663086,65.4783935546875,14.152900695800781,17.75654411315918,48.499794006347656,55.09733200073242,49.31788635253906,69.1125259399414,40.582618713378906,63.06708908081055,59.29520034790039,81.67024993896484,25.808561325073242,37.337928771972656,22.70826530456543,51.891845703125,40.87760543823242,65.8235855102539,50.997650146484375,8.905600547790527,27.10991859436035,24.438364028930664,111.04130554199219,44.67997741699219,15.195799827575684,7.536620140075684,25.683815002441406,10.508570671081543,38.6097526550293,51.81943130493164,53.616973876953125,54.17620849609375,14.990060806274414,20.143329620361328,26.923673629760742,57.16246032714844,70.73452758789062
2013-01-18,21.985986709594727,15.143352508544922,51.239810943603516,54.093597412109375,32.91876220703125,49.093936920166016,67.93352508544922,27.48600196838379,25.32402992248535,49.73526382446289,15.059971809387207,15.196330070495605,113.38884735107422,29.189157485961914,65.83519744873047,14.200199127197266,17.846813201904297,48.812950134277344,55.46806716918945,49.684242248535156,70.49913024902344,40.608680725097656,62.88274002075195,57.98127746582031,84.50762176513672,25.777061462402344,37.29499816894531,22.83416175842285,51.68083953857422,41.214874267578125,65.28169250488281,50.191646575927734,8.795069694519043,27.372173309326172,24.36860466003418,113.75017547607422,45.7081413269043,16.389484405517578,7.478320598602295,25.585922241210938,10.662125587463379,38.69464111328125,52.11819076538086,53.89646530151367,54.48371124267578,15.117286682128906,20.045345306396484,27.067626953125,57.46440124511719,71.40967559814453
2013-01-22,21.90530776977539,15.287823677062988,50.86197280883789,54.16508483886719,32.975433349609375,49.10093307495117,68.32847595214844,27.626689910888672,24.941143035888672,49.543121337890625,15.139403343200684,15.139122009277344,114.32760620117188,29.039522171020508,66.32756042480469,14.098857879638672,17.94481658935547,49.02170944213867,55.799503326416016,50.11653137207031,70.57135772705078,40.63492202758789,62.14529800415039,58.836036682128906,84.39258575439453,25.903034210205078,37.456722259521484,23.092592239379883,52.42398452758789,40.961910247802734,66.22652435302734,49.87259292602539,8.960867881774902,27.242801666259766,24.44533920288086,114.93135833740234,46.22221755981445,16.828887939453125,7.510123252868652,25.768634796142578,10.7999267578125,39.15815353393555,52.397430419921875,54.583274841308594,54.72218704223633,15.062760353088379,20.37429428100586,27.1461238861084,57.480506896972656,72.74427795410156
2013-01-23,22.27644157409668,15.567666053771973,50.97391891479492,54.03401565551758,32.755802154541016,49.62038040161133,67.79791259765625,27.38368034362793,24.941143035888672,49.27552795410156,15.122384071350098,15.096209526062012,119.36522674560547,28.839977264404297,66.70576477050781,13.929972648620605,17.921594619750977,49.551063537597656,55.88942337036133,50.021297454833984,69.94303894042969,40.76603698730469,62.25423049926758,58.68063735961914,84.12417602539062,25.832178115844727,37.81612777709961,23.125722885131836,52.644168853759766,40.16476058959961,66.74059295654297,49.47797775268555,9.016132354736328,26.868648529052734,24.38256072998047,114.62427520751953,45.9973030090332,16.601863861083984,7.35642147064209,25.788211822509766,10.890483856201172,38.877418518066406,52.176631927490234,54.870758056640625,54.59665298461914,14.999143600463867,20.059345245361328,27.15921974182129,57.73817825317383,72.83061218261719
2013-01-24,22.29257583618164,13.644164085388184,51.14886474609375,54.4212532043457,32.85498809814453,49.43083572387695,68.0867691040039,27.498788833618164,24.927701950073242,49.5637092590332,15.235872268676758,14.98179817199707,119.19038391113281,29.047815322875977,66.5844497680664,14.200199127197266,17.998971939086914,50.214622497558594,55.99052047729492,49.99931716918945,69.7624740600586,41.12571716308594,63.11738967895508,58.36275100708008,84.54592895507812,25.824312210083008,37.42079544067383,23.728721618652344,53.35062026977539,40.74729919433594,64.78150939941406,49.788631439208984,9.102975845336914,27.414133071899414,24.5290584564209,114.15186309814453,46.074424743652344,16.550600051879883,7.35112190246582,25.73601531982422,10.92985725402832,39.438873291015625,53.34564208984375,54.487430572509766,54.333091735839844,15.180896759033203,20.318302154541016,27.28353500366211,57.96767044067383,73.19963073730469
2013-01-25,22.49428367614746,13.322518348693848,51.722618103027344,54.64765548706055,33.41474533081055,51.4173469543457,68.4994125366211,27.792964935302734,24.887401580810547,49.742130279541016,15.320985794067383,14.988944053649902,119.5110092163086,29.41361427307129,66.87703704833984,14.288008689880371,17.795230865478516,50.56505584716797,56.5073356628418,50.06524658203125,69.02588653564453,41.26808166503906,62.87434005737305,58.92787551879883,85.4661636352539,25.816425323486328,37.27703094482422,24.31182289123535,53.65338897705078,40.785621643066406,64.18406677246094,49.956539154052734,9.174029350280762,27.749818801879883,24.51511001586914,113.75802612304688,46.32504653930664,16.623838424682617,7.250417709350586,25.88609504699707,10.961357116699219,39.86323547363281,53.54695510864258,54.09613037109375,54.132286071777344,15.199070930480957,20.276308059692383,27.316247940063477,58.06027603149414,73.38019561767578
2013-01-28,22.518491744995117,13.623870849609375,51.51270294189453,54.278289794921875,33.04629135131836,51.7823600769043,68.40511322021484,27.45403480529785,24.86053466796875,49.824459075927734,15.230201721191406,15.053304672241211,119.4876937866211,29.54663848876953,67.33370971679688,14.227219581604004,17.885498046875,50.3860969543457,56.5410270690918,50.497554779052734,70.3763656616211,41.26808166503906,62.0112419128418,60.460758209228516,86.2713851928711,25.981775283813477,36.90325927734375,24.12628936767578,53.63502883911133,40.34871292114258,62.05128479003906,49.595516204833984,9.06350326538086,27.58197593688965,24.49418830871582,113.51394653320312,46.382869720458984,16.338228225708008,7.357202529907227,26.166677474975586,10.945603370666504,39.66083908081055,53.58592224121094,53.161773681640625,54.471168518066406,15.312663078308105,20.045345306396484,27.309709548950195,56.365299224853516,73.7884292602539
2013-01-29,22.59917449951172,13.87948989868164,52.06547546386719,54.665531158447266,33.38639450073242,52.645751953125,69.09480285644531,27.920873641967773,25.13594627380371,50.05092239379883,15.718196868896484,15.217781066894531,118.88719177246094,29.746156692504883,67.73332214355469,14.038057327270508,18.02476692199707,50.102779388427734,57.192684173583984,50.622100830078125,71.20686340332031,41.55281448364258,61.71793746948242,61.16716384887695,86.2713851928711,26.2415828704834,36.90325927734375,24.212432861328125,53.919456481933594,41.63644027709961,62.41948318481445,49.91457748413086,9.071392059326172,27.903676986694336,24.60579490661621,115.8370132446289,46.0166015625,16.543277740478516,7.015504360198975,26.14057731628418,10.910172462463379,40.25495910644531,53.39109420776367,53.32149887084961,55.31206512451172,15.312663078308105,20.03134536743164,27.460187911987305,56.79204177856445,74.62061309814453
2013-01-30,22.47007942199707,13.835880279541016,51.8415641784668,54.016151428222656,33.39348220825195,52.701908111572266,68.64682006835938,27.818546295166016,25.189682006835938,50.236167907714844,15.746821403503418,15.282147407531738,118.66563415527344,29.41361427307129,67.554931640625,13.902946472167969,17.98866081237793,50.13261413574219,56.62529373168945,50.314369201660156,71.24298095703125,41.530330657958984,62.50562286376953,60.31241989135742,85.2361068725586,26.154983520507812,37.12608337402344,24.26544761657715,53.94697189331055,41.506134033203125,61.28019714355469,49.81382369995117,8.984552383422852,27.86870574951172,24.5706729888916,115.87635803222656,45.59890365600586,16.828887939453125,6.90338134765625,26.016599655151367,10.92985725402832,39.88282012939453,52.7546272277832,52.978111267089844,55.31834030151367,15.312663078308105,20.08033561706543,27.5059871673584,56.45790481567383,74.53422546386719
2013-01-31,22.1473388671875,13.79529094696045,51.722618103027344,53.59912872314453,33.336795806884766,52.758056640625,67.88045501708984,27.658679962158203,25.015039443969727,49.989166259765625,15.615169525146484,15.046157836914062,118.40325164794922,29.52170753479004,67.99735260009766,13.896191596984863,18.04024314880371,49.894020080566406,56.484859466552734,49.99931716918945,71.05520629882812,40.22653579711914,61.90227508544922,60.36892318725586,85.42784118652344,26.67461585998535,36.80260467529297,23.94738006591797,53.52493667602539,41.153541564941406,60.34928894042969,49.377220153808594,8.93718147277832,27.58897590637207,24.472307205200195,116.43547058105469,45.8880615234375,16.733686447143555,6.914061069488525,26.07532501220703,10.906231880187988,37.86549758911133,51.49470901489258,51.939945220947266,56.17182159423828,15.303577423095703,19.96834945678711,27.4405517578125,55.507720947265625,73.84339904785156
2013-02-01,22.534624099731445,13.738659858703613,51.904541015625,53.64084243774414,33.903629302978516,53.29154968261719,68.67628479003906,26.750572204589844,25.216550827026367,49.86562728881836,15.815499305725098,15.274999618530273,119.63345336914062,30.103654861450195,68.46830749511719,14.071833610534668,18.179513931274414,50.1773567199707,57.0522346496582,50.666072845458984,71.84959411621094,41.15193557739258,62.74028015136719,60.9622917175293,86.73149108886719,26.66673469543457,37.07575225830078,24.457603454589844,54.02036666870117,41.544464111328125,60.592411041259766,50.30078887939453,9.245084762573242,28.365236282348633,24.683088302612305,118.04191589355469,46.961219787597656,17.254779815673828,6.951433181762695,26.303722381591797,10.981042861938477,38.40083312988281,51.936336517333984,52.01181411743164,56.485595703125,15.53985595703125,20.06633758544922,27.564882278442383,56.590736389160156,74.30656433105469
2013-02-04,22.139284133911133,13.396419525146484,51.855560302734375,53.1106071472168,33.78318786621094,52.821231842041016,67.90992736816406,26.123844146728516,25.088918685913086,49.71467590332031,15.552197456359863,15.131964683532715,118.82298278808594,29.205778121948242,67.50496673583984,14.065074920654297,17.95770835876465,49.476505279541016,56.60847091674805,50.23378372192383,70.96131896972656,40.73606491088867,63.02519226074219,60.566715240478516,85.54288482666016,26.375436782836914,36.65886306762695,24.19917869567871,53.53411102294922,41.046241760253906,60.2311897277832,49.880985260009766,9.06350326538086,27.68688201904297,24.42311668395996,116.16769409179688,45.97160339355469,16.792404174804688,6.876687526702881,26.107961654663086,10.89442253112793,37.88508224487305,51.89736557006836,51.41288375854492,56.040035247802734,15.399003028869629,19.905357360839844,27.316247940063477,55.938514709472656,73.12897491455078
2013-02-05,22.18769073486328,13.866469383239746,52.24039840698242,53.462120056152344,34.569664001464844,53.13711166381836,68.26952362060547,26.494779586791992,25.619585037231445,50.19501495361328,15.746821403503418,15.30905532836914,118.23995971679688,29.496755599975586,67.72620391845703,14.240720748901367,18.251718521118164,49.498870849609375,57.01293182373047,51.20093536376953,71.09132385253906,41.00955581665039,63.59502410888672,61.12477111816406,86.42472076416016,26.643125534057617,37.176395416259766,24.19255256652832,55.396568298339844,41.46781921386719,60.446537017822266,50.93048858642578,9.379302024841309,28.35124969482422,24.486358642578125,118.47502899169922,46.40858840942383,17.17404556274414,7.036856651306152,26.969318389892578,10.981042861938477,37.68270492553711,52.475372314453125,51.81217575073242,56.62994384765625,15.530773162841797,20.56327247619629,27.564882278442383,55.70901107788086,73.31736755371094
2013-02-06,22.05860137939453,13.851628303527832,52.751197814941406,53.49189758300781,34.442138671875,53.453006744384766,68.32847595214844,26.277328491210938,25.73378562927246,49.93425750732422,15.638059616088867,15.171724319458008,117.70130157470703,29.18083381652832,67.8403549194336,14.315035820007324,18.3909854888916,49.70762634277344,57.687034606933594,51.230247497558594,70.55690002441406,41.14068603515625,63.93021774291992,61.16716384887695,86.04131317138672,26.84783363342285,36.83136749267578,24.219058990478516,54.74516296386719,41.33750534057617,60.8564338684082,50.84653091430664,9.41877555847168,27.910673141479492,24.5706729888916,119.0025863647461,46.90338897705078,17.166706085205078,7.0475382804870605,27.041074752807617,10.96922779083252,37.597835540771484,52.546810150146484,52.067718505859375,57.04410934448242,15.503504753112793,21.25618553161621,27.715362548828125,55.69292449951172,72.7678451538086
2013-02-07,22.010190963745117,14.263490676879883,52.52028274536133,52.91032409667969,34.172882080078125,53.453006744384766,67.80382537841797,26.21977424621582,26.136808395385742,49.961727142333984,15.431999206542969,15.041617393493652,116.95182037353516,28.731897354125977,67.5263900756836,14.254234313964844,18.370351791381836,49.4392204284668,57.42301559448242,51.559959411621094,69.40866088867188,41.283077239990234,64.88552856445312,60.19938278198242,86.19468688964844,27.076156616210938,36.79543685913086,24.179298400878906,56.2865104675293,41.22252655029297,60.74526596069336,52.1731071472168,9.347722053527832,28.225370407104492,24.352855682373047,118.32540893554688,46.84554672241211,16.953861236572266,6.9781293869018555,26.95626449584961,11.032224655151367,37.62395477294922,53.12482833862305,52.45902633666992,57.094303131103516,15.726156234741211,21.193193435668945,27.787330627441406,55.5479850769043,72.35958862304688
2013-02-08,22.2280330657959,14.469422340393066,52.814170837402344,53.12618637084961,34.456295013427734,53.17222213745117,68.16929626464844,26.33488655090332,26.042770385742188,49.81760787963867,15.386210441589355,15.178947448730469,118.08769989013672,29.014562606811523,67.6976547241211,14.294770240783691,18.434833526611328,49.96113586425781,57.670169830322266,51.67716979980469,69.94303894042969,40.64613723754883,64.15646362304688,61.2943229675293,86.2713851928711,27.091901779174805,36.80260467529297,24.53712272644043,56.818641662597656,41.17652893066406,61.14125061035156,51.88764190673828,9.284562110900879,28.603008270263672,24.507436752319336,119.3806381225586,47.083309173583984,17.115331649780273,6.99414587020874,27.014986038208008,11.103100776672363,37.78062057495117,53.50150680541992,52.77846908569336,57.04410934448242,15.762504577636719,21.15118980407715,27.872377395629883,55.91435623168945,72.86202239990234
2013-02-11,22.478153228759766,14.62021541595459,52.765193939208984,52.92832946777344,34.47755813598633,53.214332580566406,68.16929626464844,26.462791442871094,25.935298919677734,49.652923583984375,15.5350341796875,15.200640678405762,117.19772338867188,29.0644474029541,67.91173553466797,14.369081497192383,18.41419219970703,49.49140548706055,57.647701263427734,51.354801177978516,69.7624740600586,40.571224212646484,63.57826232910156,60.314151763916016,86.07967376708984,26.97380256652832,36.83136749267578,24.470857620239258,56.72689437866211,41.314517974853516,60.80780029296875,52.03876876831055,9.363513946533203,28.25333595275879,24.774429321289062,119.88460540771484,46.993350982666016,17.08597755432129,6.999485492706299,27.067180633544922,11.17790412902832,37.597835540771484,53.70283126831055,52.80242156982422,56.73033905029297,15.789769172668457,21.193193435668945,27.91818618774414,56.10358428955078,73.19176483154297
2013-02-12,22.49428367614746,14.253745079040527,53.03809356689453,53.036251068115234,34.817649841308594,53.33367919921875,68.67628479003906,26.507556915283203,25.229984283447266,49.522552490234375,15.449166297912598,15.316291809082031,117.12747192382812,29.189157485961914,67.86176300048828,14.166411399841309,18.41419219970703,50.19226837158203,58.119571685791016,51.59660339355469,70.21027374267578,40.481300354003906,63.67881774902344,60.04427719116211,86.578125,27.005298614501953,36.78104782104492,24.19917869567871,56.86450958251953,41.23786163330078,60.620201110839844,52.22348403930664,9.671419143676758,28.554054260253906,24.950090408325195,121.35718536376953,47.391761779785156,17.342849731445312,6.983469486236572,27.373886108398438,11.236964225769043,38.02871322631836,53.456031799316406,52.978111267089844,56.416542053222656,15.748869895935059,21.56414031982422,28.114471435546875,54.93601608276367,73.772705078125
2013-02-13,22.615312576293945,14.226631164550781,52.94011306762695,53.162147521972656,34.491729736328125,53.74078369140625,68.63468933105469,26.315702438354492,24.99488067626953,49.06279373168945,15.454891204833984,15.359655380249023,117.15676879882812,29.08938980102539,67.07682800292969,14.281253814697266,18.411617279052734,50.28919219970703,58.13935470581055,51.42072677612305,69.60363006591797,40.425106048583984,63.06736373901367,60.32836151123047,89.68388366699219,27.13126564025879,36.70198059082031,23.934133529663086,56.78193664550781,41.33840560913086,60.48127746582031,52.139522552490234,9.608259201049805,28.95268440246582,24.683088302612305,121.68004608154297,47.687355041503906,17.342849731445312,6.962111949920654,27.245786666870117,11.264667510986328,38.263736724853516,53.579429626464844,52.51493453979492,56.41027069091797,15.803400039672852,21.809114456176758,28.121015548706055,56.006954193115234,71.18983459472656
2013-02-14,22.623376846313477,14.213836669921875,53.04506301879883,53.07221603393555,34.874332427978516,53.89521408081055,68.74161529541016,26.34128761291504,24.746339797973633,49.5980224609375,15.489239692687988,15.345194816589355,116.89910888671875,29.014562606811523,66.76285552978516,14.179927825927734,18.264616012573242,50.20716857910156,58.09416198730469,51.354801177978516,69.37974548339844,40.586212158203125,63.193885803222656,60.17213439941406,89.76057434082031,27.320219039916992,37.298583984375,24.23893165588379,56.378257751464844,41.38483428955078,60.49517822265625,52.34102249145508,9.576677322387695,29.092552185058594,24.739299774169922,122.79036712646484,47.449588775634766,17.48963737487793,6.999485492706299,27.495393753051758,11.177592277526855,38.24393844604492,53.70283126831055,52.546875,56.59856033325195,15.498970031738281,21.977088928222656,28.9912166595459,55.962669372558594,71.10348510742188
2013-02-15,22.59917449951172,14.01795768737793,53.28996658325195,52.97629165649414,34.6334228515625,53.72676467895508,68.29606628417969,26.488384246826172,25.13594627380371,50.55869674682617,15.620892524719238,15.265690803527832,117.67782592773438,28.939741134643555,67.0054702758789,14.179927825927734,17.872596740722656,50.341373443603516,58.348506927490234,51.369441986083984,69.04755401611328,41.2193603515625,63.278194427490234,59.38372039794922,89.30046844482422,27.619407653808594,36.745113372802734,24.23893165588379,56.03879165649414,41.45446014404297,61.04399871826172,51.79528045654297,9.497727394104004,29.092552185058594,24.704172134399414,122.05014038085938,46.993350982666016,17.518991470336914,6.951433181762695,27.029033660888672,11.03905963897705,37.64967346191406,54.21589660644531,52.41109848022461,57.23238754272461,15.621648788452148,22.934751510620117,29.17439842224121,56.119693756103516,70.4597396850586
2013-02-19,22.818822860717773,14.01278018951416,53.84974670410156,53.551856994628906,35.037296295166016,54.31636428833008,68.86637115478516,26.999975204467773,25.303876876831055,51.80756378173828,15.861299514770508,15.244003295898438,117.29141998291016,29.430252075195312,66.96978759765625,14.497431755065918,17.733333587646484,50.363746643066406,58.88549041748047,51.97026824951172,69.04032135009766,41.927467346191406,62.95773696899414,59.7530632019043,91.06422424316406,27.414705276489258,37.85206604003906,24.47748374938965,55.44243621826172,41.91085433959961,61.294090270996094,52.290653228759766,9.624045372009277,29.568099975585938,24.690122604370117,124.9322738647461,47.430320739746094,17.849262237548828,6.935417175292969,27.390300750732422,11.16572093963623,38.69292449951172,55.04716491699219,52.866294860839844,57.8661994934082,15.798859596252441,23.293880462646484,29.724002838134766,54.63807678222656,70.94650268554688
2013-02-20,22.672386169433594,13.673417091369629,53.63282012939453,53.342018127441406,34.442138671875,54.10578155517578,68.3138656616211,27.281370162963867,25.344179153442383,51.75265884399414,15.781167030334473,14.983790397644043,116.70006561279297,29.106019973754883,67.01261901855469,14.260991096496582,17.849393844604492,49.536155700683594,58.30326843261719,51.54530334472656,67.32154083251953,42.00239944458008,63.06736373901367,60.12239074707031,89.76057434082031,27.178510665893555,37.269840240478516,24.31182289123535,54.378170013427734,41.99591827392578,60.94673538208008,51.97999954223633,9.316144943237305,29.288360595703125,24.662012100219727,122.19972229003906,46.33146667480469,17.188722610473633,6.727193832397461,27.32461166381836,10.951982498168945,38.07886505126953,54.430233001708984,52.738525390625,57.571250915527344,15.853382110595703,22.885461807250977,29.750179290771484,53.17832565307617,69.26644134521484
2013-02-21,22.363258361816406,13.588425636291504,53.78676986694336,53.11417770385742,34.187049865722656,54.07771682739258,68.3138656616211,27.17903709411621,25.33074951171875,51.71149826049805,15.689574241638184,14.636849403381348,116.12623596191406,28.49911880493164,67.17671966552734,14.02454662322998,18.120182037353516,48.00025177001953,58.06024932861328,51.44213104248047,66.10106658935547,42.36955261230469,64.104736328125,60.463314056396484,89.91521453857422,26.97380256652832,37.27703094482422,24.31182289123535,54.28642654418945,41.78708267211914,60.828636169433594,51.669349670410156,9.016132354736328,29.05059051513672,24.91495704650879,118.81365203857422,45.8880615234375,16.755699157714844,6.615076065063477,27.337759017944336,11.383411407470703,38.3693962097168,54.05071258544922,52.203487396240234,57.646575927734375,15.994241714477539,22.61083984375,29.658571243286133,52.60008239746094,68.347900390625
2013-02-22,22.582902908325195,13.733123779296875,53.779701232910156,53.479896545410156,34.65467834472656,54.0426139831543,68.89014434814453,27.47960090637207,25.874845504760742,51.8555908203125,15.672404289245605,14.759722709655762,117.74227142333984,28.889862060546875,67.96880340576172,14.119123458862305,18.156291961669922,48.89495849609375,58.52370834350586,51.508445739746094,66.10828399658203,42.69924545288086,64.65292358398438,61.663631439208984,90.41773986816406,27.202123641967773,36.910430908203125,24.450979232788086,53.86440658569336,41.980464935302734,61.2176628112793,52.534141540527344,9.0319185256958,29.686988830566406,25.167896270751953,121.3414306640625,46.20936584472656,17.306148529052734,6.663125991821289,27.46254539489746,11.395286560058594,38.42881393432617,54.266632080078125,52.682647705078125,59.303279876708984,16.048768997192383,22.603790283203125,29.881025314331055,53.505863189697266,68.40282440185547
2013-02-25,22.26563262939453,13.48911190032959,53.30010223388672,52.58058547973633,33.7973518371582,53.29154968261719,67.45247650146484,27.191829681396484,25.337461471557617,51.594844818115234,15.363312721252441,14.622387886047363,115.6460952758789,28.49911880493164,68.60389709472656,13.956989288330078,18.166608810424805,47.65729904174805,57.51197052001953,50.8156852722168,64.38948822021484,42.714237213134766,63.278194427490234,63.60260772705078,88.17567443847656,26.981674194335938,36.321022033691406,24.079910278320312,52.88271713256836,41.59370040893555,61.050941467285156,52.072349548339844,8.70822525024414,29.43522834777832,24.444204330444336,116.27008819580078,45.05268096923828,16.168548583984375,6.476258754730225,26.694040298461914,11.221129417419434,37.563846588134766,53.612342834472656,51.70833969116211,59.14010238647461,15.74433708190918,22.322126388549805,29.717466354370117,52.68904113769531,67.16243743896484
2013-02-26,22.26563262939453,13.677074432373047,53.42706298828125,53.06620407104492,33.726505279541016,53.40385437011719,68.29606628417969,27.127870559692383,25.59943199157715,51.889896392822266,15.472071647644043,14.875378608703613,116.60052490234375,28.532379150390625,68.66097259521484,13.92321491241455,18.339405059814453,50.371185302734375,57.82848358154297,50.940975189208984,64.96001434326172,42.67677307128906,63.801109313964844,63.545772552490234,89.1034164428711,26.81633186340332,36.400081634521484,24.113039016723633,53.102909088134766,42.10424041748047,60.64801025390625,51.98838806152344,8.787172317504883,29.547128677368164,24.416095733642578,116.94176483154297,45.29045104980469,16.469470977783203,6.588379383087158,26.79914093017578,11.367579460144043,38.13167953491211,53.612342834472656,51.955928802490234,59.12757110595703,15.585299491882324,22.413665771484375,30.103483200073242,53.651432037353516,67.90827178955078
2013-02-27,22.623579025268555,13.543030738830566,53.82905960083008,53.67774200439453,34.91683578491211,53.874168395996094,69.30006408691406,27.47960090637207,25.827817916870117,52.164276123046875,15.689574241638184,15.1283540725708,118.46830749511719,28.8316593170166,68.86238098144531,14.112366676330566,18.48125457763672,50.74398422241211,58.54067611694336,51.84746170043945,66.62100982666016,42.8828239440918,65.2432861328125,64.65379333496094,90.34040832519531,26.97380256652832,36.77385711669922,24.583505630493164,54.11211395263672,42.39044189453125,62.18270492553711,52.475364685058594,8.929412841796875,29.99468994140625,24.683088302612305,119.82575988769531,46.08727264404297,16.807077407836914,6.812619686126709,27.042173385620117,11.517985343933105,38.323177337646484,54.19465255737305,52.682647705078125,59.736270904541016,15.480793952941895,22.53337860107422,30.280149459838867,54.45207595825195,68.9445571899414
2013-02-28,22.61543846130371,13.446467399597168,53.68097686767578,53.68975067138672,34.66176986694336,53.47405242919922,69.59712982177734,27.326128005981445,26.009193420410156,52.364707946777344,15.666680335998535,15.092212677001953,117.59009552001953,28.465871810913086,68.98470306396484,14.092103004455566,18.254301071166992,51.072044372558594,58.78373718261719,51.663230895996094,66.70768737792969,42.87158203125,64.8553237915039,65.02310943603516,89.76056671142578,26.603757858276367,36.745113372802734,24.49736785888672,53.63502883911133,42.28214645385742,61.95036697387695,52.18150329589844,8.87409782409668,29.875810623168945,24.647964477539062,118.33243560791016,45.746707916259766,16.550201416015625,6.732532501220703,26.891098022460938,11.561522483825684,38.26373291015625,54.07688903808594,52.891998291015625,59.165199279785156,15.244510650634766,22.43480110168457,30.26051139831543,54.45207595825195,68.95240020751953
2013-03-01,22.737470626831055,13.113505363464355,54.097103118896484,53.61781311035156,34.65467834472656,53.69166564941406,69.44860076904297,27.262174606323242,25.99574089050293,52.475257873535156,15.678133964538574,15.200640678405762,118.80790710449219,28.79010581970215,68.8264389038086,14.071833610534668,18.501880645751953,51.467193603515625,58.65372848510742,51.62636947631836,65.97830963134766,42.75170135498047,65.17581939697266,65.75466918945312,89.6446304321289,26.45416259765625,37.06139373779297,24.616636276245117,53.451534271240234,42.37497329711914,62.070037841796875,52.36621856689453,8.961019515991211,30.386329650878906,24.865772247314453,118.94081115722656,46.10013961791992,16.462125778198242,6.732532501220703,27.14069938659668,11.688183784484863,38.48163986206055,54.22083282470703,52.76315689086914,59.17778015136719,15.217247009277344,22.512248992919922,30.35211181640625,54.51274108886719,68.99951934814453
2013-03-04,22.900171279907227,12.796075820922852,54.44975280761719,53.33002471923828,34.78931427001953,53.825008392333984,69.79907989501953,27.71622657775879,26.07636070251465,52.938297271728516,15.849854469299316,15.37410831451416,120.14287567138672,29.13927459716797,68.38762664794922,14.011035919189453,18.893898010253906,52.406639099121094,58.37674331665039,51.36842727661133,64.81556701660156,43.02519607543945,65.01557159423828,65.86119842529297,89.95386505126953,27.013164520263672,37.28421401977539,24.47748374938965,53.36897277832031,42.35950469970703,61.3167839050293,52.802818298339844,9.016336441040039,30.68004035949707,25.188976287841797,120.24451446533203,46.6399040222168,16.586894989013672,6.807281017303467,27.43627166748047,11.664436340332031,38.04584884643555,54.26008605957031,51.84513473510742,59.642154693603516,15.417173385620117,22.547460556030273,30.39137840270996,54.82815170288086,69.06231689453125
2013-03-05,23.06287956237793,13.133915901184082,54.77420425415039,53.72572708129883,35.065643310546875,54.08476257324219,70.06050872802734,27.658679962158203,25.982315063476562,53.14565658569336,16.067365646362305,15.54758358001709,120.92752838134766,29.480127334594727,68.91996002197266,14.335301399230957,19.012531280517578,52.54082489013672,59.0380744934082,52.09069061279297,65.14776611328125,43.35115051269531,66.33966064453125,66.36546325683594,91.19085693359375,27.296602249145508,37.59328842163086,24.89493751525879,54.48827362060547,42.96288299560547,61.81660842895508,53.83552932739258,9.12696361541748,31.484298706054688,25.210060119628906,120.86087036132812,47.50742721557617,16.689647674560547,6.871347427368164,26.746599197387695,11.711930274963379,38.072269439697266,55.00597381591797,52.271934509277344,60.16302490234375,15.558037757873535,22.681251525878906,30.417537689208984,55.08287811279297,70.74236297607422
2013-03-06,22.851362228393555,12.966975212097168,54.58376693725586,53.69573211669922,35.44824981689453,54.19001770019531,70.38127899169922,27.933656692504883,26.21070098876953,53.0765495300293,16.095983505249023,15.721052169799805,122.01070404052734,29.812679290771484,69.63928985595703,14.673078536987305,18.924840927124023,52.54829025268555,59.156795501708984,52.5255126953125,64.73615264892578,43.216278076171875,66.69389343261719,66.2447280883789,91.50016021728516,26.981674194335938,37.535797119140625,25.020837783813477,54.589202880859375,42.60704040527344,62.20380401611328,54.280513763427734,9.419343948364258,31.750030517578125,25.32949447631836,121.78533172607422,47.69379806518555,16.814414978027344,6.882025241851807,26.247386932373047,11.620898246765137,38.29676055908203,55.241512298583984,52.312198638916016,59.89719009399414,15.50805377960205,22.758712768554688,30.378286361694336,54.77151870727539,70.0829086303711
2013-03-07,22.892038345336914,13.11685562133789,54.837684631347656,53.186119079589844,35.873374938964844,53.97944641113281,70.43473815917969,27.671457290649414,26.277875900268555,53.3115119934082,16.18184471130371,15.822254180908203,122.61963653564453,29.879182815551758,69.84069061279297,14.727123260498047,18.909372329711914,52.376800537109375,59.088951110839844,53.18879699707031,64.74337005615234,43.23875427246094,68.35533142089844,66.01744079589844,91.53877258300781,27.107654571533203,37.442352294921875,24.868432998657227,54.07542037963867,42.81589889526367,62.50651550292969,54.2049446105957,9.688017845153809,31.435348510742188,25.589473724365234,123.75281524658203,48.07290267944336,17.04193878173828,6.8499908447265625,26.359060287475586,11.973163604736328,38.20431900024414,55.15646743774414,52.56183624267578,59.4731559753418,15.430806159973145,22.934751510620117,30.397907257080078,54.77962112426758,70.4754409790039
2013-03-08,22.778146743774414,13.151581764221191,55.14800262451172,53.342018127441406,35.56870651245117,54.175994873046875,70.44071197509766,27.47960090637207,26.345050811767578,53.35295486450195,16.13605308532715,15.598182678222656,123.18173217773438,29.687963485717773,71.00603485107422,14.747391700744629,18.956090927124023,53.21183776855469,59.75027084350586,54.3163948059082,65.36443328857422,43.36237716674805,68.50714111328125,66.05294036865234,91.88671112060547,27.304471969604492,37.578914642333984,24.78229522705078,54.77315902709961,42.66892623901367,63.351287841796875,54.32249069213867,9.537874221801758,31.771024703979492,25.645681381225586,120.876708984375,48.32352828979492,16.902488708496094,6.9300761222839355,26.694040298461914,12.33730697631836,38.55428695678711,55.24805450439453,53.11748123168945,59.61240005493164,15.448982238769531,22.913633346557617,30.312856674194336,55.535770416259766,71.34687805175781
2013-03-11,22.672386169433594,13.338932991027832,55.32433319091797,53.45594024658203,35.7670783996582,54.295310974121094,70.53575897216797,27.920873641967773,26.40550422668457,53.111083984375,16.17039680480957,15.677685737609863,123.0060806274414,29.829309463500977,71.13551330566406,14.781167984008789,18.943115234375,53.174564361572266,59.806785583496094,54.43431854248047,65.84831237792969,43.324920654296875,69.94931030273438,64.9449691772461,91.3068618774414,27.501306533813477,37.83049774169922,24.861799240112305,55.60862350463867,42.599300384521484,63.73849868774414,54.99418258666992,9.601092338562012,32.127685546875,26.08833122253418,121.1294937133789,48.562503814697266,16.953861236572266,7.122283935546875,27.114429473876953,12.25023078918457,38.5872917175293,55.405086517333984,53.24634552001953,59.416202545166016,15.567121505737305,22.85729217529297,29.900671005249023,55.713706970214844,71.78651428222656
2013-03-12,22.70492172241211,13.051358222961426,55.40898132324219,53.45594024658203,35.6253776550293,54.168975830078125,70.2505874633789,28.803382873535156,26.170400619506836,53.138729095458984,15.992955207824707,15.641545295715332,123.28130340576172,29.455184936523438,71.04200744628906,14.659575462341309,19.10403823852539,53.03963088989258,59.42243576049805,54.23533248901367,64.808349609375,43.10761642456055,70.97820281982422,65.1651611328125,90.49504852294922,27.540679931640625,37.4351692199707,25.325653076171875,56.50835037231445,42.60704040527344,63.61881637573242,54.81787109375,9.49046516418457,32.29552459716797,25.758100509643555,119.98380279541016,48.19435501098633,16.63826560974121,7.148977756500244,26.956783294677734,12.194817543029785,38.77877426147461,55.306941986083984,53.334930419921875,59.54278564453125,15.521677017211914,22.927717208862305,30.273595809936523,56.263633728027344,71.32331848144531
2013-03-13,22.713064193725586,13.048920631408691,55.40192413330078,53.51589584350586,35.54035949707031,53.90925979614258,70.31594848632812,28.79047203063965,26.1095027923584,53.18021011352539,16.038747787475586,15.656001091003418,124.1654052734375,29.579891204833984,71.48799133300781,14.578499794006348,19.117021560668945,53.0471305847168,59.39982604980469,54.500633239746094,64.47616577148438,43.04770278930664,71.47581481933594,65.01600646972656,90.8043212890625,27.564292907714844,38.02457809448242,25.504554748535156,56.9673957824707,42.59156799316406,64.97749328613281,54.82625198364258,9.529974937438965,32.07872772216797,25.835386276245117,120.03124237060547,48.472076416015625,16.71900749206543,7.1543169021606445,28.09969139099121,12.392722129821777,38.81178665161133,55.732242584228516,54.099937438964844,59.11240768432617,15.618346214294434,23.188255310058594,30.411001205444336,57.22603225708008,71.70800018310547
2013-03-14,22.892038345336914,13.175345420837402,55.78984451293945,53.857627868652344,36.13553237915039,54.323402404785156,71.29022979736328,28.5838623046875,26.400436401367188,53.34605026245117,16.090261459350586,15.648777961730957,126.35528564453125,30.1784725189209,71.43763732910156,14.585257530212402,19.005409240722656,52.65730667114258,59.92550277709961,54.397464752197266,64.05726623535156,42.65053939819336,71.36616516113281,65.47053527832031,91.57743835449219,27.666641235351562,38.28335189819336,25.497934341430664,57.16019821166992,42.599300384521484,65.14644622802734,54.8934326171875,9.569486618041992,32.085723876953125,25.975908279418945,121.69843292236328,48.72395324707031,16.733686447143555,7.170335292816162,28.06027603149414,12.467924118041992,39.3004035949707,56.02668380737305,54.38985824584961,59.3529167175293,15.558511734008789,23.174169540405273,30.371732711791992,57.513145446777344,72.38317108154297
2013-03-15,22.810688018798828,13.515313148498535,55.85333251953125,53.58183670043945,35.441162109375,53.58635711669922,71.10015106201172,28.46763038635254,26.271888732910156,53.24239730834961,16.038747787475586,15.453619003295898,125.83999633789062,30.21174430847168,71.69660949707031,14.814947128295898,18.818517684936523,51.765167236328125,60.14027786254883,54.139522552490234,64.15119171142578,41.99116516113281,72.8926773071289,65.20775604248047,90.61102294921875,26.87932777404785,38.51335525512695,25.815982818603516,57.49988555908203,42.645721435546875,65.2872543334961,55.489566802978516,9.932987213134766,31.589189529418945,26.840150833129883,122.34638214111328,48.80145263671875,17.313488006591797,7.18101167678833,27.968320846557617,12.515421867370605,39.00325393676758,55.9219970703125,55.4045524597168,59.02379608154297,15.503266334533691,23.237546920776367,30.253965377807617,57.13706970214844,72.4145278930664
2013-03-18,22.859495162963867,13.882705688476562,55.58528137207031,53.222110748291016,35.079803466796875,53.459999084472656,70.77339172363281,28.170629501342773,26.22452735900879,52.99358367919922,16.050193786621094,15.36688232421875,124.83880615234375,29.962322235107422,70.90534210205078,14.639305114746094,18.75362777709961,51.990081787109375,59.58070373535156,54.456424713134766,64.53392028808594,42.05859375,71.83843994140625,64.19922637939453,89.87654876708984,26.343936920166016,38.6715087890625,25.762985229492188,57.022483825683594,42.28214645385742,65.01976776123047,55.22926712036133,9.925081253051758,31.33043670654297,26.530975341796875,120.06280517578125,48.252479553222656,16.873136520385742,7.07957124710083,27.869789123535156,12.531251907348633,39.05609130859375,55.89580154418945,55.10658264160156,58.795963287353516,15.406607627868652,23.019254684448242,30.312856674194336,57.05621337890625,72.08480834960938
2013-03-19,22.924575805664062,13.845230102539062,55.620574951171875,53.108184814453125,34.860172271728516,54.126853942871094,70.96942901611328,28.21582794189453,26.61018180847168,52.98667907714844,16.021570205688477,15.280143737792969,124.97347259521484,29.67134666442871,70.78305053710938,14.537968635559082,18.8055419921875,51.57026672363281,59.45069885253906,54.55962371826172,63.746768951416016,42.163482666015625,72.11676025390625,65.62681579589844,90.14714813232422,26.40692710876465,39.088409423828125,26.06780242919922,57.114280700683594,42.38270950317383,65.3787612915039,54.683528900146484,10.04361343383789,31.03672218322754,26.34127426147461,117.60543823242188,47.99412155151367,16.432769775390625,7.026181221008301,29.3870906829834,12.562918663024902,39.161746978759766,55.666812896728516,55.11463165283203,59.428871154785156,15.507869720458984,23.026296615600586,30.371732711791992,56.96319580078125,71.10348510742188
2013-03-20,23.03846549987793,13.771814346313477,56.03668975830078,53.13816452026367,34.80347442626953,54.456764221191406,71.4981918334961,28.487009048461914,26.975542068481445,52.74480438232422,16.193288803100586,15.30905532836914,125.9219741821289,29.737842559814453,71.04917907714844,14.639305114746094,18.945707321166992,51.637718200683594,59.72201919555664,55.05339431762695,62.786258697509766,42.935279846191406,71.99869537353516,66.79872131347656,90.6883316040039,26.6195011138916,39.641876220703125,26.41897964477539,57.059207916259766,42.777217864990234,64.93524169921875,55.413997650146484,10.098926544189453,31.134620666503906,26.306150436401367,118.6247787475586,48.30413818359375,16.689647674560547,7.132960796356201,30.227853775024414,12.614373207092285,39.90785598754883,54.97981262207031,55.27569580078125,60.466827392578125,15.66897964477539,23.244585037231445,31.15034294128418,57.01980972290039,68.88175201416016
2013-03-21,22.86762809753418,13.791611671447754,55.72637176513672,52.86237716674805,34.25791549682617,54.19704055786133,71.49222564697266,28.273935317993164,27.110855102539062,52.627323150634766,16.090261459350586,15.207864761352539,124.28253936767578,26.85302734375,70.87654113769531,14.078593254089355,18.982044219970703,51.690208435058594,59.315059661865234,54.972320556640625,62.70680236816406,42.601844787597656,71.12156677246094,66.98334503173828,90.03117370605469,26.359691619873047,39.282474517822266,26.312963485717773,56.68278884887695,42.60704040527344,64.54098510742188,54.91862106323242,9.932987213134766,31.148603439331055,26.09535789489746,114.87157440185547,47.606624603271484,16.190567016601562,7.07957124710083,30.089916229248047,12.6658296585083,40.238006591796875,54.30588150024414,54.76029586791992,60.08073806762695,15.586128234863281,22.962921142578125,31.313919067382812,55.51555633544922,68.2144546508789
2013-03-22,22.98152732849121,14.071269989013672,56.24123001098633,53.53387451171875,34.56258010864258,54.239158630371094,71.99124908447266,28.34494972229004,27.090557098388672,54.34813690185547,16.244810104370117,15.41747760772705,124.17710876464844,26.58698844909668,71.40887451171875,14.017786979675293,19.280542373657227,52.14748764038086,60.151588439941406,55.414520263671875,63.176212310791016,42.86410140991211,71.53484344482422,68.5814437866211,90.34040832519531,26.5250186920166,39.677825927734375,26.7635555267334,56.69197463989258,42.98606872558594,64.94933319091797,55.59870910644531,9.925081253051758,31.82695960998535,26.13751792907715,115.83552551269531,47.871402740478516,16.278642654418945,7.07957124710083,30.536571502685547,12.824149131774902,40.218204498291016,55.45743942260742,54.80058288574219,60.54275894165039,15.609148979187012,23.08262825012207,31.503658294677734,54.98180389404297,68.86602020263672
2013-03-25,22.90830421447754,14.122140884399414,56.19891357421875,53.371986389160156,34.378353118896484,53.825008392333984,71.39718627929688,28.209373474121094,27.144681930541992,53.78834915161133,16.118881225585938,15.287373542785645,123.39253997802734,25.9800968170166,70.66790771484375,14.085346221923828,19.42850112915039,52.08003616333008,59.445045471191406,55.171302795410156,62.56960678100586,42.86035919189453,71.56012725830078,68.75899505615234,89.8379135131836,26.61162757873535,39.74970245361328,26.67740821838379,56.56344223022461,43.02476501464844,64.98454284667969,55.497947692871094,9.79864501953125,31.456314086914062,26.144535064697266,115.44835662841797,47.716407775878906,16.124509811401367,7.0955891609191895,30.339523315429688,12.919142723083496,39.75600814819336,55.35930252075195,54.68781280517578,59.833892822265625,15.5953369140625,22.934751510620117,31.457857131958008,54.140708923339844,68.20661926269531
2013-03-26,22.90830421447754,14.047811508178711,57.02414321899414,54.037498474121094,34.4633674621582,54.33042526245117,71.8724594116211,28.661333084106445,27.530323028564453,54.54165267944336,16.370738983154297,15.735511779785156,124.34104919433594,26.2211856842041,70.85496520996094,14.085346221923828,19.407737731933594,52.51484680175781,59.953773498535156,55.62824630737305,62.82958984375,43.95433044433594,73.05290222167969,70.07296752929688,89.37400817871094,27.044654846191406,39.74251937866211,26.955720901489258,57.14183044433594,43.54304122924805,65.96304321289062,56.39633560180664,9.703824043273926,32.00180435180664,26.20777702331543,115.78811645507812,48.28477478027344,16.308006286621094,7.106266975402832,31.245967864990234,12.978517532348633,39.90785598754883,55.6406364440918,55.79913330078125,61.593387603759766,15.816276550292969,23.117841720581055,31.81770133972168,54.201377868652344,68.9094467163086
2013-03-27,23.07914161682129,13.771814346313477,57.320335388183594,54.30728530883789,33.8469352722168,54.091758728027344,71.40312957763672,28.474092483520508,27.21233558654785,54.10625076293945,16.393634796142578,15.778877258300781,123.48035430908203,26.562047958374023,71.14270782470703,14.071833610534668,19.41032600402832,52.21498107910156,59.51289367675781,55.39976501464844,62.75735092163086,43.729549407958984,72.69866180419922,71.1312484741211,89.29669952392578,27.249364852905273,39.52687072753906,27.021982192993164,57.39889907836914,43.60492706298828,66.50511932373047,56.37955856323242,9.664311408996582,33.37250900268555,25.982938766479492,116.81531524658203,47.89079666137695,16.3593807220459,7.058215141296387,31.029211044311523,13.101215362548828,39.86825942993164,55.89580154418945,56.29035949707031,61.333866119384766,15.839293479919434,23.216421127319336,31.92239761352539,53.950660705566406,69.05947875976562
2013-03-28,23.274375915527344,13.484853744506836,57.50371551513672,54.025508880615234,33.627296447753906,54.091758728027344,70.58924102783203,28.538654327392578,27.361190795898438,54.672977447509766,16.519569396972656,15.786112785339355,124.89144897460938,26.87796401977539,71.71100616455078,14.119123458862305,19.423309326171875,52.312435150146484,60.089420318603516,55.532447814941406,62.807926177978516,44.22034454345703,72.40350341796875,72.80740356445312,89.37400817871094,27.808359146118164,39.52687072753906,27.293655395507812,57.26118469238281,43.9298095703125,67.94830322265625,56.639801025390625,9.624800682067871,34.2257080078125,25.989967346191406,116.27010345458984,48.3558235168457,16.131851196289062,7.020840644836426,31.318214416503906,13.117050170898438,39.68336868286133,56.20332336425781,56.49169921875,62.01105880737305,15.830096244812012,23.75157928466797,32.26262283325195,54.16094207763672,67.89863586425781
2013-04-01,23.274375915527344,13.06597900390625,57.78587341308594,54.42119216918945,33.88946533203125,54.541015625,71.05852508544922,28.635509490966797,27.367958068847656,54.66606903076172,16.50811195373535,15.489763259887695,124.35279083251953,26.944477081298828,71.2506103515625,14.071833610534668,19.579051971435547,52.2299690246582,59.71632766723633,54.78071594238281,61.84740447998047,44.10045623779297,71.8974838256836,72.66536712646484,89.21939086914062,27.800491333007812,39.19623947143555,27.260526657104492,57.7569580078125,43.79056930541992,66.87822723388672,56.471893310546875,9.601092338562012,33.55434799194336,25.94781494140625,115.39298248291016,47.96184158325195,15.896991729736328,6.887365341186523,30.851869583129883,12.87956714630127,39.93427658081055,55.26770782470703,56.29035949707031,61.97944641113281,15.788666725158691,23.72342300415039,31.85041046142578,54.24989318847656,67.1878890991211
2013-04-02,23.428945541381836,13.092789649963379,58.32188034057617,54.30728530883789,34.20831298828125,55.425437927246094,70.69615936279297,28.997079849243164,27.550636291503906,55.10837173461914,16.731355667114258,15.511444091796875,125.51212310791016,27.218828201293945,72.12100982666016,14.335301399230957,19.732194900512695,53.24203872680664,60.20811462402344,54.692264556884766,61.29857635498047,44.546295166015625,70.91914367675781,75.57026672363281,90.22447204589844,28.438209533691406,39.70657730102539,27.618345260620117,59.44623565673828,43.70547866821289,66.88530731201172,56.79095458984375,9.601092338562012,33.70819854736328,25.91267967224121,115.89872741699219,48.342899322509766,15.926356315612793,6.9460954666137695,31.081748962402344,12.978517532348633,39.643741607666016,54.907840728759766,55.88772964477539,63.15660858154297,16.20294189453125,24.019174575805664,31.935487747192383,54.05984878540039,66.3665771484375
2013-04-03,23.233701705932617,13.159806251525879,57.88459777832031,53.917572021484375,33.40263748168945,54.835811614990234,69.97135162353516,29.28763198852539,27.17850685119629,54.56929397583008,16.616872787475586,15.21509075164795,124.51667785644531,26.936161041259766,71.39445495605469,14.321791648864746,19.727001190185547,52.747276306152344,59.733299255371094,54.04370880126953,60.749717712402344,43.95058822631836,71.1468734741211,74.44097137451172,88.91014099121094,28.5956974029541,38.90871047973633,27.444604873657227,58.399620056152344,43.97621536254883,66.94161987304688,55.788841247558594,9.332422256469727,33.3095703125,25.76512336730957,113.31495666503906,47.309505462646484,15.493331909179688,6.7699079513549805,30.41177749633789,12.681661605834961,39.141929626464844,54.52180862426758,56.51585388183594,61.954124450683594,16.028026580810547,23.39950942993164,31.582162857055664,53.6676025390625,66.9667739868164
2013-04-04,23.26624870300293,13.029733657836914,58.12440872192383,53.821651458740234,33.85894775390625,55.1306266784668,70.14364624023438,29.261808395385742,27.428850173950195,54.963233947753906,16.691287994384766,15.280143737792969,123.7262954711914,26.91122055053711,72.38715362548828,14.328600883483887,19.77891731262207,52.99463653564453,59.81246566772461,54.3532600402832,61.11801528930664,43.86442947387695,71.64446258544922,75.20094299316406,89.21939086914062,28.855506896972656,39.785640716552734,27.250816345214844,58.83112335205078,44.03810501098633,67.15982818603516,56.19304275512695,9.435149192810059,33.38649368286133,26.292098999023438,112.98311614990234,47.722869873046875,15.654803276062012,6.7538886070251465,30.602256774902344,12.788530349731445,38.87781524658203,54.74427032470703,57.2325553894043,62.321197509765625,16.184532165527344,23.65300750732422,32.0728645324707,54.14474868774414,67.66958618164062
2013-04-05,23.34759521484375,12.89203929901123,57.863441467285156,53.36600875854492,34.158409118652344,54.91303634643555,69.81690216064453,29.13913345336914,27.11761474609375,54.31359100341797,16.656938552856445,15.135583877563477,122.61381530761719,26.628559112548828,72.9554443359375,14.03576374053955,19.82822608947754,52.52234649658203,59.78986740112305,53.78575897216797,61.09634017944336,43.729549407958984,72.67338562011719,73.89408874511719,88.63951110839844,28.587820053100586,39.99409484863281,27.13720703125,59.25343704223633,43.69001007080078,66.54737091064453,54.98884582519531,9.458854675292969,33.12773513793945,26.102384567260742,113.53620147705078,47.31598663330078,15.823603630065918,6.641767978668213,30.87811851501465,12.681661605834961,38.65331268310547,54.65919494628906,57.62717056274414,62.85281753540039,16.037235260009766,23.357248306274414,31.88968276977539,53.26727294921875,67.66169738769531
2013-04-08,23.258115768432617,12.98373031616211,57.20750045776367,53.120182037353516,34.636085510253906,55.306121826171875,69.98921203613281,29.365114212036133,27.645360946655273,54.94249725341797,16.691287994384766,15.244003295898438,122.56110382080078,26.902904510498047,73.01299285888672,14.008523941040039,20.061840057373047,53.39198303222656,59.77287673950195,54.205841064453125,60.80027770996094,44.10420608520508,73.16254425048828,74.64693450927734,89.37400817871094,28.776782989501953,40.56913375854492,27.2174072265625,59.89609146118164,43.95302200317383,66.94161987304688,55.24147033691406,9.648509979248047,33.008846282958984,26.011051177978516,113.63892364501953,47.916622161865234,15.955718040466309,6.8232951164245605,31.30508041381836,12.618330001831055,39.161746978759766,54.456363677978516,57.75603103637695,62.941429138183594,16.23056411743164,23.462881088256836,32.08072280883789,53.15406036376953,68.29346466064453
2013-04-09,24.087890625,13.007186889648438,57.49668502807617,53.222110748291016,34.70737838745117,54.934078216552734,70.48229217529297,29.38448715209961,27.54386329650879,54.74208450317383,16.66266441345215,15.721052169799805,122.50252532958984,27.468238830566406,72.69649505615234,14.280928611755371,20.27727508544922,53.37696838378906,59.885921478271484,54.19849395751953,62.035186767578125,43.9281120300293,73.55047607421875,74.0787582397461,89.14208221435547,28.863380432128906,40.66976547241211,27.28421974182129,59.61148452758789,43.891136169433594,67.16686248779297,54.921485900878906,9.680116653442383,33.778114318847656,26.31316375732422,115.77230834960938,48.078094482421875,15.955718040466309,6.8339762687683105,31.732036590576172,12.6895751953125,39.47207260131836,54.66574478149414,57.62717056274414,62.85281753540039,16.331830978393555,23.047422409057617,32.074127197265625,53.63929748535156,68.45142364501953
2013-04-10,24.6329288482666,13.272522926330566,57.849327087402344,53.168148040771484,35.1137809753418,55.62199020385742,71.07636260986328,30.243228912353516,27.787439346313477,55.32950973510742,17.126314163208008,16.089691162109375,124.13031768798828,28.0418758392334,73.00582122802734,14.621437072753906,20.082603454589844,53.74432373046875,60.86941146850586,54.83967208862305,62.5190315246582,44.31024932861328,74.06495666503906,76.88421630859375,91.15223693847656,29.209800720214844,40.94291687011719,27.52478790283203,59.92363739013672,44.548648834228516,67.56815338134766,55.073055267333984,9.735429763793945,34.77817916870117,26.397489547729492,118.09535217285156,49.124385833740234,16.308006286621094,7.004823207855225,31.600650787353516,12.923105239868164,39.782405853271484,55.32658386230469,57.79627990722656,63.47941207885742,16.414691925048828,23.357248306274414,32.29808044433594,54.45207595825195,68.78308868408203
2013-04-11,23.542835235595703,13.231090545654297,58.0609130859375,53.49188995361328,35.15656661987305,55.92381286621094,71.8546371459961,30.482126235961914,27.861862182617188,55.26039505004883,17.538442611694336,15.778877258300781,124.66896057128906,27.950424194335938,73.365478515625,14.771258354187012,20.191621780395508,53.90176010131836,61.18593978881836,55.05339431762695,61.8907585144043,44.5238151550293,74.66374206542969,76.86293029785156,91.19085693359375,29.454805374145508,41.51795959472656,27.598291397094727,60.50204849243164,44.86579895019531,68.49738311767578,55.359375,9.695919036865234,36.120914459228516,26.355321884155273,117.78722381591797,49.660457611083984,16.34470558166504,7.23440408706665,31.968481063842773,13.128924369812012,39.722991943359375,55.16953659057617,58.343894958496094,63.99837875366211,16.396276473999023,23.223459243774414,32.44301986694336,55.64494705200195,69.16213989257812
2013-04-12,23.42081069946289,13.093090057373047,58.357139587402344,53.35400390625,34.942665100097656,56.21161651611328,71.25463104248047,30.417551040649414,27.794212341308594,55.2811393737793,17.555614471435547,15.670463562011719,123.76728057861328,27.817411422729492,74.51640319824219,14.669107437133789,20.391489028930664,55.191200256347656,60.863773345947266,54.72174072265625,61.42132568359375,44.347721099853516,74.96733856201172,79.24222564697266,90.6883316040039,29.344165802001953,41.345436096191406,27.678478240966797,61.25486373901367,44.48676300048828,68.41292572021484,55.30884552001953,9.616900444030762,36.31673049926758,26.144535064697266,117.82669067382812,49.60233688354492,16.014429092407227,7.223725318908691,32.0341682434082,13.10517406463623,39.19474792480469,55.051780700683594,58.070072174072266,64.06797790527344,16.529766082763672,22.984046936035156,32.508888244628906,55.09501266479492,68.02496337890625
2013-04-15,23.339454650878906,12.789987564086914,57.63067626953125,51.85512161254883,34.17265319824219,55.90977478027344,69.25253295898438,29.997879028320312,27.1243839263916,54.54165267944336,17.429683685302734,15.453619003295898,122.52593231201172,27.26870346069336,73.4805908203125,14.335412979125977,20.368125915527344,54.14916229248047,59.7785530090332,53.21091079711914,59.413665771484375,43.78573989868164,73.17940521240234,77.0475845336914,88.17567443847656,28.553852081298828,40.4756965637207,27.230772018432617,59.83183288574219,43.69773864746094,67.1880111694336,53.97834396362305,9.466756820678711,35.44255447387695,25.694868087768555,115.72492218017578,48.026432037353516,15.764884948730469,6.914061069488525,31.93564796447754,12.950809478759766,37.794944763183594,53.919857025146484,57.039283752441406,63.422428131103516,16.023418426513672,22.19537925720215,32.3178596496582,53.150028228759766,65.50579833984375
2013-04-16,23.56723976135254,12.98464584350586,58.850852966308594,51.92706298828125,34.57192611694336,56.22565841674805,69.51393127441406,30.320709228515625,28.667003631591797,55.28806686401367,17.710163116455078,15.843932151794434,124.13031768798828,27.784149169921875,74.12078094482422,14.410323143005371,20.42264175415039,54.32157516479492,59.99897766113281,53.93316650390625,59.65919494628906,44.7073974609375,73.28063201904297,78.73088073730469,89.29669952392578,28.767234802246094,41.42451858520508,27.437915802001953,60.961082458496094,44.23149490356445,67.76524353027344,54.390968322753906,9.703824043273926,36.372676849365234,26.039148330688477,113.86016082763672,49.130863189697266,16.036447525024414,7.004823207855225,32.22465515136719,13.180375099182129,37.927001953125,54.449851989746094,57.40971374511719,64.28952026367188,16.285799026489258,22.66012954711914,32.8448371887207,54.4076042175293,65.68743896484375
2013-04-17,23.453351974487305,12.270585060119629,59.17530822753906,51.60930633544922,33.35986328125,55.49562072753906,68.20694732666016,30.191566467285156,28.788785934448242,54.49330139160156,17.67009735107422,15.85115909576416,122.76602172851562,27.010984420776367,73.7611083984375,14.049384117126465,20.378507614135742,54.576454162597656,59.62027359008789,52.982444763183594,58.835941314697266,44.15289306640625,73.11194610595703,77.72941589355469,87.98234558105469,29.46271324157715,41.122615814208984,27.270858764648438,59.55641174316406,44.45582962036133,67.2724838256836,54.003597259521484,9.245504379272461,36.323726654052734,25.687849044799805,111.0946273803711,48.16852951049805,15.75755500793457,6.90338134765625,31.88965606689453,13.23183822631836,37.51103210449219,53.991817474365234,56.467525482177734,63.707244873046875,16.17532730102539,22.582672119140625,32.63405227661133,53.5381965637207,65.19783782958984
2013-04-18,23.42081069946289,11.943108558654785,58.66750717163086,51.933082580566406,33.25290298461914,56.0642204284668,68.67034149169922,30.062435150146484,28.484325408935547,56.15192794799805,17.509824752807617,16.07522964477539,121.2905044555664,26.703372955322266,73.30792999267578,14.015329360961914,20.028100967407227,54.336570739746094,59.337669372558594,52.67291259765625,58.47978210449219,44.42266845703125,72.63119506835938,76.32311248779297,87.63446044921875,29.146577835083008,40.87822723388672,27.097124099731445,58.7668571472168,43.54304122924805,66.89228820800781,54.76991653442383,9.040043830871582,35.56843948364258,25.484079360961914,109.51435089111328,47.46452713012695,14.90618896484375,6.807281017303467,31.9947566986084,13.362445831298828,37.847755432128906,53.89369201660156,56.266231536865234,64.15025329589844,15.963578224182129,22.470008850097656,32.8448371887207,56.87422561645508,65.20572662353516
2013-04-19,24.218053817749023,11.896803855895996,59.59143829345703,52.430686950683594,33.67356872558594,57.159236907958984,68.85449981689453,30.66291618347168,28.86321449279785,57.2024040222168,17.778854370117188,16.21979331970215,111.24884796142578,26.91122055053711,71.8764419555664,13.933610916137695,20.321409225463867,55.47606658935547,59.75027084350586,54.67015838623047,58.45800018310547,45.11223602294922,74.18302917480469,79.10726928710938,84.07804107666016,29.399486541748047,41.85605239868164,27.498062133789062,59.813472747802734,44.41714859008789,67.77934265136719,56.622520446777344,9.213889122009277,37.18390655517578,25.7791805267334,109.60917663574219,48.13623046875,15.104351997375488,6.90338134765625,32.415138244628906,13.342658042907715,37.96001052856445,54.29933166503906,57.16010665893555,67.15018463134766,16.120086669921875,22.66012954711914,33.16104507446289,57.25434875488281,65.90855407714844
2013-04-22,25.080364227294922,12.144771575927734,59.83124923706055,52.81440353393555,33.759132385253906,57.1381950378418,69.25253295898438,30.94055938720703,28.9038143157959,57.62397766113281,17.704437255859375,16.537830352783203,109.97828674316406,27.03593635559082,71.44483184814453,14.022144317626953,20.238346099853516,55.37113952636719,59.80112838745117,54.972320556640625,60.11516189575195,45.37222671508789,73.32276916503906,80.55619049072266,82.53179168701172,29.15447235107422,41.93545150756836,28.019287109375,59.71247863769531,44.54092025756836,67.47663879394531,56.13410949707031,9.261302947998047,37.79933166503906,25.807281494140625,110.24129486083984,48.43331527709961,15.19975757598877,6.972790241241455,32.65816879272461,13.540556907653809,37.89399719238281,54.47600555419922,56.9990234375,66.8274154663086,16.239765167236328,22.68830108642578,33.2335090637207,58.04689025878906,66.19284057617188
2013-04-23,24.893259048461914,12.372027397155762,60.2685661315918,53.53984832763672,34.34377670288086,57.938392639160156,69.79317474365234,31.398977279663086,28.890277862548828,58.12155532836914,17.790294647216797,16.899232864379883,112.1915283203125,26.986042022705078,71.76134490966797,14.240073204040527,20.529056549072266,55.01127243041992,60.69985580444336,55.09760284423828,61.125396728515625,45.75657272338867,74.36856842041016,80.08745574951172,83.11163330078125,29.407384872436523,41.870506286621094,28.26654624938965,60.26334762573242,45.121063232421875,68.32844543457031,56.79935073852539,9.537874221801758,37.29581832885742,26.08833122253418,112.94361114501953,49.27294158935547,15.860297203063965,7.132960796356201,32.59248352050781,13.722635269165039,38.1515007019043,54.790077209472656,57.570796966552734,66.76414489746094,16.35484504699707,22.920671463012695,33.38501739501953,58.5523567199707,66.95097351074219
2013-04-24,25.836925506591797,12.351615905761719,59.52091979980469,53.61781311035156,34.73590087890625,54.53158950805664,70.2684097290039,30.95992088317871,28.518159866333008,56.90523910522461,17.515541076660156,17.101613998413086,112.25013732910156,27.027612686157227,72.66768646240234,13.885939598083496,20.253915786743164,54.936317443847656,60.97115707397461,55.14918899536133,60.892822265625,44.42641830444336,76.60352325439453,74.52618408203125,84.88982391357422,28.862070083618164,41.5529670715332,27.698528289794922,59.87773895263672,43.35737991333008,68.77198028564453,56.77409744262695,9.72752857208252,35.365623474121094,26.235885620117188,113.72582244873047,46.986595153808594,15.742873191833496,7.116946220397949,32.218082427978516,13.690971374511719,38.46843338012695,54.6330451965332,59.40686798095703,65.4413833618164,16.35484504699707,22.80800437927246,32.5023078918457,58.625152587890625,67.21945190429688
2013-04-25,25.983356475830078,12.440568923950195,60.106319427490234,52.802398681640625,34.93553161621094,54.149757385253906,70.4050521850586,30.572521209716797,28.653470993041992,57.23695373535156,17.320932388305664,16.899232864379883,113.5616683959961,26.828086853027344,72.61016845703125,14.05618667602539,20.41485023498535,55.00376892089844,59.28112030029297,54.92811584472656,61.42341232299805,44.99917984008789,77.31192016601562,77.17543029785156,84.8511734008789,28.838359832763672,41.81275939941406,26.876602172851562,60.33677291870117,43.65131378173828,69.18025207519531,57.371978759765625,9.830255508422852,35.96705627441406,26.44667625427246,114.38166046142578,46.295528411865234,15.728191375732422,7.191690921783447,32.6450309753418,13.588056564331055,38.541072845458984,55.8892707824707,59.98667907714844,65.47933197021484,16.5435733795166,23.36429786682129,32.53523635864258,59.40558624267578,67.9380874633789
2013-04-26,25.861330032348633,12.70925521850586,60.03582000732422,52.76044464111328,34.8499755859375,54.517459869384766,71.31400299072266,30.908275604248047,28.484325408935547,57.0227165222168,17.223623275756836,16.913692474365234,113.77241516113281,26.902904510498047,72.5741958618164,14.076620101928711,20.516084671020508,54.9887809753418,58.665042877197266,54.46379852294922,61.5469856262207,44.837154388427734,78.30711364746094,76.9765396118164,85.85626983642578,28.814647674560547,41.66122055053711,26.91668701171875,60.41940689086914,43.67453384399414,69.67303466796875,57.051998138427734,9.814454078674316,35.932090759277344,26.615312576293945,113.8680191040039,45.869239807128906,15.742903709411621,7.298470497131348,32.36258316040039,13.568266868591309,38.89762496948242,56.079017639160156,59.78534698486328,65.26416778564453,16.603412628173828,23.56850814819336,32.72626495361328,58.60493469238281,67.51164245605469
2013-04-29,26.52840232849121,13.10284423828125,60.360233306884766,52.88633346557617,34.87849807739258,54.927589416503906,72.07444763183594,30.875993728637695,28.579057693481445,57.119483947753906,17.418235778808594,17.173904418945312,116.6063232421875,26.803144454956055,73.50214385986328,14.287739753723145,20.34735870361328,55.22868728637695,58.68762969970703,54.39011001586914,61.634178161621094,44.9803466796875,77.50591278076172,75.76203155517578,86.08819580078125,29.02803611755371,41.45193862915039,26.66944122314453,60.65810775756836,43.326446533203125,69.73638916015625,56.950950622558594,9.782843589782715,35.72929000854492,26.615312576293945,114.65821838378906,46.166343688964844,16.338781356811523,7.293129920959473,32.46110534667969,13.635552406311035,39.55131530761719,56.445411682128906,60.36518859863281,65.38440704345703,16.851985931396484,23.962827682495117,33.07542037963867,59.45008087158203,70.14924621582031
2013-04-30,26.92702293395996,13.488503456115723,60.11338806152344,53.35400390625,34.942665100097656,54.28411865234375,72.484375,30.346534729003906,28.63994598388672,56.99506378173828,16.6397705078125,17.311229705810547,118.59123992919922,27.2520751953125,73.47337341308594,14.246877670288086,20.173458099365234,54.9887809753418,59.18503952026367,54.19849395751953,61.53969192504883,44.99542236328125,77.09264373779297,74.01483154296875,86.16548156738281,29.178192138671875,41.985958099365234,26.5424861907959,60.749908447265625,42.83909225463867,69.75751495361328,57.607784271240234,9.72752857208252,35.414588928222656,26.685565948486328,115.41673278808594,46.825130462646484,16.294652938842773,7.319827079772949,32.52024459838867,13.6078462600708,39.91447067260742,56.1640625,60.99333190917969,65.3084487915039,16.805952072143555,23.89946174621582,33.213741302490234,59.498565673828125,70.52044677734375
2013-05-01,26.61789894104004,13.382189750671387,59.40805435180664,52.466678619384766,34.22969055175781,54.4396858215332,71.45063781738281,29.500707626342773,28.558748245239258,56.815372467041016,16.542465209960938,17.340147018432617,116.88741302490234,27.567996978759766,72.92668914794922,13.879128456115723,20.2617130279541,54.546470642089844,59.09461212158203,53.45412826538086,60.384063720703125,44.893672943115234,76.89866638183594,74.24917602539062,85.62432098388672,29.15447235107422,42.397300720214844,26.5424861907959,60.024627685546875,41.957252502441406,69.94055938720703,57.49831771850586,9.593191146850586,35.06492233276367,26.320192337036133,112.6828384399414,46.314903259277344,16.073949813842773,7.196128845214844,32.14583969116211,13.536603927612305,39.623939514160156,55.49669647216797,60.92083740234375,65.37174987792969,16.718496322631836,23.64596939086914,33.2005729675293,58.714111328125,69.3121566772461
2013-05-02,26.975828170776367,13.571975708007812,60.06401062011719,53.13816452026367,34.27960205078125,54.98414611816406,72.50218200683594,29.52654457092285,28.389596939086914,57.057247161865234,16.754247665405273,17.426881790161133,118.50342559814453,28.008607864379883,73.41582489013672,14.117481231689453,20.36553382873535,54.97380065917969,59.93680191040039,54.51537322998047,61.24169921875,45.49281692504883,77.76736450195312,74.99497985839844,86.28148651123047,29.28882598876953,42.541622161865234,26.736263275146484,62.49428176879883,42.3130989074707,70.86981964111328,58.42461013793945,9.63270092010498,36.49155807495117,26.285062789916992,113.5203857421875,46.734710693359375,16.397640228271484,7.212264060974121,32.10641098022461,13.702844619750977,40.2512092590332,55.830379486083984,61.452335357666016,66.16919708251953,16.870393753051758,23.660045623779297,33.2335090637207,60.040428161621094,70.70994567871094
2013-05-03,27.244285583496094,13.707842826843262,60.48011779785156,53.97153854370117,33.91598892211914,55.288185119628906,73.36360931396484,29.4877872467041,28.579057693481445,57.24385070800781,16.576799392700195,17.481603622436523,119.74474334716797,27.750905990600586,74.03446197509766,14.185583114624023,20.570585250854492,55.44608688354492,60.94853210449219,55.451377868652344,63.218631744384766,45.65107345581055,79.0577163696289,75.6270751953125,87.2479019165039,29.083351135253906,42.31792449951172,26.863231658935547,61.63127517700195,42.53742218017578,71.81314086914062,59.140403747558594,9.672212600708008,38.568599700927734,26.516929626464844,114.86360931396484,47.309505462646484,16.74338722229004,7.4381513595581055,31.54153823852539,13.738463401794434,40.88509750366211,56.327640533447266,61.87913131713867,66.69453430175781,16.805952072143555,24.08254623413086,33.41136932373047,61.577030181884766,71.4996566772461
2013-05-06,27.45579719543457,14.03471565246582,59.7254524230957,54.30728530883789,34.35089874267578,54.97706985473633,73.22099304199219,29.042285919189453,28.47079849243164,57.01578903198242,16.439430236816406,17.44512176513672,118.7318115234375,27.85897445678711,73.42300415039062,14.171965599060059,20.461576461791992,56.42068099975586,60.95419692993164,56.070430755615234,63.66200637817383,45.2930908203125,79.4372329711914,74.45519256591797,87.28655242919922,28.332550048828125,41.81275939941406,26.742952346801758,61.594566345214844,42.13518524169922,71.93986511230469,58.997215270996094,10.177950859069824,38.0650749206543,26.629362106323242,117.29729461669922,47.32889175415039,17.12592887878418,7.577987194061279,31.423301696777344,13.655344009399414,41.08317565917969,56.949222564697266,62.056312561035156,66.1185531616211,16.60801887512207,23.85721778869629,32.666996002197266,61.36676025390625,71.96556854248047
2013-05-07,27.097858428955078,13.972262382507324,60.32497024536133,54.649017333984375,35.03534698486328,55.111427307128906,73.09628295898438,29.229528427124023,28.890277862548828,57.596309661865234,16.616872787475586,17.62023162841797,119.22941589355469,27.651134490966797,73.58129119873047,13.879128456115723,20.461576461791992,56.27824783325195,61.05030059814453,56.674808502197266,65.260986328125,45.342079162597656,79.9432601928711,74.19239044189453,87.6731185913086,28.498523712158203,42.245758056640625,26.742952346801758,61.447669982910156,41.90311050415039,72.42561340332031,59.148807525634766,10.193757057189941,37.15593719482422,26.98065757751465,117.9847640991211,47.50327682495117,17.118566513061523,7.631767272949219,32.3100471496582,13.849296569824219,41.492557525634766,58.00916290283203,62.1771125793457,66.14387512207031,16.787538528442383,24.181129455566406,33.43770980834961,61.9571533203125,72.43939971923828
2013-05-08,26.837533950805664,14.130062103271484,60.27555847167969,54.978782653808594,35.47738265991211,55.46495819091797,73.286376953125,29.048744201660156,28.727901458740234,57.53413772583008,16.582242965698242,17.693191528320312,120.48839569091797,27.817411422729492,72.61734771728516,14.110675811767578,20.432842254638672,56.54059600830078,61.15768051147461,57.10224914550781,65.6389389038086,45.413673400878906,79.71859741210938,74.62562561035156,88.94878387451172,28.6803035736084,42.065338134765625,26.515756607055664,62.77888870239258,42.17385482788086,71.66532897949219,59.20774459838867,10.288579940795898,36.63143539428711,27.228515625,118.72744750976562,48.349361419677734,17.4128360748291,7.642523765563965,32.264060974121094,13.746381759643555,41.327484130859375,58.251251220703125,62.652225494384766,65.99197387695312,16.810556411743164,24.223379135131836,32.89754867553711,62.984256744384766,72.92899322509766
2013-05-09,26.569076538085938,14.006791114807129,60.05695343017578,54.95463943481445,34.96405792236328,55.30231857299805,73.45272064208984,29.371566772460938,28.497861862182617,57.25767517089844,16.5072078704834,17.773454666137695,119.55888366699219,28.016929626464844,71.71100616455078,14.185583114624023,20.472017288208008,56.87798309326172,62.129859924316406,57.323326110839844,65.37728881835938,45.289329528808594,80.20181274414062,74.26341247558594,88.0596923828125,28.593364715576172,41.48802947998047,26.682802200317383,62.45756912231445,42.204811096191406,71.3485107421875,59.12355422973633,10.201654434204102,36.91815185546875,26.831939697265625,117.36837005615234,48.08454895019531,17.221553802490234,7.637147426605225,31.403602600097656,13.635552406311035,41.32087326049805,58.132625579833984,62.53948211669922,65.16920471191406,16.732297897338867,23.878337860107422,32.6933479309082,62.48896408081055,72.80265808105469
2013-05-10,26.59347915649414,13.89026165008545,60.487186431884766,54.417335510253906,34.90700912475586,55.691246032714844,73.20913696289062,29.668582916259766,28.518159866333008,57.36134719848633,16.576473236083984,17.87559700012207,120.28248596191406,28.282974243164062,72.07787322998047,14.36945915222168,20.599973678588867,56.982940673828125,62.4463996887207,57.293853759765625,64.4106674194336,45.48904037475586,79.88814544677734,75.79753112792969,88.52356719970703,28.585453033447266,41.87770462036133,27.05702018737793,63.182857513427734,42.40591812133789,71.76387023925781,59.014095306396484,10.288579940795898,36.981101989746094,26.93109130859375,117.8108901977539,48.562503814697266,17.61145782470703,7.588739395141602,32.00132751464844,13.651387214660645,41.08977127075195,58.20512008666992,62.756919860839844,65.4603500366211,16.88420295715332,23.983964920043945,32.877784729003906,62.57421875,72.8895263671875
2013-05-13,26.87007713317871,13.944540023803711,60.55064392089844,54.393184661865234,35.41322708129883,55.57101821899414,72.98338317871094,29.810636520385742,28.545217514038086,57.38208770751953,16.95163917541504,17.569164276123047,119.10596466064453,28.08342742919922,72.20733642578125,14.485233306884766,20.498126983642578,57.47770690917969,62.45771026611328,57.38230895996094,64.01087188720703,45.56062698364258,80.3289566040039,75.91830444335938,88.33026123046875,28.727706909179688,42.25298309326172,27.357725143432617,63.375648498535156,43.535301208496094,71.72869110107422,58.76987075805664,10.25697135925293,38.093048095703125,27.05147933959961,118.22969055175781,48.562503814697266,17.42019271850586,7.534959316253662,32.231224060058594,13.496349334716797,40.93790054321289,58.0074577331543,62.45895767211914,65.63756561279297,16.994674682617188,23.934682846069336,32.99635696411133,62.20075607299805,73.11062622070312
2013-05-14,27.468093872070312,13.610906600952148,61.34062576293945,55.002933502197266,35.81249237060547,56.19327926635742,74.26068878173828,30.120548248291016,28.768497467041016,57.70690155029297,16.96894645690918,17.3940486907959,119.5412826538086,27.991992950439453,72.79718017578125,14.485233306884766,20.57124137878418,57.96499252319336,62.508575439453125,58.340396881103516,63.63294982910156,46.48005676269531,81.4733657836914,77.00262451171875,88.94878387451172,29.280920028686523,43.349891662597656,28.206403732299805,62.31985855102539,43.59772872924805,72.41858673095703,60.218257904052734,10.541452407836914,39.337867736816406,27.448043823242188,122.09349822998047,49.505455017089844,17.85422134399414,7.674796104431152,32.57278060913086,13.834253311157227,41.6378173828125,58.24463653564453,63.586387634277344,66.49195861816406,17.059120178222656,24.118783950805664,33.35207748413086,63.662269592285156,74.05038452148438
2013-05-15,27.73023796081543,13.150623321533203,61.813175201416016,55.08139419555664,36.42564392089844,57.04887771606445,73.66780090332031,30.172210693359375,29.039125442504883,58.225223541259766,17.061298370361328,17.656709671020508,119.60599517822266,28.25802993774414,73.3366928100586,14.444375038146973,20.853252410888672,58.38482666015625,63.02293395996094,58.878387451171875,63.23318099975586,46.932247161865234,82.24476623535156,76.63167572021484,89.8379135131836,29.76302146911621,43.55194854736328,29.629745483398438,62.521812438964844,44.26102828979492,73.249267578125,61.287723541259766,10.62047004699707,39.41480255126953,27.83045196533203,122.95477294921875,50.10611343383789,18.288257598876953,7.889926433563232,32.86179733276367,14.001213073730469,41.21522903442383,58.37642288208008,63.96485900878906,66.21349334716797,17.24324607849121,24.57906723022461,33.5496940612793,63.524227142333984,70.78890991210938
2013-05-16,27.918655395507812,13.326335906982422,61.679134368896484,54.75541305541992,36.340091705322266,56.709468841552734,73.51807403564453,29.93975830078125,29.154159545898438,57.872737884521484,16.88237762451172,17.467012405395508,120.41191101074219,28.573944091796875,72.7396469116211,16.26949691772461,20.498126983642578,57.53769302368164,62.7798957824707,58.32279586791992,63.07328414916992,47.01137924194336,81.87179565429688,74.8838882446289,89.95386505126953,29.107065200805664,42.8447265625,28.580602645874023,61.84244918823242,43.65235900878906,73.21408081054688,60.82456588745117,10.557250022888184,38.43571853637695,27.802127838134766,122.0539779663086,49.892982482910156,18.082271575927734,7.8737897872924805,32.25749969482422,13.941588401794434,41.221839904785156,57.88226318359375,63.63469696044922,65.66287994384766,17.114364624023438,24.18960189819336,33.2466926574707,63.15071105957031,70.59147644042969
2013-05-17,28.56583023071289,13.285858154296875,62.13052749633789,55.39533996582031,37.28833770751953,56.58219528198242,73.91331481933594,29.694414138793945,29.072959899902344,57.91423034667969,16.71498680114746,17.53997802734375,122.61788940429688,29.122644424438477,73.04176330566406,16.507850646972656,20.333616256713867,57.62015914916992,62.960750579833984,59.81917953491211,63.720123291015625,46.755130767822266,83.85540008544922,75.35472869873047,90.6883316040039,28.917387008666992,42.89524841308594,28.934782028198242,62.33822250366211,43.62113571166992,74.91067504882812,61.74245834350586,10.612567901611328,39.37284851074219,28.241178512573242,124.98543548583984,50.609886169433594,18.531024932861328,8.110433578491211,32.7694091796875,14.080728530883789,41.802894592285156,58.44231414794922,66.18749237060547,66.04261016845703,17.23404312133789,24.784421920776367,33.174217224121094,64.48639678955078,68.680419921875
2013-05-20,28.737865447998047,13.582386016845703,62.07412338256836,55.85414505004883,37.28121566772461,55.92456817626953,74.72779083251953,29.190792083740234,28.673778533935547,57.078006744384766,16.56492805480957,17.569164276123047,122.12378692626953,29.014562606811523,73.04176330566406,16.31035614013672,20.210891723632812,57.54518508911133,63.14728546142578,59.656227111816406,64.1998519897461,46.385860443115234,83.6858901977539,72.8935546875,91.11353302001953,29.881568908691406,42.563297271728516,29.242168426513672,61.43848419189453,42.9344367980957,75.01625061035156,62.65193557739258,10.675786972045898,38.98121643066406,28.467788696289062,125.55437469482422,50.609886169433594,18.44274139404297,8.09429931640625,32.86188888549805,13.802452087402344,42.27829360961914,58.34349060058594,65.72040557861328,65.10594177246094,17.18801498413086,24.35955238342285,32.36397171020508,63.763763427734375,69.525390625
2013-05-21,28.549453735351562,13.4821138381958,62.48320388793945,56.023197174072266,37.801673889160156,55.71952819824219,75.4224853515625,30.559606552124023,28.646709442138672,57.10563659667969,16.61109733581543,17.62023162841797,122.74142456054688,29.18083381652832,73.47337341308594,16.351219177246094,20.208284378051758,59.007041931152344,63.311222076416016,59.37472152709961,64.03267669677734,46.4084587097168,83.7113265991211,74.36309814453125,91.46146392822266,29.81043815612793,42.945762634277344,29.442649841308594,62.06281280517578,43.02808380126953,75.3189697265625,63.24980545043945,10.62047004699707,39.491729736328125,28.807695388793945,127.00032043457031,50.777801513671875,18.479528427124023,8.040515899658203,33.09968566894531,13.84618091583252,42.46318054199219,58.49501419067383,65.59964752197266,64.49834442138672,16.994674682617188,24.57906723022461,32.515472412109375,64.52702331542969,69.1700210571289
2013-05-22,28.35284423828125,13.53393840789795,62.39152145385742,55.654930114746094,38.2365837097168,55.73368453979492,74.81763458251953,30.159303665161133,28.5858211517334,57.34062576293945,16.91123390197754,17.561866760253906,121.76493072509766,28.36610221862793,73.18563842773438,15.894937515258789,20.114273071289062,59.741729736328125,62.978675842285156,58.95987319946289,63.741966247558594,46.28035354614258,83.01618957519531,74.56999206542969,92.23460388183594,29.81043815612793,42.36121368408203,31.00632095336914,62.393287658691406,42.85639190673828,74.96700286865234,62.685604095458984,10.517744064331055,39.11408615112305,28.396984100341797,125.90199279785156,50.20298385620117,18.170551300048828,8.05127239227295,33.1195068359375,13.563929557800293,41.8560905456543,58.07334518432617,65.11643981933594,64.6502685546875,16.9854679107666,24.175437927246094,32.29808044433594,63.962677001953125,68.56985473632812
2013-05-23,27.976011276245117,13.558159828186035,61.97225570678711,55.413448333740234,38.036956787109375,55.64881134033203,75.0990982055664,30.559606552124023,28.36930274963379,56.753177642822266,16.80156707763672,17.547269821166992,121.27665710449219,28.457565307617188,72.67491149902344,16.010705947875977,19.93149185180664,59.15699768066406,62.76266098022461,58.70061111450195,63.196834564208984,45.948753356933594,84.55903625488281,75.34757232666016,91.46146392822266,29.620763778686523,42.09420394897461,31.407272338867188,62.356563568115234,42.715938568115234,74.83321380615234,62.896148681640625,10.438721656799316,38.79938507080078,28.33323860168457,124.37701416015625,49.63462448120117,17.83950424194336,7.965219497680664,33.29124450683594,13.591757774353027,41.889442443847656,57.5264892578125,65.43289184570312,64.89708709716797,16.967060089111328,24.18960189819336,32.179508209228516,63.682525634765625,68.84625244140625
2013-05-24,28.07431983947754,13.650461196899414,61.69513702392578,55.2564697265625,38.25797653198242,57.897396087646484,75.12903594970703,30.449840545654297,28.579057693481445,57.07109069824219,16.76116371154785,17.452417373657227,121.01780700683594,28.30790138244629,72.1426010131836,16.02433204650879,20.187397003173828,59.21696853637695,62.68305969238281,58.73762512207031,62.65901565551758,46.099483489990234,84.77094268798828,75.55445098876953,90.95892333984375,29.842052459716797,42.722049713134766,31.674551010131836,61.72309494018555,42.24773025512695,75.36822509765625,63.38454818725586,10.46242904663086,39.03016662597656,28.496118545532227,125.41211700439453,49.679840087890625,17.91307830810547,7.954464435577393,33.535640716552734,13.607659339904785,41.71599578857422,57.210227966308594,65.93598937988281,65.51097869873047,17.072933197021484,23.9913272857666,32.26515197753906,63.6703987121582,68.14342498779297
2013-05-28,28.688718795776367,13.536696434020996,62.256500244140625,55.769622802734375,38.92816925048828,57.176143646240234,75.71595764160156,30.74684715270996,28.788785934448242,56.96742630004883,16.743854522705078,17.569164276123047,122.2296371459961,28.706958770751953,72.82598114013672,16.26949691772461,20.190006256103516,59.839202880859375,63.433433532714844,59.09321212768555,62.64445877075195,46.44615173339844,84.86420440673828,75.7613296508789,91.22953796386719,30.474287033081055,43.450927734375,31.861665725708008,63.41237258911133,42.559879302978516,75.85399627685547,64.1340103149414,10.54935359954834,39.2889289855957,28.69439697265625,127.37785339355469,50.35152816772461,18.192626953125,8.218000411987305,33.178951263427734,13.730897903442383,41.92280578613281,57.15752410888672,66.61759948730469,66.15653991699219,17.063724517822266,24.175437927246094,32.350799560546875,63.87336349487305,68.18289947509766
2013-05-29,28.57404136657715,13.644330024719238,60.86369705200195,55.5885009765625,38.978092193603516,55.79022979736328,75.15301513671875,30.262605667114258,28.01072883605957,56.06209945678711,16.3225040435791,17.70777702331543,122.31198120117188,28.598886489868164,71.2506103515625,16.426136016845703,19.905380249023438,59.59180450439453,63.17194747924805,58.3746452331543,62.86250686645508,44.901222229003906,83.9995346069336,74.47013092041016,91.3841552734375,29.81043815612793,42.750911712646484,31.213464736938477,63.21039962768555,41.94339370727539,75.54425811767578,63.85613250732422,10.652077674865723,38.9042854309082,28.857271194458008,129.09783935546875,49.87360382080078,18.376535415649414,8.406238555908203,32.72317123413086,13.683191299438477,41.88277053833008,56.887359619140625,66.43095397949219,62.96673583984375,16.773731231689453,23.672664642333984,31.738176345825195,63.78000259399414,68.98051452636719
2013-05-30,28.696916580200195,13.847636222839355,61.105308532714844,55.594573974609375,39.655391693115234,55.92456817626953,74.9254379272461,30.391725540161133,27.5844669342041,56.131187438964844,16.30519676208496,17.664011001586914,123.15913391113281,28.54900550842285,70.37336730957031,16.596385955810547,19.74870491027832,59.55432891845703,63.33676528930664,58.8487434387207,62.804359436035156,44.93889236450195,85.22872161865234,75.06222534179688,91.22953796386719,29.778827667236328,42.42618179321289,31.42061996459961,64.03666687011719,42.2009162902832,76.16331481933594,64.11717987060547,10.928654670715332,39.0231819152832,29.211339950561523,130.27099609375,50.06090545654297,18.994470596313477,8.551451683044434,32.37308883666992,13.671260833740234,41.54920196533203,56.90056610107422,67.74542999267578,63.485721588134766,16.769128799438477,23.587688446044922,31.51419448852539,63.45927429199219,69.02787780761719
2013-05-31,28.59041404724121,13.79090690612793,59.81909942626953,54.61656951904297,38.92102813720703,54.277042388916016,73.51211547851562,30.15283966064453,27.056734085083008,55.82020568847656,15.716476440429688,17.715078353881836,122.3708267211914,28.08342742919922,70.01091003417969,16.426136016845703,19.542430877685547,58.96958541870117,62.68305969238281,58.12277603149414,62.36100769042969,43.58989715576172,83.94021606445312,71.71643829345703,90.14714813232422,28.98061180114746,41.5529670715332,30.74569320678711,62.33822250366211,41.483001708984375,75.30941772460938,63.755069732666016,10.794316291809082,38.10004425048828,28.715639114379883,128.47174072265625,49.02751922607422,19.053335189819336,8.433131217956543,31.54741096496582,13.385040283203125,40.922096252441406,56.597469329833984,66.85289001464844,61.283260345458984,16.61722755432129,22.822917938232422,31.01354217529297,62.36311340332031,68.79095458984375
2013-06-03,29.15566635131836,13.821266174316406,60.19572448730469,55.21424102783203,38.8497428894043,54.91343688964844,74.31456756591797,31.282764434814453,27.611534118652344,56.255584716796875,16.016611099243164,18.415508270263672,122.91789245605469,28.590579986572266,71.01862335205078,16.603193283081055,19.764368057250977,59.284446716308594,62.876346588134766,58.411678314208984,62.600868225097656,44.162662506103516,85.39826202392578,70.71769714355469,91.3841552734375,29.367856979370117,42.32514190673828,31.801525115966797,61.45685577392578,41.46738815307617,75.03189086914062,64.39505004882812,10.70739459991455,37.1489372253418,28.843116760253906,129.64480590820312,49.0727424621582,18.869421005249023,8.546074867248535,32.03622055053711,13.452624320983887,41.422462463378906,56.82805633544922,67.38032531738281,61.20098114013672,16.782936096191406,23.12033462524414,31.290225982666016,62.984256744384766,69.77021026611328
2013-06-04,28.66414451599121,13.77802848815918,59.762245178222656,54.80973815917969,38.52890396118164,54.708377838134766,73.63782501220703,31.921972274780273,28.024240493774414,56.41451644897461,15.964661598205566,18.503070831298828,121.29430389404297,28.399356842041016,71.31587219238281,16.589576721191406,19.82965660095215,57.732460021972656,62.54094314575195,57.58939743041992,62.4482307434082,44.36613464355469,84.44036865234375,69.40508270263672,91.46146392822266,29.083351135253906,41.48802947998047,31.29366683959961,61.989341735839844,40.96797180175781,74.76858520507812,64.04979705810547,10.557250022888184,36.5894660949707,28.63774299621582,128.15464782714844,48.58832931518555,18.737003326416016,8.48691177368164,31.725757598876953,13.496349334716797,41.148929595947266,56.63698959350586,66.87721252441406,61.75792694091797,16.667863845825195,23.368175506591797,31.533966064453125,62.34280776977539,68.82257080078125
2013-06-05,28.49211311340332,13.649237632751465,59.463809967041016,54.12154006958008,37.80881881713867,54.20634460449219,72.80540466308594,31.463542938232422,27.503273010253906,56.51058578491211,15.860772132873535,18.02151870727539,119.26480865478516,28.36610221862793,69.90216827392578,16.562335968017578,19.649471282958984,56.57977294921875,61.72807312011719,56.8189697265625,61.35799789428711,43.63511657714844,83.49092102050781,67.48609924316406,90.14714813232422,28.688199996948242,41.300392150878906,30.85261344909668,60.56631088256836,40.429527282714844,73.71541595458984,62.95509719848633,10.351644515991211,35.05092239379883,28.198694229125977,125.47553253173828,47.31598663330078,18.413318634033203,8.201864242553711,32.12207794189453,13.130614280700684,41.108890533447266,55.978111267089844,66.09014892578125,61.08142852783203,16.43770408630371,23.084918975830078,31.08600425720215,60.89344024658203,67.8354263305664
2013-06-06,28.63956642150879,13.4453125,60.018096923828125,54.471675872802734,38.1439094543457,54.3194694519043,72.21849060058594,31.379615783691406,27.597993850708008,56.83070755004883,16.224393844604492,17.98504066467285,119.8883056640625,27.725961685180664,70.09065246582031,16.71897315979004,19.74870491027832,58.207096099853516,61.77355194091797,57.5301399230957,61.052730560302734,43.740638732910156,84.5675048828125,69.5477523803711,90.37908172607422,28.9569034576416,41.77667999267578,31.407272338867188,61.4752197265625,40.64802169799805,74.27046203613281,64.20137023925781,10.43863296508789,35.91110610961914,28.836023330688477,126.5693359375,47.78745651245117,18.69286346435547,8.304052352905273,31.864465713500977,13.166394233703613,41.302371978759766,55.846351623535156,66.73926544189453,61.48988723754883,16.483732223510742,23.12033462524414,31.224349975585938,61.41312026977539,67.98548126220703
2013-06-07,29.221202850341797,13.548039436340332,60.33784484863281,55.208194732666016,38.69289016723633,54.97706985473633,72.88325500488281,31.114883422851562,28.017492294311523,57.42226028442383,16.31096839904785,17.94126319885254,121.38842010498047,28.10838508605957,71.2506103515625,16.6781063079834,19.93149185180664,59.322113037109375,63.16057586669922,58.58207321166992,61.5251579284668,44.539466857910156,86.88176727294922,70.48943328857422,92.23460388183594,29.64447593688965,42.209678649902344,31.741384506225586,62.843135833740234,40.96017074584961,76.39817810058594,65.7171401977539,10.580977439880371,36.988094329833984,29.211339950561523,131.58682250976562,48.87897491455078,19.862550735473633,8.460018157958984,32.643917083740234,13.738845825195312,41.57587814331055,56.907127380371094,68.0618896484375,61.98127365112305,16.640241622924805,23.304441452026367,31.67229461669922,62.89494705200195,68.55404663085938
2013-06-10,29.057361602783203,13.45849895477295,60.50130844116211,55.00896453857422,38.75706100463867,55.20334243774414,73.4761734008789,31.289215087890625,27.861862182617188,57.658897399902344,16.37445831298828,18.247697830200195,120.60600280761719,28.30790138244629,72.15684509277344,16.589576721191406,19.78003692626953,58.56117630004883,62.99003601074219,58.2857666015625,60.907379150390625,44.32844161987305,86.66983795166016,70.13274383544922,91.92534637451172,29.628658294677734,42.289058685302734,31.614421844482422,63.34810256958008,41.07722091674805,75.90713500976562,65.91925048828125,10.517714500427246,36.67339324951172,29.225513458251953,132.75990295410156,48.736873626708984,19.972896575927734,8.44926643371582,32.795841217041016,13.806427001953125,41.4958381652832,56.893978118896484,67.95641326904297,62.26848220825195,16.67706298828125,23.438976287841797,31.7513427734375,62.6310920715332,68.07233428955078
2013-06-11,28.5412654876709,13.418940544128418,60.1815299987793,54.61051940917969,38.136775970458984,55.23870849609375,72.73353576660156,30.708118438720703,27.597993850708008,57.43618392944336,16.403318405151367,18.028818130493164,119.99427032470703,27.908857345581055,71.21437072753906,16.39208221435547,19.649471282958984,58.47076416015625,62.65464782714844,57.90054702758789,60.70386505126953,44.17772674560547,86.25444030761719,69.86166381835938,91.15223693847656,29.107065200805664,42.33958053588867,31.60106658935547,64.22028350830078,40.530982971191406,75.40192413330078,64.4371566772461,10.3753662109375,36.67339324951172,28.793529510498047,129.44668579101562,48.00334548950195,19.193105697631836,8.34169864654541,32.72317123413086,13.746794700622559,41.302371978759766,56.432735443115234,67.32351684570312,62.51097106933594,16.64484405517578,23.453142166137695,31.83698081970215,61.66889190673828,67.31421661376953
2013-06-12,28.672344207763672,13.253046035766602,59.506465911865234,54.17585754394531,37.9157600402832,54.871002197265625,71.8471908569336,30.50796127319336,27.516244888305664,57.143890380859375,16.409086227416992,17.846405029296875,118.35888671875,27.867286682128906,71.22162628173828,16.337602615356445,19.542430877685547,57.55918502807617,61.97819519042969,57.27827453613281,60.47856140136719,43.831050872802734,85.51696014404297,68.74879455566406,90.84296417236328,28.79884910583496,42.13029098510742,31.119918823242188,63.752071380615234,40.406131744384766,76.17758178710938,62.921363830566406,10.327919960021973,35.78523635864258,28.517356872558594,128.29734802246094,47.036155700683594,18.81057357788086,8.266404151916504,32.5910758972168,13.635490417480469,40.61522674560547,56.340518951416016,67.03138732910156,61.78346633911133,16.588926315307617,23.290273666381836,31.9226016998291,61.28318786621094,66.58767700195312
2013-06-13,28.44295883178711,13.368651390075684,60.33784484863281,55.135746002197266,38.62158966064453,55.457889556884766,72.85929870605469,31.211685180664062,27.52986717224121,57.05343246459961,16.78424835205078,18.233110427856445,119.87069702148438,28.474170684814453,71.68560028076172,16.582763671875,19.584199905395508,57.65708541870117,63.21174240112305,58.01164245605469,61.881290435791016,44.05714416503906,86.60201263427734,70.27540588378906,91.53877258300781,29.004329681396484,42.772579193115234,31.52086067199707,63.742897033691406,40.46073913574219,76.83226013183594,63.334014892578125,10.446539878845215,36.330726623535156,28.991823196411133,131.4362030029297,48.26301956176758,19.39908790588379,8.37934684753418,33.07325744628906,13.937614440917969,41.12891387939453,56.87419128417969,67.23421478271484,62.26848220825195,16.663482666015625,23.644346237182617,32.29149627685547,63.03705978393555,67.59852600097656
2013-06-14,28.180814743041992,13.187420845031738,60.33784484863281,54.682952880859375,37.88010025024414,55.1750602722168,72.03285217285156,31.24425506591797,27.482177734375,57.15780258178711,16.790021896362305,18.18204116821289,118.94711303710938,28.07512664794922,71.35211181640625,16.405704498291016,19.550256729125977,57.70231628417969,63.115089416503906,57.91533279418945,60.958251953125,44.32844161987305,86.32228088378906,69.49781799316406,90.92027282714844,29.091270446777344,42.59935760498047,31.273618698120117,62.5769157409668,40.6168212890625,76.64012145996094,61.447723388671875,10.335827827453613,36.52653121948242,28.4394588470459,129.13748168945312,47.646324157714844,19.00183868408203,8.266404151916504,33.14592361450195,13.830276489257812,40.71528625488281,56.60406494140625,67.25048065185547,62.45353317260742,16.579608917236328,23.424821853637695,32.4693603515625,62.45241165161133,67.0299301147461
2013-06-17,28.672344207763672,13.247220039367676,60.84947204589844,55.244415283203125,38.3934440612793,55.83265686035156,72.59577941894531,31.146526336669922,27.71381950378418,57.450130462646484,16.830429077148438,18.313371658325195,119.4413070678711,28.49080467224121,71.58409881591797,16.82112693786621,19.57114601135254,57.3632926940918,63.6153450012207,59.04877471923828,60.994571685791016,44.9464225769043,87.3395004272461,70.68205261230469,91.88671112060547,29.15447235107422,42.772579193115234,31.03304672241211,62.687076568603516,40.85871887207031,77.04573822021484,62.180362701416016,10.446539878845215,35.68732833862305,28.758129119873047,130.08078002929688,48.36038589477539,19.281383514404297,8.363210678100586,33.27803421020508,13.985318183898926,41.3223876953125,57.019161224365234,67.8914794921875,63.52572250366211,16.677459716796875,23.55936622619629,32.805328369140625,63.37808609008789,66.97468566894531
2013-06-18,28.65595245361328,13.240164756774902,61.36824035644531,55.497947692871094,38.57881164550781,55.88920974731445,72.7754898071289,31.113943099975586,27.884124755859375,57.46403884887695,16.96894645690918,18.583324432373047,120.51780700683594,28.598886489868164,72.31631469726562,16.90283966064453,19.774818420410156,58.154354095458984,64.21788024902344,59.89328384399414,61.45247268676758,44.991634368896484,88.2296142578125,72.40841674804688,94.05146789550781,29.64447593688965,43.23441696166992,31.30702018737793,63.95403289794922,40.850921630859375,77.45846557617188,63.14032745361328,10.493990898132324,36.323726654052734,28.921010971069336,130.1125030517578,49.087406158447266,19.362308502197266,8.416993141174316,33.62150955200195,14.120482444763184,41.42911911010742,57.605552673339844,68.10244750976562,63.461891174316406,16.845212936401367,23.955913543701172,32.877784729003906,63.56486892700195,67.12471771240234
2013-06-19,28.33646011352539,12.971236228942871,60.30231857299805,54.936546325683594,38.17955017089844,54.878089904785156,72.16460418701172,31.0031681060791,27.52986717224121,56.29484558105469,16.795793533325195,18.240406036376953,118.7941665649414,28.341171264648438,71.63484191894531,16.80750274658203,19.44318962097168,57.20507049560547,63.422061920166016,59.02656555175781,61.234432220458984,43.71046447753906,86.67830657958984,70.75338745117188,92.698486328125,28.61707305908203,42.64266586303711,30.77243995666504,63.28383255004883,40.086181640625,76.09219360351562,62.5088005065918,10.43072509765625,35.386600494384766,28.793529510498047,128.0594940185547,48.49669647216797,19.207822799682617,8.239511489868164,33.178951263427734,13.965441703796387,41.1689453125,56.907127380371094,67.33161163330078,61.585628509521484,16.397878646850586,23.552284240722656,32.39690017700195,62.5904655456543,67.1878890991211
2013-06-20,27.435327529907227,12.782342910766602,58.7105712890625,53.75931930541992,37.41667175292969,53.20930862426758,70.6374740600586,30.175634384155273,26.657855987548828,54.91688537597656,16.530296325683594,17.649417877197266,116.09402465820312,27.60957145690918,70.17041015625,16.644060134887695,19.06978988647461,55.65306854248047,61.8360595703125,57.53755187988281,60.47126770019531,42.10525131225586,84.46577453613281,68.6845703125,90.59436798095703,27.79515838623047,41.12718963623047,29.790124893188477,63.56846618652344,38.55670928955078,74.74724578857422,61.40562057495117,10.193483352661133,34.512428283691406,28.389890670776367,123.18476867675781,47.17896270751953,18.501590728759766,7.97059965133667,31.930532455444336,13.110737800598145,40.21493911743164,55.93202209472656,66.51206970214844,60.411319732666016,16.001789093017578,23.09200096130371,31.7579288482666,60.930015563964844,65.45844268798828
2013-06-21,27.255104064941406,12.679920196533203,59.122718811035156,54.01891326904297,37.045928955078125,54.75080108642578,71.2243881225586,30.62523651123047,27.087053298950195,55.76593780517578,16.426403045654297,17.656709671020508,114.98222351074219,25.057279586791992,70.48938751220703,16.67129898071289,19.195125579833984,55.61541748046875,62.296512603759766,57.96721267700195,60.41312026977539,42.81365966796875,84.75399017333984,70.11136627197266,91.0229721069336,28.11918067932129,41.54576110839844,30.558597564697266,65.22100067138672,38.946903228759766,74.76146697998047,61.734039306640625,10.035321235656738,34.14877700805664,29.005985260009766,122.26531982421875,46.78297424316406,18.325040817260742,8.067408561706543,32.17491912841797,13.424790382385254,40.268310546875,56.274620056152344,66.4146957397461,61.1260986328125,16.276718139648438,23.431896209716797,32.04117965698242,60.450927734375,65.12677764892578
2013-06-24,27.623748779296875,12.343831062316895,60.124664306640625,53.415199279785156,36.30443572998047,54.149757385253906,69.96073913574219,30.24079704284668,26.930349349975586,55.76593780517578,15.993522644042969,17.204347610473633,113.8527603149414,25.082218170166016,70.53288269042969,16.38527488708496,19.37530517578125,55.38187789916992,61.108455657958984,56.78193283081055,59.25022888183594,42.31626892089844,82.94837188720703,68.58470916748047,89.34742736816406,27.637094497680664,41.01893997192383,30.38484764099121,65.03738403320312,38.28359603881836,73.88623046875,60.63930892944336,9.726906776428223,34.218719482421875,28.18451690673828,119.51484680175781,45.80280685424805,17.949859619140625,7.889926433563232,31.738964080810547,13.512248039245605,39.594505310058594,56.1823616027832,65.78181457519531,60.685752868652344,16.136920928955078,23.318601608276367,31.83037757873535,59.54966735839844,63.96588897705078
2013-06-25,27.582788467407227,12.346592903137207,60.65052032470703,53.7955322265625,37.13148880004883,54.227542877197266,70.33804321289062,30.123506546020508,27.059789657592773,55.70330047607422,16.155128479003906,17.42323112487793,114.6998291015625,24.907636642456055,70.69963836669922,16.351219177246094,19.41969108581543,55.85649490356445,61.52909851074219,57.52274703979492,59.83894729614258,42.369022369384766,83.64350128173828,68.75589752197266,90.04884338378906,27.74773406982422,40.86017990112305,30.191072463989258,64.88134002685547,38.408447265625,73.77234649658203,61.66667175292969,10.019502639770508,34.81315231323242,28.53860855102539,121.32208251953125,46.958255767822266,18.413318634033203,8.05127239227295,29.869646072387695,13.71896743774414,39.91472244262695,56.4788818359375,65.48971557617188,61.01123046875,16.276718139648438,23.488548278808594,31.83698081970215,60.016544342041016,65.11094665527344
2013-06-26,28.13984489440918,12.206761360168457,61.81592559814453,54.21207809448242,37.43093490600586,54.72957229614258,70.75724792480469,30.423248291015625,27.475366592407227,56.580169677734375,16.218616485595703,17.518085479736328,114.62921142578125,25.057279586791992,71.6565933227539,16.61000633239746,19.586811065673828,57.00918960571289,62.347686767578125,59.078392028808594,59.671756744384766,42.95686340332031,85.40673065185547,71.05300903320312,90.59436798095703,28.134992599487305,41.394203186035156,31.053077697753906,65.52400970458984,38.853248596191406,75.26673126220703,62.23086166381836,10.090677261352539,35.883148193359375,29.048465728759766,120.2123794555664,47.51002502441406,18.30296516418457,8.22337532043457,29.730937957763672,13.707042694091797,40.248294830322266,56.940086364746094,66.40662384033203,61.8983154296875,16.435150146484375,23.778888702392578,31.685468673706055,60.49153137207031,65.27783966064453
2013-06-27,28.361021041870117,12.075209617614746,61.6169548034668,54.35698699951172,37.89436721801758,54.920501708984375,71.0926284790039,30.807689666748047,27.427675247192383,56.886383056640625,16.26479721069336,17.547269821166992,115.0940170288086,25.315000534057617,72.24382019042969,16.77345085144043,19.65209197998047,57.46122741699219,62.66603088378906,59.411739349365234,60.296810150146484,43.25075912475586,87.44124603271484,70.61785888671875,90.86713409423828,27.945316314697266,41.3220329284668,30.939495086669922,66.61649322509766,38.79862976074219,76.39817810058594,63.258235931396484,10.288378715515137,35.67333221435547,29.430875778198242,121.67874145507812,47.81511688232422,18.420673370361328,8.416993141174316,29.658262252807617,13.79847526550293,40.25497055053711,57.38153076171875,67.51825714111328,62.10894775390625,16.519025802612305,23.87093734741211,31.843570709228516,60.503719329833984,65.91351318359375
2013-06-28,28.295494079589844,12.15953540802002,61.01292037963867,54.54412841796875,37.637699127197266,54.4396858215332,70.87104034423828,30.266864776611328,27.32549476623535,56.92117691040039,16.16667366027832,17.678606033325195,112.42328643798828,25.531158447265625,71.7725830078125,16.575950622558594,19.451025009155273,58.36528778076172,62.160091400146484,58.774658203125,59.95524215698242,43.175392150878906,86.8393783569336,70.3824462890625,90.36055755615234,27.565959930419922,41.264305114746094,29.863624572753906,66.55223846435547,38.330413818359375,77.18092346191406,62.95509719848633,10.169759750366211,35.855167388916016,29.225513458251953,119.88734436035156,47.5164909362793,17.971933364868164,8.320186614990234,29.195886611938477,13.730897903442383,40.361690521240234,56.979618072509766,67.18559265136719,61.99406814575195,16.3046817779541,24.012575149536133,31.968713760375977,59.440040588378906,64.56268310546875
2013-07-01,28.14804458618164,12.548675537109375,61.56010437011719,54.51393127441406,37.42380905151367,55.167991638183594,71.31421661376953,30.18214988708496,27.563926696777344,57.095176696777344,16.033924102783203,17.430532455444336,112.52326202392578,25.0323429107666,72.36705780029297,16.692543029785156,19.477140426635742,57.91326141357422,62.13735580444336,59.500667572021484,60.12239074707031,43.67279815673828,87.51754760742188,69.5477523803711,90.9450454711914,27.68450927734375,41.5601806640625,29.950496673583984,66.84603118896484,39.14198303222656,76.89630126953125,63.696109771728516,10.225116729736328,36.120914459228516,29.28923988342285,120.28369140625,47.82159423828125,18.089630126953125,8.465400695800781,29.28837013244629,13.782577514648438,40.84870529174805,57.35518264770508,67.63185119628906,62.01320266723633,16.48641014099121,24.32414436340332,32.1400032043457,60.26416778564453,64.6103515625
2013-07-02,27.803977966308594,12.832935333251953,61.5174674987793,54.71920394897461,37.91933059692383,55.46495819091797,71.35614013671875,30.33202362060547,27.502620697021484,56.84464645385742,15.987751007080078,17.306499481201172,112.65271759033203,25.02402687072754,72.44684600830078,16.678823471069336,19.508474349975586,58.24477767944336,61.80766677856445,57.693119049072266,59.947975158691406,43.49945831298828,86.01709747314453,68.52763366699219,89.23057556152344,27.55015754699707,42.209678649902344,29.627220153808594,66.2125473022461,39.40729904174805,75.71503448486328,63.02882385253906,10.20139217376709,36.52653121948242,29.19010353088379,119.62580871582031,48.02931213378906,17.979278564453125,8.702043533325195,29.36762809753418,14.27949333190918,41.22231674194336,57.065269470214844,66.67434692382812,61.93022155761719,16.523685455322266,24.692367553710938,32.39030456542969,60.52401351928711,64.2845687866211
2013-07-03,27.861316680908203,12.903773307800293,61.66670227050781,54.7493782043457,37.89779281616211,55.5568962097168,71.31421661376953,30.33202362060547,27.584365844726562,56.18348693847656,15.958894729614258,17.335678100585938,113.68217468261719,25.52284049987793,72.75131225585938,16.863996505737305,19.521533966064453,58.56117630004883,62.216949462890625,58.15983581542969,59.49007797241211,43.5748291015625,87.22084045410156,68.34927368164062,89.26953125,27.068073272705078,42.07256317138672,29.175979614257812,66.94701385498047,39.12636184692383,76.28433990478516,62.995059967041016,10.146035194396973,36.351707458496094,29.19010353088379,119.23741149902344,48.07476806640625,17.685026168823242,8.836502075195312,29.143049240112305,14.152280807495117,41.255672454833984,56.76877212524414,67.2910385131836,61.923828125,16.537662506103516,24.649879455566406,32.24539566040039,60.7310676574707,64.35607147216797
2013-07-05,28.025157928466797,12.800128936767578,62.441280364990234,55.280635833740234,38.77395248413086,55.39426040649414,72.17057800292969,30.729494094848633,27.60481071472168,56.23221969604492,16.143592834472656,17.554567337036133,114.67042541503906,25.93021583557129,72.39610290527344,16.850276947021484,19.63903045654297,58.98307418823242,63.4050178527832,59.308040618896484,59.700843811035156,43.60496520996094,88.33133697509766,69.65476989746094,90.55535888671875,27.597566604614258,42.31792449951172,29.75518226623535,67.88346862792969,39.46971893310547,77.3232650756836,64.45629119873047,10.327919960021973,37.28880310058594,29.792036056518555,121.4646987915039,48.92513656616211,18.074914932250977,8.981715202331543,29.228919982910156,14.339122772216797,41.5692138671875,57.678016662597656,68.11868286132812,62.15363693237305,16.537662506103516,24.699451446533203,32.29808044433594,61.87999725341797,64.71367645263672
2013-07-08,28.12347412109375,12.727452278137207,62.95289611816406,55.69114685058594,39.28386688232422,55.691246032714844,72.6077651977539,30.892406463623047,27.618431091308594,56.91421127319336,16.23593521118164,16.919801712036133,114.6998291015625,26.31264305114746,72.41055297851562,16.891422271728516,20.030719757080078,59.68373489379883,63.74039840698242,59.75993347167969,60.47126770019531,44.1475715637207,88.47545623779297,70.04002380371094,90.86713409423828,27.984830856323242,42.960205078125,29.6137638092041,67.782470703125,39.89891052246094,77.68620300292969,65.07292938232422,10.5018949508667,37.28880310058594,30.33023452758789,121.91653442382812,49.262691497802734,18.30296516418457,9.040877342224121,29.942293167114258,14.386826515197754,42.05623245239258,58.211727142333984,69.04370880126953,62.58757019042969,16.793956756591797,25.039350509643555,32.729618072509766,62.20885467529297,64.64213562011719
2013-07-09,28.13984489440918,12.951303482055664,63.159000396728516,56.349159240722656,39.42030334472656,56.26398468017578,73.8235092163086,31.029232025146484,27.816007614135742,57.60322570800781,16.3629093170166,16.88332176208496,112.5350341796875,26.204559326171875,72.4903335571289,17.25490379333496,20.114273071289062,60.04536056518555,64.43387603759766,60.29331588745117,62.019412994384766,44.449031829833984,88.73825073242188,70.14700317382812,92.03606414794922,27.455320358276367,43.407623291015625,29.99764633178711,68.53532409667969,40.41391372680664,77.97084045410156,65.55438995361328,10.699594497680664,38.03011703491211,30.238161087036133,124.39757537841797,49.69758987426758,18.714933395385742,9.057007789611816,30.682100296020508,14.76846694946289,42.36311721801758,59.12097930908203,69.40074157714844,62.88114547729492,16.901138305664062,25.294275283813477,32.8823127746582,63.5485725402832,66.6763687133789
2013-07-10,28.42657470703125,12.901626586914062,63.41478729248047,56.03524398803711,39.377227783203125,56.4266242980957,73.60192108154297,31.25078010559082,27.71381950378418,57.75633239746094,16.414854049682617,16.963579177856445,113.0938949584961,26.06269073486328,72.48307800292969,17.426361083984375,20.04639434814453,59.81932830810547,64.47935485839844,60.15996170043945,61.7504768371582,44.17772674560547,89.43336486816406,72.80792999267578,91.7243423461914,27.455320358276367,43.212772369384766,30.213157653808594,68.74646759033203,40.12519836425781,79.35847473144531,64.47322845458984,10.573065757751465,38.69449234008789,29.792036056518555,123.51775360107422,49.04844284057617,18.641368865966797,8.992471694946289,31.606870651245117,14.843997955322266,42.38312530517578,59.456974029541016,70.51235961914062,62.919437408447266,17.00830841064453,25.42173957824707,33.13459777832031,63.34963607788086,65.84998321533203
2013-07-11,29.237590789794922,13.102789878845215,63.72035598754883,56.30690002441406,39.599857330322266,57.11250686645508,74.1229248046875,31.47884750366211,27.952253341674805,58.84198760986328,16.605335235595703,17.503488540649414,113.4174575805664,26.588451385498047,73.07029724121094,17.741823196411133,20.270957946777344,60.165897369384766,65.10469055175781,61.167449951171875,63.015132904052734,44.42641830444336,90.60322570800781,73.66400909423828,93.2829360961914,28.06632423400879,44.02103042602539,31.00115966796875,69.90325164794922,40.21883773803711,80.48281860351562,64.98847961425781,10.683783531188965,39.058135986328125,29.66456413269043,125.0078353881836,50.26884460449219,18.795856475830078,9.132307052612305,32.16831970214844,15.02288818359375,42.910160064697266,60.25425338745117,71.20209503173828,63.595909118652344,17.17605972290039,25.627098083496094,33.878143310546875,64.1575698852539,66.94650268554688
2013-07-12,29.221202850341797,13.078866958618164,63.94775390625,56.385379791259766,39.47776412963867,57.66404724121094,74.29660034179688,31.628700256347656,27.952253341674805,58.68192672729492,16.628416061401367,17.43781852722168,112.98798370361328,26.079383850097656,73.64303588867188,17.789833068847656,20.270957946777344,60.678226470947266,65.451416015625,61.01927185058594,63.35674285888672,44.569602966308594,86.35618591308594,74.38451385498047,92.5815658569336,28.026641845703125,43.98495864868164,30.852998733520508,69.80225372314453,40.14861297607422,80.07716369628906,66.16255187988281,10.897300720214844,40.100162506103516,30.188600540161133,126.91024017333984,50.27532196044922,19.2225341796875,9.202224731445312,32.20795440673828,14.959281921386719,43.2570686340332,56.74241638183594,71.42118072509766,63.74271774291992,17.20401954650879,25.712078094482422,33.917964935302734,64.03577423095703,66.7002182006836
2013-07-15,29.630809783935547,13.107388496398926,64.23910522460938,56.29485321044922,39.42030334472656,57.635746002197266,74.66789245605469,31.615680694580078,27.938636779785156,58.960296630859375,16.616870880126953,17.467012405395508,114.12338256835938,26.713632583618164,73.04131317138672,17.782981872558594,20.114273071289062,60.572757720947266,65.28657531738281,60.967430114746094,63.5239143371582,44.32844161987305,89.56901550292969,74.5129165649414,92.07503509521484,28.153608322143555,43.76844787597656,30.41521453857422,69.67375183105469,40.21883773803711,81.38653564453125,65.75711059570312,10.97637939453125,40.323951721191406,30.698476791381836,129.200927734375,50.599891662597656,19.634496688842773,9.207601547241211,32.544830322265625,15.010961532592773,43.537261962890625,56.320743560791016,71.61589813232422,63.89585876464844,17.26459312438965,25.648340225219727,34.0042839050293,63.7353630065918,67.08163452148438
2013-07-16,29.712736129760742,13.192028999328613,64.23910522460938,56.32503890991211,39.50649642944336,57.253936767578125,74.33255767822266,31.426708221435547,27.407238006591797,58.47315216064453,16.55337905883789,17.693191528320312,114.03510284423828,26.70528793334961,73.13555908203125,17.632097244262695,20.203062057495117,60.43710708618164,64.99664306640625,60.76740264892578,64.08354949951172,44.07221984863281,88.35677337646484,74.2275619506836,91.29573059082031,28.32817840576172,43.94164276123047,30.30071449279785,68.81072998046875,39.797447204589844,80.12702941894531,66.11186218261719,11.008014678955078,39.96029281616211,30.46477508544922,127.01321411132812,50.359710693359375,19.406442642211914,8.927931785583496,32.5382194519043,15.158047676086426,43.33047103881836,56.65019989013672,70.76392364501953,63.940528869628906,17.34847068786621,25.28719711303711,33.95780563354492,62.86247253417969,66.7160873413086
2013-07-17,29.278554916381836,13.195396423339844,64.04724884033203,56.42161560058594,39.69321060180664,57.05588912963867,74.47029113769531,31.36154556274414,27.82281494140625,59.322200775146484,16.55337905883789,17.62023162841797,114.44690704345703,26.83880615234375,72.57006072998047,17.638961791992188,20.15866470336914,60.60287094116211,65.16717529296875,61.07115173339844,62.993324279785156,43.98177719116211,88.83148193359375,74.41304016113281,91.7243423461914,28.423404693603516,43.98495864868164,29.97743797302246,69.30651092529297,39.539955139160156,81.1801986694336,64.8702163696289,11.316425323486328,40.38689041137695,30.811779022216797,128.01197814941406,50.742698669433594,19.52414894104004,9.024739265441895,32.84868240356445,15.281285285949707,43.7374153137207,57.09164047241211,71.08040618896484,63.589515686035156,17.2506160736084,25.273029327392578,33.951168060302734,63.682525634765625,66.4300308227539
2013-07-18,29.03278160095215,13.23985767364502,64.07567596435547,56.97701644897461,40.48319625854492,57.205501556396484,75.14102172851562,30.885881423950195,27.802385330200195,60.407867431640625,16.4437255859375,16.956275939941406,116.47052764892578,26.713632583618164,72.62806701660156,17.73497200012207,20.195226669311523,60.28645706176758,65.64469146728516,61.4637451171875,62.73716735839844,44.31338119506836,91.23898315429688,74.7411880493164,92.07503509521484,28.32817840576172,44.329010009765625,29.600269317626953,71.1977767944336,38.95469284057617,82.11238098144531,62.513614654541016,11.672290802001953,40.715579986572266,31.449113845825195,130.04112243652344,50.85954666137695,20.37750244140625,9.105414390563965,33.38372039794922,15.30115795135498,44.02733612060547,57.88226318359375,71.50232696533203,63.1236457824707,17.241296768188477,25.343839645385742,34.03083038330078,64.95734405517578,66.4776840209961
2013-07-19,25.723180770874023,13.03103256225586,65.5395278930664,57.453914642333984,40.33237838745117,57.96775436401367,76.00340270996094,31.140003204345703,27.993131637573242,60.136444091796875,16.790021896362305,16.810354232788086,113.8527603149414,26.588451385498047,72.69330596923828,17.707536697387695,20.38845443725586,60.1884880065918,66.04830169677734,61.90824508666992,62.68594741821289,44.631752014160156,90.67102813720703,78.03703308105469,96.32225036621094,28.46307945251465,44.640480041503906,29.761920928955078,71.46398162841797,39.485313415527344,82.22625732421875,62.55584716796875,11.664382934570312,42.030338287353516,31.477447509765625,130.2789306640625,51.3983154296875,20.303936004638672,9.013982772827148,33.42995834350586,15.428378105163574,44.49928665161133,58.033817291259766,71.69705200195312,63.493797302246094,17.311199188232422,25.974082946777344,34.309669494628906,64.61631774902344,66.78760528564453
2013-07-22,26.222898483276367,13.072735786437988,65.5750503540039,57.24869155883789,40.61964797973633,57.86090087890625,76.07528686523438,31.09439468383789,27.82281494140625,60.12950134277344,16.940088272094727,16.613357543945312,114.17631530761719,26.59679412841797,70.74314880371094,17.638961791992188,20.333616256713867,60.27138137817383,66.09945678710938,61.5156135559082,62.94211196899414,44.45740509033203,90.58624267578125,77.72313690185547,96.86780548095703,28.407535552978516,44.778076171875,30.307456970214844,71.97814178466797,39.50874328613281,82.29743194580078,63.113277435302734,11.79881477355957,41.75759506225586,31.60491371154785,131.7770538330078,51.93708801269531,20.311294555664062,9.164578437805176,33.85929489135742,15.523785591125488,44.384666442871094,57.724151611328125,71.7619857788086,62.338680267333984,17.185379028320312,25.61293601989746,34.210079193115234,64.8477554321289,67.36766052246094
2013-07-23,26.067245483398438,12.848271369934082,65.67449951171875,57.47205352783203,40.69864273071289,57.668540954589844,76.2130126953125,31.231239318847656,27.904569625854492,59.990299224853516,16.98049545288086,16.598770141601562,114.6998291015625,26.763702392578125,70.14862823486328,17.52923011779785,20.511180877685547,60.4145393371582,66.36662292480469,61.68600082397461,62.590789794921875,44.275482177734375,91.37462615966797,76.06095886230469,96.28327941894531,29.105804443359375,44.82878112792969,30.4354190826416,71.75782012939453,39.78965759277344,83.91275787353516,62.85149383544922,11.814630508422852,41.3449821472168,31.562408447265625,131.78494262695312,51.66444778442383,20.458423614501953,9.110791206359863,33.69417190551758,15.476075172424316,44.5802001953125,57.65825653076172,72.0216293334961,62.67053985595703,16.77065658569336,25.889101028442383,34.163612365722656,64.6041488647461,66.66841125488281
2013-07-24,26.18193817138672,13.508176803588867,65.63189697265625,57.34526824951172,40.66992950439453,57.18412780761719,75.68003845214844,31.126968383789062,27.83643341064453,59.6005744934082,16.89968490600586,16.7301025390625,115.65872955322266,27.030763626098633,70.076171875,17.549808502197266,20.42762565612793,60.47480773925781,66.12787628173828,61.49340057373047,61.0684928894043,44.320960998535156,90.66256713867188,76.04667663574219,95.9325942993164,28.923301696777344,44.662193298339844,30.031320571899414,71.71189880371094,41.006980895996094,84.76669311523438,63.65391159057617,11.6327486038208,41.876487731933594,31.3782901763916,130.8179473876953,49.080928802490234,20.39957046508789,9.342057228088379,33.740413665771484,15.555583000183105,44.22285461425781,57.30907440185547,73.2712173461914,62.447181701660156,16.574947357177734,25.54212188720703,33.89805603027344,63.77189254760742,65.6274642944336
2013-07-25,25.714998245239258,13.446542739868164,65.78113555908203,57.33320999145508,40.57655715942383,57.28385925292969,76.51244354248047,31.387609481811523,27.82281494140625,59.53791046142578,16.847736358642578,16.824953079223633,116.01757049560547,27.01406478881836,70.67788696289062,17.48807716369629,20.370174407958984,59.510459899902344,66.2529296875,61.374881744384766,60.11701965332031,45.19266128540039,90.45059967041016,78.12262725830078,96.20536041259766,29.026456832885742,44.8577766418457,29.586807250976562,71.61091613769531,41.0381965637207,85.0370864868164,64.00020599365234,11.72764778137207,42.56184005737305,30.910913467407227,131.50753784179688,49.1588134765625,20.421640396118164,9.12154769897461,33.69417190551758,15.774227142333984,44.303768157958984,57.210227966308594,73.36046600341797,62.84284973144531,16.733375549316406,25.945758819580078,34.14369583129883,64.44175720214844,65.873779296875
2013-07-26,25.90340805053711,13.522896766662598,65.96588897705078,57.22454833984375,40.25337219238281,57.269615173339844,76.3926773071289,31.59613800048828,27.686552047729492,59.37090301513672,16.95163917541504,16.970869064331055,116.09402465820312,27.155941009521484,71.06937408447266,17.48807716369629,20.367568969726562,59.322113037109375,66.45758819580078,61.39707946777344,60.05847930908203,45.670223236083984,89.51814270019531,78.18684387207031,96.04950714111328,29.18515968322754,44.87948989868164,29.782123565673828,71.21612548828125,41.63906478881836,85.39290618896484,63.63697814941406,11.648565292358398,43.757713317871094,30.811779022216797,130.9923553466797,49.49637222290039,20.37750244140625,9.153817176818848,33.568668365478516,15.762303352355957,44.31052780151367,57.31564712524414,73.48216247558594,62.791805267333984,16.72871971130371,25.96698760986328,34.196800231933594,63.784088134765625,65.8022689819336
2013-07-29,25.837871551513672,13.731416702270508,66.23590850830078,56.76573181152344,39.994842529296875,57.05588912963867,75.56022644042969,31.498388290405273,27.441299438476562,59.329139709472656,17.049755096435547,16.956275939941406,115.42338562011719,27.105873107910156,70.95338439941406,17.37149429321289,20.36495590209961,59.26936340332031,66.28704071044922,61.308204650878906,60.7610969543457,45.54134750366211,88.84845733642578,78.02277374267578,95.42605590820312,29.153430938720703,44.63323211669922,29.47231674194336,70.87643432617188,41.795127868652344,85.38579559326172,63.4005126953125,11.48249340057373,43.373069763183594,30.627653121948242,129.3357391357422,48.444766998291016,20.126928329467773,9.186087608337402,33.436553955078125,15.841814041137695,43.94643020629883,57.19704055786133,74.15564727783203,62.63225173950195,16.621538162231445,25.747480392456055,34.409244537353516,65.43232727050781,65.96912384033203
2013-07-30,26.091825485229492,13.900996208190918,66.20746612548828,56.63291549682617,39.73630905151367,57.30522537231445,75.3266830444336,31.309423446655273,27.468551635742188,59.231727600097656,17.124786376953125,17.05842399597168,115.3057861328125,27.16427993774414,71.31587219238281,17.604665756225586,20.33884048461914,59.216617584228516,66.41779327392578,61.48600387573242,60.885501861572266,45.662635803222656,89.62835693359375,79.32825469970703,95.38707733154297,29.26451301574707,44.155181884765625,29.182710647583008,70.18787384033203,41.60786437988281,85.45692443847656,63.510311126708984,11.48249340057373,43.170249938964844,30.63473892211914,128.74916076660156,48.405826568603516,19.950050354003906,9.186087608337402,33.033626556396484,15.742424011230469,43.71044158935547,56.93349075317383,73.7905044555664,62.51737594604492,16.57028579711914,25.506717681884766,34.44908905029297,65.3836441040039,65.9373550415039
2013-07-31,26.083633422851562,13.87677001953125,66.44198608398438,56.59670639038086,40.023582458496094,57.205501556396484,75.39256286621094,31.387609481811523,27.30504608154297,58.13910675048828,17.00840950012207,17.029239654541016,114.73514556884766,26.997373580932617,71.10560607910156,17.549808502197266,20.351896286010742,59.54057693481445,66.75318145751953,61.471187591552734,60.68057632446289,45.38216781616211,89.09427642822266,77.2522964477539,94.95846557617188,29.066137313842773,44.53905487060547,29.122102737426758,71.45484161376953,41.44398498535156,85.47830200195312,62.31085205078125,11.545762062072754,42.939483642578125,30.804704666137695,130.0173797607422,48.84074020385742,20.053234100341797,9.131991386413574,33.1921501159668,15.611239433288574,43.73066329956055,57.190452575683594,74.69932556152344,63.05345153808594,16.337291717529297,25.82537269592285,34.522098541259766,65.13597106933594,66.00884246826172
2013-08-01,25.944368362426758,14.00403118133545,66.63384246826172,55.980918884277344,40.60529708862305,58.16009521484375,75.72193145751953,31.65477180480957,27.638872146606445,58.598411560058594,16.938587188720703,16.927101135253906,115.18814086914062,27.331195831298828,71.7725830078125,17.755544662475586,20.425010681152344,59.24676513671875,67.31024932861328,62.641632080078125,61.80038070678711,45.90520477294922,90.45059967041016,78.03703308105469,95.9325942993164,29.23278045654297,45.0316047668457,29.627220153808594,70.9406967163086,41.748321533203125,86.9371109008789,63.881927490234375,11.822542190551758,43.35908508300781,31.34288787841797,132.75990295410156,49.82091522216797,20.57649040222168,9.29969596862793,33.7734489440918,15.762303352355957,44.55997085571289,58.0074577331543,75.53507232666016,63.047035217285156,16.560964584350586,26.328136444091797,35.006744384765625,66.077880859375,65.99299621582031
2013-08-02,26.124597549438477,14.183725357055664,67.074462890625,55.51004409790039,40.56937789916992,57.910762786865234,74.8296127319336,31.628700256347656,27.400428771972656,58.66104507446289,17.089876174926758,16.941688537597656,114.80575561523438,27.18097686767578,71.91757202148438,17.961286544799805,20.56340789794922,60.4446907043457,67.22500610351562,62.73052215576172,61.69792556762695,45.8824462890625,91.46785736083984,77.80160522460938,96.24430084228516,29.16135597229004,44.792572021484375,29.52619743347168,70.96824645996094,42.04484939575195,88.07564544677734,63.932647705078125,11.735553741455078,43.18424606323242,31.505762100219727,132.863037109375,49.56126403808594,20.5248966217041,9.467406272888184,33.67435073852539,15.575464248657227,45.32859802246094,57.92839813232422,76.99560546875,63.57038497924805,16.62619972229004,26.60430145263672,34.75446319580078,65.91545104980469,66.2710952758789
2013-08-05,25.96894073486328,14.395618438720703,66.65518188476562,55.29269790649414,40.28929138183594,57.989112854003906,74.25467681884766,31.622190475463867,27.4481201171875,58.793277740478516,16.985132217407227,16.886432647705078,115.00570678710938,27.356224060058594,71.9973373413086,18.043581008911133,20.56863021850586,60.015228271484375,67.03173828125,62.619388580322266,61.15628433227539,46.223567962646484,91.1287841796875,76.63880157470703,95.54296112060547,28.923301696777344,44.63323211669922,29.378028869628906,71.46398162841797,42.03704833984375,88.3460922241211,64.1353530883789,11.7039213180542,42.62478256225586,31.3995418548584,133.4178466796875,49.24967575073242,20.5248966217041,9.29969596862793,33.661155700683594,15.567514419555664,45.3016242980957,57.88885498046875,77.42568969726562,63.385318756103516,16.593589782714844,26.80966567993164,34.90053176879883,65.72464752197266,65.79434204101562
2013-08-06,25.87064552307129,14.266824722290039,66.66229248046875,55.22026824951172,39.85121536254883,58.23131561279297,73.74564361572266,31.563541412353516,27.502620697021484,59.18995666503906,17.072416305541992,16.798019409179688,112.35267639160156,27.53982162475586,71.5478744506836,17.974992752075195,20.333616256713867,60.309051513671875,66.7929916381836,62.3453254699707,60.402469635009766,46.23114013671875,90.73883056640625,75.06222534179688,94.72467041015625,28.645584106445312,43.380130767822266,29.728252410888672,71.39057922363281,41.60786437988281,88.4243392944336,64.03400421142578,11.577388763427734,41.946414947509766,31.180017471313477,130.61180114746094,48.96407699584961,20.126928329467773,9.213139533996582,33.1855583190918,15.619185447692871,45.23420333862305,57.94815444946289,76.98749542236328,63.653350830078125,16.4957332611084,26.83090591430664,34.927085876464844,65.53385925292969,64.52293395996094
2013-08-07,26.263858795166016,14.258551597595215,66.5556869506836,55.141780853271484,39.714752197265625,58.388084411621094,73.85943603515625,31.63522720336914,27.352741241455078,58.988155364990234,17.02586555480957,16.724346160888672,111.47769165039062,27.38960838317871,71.28685760498047,17.913278579711914,20.32573890686035,59.38991165161133,66.98056030273438,61.967498779296875,60.32927703857422,46.19324493408203,90.62388610839844,80.18433380126953,94.84156036376953,28.510692596435547,42.82240295410156,29.45884895324707,71.44564819335938,41.841957092285156,88.62360382080078,63.468074798583984,11.490403175354004,42.114253997802734,30.85202980041504,129.55764770507812,48.35388946533203,19.950050354003906,9.072477340698242,32.822261810302734,15.499935150146484,44.84988784790039,57.90204620361328,77.75833892822266,63.15557098388672,16.402530670166016,26.738853454589844,34.814231872558594,65.39985656738281,64.35607147216797
2013-08-08,26.943801879882812,14.230148315429688,66.3282699584961,55.40740966796875,39.377227783203125,58.53767013549805,73.70372772216797,31.583106994628906,27.386808395385742,58.93247604370117,16.950218200683594,16.540157318115234,111.10521697998047,27.556516647338867,71.07660675048828,18.009292602539062,20.294218063354492,60.301517486572266,67.46372985839844,61.8637809753418,61.44904327392578,46.17052459716797,90.1299819946289,78.74327850341797,94.80262756347656,28.502756118774414,42.981746673583984,29.633962631225586,72.22603607177734,41.802940368652344,88.69477844238281,64.35497283935547,11.553668022155762,41.47086715698242,30.81637954711914,129.07408142089844,48.84074020385742,19.83950424194336,9.186086654663086,32.954368591308594,15.742424011230469,45.23420333862305,58.06018829345703,77.57984924316406,62.90665054321289,16.574947357177734,27.121246337890625,34.96691131591797,65.95002746582031,65.41289520263672
2013-08-09,26.788156509399414,14.027655601501465,65.63189697265625,55.14602279663086,39.15459442138672,58.16009521484375,73.36237335205078,31.530956268310547,27.359548568725586,58.69584655761719,16.99677848815918,16.58436393737793,111.0401840209961,27.473064422607422,70.77210235595703,17.865278244018555,20.2022647857666,59.4953727722168,67.2533950805664,61.72303771972656,61.85160827636719,45.99616241455078,89.69567108154297,78.20826721191406,94.49087524414062,28.478940963745117,43.08315658569336,29.4251651763916,72.01487731933594,42.27894973754883,88.25357055664062,63.772151947021484,11.42713737487793,41.407928466796875,30.823505401611328,128.5113983154297,48.47721862792969,19.721595764160156,9.207728385925293,32.7694091796875,15.456205368041992,45.05889892578125,57.85591125488281,77.48246765136719,62.88114547729492,16.481746673583984,27.17789649963379,34.80094909667969,65.89295959472656,64.95203399658203
2013-08-12,26.927417755126953,14.42616081237793,65.37608337402344,54.641502380371094,38.845787048339844,58.1458740234375,72.94317626953125,31.583106994628906,27.134735107421875,58.32700729370117,16.985132217407227,16.680139541625977,111.79100036621094,27.748455047607422,70.35162353515625,18.06416130065918,20.24955177307129,59.66865158081055,67.2931900024414,61.80454635620117,63.17631149291992,46.20840072631836,88.76744842529297,77.19522857666016,94.5688247680664,28.486888885498047,43.37289810180664,29.034536361694336,72.06076049804688,42.177494049072266,87.52774810791016,63.763702392578125,11.39550495147705,41.191139221191406,30.8021183013916,128.16258239746094,48.02931213378906,19.6184139251709,9.234780311584473,33.15253448486328,15.488008499145508,44.56672286987305,57.82954788208008,77.02809143066406,62.73436737060547,16.383899688720703,27.30535888671875,34.8474235534668,65.75037384033203,66.25521087646484
2013-08-13,26.589181900024414,15.111720085144043,66.09378814697266,54.3436279296875,38.98940658569336,58.174339294433594,73.36237335205078,31.557016372680664,27.01210594177246,58.034698486328125,17.03168487548828,16.591733932495117,111.39492797851562,27.748455047607422,69.92391204833984,18.050437927246094,20.191753387451172,59.849491119384766,67.45807647705078,61.99714660644531,63.35926055908203,46.29936981201172,90.46208953857422,76.945556640625,94.29602813720703,28.51862144470215,43.69160079956055,29.182710647583008,72.50146484375,43.27998733520508,88.28204345703125,64.38874816894531,11.474588394165039,41.21211242675781,30.88767433166504,129.76373291015625,48.41230392456055,19.868982315063477,9.229368209838867,33.38372039794922,15.619696617126465,45.10609436035156,57.79002380371094,77.2958755493164,62.63225173950195,16.411855697631836,27.354928970336914,34.80094909667969,66.32904815673828,66.6763687133789
2013-08-14,26.688175201416016,15.387362480163574,64.45227813720703,54.070098876953125,38.88885498046875,57.88227462768555,73.09288024902344,31.648256301879883,26.930349349975586,57.58930969238281,16.89203453063965,16.628572463989258,110.86874389648438,28.015518188476562,69.67742156982422,18.091590881347656,20.070913314819336,58.34270095825195,66.8611831665039,61.74528121948242,62.81036376953125,45.98857498168945,88.6993408203125,76.40814971923828,93.78948974609375,28.256763458251953,43.1845588684082,28.91330909729004,71.6017074584961,42.68149185180664,87.96894836425781,64.09312438964844,11.545762062072754,40.68061447143555,30.730815887451172,129.47042846679688,47.9514274597168,19.74370574951172,9.137397766113281,33.330875396728516,15.492000579833984,45.281394958496094,57.61872863769531,76.97940063476562,61.764305114746094,16.337291717529297,27.29119300842285,34.555301666259766,66.17007446289062,65.42880249023438
2013-08-15,26.226181030273438,15.369153022766113,63.63507843017578,53.589874267578125,38.27124786376953,57.333717346191406,72.60980224609375,31.257295608520508,26.63060188293457,56.308753967285156,16.75819969177246,16.230722427368164,109.84004974365234,27.314496994018555,69.15544128417969,16.788557052612305,19.548120498657227,56.60987854003906,65.85501861572266,60.75259780883789,62.83965301513672,45.33668899536133,87.48160552978516,75.77764892578125,93.51676177978516,27.79652976989746,42.481964111328125,28.27349090576172,70.42658233642578,42.04362487792969,86.90863037109375,63.24844741821289,11.324335098266602,39.78544235229492,30.652393341064453,127.41752624511719,47.20492935180664,19.42679214477539,8.88853931427002,32.60428237915039,15.168741226196289,45.59153747558594,57.04140853881836,76.10305786132812,61.138885498046875,16.108957290649414,26.221923828125,33.559478759765625,64.7030029296875,67.0339126586914
2013-08-16,26.23443603515625,15.505587577819824,63.50716781616211,53.43791198730469,38.27124786376953,56.9205322265625,72.38639831542969,31.08136558532715,26.603351593017578,55.800724029541016,16.507997512817383,16.142305374145508,109.57401275634766,27.047452926635742,68.89446258544922,16.6445369720459,19.469308853149414,56.79070281982422,65.8834228515625,61.02061080932617,62.32732009887695,45.078983306884766,88.11175537109375,75.16863250732422,93.32193756103516,27.74892234802246,42.42401123046875,28.071447372436523,71.0233383178711,41.62625503540039,86.95845794677734,63.493408203125,11.403416633605957,39.79945373535156,30.481264114379883,127.34616088867188,47.22439193725586,19.507863998413086,8.81821346282959,32.46799087524414,15.264525413513184,45.42972946166992,57.10113525390625,76.28970336914062,60.59003829956055,15.978492736816406,26.377708435058594,32.782737731933594,64.62965393066406,66.83527374267578
2013-08-19,25.896196365356445,15.672578811645508,64.27462005615234,52.83610534667969,37.22269821166992,56.69968795776367,71.64971160888672,31.0031681060791,26.419408798217773,56.28785705566406,16.56035614013672,16.41490364074707,108.91780090332031,26.755359649658203,69.22066497802734,16.6445369720459,19.330078125,56.66263198852539,65.71861267089844,60.648380279541016,61.624717712402344,44.83640670776367,89.17621612548828,74.8533935546875,92.93228149414062,27.677501678466797,42.337100982666016,28.25328826904297,71.08760070800781,41.57114028930664,86.7520751953125,62.79234313964844,11.189900398254395,40.100162506103516,30.295869827270508,125.737060546875,46.56876754760742,19.021459579467773,8.720829963684082,32.255279541015625,15.140811920166016,44.384666442871094,57.12104797363281,76.0625,60.3730354309082,15.810733795166016,25.90327262878418,32.862388610839844,63.90425491333008,67.16108703613281
2013-08-20,26.0859375,15.46669864654541,63.76298141479492,52.781429290771484,37.43098449707031,56.65692901611328,71.42631530761719,30.990140914916992,26.330846786499023,55.87726593017578,16.60109519958496,16.591733932495117,109.11288452148438,26.872196197509766,69.23516082763672,16.678823471069336,19.238126754760742,55.969505310058594,65.61058807373047,60.84196090698242,61.37586975097656,44.790924072265625,89.09955596923828,75.66303253173828,92.42572021484375,27.5426025390625,42.93829345703125,27.997350692749023,72.13420867919922,41.579017639160156,87.10787963867188,62.733219146728516,11.30060863494873,40.561729431152344,30.36717987060547,126.47423553466797,47.1075553894043,19.38994598388672,8.82362174987793,32.414817810058594,15.076955795288086,44.48580551147461,57.26704025268555,76.0625,60.62194061279297,15.736178398132324,26.04563331604004,32.7960090637207,64.78450775146484,66.15191650390625
2013-08-21,26.077695846557617,15.50651741027832,63.10210418701172,52.53218460083008,37.07907485961914,56.550079345703125,71.0700454711914,30.924978256225586,26.078777313232422,55.035179138183594,16.43235206604004,16.333860397338867,109.29021453857422,26.955646514892578,68.95244598388672,16.50737190246582,19.322189331054688,55.54762649536133,64.83035278320312,59.993186950683594,60.7025260925293,44.351287841796875,88.4864501953125,74.98233795166016,91.99708557128906,27.487058639526367,42.07634353637695,27.8289737701416,71.46398162841797,41.279781341552734,87.47791290283203,62.032135009765625,11.340147972106934,41.04426574707031,30.203187942504883,124.53226470947266,46.57526397705078,19.168848037719727,8.791163444519043,32.18878173828125,14.953252792358398,44.175662994384766,57.12769317626953,76.27346801757812,60.04118347167969,15.59172534942627,25.83919906616211,32.57691955566406,64.84156799316406,65.56390380859375
2013-08-22,26.72117042541504,15.525029182434082,62.71840286254883,52.87261199951172,37.495609283447266,56.827919006347656,71.42631530761719,31.15303611755371,26.09921646118164,55.153472900390625,16.38579559326172,16.400175094604492,109.48526763916016,27.039098739624023,69.20618438720703,16.46622657775879,19.298545837402344,55.75101089477539,65.54486846923828,60.13465118408203,61.602745056152344,44.30579376220703,89.53387451171875,76.15739440917969,92.65950775146484,27.510862350463867,42.286380767822266,28.057981491088867,72.6024398803711,41.311279296875,88.03295135498047,62.38689422607422,11.522034645080566,41.91145324707031,30.288745880126953,126.3553237915039,47.140018463134766,19.32361602783203,8.877720832824707,32.30180740356445,14.85347843170166,44.60042953491211,57.70500183105469,76.29784393310547,61.0175895690918,15.638320922851562,25.67547607421875,32.729618072509766,65.26537322998047,66.15191650390625
2013-08-23,28.668121337890625,15.465153694152832,63.29832458496094,53.20083999633789,37.574607849121094,56.99892044067383,72.17505645751953,31.100923538208008,26.242273330688477,55.57106399536133,16.490537643432617,16.53279685974121,109.62130737304688,26.513336181640625,68.96694946289062,16.363365173339844,19.29329490661621,55.668148040771484,65.3905258178711,60.60369110107422,61.397830963134766,44.745445251464844,89.82341003417969,75.66303253173828,92.65950775146484,27.645767211914062,41.989418029785156,28.44858741760254,72.83197784423828,41.437259674072266,89.66254425048828,62.20951843261719,11.522034645080566,41.70863342285156,30.48838233947754,125.75294494628906,47.11403274536133,19.39731788635254,8.899361610412598,32.434757232666016,14.977189064025879,44.87013244628906,57.84434509277344,76.73594665527344,61.196311950683594,15.97382926940918,25.824962615966797,33.0748405456543,66.11714172363281,66.35057830810547
2013-08-26,28.17314910888672,15.52534294128418,62.668296813964844,52.93946075439453,37.201175689697266,55.95165252685547,71.75841522216797,31.029232025146484,25.969776153564453,55.4597282409668,16.304330825805664,16.40753936767578,109.21928405761719,26.989025115966797,69.09745788574219,16.34278106689453,19.18558692932129,56.82836151123047,65.35053253173828,60.343116760253906,61.15628433227539,44.131465911865234,89.86598205566406,81.50251770019531,91.99708557128906,27.391845703125,42.18498229980469,28.56981658935547,73.01558685302734,40.988407135009766,89.08615112304688,62.17573547363281,11.458769798278809,42.254119873046875,30.224571228027344,125.158447265625,46.601234436035156,19.441539764404297,8.877720832824707,32.4547004699707,14.709814071655273,44.70830535888672,57.86423873901367,76.71973419189453,60.328392028808594,15.866650581359863,24.557918548583984,32.782737731933594,65.31429290771484,67.35973358154297
2013-08-27,27.438907623291016,15.081465721130371,61.69457244873047,52.775352478027344,36.33935546875,55.54560089111328,71.74030303955078,30.69691276550293,25.990211486816406,55.02128982543945,16.292695999145508,16.34860610961914,108.0368423461914,26.521686553955078,68.75669860839844,16.102754592895508,19.14093017578125,55.8414192199707,64.43598937988281,59.002967834472656,60.526885986328125,43.69180679321289,87.89033508300781,78.1922836303711,90.32160186767578,26.98714828491211,41.786598205566406,28.0647029876709,71.81287384033203,40.37416458129883,87.62734985351562,60.73979949951172,11.158265113830566,41.0792350769043,29.311922073364258,121.4568099975586,45.634033203125,18.75614356994629,8.590994834899902,31.410991668701172,14.526237487792969,44.512779235839844,56.96177673339844,75.40524291992188,59.6901741027832,15.83869457244873,24.65045928955078,32.62339401245117,64.29139709472656,66.33470153808594
2013-08-28,27.240909576416016,15.152776718139648,61.95232009887695,54.003231048583984,36.32501220703125,54.74772644042969,73.55176544189453,30.68389129638672,26.126462936401367,55.23702621459961,16.414888381958008,16.422277450561523,107.6939697265625,26.421546936035156,69.6556625366211,16.082178115844727,19.014827728271484,56.527034759521484,64.59027099609375,59.151885986328125,60.343910217285156,43.411346435546875,87.94144439697266,78.24242401123047,90.39952850341797,26.780832290649414,41.489627838134766,28.307165145874023,72.02405548095703,40.531673431396484,87.7412109375,60.824256896972656,11.166175842285156,42.26810836791992,29.4117374420166,121.64767456054688,45.76385498046875,18.851959228515625,8.66673469543457,31.29133415222168,14.526237487792969,45.01845169067383,56.82906723022461,75.42147827148438,59.05196762084961,15.656962394714355,24.62910270690918,32.35783767700195,63.476341247558594,66.84320068359375
2013-08-29,27.67816162109375,15.177472114562988,61.98096466064453,53.048866271972656,36.41117858886719,55.075416564941406,72.68225860595703,30.690399169921875,25.956148147583008,55.20915222167969,16.350881576538086,16.252824783325195,107.97776794433594,26.45492172241211,69.3268051147461,16.082178115844727,19.027965545654297,56.542076110839844,64.77320861816406,59.60603713989258,60.402469635009766,43.396183013916016,89.35503387451172,77.9988021850586,90.04884338378906,26.764968872070312,41.88077163696289,28.145524978637695,72.56573486328125,40.51592254638672,87.87770080566406,61.001644134521484,11.205713272094727,42.61077880859375,29.4117374420166,122.17252349853516,45.9326171875,19.095157623291016,8.926407814025879,31.63037109375,14.677888870239258,44.607181549072266,56.87553024291992,76.00956726074219,59.32004165649414,15.815397262573242,24.77857780456543,32.66987991333008,63.6515998840332,66.58895111083984
2013-08-30,27.554414749145508,15.039182662963867,61.86641311645508,52.981990814208984,36.28908157348633,55.488624572753906,72.718505859375,30.814207077026367,26.010648727416992,55.487552642822266,16.414888381958008,16.193885803222656,107.75897979736328,26.588451385498047,68.96141052246094,15.986163139343262,19.172449111938477,56.120174407958984,64.92182159423828,59.2412223815918,60.40978240966797,43.79035186767578,88.49496459960938,78.05614471435547,90.16571807861328,26.447574615478516,42.04736328125,28.07817268371582,72.24437713623047,40.476539611816406,87.93513488769531,60.73979949951172,11.166175842285156,42.14921951293945,29.290531158447266,120.97964477539062,45.530155181884766,18.98460578918457,8.758702278137207,31.956119537353516,14.60605239868164,44.70158004760742,56.78926467895508,75.36431121826172,59.65825653076172,15.787437438964844,25.06331443786621,32.742897033691406,63.65973663330078,66.46180725097656
2013-09-03,26.300434112548828,15.081160545349121,61.873558044433594,52.9759521484375,36.71998977661133,55.38888168334961,72.79096984863281,30.762075424194336,25.81990623474121,55.814632415771484,16.298513412475586,16.260189056396484,108.75814056396484,26.72197914123535,69.07833099365234,16.102754592895508,19.09364128112793,55.96871566772461,64.716064453125,60.291015625,60.38782501220703,43.54779052734375,89.42316436767578,79.53931427001953,89.85399627685547,26.13016700744629,42.387813568115234,28.098379135131836,72.95133209228516,40.40568161010742,88.8042984008789,61.179046630859375,11.268978118896484,42.603797912597656,29.51156234741211,123.07118225097656,45.8936653137207,19.3604736328125,8.839852333068848,32.40151596069336,14.69385051727295,45.031944274902344,57.04140853881836,76.07489776611328,59.12218475341797,15.764142990112305,25.198562622070312,32.656585693359375,64.0672378540039,66.79553985595703
2013-09-04,25.739444732666016,15.393232345581055,62.21720886230469,53.34672927856445,37.25143814086914,55.20362854003906,72.97814178466797,31.068326950073242,26.25591468811035,55.74314880371094,16.507997512817383,16.680139541625977,108.26746368408203,26.972333908081055,69.54605102539062,16.3016357421875,19.1540584564209,56.150489807128906,65.47626495361328,60.27610778808594,61.141658782958984,43.81307601928711,90.58130645751953,80.97949981689453,90.28263092041016,26.550722122192383,42.460235595703125,28.280227661132812,73.75923156738281,41.09077835083008,89.26400756835938,61.77873611450195,11.332286834716797,42.73667907714844,29.590002059936523,123.85047149658203,45.97806167602539,19.5373477935791,9.14821720123291,32.90010452270508,14.901371002197266,45.6185188293457,57.432945251464844,76.41796112060547,59.54711151123047,15.922566413879395,25.69683265686035,32.59684753417969,64.77229309082031,67.1292953491211
2013-09-05,25.76419448852539,15.287660598754883,62.31745147705078,53.09748077392578,37.42381286621094,54.95433044433594,73.28607940673828,30.957563400268555,26.05153465270996,55.420745849609375,16.449800491333008,16.65066909790039,108.8704833984375,26.922271728515625,69.9114761352539,16.24676513671875,19.091001510620117,55.279510498046875,65.65914916992188,60.59624099731445,60.70987319946289,43.6084098815918,90.81976318359375,80.9150161743164,90.2436752319336,26.772907257080078,42.34434127807617,28.098379135131836,74.59468841552734,41.11439895629883,89.17064666748047,62.336219787597656,11.371853828430176,42.70869827270508,29.81815528869629,124.19245910644531,46.04947280883789,19.640522003173828,9.359206199645996,33.36546325683594,14.905360221862793,45.69268035888672,57.605445861816406,76.41796112060547,59.40543746948242,15.959853172302246,25.760896682739258,32.59684753417969,65.43653869628906,65.59566497802734
2013-09-06,25.69819450378418,15.378729820251465,62.403358459472656,53.03670120239258,37.74696731567383,54.96143341064453,73.18949127197266,30.944536209106445,26.126462936401367,55.55389404296875,16.45561981201172,16.702241897583008,108.20829010009766,26.872196197509766,70.34996795654297,16.150758743286133,19.069992065429688,55.059879302978516,65.75634765625,60.797271728515625,61.031883239746094,43.96469497680664,90.32582092285156,79.53931427001953,90.2436752319336,26.582468032836914,42.46747589111328,28.212865829467773,74.20909881591797,41.27189254760742,88.87614440917969,61.95611572265625,11.363941192626953,42.743656158447266,29.54009246826172,124.58208465576172,45.90665054321289,19.75843620300293,9.196907997131348,32.88016128540039,14.925312042236328,45.98261642456055,57.5722770690918,76.0585708618164,59.91408920288086,16.029747009277344,25.476165771484375,32.656585693359375,64.89862823486328,65.64336395263672
2013-09-09,26.118946075439453,15.624114036560059,62.689735412597656,53.516937255859375,37.96241760253906,55.680973052978516,73.79933166503906,31.107425689697266,26.242273330688477,55.63801193237305,16.46725845336914,16.879064559936523,109.36115264892578,27.331195831298828,70.48881530761719,16.404504776000977,19.31168556213379,55.72636032104492,66.72806549072266,61.37056350708008,62.642032623291016,44.39676284790039,91.27959442138672,80.01219177246094,91.13984680175781,26.820512771606445,42.56888198852539,28.489015579223633,74.06221008300781,41.374271392822266,89.12037658691406,62.21796798706055,11.458904266357422,43.82065200805664,29.746854782104492,126.83265686035156,46.185791015625,20.22273826599121,9.364618301391602,33.385406494140625,15.041041374206543,46.43433380126953,57.81778335571289,76.3770980834961,60.26820373535156,16.118288040161133,25.70395851135254,32.57028579711914,65.87261199951172,66.65251922607422
2013-09-10,26.72117042541504,15.268217086791992,63.384246826171875,53.38320541381836,38.54413986206055,55.531333923339844,74.27635192871094,31.263811111450195,26.317224502563477,55.673057556152344,16.554546356201172,16.930641174316406,110.31890869140625,27.422992706298828,70.81037902832031,16.56909942626953,19.429901123046875,56.49887466430664,67.2138900756836,62.6362190246582,63.388572692871094,44.41192626953125,92.11410522460938,79.64679718017578,93.01019287109375,27.05063247680664,42.89482498168945,28.637189865112305,74.99867248535156,41.63414764404297,89.8386459350586,63.01193618774414,11.561782836914062,43.96051788330078,30.26735496520996,131.3257293701172,46.76350784301758,20.664928436279297,9.494454383850098,33.68456268310547,14.981182098388672,46.29273986816406,58.44157791137695,77.14486694335938,60.454891204833984,16.30001449584961,25.682594299316406,32.337921142578125,66.71619415283203,66.89089965820312
2013-09-11,27.009920120239258,14.43696403503418,63.88542556762695,54.003231048583984,38.249691009521484,55.75932693481445,74.8258285522461,31.368064880371094,26.419408798217773,55.967445373535156,16.68255615234375,16.805389404296875,112.74287414550781,27.556516647338867,71.2269515991211,16.7199764251709,19.45354652404785,56.83210754394531,67.85408782958984,62.56175994873047,63.769134521484375,44.91220474243164,93.01677703857422,80.22716522216797,93.86742401123047,27.57434844970703,43.170082092285156,29.13555335998535,75.55867767333984,41.579017639160156,90.9161148071289,63.50184631347656,11.593436241149902,44.00947189331055,30.303014755249023,131.2620849609375,46.711307525634766,20.8196964263916,9.489045143127441,33.73774337768555,15.033061981201172,46.62986755371094,58.892818450927734,77.68399047851562,60.87982177734375,16.500385284423828,25.718189239501953,32.39767837524414,67.00550079345703,66.99422454833984
2013-09-12,26.96867561340332,14.590678215026855,63.72792053222656,53.48045349121094,37.51715850830078,55.75220489501953,74.80773162841797,31.460115432739258,26.378232955932617,55.98145294189453,16.47307777404785,16.67276954650879,112.76058959960938,27.364572525024414,71.02233123779297,16.65825653076172,19.416767120361328,57.10476303100586,67.56260681152344,62.37565994262695,63.5568962097168,44.93494415283203,93.50218963623047,81.29473876953125,92.93228149414062,27.582277297973633,43.104896545410156,29.418445587158203,75.89837646484375,41.6656379699707,90.89457702636719,63.59476089477539,11.458904266357422,44.191287994384766,30.131887435913086,129.90228271484375,46.730892181396484,20.650184631347656,9.407896995544434,35.4262809753418,15.412181854248047,46.37364959716797,58.786624908447266,78.19851684570312,61.0665168762207,16.316162109375,25.618534088134766,32.45079040527344,66.37384033203125,66.1042709350586
2013-09-13,27.249162673950195,14.350221633911133,63.41287612915039,53.73577880859375,37.768516540527344,56.31500244140625,74.95867919921875,31.420658111572266,26.54978370666504,56.29685592651367,16.589458465576172,17.26954460144043,113.61190795898438,27.08917808532715,71.14657592773438,16.678823471069336,19.53498649597168,56.88511276245117,67.79120635986328,62.576656341552734,63.681312561035156,45.04865264892578,94.80509185791016,82.441162109375,92.65950775146484,27.669567108154297,43.387367248535156,29.337617874145508,76.7981185913086,41.94913101196289,91.40458679199219,63.603214263916016,11.466816902160645,44.429073333740234,30.08197021484375,130.419189453125,46.698265075683594,20.73124885559082,9.386259078979492,35.5392951965332,15.575803756713867,46.65009307861328,58.83308792114258,78.56610870361328,61.60733413696289,16.457876205444336,25.782255172729492,32.69643020629883,66.1986312866211,65.54800415039062
2013-09-16,27.059419631958008,13.894006729125977,63.74222946166992,53.899898529052734,38.16351318359375,57.105743408203125,74.92245483398438,31.683652877807617,26.666440963745117,56.78750228881836,16.705829620361328,17.232707977294922,114.19133758544922,27.514787673950195,71.40966796875,16.7199764251709,19.64532470703125,57.210792541503906,68.15132904052734,63.3584098815918,63.80574035644531,45.49586486816406,98.50086975097656,83.96013641357422,94.06227111816406,27.780656814575195,44.14793395996094,30.401737213134766,77.3673095703125,42.24050521850586,92.27372741699219,63.856605529785156,11.498472213745117,44.07240295410156,30.58110237121582,132.82872009277344,47.38345718383789,21.173442840576172,9.386259078979492,36.41680908203125,15.835196495056152,46.751224517822266,59.450218200683594,79.8729476928711,62.0837516784668,16.59486961364746,26.159523010253906,33.01509475708008,67.3233871459961,66.3823471069336
2013-09-17,27.166662216186523,14.054516792297363,63.76371765136719,54.06401062011719,38.127601623535156,56.870662689208984,75.0794448852539,31.5653018951416,26.618410110473633,57.23607635498047,16.66510009765625,17.490570068359375,113.60601043701172,27.756807327270508,71.56314086914062,16.713115692138672,19.74252700805664,57.40770721435547,68.55144500732422,63.61898422241211,63.72521209716797,45.3291130065918,99.72714233398438,82.92121124267578,95.2701644897461,27.74892234802246,44.19138717651367,30.576858520507812,76.86237335205078,42.3901252746582,93.12134552001953,64.9715576171875,11.514297485351562,43.841617584228516,30.55255889892578,133.1388702392578,47.500919342041016,21.37978744506836,9.434945106506348,36.5098762512207,16.182392120361328,46.99394989013672,59.64929962158203,80.6570053100586,62.03868103027344,16.703514099121094,26.451374053955078,33.04828643798828,67.38858032226562,66.5174331665039
2013-09-18,27.488405227661133,14.343429565429688,64.3722915649414,54.453060150146484,38.357425689697266,57.205501556396484,75.97308349609375,31.821731567382812,27.16739845275879,58.09116744995117,16.897844314575195,17.608448028564453,114.9421615600586,28.265872955322266,72.13318634033203,17.008014678955078,20.07615852355957,58.59674835205078,69.32884216308594,64.51241302490234,64.28876495361328,46.38275146484375,100.82565307617188,84.20374298095703,96.86780548095703,28.288503646850586,43.86543273925781,31.331167221069336,74.59468841552734,42.64999771118164,93.98330688476562,65.57970428466797,11.64091968536377,44.953575134277344,30.880552291870117,133.64781188964844,47.50743865966797,21.387165069580078,9.53773307800293,36.981876373291016,16.18638038635254,47.573795318603516,60.36595153808594,80.52635955810547,62.907833099365234,16.906641006469727,26.41578483581543,33.293914794921875,68.38703918457031,67.15311431884766
2013-09-19,27.75240135192871,14.578641891479492,64.48684692382812,54.270694732666016,37.88343811035156,57.077239990234375,75.74363708496094,31.729677200317383,26.97525405883789,57.34821319580078,16.781476974487305,17.615816116333008,114.3332748413086,28.282560348510742,71.56314086914062,16.877714157104492,20.020999908447266,59.460140228271484,69.48882293701172,64.61666107177734,64.22290802001953,46.21599578857422,101.37066650390625,83.96013641357422,96.04319763183594,28.042510986328125,43.314945220947266,32.01140213012695,71.3538589477539,42.413753509521484,93.66006469726562,65.52058410644531,11.561782836914062,44.9815559387207,30.630990982055664,133.42514038085938,48.71470642089844,21.0776309967041,9.553963661193848,37.22119903564453,16.357982635498047,47.7625732421875,60.850364685058594,80.08529663085938,62.579498291015625,16.911359786987305,26.380184173583984,32.41758728027344,68.46041870117188,67.62197875976562
2013-09-20,27.05117416381836,14.427700996398926,64.20759582519531,53.89381790161133,37.91933059692383,56.55720138549805,75.42967224121094,31.5653018951416,27.03700065612793,57.292144775390625,16.85712242126465,17.51267433166504,112.3408432006836,28.41608238220215,70.81768798828125,16.80912971496582,19.921171188354492,58.316524505615234,68.59717559814453,63.64130783081055,62.02726364135742,45.81424331665039,99.31837463378906,83.72367858886719,94.27622985839844,28.002840042114258,42.395042419433594,31.50627899169922,72.152587890625,42.46887969970703,91.94328308105469,65.30944061279297,11.427250862121582,44.65985870361328,30.55255889892578,134.99180603027344,48.26443862915039,20.775468826293945,9.407896995544434,36.908748626708984,16.266193389892578,47.87044906616211,60.750831604003906,78.65591430664062,61.93568420410156,16.79327392578125,26.508312225341797,32.30473327636719,67.7635269165039,66.60482788085938
2013-09-23,27.009920120239258,15.14475154876709,63.785186767578125,53.34065628051758,36.95699691772461,56.47883987426758,75.79193115234375,31.348337173461914,26.508623123168945,56.78750228881836,16.75819969177246,17.40216636657715,112.91433715820312,28.32428550720215,71.09540557861328,16.6445369720459,20.07615852355957,57.490989685058594,69.2259521484375,62.6362190246582,62.232154846191406,45.63230895996094,100.06777954101562,82.43399047851562,95.33641815185547,27.86793327331543,42.156009674072266,31.351383209228516,71.83125305175781,41.76802062988281,91.67034912109375,64.56610107421875,11.189840316772461,43.76470184326172,30.16753387451172,131.4132537841797,47.748897552490234,20.060598373413086,9.305108070373535,37.38074493408203,16.154451370239258,47.5872688293457,60.57830047607422,78.2965316772461,61.671714782714844,16.65155029296875,26.074098587036133,32.29145050048828,66.59800720214844,66.75582885742188
2013-09-24,26.77067756652832,15.097211837768555,63.16231155395508,53.10356903076172,36.138275146484375,56.008670806884766,75.17003631591797,31.249725341796875,26.43999481201172,56.45107650756836,16.705829620361328,17.461103439331055,112.3113021850586,28.073932647705078,71.46082305908203,16.555383682250977,19.900146484375,57.58946228027344,69.04872131347656,62.725582122802734,62.29072570800781,45.38216781616211,101.33657836914062,82.24053192138672,95.49345397949219,27.264883041381836,41.95319747924805,31.533222198486328,71.89549255371094,41.28765106201172,92.04385375976562,64.25360870361328,11.150277137756348,43.876590728759766,29.75398826599121,129.60008239746094,47.56617736816406,20.097444534301758,9.337567329406738,36.822322845458984,16.302104949951172,47.46591567993164,60.558372497558594,78.37004852294922,61.40129470825195,16.571245193481445,26.173755645751953,32.43086242675781,66.61837768554688,66.95448303222656
2013-09-25,26.820175170898438,14.863550186157227,62.34608840942383,52.969852447509766,37.12934875488281,55.36750411987305,74.91643524169922,31.341766357421875,26.302757263183594,56.21977233886719,16.577810287475586,17.461103439331055,112.01569366455078,28.265872955322266,71.34388732910156,16.754270553588867,19.611173629760742,57.19562911987305,68.70578002929688,62.42033004760742,61.844276428222656,44.980430603027344,100.9193344116211,80.59258270263672,95.14008331298828,26.717361450195312,41.8517951965332,31.39178466796875,71.90469360351562,41.429405212402344,91.84273529052734,64.18604278564453,11.189840316772461,43.170249938964844,29.81103515625,129.07518005371094,47.50743865966797,20.060598373413086,9.29969596862793,36.46334457397461,16.230281829833984,47.41197204589844,60.3858642578125,78.19039154052734,60.963523864746094,16.434253692626953,26.102569580078125,32.11884689331055,67.09518432617188,67.25641632080078
2013-09-26,27.0346736907959,15.008315086364746,62.33892059326172,52.92728805541992,37.265804290771484,55.60260009765625,74.56620025634766,31.348337173461914,26.5841121673584,56.45107650756836,16.59527015686035,17.247438430786133,112.45911407470703,28.215803146362305,71.76045989990234,16.3016357421875,19.603290557861328,57.61217498779297,68.96871185302734,62.576656341552734,61.624717712402344,45.776336669921875,101.66020202636719,80.8576889038086,95.21861267089844,26.709428787231445,42.13428497314453,31.6072998046875,71.64763641357422,40.193050384521484,93.27216339111328,64.46476745605469,11.142358779907227,43.91856002807617,29.66842269897461,129.059326171875,47.35734558105469,20.009014129638672,9.342976570129395,36.38357162475586,16.346004486083984,47.351295471191406,60.916744232177734,78.71310424804688,61.45925521850586,16.53346061706543,26.202228546142578,32.211788177490234,67.91429138183594,66.4170150756836
2013-09-27,27.447160720825195,14.90121078491211,62.09550857543945,52.82396697998047,37.51715850830078,55.0041618347168,74.05294799804688,31.420658111572266,26.350780487060547,56.212745666503906,16.804750442504883,16.930641174316406,110.50812530517578,28.19075584411621,70.97847747802734,15.999879837036133,19.53498649597168,57.52885818481445,68.71720123291016,62.22673797607422,61.33195877075195,45.427650451660156,101.11518096923828,81.10127258300781,94.43330383300781,26.29680633544922,41.86628723144531,31.115659713745117,71.2895736694336,39.767818450927734,92.83401489257812,64.10157012939453,10.999913215637207,44.436065673828125,29.65416717529297,127.11891174316406,47.279052734375,19.957422256469727,9.223958015441895,36.23731231689453,16.238256454467773,47.40522766113281,60.55176544189453,78.61508178710938,61.02787780761719,16.39646339416504,26.422897338867188,31.919679641723633,67.3519287109375,65.84942626953125
2013-09-30,27.455413818359375,14.71600341796875,62.06687545776367,52.30120086669922,37.12216567993164,53.85007095336914,73.36459350585938,31.302331924438477,25.993959426879883,55.72212219238281,16.717464447021484,16.886432647705078,109.47940826416016,27.681697845458984,70.31341552734375,16.068450927734375,19.429901123046875,57.445560455322266,68.25421905517578,61.8246955871582,61.039207458496094,44.950103759765625,100.05925750732422,80.19132232666016,93.8050537109375,26.33647918701172,41.10573959350586,31.16952896118164,70.56430053710938,39.63394546508789,91.62007141113281,63.78905487060547,10.92077922821045,43.96750259399414,29.461647033691406,125.81473541259766,46.93970489501953,19.86161994934082,9.126579284667969,35.76532745361328,16.09858512878418,46.86586380004883,60.63139343261719,77.80647277832031,60.660926818847656,16.226404190063477,26.223583221435547,31.813451766967773,68.0813980102539,65.06599426269531
2013-10-01,27.702899932861328,15.06202220916748,62.62533187866211,52.27687454223633,37.316070556640625,54.256187438964844,73.25591278076172,32.045265197753906,26.041994094848633,55.9464225769043,16.810565948486328,16.82011604309082,110.18885803222656,27.957094192504883,70.25495910644531,16.054643630981445,19.33270263671875,57.756065368652344,68.37425994873047,61.958717346191406,61.30268096923828,45.54893493652344,100.27215576171875,82.09722900390625,94.90448760986328,26.804641723632812,41.67795181274414,31.81609535217285,72.11585998535156,39.90168380737305,91.58415222167969,64.1353530883789,10.999913215637207,43.91856002807617,29.582866668701172,126.4429702758789,47.05718231201172,20.00164222717285,9.29969596862793,37.387393951416016,16.22229766845703,47.223175048828125,60.916744232177734,78.5252456665039,60.76394271850586,16.39646339416504,26.230701446533203,31.853294372558594,67.9795150756836,65.72952270507812
2013-10-02,27.983396530151367,15.111411094665527,62.496429443359375,52.32550048828125,37.68503952026367,54.09231185913086,72.96001434326172,31.801992416381836,25.685157775878906,55.76416778564453,16.880395889282227,16.864334106445312,109.34929656982422,28.10731315612793,69.63373565673828,16.109907150268555,19.366859436035156,57.801517486572266,68.13417053222656,61.6757926940918,61.529563903808594,45.04865264892578,100.34878540039062,81.00817108154297,95.53274536132812,26.899869918823242,41.359256744384766,31.84322166442871,71.99651336669922,39.79932403564453,89.84584045410156,63.186439514160156,11.126531600952148,43.63882064819336,29.41887092590332,126.18052673339844,46.97233581542969,19.986902236938477,9.310516357421875,37.58018493652344,16.194358825683594,47.43894958496094,60.571659088134766,77.74112701416016,60.68670654296875,16.41535186767578,26.465604782104492,31.87320899963379,67.91024780273438,65.79347229003906
2013-10-03,27.933897018432617,14.921578407287598,61.988094329833984,51.97295379638672,37.57651901245117,54.0281982421875,71.40216064453125,31.79543113708496,25.499876022338867,55.68006896972656,16.74074363708496,16.65066909790039,108.69902801513672,27.740108489990234,69.18792724609375,15.89574909210205,19.219738006591797,57.46827697753906,67.76264190673828,60.64091873168945,61.456382751464844,44.88947677612305,98.13468933105469,79.61811065673828,94.62964630126953,26.41582679748535,41.02605056762695,31.592185974121094,71.70271301269531,38.42910385131836,88.22969055175781,62.71199035644531,11.079051971435547,43.15626907348633,29.23349380493164,124.73320007324219,46.97233581542969,19.78791618347168,9.1698579788208,37.20125961303711,15.998815536499023,47.31084442138672,59.788639068603516,76.02587127685547,60.80255889892578,16.391746520996094,26.159523010253906,31.620929718017578,67.84911346435547,65.62560272216797
2013-10-04,27.950407028198242,14.909850120544434,62.510772705078125,52.47137451171875,38.104637145996094,54.156436920166016,71.32969665527344,31.7099609375,25.52733612060547,55.806217193603516,16.874576568603516,16.805389404296875,108.84091186523438,27.815502166748047,69.20985412597656,15.902665138244629,19.12516212463379,57.39254379272461,68.24850463867188,61.22909927368164,61.624717712402344,44.97284698486328,99.80377197265625,80.90066528320312,94.43330383300781,26.630075454711914,41.19989776611328,32.24355697631836,72.74015045166016,38.09835433959961,87.99261474609375,62.95768737792969,11.118621826171875,44.086402893066406,29.447399139404297,124.49464416503906,47.44872283935547,19.89109230041504,9.245601654052734,37.08824157714844,16.18638038635254,47.8502197265625,60.3858642578125,76.22191619873047,60.68670654296875,16.368122100830078,26.123918533325195,31.833372116088867,69.64627838134766,65.99330139160156
2013-10-07,27.471908569335938,15.055542945861816,61.99526596069336,52.216087341308594,37.49692153930664,53.892852783203125,71.17271423339844,31.486404418945312,25.424386978149414,55.413753509521484,16.65345573425293,16.82011604309082,107.60526275634766,27.50559425354004,68.96141052246094,15.812850952148438,18.88083839416504,56.900272369384766,67.84266662597656,61.727901458740234,61.134361267089844,44.88187789916992,99.36946105957031,78.97328186035156,94.00138854980469,26.582468032836914,41.09125900268555,31.904296875,71.73944091796875,37.52348709106445,88.75401306152344,61.79697036743164,10.928694725036621,43.1982307434082,28.96254539489746,122.66558074951172,46.84833526611328,19.780550003051758,9.094118118286133,36.68937683105469,15.922994613647461,47.789554595947266,59.74220275878906,77.5777587890625,60.429141998291016,16.41535186767578,25.924625396728516,31.859926223754883,68.42778778076172,65.92135620117188
2013-10-08,27.232664108276367,14.8453369140625,61.29362106323242,51.9790153503418,36.80241775512695,54.37727737426758,70.48435974121094,31.394371032714844,25.582223892211914,55.32259750366211,16.43235206604004,16.562253952026367,105.6602554321289,27.1119441986084,68.65442657470703,15.640151023864746,19.15143585205078,56.248931884765625,66.96814727783203,60.91636276245117,60.63667297363281,44.692378997802734,98.30501556396484,77.21064758300781,92.94122314453125,26.193649291992188,41.323036193847656,31.619304656982422,71.06004333496094,37.838470458984375,87.96387481689453,61.186981201171875,10.833728790283203,41.526817321777344,28.69160270690918,121.7112808227539,46.31977462768555,19.566822052001953,8.926407814025879,36.469993591308594,15.863130569458008,47.31084442138672,59.01226043701172,76.85083770751953,59.997764587402344,16.38228988647461,25.760896682739258,31.726089477539062,66.3493881225586,65.72151947021484
2013-10-09,27.282161712646484,15.019736289978027,61.544219970703125,51.76626968383789,36.715599060058594,54.8189582824707,70.12206268310547,31.078773498535156,25.444984436035156,55.72212219238281,16.46143913269043,16.643306732177734,107.19735717773438,26.961179733276367,68.16474914550781,15.543436050415039,19.177705764770508,56.150489807128906,67.20249938964844,60.97594451904297,61.127037048339844,45.35186767578125,97.47901153564453,76.15025329589844,92.54857635498047,26.320600509643555,42.040122985839844,31.490402221679688,70.85807037353516,37.76760482788086,87.65499877929688,61.186981201171875,10.952435493469238,41.191139221191406,28.777158737182617,122.81664276123047,46.756988525390625,19.728958129882812,8.9913330078125,36.56971740722656,16.02276039123535,47.0411491394043,58.859619140625,76.85901641845703,60.69955825805664,16.273651123046875,25.86055564880371,31.906761169433594,66.21493530273438,66.0333023071289
2013-10-10,27.85140037536621,15.113882064819336,62.84728240966797,52.30120086669922,37.99614334106445,55.488624572753906,70.27299499511719,31.223430633544922,25.925334930419922,56.55620193481445,16.74074363708496,17.0190486907959,109.23703002929688,27.63123893737793,69.01983642578125,15.89574909210205,19.6479549407959,57.18808364868164,68.21420288085938,63.35100173950195,62.012611389160156,46.07954025268555,101.25143432617188,78.75830078125,95.21861267089844,26.806692123413086,42.532676696777344,32.460693359375,72.6024398803711,38.70472717285156,90.99514770507812,63.25424575805664,11.261061668395996,43.876590728759766,29.54720687866211,125.65568542480469,48.23181915283203,20.37013053894043,9.159040451049805,37.22785186767578,16.238256454467773,48.40308380126953,59.908103942871094,79.30934143066406,61.76185607910156,16.76019859313965,26.387311935424805,32.422027587890625,67.13185119628906,66.28912353515625
2013-10-11,28.156641006469727,15.211732864379883,64.0429458618164,52.85434341430664,37.988895416259766,55.908935546875,71.05194854736328,31.0919246673584,25.918472290039062,56.654319763183594,16.711650848388672,17.136926651000977,110.05879211425781,27.857372283935547,69.23908233642578,16.082273483276367,19.65583038330078,57.801517486572266,69.00299072265625,64.37095642089844,62.65666961669922,46.579830169677734,100.4679946899414,79.4533462524414,95.8076171875,26.90232276916504,43.148338317871094,32.35212707519531,73.07984161376953,38.49209976196289,90.62879943847656,63.88117599487305,11.229408264160156,43.841617584228516,29.54009246826172,127.23822021484375,48.721229553222656,20.598590850830078,9.256420135498047,37.20125961303711,16.645313262939453,48.83209228515625,60.23324203491211,80.33849334716797,62.4185676574707,16.788543701171875,26.04563331604004,32.35512924194336,67.95506286621094,65.80146026611328
2013-10-14,28.420637130737305,15.311436653137207,64.29354095458984,53.249454498291016,38.133583068847656,56.09415054321289,71.60140991210938,30.736894607543945,26.014545440673828,56.83658218383789,17.07823371887207,17.27691650390625,110.5376968383789,27.874128341674805,69.2244873046875,16.123720169067383,19.619056701660156,57.82426071166992,69.3917007446289,64.01358032226562,63.117759704589844,46.64046096801758,101.72833251953125,79.94772338867188,95.72905731201172,27.093576431274414,43.23527145385742,32.345340728759766,72.75851440429688,38.6102180480957,91.58415222167969,64.44880676269531,11.356027603149414,44.66685485839844,29.76825714111328,126.80882263183594,48.603790283203125,20.768104553222656,9.29428768157959,37.693199157714844,16.609390258789062,49.00231170654297,59.96118927001953,80.70603942871094,62.42497634887695,16.883020401000977,26.316129684448242,32.34843063354492,67.7024154663086,66.43299865722656
2013-10-15,28.45363998413086,15.39291763305664,64.38658905029297,52.7570915222168,37.84420394897461,55.282012939453125,71.34178161621094,30.618549346923828,25.842987060546875,56.49311828613281,16.967681884765625,17.232707977294922,109.17198944091797,27.430227279663086,68.55211639404297,16.01319694519043,19.537612915039062,56.93813705444336,68.48856353759766,63.388206481933594,62.759124755859375,46.41306686401367,100.63835144042969,79.847412109375,94.98303985595703,26.86247444152832,42.77894592285156,32.15535354614258,71.74862670898438,38.43696212768555,90.43486022949219,63.75408172607422,11.268977165222168,44.47801971435547,29.61850929260254,125.35348510742188,48.427574157714844,20.628070831298828,9.180678367614746,37.42728042602539,16.36595916748047,48.95464324951172,59.908103942871094,79.5135269165039,62.16103744506836,16.68934440612793,26.209352493286133,32.0606803894043,67.43748474121094,65.8414306640625
2013-10-16,28.577392578125,15.467928886413574,65.23143005371094,53.073184967041016,39.06684112548828,56.24553298950195,71.9516372680664,31.013029098510742,26.076303482055664,57.663631439208984,17.340084075927734,17.461103439331055,110.39576721191406,27.656360626220703,69.58988189697266,15.888848304748535,19.860742568969727,56.756378173828125,69.12875366210938,63.84232711791992,63.13972473144531,47.208984375,102.47769165039062,81.88227081298828,95.6505355834961,28.607627868652344,42.85137176513672,33.11207580566406,73.87860870361328,38.515708923339844,91.84273529052734,64.66065216064453,11.522214889526367,45.91168975830078,30.09623146057129,129.02745056152344,49.26287841796875,21.099740982055664,9.35379695892334,38.28484344482422,16.70915985107422,49.68330383300781,60.60483169555664,80.59986114501953,63.094547271728516,16.859397888183594,26.707626342773438,32.636173248291016,67.73908233642578,66.32908630371094
2013-10-17,28.808374404907227,15.572565078735352,65.84716796875,53.17653274536133,39.21878433227539,57.02094268798828,72.16902160644531,30.97357749938965,26.453716278076172,57.88091278076172,17.607749938964844,17.623184204101562,103.36044311523438,27.530723571777344,69.77261352539062,15.736869812011719,19.90803337097168,57.362274169921875,70.08904266357422,64.57942962646484,63.272361755371094,48.06553649902344,104.13825225830078,83.0072021484375,96.90702056884766,29.619651794433594,43.62572479248047,33.70240020751953,71.13350677490234,39.1378288269043,92.9201889038086,67.9732894897461,11.601348876953125,47.10755157470703,30.431365966796875,125.90216827392578,49.81757354736328,21.32083511352539,9.445762634277344,39.062644958496094,16.8448486328125,49.98971939086914,60.99635314941406,82.27425384521484,63.764156341552734,16.82633399963379,26.978120803833008,32.77001953125,71.10115814208984,66.87271118164062
2013-10-18,28.841379165649414,15.708072662353516,65.6037368774414,53.219085693359375,39.283878326416016,57.013755798339844,72.24751281738281,30.644847869873047,26.611553192138672,58.18231964111328,17.753215789794922,17.59371566772461,102.7396469116211,27.55585289001465,69.57527923583984,15.861214637756348,19.889644622802734,56.567020416259766,70.21479034423828,62.97127151489258,64.37052154541016,47.86738967895508,104.33411407470703,82.34086608886719,100.32310485839844,29.715267181396484,44.360103607177734,33.73632049560547,68.81072998046875,39.0275764465332,92.58978271484375,68.21902465820312,11.577609062194824,47.701969146728516,30.431365966796875,126.19644927978516,50.137332916259766,21.880939483642578,9.48363208770752,38.94962692260742,16.912691116333008,50.00337219238281,61.71302795410156,82.9766845703125,63.854278564453125,16.939701080322266,27.06352996826172,32.917240142822266,71.63093566894531,67.30439758300781
2013-10-21,28.866132736206055,16.093000411987305,65.29586029052734,53.0245475769043,39.262176513671875,56.697853088378906,72.35015869140625,30.579099655151367,26.63899803161621,57.73374557495117,17.689210891723633,17.7852725982666,102.19576263427734,27.597732543945312,69.12944793701172,15.840485572814941,19.74252700805664,56.51401901245117,70.44915008544922,63.02337646484375,64.63582611083984,47.4482307434082,103.43997192382812,81.42373657226562,102.6397705078125,29.372615814208984,43.90203857421875,33.430973052978516,69.72882843017578,39.09845733642578,90.00389099121094,68.1173324584961,11.490560531616211,46.848785400390625,30.388572692871094,127.0552978515625,50.14384841918945,21.6893253326416,9.467406272888184,38.810035705566406,16.860816955566406,49.74458312988281,62.230621337890625,81.84133911132812,63.62894058227539,17.015283584594727,27.51910400390625,32.77001953125,71.9732666015625,67.28839111328125
2013-10-22,28.527891159057617,16.0469970703125,66.12638854980469,53.48045349121094,38.79193115234375,57.71018600463867,72.84529113769531,30.55280113220215,26.82427978515625,58.48368835449219,17.852142333984375,17.73369789123535,103.4432144165039,27.55585289001465,69.51680755615234,15.647064208984375,20.049901962280273,56.69577407836914,70.7635498046875,64.14761352539062,65.71925354003906,48.37037658691406,104.30005645751953,83.26512908935547,102.1686019897461,29.50011444091797,44.629112243652344,33.74311447143555,70.20620727539062,39.49220275878906,93.41585540771484,68.51557159423828,11.490560531616211,47.6180534362793,30.616731643676758,126.64168548583984,50.43098068237305,21.71143913269043,9.521505355834961,39.01610565185547,17.044387817382812,49.88759231567383,62.22397232055664,82.8705062866211,66.29436492919922,17.19951629638672,28.10991859436035,33.22506332397461,73.4037094116211,67.58418273925781
2013-10-23,27.85140037536621,16.204118728637695,65.94022369384766,53.25556182861328,38.16252517700195,58.0906867980957,72.5373306274414,30.611974716186523,26.82427978515625,58.40660095214844,17.80558967590332,17.490570068359375,103.91618347167969,27.38834571838379,68.85175323486328,15.377646446228027,19.93955421447754,56.862396240234375,70.42057037353516,64.54218292236328,61.732025146484375,48.37037658691406,109.86932373046875,82.87822723388672,100.91209411621094,29.667463302612305,44.68729019165039,33.220638275146484,67.84674835205078,39.61817932128906,94.80217742919922,68.31222534179688,11.24523639678955,48.261470794677734,30.48838233947754,125.44096374511719,50.796424865722656,21.431385040283203,9.478224754333496,39.08259963989258,17.128192901611328,49.29514694213867,62.34341812133789,86.2193374633789,67.57556915283203,17.185344696044922,27.95331382751465,33.47266387939453,72.72313690185547,67.21644592285156
2013-10-24,27.818403244018555,16.41864013671875,66.11921691894531,53.74790573120117,37.96718978881836,57.87528610229492,72.79698181152344,30.388431549072266,26.625272750854492,57.852874755859375,17.811412811279297,17.52004051208496,105.1163101196289,27.69823455810547,69.1952133178711,15.453627586364746,20.07615852355957,58.14990997314453,70.58634948730469,64.98143768310547,62.29951477050781,48.04266357421875,109.83525085449219,83.25797271728516,101.8544692993164,29.651519775390625,45.13082504272461,33.49884033203125,67.17652130126953,39.807186126708984,95.26187896728516,68.54094696044922,11.213581085205078,48.83491516113281,30.438480377197266,127.20639038085938,49.2432975769043,21.659849166870117,9.608064651489258,39.38837814331055,17.164112091064453,49.97611999511719,62.701751708984375,87.78752136230469,67.09271240234375,16.986942291259766,27.889257431030273,33.39906311035156,73.13475799560547,67.37635040283203
2013-10-25,29.47661781311035,16.234981536865234,65.93305206298828,53.47437286376953,38.1769905090332,57.43736267089844,72.81511688232422,30.59882354736328,26.78309440612793,58.420623779296875,17.811412811279297,17.85894775390625,104.55467987060547,27.76524543762207,69.26830291748047,15.515802383422852,19.986841201782227,57.74848937988281,71.117919921875,65.14525604248047,62.47638702392578,48.469451904296875,111.71721649169922,83.34396362304688,101.6188735961914,29.68340301513672,44.65092086791992,33.091732025146484,67.84674835205078,39.893798828125,96.25312042236328,69.98973083496094,11.284804344177246,48.730018615722656,30.559694290161133,128.90025329589844,49.43254470825195,21.541929244995117,9.521505355834961,39.348506927490234,17.327726364135742,50.43233871459961,63.444984436035156,88.51446533203125,67.9296646118164,17.123929977416992,28.423126220703125,33.49943161010742,74.13726043701172,66.79278564453125
2013-10-28,29.34461784362793,16.355981826782227,66.14785766601562,53.632423400878906,38.11188507080078,58.37071990966797,73.0083236694336,29.816425323486328,27.181119918823242,59.30375671386719,17.887048721313477,17.947357177734375,104.85023498535156,27.75686264038086,69.69950866699219,15.577981948852539,20.26531219482422,57.604610443115234,71.40372467041016,65.01868438720703,62.11526870727539,49.35347366333008,110.60163879394531,84.78411865234375,102.44345092773438,29.70730972290039,44.89088439941406,35.29693603515625,68.14970397949219,40.06705856323242,95.70004272460938,70.11683654785156,11.261061668395996,48.06564712524414,30.538305282592773,128.39129638671875,50.75727844238281,21.35032081604004,9.505273818969727,39.494747161865234,17.22396469116211,50.31658172607422,64.87830352783203,88.0979232788086,69.08853149414062,17.388471603393555,28.359060287475586,33.92770004272461,73.71749114990234,66.72879028320312
2013-10-29,29.303373336791992,15.948529243469238,66.68485260009766,54.05793380737305,38.14804458618164,59.20354461669922,73.36459350585938,29.967647552490234,27.311494827270508,59.920536041259766,18.18381690979004,18.06524085998535,107.67034912109375,28.23427391052246,70.19645690917969,15.771402359008789,20.244295120239258,58.695213317871094,71.60945892333984,65.11546325683594,61.96049118041992,50.25275421142578,110.41431427001953,84.74114990234375,102.91462707519531,29.70730972290039,45.47983169555664,36.179012298583984,68.21398162841797,39.531558990478516,96.0089340209961,70.87930297851562,11.197755813598633,48.60413360595703,30.630990982055664,128.9161834716797,50.93999481201172,21.675151824951172,9.526914596557617,39.727439880371094,17.27984046936035,50.623043060302734,65.23664093017578,88.4654541015625,69.64222717285156,17.681350708007812,28.992578506469727,34.16862106323242,75.60027313232422,66.07325744628906
2013-10-30,29.319875717163086,16.2022647857666,66.43424224853516,53.984989166259766,38.05400085449219,58.528663635253906,72.63999938964844,29.74410629272461,27.187976837158203,59.3808479309082,17.99761390686035,18.050504684448242,106.50565338134766,28.08350944519043,70.18187713623047,15.688506126403809,20.204891204833984,58.983001708984375,71.32938385009766,64.56450653076172,61.53303146362305,49.70406723022461,110.43132781982422,83.74517822265625,103.54289245605469,29.436363220214844,45.23988342285156,36.05009078979492,68.526123046875,38.751949310302734,96.0520248413086,70.40484619140625,11.213581085205078,50.821041107177734,30.730815887451172,128.86849975585938,50.998722076416016,21.49057960510254,9.434420585632324,39.30195999145508,17.116220474243164,49.88077163696289,65.21670532226562,87.88553619384766,69.46841430664062,17.506563186645508,29.184768676757812,33.887569427490234,74.03128051757812,65.72151947021484
2013-10-31,29.212621688842773,16.134361267089844,66.30538177490234,54.47736358642578,37.28713607788086,57.975833892822266,72.4347152709961,29.64548110961914,27.153657913208008,58.93927764892578,17.857955932617188,18.028404235839844,105.94992065429688,28.05838966369629,70.53997802734375,15.584881782531738,20.162858963012695,58.990570068359375,71.9352798461914,64.57197570800781,61.43722152709961,49.33061981201172,111.12965393066406,83.21495819091797,102.6397705078125,29.12559700012207,45.26897430419922,35.63620376586914,70.6744613647461,39.2323112487793,95.77906799316406,69.30345916748047,11.055310249328613,49.779029846191406,30.438480377197266,127.92208862304688,50.51582336425781,21.210052490234375,9.309284210205078,39.38174819946289,17.096267700195312,49.93526840209961,65.19017791748047,87.81204223632812,69.53277587890625,17.586870193481445,29.113582611083984,33.74032974243164,74.40621185302734,65.42573547363281
2013-11-01,29.311622619628906,16.05193328857422,66.8495101928711,54.598960876464844,37.988895416259766,58.263004302978516,71.25725555419922,29.737533569335938,27.181119918823242,59.268707275390625,18.13726234436035,17.925254821777344,105.96171569824219,28.08350944519043,71.0661849975586,15.591795921325684,20.246929168701172,58.3089599609375,71.96388244628906,64.70598602294922,61.60673522949219,49.83359909057617,113.28410339355469,85.04209899902344,104.21038055419922,29.452316284179688,45.50890350341797,35.609046936035156,71.95978546142578,39.67332458496094,96.64822387695312,69.60847473144531,11.094879150390625,49.632164001464844,30.42422103881836,128.86849975585938,50.659393310546875,21.557029724121094,9.189584732055664,40.23265838623047,17.04039764404297,49.771820068359375,65.17692565917969,88.31024932861328,69.53923797607422,17.634111404418945,29.113582611083984,33.673423767089844,74.47549438476562,65.26586151123047
2013-11-04,29.649856567382812,16.259370803833008,66.6060791015625,55.9848747253418,37.64884948730469,58.39225387573242,71.31159210205078,30.05970001220703,27.11249351501465,59.13554000854492,18.189626693725586,17.873689651489258,106.57658386230469,28.23427391052246,71.11734008789062,15.598701477050781,20.31522560119629,58.316524505615234,72.2039566040039,64.25929260253906,61.82783508300781,50.092716217041016,113.0797119140625,84.03178405761719,103.77849578857422,29.46824073791504,45.065372467041016,35.98902893066406,73.08902740478516,39.69694137573242,97.50299835205078,69.41361999511719,11.110705375671387,48.49224090576172,30.445615768432617,129.75115966796875,50.56150817871094,21.660383224487305,9.249430656433105,39.986690521240234,16.964567184448242,49.93526840209961,66.27847290039062,88.7431640625,70.08004760742188,17.681350708007812,29.09222984313965,33.76709747314453,74.76483154296875,65.38575744628906
2013-11-05,30.22735023498535,16.21924591064453,66.44857025146484,55.91801071166992,37.5837516784668,58.464027404785156,71.52293395996094,29.82300567626953,27.105632781982422,59.31076431274414,18.177989959716797,17.86996841430664,105.1458969116211,28.05838966369629,71.1904296875,15.937204360961914,20.3388729095459,58.05144119262695,72.0896224975586,64.28160858154297,61.94575119018555,49.81074905395508,113.74396514892578,82.49846649169922,103.73922729492188,29.77105140686035,45.966976165771484,35.63620376586914,72.99720764160156,39.66542434692383,97.30906677246094,69.38821411132812,11.02365493774414,48.63211441040039,30.395706176757812,128.7888641357422,50.22216033935547,21.401996612548828,9.298401832580566,40.08641052246094,17.02043914794922,49.41771697998047,66.55717468261719,89.1270523071289,70.05429077148438,17.73331069946289,29.88235855102539,33.92770004272461,74.70780181884766,65.39374542236328
2013-11-06,31.497804641723633,16.173290252685547,66.61322021484375,56.66571044921875,37.69226837158203,59.4548454284668,73.147216796875,30.21748924255371,27.483047485351562,60.754638671875,18.160400390625,18.0335636138916,106.50702667236328,28.53580093383789,71.54850006103516,16.082273483276367,20.533275604248047,57.87726974487305,72.66693878173828,64.56450653076172,62.071041107177734,50.30610275268555,113.74820709228516,81.20159149169922,105.62397003173828,29.93042755126953,46.43959426879883,35.31050491333008,73.82351684570312,39.75993728637695,98.3146743774414,69.57457733154297,11.047396659851074,47.10755157470703,30.474685668945312,130.03744506835938,50.64634323120117,21.50534439086914,9.200464248657227,39.78061294555664,17.064334869384766,50.32341766357422,65.76087188720703,89.53543090820312,70.58221435546875,17.865581512451172,29.72575569152832,34.22884750366211,74.74459075927734,65.39374542236328
2013-11-07,30.936843872070312,15.91156005859375,66.3626480102539,56.2801399230957,37.36671829223633,59.103031158447266,72.40450286865234,30.125438690185547,27.332082748413086,59.78738784790039,18.12521743774414,17.892274856567383,106.98843383789062,28.4771671295166,71.03693389892578,15.964838027954102,20.36252212524414,57.324371337890625,72.25537109375,63.62644577026367,61.65097427368164,49.383968353271484,112.39783477783203,79.55365753173828,104.44597625732422,29.99418067932129,46.19965362548828,34.808387756347656,72.78608703613281,39.38195037841797,97.83341217041016,68.5578842163086,10.92077922821045,45.89768981933594,29.95050048828125,126.95189666748047,50.00029373168945,21.202669143676758,9.00459098815918,39.355140686035156,16.621368408203125,49.376853942871094,65.42244720458984,88.75948333740234,69.45553588867188,17.71441650390625,29.348487854003906,33.726959228515625,73.45248413085938,65.20185852050781
2013-11-08,31.167821884155273,16.1621150970459,67.33638000488281,56.751380920410156,39.03790283203125,59.23944854736328,73.17742156982422,30.769771575927734,27.483047485351562,60.1728630065918,18.365636825561523,17.914583206176758,106.98249816894531,28.770315170288086,70.89807891845703,16.241165161132812,20.480735778808594,57.165340423583984,73.15852355957031,65.10057830810547,62.08580017089844,49.40682601928711,114.09010314941406,81.11561584472656,106.2129135131836,30.376670837402344,46.374149322509766,35.520835876464844,74.07139587402344,39.87018585205078,99.2053451538086,69.28651428222656,11.332286834716797,47.11454772949219,30.668569564819336,129.7590789794922,51.422916412353516,21.734210968017578,9.167819023132324,39.68754577636719,16.74507713317871,50.1804084777832,66.10595703125,90.44206237792969,69.55208587646484,17.738035202026367,29.497962951660156,33.820640563964844,74.24163818359375,65.15389251708984
2013-11-11,31.011075973510742,16.1152286529541,67.50818634033203,56.892147064208984,39.13919448852539,59.059974670410156,73.11099243164062,30.901254653930664,27.359529495239258,59.892520904541016,18.318727493286133,17.97407341003418,108.70028686523438,28.787073135375977,70.95652770996094,16.199716567993164,20.756580352783203,57.0820198059082,73.13565826416016,65.08570098876953,62.01947784423828,49.246788024902344,113.26961517333984,81.08695220947266,106.05587005615234,30.201366424560547,46.48320770263672,35.67689514160156,74.46617889404297,39.59457015991211,98.51580047607422,68.96455383300781,11.39559555053711,47.21246337890625,30.697288513183594,130.29193115234375,51.41637420654297,22.21407699584961,9.189584732055664,39.52134323120117,16.573484420776367,50.09186935424805,65.88030242919922,89.98465728759766,69.50703430175781,17.690797805786133,29.284414291381836,33.76041793823242,74.4828872680664,65.44168090820312
2013-11-12,30.821338653564453,16.14504623413086,66.98553466796875,56.71467971801758,39.045143127441406,59.44767761230469,72.4588623046875,31.28916358947754,27.36639404296875,60.02570343017578,18.400827407836914,18.167421340942383,108.81318664550781,29.063467025756836,71.37313079833984,16.393142700195312,20.677770614624023,57.69548416137695,73.37001037597656,64.4677505493164,61.79834747314453,49.3230094909668,113.09868621826172,81.09415435791016,106.2129135131836,29.858713150024414,46.50503158569336,35.64977264404297,74.45698547363281,39.42133712768555,98.5732650756836,68.65109252929688,11.332286834716797,47.282386779785156,30.359792709350586,129.5364532470703,51.1749153137207,21.970455169677734,9.097088813781738,39.54130172729492,16.725128173828125,49.587982177734375,66.2386245727539,89.31490325927734,69.6679916381836,17.624662399291992,28.905412673950195,33.76709747314453,74.6259994506836,65.6495590209961
2013-11-13,31.481325149536133,16.164289474487305,66.82801055908203,56.66571044921875,39.16813278198242,59.95024871826172,72.51321411132812,31.124805450439453,27.531085968017578,60.24296951293945,18.68815803527832,18.29384994506836,109.09849548339844,29.31473731994629,71.70201873779297,16.57967185974121,20.727678298950195,58.77094268798828,73.50147247314453,65.1527328491211,62.056312561035156,49.604984283447266,113.81658935546875,81.68412017822266,106.60558319091797,30.097776412963867,46.81040954589844,35.1883659362793,75.43933868408203,40.200679779052734,98.5948257446289,68.99844360351562,11.58552074432373,47.90480422973633,30.70447540283203,129.5762176513672,51.442481994628906,22.18454360961914,9.303842544555664,40.27919387817383,16.879375457763672,49.94205856323242,67.0482177734375,89.28221130371094,70.07359313964844,17.75220489501953,29.62769317626953,34.04816818237305,75.48876190185547,66.22514343261719
2013-11-14,31.365808486938477,16.398080825805664,67.24329376220703,57.05127716064453,39.35622787475586,60.53898620605469,72.79937744140625,31.440383911132812,27.592836380004883,60.551368713378906,18.764381408691406,18.137680053710938,108.30205535888672,28.795452117919922,71.30001068115234,14.762812614440918,20.774967193603516,59.78579330444336,74.1873550415039,66.01634979248047,61.732025146484375,49.9936408996582,115.45755004882812,83.03678131103516,105.97734832763672,30.08980369567871,47.45752716064453,35.78546905517578,76.22888946533203,40.58241271972656,99.33465576171875,69.37969970703125,11.712141036987305,48.240482330322266,30.941434860229492,129.78298950195312,51.527305603027344,22.39864158630371,9.298401832580566,40.175628662109375,17.0997371673584,50.173580169677734,67.41543579101562,89.927490234375,70.63373565673828,17.80889129638672,30.03530502319336,34.48312759399414,75.88127136230469,66.233154296875
2013-11-15,31.217329025268555,16.299657821655273,67.57981872558594,58.30589294433594,39.696250915527344,60.912296295166016,73.10384368896484,31.60476303100586,27.599702835083008,60.29904556274414,18.881654739379883,18.234359741210938,108.88456726074219,29.247724533081055,70.83229064941406,14.880247116088867,20.811748504638672,60.61132049560547,74.22167205810547,65.97911071777344,61.7172737121582,50.13080596923828,116.30371856689453,82.72742462158203,106.80191802978516,30.320886611938477,47.71200180053711,35.56834030151367,76.78892517089844,40.56650161743164,98.73129272460938,70.15068054199219,11.807104110717773,48.87688064575195,31.26456642150879,130.7372589111328,52.19945526123047,22.36910629272461,9.287516593933105,40.28253173828125,17.06768798828125,49.91483688354492,67.39540100097656,89.46195220947266,70.34400177001953,17.950611114501953,29.00551986694336,34.33591079711914,75.60321044921875,66.21717834472656
2013-11-18,30.6893367767334,16.102190017700195,67.51536560058594,58.41604232788086,40.325660705566406,60.71845626831055,73.40825653076172,31.5653018951416,27.565399169921875,60.17988967895508,18.770244598388672,18.29384994506836,109.64531707763672,29.256118774414062,71.36582946777344,14.707547187805176,20.811748504638672,60.33865737915039,74.38172149658203,66.02377319335938,61.93840789794922,49.673561096191406,118.25233459472656,83.48286437988281,106.88044738769531,30.233232498168945,47.581138610839844,35.1883659362793,77.2204360961914,40.58241271972656,99.0186538696289,69.7609634399414,11.807104110717773,48.233497619628906,31.171207427978516,131.75515747070312,52.205997467041016,22.39125633239746,9.238548278808594,40.175628662109375,16.57489013671875,49.24067306518555,67.62242126464844,90.31956481933594,69.53277587890625,17.964780807495117,29.277271270751953,34.09500503540039,75.50100708007812,66.88066864013672
2013-11-19,30.53972053527832,16.130756378173828,67.91632080078125,58.397682189941406,40.622283935546875,60.553348541259766,74.32161712646484,31.60476303100586,27.54480743408203,59.7803955078125,18.56500816345215,18.368215560913086,110.10896301269531,29.113718032836914,71.60697937011719,14.79734992980957,20.819631576538086,60.87638854980469,74.33598327636719,65.74693298339844,61.66567611694336,49.74977111816406,117.07292175292969,83.0727767944336,106.13438415527344,30.846813201904297,47.42116928100586,35.2697868347168,77.7162094116211,40.51083755493164,99.8231430053711,69.86262512207031,12.028684616088867,48.71603012084961,31.27890968322754,132.48680114746094,52.205997467041016,22.39864158630371,9.178702354431152,39.15319061279297,16.76719856262207,49.20662307739258,67.24851989746094,90.04998016357422,69.45553588867188,17.870309829711914,29.298728942871094,33.71357345581055,75.54598999023438,66.20115661621094
2013-11-20,30.822351455688477,15.989489555358887,68.12393951416016,57.94479751586914,40.58611297607422,60.804603576660156,74.28508758544922,31.644210815429688,27.489904403686523,59.6682243347168,18.717470169067383,18.264101028442383,110.0732421875,29.105344772338867,71.28543090820312,14.666098594665527,20.727678298950195,60.399253845214844,74.20101928710938,65.26799011230469,60.93604278564453,49.73453903198242,113.20122528076172,83.14469146728516,105.85957336425781,30.424489974975586,47.566585540771484,35.140872955322266,78.79037475585938,40.29611587524414,98.54454040527344,69.6846923828125,11.981203079223633,49.70908737182617,31.321990966796875,131.2144317626953,52.19945526123047,22.346956253051758,9.205907821655273,39.69448471069336,16.68706512451172,49.199806213378906,66.85459899902344,89.6661148071289,69.41691589355469,17.76637840270996,28.53355598449707,32.950706481933594,74.49923706054688,67.56822204589844
2013-11-21,31.088329315185547,16.18012046813965,68.15971374511719,57.95092010498047,41.39637756347656,60.7902717590332,75.17405700683594,31.96636199951172,27.743810653686523,60.01169204711914,18.74678611755371,18.762348175048828,109.44324493408203,29.26447868347168,71.4023666381836,14.831892013549805,20.71717643737793,60.459861755371094,74.8730697631836,65.80677032470703,60.5233268737793,50.283241271972656,113.61148071289062,80.76318359375,105.66322326660156,30.336833953857422,48.053741455078125,35.520835876464844,78.7077407836914,40.15296173095703,99.60765075683594,71.125,12.337312698364258,50.09372329711914,31.652324676513672,132.86050415039062,52.499629974365234,22.8046817779541,9.298401832580566,40.26249694824219,16.827295303344727,49.94205856323242,67.52227783203125,90.47471618652344,69.48125457763672,17.544357299804688,29.427461624145508,33.071144104003906,74.95720672607422,67.03258514404297
2013-11-22,31.229639053344727,16.13852310180664,68.67162322998047,58.146751403808594,41.57001495361328,60.99129867553711,75.52110290527344,32.17676544189453,27.743810653686523,60.095760345458984,18.834747314453125,17.7509822845459,107.76113891601562,29.172351837158203,71.81895446777344,14.824984550476074,20.96674919128418,59.96757888793945,75.25788116455078,66.45032501220703,61.08345413208008,50.496639251708984,116.20968627929688,81.32438659667969,106.33072662353516,30.480260848999023,48.48271560668945,36.24008560180664,79.52483367919922,40.741455078125,101.19510650634766,71.04026794433594,12.376884460449219,51.93997573852539,31.85337257385254,133.6796112060547,52.94340133666992,23.136892318725586,9.254875183105469,40.4295539855957,16.983549118041992,50.40509796142578,68.08978271484375,91.48755645751953,70.1766128540039,17.60576629638672,29.93519401550293,33.53957748413086,75.14530181884766,67.76807403564453
2013-11-25,31.287832260131836,16.26084327697754,68.945556640625,58.195716857910156,41.70748519897461,61.32155990600586,75.34453582763672,32.6501350402832,27.702634811401367,59.836448669433594,18.846471786499023,17.661741256713867,106.35839080810547,29.130474090576172,72.2939682006836,14.693727493286133,21.129627227783203,60.399253845214844,75.37853240966797,66.29315948486328,62.20370101928711,50.26038360595703,113.6712875366211,81.99354553222656,104.9564208984375,30.400569915771484,48.55543899536133,35.860103607177734,80.95703125,40.82893371582031,101.82721710205078,71.66722106933594,12.511415481567383,52.17076873779297,31.939542770385742,134.77706909179688,52.69541549682617,23.284542083740234,9.216784477233887,40.02192687988281,17.051660537719727,49.58115005493164,67.58235931396484,91.19349670410156,69.76453399658203,17.534910202026367,29.57046890258789,33.37897872924805,75.31293487548828,67.69612884521484
2013-11-26,31.04677391052246,16.560766220092773,68.53462982177734,57.693870544433594,41.36021423339844,60.76871871948242,74.76002502441406,32.59754943847656,27.62028694152832,59.14956283569336,18.699871063232422,17.587377548217773,105.3895492553711,29.256118774414062,71.76776123046875,14.6522798538208,21.1953067779541,60.853660583496094,75.906982421875,66.24824523925781,62.174224853515625,50.30610275268555,115.192626953125,81.78487396240234,105.15275573730469,30.336833953857422,48.053741455078125,35.201934814453125,80.74588012695312,40.19272994995117,102.7610092163086,72.09087371826172,12.566808700561523,52.00991439819336,31.817472457885742,133.6318817138672,52.48004913330078,23.173803329467773,9.178702354431152,39.78802490234375,16.80725860595703,49.66286849975586,68.29676055908203,91.45487213134766,69.61649322509766,17.47822380065918,29.7492618560791,33.780487060546875,75.6972885131836,67.02459716796875
2013-11-27,31.25458335876465,16.95071792602539,68.47693634033203,57.40623092651367,41.58448028564453,60.51025390625,74.54080963134766,32.76191711425781,27.772315979003906,59.17057800292969,18.694019317626953,17.773286819458008,106.37623596191406,29.55763053894043,71.5245590209961,14.693727493286133,21.26097869873047,61.088470458984375,76.68240356445312,66.50270080566406,62.402706146240234,50.16892623901367,115.14134979248047,81.8927993774414,105.34909057617188,30.536056518554688,48.540889739990234,35.0594367980957,80.81016540527344,40.049583435058594,104.36337280273438,72.51447296142578,12.527240753173828,52.19174575805664,31.788755416870117,134.21437072753906,52.73456573486328,23.18856430053711,9.265752792358398,39.567508697509766,16.77922248840332,49.45177459716797,68.46368408203125,93.58191680908203,69.67445373535156,17.54908561706543,29.670589447021484,33.81393814086914,75.4560317993164,66.99262237548828
2013-11-29,31.695140838623047,17.264616012573242,68.24625396728516,57.210384368896484,41.39637756347656,60.46717834472656,74.552978515625,32.76191711425781,27.772315979003906,59.19858932495117,18.606056213378906,17.728670120239258,106.79824829101562,29.55763053894043,71.7530288696289,14.679911613464355,21.281993865966797,61.09600067138672,76.68817138671875,66.2332992553711,62.35111999511719,50.15366744995117,114.7396469116211,82.0798568725586,104.68157958984375,30.432453155517578,48.686302185058594,34.8626823425293,80.28683471679688,39.938232421875,102.71746063232422,72.6923828125,12.519327163696289,52.317626953125,31.609214782714844,134.78883361816406,52.506187438964844,23.107362747192383,9.292959213256836,39.560821533203125,16.727130889892578,49.57434844970703,68.35686492919922,92.53890991210938,70.27962493896484,17.46877670288086,28.783836364746094,33.747039794921875,75.25978088378906,67.34435272216797
2013-12-02,31.96114158630371,17.11433982849121,67.97223663330078,57.234859466552734,41.22276306152344,59.835365295410156,74.4920883178711,32.992034912109375,27.6962947845459,58.665924072265625,18.664688110351562,17.62456512451172,105.49063110351562,29.381742477416992,71.1192855834961,14.56938362121582,21.308263778686523,60.414398193359375,73.33943176269531,65.95645141601562,62.09314727783203,49.74977111816406,114.6627426147461,82.36045837402344,104.68157958984375,30.392608642578125,48.460914611816406,34.930519104003906,80.02977752685547,39.95415496826172,101.2891616821289,72.26029968261719,12.448103904724121,52.114810943603516,31.72412109375,135.4111328125,52.6562614440918,23.203336715698242,9.282075881958008,39.493995666503906,16.74315643310547,49.41771697998047,68.323486328125,91.8326187133789,68.98554229736328,17.454605102539062,29.212907791137695,33.633277893066406,75.09622192382812,67.04855346679688
2013-12-03,31.84476089477539,17.582853317260742,67.74877166748047,57.767303466796875,41.13594436645508,60.18718338012695,74.6017074584961,32.71588897705078,27.88288116455078,58.736026763916016,18.306997299194336,17.51300811767578,104.65847778320312,29.37336540222168,71.02349853515625,14.686823844909668,21.334537506103516,59.90446853637695,72.71903991699219,65.15575408935547,61.813106536865234,49.818363189697266,112.81661987304688,81.6266098022461,104.2889175415039,29.96229362487793,48.53361511230469,34.57769012451172,79.1025161743164,39.58831024169922,100.61485290527344,71.6841812133789,12.297744750976562,50.646217346191406,31.4009952545166,134.07872009277344,51.99063491821289,22.863740921020508,9.010034561157227,39.23337936401367,16.867359161376953,49.34961700439453,68.036376953125,92.40752410888672,68.55419921875,17.55853271484375,29.391698837280273,33.860782623291016,74.27845764160156,66.1212158203125
2013-12-04,32.36844253540039,17.541872024536133,67.50361633300781,57.93867874145508,41.37467956542969,59.84253692626953,74.14502716064453,32.42002487182617,27.89670181274414,58.32530975341797,18.33631706237793,17.654306411743164,104.45636749267578,29.37336540222168,70.52976989746094,14.679911613464355,21.1971378326416,59.668548583984375,72.6386489868164,64.97612762451172,61.88680648803711,49.5668830871582,112.38931274414062,81.3531723022461,104.60306549072266,29.77105140686035,48.07555389404297,34.65912628173828,78.90971374511719,39.65989303588867,98.77325439453125,71.59098815917969,12.376935958862305,50.68117904663086,31.415346145629883,134.59732055664062,51.912330627441406,22.981849670410156,9.042684555053711,38.47156524658203,16.63498306274414,48.6278076171875,67.91619110107422,90.7403564453125,67.60050201416016,17.586870193481445,29.842233657836914,33.93440246582031,74.805908203125,68.25570678710938
2013-12-05,31.587078094482422,17.63190460205078,67.02780151367188,57.608184814453125,40.38355255126953,59.368675231933594,73.73707580566406,32.09128189086914,27.52354621887207,57.7960319519043,18.32459259033203,18.041011810302734,104.65847778320312,29.189090728759766,70.32342529296875,14.445034980773926,20.991029739379883,59.77510070800781,72.85116577148438,64.99859619140625,62.211082458496094,49.18582534790039,113.4405517578125,81.55461120605469,103.85701751708984,29.420433044433594,47.89377212524414,34.469139099121094,77.41325378417969,39.731483459472656,99.08501434326172,71.6248550415039,12.218559265136719,51.1846923828125,31.05632209777832,132.09205627441406,51.253238677978516,22.302663803100586,9.107970237731934,37.49592208862305,16.050033569335938,48.23965072631836,67.85609436035156,89.96019744873047,67.4058837890625,17.45932388305664,29.656286239624023,33.633277893066406,74.3274917602539,67.84002685546875
2013-12-06,31.886314392089844,17.38725471496582,68.0876235961914,58.5384521484375,40.557186126708984,60.682559967041016,74.4616470336914,32.47262191772461,27.95889663696289,58.67815399169922,18.49464225769043,18.45745086669922,105.60356903076172,29.716760635375977,71.33296966552734,14.700638771057129,21.123151779174805,60.764503479003906,73.87360382080078,66.09110260009766,63.01442337036133,50.039371490478516,115.53450775146484,82.1086196899414,105.78099060058594,29.90651512145996,48.53361511230469,34.3877067565918,79.41465759277344,40.26430892944336,100.19434356689453,72.80253601074219,12.321501731872559,51.744171142578125,31.67385482788086,133.4085693359375,52.08852767944336,22.48723030090332,9.086207389831543,37.8968620300293,16.202281951904297,48.19197082519531,68.39022827148438,90.5514907836914,68.49577331542969,17.695524215698242,29.99239730834961,34.46305465698242,76.80538940429688,68.20774841308594
2013-12-09,32.17725372314453,17.586261749267578,68.0876235961914,58.65472412109375,40.88273239135742,60.869239807128906,75.10100555419922,32.58440017700195,27.917434692382812,58.35354232788086,18.518095016479492,18.53925132751465,105.47872924804688,29.817279815673828,70.53714752197266,14.659188270568848,21.125789642333984,60.581844329833984,73.85062408447266,65.75439453125,63.44925308227539,50.06224060058594,115.10716247558594,82.00792694091797,106.76265716552734,29.643545150756836,48.519100189208984,34.747310638427734,80.01143646240234,40.39155960083008,100.73088836669922,72.65003204345703,12.3373384475708,52.5833625793457,31.824647903442383,133.77552795410156,52.24514389038086,22.435548782348633,9.010034561157227,37.86344528198242,16.19426918029785,47.967254638671875,68.33014678955078,90.2886962890625,68.657958984375,17.804166793823242,30.37856101989746,34.42291259765625,76.34332275390625,69.71067810058594
2013-12-10,31.67852210998535,17.558942794799805,67.87132263183594,58.575164794921875,41.02017593383789,60.05792999267578,75.29582977294922,32.498924255371094,27.537368774414062,58.14889144897461,18.377363204956055,18.45745086669922,105.27665710449219,29.147218704223633,70.32342529296875,14.6522798538208,20.895906448364258,59.828372955322266,73.26472473144531,65.73194885253906,63.69245910644531,49.30013656616211,114.2695541381836,82.09424591064453,106.56631469726562,29.571836471557617,49.43522644042969,34.760894775390625,79.04742431640625,40.15296173095703,101.0063705444336,72.26029968261719,12.321501731872559,50.918949127197266,31.67385482788086,135.41909790039062,51.89276123046875,22.716087341308594,8.993714332580566,37.82335662841797,16.166223526000977,47.878719329833984,67.92288208007812,90.44473266601562,68.06111907958984,17.62938690185547,30.292753219604492,33.947784423828125,76.60502624511719,70.3822021484375
2013-12-11,31.26289176940918,17.428855895996094,67.12874603271484,57.687744140625,40.564422607421875,60.32355499267578,74.34598541259766,32.18334197998047,27.730850219726562,58.33943176269531,17.97275733947754,18.159992218017578,104.13542938232422,28.946205139160156,70.19815063476562,14.424309730529785,20.898544311523438,60.12519454956055,72.81668853759766,64.69178771972656,62.85225296020508,49.49066925048828,113.29522705078125,81.33879089355469,104.3674545288086,29.149497985839844,49.54429626464844,34.36735153198242,78.15686798095703,39.747371673583984,99.66507720947266,71.08264923095703,12.07602596282959,49.38040542602539,31.25020408630371,133.71969604492188,51.29891586303711,22.236225128173828,8.928421974182129,38.545074462890625,16.170228958129883,47.061580657958984,67.3486557006836,88.30123901367188,68.36605834960938,17.794719696044922,29.82792091369629,33.85409927368164,74.56057739257812,69.77465057373047
2013-12-12,30.93871307373047,17.403390884399414,65.72289276123047,58.3609733581543,40.7380485534668,59.08867263793945,73.6700668334961,32.05728530883789,27.095104217529297,57.35852813720703,17.738203048706055,18.19717788696289,103.04769897460938,28.14214324951172,69.34333038330078,14.168704986572266,20.742647171020508,59.76748275756836,72.70758819580078,64.57203674316406,63.066009521484375,48.75143051147461,113.63712310791016,80.99344635009766,104.21038055419922,28.918405532836914,49.129852294921875,34.29949951171875,77.37650299072266,39.150936126708984,100.04206085205078,70.57430267333984,12.07602596282959,49.14262008666992,31.23583984375,134.30210876464844,51.161197662353516,22.501989364624023,8.91754150390625,38.45820617675781,16.021989822387695,47.31352615356445,67.4020767211914,88.7200927734375,67.3604736328125,17.572710037231445,29.026979446411133,33.17152786254883,75.20252990722656,69.42286682128906
2013-12-13,30.49814796447754,17.213695526123047,65.85984802246094,58.33035659790039,40.636756896972656,59.138973236083984,73.00640106201172,32.09708786010742,27.10894203186035,57.11151885986328,17.738203048706055,18.063318252563477,102.70893859863281,27.832258224487305,69.59388732910156,13.982185363769531,20.63166046142578,60.1328125,72.62139892578125,64.81151580810547,63.41976547241211,48.75904846191406,114.38068389892578,80.69845581054688,105.38835906982422,29.00606346130371,48.940799713134766,34.42162322998047,76.43087768554688,39.27817153930664,100.80337524414062,70.89624786376953,12.02059555053711,49.93288040161133,31.4009952545166,134.34999084472656,51.390724182128906,22.952329635620117,9.026352882385254,38.09733963012695,15.993940353393555,47.279483795166016,67.68917846679688,89.45101165771484,67.41886138916016,17.525461196899414,28.848190307617188,33.218379974365234,74.78956604003906,69.69469451904297
2013-12-16,30.664413452148438,17.309005737304688,65.874267578125,59.49928283691406,40.81761932373047,58.65070724487305,73.20124816894531,31.904693603515625,27.13657569885254,57.160919189453125,17.738203048706055,18.182300567626953,105.71054077148438,28.091886520385742,70.3381576538086,14.286142349243164,20.54183006286621,60.201324462890625,73.32791137695312,65.38024139404297,64.4000244140625,48.80476760864258,115.14134979248047,80.6696548461914,105.93807983398438,29.109643936157227,49.289794921875,34.523406982421875,77.07352447509766,39.11912155151367,101.54292297363281,71.60791778564453,12.06810188293457,49.94687271118164,31.580503463745117,136.39248657226562,52.564510345458984,22.826826095581055,9.173258781433105,38.01046371459961,16.050033569335938,47.52463150024414,68.18994140625,90.0587158203125,67.49024200439453,17.591596603393555,29.077037811279297,33.39906311035156,74.58101654052734,71.04576110839844
2013-12-17,30.356843948364258,17.231082916259766,65.36238861083984,59.21164321899414,40.311195373535156,58.0906867980957,72.30008697509766,31.77863121032715,27.019102096557617,56.77985382080078,17.673694610595703,18.338470458984375,104.46825408935547,28.16728401184082,69.5496597290039,14.451937675476074,20.412351608276367,59.835994720458984,75.47042083740234,64.71422576904297,64.06097412109375,48.454200744628906,116.13276672363281,79.86382293701172,106.13438415527344,29.173402786254883,48.57726287841797,34.67268753051758,76.91744995117188,39.14297103881836,102.12297058105469,71.26055908203125,12.02059555053711,49.009765625,31.300466537475586,136.0255584716797,52.334983825683594,22.53152084350586,9.086207389831543,37.58946990966797,15.957880020141602,47.02751922607422,68.08978271484375,89.98482513427734,66.65979766845703,17.690797805786133,29.66344451904297,33.17821502685547,75.07576751708984,70.5900650024414
2013-12-18,30.406719207763672,17.100059509277344,66.78987121582031,60.919124603271484,41.41085433959961,59.1461067199707,74.0415267944336,32.44206619262695,27.654850006103516,57.45730972290039,18.043123245239258,18.70285415649414,106.21576690673828,28.979703903198242,70.69187927246094,14.507206916809082,20.594680786132812,60.92431640625,78.00354766845703,66.18841552734375,64.98223876953125,49.262020111083984,115.79946899414062,81.10857391357422,107.62650299072266,30.376670837402344,50.67129898071289,35.68368911743164,78.07424926757812,40.16886901855469,104.21110534667969,72.85335540771484,12.424444198608398,51.464420318603516,32.262664794921875,139.49610900878906,54.33500671386719,23.34360122680664,8.51491641998291,38.317867279052734,16.05804443359375,47.259071350097656,68.75748443603516,91.55340576171875,68.21035766601562,18.02619171142578,30.850561141967773,33.278602600097656,75.7381591796875,71.47745513916016
2013-12-19,30.132410049438477,16.904151916503906,66.31405639648438,60.851837158203125,41.403621673583984,58.801513671875,75.0279541015625,32.36909103393555,27.544282913208008,57.62668228149414,18.007946014404297,18.69542121887207,107.1192398071289,30.65484046936035,70.10971069335938,14.555567741394043,20.40970230102539,60.848209381103516,78.35393524169922,66.33059692382812,64.51792907714844,48.95720291137695,115.52595520019531,81.01500701904297,108.14106750488281,30.304954528808594,50.99847412109375,36.53185272216797,78.3313217163086,39.874610900878906,103.67459869384766,73.20915222167969,12.471960067749023,51.3525390625,32.327308654785156,139.44029235839844,53.856300354003906,22.78252601623535,8.32448673248291,38.05055618286133,15.893775939941406,47.04114532470703,68.8910140991211,90.78963470458984,67.7172622680664,18.054536819458008,31.315383911132812,33.03099060058594,75.76677703857422,71.47745513916016
2013-12-20,30.58957862854004,17.045724868774414,66.39335632324219,60.392818450927734,41.74363327026367,58.758399963378906,74.76002502441406,32.7207145690918,27.66866111755371,57.7325325012207,17.738203048706055,18.63592529296875,107.00033569335938,30.462203979492188,71.1192855834961,14.597015380859375,20.459911346435547,60.91670608520508,78.53199768066406,67.01155853271484,65.5423812866211,49.33824157714844,116.80796813964844,82.04389190673828,108.29940795898438,30.15355110168457,50.9403190612793,36.21293640136719,78.26704406738281,39.922340393066406,104.5591049194336,74.19198608398438,12.353177070617676,52.212738037109375,32.284210205078125,139.75144958496094,54.34809875488281,22.834205627441406,8.38978099822998,39.453887939453125,15.905799865722656,47.58591842651367,68.99116516113281,92.19400024414062,68.23628234863281,18.219867706298828,31.00788116455078,32.990840911865234,76.30653381347656,72.01306915283203
2013-12-23,30.439964294433594,17.699901580810547,66.35009765625,60.28877639770508,42.13431167602539,58.37786865234375,74.77220153808594,32.74725341796875,27.751585006713867,57.767818450927734,17.796842575073242,18.82927703857422,108.31395721435547,30.93124008178711,70.96453094482422,14.900975227355957,20.576173782348633,61.31245422363281,78.57792663574219,67.1387710571289,66.30148315429688,49.254417419433594,116.57718658447266,81.44671630859375,108.45774841308594,30.631675720214844,51.2747802734375,36.185787200927734,78.94642639160156,40.200679779052734,105.1754150390625,74.81891632080078,12.424444198608398,52.443504333496094,32.46372985839844,140.796630859375,54.675994873046875,22.96708869934082,8.242877960205078,38.45152282714844,15.981925010681152,47.36800765991211,69.41177368164062,92.41572570800781,67.82109832763672,18.24378776550293,30.779041290283203,32.897159576416016,75.84856414794922,72.46074676513672
2013-12-24,30.822351455688477,17.62476348876953,66.3717269897461,60.72329330444336,42.14154052734375,58.37786865234375,75.20452117919922,32.780426025390625,27.772315979003906,57.89482879638672,17.76165771484375,18.91107749938965,108.90235900878906,31.257888793945312,71.14139556884766,14.983870506286621,20.613170623779297,61.37334442138672,78.68708038330078,67.6850357055664,67.00164794921875,49.31538009643555,116.94471740722656,80.76318359375,109.2889633178711,30.432453155517578,51.60923767089844,36.097591400146484,79.11172485351562,40.351776123046875,105.95844268798828,75.14090728759766,12.432361602783203,52.422523498535156,32.592979431152344,140.54928588867188,54.669437408447266,22.893266677856445,8.264639854431152,38.498287200927734,15.981925010681152,47.619972229003906,69.7456283569336,93.80364990234375,67.9832763671875,18.215087890625,30.943517684936523,32.97746658325195,76.69906616210938,72.63661193847656
2013-12-26,31.121583938598633,17.50771713256836,66.7177963256836,61.7514533996582,42.10537338256836,58.700965881347656,75.99606323242188,32.98609161376953,27.97962188720703,58.184165954589844,17.91411590576172,19.111865997314453,110.16839599609375,31.56778335571289,71.3624496459961,15.059863090515137,20.713581085205078,62.06596374511719,79.43378448486328,68.17143249511719,67.17853546142578,49.40682601928711,118.17542266845703,82.28130340576172,110.15978240966797,30.55994987487793,51.827354431152344,36.368995666503906,79.69927215576172,40.550594329833984,107.91606140136719,75.40351104736328,12.392769813537598,52.590370178222656,32.70069122314453,140.78065490722656,54.81369400024414,22.959705352783203,8.340811729431152,38.53839874267578,15.965896606445312,47.79701614379883,69.88583374023438,94.70703125,68.1130142211914,18.296405792236328,31.215267181396484,33.258541107177734,76.90351867675781,72.84447479248047
2013-12-27,30.996898651123047,17.389423370361328,66.58081817626953,62.12480545043945,42.06196594238281,58.8804817199707,76.25181579589844,33.03253173828125,28.097103118896484,58.36764907836914,17.96689224243164,19.037494659423828,110.0079116821289,31.8106689453125,71.41404724121094,15.211841583251953,20.734718322753906,62.13444519042969,80.04266357421875,68.20136260986328,66.97217559814453,49.818363189697266,117.0045166015625,82.828125,110.15978240966797,30.57589340209961,52.03095245361328,36.06366729736328,79.44220733642578,40.75736999511719,107.40129089355469,75.56449890136719,12.40860652923584,52.06586837768555,32.67197036743164,140.70086669921875,54.70876693725586,22.930177688598633,8.32448673248291,38.37800979614258,15.841696739196777,47.933197021484375,69.91921997070312,94.1978530883789,68.18438720703125,18.325109481811523,31.29393196105957,33.352210998535156,76.78085327148438,72.91679382324219
2013-12-30,30.996898651123047,17.216487884521484,66.5447769165039,61.39039611816406,41.92451477050781,58.87328338623047,75.64290618896484,33.132049560546875,28.394241333007812,58.50878143310547,17.996212005615234,19.22340965270996,110.79842376708984,31.819047927856445,71.48776245117188,15.370729446411133,20.776996612548828,62.3627815246582,80.08287811279297,68.09661865234375,66.97217559814453,49.86408996582031,116.16696166992188,83.09432983398438,110.39732360839844,30.60776138305664,52.04548645019531,36.24686813354492,79.51563262939453,40.69374465942383,106.56751251220703,75.90337371826172,12.3056640625,52.506439208984375,32.67197036743164,140.20620727539062,54.662879943847656,22.775146484375,8.313606262207031,38.65199661254883,15.885767936706543,47.6063346862793,70.05276489257812,93.56551361083984,68.72283172607422,18.349021911621094,31.243864059448242,33.43251037597656,77.0629653930664,73.01331329345703
2013-12-31,31.096643447875977,17.418296813964844,66.03287506103516,61.93506622314453,42.307945251464844,58.44969177246094,76.0569839477539,33.20502471923828,28.54625701904297,58.52997970581055,17.961029052734375,19.305212020874023,111.4878921508789,32.045188903808594,71.50247192382812,15.495080947875977,20.792848587036133,62.66719055175781,80.55963134765625,68.37350463867188,66.92794036865234,49.69642639160156,116.65411376953125,82.0798568725586,110.95148468017578,30.54401969909668,52.03823471069336,36.308353424072266,80.31439971923828,40.55854034423828,107.78558349609375,76.8692398071289,12.329421043395996,52.52043151855469,32.60016632080078,141.4269256591797,54.93171691894531,23.151655197143555,8.395218849182129,38.38468551635742,15.83768367767334,48.11026382446289,70.15960693359375,94.12393188476562,67.7691879272461,18.36336898803711,31.036483764648438,33.39906311035156,77.54954528808594,73.42330169677734
2014-01-02,30.88883399963379,17.173330307006836,65.62913513183594,61.047664642333984,42.38804244995117,57.82508087158203,75.58810424804688,32.83350372314453,28.097103118896484,57.93718719482422,17.861343383789062,19.17879295349121,110.27533721923828,31.693403244018555,71.04559326171875,15.314090728759766,20.850980758666992,62.42363739013672,79.3418960571289,67.58777618408203,66.23516845703125,49.002925872802734,116.80796813964844,83.31739044189453,108.85355377197266,30.464330673217773,51.187530517578125,35.707191467285156,79.13923645019531,40.34381866455078,105.90775299072266,75.7847900390625,12.74911117553711,52.59735870361328,32.327308654785156,141.1317138671875,54.13829040527344,22.90803337097168,8.40066146850586,37.84341049194336,15.737527847290039,47.517826080322266,68.9844741821289,92.99061584472656,67.36695861816406,18.128982543945312,30.743284225463867,33.057769775390625,77.2551498413086,72.56311798095703
2014-01-03,30.681018829345703,16.796106338500977,66.2203369140625,60.90077590942383,42.71574020385742,57.760440826416016,75.71598815917969,32.99272537231445,27.95889663696289,58.03599548339844,17.896528244018555,19.171356201171875,110.93511962890625,31.609399795532227,71.14139556884766,15.3001708984375,20.78228187561035,62.32468795776367,79.52571105957031,67.73739624023438,66.19832611083984,48.91145706176758,117.6198959350586,82.36045837402344,108.7744140625,30.791040420532227,51.29659652709961,36.10340881347656,79.32286071777344,40.63806915283203,106.62549591064453,76.03046417236328,12.994588851928711,51.97495651245117,32.55705642700195,142.13702392578125,54.623538970947266,23.262393951416016,8.438746452331543,37.97037124633789,15.665409088134766,47.64038848876953,68.83090209960938,93.27806091308594,67.69781494140625,18.042882919311523,30.886310577392578,32.964088439941406,77.44731903076172,72.88467407226562
2014-01-06,30.032655715942383,16.887693405151367,66.56639862060547,60.99258804321289,42.96331787109375,57.8968620300293,75.5150375366211,32.999359130859375,27.827604293823242,58.06418991088867,17.91411590576172,18.933385848999023,110.55475616455078,31.483360290527344,70.63294219970703,15.32105827331543,20.6660213470459,61.72345733642578,79.0546875,67.67008209228516,65.32862854003906,48.8809814453125,118.2950668334961,81.64817810058594,107.903564453125,31.197452545166016,50.394981384277344,35.95994567871094,79.07495880126953,40.98004913330078,106.05996704101562,75.99658966064453,13.192558288574219,51.21965789794922,32.61452102661133,143.11038208007812,54.53828430175781,23.34360122680664,8.476837158203125,38.18421936035156,15.529191017150879,47.84468460083008,67.9362564086914,93.45872497558594,67.70428466796875,17.832414627075195,30.950666427612305,33.01762008666992,76.67452239990234,72.2817153930664
2014-01-07,30.26540756225586,16.766921997070312,67.97948455810547,61.85552215576172,42.4681396484375,58.45686721801758,76.15438842773438,33.24483108520508,27.910524368286133,58.911048889160156,18.025531768798828,19.030067443847656,112.7598876953125,31.802650451660156,71.02349853515625,15.529878616333008,20.72943878173828,62.02785873413086,79.0661849975586,67.94696807861328,65.5423812866211,48.926700592041016,120.08990478515625,83.77066040039062,108.02230834960938,30.958389282226562,50.656734466552734,35.905303955078125,81.11312103271484,40.70965576171875,107.74931335449219,75.70852661132812,13.065862655639648,50.89796829223633,32.60016632080078,142.2486572265625,54.997310638427734,23.269779205322266,8.368014335632324,38.43146514892578,15.625346183776855,47.91959762573242,68.15657043457031,94.04183197021484,67.45777130126953,17.832414627075195,30.64316177368164,33.358909606933594,76.98528289794922,72.60327911376953
2014-01-08,29.7251033782959,16.87310791015625,67.8857650756836,61.65353775024414,42.86865234375,57.609676361083984,75.07058715820312,33.03253173828125,27.59956932067871,58.741668701171875,18.14867401123047,18.91107749938965,111.72567749023438,31.69339942932129,70.30870056152344,15.51596450805664,20.565610885620117,62.355167388916016,78.48029327392578,67.67758178710938,65.6971435546875,48.4237174987793,120.35485076904297,83.37496948242188,107.70564270019531,31.237285614013672,50.72945785522461,36.492794036865234,80.70915222167969,40.64604568481445,107.6695785522461,75.94637298583984,13.12921142578125,51.37350082397461,32.97355270385742,142.36839294433594,55.030094146728516,23.2993106842041,8.455069541931152,39.66773986816406,15.605318069458008,47.45654296875,68.10311889648438,94.60026550292969,67.0036392211914,17.760669708251953,30.292753219604492,32.75200653076172,77.47183990478516,71.82347869873047
2014-01-09,29.533910751342773,16.657630920410156,68.29669952392578,61.05379867553711,42.788543701171875,57.7388801574707,75.07058715820312,32.85341262817383,27.454437255859375,58.4664306640625,18.136943817138672,18.821840286254883,111.37500762939453,31.634599685668945,70.34553527832031,15.376745223999023,20.634315490722656,62.0811653137207,78.37688446044922,67.70001983642578,66.11723327636719,49.55162811279297,121.47444152832031,85.54063415527344,107.7452392578125,31.293075561523438,50.83850860595703,37.592628479003906,82.67386627197266,41.099327087402344,107.83634185791016,75.49618530273438,13.32717514038086,51.960975646972656,33.145896911621094,141.53857421875,54.616973876953125,23.29192352294922,8.618293762207031,40.85725021362305,15.76958179473877,47.29990768432617,68.18328094482422,94.96159362792969,67.29558563232422,17.81806182861328,30.14972496032715,33.04195785522461,77.74173736572266,71.53406524658203
2014-01-10,29.95784568786621,16.546485900878906,68.30389404296875,61.51891326904297,42.591941833496094,57.652767181396484,73.68228149414062,33.09224319458008,27.730850219726562,58.925140380859375,17.996212005615234,18.98544692993164,111.30366516113281,32.0211067199707,70.59608459472656,15.467239379882812,20.62109375,62.4160270690918,78.22180938720703,67.46802520751953,66.70683288574219,49.597347259521484,121.27788543701172,84.89311981201172,106.71611785888672,31.53213119506836,50.5404052734375,38.378231048583984,81.9026870727539,41.29814147949219,108.35836029052734,75.21587371826172,13.27966594696045,52.35960006713867,32.987911224365234,142.3284912109375,54.70876693725586,23.107362747192383,8.743432998657227,40.336002349853516,15.809639930725098,46.89815139770508,68.45034790039062,95.56937408447266,68.02867889404297,17.82284927368164,30.020999908447266,33.2375373840332,77.92573547363281,72.16111755371094
2014-01-13,29.07673454284668,16.63311195373535,68.13087463378906,60.313262939453125,42.016666412353516,57.444549560546875,72.61063385009766,35.24177932739258,27.31623649597168,58.12771224975586,17.908262252807617,18.9631290435791,109.4610824584961,31.718624114990234,69.88127899169922,15.446352005004883,20.47577667236328,61.6245231628418,77.36021423339844,66.50270080566406,66.24989318847656,49.30013656616211,120.25224304199219,83.74910736083984,105.8056411743164,31.33982276916504,49.842403411865234,37.85905075073242,81.5079116821289,41.40948486328125,109.42418670654297,73.8907699584961,13.010433197021484,51.149742126464844,32.71504592895508,140.32582092285156,54.000579833984375,22.789915084838867,8.765195846557617,40.22907257080078,15.469091415405273,46.12865447998047,66.92135620117188,94.96159362792969,67.9443588256836,17.741533279418945,29.699209213256836,32.913848876953125,76.77263641357422,71.96015167236328
2014-01-14,29.74172019958496,16.96407127380371,68.28949737548828,60.66210174560547,42.04579544067383,58.0620002746582,72.80545806884766,35.16215896606445,27.42679786682129,58.12771224975586,18.17798614501953,19.714221954345703,110.50716400146484,32.10513687133789,70.16866302490234,15.59949016571045,20.59996223449707,61.654945373535156,78.92831420898438,66.89181518554688,66.74369812011719,49.422061920166016,119.66254425048828,84.69880676269531,106.75565338134766,31.70842933654785,49.79877471923828,38.03667068481445,82.15972900390625,41.70372772216797,109.78672790527344,74.00120544433594,13.27966594696045,52.443504333496094,32.73659133911133,140.9003143310547,54.551422119140625,22.959705352783203,8.922978401184082,40.095420837402344,15.625346183776855,46.523616790771484,67.38874053955078,96.17707061767578,68.39846801757812,17.68890953063965,30.271303176879883,32.9071044921875,78.05245971679688,72.1128921508789
2014-01-15,30.55633544921875,17.304670333862305,68.34716796875,60.45403289794922,43.320133209228516,58.00454330444336,72.56800079345703,34.84371566772461,27.47517967224121,58.49467849731445,18.283538818359375,19.833209991455078,111.58895874023438,32.27315902709961,70.34553527832031,15.857048988342285,20.520687103271484,61.70060729980469,79.51996612548828,67.28096771240234,68.1071548461914,49.36873245239258,120.18389129638672,85.26722717285156,108.22022247314453,31.6763858795166,49.65334701538086,37.23057174682617,82.49945068359375,42.475135803222656,111.29483032226562,74.96105194091797,13.580574035644531,52.611351013183594,33.318233489990234,142.61572265625,55.030094146728516,23.786561965942383,9.086207389831543,39.75460433959961,15.729510307312012,46.360191345214844,67.4688491821289,96.80943298339844,68.36605834960938,17.65064239501953,30.357120513916016,32.63737487792969,77.97479248046875,72.19331359863281
2014-01-16,30.664413452148438,17.208110809326172,68.23180389404297,60.55192184448242,42.956050872802734,57.83942413330078,72.35488891601562,34.830448150634766,27.440629959106445,58.47349548339844,18.277677536010742,19.73653793334961,112.19525146484375,32.17234420776367,70.78767395019531,15.857048988342285,20.282873153686523,61.84523391723633,79.3591079711914,67.38571166992188,68.25552368164062,49.521141052246094,119.83349609375,85.64136505126953,107.66606903076172,31.684389114379883,49.53701400756836,37.435508728027344,81.54461669921875,43.978179931640625,111.2875747680664,74.56179809570312,13.525141716003418,54.478607177734375,33.3110466003418,139.75942993164062,54.95796203613281,23.624135971069336,9.10252571105957,40.02192687988281,14.964274406433105,46.189937591552734,67.09493255615234,97.14617156982422,68.80072021484375,17.841981887817383,29.49896812438965,32.718292236328125,76.73584747314453,72.21739959716797
2014-01-17,30.240474700927734,16.786483764648438,68.53462982177734,60.686580657958984,42.31522750854492,57.35120391845703,72.6349868774414,34.46555709838867,27.143489837646484,58.00777053833008,18.230764389038086,19.22340965270996,112.9857406616211,32.10513687133789,69.95498657226562,15.829203605651855,20.132265090942383,61.64735412597656,78.87089538574219,67.31088256835938,67.83267974853516,49.30775833129883,120.04717254638672,85.72769927978516,105.21188354492188,31.57221221923828,49.42068862915039,37.13494110107422,82.1322021484375,43.86684799194336,111.52680969238281,77.27145385742188,13.469714164733887,54.82826614379883,33.3110466003418,140.64500427246094,53.954689025878906,24.65769386291504,8.98827075958252,39.534080505371094,14.739912033081055,45.9720344543457,66.70767974853516,97.1051254272461,68.41793823242188,17.71282958984375,29.32733917236328,32.55644607543945,77.47593688964844,71.8315200805664
2014-01-21,30.065919876098633,17.04728126525879,67.79202270507812,60.282657623291016,42.35892105102539,57.56658172607422,73.28648376464844,34.38594436645508,27.585742950439453,58.515846252441406,18.3128604888916,19.030067443847656,111.99910736083984,32.0211067199707,70.06551361083984,15.891851425170898,20.039777755737305,61.23637390136719,78.68708038330078,67.78978729248047,67.20956420898438,49.33824157714844,121.08132934570312,85.79966735839844,104.06400299072266,31.34782600402832,49.8769645690918,37.29206085205078,82.747314453125,44.20882797241211,111.7298583984375,76.94864654541016,13.469714164733887,57.05219268798828,33.39003372192383,138.1876678466797,53.62680435180664,24.089242935180664,8.928421974182129,39.24674987792969,14.659778594970703,46.48275375366211,65.81300354003906,97.88528442382812,69.0472183227539,17.87546157836914,29.584766387939453,32.73179244995117,77.68858337402344,71.85563659667969
2014-01-22,29.866405487060547,17.123035430908203,68.00110626220703,59.903221130371094,41.93657302856445,57.31484603881836,73.3291244506836,34.0674934387207,27.571916580200195,58.4664306640625,18.33631706237793,18.821840286254883,108.3258285522461,31.911882400512695,69.91812896728516,15.89881420135498,19.91029930114746,61.03847885131836,78.39415740966797,68.16394805908203,66.49738311767578,49.039451599121094,123.38890075683594,89.48345947265625,102.87651062011719,30.506431579589844,50.497493743896484,37.442344665527344,82.31583404541016,44.21678161621094,113.57872772216797,77.4073486328125,13.580574035644531,57.471771240234375,33.51210021972656,138.57058715820312,53.456321716308594,23.838233947753906,9.00459098815918,39.367027282714844,14.595674514770508,46.55766677856445,66.09342956542969,98.81330108642578,68.77477264404297,17.937650680541992,30.214092254638672,32.88686752319336,76.52733612060547,71.27679443359375
2014-01-23,29.974468231201172,17.268035888671875,66.8619613647461,59.34628677368164,41.120994567871094,56.59869384765625,72.08695220947266,34.23334884643555,27.1158504486084,58.170040130615234,18.183856964111328,18.68798065185547,108.6111068725586,32.05472183227539,70.24236297607422,15.70390510559082,19.807249069213867,61.068939208984375,77.37743377685547,67.19862365722656,65.63690185546875,48.60276412963867,120.77359008789062,88.92945098876953,102.20357513427734,29.99359130859375,49.9864616394043,36.854862213134766,82.20565032958984,43.858909606933594,109.11241149902344,75.74248504638672,13.350933074951172,57.45079803466797,33.282318115234375,136.23289489746094,52.4071044921875,23.240243911743164,8.93930435180664,38.9927978515625,14.58365535736084,46.20356369018555,65.39236450195312,96.49737548828125,68.39197540283203,17.87546157836914,29.205759048461914,32.84641647338867,76.41694641113281,70.64971160888672
2014-01-24,30.597896575927734,16.95413589477539,65.32633972167969,58.048828125,40.1160888671875,57.27866744995117,70.80829620361328,34.48545837402344,26.839431762695312,57.46437072753906,17.64438247680664,18.450016021728516,106.77446746826172,31.180883407592773,69.58649444580078,15.453315734863281,19.66455841064453,60.24696731567383,74.79838562011719,66.2033920288086,63.923255920410156,47.798316955566406,116.79084777832031,85.82843780517578,98.75984191894531,29.31246566772461,49.373233795166016,34.79862976074219,79.59825897216797,43.03977584838867,107.13304138183594,73.85680389404297,13.02626895904541,56.38079071044922,32.65760040283203,133.75155639648438,50.74153137207031,22.479848861694336,8.612854957580566,38.244361877441406,14.45544719696045,45.33191680908203,64.31739044189453,93.1712875366211,69.67650604248047,17.841981887817383,28.297563552856445,32.55644607543945,74.2539291381836,68.77657318115234
2014-01-27,29.949533462524414,17.0916748046875,64.84333038330078,58.09165573120117,40.1160888671875,56.76506423950195,70.89354705810547,34.85036087036133,26.7634220123291,57.90895080566406,17.39223289489746,18.383089065551758,105.74024200439453,30.659934997558594,69.32124328613281,15.314090728759766,19.59321403503418,60.07954025268555,74.07463073730469,67.5653076171875,67.7214126586914,47.583824157714844,117.39767456054688,85.27442169189453,99.2348861694336,29.088098526000977,49.30022430419922,33.9652099609375,79.87369537353516,43.04773712158203,106.59651184082031,72.81201934814453,12.91540813446045,55.14997482299805,32.69350051879883,131.39794921875,50.171043395996094,22.12548828125,8.547563552856445,38.35796356201172,14.33525276184082,44.84843826293945,63.542930603027344,92.55535888671875,69.7089614868164,17.61716651916504,28.147377014160156,32.72502899169922,74.90402221679688,69.14636993408203
2014-01-28,30.149036407470703,15.725584983825684,64.9586410522461,58.5384521484375,40.589412689208984,57.2280158996582,71.14317321777344,35.0759162902832,26.86016082763672,58.09244155883789,17.837892532348633,18.516944885253906,105.11617279052734,31.17247200012207,69.40229034423828,15.14007568359375,19.73061752319336,59.77510070800781,74.5628890991211,67.6850357055664,68.5967788696289,48.166072845458984,117.16692352294922,86.84292602539062,100.77861022949219,29.144182205200195,50.02294921875,34.887451171875,78.90052795410156,43.12725830078125,107.51007080078125,73.59349060058594,13.247992515563965,56.41575241088867,33.00227355957031,132.64263916015625,52.91859436035156,22.243608474731445,8.553004264831543,38.10401916503906,14.683819770812988,45.08677673339844,63.97022247314453,91.98870086669922,70.48748779296875,17.626728057861328,28.655115127563477,33.01499938964844,74.59329986572266,69.61265563964844
2014-01-29,30.473220825195312,15.547062873840332,64.09349822998047,58.20795822143555,40.436492919921875,56.16464614868164,70.6317138671875,34.63805389404297,26.18988037109375,56.61048126220703,17.656110763549805,18.353343963623047,104.84873962402344,31.063249588012695,68.6432876586914,15.07045841217041,19.579999923706055,58.3595085144043,74.81562805175781,67.15373229980469,67.22437286376953,47.1854362487793,110.91925811767578,85.74209594726562,100.10569763183594,28.727489471435547,49.16880416870117,34.306793212890625,78.84544372558594,42.87278747558594,106.8357925415039,72.66759490966797,13.208398818969727,55.84231948852539,32.73659133911133,130.76763916015625,51.777587890625,22.140071868896484,8.369275093078613,37.756526947021484,14.6357421875,44.82121276855469,63.64975357055664,92.08722686767578,69.42351531982422,17.425830841064453,28.04726219177246,32.32718276977539,74.90811920166016,69.08207702636719
2014-01-30,30.63947105407715,15.516942977905273,64.52606964111328,57.52251052856445,40.77873992919922,55.607601165771484,70.90572357177734,35.500511169433594,26.376447677612305,57.21738052368164,18.07244300842285,18.397964477539062,105.41929626464844,31.424551010131836,69.12226867675781,15.3001708984375,19.751760482788086,58.549739837646484,73.55191802978516,68.62040710449219,69.13829803466797,47.10882568359375,108.1415786743164,86.9796142578125,100.93693542480469,29.27239418029785,49.38782501220703,34.491233825683594,80.47046661376953,42.363800048828125,107.78558349609375,73.57647705078125,13.406363487243652,57.01020431518555,33.06691360473633,132.31544494628906,52.16449737548828,22.169660568237305,8.363790512084961,38.264404296875,14.591666221618652,44.77353286743164,63.95020294189453,93.00701904296875,70.32527923583984,16.90921974182129,28.2546443939209,32.75200653076172,75.50919342041016,69.60462188720703
2014-01-31,31.454076766967773,15.542410850524902,63.78348922729492,56.40254211425781,40.31269454956055,55.42677688598633,67.9708480834961,35.14226150512695,26.134580612182617,56.70927429199219,17.82615852355957,18.249229431152344,105.01512145996094,31.004432678222656,69.39493560791016,15.251449584960938,19.733266830444336,58.48887634277344,73.6323471069336,68.26871490478516,69.6650161743164,46.909645080566406,107.05614471435547,85.58379364013672,99.47236633300781,29.3765811920166,49.438934326171875,34.136009216308594,79.240234375,42.952293395996094,109.41694641113281,72.21741485595703,13.263827323913574,56.401790618896484,32.55705642700195,130.9431610107422,51.43662643432617,21.822097778320312,8.204739570617676,38.324546813964844,14.463459968566895,44.228755950927734,63.582969665527344,94.89588165283203,70.95458221435547,16.847042083740234,28.233200073242188,32.38112258911133,74.5646743774414,69.10617065429688
2014-02-03,30.32360076904297,15.571279525756836,62.56504821777344,55.1112060546875,39.548099517822266,54.76124954223633,67.6724853515625,34.55179214477539,25.706161499023438,55.446075439453125,17.943439483642578,17.810474395751953,102.76834869384766,30.11379051208496,68.54747009277344,15.000852584838867,19.199499130249023,57.14936447143555,71.16818237304688,66.41289520263672,68.55970001220703,46.0975456237793,105.19296264648438,84.00091552734375,96.38490295410156,28.727489471435547,48.02993392944336,33.227439880371094,77.59685516357422,41.87870788574219,107.11856842041016,70.38268280029297,12.947078704833984,55.12898254394531,31.903648376464844,127.51240539550781,49.62019729614258,21.407995223999023,7.979879856109619,37.13505935668945,14.174995422363281,43.486507415771484,62.50800704956055,93.00701904296875,68.43742370605469,16.316083908081055,27.825572967529297,31.59890365600586,72.31986999511719,68.15753936767578
2014-02-04,30.215530395507812,15.796683311462402,62.449684143066406,55.09282684326172,40.01414108276367,55.043373107910156,67.48373413085938,35.500511169433594,25.899642944335938,55.62252426147461,18.436002731323242,17.71379280090332,102.73271179199219,30.214616775512695,68.59905242919922,15.174875259399414,19.217998504638672,57.05804443359375,72.78797149658203,67.16869354248047,68.61901092529297,46.235450744628906,104.30410766601562,83.3030014038086,97.2557144165039,29.048025131225586,48.263545989990234,33.43236541748047,77.99162292480469,42.22860336303711,107.43753814697266,71.35100555419922,12.947078704833984,57.3598747253418,32.14777755737305,129.0602569580078,50.93825912475586,21.459749221801758,8.155380249023438,37.38898849487305,14.211050033569336,43.38436508178711,62.688270568847656,90.9949722290039,68.48281860351562,16.46915626525879,27.33928680419922,31.753999710083008,72.47119140625,68.42279815673828
2014-02-05,29.77497673034668,15.914668083190918,62.92555236816406,54.82355880737305,40.2034797668457,55.30380630493164,66.68606567382812,35.51377868652344,25.989469528198242,56.04594039916992,18.12262725830078,17.657489776611328,103.5648193359375,30.206212997436523,68.96012878417969,15.3001708984375,19.254989624023438,57.27873992919922,73.15560150146484,67.04147338867188,68.21843719482422,46.28908157348633,103.7571029663086,82.79215240478516,97.05777740478516,29.12814712524414,47.77443313598633,33.159122467041016,78.10179901123047,41.92639923095703,109.03990173339844,71.11317443847656,12.986675262451172,54.65341567993164,31.974288940429688,127.9911117553711,50.3611946105957,21.57807159423828,8.07859992980957,38.65867233276367,14.20303726196289,43.214111328125,62.60147476196289,91.48772430419922,68.50875854492188,16.263465881347656,27.646793365478516,31.936084747314453,72.46299743652344,68.09323120117188
2014-02-06,30.074228286743164,16.00742530822754,63.9853515625,55.347450256347656,41.12827682495117,55.62932205200195,67.75164031982422,35.673011779785156,26.279699325561523,56.02476119995117,18.234966278076172,18.010347366333008,104.38956451416016,30.85319709777832,69.96233367919922,15.65517807006836,19.241783142089844,57.96372985839844,74.04017639160156,68.20136260986328,69.60564422607422,46.426979064941406,104.84255981445312,83.51166534423828,98.75984191894531,29.368555068969727,48.263545989990234,33.45969772338867,78.37724304199219,41.92639923095703,110.01871490478516,72.78652954101562,13.216314315795898,53.49951934814453,32.37187957763672,129.05230712890625,50.767765045166016,21.95521354675293,8.144413948059082,39.57419204711914,14.727889060974121,43.78612518310547,63.255821228027344,92.21041107177734,68.99531555175781,16.60308837890625,27.968599319458008,32.13838577270508,73.15809631347656,68.68009948730469
2014-02-07,30.390092849731445,16.23137664794922,64.91539764404297,55.82820510864258,41.230224609375,55.9259033203125,68.2265625,36.33645248413086,26.224422454833984,56.61048126220703,18.45965576171875,18.175506591796875,105.93145751953125,31.248098373413086,70.68449401855469,15.780478477478027,19.487520217895508,58.1844367980957,74.86158752441406,69.71294403076172,70.37715148925781,46.626163482666016,108.56036376953125,85.54783630371094,99.70984649658203,29.793262481689453,48.50446701049805,34.38193130493164,71.12433624267578,42.31608200073242,112.47664642333984,73.89925384521484,13.319259643554688,55.073028564453125,32.798397064208984,129.19581604003906,52.02678298950195,21.95521354675293,8.210226058959961,40.7369499206543,14.535578727722168,44.24237060546875,63.67643356323242,94.41959381103516,69.3521499633789,16.88530731201172,28.526399612426758,32.4013671875,74.6382827758789,69.58853912353516
2014-02-10,30.58957862854004,16.52214813232422,65.65796661376953,55.17486572265625,41.31760025024414,56.4467887878418,68.00736999511719,36.41606140136719,26.65285301208496,56.87863540649414,18.60747718811035,18.23556900024414,105.86569213867188,31.340534210205078,69.90338134765625,15.891851425170898,19.490161895751953,58.15399932861328,74.49966430664062,69.48098754882812,70.1026840209961,47.13179397583008,108.68002319335938,86.55512237548828,99.15568542480469,29.77723503112793,48.869503021240234,35.60472106933594,70.45411682128906,42.92048645019531,111.64280700683594,75.0374526977539,13.240070343017578,56.63256072998047,32.90683364868164,128.45387268066406,52.09891891479492,21.96260643005371,8.13892936706543,40.5297966003418,14.499519348144531,43.976802825927734,63.249141693115234,93.88575744628906,69.81277465820312,16.83269500732422,28.683713912963867,32.57668685913086,75.20661926269531,70.23169708251953
2014-02-11,30.89714813232422,16.73985481262207,67.02780151367188,55.988441467285156,41.8200569152832,57.03271484375,69.1581802368164,36.95344161987305,26.70122718811035,57.337337493896484,18.849903106689453,18.370697021484375,107.39566040039062,31.794248580932617,70.25708770751953,15.808320999145508,19.764965057373047,58.37472152709961,75.23493957519531,70.46128845214844,70.44393157958984,47.80599594116211,111.24402618408203,87.676025390625,100.65985870361328,30.41028594970703,50.205474853515625,35.9463005065918,70.89479064941406,43.349937438964844,114.2385025024414,75.24134063720703,13.366768836975098,57.206016540527344,33.23215866088867,131.15863037109375,52.57761001586914,22.384103775024414,8.204739570617676,42.9021110534668,14.860099792480469,44.65095138549805,64.20391845703125,96.00460052490234,70.44855499267578,16.808773040771484,28.984071731567383,32.99476623535156,75.70953369140625,70.31207275390625
2014-02-12,31.14650535583496,16.738603591918945,66.63127136230469,56.1363639831543,41.88558578491211,56.056114196777344,68.82032775878906,36.48904037475586,26.61139488220215,57.50670623779297,18.690256118774414,18.430761337280273,107.71843719482422,31.987489700317383,69.92549133300781,15.905776023864746,19.807249069213867,58.81615447998047,75.41705322265625,70.55854797363281,71.34154510498047,47.43825912475586,110.12670135498047,88.37749481201172,100.50151824951172,30.65867805480957,50.037574768066406,36.10340881347656,69.71965026855469,42.788204193115234,115.22454833984375,75.61509704589844,13.263827323913574,57.34585952758789,33.2465934753418,130.44854736328125,52.92515563964844,22.302764892578125,8.226677894592285,43.71737289428711,14.8621187210083,44.412620544433594,64.11709594726562,96.96549224853516,70.03984069824219,16.708322525024414,29.06988525390625,32.72502899169922,75.95487976074219,69.86186981201172
2014-02-13,31.26289176940918,17.00440216064453,66.73222351074219,56.35208511352539,42.25697326660156,56.28038024902344,69.11518096923828,36.55537796020508,26.708139419555664,56.23646926879883,18.743465423583984,18.543373107910156,108.67469024658203,32.281585693359375,70.34553527832031,15.502039909362793,19.91294288635254,59.05207443237305,75.24361419677734,70.7381591796875,71.29701232910156,47.73705291748047,111.30419158935547,89.78042602539062,100.69940948486328,31.027318954467773,50.72382354736328,36.54061508178711,69.90325164794922,42.916603088378906,115.86259460449219,75.51316833496094,13.263827323913574,57.73052978515625,33.2393798828125,130.89529418945312,52.866146087646484,22.117891311645508,8.27055549621582,44.58024215698242,14.926502227783203,44.536502838134766,64.47098541259766,97.61427307128906,70.55236053466797,16.875734329223633,29.084190368652344,33.170101165771484,76.55594635009766,69.01776123046875
2014-02-14,31.271211624145508,16.990657806396484,66.87641143798828,58.00387191772461,42.344356536865234,57.43782424926758,69.71109008789062,36.78096008300781,26.901615142822266,55.107364654541016,18.88536834716797,18.588417053222656,109.78028869628906,31.911882400512695,70.58133697509766,15.70390510559082,20.026565551757812,59.31083679199219,76.38838195800781,70.79803466796875,71.6234130859375,48.020503997802734,111.87145233154297,89.55624389648438,101.8869400024414,31.099411010742188,51.03042221069336,37.14176940917969,71.34465789794922,43.4943733215332,118.10302734375,75.59808349609375,13.224235534667969,56.79341125488281,33.347801208496094,130.62405395507812,53.00385284423828,21.95521354675293,8.358307838439941,43.499149322509766,15.043214797973633,45.10086441040039,64.92499542236328,98.78046417236328,71.51901245117188,17.01445960998535,29.16285514831543,33.642120361328125,77.2387924194336,69.00970458984375
2014-02-18,31.33820915222168,17.053125381469727,66.45103454589844,57.97922897338867,42.591941833496094,56.40336990356445,69.23804473876953,36.946815490722656,25.892732620239258,55.170875549316406,18.849903106689453,18.588417053222656,109.4814682006836,31.90346908569336,70.7582015991211,15.59949016571045,19.905017852783203,59.036842346191406,76.20338439941406,70.60344696044922,71.6308364868164,47.798316955566406,112.27542877197266,90.3517074584961,101.53067779541016,31.195575714111328,51.33705139160156,37.31938171386719,71.23448944091797,44.33697509765625,117.96526336669922,75.61509704589844,13.042101860046387,58.61167907714844,33.347801208496094,131.3660430908203,52.89237594604492,21.85906982421875,8.440571784973145,43.337989807128906,15.131753921508789,44.99075698852539,64.42422485351562,98.5997314453125,71.1881332397461,16.961837768554688,29.15566062927246,33.500511169433594,76.29425811767578,68.41480255126953
2014-02-19,31.413572311401367,16.783893585205078,66.06891632080078,57.905277252197266,41.696285247802734,56.52634048461914,69.78480529785156,36.515567779541016,25.637048721313477,54.408729553222656,18.61338233947754,18.39322280883789,109.33804321289062,31.81944465637207,70.4118881225586,15.50899887084961,19.778175354003906,58.1844367980957,75.4864273071289,69.55581665039062,71.37120819091797,47.13947296142578,110.35018920898438,89.20188903808594,100.54108428955078,31.05935287475586,51.17643356323242,36.52011489868164,70.17869567871094,46.61601638793945,117.92898559570312,75.46218872070312,12.828302383422852,57.83541488647461,32.9140625,130.25701904296875,52.3874397277832,21.415386199951172,8.363790512084961,43.98933792114258,15.602603912353516,44.73609924316406,63.54957962036133,97.77032470703125,70.5718002319336,16.818344116210938,28.738441467285156,33.224037170410156,76.73731231689453,67.76364135742188
2014-02-20,31.614572525024414,16.58962059020996,66.6024398803711,58.780479431152344,41.92927932739258,56.36717987060547,70.3990707397461,37.02642059326172,25.775249481201172,55.05089569091797,18.65477752685547,18.57339859008789,110.1209487915039,32.15555191040039,70.55921173095703,15.522920608520508,19.426738739013672,58.96836853027344,76.06461334228516,70.01228332519531,71.89790344238281,47.392295837402344,111.35576629638672,89.3031234741211,100.30152893066406,31.211597442626953,52.0598030090332,36.78654479980469,70.78465270996094,46.58391571044922,119.10363006591797,75.6065902709961,12.90748405456543,57.912349700927734,32.98633575439453,131.24635314941406,52.52513885498047,21.68899154663086,8.374762535095215,44.68769454956055,15.807851791381836,44.6810302734375,64.3295669555664,99.05146026611328,71.34382629394531,16.995328903198242,28.860727310180664,33.56795120239258,77.43058776855469,68.43087005615234
2014-02-21,31.807178497314453,16.40534210205078,66.45721435546875,58.57091522216797,41.95112609863281,56.40336990356445,69.2196273803711,37.17237854003906,25.692323684692383,55.19910430908203,18.6015682220459,18.333162307739258,109.2424087524414,32.0126953125,71.0750732421875,15.40458869934082,19.321048736572266,59.166229248046875,76.07039642333984,70.2891845703125,72.32815551757812,47.16244888305664,110.255615234375,89.5634765625,99.58280944824219,31.107431411743164,51.97949981689453,36.984657287597656,71.00495910644531,46.51169967651367,119.1470718383789,75.38572692871094,12.899568557739258,57.75850296020508,32.964656829833984,131.24635314941406,52.45958709716797,21.903440475463867,8.314430236816406,44.533233642578125,15.936631202697754,44.51585388183594,64.62545013427734,98.93650817871094,71.26599884033203,16.918790817260742,28.76720428466797,33.3858757019043,77.89005279541016,68.08518981933594
2014-02-24,31.564308166503906,16.477182388305664,66.15948486328125,59.43992233276367,42.25697326660156,56.32379150390625,70.12264251708984,37.27189636230469,25.9134578704834,55.66486358642578,18.914936065673828,18.490814208984375,109.63684844970703,32.04633331298828,71.11193084716797,15.397626876831055,19.381826400756836,59.265167236328125,76.43466186523438,70.16197204589844,72.19463348388672,47.46124267578125,111.38155364990234,90.9664077758789,100.9803466796875,31.235641479492188,52.10361862182617,37.10078430175781,72.70343017578125,46.56787109375,120.45941162109375,76.37953186035156,13.089617729187012,58.443851470947266,33.31167221069336,132.87393188476562,53.023521423339844,22.41368293762207,8.325400352478027,44.667537689208984,16.009069442749023,45.713409423828125,64.51785278320312,100.29154968261719,71.46709442138672,16.923574447631836,28.889503479003906,33.61515808105469,77.33626556396484,68.17362976074219
2014-02-25,31.438703536987305,16.305707931518555,66.15948486328125,59.35984420776367,41.52878189086914,56.51188659667969,70.62635803222656,37.09276580810547,26.10003662109375,55.91183853149414,18.855806350708008,18.483318328857422,109.50536346435547,32.13874053955078,71.20035552978516,15.20272159576416,19.381826400756836,61.632137298583984,76.8567123413086,70.58302307128906,71.51958465576172,47.55317306518555,108.96637725830078,89.93228149414062,100.90045928955078,31.451997756958008,52.680355072021484,36.670406341552734,71.75782012939453,46.928977966308594,118.62503814697266,76.37108612060547,12.939163208007812,58.709598541259766,33.31167221069336,130.43251037597656,52.52513885498047,21.970001220703125,8.308947563171387,44.9562873840332,15.956754684448242,45.782230377197266,64.181640625,98.28771209716797,71.35680389404297,17.01445960998535,29.054946899414062,33.7500114440918,78.25927734375,67.57067108154297
2014-02-26,31.380062103271484,16.158594131469727,66.15948486328125,59.039337158203125,41.32488250732422,56.32379150390625,70.95809936523438,37.33161163330078,26.16914176940918,55.50252151489258,18.914936065673828,18.618444442749023,110.00143432617188,32.34880447387695,70.66239929199219,15.26536750793457,19.759675979614258,62.18012619018555,76.81625366210938,70.57553100585938,72.10560607910156,47.46124267578125,108.82028198242188,88.12438201904297,101.02024841308594,31.56417465209961,52.70954895019531,36.59525680541992,71.62928009033203,47.07343673706055,116.60940551757812,76.21817016601562,12.931238174438477,58.61167907714844,33.28997802734375,130.32850646972656,52.14482498168945,22.140071868896484,8.369275093078613,44.66083526611328,16.10968017578125,45.5138053894043,64.0135269165039,97.49929809570312,70.4290771484375,16.952274322509766,29.054946899414062,33.48702621459961,79.2273941040039,67.81183624267578
2014-02-27,31.706689834594727,16.480928421020508,66.3410415649414,59.0701789855957,41.281192779541016,56.56250762939453,71.06866455078125,37.59033966064453,26.307342529296875,55.79893493652344,19.056846618652344,18.588417053222656,110.7245864868164,32.726905822753906,70.66240692138672,15.258406639099121,19.701547622680664,62.38559341430664,77.67193603515625,70.95899963378906,71.73470306396484,47.59148406982422,110.49627685546875,89.00663757324219,101.81884002685547,31.88471031188965,52.680355072021484,36.854862213134766,71.42730712890625,47.77961730957031,118.02777099609375,76.69384765625,13.057942390441895,58.49980926513672,33.28997802734375,132.3938446044922,52.73496627807617,22.450654983520508,8.440571784973145,45.7889404296875,16.15395164489746,45.59641647338867,64.24888610839844,99.07599639892578,70.64968872070312,17.157957077026367,28.69527816772461,33.56795120239258,79.45713806152344,68.3102798461914
2014-02-28,32.083553314208984,16.43626594543457,66.89289855957031,59.335174560546875,41.37586212158203,56.90251922607422,70.84752655029297,37.80927658081055,26.397178649902344,56.504642486572266,18.98589324951172,18.588417053222656,110.66476440429688,32.86134338378906,70.71442413330078,15.174875259399414,19.73854637145996,62.4312744140625,77.8974380493164,71.01162719726562,71.93500518798828,48.13542556762695,110.80570983886719,89.68641662597656,101.69903564453125,31.876710891723633,53.39580154418945,36.731903076171875,73.07067108154297,47.83578109741211,118.65650939941406,77.53475952148438,13.089617729187012,57.898372650146484,33.55745315551758,133.25048828125,53.22679901123047,22.77602195739746,8.440571784973145,45.627777099609375,16.878345489501953,45.768455505371094,64.39682006835938,99.90973663330078,71.59036254882812,17.344514846801758,29.206012725830078,33.73653030395508,81.1513671875,69.08207702636719
2014-03-03,31.63968849182129,16.483741760253906,66.48624420166016,58.8605842590332,40.931663513183594,56.048892974853516,70.54652404785156,37.43111801147461,26.341901779174805,56.11648941040039,18.909021377563477,18.39322280883789,110.1209487915039,32.35721206665039,70.09757232666016,15.014772415161133,19.585285186767578,62.408443450927734,76.44043731689453,70.37247467041016,71.44538879394531,47.6681022644043,110.20404052734375,89.44776153564453,100.30152893066406,31.516109466552734,52.994285583496094,36.54061508178711,72.17094421386719,47.37034606933594,119.57032775878906,76.42202758789062,12.90748405456543,56.96124267578125,33.36227035522461,131.88157653808594,52.348121643066406,22.376712799072266,8.3363676071167,45.25846481323242,16.898460388183594,45.637699127197266,64.40354919433594,99.9014892578125,70.740478515625,17.435394287109375,28.688081741333008,33.62189483642578,80.83961486816406,69.91012573242188
2014-03-04,32.16730880737305,16.592435836791992,67.77877807617188,59.48925018310547,41.696285247802734,56.75058364868164,70.84138488769531,37.8557243347168,26.473186492919922,57.0550651550293,19.32883071899414,18.475805282592773,111.42379760742188,33.113407135009766,70.58809661865234,15.188796043395996,19.852163314819336,63.07057571411133,76.71217346191406,71.1319351196289,71.97208404541016,48.273319244384766,111.9316177368164,91.1182861328125,102.41777038574219,32.14914321899414,53.36658477783203,38.54218673706055,73.18082427978516,48.02837371826172,121.0983657836914,78.66451263427734,13.247992515563965,58.00326156616211,33.788787841796875,135.0756378173828,53.56123352050781,22.997875213623047,8.429603576660156,46.39328384399414,17.05944061279297,45.768455505371094,65.21044158935547,102.5678482055664,71.92123413085938,17.731964111328125,29.277950286865234,34.21530532836914,82.12359619140625,69.64483642578125
2014-03-05,31.916065216064453,16.627416610717773,67.23420715332031,57.81281280517578,42.35163879394531,56.29486846923828,70.29463958740234,37.736297607421875,26.500825881958008,57.643531799316406,19.364307403564453,18.39322280883789,111.84214782714844,33.18901824951172,70.61781311035156,15.22359848022461,19.764965057373047,63.101009368896484,77.38865661621094,71.17707061767578,71.48991394042969,47.974544525146484,110.69396209716797,91.25566864013672,103.53575134277344,31.88471031188965,53.42499923706055,38.67197036743164,73.19918060302734,47.69134521484375,121.96102142333984,78.26526641845703,13.667930603027344,57.954322814941406,34.04182052612305,137.6134033203125,53.469417572021484,23.64122200012207,8.572200775146484,45.98366928100586,17.578588485717773,45.63082504272461,65.27769470214844,102.0725326538086,71.01911926269531,17.674562454223633,29.256364822387695,34.14785385131836,81.8569564819336,69.87794494628906
2014-03-06,31.949552536010742,16.577125549316406,67.45204162597656,57.78815460205078,42.8904914855957,56.46847915649414,70.55267333984375,37.98841094970703,26.583755493164062,57.799869537353516,19.192838668823242,18.490814208984375,112.14093780517578,33.155399322509766,71.03400421142578,15.188796043395996,19.78610610961914,62.720458984375,77.52162170410156,71.24472045898438,72.40233612060547,48.281002044677734,110.75411987304688,89.8093490600586,104.69371795654297,31.836645126342773,53.454193115234375,37.95468521118164,72.5932846069336,47.121585845947266,121.97560119628906,79.43745422363281,13.747167587280273,55.891258239746094,34.22254180908203,138.1737823486328,54.013710021972656,23.545095443725586,8.594135284423828,44.79512405395508,17.453834533691406,45.69275665283203,65.80217742919922,102.10555267333984,71.50938415527344,17.64586067199707,29.45059585571289,34.1680908203125,82.10310363769531,70.93108367919922
2014-03-07,31.740188598632812,16.56744956970215,67.76428985595703,58.54623794555664,43.254600524902344,56.699951171875,70.69395446777344,38.12772750854492,26.6390323638916,57.963321685791016,19.175098419189453,18.498321533203125,112.16486358642578,32.62607192993164,70.97454071044922,15.126152992248535,19.83397674560547,62.8270149230957,77.53895568847656,71.76353454589844,71.99434661865234,48.365264892578125,110.47908020019531,88.41361999511719,104.3343505859375,31.70842933654785,53.644012451171875,38.13914108276367,72.57489013671875,47.01725769042969,121.77825927734375,79.72625732421875,13.7313232421875,55.65348815917969,34.66349792480469,139.50270080566406,54.42681121826172,23.818702697753906,8.566715240478516,45.130859375,17.618833541870117,45.775352478027344,66.04424285888672,102.60912322998047,71.22175598144531,17.607593536376953,29.73114585876465,34.25574493408203,82.07437896728516,71.38935089111328
2014-03-10,31.673179626464844,16.582439422607422,67.85867309570312,58.8605842590332,43.10895919799805,56.8084716796875,71.16078186035156,38.02821350097656,26.708139419555664,58.08415222167969,19.15144920349121,18.64847755432129,111.39390563964844,32.65128707885742,70.7515869140625,15.09830379486084,19.794090270996094,62.545433044433594,77.22096252441406,71.62066650390625,71.77180480957031,48.303993225097656,109.0609130859375,90.68437194824219,103.9749984741211,31.90876007080078,53.70972442626953,38.35089874267578,73.17195892333984,47.26603317260742,120.98136138916016,79.59033203125,13.842242240905762,56.108055114746094,34.8080940246582,138.90231323242188,54.89240264892578,23.759536743164062,8.506387710571289,44.842124938964844,17.60675621032715,46.03688049316406,66.39386749267578,101.30481719970703,71.36556243896484,17.631511688232422,30.536834716796875,34.01975631713867,82.1687240600586,71.16426849365234
2014-03-11,31.840669631958008,16.74390983581543,67.88770294189453,57.942256927490234,42.37349319458008,57.11229705810547,70.34379577636719,37.610260009765625,26.81178855895996,58.851680755615234,19.1691837310791,18.565893173217773,111.614990234375,32.68489074707031,73.4122085571289,15.042617797851562,19.924394607543945,62.22392654418945,76.61389923095703,70.76350402832031,71.83851623535156,48.48784637451172,108.0123291015625,89.86719512939453,103.4159927368164,31.82060432434082,53.07457733154297,38.13914108276367,73.44751739501953,46.888858795166016,119.75314331054688,79.1656494140625,13.683777809143066,55.83531951904297,34.56230163574219,136.00433349609375,54.23008728027344,23.441566467285156,8.39121150970459,44.667537689208984,17.441757202148438,45.78911590576172,66.1047592163086,100.52058410644531,71.28711700439453,17.583675384521484,30.536834716796875,34.21530532836914,81.02418518066406,71.63858795166016
2014-03-12,32.0500602722168,16.76015281677246,67.96760559082031,58.065521240234375,42.17686080932617,57.32207107543945,71.04409790039062,37.68986892700195,26.794382095336914,58.38262176513672,18.909021377563477,18.588417053222656,111.29229736328125,32.36560821533203,73.36016845703125,15.188796043395996,20.086620330810547,61.66513442993164,76.6485824584961,70.56798553466797,71.82369232177734,48.43422317504883,106.94657897949219,91.10381317138672,102.85697174072266,31.78055191040039,53.205989837646484,37.736083984375,72.8412857055664,47.50678634643555,119.79693603515625,78.91082763671875,13.691704750061035,55.75138473510742,34.786399841308594,135.8682403564453,53.946624755859375,23.24930191040039,8.44605541229248,44.94285583496094,17.65505599975586,45.795997619628906,66.2459487915039,101.05718231201172,71.7447509765625,17.515819549560547,30.882129669189453,34.62663269042969,80.90113067626953,71.42150115966797
2014-03-13,31.731815338134766,16.574007034301758,67.53189849853516,57.71419143676758,41.812767028808594,57.28590774536133,70.30693817138672,37.302066802978516,26.44613265991211,58.1338996887207,18.400527954101562,18.445770263671875,109.90576934814453,31.634599685668945,72.36430358886719,14.97996711730957,19.92705535888672,60.317935943603516,75.63098907470703,69.81607055664062,70.92610168457031,48.4418830871582,104.76348114013672,89.64299774169922,101.17998504638672,31.43596649169922,52.928550720214844,37.01198959350586,71.35322570800781,46.816654205322266,119.04398345947266,77.03363037109375,13.59661865234375,54.55553436279297,34.5839958190918,133.45059204101562,53.241214752197266,23.24930191040039,8.325400352478027,44.94285583496094,17.502126693725586,45.64458084106445,65.29114532470703,99.83543395996094,71.30671691894531,17.433429718017578,30.50088119506836,34.39736557006836,79.95758819580078,70.73011779785156
2014-03-14,31.572690963745117,16.38785171508789,67.39395904541016,57.60942459106445,41.36128616333008,57.133995056152344,70.09193420410156,37.24188232421875,26.585432052612305,57.565345764160156,18.465564727783203,18.39322280883789,108.89579772949219,31.592588424682617,72.52039337158203,14.86163330078125,19.754196166992188,60.76191329956055,75.06436920166016,69.1844482421875,70.76289367675781,48.90155029296875,105.8120346069336,88.61611938476562,100.26160430908203,31.227632522583008,53.111083984375,36.889007568359375,70.3152847290039,47.2419548034668,118.74418640136719,76.59187316894531,13.311375617980957,52.4854621887207,34.265899658203125,132.3697967529297,52.92476272583008,22.997875213623047,8.27055549621582,45.03685760498047,17.67115020751953,45.837284088134766,64.73301696777344,100.24820709228516,71.68589782714844,17.61275863647461,30.579992294311523,33.56121063232422,79.82221221923828,70.1030502319336
2014-03-17,31.865814208984375,16.451873779296875,68.20721435546875,58.133323669433594,41.92927932739258,57.756126403808594,70.68780517578125,37.616310119628906,26.655078887939453,58.31156921386719,18.577905654907227,18.543373107910156,111.0472640991211,32.11353302001953,72.53524017333984,14.973001480102539,19.86057472229004,60.91501235961914,76.47512817382812,70.22965240478516,70.97061920166016,49.338253021240234,107.7974624633789,89.57073211669922,101.53931427001953,31.660348892211914,54.286460876464844,37.380863189697266,71.445068359375,47.2419548034668,119.95051574707031,77.51777648925781,13.55700397491455,52.76520919799805,34.793636322021484,133.56263732910156,53.78179931640625,23.197534561157227,8.380243301391602,45.218170166015625,17.71541976928711,46.31217956542969,65.21717071533203,101.13150024414062,72.59455871582031,17.63214111328125,30.615962982177734,34.006248474121094,80.38835144042969,70.33619689941406
2014-03-18,33.12202835083008,16.597427368164062,68.21448516845703,58.373687744140625,42.27882766723633,57.705474853515625,71.40654754638672,37.683170318603516,26.745616912841797,58.24049377441406,18.87946319580078,18.633460998535156,111.64494323730469,32.634464263916016,72.31969451904297,15.056535720825195,19.884502410888672,61.098716735839844,76.74686431884766,70.4927978515625,71.51958465576172,49.292259216308594,106.61136627197266,92.18132019042969,102.41777038574219,31.836645126342773,53.79732894897461,37.3876953125,71.3624038696289,47.66728210449219,119.88467407226562,77.79808807373047,13.620394706726074,54.387699127197266,34.98881149291992,134.5633544921875,53.88068771362305,23.404586791992188,8.495418548583984,45.12413787841797,17.70737075805664,46.86966323852539,65.49955749511719,102.35321807861328,72.43109893798828,17.733924865722656,30.882129669189453,34.195068359375,81.20878601074219,70.48091125488281
2014-03-19,32.887516021728516,16.59305763244629,67.96033477783203,57.769657135009766,42.453575134277344,56.98932647705078,70.76765441894531,37.43579864501953,26.564529418945312,57.828304290771484,18.749378204345703,18.78360939025879,110.3898696899414,32.39080810546875,71.42044830322266,15.056535720825195,19.780792236328125,61.045127868652344,75.87383270263672,69.84614562988281,71.24510192871094,48.564449310302734,105.06430053710938,91.5377197265625,100.94036865234375,31.612266540527344,53.665931701660156,37.39453125,73.74144744873047,47.38641357421875,117.63296508789062,77.06758117675781,13.818479537963867,53.52748489379883,34.56230163574219,134.6354217529297,53.35327911376953,23.522903442382812,8.489933967590332,44.875701904296875,17.582605361938477,46.45671463012695,65.19026947021484,101.43689727783203,71.81663513183594,17.457664489746094,30.687902450561523,34.21530532836914,80.06013488769531,70.1754150390625
2014-03-20,33.7752571105957,16.513097763061523,68.34519958496094,58.29357147216797,43.7716178894043,56.65656280517578,70.95809936523438,37.1683464050293,26.780441284179688,58.17652893066406,18.867631912231445,19.091411590576172,112.29634094238281,32.23957443237305,71.79206848144531,15.195754051208496,20.046733856201172,61.305381774902344,76.567626953125,69.89126586914062,71.37120819091797,48.717689514160156,106.3449478149414,91.87760925292969,100.90045928955078,31.147483825683594,54.01633071899414,36.73872756958008,76.04704284667969,47.00121307373047,116.92379760742188,77.88304138183594,14.198802947998047,52.8211555480957,35.444236755371094,135.46798706054688,54.401493072509766,24.247600555419922,8.528325080871582,44.654109954833984,17.703346252441406,46.73202133178711,65.16337585449219,100.99113464355469,71.75778198242188,17.61760711669922,30.716684341430664,34.42433547973633,79.88787078857422,70.40049743652344
2014-03-21,33.63288116455078,16.643342971801758,69.65953826904297,58.127140045166016,43.815303802490234,56.33826446533203,71.03181457519531,36.54652786254883,26.773481369018555,58.375518798828125,19.02727699279785,18.896221160888672,111.56122589111328,31.508567810058594,70.9522705078125,15.063497543334961,20.238210678100586,61.5579833984375,76.96658325195312,69.92134857177734,72.2465591430664,48.61809158325195,105.35652160644531,88.898193359375,101.41951751708984,30.762849807739258,54.71717071533203,35.56374740600586,75.35811614990234,46.36723709106445,115.07410430908203,77.73860931396484,13.913559913635254,50.401432037353516,35.50930404663086,133.6507568359375,54.665199279785156,24.10709571838379,8.48444652557373,43.4790153503418,17.695293426513672,46.44294738769531,65.12974548339844,100.61139678955078,72.01274871826172,17.66607093811035,30.695098876953125,34.410850524902344,80.04374694824219,72.2254409790039
2014-03-24,33.917633056640625,16.840740203857422,69.12944030761719,58.330543518066406,44.470680236816406,57.36549758911133,71.16696166992188,35.95814514160156,26.745616912841797,58.19784927368164,18.619298934936523,18.85867691040039,112.50550842285156,32.079925537109375,71.47989654541016,15.014772415161133,20.41373062133789,60.976261138916016,76.56184387207031,69.15438079833984,71.8459701538086,48.50315856933594,106.07849884033203,87.70496368408203,101.45948791503906,30.794918060302734,54.279170989990234,34.866943359375,74.23748016357422,46.06230545043945,115.65165710449219,77.30542755126953,13.763015747070312,50.44341278076172,35.40809631347656,132.66603088378906,54.263038635253906,23.988780975341797,8.440571784973145,43.18354415893555,17.550418853759766,46.49799728393555,65.45250701904297,99.9014892578125,72.33960723876953,17.782390594482422,30.428930282592773,34.20181655883789,79.26020812988281,71.15618133544922
2014-03-25,33.783626556396484,17.021892547607422,70.71244812011719,58.49696350097656,44.36872863769531,57.73442459106445,71.92869567871094,36.900901794433594,26.898845672607422,58.56028747558594,18.814416885375977,19.11393165588379,116.56346893310547,32.2647819519043,71.27925872802734,15.550771713256836,20.4429874420166,60.830806732177734,77.51007080078125,69.50776672363281,73.13671875,48.85557174682617,106.59420013427734,87.23487854003906,102.61742401123047,30.770875930786133,54.71717071533203,34.866943359375,73.7690200805664,45.90983963012695,117.39170837402344,77.16102600097656,13.636241912841797,51.07279968261719,35.393638610839844,130.6886749267578,54.32240295410156,23.3602237701416,8.40766716003418,44.60037612915039,17.510173797607422,47.06925964355469,65.66094970703125,100.81778717041016,72.27422332763672,17.88901710510254,30.5080509185791,34.444576263427734,79.1207275390625,71.63053131103516
2014-03-26,33.32301330566406,16.85917091369629,70.47281646728516,58.36751937866211,43.618690490722656,57.510169982910156,72.3095474243164,37.455841064453125,26.891883850097656,58.89432144165039,19.02727699279785,19.053874969482422,115.11717987060547,32.83613586425781,71.22723388671875,15.536844253540039,20.272783279418945,60.37154006958008,76.94923400878906,68.30467987060547,72.55073547363281,49.23865509033203,106.17304229736328,86.85884094238281,102.29798889160156,30.899084091186523,54.972713470458984,35.97361755371094,73.48426818847656,46.12651824951172,116.71176147460938,76.15870666503906,13.612470626831055,50.89796829223633,35.06110382080078,129.47181701660156,53.72905731201172,23.08661651611328,8.363790512084961,43.59986114501953,17.413591384887695,47.21379089355469,65.05577850341797,100.4298095703125,72.3265380859375,18.05380630493164,30.716684341430664,34.45806121826172,78.11157989501953,71.0114974975586
2014-03-27,32.9629020690918,16.786697387695312,70.63984680175781,59.316680908203125,43.63326644897461,57.61865997314453,72.28500366210938,37.26193618774414,27.03815269470215,58.659812927246094,18.979982376098633,19.001319885253906,113.44979858398438,32.970577239990234,71.46507263183594,15.32801342010498,20.24884796142578,60.22606658935547,76.80465698242188,67.89866638183594,73.03290557861328,49.0777587890625,105.89801025390625,88.43534851074219,103.05663299560547,30.81093406677246,54.11854934692383,35.74818420410156,71.17868041992188,46.16664123535156,116.1561508178711,76.43901824951172,13.477770805358887,49.939884185791016,35.49483871459961,129.92019653320312,53.399436950683594,22.84998321533203,8.363790512084961,43.210411071777344,17.558469772338867,47.68868637084961,65.25749969482422,99.00992584228516,71.67281341552734,18.044113159179688,31.00442886352539,34.444576263427734,77.75057983398438,71.0438232421875
2014-03-28,33.7501106262207,16.767948150634766,70.75599670410156,60.216552734375,43.720638275146484,57.69825744628906,72.79486846923828,37.42911148071289,27.128705978393555,58.95117950439453,18.849903106689453,19.23405647277832,113.82032012939453,33.24785232543945,72.2676773071289,15.543811798095703,20.214275360107422,60.2567024230957,77.59098052978516,68.34233093261719,73.73019409179688,49.10841369628906,106.97235870361328,87.17703247070312,103.33612823486328,30.69875717163086,54.21345520019531,35.399776458740234,72.94234466552734,46.230838775634766,117.36974334716797,76.83824157714844,13.454001426696777,47.93976593017578,35.6321907043457,129.92820739746094,53.84112548828125,22.857372283935547,8.473479270935059,43.888614654541016,17.687244415283203,48.41822052001953,65.45250701904297,100.55364227294922,71.79051208496094,17.990800857543945,31.083547592163086,34.59291076660156,78.27566528320312,71.76349639892578
2014-03-31,34.3279914855957,16.764217376708984,71.32965850830078,60.20421600341797,44.20851516723633,58.30590057373047,73.04672241210938,37.95730209350586,26.926715850830078,59.342041015625,18.991802215576172,19.376699447631836,115.03946685791016,34.373756408691406,72.85481262207031,15.606459617614746,20.32596778869629,60.57054138183594,78.43513488769531,69.7483901977539,73.71538543701172,49.69832992553711,107.85763549804688,89.19464111328125,103.37604522705078,30.8590145111084,54.65148162841797,35.48859786987305,76.91049194335938,47.23393630981445,119.34371948242188,76.4730224609375,13.628313064575195,49.55524444580078,35.957515716552734,131.1690673828125,54.2894287109375,23.049638748168945,8.555745124816895,44.338523864746094,17.56651496887207,48.41822052001953,65.47940063476562,101.84966278076172,72.07157135009766,18.141042709350586,31.213031768798828,34.94355392456055,79.36275482177734,73.42112731933594
2014-04-01,34.68808364868164,16.91756820678711,71.11910247802734,60.235042572021484,44.179386138916016,58.11781311035156,73.10200500488281,37.68987274169922,26.752593994140625,58.90140914916992,18.891286849975586,19.51182746887207,116.24076080322266,34.861083984375,72.7582015991211,16.217235565185547,20.416393280029297,60.76191329956055,78.9381332397461,70.12435150146484,74.04178619384766,49.20033645629883,110.19547271728516,91.16888427734375,103.29618835449219,30.82697296142578,54.235347747802734,35.43393325805664,76.2858657836914,47.201820373535156,119.68733978271484,77.44132232666016,13.73924446105957,51.499393463134766,35.97920608520508,132.82614135742188,54.84320068359375,23.079221725463867,8.950627326965332,44.20421600341797,17.55443572998047,48.39068603515625,65.45250701904297,102.3201904296875,71.64668273925781,18.121662139892578,31.241806030273438,34.916603088378906,80.66729736328125,73.89822387695312
2014-04-02,34.62946701049805,16.945680618286133,71.32965850830078,60.370662689208984,44.318626403808594,57.96590042114258,73.31703186035156,37.750038146972656,26.696874618530273,58.79481887817383,19.09231948852539,19.436758041381836,115.67300415039062,34.558597564697266,72.5278091430664,16.140003204345703,20.525428771972656,61.198211669921875,78.63172912597656,70.59056091308594,76.13375854492188,49.261634826660156,110.2813949584961,91.10381317138672,103.9749984741211,30.91510581970215,54.58578109741211,35.488975524902344,75.77145385742188,47.46665573120117,120.41112518310547,76.98146057128906,13.652088165283203,51.72319793701172,35.97196960449219,133.90689086914062,55.344207763671875,23.22711181640625,9.027408599853516,44.55337142944336,18.21445083618164,48.789878845214844,65.87610626220703,102.84851837158203,71.581298828125,18.213747024536133,31.241806030273438,34.80869674682617,80.92164611816406,74.31061553955078
2014-04-03,34.3447265625,16.8282413482666,71.35145568847656,60.35832595825195,44.45052719116211,57.94423294067383,73.12657165527344,37.582881927490234,26.515779495239258,58.922752380371094,19.15735626220703,19.827144622802734,115.15904235839844,33.920021057128906,72.5798568725586,16.210208892822266,20.599891662597656,60.77721405029297,78.712646484375,70.89132690429688,76.07440185546875,49.246307373046875,110.68537139892578,89.76594543457031,104.73362731933594,30.971208572387695,54.92890548706055,34.99368667602539,76.25830078125,47.322208404541016,119.71659851074219,77.47538757324219,13.588696479797363,51.751155853271484,36.022579193115234,132.9622802734375,55.04755401611328,22.886951446533203,8.989017486572266,45.0502815246582,18.093708038330078,48.314979553222656,66.2459487915039,103.2034912109375,71.7447509765625,18.218584060668945,31.040376663208008,35.22004318237305,80.96675872802734,74.4399642944336
2014-04-04,33.3900146484375,16.610544204711914,71.4676284790039,60.00698471069336,43.82766342163086,57.705474853515625,72.9791488647461,37.522705078125,26.620248794555664,58.695335388183594,19.015453338623047,19.63945198059082,114.60919952392578,33.69248580932617,72.73589324951172,15.943434715270996,20.560001373291016,60.2567024230957,78.55078125,70.17700958251953,75.79249572753906,49.20033645629883,109.48207092285156,86.1357192993164,103.89513397216797,30.955181121826172,54.52736282348633,34.31954574584961,75.1376724243164,47.35429000854492,116.68984985351562,75.93403625488281,13.2479887008667,50.49236297607422,35.827396392822266,130.68069458007812,53.78179931640625,22.458059310913086,8.846420288085938,44.35194396972656,17.98102378845215,48.32874298095703,65.96353912353516,99.62907409667969,71.75778198242188,18.208898544311523,30.96844482421875,34.559207916259766,81.12677001953125,74.2540054321289
2014-04-07,33.33138656616211,16.349742889404297,71.08277893066406,59.6495246887207,43.23411178588867,58.22633743286133,72.082275390625,36.900901794433594,26.898845672607422,59.633426666259766,18.447832107543945,19.88719940185547,116.25267791748047,33.26268768310547,72.09677124023438,16.041725158691406,20.560001373291016,59.03963851928711,77.70661926269531,69.10177612304688,75.00617218017578,49.73661804199219,107.9435806274414,85.92597961425781,103.21634674072266,30.586572647094727,53.899559020996094,34.58781814575195,74.28343200683594,47.041343688964844,115.32267761230469,73.74552154541016,12.978597640991211,50.51334762573242,35.176780700683594,126.93417358398438,52.410552978515625,21.82949447631836,8.742216110229492,43.714019775390625,17.76371192932129,47.81943893432617,65.46597290039062,98.47339630126953,71.98007202148438,18.247676849365234,31.364093780517578,34.96379470825195,79.20277404785156,73.70415496826172
2014-04-08,33.3481330871582,16.348814010620117,71.20624542236328,60.06242752075195,43.12419891357422,58.84843063354492,72.36483764648438,36.80059814453125,27.09387969970703,59.320701599121094,18.252710342407227,20.202510833740234,115.51762390136719,33.91160583496094,72.89195251464844,16.104907989501953,20.791366577148438,59.024330139160156,77.96102905273438,69.15438079833984,75.9557113647461,50.28057861328125,106.7059326171875,85.31851196289062,102.8170394897461,30.14583396911621,53.42499923706055,33.74857711791992,74.6967544555664,47.009239196777344,114.52582550048828,73.65186309814453,13.02613353729248,48.96080780029297,35.2996711730957,125.33304595947266,52.46988296508789,21.836889266967773,8.829970359802246,42.85451889038086,17.832124710083008,48.22550582885742,65.50628662109375,98.12666320800781,72.39189910888672,18.36398696899414,31.313739776611328,34.855037689208984,78.96894836425781,74.8281021118164
2014-04-09,33.892478942871094,16.563697814941406,71.85250091552734,59.988487243652344,43.43195343017578,58.9497184753418,73.1634521484375,38.17795181274414,27.156564712524414,59.633426666259766,18.465564727783203,20.255064010620117,117.51968383789062,34.450958251953125,73.09262084960938,16.231279373168945,20.735523223876953,59.521888732910156,78.53922271728516,70.0867691040039,76.40078735351562,50.357181549072266,109.05232238769531,86.77930450439453,103.6156005859375,30.153854370117188,54.3521614074707,34.78731918334961,74.9355697631836,48.49380874633789,116.11957550048828,75.55088806152344,13.168752670288086,49.408363342285156,35.49483871459961,126.61394500732422,52.654483795166016,22.347129821777344,8.687374114990234,43.99605941772461,17.997129440307617,49.23722457885742,65.79541778564453,99.32364654541016,72.71222686767578,18.485158920288086,31.925207138061523,34.84824752807617,80.277587890625,75.50733947753906
2014-04-10,32.9629020690918,16.350061416625977,70.10247039794922,59.6495246887207,42.06167221069336,58.66036605834961,71.68299102783203,37.34218215942383,27.0869083404541,59.427310943603516,18.098976135253906,19.84214973449707,116.94593811035156,33.5323600769043,73.8952865600586,15.901315689086914,20.448301315307617,58.771724700927734,77.45801544189453,68.68065643310547,75.85928344726562,50.518062591552734,106.26756286621094,82.51985931396484,102.13824462890625,29.85735511779785,53.242488861083984,33.906795501708984,72.64836120605469,47.07343673706055,113.63386535644531,72.68959045410156,12.772583961486816,45.792781829833984,34.490013122558594,124.8687515258789,51.49417495727539,21.62983512878418,8.572200775146484,42.57249069213867,17.65505599975586,47.97774124145508,64.97509002685547,96.71508026123047,72.60761260986328,18.33006477355957,31.774126052856445,34.664730072021484,77.92696380615234,74.98983001708984
2014-04-11,32.83727264404297,16.22918701171875,70.34212493896484,59.612545013427734,40.52281951904297,58.42166519165039,71.89183044433594,37.388980865478516,26.905820846557617,59.09331130981445,17.655515670776367,19.654470443725586,116.6530990600586,32.84976577758789,73.79121398925781,15.767926216125488,20.344585418701172,57.94502639770508,76.54448699951172,67.97386932373047,75.25835418701172,50.03541946411133,104.9181900024414,80.95062255859375,101.53931427001953,29.84123992919922,52.98698043823242,33.59035873413086,70.82964324951172,46.9049186706543,112.4567642211914,71.9913101196289,12.495262145996094,46.17741012573242,34.75748825073242,122.25897979736328,50.9272346496582,21.053035736083984,8.572200775146484,43.14996337890625,17.70737075805664,48.776119232177734,64.73301696777344,96.31057739257812,71.7447509765625,18.247676849365234,31.946773529052734,34.76668930053711,77.04907989501953,74.39955139160156
2014-04-14,32.812156677246094,16.29383659362793,70.53816223144531,60.31515884399414,40.273677825927734,58.45783615112305,72.917724609375,37.15496826171875,26.97547149658203,59.377593994140625,17.661434173583984,19.93975257873535,118.19503784179688,33.34697723388672,74.40065002441406,16.041725158691406,20.578617095947266,58.151695251464844,76.98392486572266,68.36485290527344,76.24502563476562,50.45677947998047,105.93238067626953,81.94857788085938,102.6573257446289,30.421619415283203,53.56370162963867,32.99187469482422,71.05008697509766,47.30615234375,113.91897583007812,72.8088150024414,12.677504539489746,46.70892333984375,34.7791633605957,123.87605285644531,51.41508865356445,21.48933219909668,8.610589027404785,44.09678268432617,17.940784454345703,49.216590881347656,64.61198425292969,97.40849304199219,72.14347076416016,18.53847885131836,32.148197174072266,34.86863327026367,77.35263061523438,74.74725341796875
2014-04-15,33.28950500488281,16.177648544311523,72.03402709960938,60.8205680847168,40.156429290771484,58.479522705078125,73.90059661865234,37.47589874267578,27.985393524169922,59.66895294189453,17.673254013061523,20.097410202026367,117.74674987792969,33.48180389404297,74.93571472167969,16.06980323791504,20.445646286010742,58.09047317504883,77.52739715576172,68.9588623046875,76.03730010986328,50.84750747680664,106.80906677246094,83.16351318359375,103.09654998779297,30.607030868530273,53.61481475830078,33.136356353759766,71.03172302246094,47.68332290649414,115.06680297851562,73.26866149902344,12.986518859863281,47.674007415771484,35.263511657714844,124.02019500732422,52.24574661254883,21.851680755615234,8.687374114990234,44.3250732421875,17.71541976928711,50.200782775878906,64.40354919433594,98.16795349121094,72.26768493652344,18.519079208374023,31.8460636138916,34.83466339111328,77.3403549194336,74.66639709472656
2014-04-16,33.83388137817383,16.210445404052734,71.707275390625,61.59716033935547,40.493499755859375,59.065460205078125,74.84049987792969,37.616310119628906,28.27096176147461,60.24461364746094,17.79151153564453,20.217527389526367,117.37626647949219,33.81889724731445,74.93571472167969,16.168092727661133,20.536067962646484,58.61865234375,79.07688903808594,70.1544189453125,76.80586242675781,51.46804428100586,108.33036804199219,83.55400848388672,104.29443359375,30.937522888183594,53.95793151855469,33.7829704284668,70.52652740478516,48.11665344238281,116.5655288696289,74.42679595947266,12.780508041381836,48.45027542114258,35.48761749267578,125.86143493652344,52.96432876586914,22.103097915649414,8.81351375579834,44.425811767578125,17.83614158630371,50.778892517089844,65.459228515625,99.55479431152344,73.48359680175781,18.59178352355957,32.38560104370117,35.521156311035156,78.61203002929688,75.32136535644531
2014-04-17,33.507266998291016,16.39566421508789,71.85975646972656,61.892982482910156,40.46419143676758,59.14503479003906,75.97697448730469,37.75672149658203,28.36150360107422,60.79894256591797,17.88611602783203,20.300113677978516,113.55735778808594,33.77676010131836,74.50470733642578,16.29445457458496,20.653079986572266,59.009010314941406,79.63195037841797,70.00404357910156,76.73125457763672,51.560489654541016,109.94619750976562,83.49615478515625,106.05130767822266,31.380855560302734,54.03486633300781,34.02373123168945,69.47937774658203,48.49380874633789,117.15777587890625,73.42195892333984,12.796355247497559,48.95380401611328,35.3719596862793,126.03755187988281,53.155521392822266,22.746442794799805,8.775125503540039,44.821983337402344,17.82005500793457,51.46025466918945,65.89628601074219,100.7104721069336,73.5685806274414,18.635400772094727,32.39997100830078,35.405601501464844,81.82414245605469,75.52349090576172
2014-04-21,33.44864273071289,16.590246200561523,72.61495208740234,62.20732879638672,40.324974060058594,59.0003662109375,76.32096099853516,38.27824401855469,28.382402420043945,61.0548095703125,18.246793746948242,20.232545852661133,114.90798950195312,33.91160583496094,74.0736083984375,16.42784881591797,20.63711929321289,59.67496871948242,80.14653015136719,70.06419372558594,76.58946990966797,51.48345184326172,109.86026000976562,84.62428283691406,106.17108154296875,31.203527450561523,53.98359298706055,34.74604797363281,70.08560943603516,48.83888244628906,118.06428527832031,73.80516815185547,12.748815536499023,50.07275390625,35.50930404663086,126.32575225830078,53.142311096191406,22.909130096435547,8.76415729522705,44.405670166015625,17.993101119995117,51.34324264526367,66.50145721435547,100.88382720947266,72.52261352539062,18.620861053466797,32.29206466674805,35.54834747314453,80.62627410888672,75.297119140625
2014-04-22,33.49050521850586,16.60679817199707,72.74565124511719,61.862178802490234,40.89653396606445,58.77609634399414,76.17350769042969,38.62592697143555,28.354530334472656,60.50756072998047,18.329570770263672,20.149959564208984,114.83629608154297,34.09699249267578,73.81352996826172,16.51209831237793,20.62648582458496,60.98389434814453,80.30260467529297,70.18450927734375,77.37296295166016,51.113746643066406,109.62818908691406,86.27308654785156,106.13115692138672,31.114852905273438,53.66849136352539,35.076229095458984,70.98578643798828,48.1728401184082,114.55506134033203,74.14576721191406,12.907282829284668,50.95391845703125,35.588836669921875,128.45523071289062,53.544456481933594,23.071826934814453,8.829970359802246,45.24501419067383,18.19029998779297,51.047306060791016,66.56871032714844,98.88613891601562,70.86221313476562,18.727487564086914,32.09064865112305,35.47357177734375,80.55241394042969,75.47499084472656
2014-04-23,33.2392578125,16.38973045349121,72.77470397949219,61.942291259765625,41.07240295410156,58.596717834472656,76.59740447998047,38.44540023803711,28.368473052978516,60.699440002441406,18.282268524169922,20.082401275634766,114.58528137207031,33.5323600769043,73.67229461669922,16.498046875,20.75413703918457,60.103599548339844,79.78227233886719,70.70336151123047,77.14163208007812,50.73631286621094,112.27542877197266,81.94857788085938,105.49227905273438,31.114852905273438,53.558570861816406,35.048702239990234,71.05928802490234,47.79567337036133,118.42253112792969,74.19685363769531,12.97066879272461,51.653255462646484,35.84907150268555,128.44717407226562,53.51810836791992,22.953500747680664,8.901266098022461,45.25172805786133,18.29090690612793,50.94407272338867,66.73009490966797,100.4298095703125,71.06487274169922,18.567554473876953,32.17696762084961,35.595916748046875,80.52779388427734,75.66095733642578
2014-04-24,33.38164138793945,17.73338508605957,72.58592224121094,61.64030075073242,41.17498779296875,59.17278289794922,76.35781860351562,38.465450286865234,28.347576141357422,60.77762222290039,18.158105850219727,20.082401275634766,113.6828842163086,33.4986572265625,74.1999740600586,16.37870216369629,20.82593536376953,61.06044006347656,79.00750732421875,70.402587890625,78.5594253540039,51.16765594482422,111.6136245727539,82.23786163330078,105.6520004272461,30.977819442749023,53.543922424316406,34.88361358642578,73.00662994384766,47.089481353759766,117.42820739746094,74.43531799316406,12.946901321411133,51.80711364746094,35.65388870239258,128.7673797607422,53.94000244140625,22.879560470581055,8.950627326965332,45.27188491821289,18.250659942626953,51.267555236816406,66.32665252685547,98.3825912475586,71.2740478515625,18.611167907714844,32.10503387451172,35.636714935302734,79.79349517822266,75.91971588134766
2014-04-25,33.42351531982422,17.86362648010254,72.46247100830078,61.88686752319336,40.815940856933594,59.36237716674805,76.16737365722656,38.27155303955078,28.563499450683594,60.58573913574219,18.18175506591797,19.714529037475586,113.33024597167969,33.245845794677734,74.86141967773438,16.14703369140625,20.908384323120117,60.76191329956055,78.95549774169922,69.66567993164062,78.11914825439453,51.021305084228516,110.58222961425781,80.56736755371094,106.21100616455078,30.655385971069336,53.66849136352539,34.73915481567383,72.51976776123047,46.945037841796875,117.77182006835938,74.11173248291016,12.637884140014648,51.68123245239258,35.458702087402344,126.67802429199219,53.63018035888672,22.61334228515625,8.654465675354004,44.75483703613281,18.17017364501953,51.20561981201172,65.49285125732422,98.22572326660156,71.41133880615234,18.955286026000977,31.953975677490234,35.54154586791992,79.16586303710938,75.31327056884766
2014-04-28,34.227481842041016,18.555448532104492,73.58799743652344,62.355262756347656,40.662052154541016,60.47800064086914,77.23624420166016,37.89714813232422,28.577421188354492,61.7015266418457,18.94449806213379,19.767078399658203,115.42796325683594,33.81889724731445,74.54925537109375,16.161069869995117,21.211557388305664,61.36662292480469,79.34286499023438,69.52284240722656,77.79830932617188,52.26911544799805,109.1898422241211,80.61797332763672,106.92970275878906,30.929439544677734,53.93962097167969,34.64284896850586,71.42671966552734,47.322208404541016,117.97655487060547,74.13726806640625,11.845541000366211,51.80711364746094,35.37919235229492,125.31706237792969,53.39283752441406,22.24981117248535,8.758671760559082,45.29204177856445,18.32712745666504,51.37769317626953,66.07113647460938,98.32479095458984,72.71222686767578,19.352712631225586,31.925207138061523,36.13968276977539,78.54639434814453,75.01406860351562
2014-04-29,33.92600631713867,18.50048065185547,73.3629150390625,62.5278434753418,41.109039306640625,60.11343002319336,77.38369750976562,39.261104583740234,28.257038116455078,60.94820022583008,18.7789363861084,19.87969970703125,116.60531616210938,33.80204772949219,75.43367004394531,16.259363174438477,21.187618255615234,60.86908721923828,79.52787780761719,69.53035736083984,78.57435607910156,51.63751983642578,110.33295440673828,80.92170715332031,106.84983825683594,31.06649398803711,53.8370246887207,33.927433013916016,71.50936126708984,47.84381866455078,118.42984771728516,74.75891876220703,12.075318336486816,53.317691802978516,35.7623291015625,126.67802429199219,53.92683410644531,22.643016815185547,8.840933799743652,45.20474624633789,18.331151962280273,51.39833068847656,65.90301513671875,99.43921661376953,72.63375091552734,19.44478988647461,31.097932815551758,35.89500045776367,79.1740493774414,75.79033660888672
2014-04-30,33.83388137817383,18.430519104003906,73.55169677734375,63.119503021240234,41.021114349365234,60.19363784790039,77.1072769165039,39.15412139892578,28.410266876220703,61.04056930541992,18.495132446289062,20.037353515625,117.4181137084961,34.450958251953125,75.34449005126953,16.22425079345703,21.198257446289062,60.86143112182617,80.41825866699219,69.85367584228516,78.64899444580078,51.837772369384766,110.89166259765625,80.81321716308594,107.36892700195312,31.22771644592285,53.28743362426758,34.45711135864258,73.5210189819336,47.426517486572266,120.00165557861328,74.45236206054688,11.996087074279785,54.891197204589844,35.88521957397461,127.9428482055664,54.14436721801758,22.94720458984375,8.926609992980957,45.59419250488281,18.52834701538086,51.143672943115234,66.23248291015625,100.30597686767578,73.37899017333984,19.439950942993164,31.457609176635742,36.03772735595703,79.42840576171875,75.47499084472656
2014-05-01,33.49889373779297,18.473934173583984,72.99981689453125,62.503177642822266,40.830589294433594,60.040496826171875,76.7509536743164,39.862857818603516,28.40329933166504,60.81316375732422,18.41826057434082,19.8571720123291,115.66104125976562,34.52679443359375,75.03234100341797,16.154048919677734,21.195600509643555,60.7236328125,81.4126968383789,69.35740661621094,78.4027328491211,51.61440658569336,110.41033935546875,81.54361724853516,106.8897933959961,31.171276092529297,53.558570861816406,34.06501770019531,75.36731719970703,47.76356887817383,119.05859375,73.93289947509766,11.95646858215332,55.26185607910156,35.88521957397461,128.38314819335938,53.636749267578125,23.1623592376709,8.793956756591797,46.62157440185547,18.58066177368164,51.63924026489258,65.97026824951172,99.56305694580078,72.71222686767578,19.304243087768555,31.105131149291992,35.806617736816406,79.02637481689453,75.37796783447266
2014-05-02,33.2392578125,18.50828742980957,72.11392211914062,62.87297439575195,40.727996826171875,59.73427963256836,76.61581420898438,38.926795959472656,28.521696090698242,60.77762222290039,18.18175506591797,19.827144622802734,114.4119873046875,34.391944885253906,75.38166046142578,16.104907989501953,21.04135513305664,60.77721405029297,81.01376342773438,69.45516204833984,78.35795593261719,51.6837272644043,111.68238067626953,81.2977294921875,106.53045654296875,31.08261489868164,54.122833251953125,34.257633209228516,75.92761993408203,47.41047668457031,119.82624053955078,74.02652740478516,12.083248138427734,54.34572219848633,35.84184265136719,127.19034576416016,53.88728713989258,22.769147872924805,8.788427352905273,46.23884201049805,18.717493057250977,52.664703369140625,66.27286529541016,99.66210174560547,72.58147430419922,19.37209129333496,31.328134536743164,35.85419845581055,80.06837463378906,75.13534545898438
2014-05-05,33.021522521972656,18.770021438598633,72.61495208740234,63.427703857421875,39.73142623901367,59.573822021484375,77.00897979736328,39.200923919677734,28.389373779296875,61.0548095703125,17.714645385742188,19.8157901763916,114.30442810058594,34.729061126708984,75.1661376953125,16.118947982788086,20.908384323120117,60.23374557495117,81.29710388183594,69.6356201171875,77.99234008789062,51.52968215942383,113.4185562133789,81.84733581542969,106.13115692138672,31.30830955505371,54.943519592285156,34.415836334228516,76.95639038085938,47.2499885559082,120.71815490722656,74.39273071289062,11.948548316955566,55.82833480834961,35.827396392822266,125.1649398803711,53.663143157958984,22.309158325195312,8.699992179870605,46.903602600097656,18.693347930908203,52.91936492919922,65.8626708984375,99.84369659423828,72.0584945678711,19.333322525024414,31.2274227142334,36.03092575073242,80.35965728759766,74.94937896728516
2014-05-06,32.711669921875,18.565441131591797,72.25914001464844,63.2797737121582,39.08656311035156,59.1581916809082,76.76941680908203,38.18464279174805,28.20130729675293,60.67101287841797,17.40127182006836,19.838499069213867,113.56929016113281,34.56051254272461,75.02490234375,15.950459480285645,20.74616050720215,59.261619567871094,80.53389739990234,68.86113739013672,77.5073013305664,51.383331298828125,112.44734954833984,81.19650268554688,104.57393646240234,31.098735809326172,54.54783248901367,35.03495407104492,77.03907775878906,46.99319076538086,119.52645874023438,73.4049072265625,11.671224594116211,54.772315979003906,35.48761749267578,123.71591186523438,52.94453048706055,21.856590270996094,8.600502014160156,46.18511199951172,18.66920280456543,53.05012512207031,65.47940063476562,98.74578857421875,71.81663513183594,19.27031707763672,31.0331974029541,35.928958892822266,80.18733978271484,75.01406860351562
2014-05-07,33.01315689086914,18.50048065185547,73.27576446533203,63.55095672607422,39.606842041015625,59.85820770263672,77.54341888427734,37.33550262451172,28.493852615356445,61.68731689453125,17.31178855895996,19.96721839904785,113.79173278808594,34.602622985839844,75.77555847167969,16.05576515197754,20.86122703552246,59.0013542175293,81.603515625,69.86873626708984,78.06693267822266,51.78385543823242,112.66339874267578,81.55082702636719,105.93150329589844,31.187400817871094,55.617671966552734,34.92489242553711,78.41690826416016,47.46665573120117,120.04552459716797,74.92069244384766,11.726693153381348,55.08701705932617,35.96090316772461,124.50052642822266,53.80816650390625,22.03466033935547,8.545225143432617,46.91704177856445,18.653100967407227,53.75900650024414,66.45439910888672,99.8189468383789,72.5291976928711,19.415719985961914,31.8460636138916,36.39116287231445,81.52875518798828,76.43722534179688
2014-05-08,33.197391510009766,18.467496871948242,72.97803497314453,63.064048767089844,39.83399963378906,59.90925979614258,76.84313201904297,36.66019821166992,28.368473052978516,61.58780288696289,17.401268005371094,19.944501876831055,113.5572738647461,34.442527770996094,75.7680892944336,16.161069869995117,21.056564331054688,58.978397369384766,81.42430114746094,69.89875793457031,78.30573272705078,51.6837272644043,112.85354614257812,80.11176300048828,105.57213592529297,31.219640731811523,55.58837127685547,34.904266357421875,78.628173828125,47.747520446777344,120.18446350097656,75.46570587158203,11.829695701599121,55.05905532836914,35.91720962524414,126.00556945800781,53.63018035888672,22.02724266052246,8.738683700561523,46.12468719482422,18.53236961364746,53.001949310302734,66.56199645996094,100.07483673095703,72.37228393554688,19.439950942993164,31.702194213867188,36.479530334472656,80.79194641113281,76.23507690429688
2014-05-09,33.1136360168457,18.39055633544922,73.27576446533203,63.26261901855469,39.577537536621094,60.07695007324219,76.80626678466797,36.914268493652344,28.465984344482422,61.95024871826172,17.317747116088867,19.914226531982422,114.2605972290039,34.58578109741211,76.49645233154297,16.161069869995117,21.193037033081055,59.483604431152344,81.71915435791016,69.77847290039062,78.3952865600586,52.10736846923828,113.3116455078125,80.61797332763672,105.49227905273438,31.429237365722656,55.8961067199707,35.20693588256836,79.44567108154297,47.635162353515625,120.76200866699219,75.65304565429688,11.679146766662598,55.779354095458984,35.73517608642578,125.845458984375,53.50491714477539,22.019819259643555,8.716572761535645,46.10453796386719,18.657129287719727,53.43553924560547,67.07974243164062,99.93451690673828,72.43766784667969,19.48356819152832,31.932401657104492,36.975711822509766,80.93191528320312,76.28358459472656
2014-05-12,33.4737548828125,18.6195125579834,72.99256896972656,63.43637466430664,40.046504974365234,59.595706939697266,76.93527221679688,36.96775436401367,28.431150436401367,61.77970886230469,17.37740707397461,19.96721839904785,115.75738525390625,35.35267639160156,76.44441986083984,16.280418395996094,21.17965316772461,59.91225814819336,82.5748519897461,70.97403717041016,79.24595642089844,51.7530403137207,114.60812377929688,80.79875946044922,107.209228515625,31.654935836791992,56.291839599609375,35.77789306640625,81.31950378417969,47.68332290649414,122.03412628173828,76.35131072998047,11.940628051757812,56.19196701049805,36.230281829833984,127.7267074584961,53.94000244140625,22.502056121826172,8.755264282226562,46.56786346435547,18.789934158325195,53.96549987792969,68.25646209716797,101.07369232177734,72.03889465332031,19.565961837768555,32.133819580078125,36.880558013916016,82.08036804199219,75.72565460205078
2014-05-13,34.08942413330078,18.648719787597656,73.3556137084961,63.51703643798828,40.02451705932617,59.50819396972656,77.30996704101562,37.27532196044922,28.633146286010742,61.99290466308594,17.419164657592773,20.02779769897461,115.52896881103516,35.30210494995117,76.94235229492188,16.048744201660156,21.176979064941406,59.146785736083984,82.34938049316406,70.84620666503906,79.95480346679688,51.80696105957031,115.34278869628906,80.5733413696289,107.48870086669922,31.96930694580078,56.093971252441406,35.90171432495117,81.20012664794922,48.581478118896484,122.56050109863281,75.86592864990234,11.908927917480469,56.157020568847656,36.266700744628906,128.31109619140625,53.61037826538086,22.502056121826172,8.766317367553711,46.71559524536133,18.816184997558594,54.123783111572266,68.92887115478516,101.59378051757812,72.74491882324219,19.682283401489258,32.047019958496094,36.955326080322266,81.3888168334961,75.69331359863281
2014-05-14,33.93762969970703,18.652175903320312,73.24671936035156,63.473609924316406,39.83399963378906,59.18736267089844,77.66011810302734,37.68987274169922,28.479904174804688,61.7157096862793,17.359506607055664,19.936931610107422,113.44304656982422,35.29367446899414,76.57073974609375,16.013639450073242,21.0699405670166,58.41195297241211,81.8694839477539,69.73336029052734,79.49217224121094,51.575904846191406,114.94520568847656,81.48954010009766,106.84983825683594,32.186946868896484,55.69094467163086,35.85356903076172,81.19091033935547,48.630027770996094,120.82056427001953,75.32946014404297,11.758382797241211,56.62557601928711,35.8880615234375,127.64661407470703,53.41920471191406,22.442705154418945,8.70551872253418,46.070960998535156,18.848485946655273,54.048065185546875,68.61284637451172,100.49585723876953,72.57494354248047,19.54657554626465,31.71433448791504,36.77180099487305,80.90724182128906,74.14886474609375
2014-05-15,33.397857666015625,18.493568420410156,73.11602020263672,62.5366096496582,39.21113204956055,58.72068405151367,76.70602416992188,37.368927001953125,28.222209930419922,60.93397903442383,17.33564567565918,19.694631576538086,112.08454895019531,35.33580780029297,76.17686462402344,16.975446701049805,20.5588436126709,58.35837173461914,81.51100158691406,68.54531860351562,78.34303283691406,51.15226364135742,113.40673065185547,80.19523620605469,106.21100616455078,31.630756378173828,55.36854934692383,33.65914535522461,80.33665466308594,47.10072326660156,119.5630111694336,74.59710693359375,11.528602600097656,56.01713180541992,35.69875717163086,125.39710235595703,52.1007080078125,22.08658218383789,8.672354698181152,45.73521423339844,18.695024490356445,53.75900650024414,67.99689483642578,98.39083862304688,72.39189910888672,19.410871505737305,31.48288917541504,36.30281066894531,80.1128158569336,73.75265502929688
2014-05-16,33.591835021972656,18.76650619506836,73.03612518310547,62.511775970458984,39.0645751953125,58.57487487792969,76.31573486328125,37.355552673339844,28.479904174804688,61.502525329589844,17.371442794799805,19.55076026916504,112.44522094726562,35.13356018066406,76.65251922607422,17.108837127685547,20.607013702392578,59.2156867980957,81.59772491455078,68.57538604736328,79.11907958984375,51.54507827758789,113.0610122680664,81.39501190185547,106.49051666259766,31.485654830932617,56.10862731933594,33.55595397949219,80.36421203613281,47.20591735839844,118.5102767944336,74.51193237304688,11.496910095214844,56.50667190551758,35.73517608642578,125.22901153564453,52.56875228881836,22.3610897064209,8.711048126220703,45.506900787353516,18.977725982666016,53.724605560302734,68.58574676513672,98.13492584228516,72.60105895996094,19.72105598449707,31.692630767822266,36.57468032836914,80.41329193115234,73.80116271972656
2014-05-19,33.52435302734375,18.988876342773438,73.0796890258789,62.59243392944336,39.44563674926758,58.283206939697266,76.1732406616211,37.67649841308594,28.354530334472656,61.18980407714844,17.466890335083008,19.71734619140625,112.40914916992188,35.52962875366211,75.87216186523438,17.094797134399414,20.499977111816406,58.55739974975586,81.90997314453125,69.09423065185547,78.64151000976562,51.39875793457031,113.52774047851562,81.4968032836914,106.25094604492188,31.945125579833984,55.888816833496094,33.94118881225586,81.25521850585938,47.456756591796875,118.65650939941406,75.03990936279297,11.623686790466309,57.380882263183594,36.03369903564453,126.22167205810547,52.87861251831055,22.375934600830078,8.799484252929688,46.91350173950195,18.9050350189209,53.979248046875,68.62637329101562,98.79532623291016,71.72509765625,19.488414764404297,31.743263244628906,36.513519287109375,80.69320678710938,73.31600952148438
2014-05-20,33.4653205871582,18.992647171020508,72.7965087890625,62.468345642089844,39.36503601074219,58.5019416809082,75.89446258544922,37.442481994628906,28.26399803161621,60.87001419067383,17.448989868164062,19.71734619140625,111.14080810546875,35.02400207519531,75.4559555053711,16.93332290649414,20.253795623779297,59.67496871948242,81.077392578125,68.27812957763672,75.7835922241211,51.26778793334961,111.99787139892578,81.59862518310547,105.01314544677734,31.87257957458496,55.6396484375,33.54220962524414,81.19091033935547,47.46485900878906,117.39170837402344,74.16282653808594,11.512758255004883,56.74446105957031,35.64780044555664,125.1649398803711,52.483070373535156,22.042076110839844,8.716572761535645,46.46824264526367,18.79598617553711,54.054969787597656,68.04428100585938,97.14434814453125,71.62052154541016,19.40117835998535,31.33824920654297,36.35038757324219,80.54914855957031,72.73381805419922
2014-05-21,34.0303840637207,19.042888641357422,73.44276428222656,63.31223678588867,39.65813446044922,58.69153594970703,76.92286682128906,37.83027267456055,28.465984344482422,61.18980407714844,17.639883041381836,19.838499069213867,112.04246520996094,35.125152587890625,76.22146606445312,17.186054229736328,20.245765686035156,59.7668342590332,81.82490539550781,68.95821380615234,76.76856231689453,51.46036148071289,113.19063568115234,82.52205657958984,105.77176666259766,31.888689041137695,56.203880310058594,33.507808685302734,81.91659545898438,47.796607971191406,118.356689453125,74.81851959228516,11.576147079467773,57.213008880615234,36.16474914550781,127.5666275024414,53.010475158691406,22.264646530151367,8.793956756591797,46.44801330566406,18.977725982666016,54.52711486816406,68.86326599121094,97.62311553955078,71.92122650146484,19.696821212768555,31.721559524536133,36.35038757324219,81.15830993652344,72.75808715820312
2014-05-22,33.81952667236328,19.073047637939453,73.82299041748047,62.983367919921875,39.97323226928711,58.808204650878906,76.59453582763672,37.77008819580078,28.26399803161621,60.82027816772461,17.69357681274414,19.80063819885254,111.61568450927734,34.99028778076172,76.13971710205078,17.1158504486084,20.17351722717285,60.30263900756836,81.62128448486328,69.10181427001953,76.91779327392578,51.306304931640625,113.95121002197266,83.51821899414062,105.85165405273438,31.961231231689453,56.577613830566406,33.56971740722656,81.53997802734375,48.322547912597656,118.30558013916016,75.06546783447266,11.655381202697754,57.975303649902344,36.39775085449219,127.96686553955078,53.2939453125,22.54656982421875,8.793956756591797,47.109134674072266,18.70310401916504,54.478519439697266,68.80912017822266,97.82124328613281,71.99314880371094,19.716215133666992,31.56968116760254,36.527122497558594,80.82081604003906,72.76616668701172
2014-05-23,33.83640670776367,19.288503646850586,73.837646484375,62.871700286865234,39.958587646484375,58.713401794433594,76.43342590332031,37.98405456542969,28.26399803161621,60.997955322265625,17.592161178588867,19.906646728515625,111.77198791503906,35.521217346191406,75.80525970458984,17.21413803100586,20.232385635375977,60.60882568359375,82.10411834716797,69.4947280883789,77.6266860961914,51.39875793457031,114.44388580322266,83.13285064697266,105.85165405273438,31.920942306518555,56.51166915893555,33.5628547668457,81.9717025756836,48.38727951049805,118.90503692626953,75.60193634033203,11.663301467895508,56.60459518432617,36.52152633666992,128.21499633789062,53.2675895690918,22.62076187133789,8.854754447937012,47.082157135009766,18.921186447143555,54.457679748535156,69.53335571289062,99.07599639892578,72.3853530883789,19.716215133666992,31.504587173461914,36.57468032836914,81.85391998291016,72.75808715820312
2014-05-27,33.89544677734375,19.649686813354492,73.71334075927734,62.8964958190918,40.405574798583984,58.39257049560547,76.10507202148438,37.90382385253906,28.39632797241211,61.49542999267578,17.663755416870117,20.224668502807617,111.07463836669922,35.318965911865234,76.07280731201172,17.34752655029297,20.227033615112305,60.99919891357422,82.27864074707031,69.78939819335938,77.36551666259766,51.383331298828125,115.965087890625,84.26715850830078,106.09123229980469,31.904817581176758,56.54829406738281,33.63162612915039,81.86146545410156,48.33063888549805,119.1316909790039,77.82454681396484,12.059473037719727,57.45778274536133,36.80548858642578,129.50401306152344,53.40604019165039,23.088165283203125,8.93213939666748,47.38573455810547,18.98177146911621,54.88124465942383,69.83116912841797,99.1998062133789,72.27422332763672,19.75983238220215,32.05425262451172,36.86696243286133,81.54936218261719,73.51817321777344
2014-05-28,33.74363708496094,19.59880828857422,73.34040069580078,62.710330963134766,40.63274002075195,58.40714645385742,75.90682220458984,37.70991516113281,28.26399803161621,61.879180908203125,17.663755416870117,20.3533935546875,110.05274963378906,35.03242874145508,75.28504180908203,17.424747467041016,20.210981369018555,60.9915657043457,82.2728271484375,69.90276336669922,76.79093933105469,50.92888259887695,116.10334777832031,84.10721588134766,106.45059204101562,31.977375030517578,56.6069221496582,33.45276641845703,82.18297576904297,48.30636978149414,118.5102767944336,77.54353332519531,11.996087074279785,57.24799346923828,36.72539138793945,129.4797821044922,53.55106735229492,22.94720458984375,9.015047073364258,47.095645904541016,18.8565673828125,55.24924850463867,69.99361419677734,99.2823486328125,72.26114654541016,19.75983238220215,32.032562255859375,36.86696243286133,82.42609405517578,73.51009368896484
2014-05-29,34.02196502685547,19.955915451049805,73.67675018310547,62.840660095214844,40.830589294433594,58.62590789794922,75.78290557861328,38.579124450683594,28.319719314575195,62.348228454589844,17.657787322998047,20.41396713256836,110.46148681640625,35.563358306884766,75.92180633544922,17.32646942138672,20.331396102905273,61.15995788574219,82.8312759399414,70.14456176757812,77.30583953857422,51.54507827758789,116.80347442626953,84.34717559814453,106.77002716064453,31.920942306518555,56.90736389160156,34.06501770019531,82.76165771484375,48.120243072509766,120.26466369628906,77.73085021972656,12.004009246826172,57.40183639526367,36.60160446166992,129.11834716796875,53.821353912353516,23.0955753326416,9.14217758178711,47.9726676940918,18.860610961914062,55.235374450683594,70.43356323242188,99.80548095703125,72.73179626464844,20.021547317504883,32.28569030761719,37.17962646484375,82.73479461669922,73.66370391845703
2014-05-30,34.527992248535156,19.881175994873047,74.18860626220703,62.38146209716797,40.72066879272461,58.9102897644043,76.07411193847656,38.68609619140625,28.493852615356445,62.77464294433594,17.675678253173828,20.686555862426758,110.82222747802734,35.41166687011719,75.98926544189453,17.284345626831055,20.54279899597168,61.41256332397461,82.92434692382812,70.3863525390625,76.2835464477539,52.68506622314453,116.8985595703125,84.33987426757812,106.96968078613281,32.25142288208008,57.390987396240234,34.21635055541992,82.46772003173828,48.43583297729492,120.63321685791016,77.91820526123047,11.996087074279785,56.79341125488281,36.97294235229492,128.37127685546875,53.74883270263672,22.89527130126953,9.08690071105957,48.512367248535156,19.280635833740234,55.50615310668945,70.31173706054688,100.92642211914062,73.4443588256836,20.142715454101562,32.5026741027832,37.335960388183594,82.98593139648438,73.72030639648438
2014-06-02,34.4014778137207,19.74454116821289,74.70774841308594,62.015350341796875,40.559452056884766,58.596717834472656,75.71477508544922,38.732906341552734,28.459007263183594,62.44773483276367,17.723403930664062,20.641128540039062,111.62168884277344,35.36952590942383,76.43877410888672,17.39667320251465,20.54011344909668,61.87947082519531,82.79054260253906,70.58281707763672,77.42520904541016,52.538700103759766,117.4603500366211,84.67434692382812,107.12939453125,32.0821647644043,57.37633514404297,33.76921463012695,83.08314514160156,48.136451721191406,120.97232818603516,78.25032806396484,12.091168403625488,57.03117752075195,37.198673248291016,128.54800415039062,53.88068771362305,22.924951553344727,9.08690071105957,48.579830169677734,19.18773651123047,55.186763763427734,70.4471206665039,101.26685333251953,73.26785278320312,19.992469787597656,32.437583923339844,37.32234573364258,83.2822494506836,73.7283935546875
2014-06-03,33.97978591918945,20.023759841918945,74.91983032226562,62.29459762573242,40.742645263671875,58.283206939697266,75.92539978027344,38.71953582763672,28.472949981689453,62.69647979736328,17.651823043823242,20.944005966186523,110.82817077636719,35.23468780517578,76.00428009033203,17.32646942138672,20.52674102783203,62.11044692993164,83.12211608886719,70.4694595336914,77.96992492675781,51.791561126708984,117.44305419921875,85.16151428222656,106.96968078613281,32.09827423095703,56.944007873535156,33.693538665771484,83.0372085571289,48.02315902709961,120.81011962890625,78.11406707763672,12.05155086517334,57.73052978515625,37.198673248291016,129.96983337402344,54.052085876464844,22.887853622436523,9.147700309753418,48.2762336730957,19.325048446655273,55.42283630371094,70.00715637207031,100.87662506103516,72.6272201538086,19.987627029418945,32.07594680786133,37.41751480102539,83.0311508178711,73.45348358154297
2014-06-04,34.00509262084961,20.252412796020508,75.0806884765625,62.07740783691406,40.8012809753418,58.23215103149414,75.80150604248047,38.732906341552734,28.410266876220703,62.59980392456055,17.68164825439453,20.89857292175293,110.91236114501953,35.141998291015625,76.74590301513672,17.20009422302246,20.63912582397461,62.0103759765625,82.75564575195312,70.91527557373047,77.83563232421875,52.1535758972168,116.96768951416016,86.63763427734375,106.01138305664062,32.041847229003906,57.27375030517578,32.689205169677734,83.04643249511719,47.917964935302734,121.27456665039062,78.18218231201172,12.05155086517334,58.05922317504883,37.162254333496094,130.44378662109375,54.342166900634766,23.147520065307617,9.28036117553711,50.30012512207031,19.401796340942383,55.408935546875,69.69580078125,101.5159683227539,73.35179901123047,19.982769012451172,32.047019958496094,37.764156341552734,83.9120101928711,73.45348358154297
2014-06-05,34.75568389892578,20.331867218017578,75.47554016113281,62.39388656616211,41.49740982055664,58.414424896240234,76.52635955810547,38.84657669067383,28.479904174804688,62.83609390258789,17.753231048583984,20.944005966186523,111.79600524902344,35.479087829589844,76.75344848632812,17.34050941467285,20.689960479736328,61.88718032836914,83.5991439819336,71.7464828491211,79.81305694580078,52.34613800048828,118.2555160522461,85.61237335205078,106.8897933959961,32.3642692565918,57.61083221435547,32.47594451904297,82.9361801147461,48.20928192138672,122.60877990722656,79.02523040771484,12.225866317749023,57.90536880493164,37.591835021972656,130.5963897705078,55.265098571777344,23.46653938293457,9.219559669494629,51.00173568725586,19.45833396911621,55.5825309753418,70.13578033447266,102.69503784179688,73.18051147460938,20.011859893798828,32.52436828613281,37.6146240234375,83.61979675292969,73.825439453125
2014-06-06,34.98341369628906,20.27596092224121,75.44629669189453,63.04541015625,41.74656677246094,58.356101989746094,76.94146728515625,38.679412841796875,28.549556732177734,62.943485260009766,17.55040168762207,21.330177307128906,112.03048706054688,35.92573165893555,76.38633728027344,17.4317684173584,20.660533905029297,62.08732986450195,84.14012908935547,71.93537139892578,80.7234115600586,52.392356872558594,119.49150085449219,85.67054748535156,108.52690887451172,32.283668518066406,57.830665588378906,32.50347137451172,82.9729232788086,48.24972915649414,123.22797393798828,80.82202911376953,12.352641105651855,57.61863327026367,37.84667205810547,133.49618530273438,55.64749526977539,23.703943252563477,9.440652847290039,50.61720657348633,19.438140869140625,56.13105392456055,70.11541748046875,102.96070861816406,73.5494155883789,20.06032371520996,32.67625427246094,37.66221618652344,84.35245513916016,74.63404846191406
2014-06-09,34.80630111694336,20.60041046142578,75.47554016113281,62.995758056640625,42.07630920410156,58.39985656738281,77.05301666259766,38.739593505859375,28.493852615356445,63.0079231262207,17.508644104003906,21.13330841064453,111.94026947021484,35.98472595214844,75.95179748535156,17.410701751708984,20.607013702392578,62.064247131347656,84.53570556640625,72.39630889892578,81.14872741699219,52.71586227416992,119.24085998535156,84.63803100585938,109.5650634765625,32.348175048828125,57.559532165527344,32.04945755004883,82.5228271484375,48.3387336730957,123.89877319335938,81.38408660888672,12.550729751586914,55.25484848022461,38.23255920410156,133.3435516357422,55.70022201538086,23.726205825805664,9.396432876586914,50.54299545288086,19.57141876220703,56.13800811767578,70.04776000976562,103.34266662597656,73.76016998291016,20.166948318481445,32.64731979370117,37.499080657958984,84.42655181884766,75.20008850097656
2014-06-10,34.67136001586914,20.72132110595703,76.11898803710938,62.95854187011719,42.428043365478516,58.44358444213867,77.65393829345703,39.10732650756836,28.605281829833984,63.308650970458984,17.598127365112305,21.383174896240234,110.78015899658203,35.95100402832031,75.57722473144531,17.55112075805664,20.502655029296875,62.164363861083984,84.3321304321289,72.0411605834961,81.5666275024414,52.90842819213867,118.62715911865234,85.14700317382812,109.44526672363281,32.670589447021484,57.171173095703125,32.269588470458984,82.5228271484375,48.34682846069336,123.35323333740234,81.1371078491211,12.614113807678223,55.62554168701172,38.290809631347656,133.6327362060547,55.100311279296875,23.800399780273438,9.401963233947754,50.42156982421875,19.349288940429688,56.67958068847656,69.65521240234375,102.75313568115234,73.46378326416016,20.525598526000977,32.64731979370117,37.49229431152344,84.71056365966797,74.75531005859375
2014-06-11,34.46051025390625,20.63558006286621,75.54866027832031,63.26261901855469,41.966392517089844,58.37797927856445,77.55482482910156,39.321285247802734,28.459007263183594,62.85041046142578,17.556373596191406,21.148448944091797,109.55384826660156,35.86674880981445,75.23258209228516,17.579204559326172,20.379558563232422,61.44831085205078,84.00634765625,71.71626281738281,81.10393524169922,52.854515075683594,115.90459442138672,84.59437561035156,108.40708923339844,32.243370056152344,56.65821075439453,32.303977966308594,84.0108871459961,48.120243072509766,121.28190612792969,80.96681213378906,12.352641105651855,56.52067947387695,38.03596496582031,132.88571166992188,54.70265197753906,23.511051177978516,9.341160774230957,50.37430953979492,19.389678955078125,56.90178298950195,69.3777084350586,101.49932861328125,73.1739501953125,20.64192008972168,32.30015182495117,37.21360778808594,84.62825012207031,73.9224624633789
2014-06-12,34.224369049072266,20.29041290283203,74.97100830078125,63.082672119140625,41.79785919189453,58.15924835205078,78.13098907470703,39.27412796020508,28.364276885986328,62.449432373046875,17.568302154541016,21.171157836914062,108.93470001220703,35.394805908203125,74.7381362915039,17.312423706054688,20.264503479003906,60.385826110839844,83.2268295288086,70.77171325683594,79.58174133300781,52.25370788574219,114.25375366210938,84.49256896972656,107.64847564697266,32.09021759033203,55.67628479003906,32.24895477294922,83.34954071044922,47.64286804199219,119.88866424560547,80.69432830810547,12.21794319152832,56.352806091308594,37.65007781982422,133.31146240234375,54.41104507446289,23.540729522705078,9.131120681762695,48.8901481628418,19.078702926635742,57.53363800048828,68.2879409790039,99.24916076660156,72.54161071777344,20.235057830810547,31.43950843811035,36.83976745605469,83.79679870605469,73.15428924560547
2014-06-13,34.772544860839844,20.068359375,74.97100830078125,63.69698715209961,41.79785919189453,58.07172393798828,78.8434829711914,39.23370361328125,28.329191207885742,62.42798614501953,17.616025924682617,22.61740493774414,109.74018859863281,35.512779235839844,75.28502655029297,17.34050941467285,20.144084930419922,60.10862731933594,83.39555358886719,70.85485076904297,79.6712646484375,52.26911544799805,114.34017944335938,84.36896514892578,107.9678955078125,32.074100494384766,55.58837127685547,32.39339828491211,83.60672760009766,47.659053802490234,120.92069244384766,80.77095794677734,12.233792304992676,56.450740814208984,37.78840637207031,133.2552032470703,54.238739013671875,23.43686294555664,9.153230667114258,49.288204193115234,19.04235076904297,57.68640899658203,68.38272857666016,100.30368041992188,72.89070892333984,20.318395614624023,31.707090377807617,36.914546966552734,84.08078002929688,73.15428924560547
2014-06-16,35.00027084350586,20.2706241607666,74.91250610351562,63.864532470703125,41.67328643798828,58.108184814453125,79.63648986816406,39.11918640136719,28.53270149230957,62.68573760986328,17.663755416870117,22.723411560058594,109.61394500732422,35.521217346191406,75.7420425415039,17.22116470336914,20.160139083862305,60.747676849365234,83.37226867675781,70.87751007080078,79.70111083984375,52.44626235961914,114.55626678466797,84.46349334716797,107.0894546508789,32.16276931762695,55.79353713989258,32.51723098754883,83.31278228759766,47.60240936279297,121.73153686523438,80.36219024658203,12.107015609741211,56.485721588134766,37.198673248291016,133.22305297851562,54.07305145263672,23.5258846282959,9.191920280456543,49.44334030151367,19.014080047607422,58.10994338989258,68.4842529296875,100.93473052978516,73.07513427734375,20.494871139526367,31.98192596435547,36.84656524658203,83.56627655029297,73.07344818115234
2014-06-17,35.15209197998047,20.244239807128906,74.5322494506836,63.55426025390625,42.07630920410156,58.027976989746094,79.81616973876953,39.112449645996094,28.715160369873047,62.49241256713867,17.586200714111328,22.677974700927734,109.5598373413086,35.66447448730469,75.8694076538086,17.20009422302246,20.066484451293945,61.610008239746094,83.58750915527344,71.25533294677734,79.59663391113281,52.29222869873047,114.47845458984375,84.47079467773438,107.28910827636719,32.130523681640625,55.83750534057617,32.647918701171875,82.6697998046875,47.94224548339844,121.06814575195312,80.60914611816406,12.352641105651855,55.80033874511719,37.613670349121094,135.12689208984375,54.82857894897461,24.11199378967285,9.28036117553711,49.31517791748047,18.93734359741211,58.1516227722168,68.77528381347656,100.54447174072266,73.18051147460938,20.431140899658203,32.11934280395508,36.90095520019531,83.35633850097656,73.2593994140625
2014-06-18,35.12678146362305,20.266225814819336,75.17572021484375,63.746646881103516,42.340118408203125,58.18110275268555,80.71451568603516,39.348236083984375,29.16427230834961,63.65233612060547,17.723403930664062,22.662837982177734,110.3653564453125,36.07742691040039,75.92932891845703,17.291364669799805,20.256471633911133,62.141231536865234,83.95982360839844,71.17218780517578,80.2010726928711,52.939239501953125,114.50440979003906,85.43058013916016,107.36892700195312,32.541629791259766,56.687503814697266,33.060672760009766,83.20256805419922,48.5410270690918,120.73638153076172,81.37553405761719,12.400181770324707,55.57655334472656,37.890357971191406,136.44424438476562,55.33888626098633,24.23070526123047,9.30246639251709,51.32554626464844,19.0908145904541,58.49186706542969,69.573974609375,100.8350830078125,73.77994537353516,20.759563446044922,32.13381576538086,37.1660270690918,83.80087280273438,73.73648071289062
2014-06-19,35.00871658325195,20.19588279724121,75.90692901611328,63.684574127197266,41.988380432128906,58.509239196777344,81.77391052246094,39.27412796020508,29.325664520263672,64.51154327392578,17.651823043823242,22.783985137939453,109.89644622802734,35.8245964050293,76.348876953125,17.34752655029297,20.30196189880371,61.93336486816406,84.0528793334961,71.36109924316406,80.02942657470703,53.478416442871094,114.79826354980469,85.69236755371094,108.4156494140625,33.04945373535156,56.753475189208984,32.90934371948242,83.92823028564453,48.427738189697266,121.03863525390625,80.95829772949219,12.320947647094727,55.79334259033203,37.87578201293945,136.3397674560547,55.34552001953125,24.141674041748047,9.274832725524902,50.86006546020508,20.056058883666992,58.85982894897461,69.28970336914062,101.57408142089844,74.5044937133789,21.112503051757812,32.63285446166992,37.274776458740234,83.64862060546875,74.05186462402344
2014-06-20,35.15209197998047,19.987009048461914,76.9745101928711,64.42920684814453,42.17157745361328,58.283206939697266,81.99078369140625,39.691795349121094,29.255496978759766,63.795528411865234,17.76515769958496,22.867277145385742,109.13307189941406,34.40037536621094,76.35636138916016,17.4317684173584,20.251117706298828,61.725494384765625,84.44265747070312,71.6482162475586,81.61885833740234,52.66965866088867,114.17596435546875,87.96098327636719,108.5766830444336,32.92853546142578,56.26983642578125,32.87493896484375,84.37831115722656,50.191673278808594,121.92320251464844,81.3585205078125,12.249590873718262,56.78641128540039,38.50923156738281,136.42811584472656,55.166561126708984,23.956193923950195,9.214030265808105,50.28662872314453,20.128747940063477,59.269527435302734,69.3777084350586,102.5040283203125,74.20807647705078,21.137012481689453,32.45204544067383,37.13884353637695,84.20429229736328,74.4238052368164
2014-06-23,35.41353988647461,19.969419479370117,76.59428405761719,64.7705078125,42.640567779541016,57.984214782714844,82.38728332519531,39.40885543823242,29.283567428588867,63.28717803955078,17.568302154541016,22.889995574951172,109.48767852783203,34.636348724365234,76.348876953125,17.34050941467285,20.280550003051758,62.08732986450195,83.82020568847656,71.23265838623047,81.17111206054688,52.24600601196289,113.0955810546875,86.62307739257812,107.40921783447266,32.83180236816406,55.92544174194336,33.0193977355957,84.0108871459961,50.22406768798828,120.85435485839844,81.33296966552734,12.400232315063477,56.50667190551758,38.57475662231445,136.7494354248047,55.31901168823242,24.1268367767334,9.330106735229492,49.740169525146484,19.951051712036133,59.78330612182617,69.35062408447266,101.74011993408203,73.7140884399414,20.926233291625977,32.53160095214844,36.887351989746094,84.1219482421875,73.89822387695312
2014-06-24,35.21112060546875,19.848501205444336,76.47730255126953,63.746646881103516,42.07630920410156,57.612342834472656,81.63762664794922,39.01813888549805,29.367780685424805,63.04373550415039,17.478811264038086,23.09443473815918,108.73025512695312,34.349822998046875,76.01922607421875,17.22116470336914,20.328712463378906,61.9256591796875,83.23849487304688,70.28812408447266,80.44729614257812,52.338443756103516,111.62620544433594,86.37586212158203,107.00662994384766,32.60611343383789,55.309906005859375,33.22577667236328,82.92699432373047,50.078407287597656,119.79290771484375,80.4133071899414,12.281305313110352,56.513675689697266,38.2180061340332,135.13485717773438,54.92797088623047,23.76329803466797,9.379853248596191,48.896907806396484,19.85816192626953,58.880699157714844,68.85651397705078,100.1375961303711,73.50328063964844,20.759563446044922,32.025325775146484,36.49991989135742,83.57039642333984,73.28369140625
2014-06-25,35.447265625,19.86609649658203,77.33281707763672,63.38051986694336,42.156917572021484,57.83839797973633,81.3030776977539,39.65138244628906,29.444963455200195,63.42320251464844,17.7770938873291,23.382173538208008,108.63410949707031,34.09699249267578,76.12413024902344,17.35454750061035,20.23506736755371,62.00265121459961,83.56426239013672,70.43168640136719,80.91742706298828,52.338443756103516,109.8198013305664,86.83394622802734,106.36248016357422,32.80762481689453,55.29525375366211,34.20948028564453,84.60794830322266,50.97657012939453,119.74861907958984,80.59211730957031,12.265447616577148,57.206016540527344,38.2980842590332,135.2553253173828,55.36539077758789,23.911680221557617,9.506979942321777,50.05051803588867,19.87835693359375,59.450069427490234,69.3167724609375,100.22064208984375,73.37816619873047,20.602703094482422,31.743263244628906,35.18130111694336,84.16311645507812,73.37261962890625
2014-06-26,35.185829162597656,19.984813690185547,77.25240325927734,63.31223678588867,42.054351806640625,57.32796096801758,81.11103057861328,39.4290657043457,29.49407386779785,63.44468688964844,17.651823043823242,23.306455612182617,108.42371368408203,33.835758209228516,76.04923248291016,17.305402755737305,20.045072555541992,62.17203903198242,83.61077117919922,70.3183364868164,80.97709655761719,52.29991912841797,110.6495590209961,86.63036346435547,105.83912658691406,32.743141174316406,55.35386657714844,34.08565902709961,83.90983581542969,51.008934020996094,119.45380401611328,80.3025894165039,12.217876434326172,57.471771240234375,38.1306266784668,134.95816040039062,55.25935745239258,23.65943145751953,9.506979942321777,50.0775032043457,19.94701385498047,59.686119079589844,69.47245788574219,99.97154235839844,73.01586151123047,20.538976669311523,31.772188186645508,35.36482620239258,83.38519287109375,73.5923843383789
2014-06-27,35.632808685302734,20.222261428833008,76.76980590820312,62.803428649902344,42.156917572021484,57.61962127685547,80.7640609741211,38.75541305541992,29.606355667114258,63.55207824707031,17.699541091918945,23.4200382232666,109.22924041748047,34.15597915649414,76.0117416381836,17.34050941467285,20.160139083862305,62.464599609375,83.58750915527344,70.4694595336914,81.17111206054688,52.70814514160156,111.09900665283203,86.23042297363281,106.40276336669922,32.67866897583008,55.48577117919922,33.74171447753906,84.43343353271484,51.05747985839844,119.9329605102539,80.83909606933594,12.154447555541992,58.00326156616211,38.51652145385742,133.97015380859375,55.52445602416992,23.407180786132812,9.551201820373535,49.98979187011719,20.161060333251953,59.71389389038086,69.51982116699219,100.19573974609375,73.35839080810547,20.49976348876953,31.692630767822266,35.55513381958008,83.99022674560547,73.92613983154297
2014-06-30,35.16895294189453,20.43111801147461,76.49922180175781,62.474525451660156,42.222869873046875,57.30607986450195,80.88179016113281,38.970985412597656,29.72565269470215,63.96736526489258,17.705507278442383,23.397315979003906,108.96471405029297,34.15597915649414,75.47233581542969,17.445812225341797,20.087890625,62.33374786376953,83.32573699951172,70.23524475097656,81.0890121459961,52.51560974121094,109.96676635742188,86.07046508789062,105.79886627197266,32.968849182128906,55.22930908203125,33.37022018432617,84.47935485839844,50.30497360229492,118.48078918457031,80.7879867553711,12.186163902282715,57.98229217529297,38.26896667480469,134.50027465820312,55.941986083984375,23.985868453979492,9.529086112976074,50.010040283203125,19.963163375854492,59.52643966674805,69.4859848022461,99.33218383789062,73.25957489013672,20.5585880279541,31.902374267578125,35.71146774291992,86.5010986328125,73.70635986328125
2014-07-01,35.31232452392578,20.560832977294922,77.41324615478516,62.8964958190918,42.48114013671875,57.80921936035156,80.8755874633789,39.41558837890625,29.676530838012695,63.81700897216797,17.944122314453125,23.457889556884766,112.01839447021484,34.358245849609375,75.6671142578125,17.607280731201172,20.144084930419922,62.99586486816406,84.0936050415039,71.47445678710938,81.46215057373047,52.746681213378906,110.76191711425781,87.48110961914062,106.28197479248047,33.19456100463867,55.72024917602539,33.34943771362305,85.07640838623047,50.57198715209961,118.41435241699219,81.19671630859375,12.36851692199707,59.64672088623047,38.38545227050781,133.9941864013672,56.372772216796875,23.97845458984375,9.512506484985352,49.77391815185547,20.003555297851562,59.790279388427734,69.61458587646484,99.99642944335938,73.4571762084961,20.504671096801758,32.437583923339844,35.9561653137207,85.9701156616211,73.32379150390625
2014-07-02,35.33763122558594,20.552032470703125,77.40592193603516,63.02680206298828,42.03839874267578,58.013397216796875,80.68354034423828,39.77937316894531,29.676530838012695,64.20367431640625,18.117130279541016,23.457889556884766,113.24468994140625,34.50992965698242,75.31499481201172,17.70631980895996,20.23506736755371,63.11905288696289,84.48338317871094,71.2402114868164,81.753173828125,52.73896789550781,110.3038330078125,88.00459289550781,107.12740325927734,33.686275482177734,55.87415313720703,33.43259048461914,85.27848052978516,50.73382568359375,117.19075775146484,81.07752227783203,12.566731452941895,60.91252136230469,38.34177780151367,134.05845642089844,56.240234375,24.104576110839844,9.51803207397461,49.27468490600586,19.963163375854492,59.6166877746582,70.08837890625,99.42350769042969,73.40447235107422,20.524276733398438,32.77750778198242,36.03092575073242,85.74370574951172,73.54357147216797
2014-07-03,35.25328826904297,20.6729679107666,77.08421325683594,63.659751892089844,42.097442626953125,58.31965255737305,81.27828979492188,39.88043212890625,29.634435653686523,64.4542465209961,18.212568283081055,23.579042434692383,113.3288345336914,34.83860778808594,75.65213012695312,17.819501876831055,20.26984977722168,63.172943115234375,84.58805084228516,71.69357299804688,82.88735961914062,53.0085563659668,111.07306671142578,89.32798767089844,108.13387298583984,33.76686096191406,56.29914474487305,33.57120895385742,86.03170013427734,51.025115966796875,117.86895751953125,81.614013671875,12.709444999694824,61.47197341918945,38.589332580566406,136.12290954589844,56.75050354003906,24.201026916503906,9.573307037353516,49.90884780883789,20.056058883666992,59.991634368896484,70.31173706054688,100.62750244140625,73.6943130493164,20.77916717529297,33.10296630859375,36.058128356933594,86.50519561767578,74.38195037841797
2014-07-07,35.41353988647461,21.099475860595703,77.85195922851562,63.69698715209961,41.817020416259766,58.47278594970703,80.83222198486328,39.42233657836914,29.571271896362305,64.33968353271484,18.188711166381836,23.495746612548828,113.03430938720703,34.5596809387207,75.04529571533203,17.84779930114746,20.35547637939453,62.68789291381836,84.29722595214844,71.31575775146484,82.20086669921875,53.039363861083984,111.57437133789062,87.3720474243164,107.69102478027344,33.460567474365234,56.181915283203125,33.2732048034668,84.90187072753906,50.660987854003906,116.68954467773438,81.23928833007812,12.638091087341309,60.98944091796875,38.22529220581055,134.77337646484375,56.4456787109375,24.030384063720703,9.573307037353516,49.638999938964844,19.979320526123047,59.78330612182617,69.87855529785156,99.73074340820312,73.8655776977539,20.89191436767578,33.63093566894531,36.30960464477539,85.77254486083984,73.90171813964844
2014-07-08,35.23641586303711,20.96316909790039,77.3035659790039,63.80868148803711,41.145530700683594,58.74256896972656,80.47908782958984,39.186553955078125,29.43091583251953,64.24661254882812,17.985889434814453,23.314016342163086,112.5413818359375,34.28076934814453,74.9853515625,17.734617233276367,20.51068115234375,62.17975616455078,84.0936050415039,71.18729400634766,81.67855072021484,53.53233337402344,109.58645629882812,87.22659301757812,106.16120910644531,33.08977127075195,56.07933044433594,33.16924285888672,84.43343353271484,50.53963088989258,115.88602447509766,80.53252410888672,12.3526611328125,60.919525146484375,38.04325866699219,132.4679718017578,56.014888763427734,23.555564880371094,9.457233428955078,47.97941207885742,19.77739143371582,59.741676330566406,69.64842987060547,99.09969329833984,74.09613037109375,20.936037063598633,33.22591781616211,36.371253967285156,85.1221923828125,73.3563232421875
2014-07-09,35.143653869628906,20.971960067749023,77.53753662109375,64.25545501708984,41.33737564086914,59.55196762084961,81.40221405029297,39.44254684448242,29.437946319580078,64.2752456665039,17.926227569580078,23.389738082885742,113.26275634765625,34.0272216796875,75.71955871582031,17.996360778808594,20.660533905029297,62.156654357910156,84.16343688964844,71.4366683959961,82.1859359741211,53.64787292480469,109.58645629882812,86.9430160522461,105.95990753173828,33.267112731933594,56.30646896362305,33.21083068847656,84.98455810546875,50.669090270996094,116.41677856445312,80.89968872070312,12.36851692199707,62.017478942871094,37.999568939208984,132.2751922607422,55.676883697509766,23.748464584350586,9.634105682373047,48.539344787597656,19.906627655029297,59.57503128051758,69.70257568359375,99.47332763671875,74.4715576171875,20.980152130126953,33.377803802490234,36.48085403442383,85.54203033447266,72.5749282836914
2014-07-10,35.1605224609375,20.895015716552734,77.362060546875,63.64732360839844,40.997962951660156,59.50819396972656,80.69591522216797,39.46273422241211,29.655481338500977,64.51154327392578,17.896411895751953,23.66990089416504,112.82992553710938,34.077945709228516,75.35244750976562,17.996360778808594,20.620391845703125,61.13264083862305,83.703857421875,71.2402114868164,81.60392761230469,53.47071075439453,109.58645629882812,86.4921875,105.4767837524414,33.242916107177734,56.137943267822266,33.619720458984375,84.78247833251953,50.59626007080078,116.60107421875,80.66060638427734,12.241663932800293,62.199302673339844,37.72288513183594,131.27110290527344,54.07305145263672,23.50362777709961,9.562252044677734,48.25600051879883,19.77739143371582,59.48476028442383,69.10018920898438,99.57298278808594,74.30689239501953,21.053682327270508,34.245689392089844,36.31645965576172,85.36502838134766,71.72836303710938
2014-07-11,35.497867584228516,20.93458366394043,76.85017395019531,63.132301330566406,41.17504119873047,59.18008804321289,79.59313201904297,39.368431091308594,29.451982498168945,64.33252716064453,17.93816375732422,23.662330627441406,113.01023864746094,33.9173583984375,75.19514465332031,18.052947998046875,20.556171417236328,61.29434585571289,83.94819641113281,71.70870208740234,82.05162048339844,53.54774856567383,110.71004486083984,87.08845520019531,106.8858642578125,33.4698371887207,56.350460052490234,33.69595718383789,85.75614929199219,50.84709930419922,118.17118072509766,80.66913604736328,12.194090843200684,62.05244445800781,37.489898681640625,132.379638671875,54.06642532348633,23.303316116333008,9.656216621398926,48.34370040893555,19.716814041137695,58.832088470458984,69.39800262451172,101.02605438232422,74.1751480102539,21.288969039916992,34.60731887817383,36.241111755371094,85.62845611572266,72.06208801269531
2014-07-14,35.540042877197266,21.204999923706055,77.0549545288086,63.7155876159668,41.536624908447266,59.29673767089844,80.08258819580078,39.19329071044922,29.73969268798828,65.21321868896484,18.039579391479492,23.844057083129883,114.12835693359375,34.22161865234375,75.27005767822266,17.996360778808594,20.483928680419922,61.1788444519043,84.34956359863281,72.3434066772461,82.14862823486328,53.75570297241211,111.9460220336914,86.51402282714844,107.32869720458984,33.8912353515625,56.6362190246582,34.01475143432617,86.54609680175781,50.98465347290039,119.27686309814453,80.7288818359375,12.344735145568848,62.83570098876953,37.35884094238281,134.14678955078125,54.62312698364258,23.60007667541504,9.700434684753418,48.22903060913086,19.89451026916504,59.602806091308594,70.02071380615234,101.58238220214844,74.4452133178711,21.2497615814209,34.76643371582031,36.33015823364258,85.61201477050781,72.04579162597656
2014-07-15,35.801490783691406,20.95657730102539,75.51940155029297,63.535621643066406,42.997684478759766,59.252986907958984,80.08258819580078,39.011390686035156,29.543203353881836,64.683349609375,18.140981674194336,24.010644912719727,113.3048095703125,34.263885498046875,75.14270782470703,18.159055709838867,20.561519622802734,61.48680114746094,84.38446807861328,72.5096435546875,81.96955108642578,53.655555725097656,111.5830078125,84.97248077392578,107.12740325927734,33.36446762084961,56.72417449951172,33.758338928222656,86.38994598388672,50.86329650878906,119.87394714355469,80.65203094482422,12.535017967224121,62.24125671386719,37.387969970703125,135.88995361328125,54.46406173706055,23.741043090820312,9.694906234741211,48.296478271484375,19.92278289794922,58.81819534301758,70.58928680419922,102.25495147705078,74.95240783691406,20.470348358154297,34.383113861083984,36.25481033325195,84.6117935180664,72.0865478515625
2014-07-16,37.17619705200195,20.83785057067871,74.74432373046875,64.3919906616211,43.32235336303711,59.49113845825195,81.09242248535156,39.17308044433594,29.557239532470703,64.79793548583984,18.469083786010742,26.236797332763672,115.63115692138672,34.0272216796875,74.37104034423828,18.378353118896484,20.566871643066406,61.332847595214844,85.03018188476562,72.83456420898438,83.12616729736328,53.77168655395508,110.13096618652344,85.59056091308594,108.7779769897461,33.267234802246094,56.44570541381836,33.820709228515625,86.30728912353516,50.82282638549805,119.08524322509766,80.66913604736328,12.297160148620605,60.84258270263672,37.256900787353516,136.9342041015625,54.285133361816406,24.11199378967285,9.838616371154785,48.181800842285156,19.93086051940918,60.1930046081543,70.74492645263672,102.28813934326172,75.24881744384766,20.49976348876953,34.54221725463867,36.35755157470703,84.7064208984375,72.81097412109375
2014-07-17,37.55571746826172,20.46629524230957,73.39158630371094,63.48600769042969,42.69512939453125,59.094242095947266,80.59058380126953,38.802574157714844,29.487062454223633,64.43276977539062,18.22450065612793,25.517457962036133,115.7092514038086,33.73139953613281,73.69674682617188,18.130760192871094,20.499977111816406,61.24814224243164,83.50023651123047,71.9126968383789,81.90216827392578,53.11359405517578,108.79991149902344,83.90361022949219,107.12740325927734,33.956077575683594,55.97137451171875,33.55734634399414,86.79411315917969,50.37778854370117,118.92305755615234,79.40532684326172,12.051380157470703,59.49285888671875,36.900123596191406,136.6691436767578,53.28438949584961,23.963613510131836,9.805452346801758,47.34526062011719,19.9025821685791,59.296695709228516,69.47921752929688,101.76505279541016,74.21466827392578,20.382123947143555,34.22398376464844,36.15207290649414,85.49264526367188,71.16671752929688
2014-07-18,37.69065856933594,20.760900497436523,74.43720245361328,63.746646881103516,42.9681510925293,59.20447540283203,80.78266906738281,39.30107116699219,29.774782180786133,64.50434875488281,18.331880569458008,25.517457962036133,115.7153091430664,33.80746841430664,74.1612548828125,18.32883644104004,20.628416061401367,61.65618896484375,84.25067901611328,73.15947723388672,82.7281723022461,53.34587860107422,110.32110595703125,86.01956176757812,106.52351379394531,34.62870788574219,56.971527099609375,34.04248046875,88.47505187988281,51.35687255859375,119.77816009521484,79.8664779663086,12.281305313110352,62.3741569519043,37.33698654174805,137.73745727539062,53.841102600097656,24.215864181518555,9.794401168823242,48.55284881591797,20.03182601928711,59.35270309448242,70.2711181640625,102.8527603149414,74.623046875,20.67133140563965,34.788124084472656,36.343849182128906,86.2541275024414,71.32951354980469
2014-07-21,37.81715774536133,20.653173446655273,74.0496597290039,63.96380615234375,42.97553634643555,59.00602340698242,81.34024810791016,39.07204055786133,29.753721237182617,64.3754653930664,18.105194091796875,25.790050506591797,114.72345733642578,33.81592559814453,73.08246612548828,18.28639030456543,20.54279899597168,61.37132263183594,83.94237518310547,73.55240631103516,82.77320861816406,53.23746871948242,110.89156341552734,86.55037689208984,104.59114074707031,34.81511306762695,56.655311584472656,33.90387725830078,87.7493896484375,51.494422912597656,120.13933563232422,79.31141662597656,12.30509090423584,62.14336395263672,37.169532775878906,137.93829345703125,53.85436248779297,24.149091720581055,9.783345222473145,48.35044860839844,19.98336410522461,59.19163131713867,70.43356323242188,103.89070129394531,73.97756958007812,20.592899322509766,34.77366638183594,36.20685577392578,85.92484283447266,71.33766174316406
2014-07-22,37.8087272644043,20.824663162231445,74.92713165283203,64.24925231933594,43.2928352355957,58.87372970581055,82.13945007324219,39.36170959472656,28.904630661010742,63.84564971923828,18.188711166381836,26.342802047729492,116.67105865478516,34.1709098815918,72.12345886230469,18.357126235961914,20.50800323486328,62.0103759765625,84.41938018798828,73.43904876708984,82.64556121826172,53.10585021972656,112.13616943359375,88.06278991699219,104.75215911865234,34.92047882080078,57.26567840576172,34.04248046875,88.53935241699219,51.55915832519531,123.74395751953125,79.72982788085938,12.30509090423584,62.472042083740234,37.387969970703125,140.58909606933594,54.32489776611328,24.416179656982422,9.849674224853516,49.15324783325195,20.262027740478516,60.23501205444336,70.71786499023438,105.06145477294922,71.6918716430664,20.553686141967773,34.860450744628906,36.26851272583008,86.4846420288086,71.9562759399414
2014-07-23,37.842464447021484,21.36770248413086,74.72235870361328,64.6898193359375,43.53634262084961,58.79289245605469,82.94486999511719,39.14613342285156,28.637958526611328,65.02705383300781,18.129053115844727,26.12321662902832,116.39456176757812,34.06947326660156,71.43426513671875,18.166135787963867,20.60166358947754,62.37992858886719,84.16343688964844,72.99325561523438,81.384033203125,52.780662536621094,109.51730346679688,88.71723175048828,104.3093032836914,34.82321548461914,57.456886291503906,34.181095123291016,88.91596984863281,51.98800277709961,123.91352081298828,79.65298461914062,12.30509090423584,63.17837905883789,37.3734130859375,142.0349884033203,54.51047134399414,24.742626190185547,9.827563285827637,49.18026351928711,20.262027740478516,60.753204345703125,70.62307739257812,105.12789154052734,72.12662506103516,20.45075225830078,34.925537109375,36.23426055908203,86.56694793701172,71.18299865722656
2014-07-24,37.44609451293945,21.332523345947266,74.72970581054688,64.70843505859375,43.66177749633789,58.99131774902344,83.54584503173828,39.21349334716797,28.750240325927734,65.80748748779297,18.09922981262207,25.933923721313477,117.36236572265625,34.204708099365234,71.43426513671875,18.272241592407227,20.430402755737305,62.518524169921875,84.4251937866211,72.54741668701172,78.87596893310547,52.73421096801758,107.52073669433594,88.89897918701172,104.43009948730469,34.758384704589844,58.01580810546875,34.278133392333984,88.87002563476562,52.08511734008789,125.2919692993164,79.54198455810547,12.384376525878906,63.3182487487793,37.562713623046875,141.5851593017578,53.23798751831055,24.779714584350586,9.860725402832031,49.30168151855469,20.59723472595215,60.3961067199707,70.4538803100586,106.21560668945312,72.12004852294922,20.60760498046875,35.02679443359375,36.26851272583008,86.44760131835938,70.8004379272461
2014-07-25,37.53041076660156,21.473228454589844,74.66387939453125,64.02584838867188,43.54372024536133,58.476810455322266,82.75282287597656,39.17308044433594,28.77129364013672,65.54972839355469,18.009746551513672,25.933923721313477,116.85737609863281,34.086387634277344,71.71147155761719,18.37127685546875,20.328712463378906,62.387638092041016,84.41938018798828,72.35851287841797,78.7332992553711,52.33160400390625,106.48355865478516,89.3207015991211,103.82623291015625,34.879947662353516,58.18492126464844,34.22960662841797,87.96068572998047,51.60771179199219,125.34355926513672,78.50018310546875,12.36059284210205,62.828712463378906,37.56998062133789,140.89434814453125,53.21150207519531,24.661012649536133,9.739126205444336,49.44334030151367,20.480119705200195,60.16500473022461,70.10193634033203,105.9167251586914,71.48767852783203,20.460552215576172,34.80259704589844,36.17261505126953,85.97420501708984,70.14110565185547
2014-07-28,37.083431243896484,21.770036697387695,74.66387939453125,64.76428985595703,43.67654800415039,58.25633239746094,82.54833984375,39.05181884765625,28.546741485595703,65.13443756103516,17.956056594848633,25.918771743774414,117.68696594238281,34.27232360839844,71.75638580322266,18.33591079711914,20.259151458740234,62.41841506958008,84.65787506103516,71.9126968383789,78.20767974853516,52.13029479980469,106.36256408691406,89.18260192871094,103.0210952758789,34.790794372558594,57.64073181152344,34.51375961303711,88.98026275634766,51.292144775390625,125.31403350830078,78.44041442871094,12.28923511505127,63.96163558959961,37.56998062133789,141.3361358642578,53.18497085571289,24.534881591796875,9.750182151794434,48.20203399658203,20.245872497558594,59.653831481933594,69.4859848022461,106.10765838623047,71.3427734375,20.41643524169922,34.76643371582031,36.21371841430664,85.89190673828125,70.01084899902344
2014-07-29,37.015960693359375,21.62932586669922,74.55420684814453,64.25545501708984,43.27069854736328,57.80797576904297,82.04032897949219,39.46273422241211,28.31515884399414,64.54019165039062,17.735332489013672,25.88848114013672,116.95960998535156,34.339942932128906,71.78636932373047,18.187353134155273,20.186904907226562,62.34913635253906,83.77947998046875,70.86238861083984,78.61316680908203,51.3792839050293,105.72295379638672,89.66249084472656,102.45744323730469,34.64492416381836,57.2215576171875,35.35234832763672,86.92269134521484,50.79045486450195,124.82020568847656,78.31233978271484,12.162378311157227,65.0316390991211,37.526302337646484,141.00677490234375,52.59511947631836,24.296751022338867,9.711487770080566,47.33177185058594,20.298376083374023,59.317691802978516,66.91392517089844,104.92857360839844,70.53916931152344,20.362512588500977,34.404808044433594,35.967132568359375,84.37715148925781,69.86436462402344
2014-07-30,36.75450897216797,21.578758239746094,74.80282592773438,64.06928253173828,43.46993637084961,57.44783020019531,82.10848999023438,39.125919342041016,27.802892684936523,63.65947341918945,17.60895347595215,26.00963592529297,116.61695861816406,34.61885452270508,71.88372802734375,18.130760192871094,20.01028823852539,62.94970703125,83.61660766601562,71.0815200805664,77.62947082519531,51.185699462890625,105.69700622558594,94.53425598144531,103.22233581542969,34.73406219482422,57.17008590698242,35.42858123779297,85.8847427368164,50.669090270996094,125.44676208496094,77.62921142578125,12.3526611328125,65.59111785888672,37.934043884277344,141.18350219726562,52.84035110473633,24.810216903686523,9.71983814239502,47.824256896972656,20.08432960510254,59.261680603027344,67.24559783935547,104.49681854248047,69.88706970214844,20.156625747680664,33.80451583862305,35.37807083129883,84.14664459228516,69.53875732421875
2014-07-31,36.40028762817383,21.018125534057617,73.18684387207031,61.394840240478516,42.5549201965332,56.83041000366211,80.07017517089844,38.22322463989258,27.57131576538086,63.079532623291016,17.27194595336914,25.661325454711914,115.21637725830078,34.13709259033203,70.84239959716797,17.84779930114746,19.68918228149414,62.24905014038086,81.95869445800781,69.38890838623047,75.65455627441406,49.08747863769531,104.13261413574219,92.62918090820312,101.24970245361328,34.13436508178711,56.15522766113281,35.082061767578125,82.70654296875,49.40680694580078,123.08047485351562,75.14430236816406,12.091022491455078,64.02459716796875,37.06031799316406,138.8620147705078,51.46847915649414,24.066059112548828,9.474894523620605,46.394046783447266,19.78142547607422,57.77014923095703,65.71589660644531,102.35457611083984,68.418212890625,19.90172576904297,33.5586051940918,34.35062789916992,81.64813232421875,69.27826690673828
2014-08-01,36.14727783203125,21.134662628173828,73.04791259765625,61.30793762207031,41.676822662353516,58.5429801940918,79.239990234375,38.26364517211914,27.57131576538086,63.086692810058594,17.36823272705078,25.547748565673828,113.7015609741211,33.47786331176758,70.6476058959961,17.68509864807129,19.678476333618164,61.40211868286133,81.50494384765625,69.19245147705078,75.48184204101562,49.51333236694336,104.04619598388672,91.291259765625,102.05484008789062,34.061431884765625,56.25080108642578,34.52068328857422,83.36788940429688,49.09933090209961,123.19105529785156,73.83780670166016,11.876951217651367,63.989620208740234,36.65986251831055,136.7574920654297,51.46847915649414,23.51538848876953,9.357989311218262,47.58139419555664,19.890474319458008,56.50971984863281,65.67527770996094,102.894287109375,69.09664916992188,19.85271644592285,33.68156433105469,34.884891510009766,81.66049194335938,69.15618896484375
2014-08-04,36.577392578125,21.015932083129883,73.23804473876953,62.13323211669922,41.80227279663086,58.22693634033203,79.40727233886719,38.43878936767578,27.64850425720215,64.21795654296875,17.302032470703125,25.782482147216797,113.99608612060547,33.89200973510742,70.65509796142578,17.80535316467285,19.678476333618164,61.61770248413086,81.87724304199219,69.03376770019531,76.45050048828125,49.3662223815918,103.6572494506836,93.54536437988281,101.73278045654297,34.353172302246094,56.89796829223633,34.63850784301758,84.3323745727539,49.86802291870117,124.05353546142578,74.23062896728516,11.932449340820312,64.46516418457031,37.1258430480957,137.91416931152344,51.40884780883789,23.686542510986328,9.474894523620605,48.64729309082031,19.93490219116211,57.40604019165039,65.77682495117188,102.42929077148438,69.31401824951172,19.96546173095703,33.956382751464844,35.13147735595703,82.5783920288086,69.40850830078125
2014-08-05,36.33281707763672,20.912599563598633,72.98942565917969,60.935646057128906,41.36690902709961,58.3665885925293,77.41851043701172,37.744930267333984,27.4941349029541,63.86711502075195,17.097412109375,25.01643180847168,112.46923828125,33.77366256713867,69.99584197998047,17.663875579833984,19.62496566772461,61.61770248413086,81.31297302246094,68.9430923461914,76.2177505493164,49.37397003173828,104.81542205810547,92.98546600341797,100.72633361816406,33.85883331298828,56.82442855834961,34.20881652832031,83.46895599365234,49.253082275390625,123.05107116699219,73.7439193725586,11.892805099487305,64.52811431884766,36.69627380371094,136.09075927734375,51.09733581542969,23.373994827270508,9.391393661499023,46.630149841308594,19.67238426208496,55.83748245239258,65.3233413696289,102.18852996826172,68.9122085571289,19.88702392578125,35.12081527709961,34.850643157958984,81.58641052246094,69.42478942871094
2014-08-06,36.04607009887695,20.877422332763672,73.64019012451172,61.41964340209961,41.492347717285156,59.60138702392578,77.89556884765625,37.67755889892578,28.013418197631836,64.80508422851562,17.01918601989746,25.039304733276367,112.4511489868164,33.94270706176758,70.02578735351562,17.635578155517578,19.985889434814453,61.99494171142578,81.17916870117188,68.42929077148438,76.21025085449219,50.17142868041992,102.90242004394531,92.41104888916016,102.41717529296875,33.8507194519043,56.6479377746582,34.291988372802734,84.02007293701172,49.44725799560547,120.19093322753906,73.77806854248047,12.051380157470703,64.89175415039062,36.70359802246094,136.34779357910156,51.494998931884766,23.48562240600586,9.45262622833252,39.94462585449219,19.87835693359375,56.44670867919922,64.79537200927734,100.45313262939453,70.28887176513672,20.3085880279541,35.178680419921875,35.42601776123047,81.86629486083984,69.5224838256836
2014-08-07,36.45932388305664,20.875219345092773,73.06982421875,60.97907257080078,41.25621795654297,58.90312576293945,77.84600830078125,37.482200622558594,27.61343002319336,64.36832427978516,16.87474822998047,24.90972137451172,111.44129180908203,33.528564453125,69.90592193603516,17.586057662963867,19.91855812072754,61.956443786621094,80.93486785888672,68.73150634765625,76.54814910888672,49.90044021606445,104.20674896240234,91.43669891357422,102.65873718261719,33.65622329711914,55.97137451171875,33.716758728027344,81.5216064453125,48.832313537597656,120.11724090576172,73.45357513427734,11.98795223236084,64.37425994873047,36.43965530395508,135.8336944580078,50.90513610839844,23.336793899536133,9.363557815551758,41.064491271972656,19.77739143371582,55.732444763183594,64.33509826660156,99.88850402832031,69.93978118896484,20.171335220336914,35.09187698364258,35.124629974365234,81.49456024169922,69.4898910522461
2014-08-08,36.43400955200195,20.932666778564453,73.91072845458984,61.89124298095703,41.573524475097656,59.49846267700195,79.2151870727539,38.09523010253906,27.683597564697266,64.64757537841797,17.055294036865234,24.848739624023438,112.8502197265625,33.75674819946289,70.08572387695312,17.70631980895996,20.112489700317383,63.46553039550781,81.9354248046875,70.05387878417969,77.55436706542969,50.46566390991211,104.89369201660156,92.3092269897461,103.3028564453125,33.7859001159668,57.2215576171875,34.090999603271484,83.22093200683594,49.34208297729492,122.2180404663086,74.69175720214844,12.051380157470703,64.65399169921875,36.65959548950195,138.3720245361328,51.766693115234375,23.775840759277344,9.51386547088623,40.94981002807617,19.955089569091797,56.95087432861328,64.93753051757812,102.01412200927734,70.68408203125,20.40663719177246,35.46798324584961,35.59724807739258,82.69231414794922,70.8004379272461
2014-08-11,36.43400955200195,21.208852767944336,73.96922302246094,61.691314697265625,41.55875015258789,59.88804244995117,79.12227630615234,38.16932678222656,27.76780128479004,65.72157287597656,17.001127243041992,25.168874740600586,113.35812377929688,33.73985290527344,70.07074737548828,17.84779930114746,20.028987884521484,63.81199264526367,81.77836608886719,70.39389038085938,78.47050476074219,50.372745513916016,105.04151916503906,92.5782699584961,103.82623291015625,34.077640533447266,57.626033782958984,34.02169418334961,82.67899322509766,49.42299270629883,122.47608947753906,74.24771118164062,12.067232131958008,64.9826889038086,36.57896423339844,138.53273010253906,51.95228958129883,23.87258529663086,9.55840015411377,41.82007598876953,20.294334411621094,56.57975769042969,65.02550506591797,102.53723907470703,71.17810821533203,20.592899322509766,36.024879455566406,35.9191780090332,82.26278686523438,70.94694519042969
2014-08-12,36.70390319824219,21.204429626464844,73.58170318603516,61.54133605957031,41.58089065551758,59.84392547607422,78.73814392089844,38.41858673095703,27.845003128051758,65.30630493164062,16.898813247680664,25.252727508544922,113.27953338623047,33.72296142578125,70.09318542480469,17.791208267211914,19.99127769470215,63.84278106689453,81.95285034179688,70.2049789428711,78.34284210205078,49.87723159790039,104.75455474853516,92.29335021972656,103.10157012939453,33.68864822387695,57.85398864746094,33.945457458496094,83.10153198242188,49.65764617919922,122.20332336425781,74.35873413085938,12.059305191040039,65.29039764404297,36.4983024597168,138.42828369140625,51.925777435302734,23.820491790771484,9.580666542053223,41.934757232666016,20.23779296875,56.31366729736328,65.25566101074219,102.15530395507812,70.8883285522461,20.568387985229492,35.90193176269531,35.946571350097656,82.4073257446289,70.39344024658203
2014-08-13,37.17619705200195,21.485031127929688,74.39337921142578,61.916255950927734,41.85391616821289,59.88804244995117,79.05412292480469,38.970985412597656,28.02745246887207,65.68576049804688,16.9770565032959,25.992094039916992,113.64834594726562,34.01033401489258,70.39291381835938,17.82657241821289,19.940101623535156,63.99679183959961,82.48805236816406,71.23265838623047,78.96609497070312,49.84625244140625,106.06758880615234,93.03856658935547,103.98725891113281,34.166778564453125,58.0305061340332,34.077125549316406,83.90066528320312,49.42111587524414,124.64322662353516,74.63196563720703,12.091022491455078,65.72398376464844,36.65227508544922,138.46047973632812,52.06493377685547,23.82793617248535,9.69757080078125,42.13039779663086,20.15472984313965,56.64277648925781,65.39778900146484,103.92391967773438,71.09905242919922,20.622312545776367,36.19121551513672,35.99452590942383,83.43159484863281,68.77359771728516
2014-08-14,37.336448669433594,21.54248809814453,74.59805297851562,61.916255950927734,42.045780181884766,60.23347854614258,78.65760040283203,39.59748458862305,28.19586181640625,65.72157287597656,17.289995193481445,25.870134353637695,113.6060562133789,33.993408203125,70.16812896728516,17.35968589782715,20.037067413330078,64.56653594970703,82.80217742919922,71.32331085205078,79.34156036376953,49.714630126953125,107.91971588134766,96.34103393554688,104.18854522705078,34.30455780029297,58.31730651855469,34.527626037597656,85.39790344238281,49.91050338745117,124.94548034667969,74.52098083496094,12.146517753601074,67.38842010498047,36.93822479248047,138.7495880126953,52.05833435058594,23.939558029174805,9.703139305114746,41.99547576904297,20.48294448852539,56.13859939575195,65.47957611083984,103.79935455322266,71.19127655029297,20.7154483795166,36.140594482421875,36.15207290649414,83.24989318847656,69.09920501708984
2014-08-15,37.77499008178711,21.648536682128906,73.97654724121094,61.878746032714844,41.87605667114258,60.10854721069336,78.788818359375,39.48295593261719,28.68708610534668,65.76453399658203,17.235836029052734,26.045440673828125,113.30374908447266,34.04411697387695,70.26554870605469,17.28187370300293,19.905092239379883,64.43566131591797,82.557861328125,71.20242309570312,79.40160369873047,49.65269470214844,107.09366607666016,97.02782440185547,103.22233581542969,34.08573913574219,58.0305061340332,34.430599212646484,85.02129364013672,49.625022888183594,124.6948471069336,73.94886016845703,12.067232131958008,69.57734680175781,36.813575744628906,138.0828857421875,51.52813720703125,23.97676658630371,9.636337280273438,41.65816116333008,20.328964233398438,56.45367431640625,66.01118469238281,103.68311309814453,70.95415496826172,20.686037063598633,35.9742431640625,36.069862365722656,83.53897857666016,69.02595520019531
2014-08-18,38.04487228393555,21.909257888793945,75.0953140258789,62.1849479675293,42.23025894165039,60.59364700317383,78.91377258300781,39.35496520996094,29.016895294189453,65.97932434082031,17.356201171875,26.22838592529297,114.50093841552734,34.3484001159668,70.61016845703125,17.423358917236328,20.064010620117188,64.35865020751953,83.83763885498047,71.98074340820312,80.332763671875,50.032081604003906,108.67621612548828,97.33465576171875,104.95344543457031,34.22351837158203,58.20698928833008,34.64543151855469,85.56324005126953,50.04100036621094,126.4344711303711,74.4270248413086,12.249590873718262,70.4375228881836,37.16551208496094,140.2115478515625,52.23726272583008,24.26698112487793,9.703139305114746,41.8740348815918,20.337068557739258,55.557403564453125,66.53604125976562,105.2275161743164,71.56016540527344,20.833093643188477,36.010406494140625,36.29591369628906,84.15848541259766,70.09227752685547
2014-08-19,38.469207763671875,22.21194839477539,75.28544616699219,62.16617202758789,42.4737663269043,60.77739715576172,79.7447738647461,39.68505859375,28.9537410736084,65.77165985107422,17.416372299194336,26.17503547668457,114.93028259277344,34.99917984008789,70.75999450683594,17.43043327331543,20.16904640197754,67.93115997314453,83.91329193115234,71.91239166259766,80.57303619384766,49.75334930419922,109.19794464111328,97.18856811523438,104.87294006347656,34.47474670410156,58.486454010009766,34.860286712646484,86.05006408691406,50.70167922973633,126.88417053222656,75.24678802490234,12.249590873718262,70.82917785644531,37.290157318115234,139.73765563964844,52.151126861572266,24.207454681396484,9.664169311523438,42.15724182128906,20.42216682434082,55.95653533935547,66.97904205322266,105.45997619628906,71.44160461425781,20.931135177612305,36.11215591430664,36.460304260253906,84.51370239257812,69.76667022705078
2014-08-20,38.14672088623047,22.220792770385742,75.46822357177734,62.29740905761719,42.53279113769531,60.865604400634766,79.65731811523438,40.06903839111328,28.946720123291016,66.03661346435547,17.386289596557617,26.29698944091797,114.94842529296875,34.863948822021484,70.56523132324219,17.479948043823242,20.19060707092285,69.87138366699219,84.6184310913086,72.70958709716797,80.8734130859375,50.070777893066406,110.737060546875,96.9401626586914,106.12095642089844,34.15058135986328,58.5452880859375,34.680091857910156,86.29808807373047,50.579345703125,129.22830200195312,75.56275939941406,12.30509090423584,70.48648834228516,37.28282165527344,139.79385375976562,52.681270599365234,24.21489715576172,9.69200611114502,42.05548858642578,20.47484016418457,56.36967086791992,67.34027862548828,106.42318725585938,71.5140609741211,20.813488006591797,36.19210433959961,36.59043884277344,84.28651428222656,69.8968734741211
2014-08-21,38.375850677490234,22.222999572753906,76.184814453125,62.03496170043945,43.16739273071289,61.211036682128906,79.93224334716797,39.64463806152344,29.059011459350586,65.90772247314453,17.344154357910156,26.792442321777344,115.63169860839844,35.14286804199219,70.8199234008789,17.607276916503906,20.349517822265625,70.17935180664062,84.55992126464844,72.83860778808594,81.07618713378906,50.1791877746582,110.86750030517578,96.83053588867188,106.40276336669922,34.29644012451172,58.08197784423828,34.64543151855469,86.31644439697266,50.59564971923828,129.07351684570312,76.11780548095703,12.812517166137695,71.52152252197266,37.60541915893555,140.69351196289062,52.873504638671875,24.579530715942383,9.686436653137207,41.4246711730957,20.442424774169922,56.70576095581055,67.07447052001953,106.30696105957031,71.91584777832031,20.87230682373047,36.02495193481445,36.453453063964844,84.69953155517578,70.17366027832031
2014-08-22,38.31645202636719,22.386499404907227,75.89768981933594,61.54759216308594,43.160011291503906,61.291866302490234,79.41988372802734,39.860206604003906,28.85549545288086,65.58551788330078,17.404342651367188,26.63235855102539,115.13585662841797,35.18513107299805,70.75999450683594,17.43750762939453,20.398006439208984,70.08695220947266,84.34339904785156,72.55013275146484,80.58055114746094,49.99336624145508,110.83272552490234,97.04243469238281,105.27550506591797,34.126251220703125,58.27317810058594,34.777103424072266,85.55404663085938,50.83219909667969,129.11032104492188,75.8957748413086,12.788732528686523,72.70341491699219,37.52476119995117,140.95054626464844,52.81386184692383,24.90696144104004,9.55840015411377,41.411094665527344,20.381649017333984,56.18761444091797,66.63824462890625,105.94991302490234,71.64576721191406,20.87721061706543,35.71244812011719,36.1041259765625,84.48063659667969,68.99337768554688
2014-08-25,38.33341598510742,22.43511199951172,75.9934310913086,61.703800201416016,43.787227630615234,61.40212631225586,79.8759994506836,40.23745346069336,29.059011459350586,66.72399139404297,17.39832305908203,26.533275604248047,115.58935546875,35.27811050415039,70.75250244140625,17.47287940979004,20.38722801208496,70.21784973144531,84.67693328857422,72.73989868164062,81.07618713378906,50.22563171386719,111.58921813964844,98.4817886352539,105.4767837524414,34.434207916259766,58.25112533569336,35.15828323364258,85.68265533447266,51.1666259765625,130.1276092529297,76.50202941894531,12.915587425231934,75.14408874511719,37.722721099853516,142.87841796875,53.49648666381836,25.450199127197266,9.591803550720215,41.2347297668457,20.31275749206543,56.57975769042969,66.72684478759766,106.29866027832031,71.93561553955078,20.96544647216797,35.94501495361328,36.20001220703125,85.17446899414062,69.27826690673828
2014-08-26,38.1976203918457,22.29149055480957,76.14800262451172,62.2598991394043,44.08238220214844,61.28453063964844,80.13215637207031,40.5540771484375,29.192331314086914,66.30149841308594,17.578861236572266,26.525653839111328,116.69593048095703,35.36262893676758,70.50529479980469,17.550689697265625,20.341442108154297,70.54891204833984,84.6184310913086,72.51215362548828,81.14376831054688,50.1636962890625,111.8239974975586,100.29373168945312,104.71190643310547,34.685447692871094,58.35405731201172,35.18601608276367,86.12358856201172,51.23188400268555,130.18655395507812,76.1263198852539,12.947300910949707,74.31884765625,37.80339431762695,142.90249633789062,53.62238693237305,25.59903335571289,9.569533348083496,41.329708099365234,20.454578399658203,56.39768600463867,66.39970397949219,105.67591094970703,71.22422790527344,21.009567260742188,35.756046295166016,36.28905487060547,85.26949310302734,68.45616149902344
2014-08-27,38.07881164550781,22.56546974182129,75.9860610961914,62.1911735534668,43.971702575683594,61.23308181762695,80.3758544921875,40.60797119140625,29.192331314086914,66.03661346435547,17.747371673583984,26.518028259277344,116.24846649169922,35.19357681274414,70.90982055664062,17.543611526489258,20.43032455444336,70.73369598388672,84.23221588134766,72.55770874023438,81.51168823242188,50.19467544555664,111.47618103027344,100.7029037475586,105.19499969482422,34.52336502075195,58.41291427612305,34.82562255859375,86.7849349975586,51.3868522644043,130.12025451660156,76.20317077636719,12.844233512878418,75.11612701416016,37.64208221435547,143.27317810058594,53.45671463012695,25.398113250732422,9.664169311523438,41.05836486816406,20.60856056213379,56.74080276489258,66.37244415283203,105.96649932861328,71.74456787109375,20.989957809448242,36.032222747802734,36.48085403442383,84.76560974121094,68.25264739990234
2014-08-28,38.087318420410156,22.591989517211914,75.78730010986328,62.2161865234375,43.654388427734375,61.02729415893555,80.44456481933594,40.419342041015625,29.213388442993164,66.28723907470703,17.681169509887695,26.411319732666016,116.09732055664062,34.880863189697266,71.13653564453125,17.57898712158203,20.44379997253418,71.22645568847656,84.25558471679688,72.3527603149414,81.5867919921875,49.94690704345703,110.52837371826172,101.33124542236328,104.71190643310547,34.32075119018555,58.41291427612305,35.026607513427734,86.83085632324219,51.47658920288086,129.3106231689453,76.01530456542969,12.693589210510254,75.18606567382812,37.502784729003906,143.1442413330078,53.54948425292969,25.34601402282715,9.69757080078125,41.017677307128906,20.665281295776367,56.48170852661133,66.41332244873047,105.93314361572266,71.23080444335938,21.03407096862793,36.155765533447266,36.43290328979492,84.84819793701172,68.35032653808594
2014-08-29,38.5540657043457,22.6472225189209,76.36151123046875,62.14743423461914,43.868404388427734,61.086082458496094,80.8819351196289,40.493446350097656,29.27654457092285,66.22279357910156,17.68718910217285,26.617122650146484,116.27867889404297,35.100616455078125,70.81914520263672,17.678016662597656,20.336048126220703,71.98869323730469,84.26728820800781,72.299560546875,81.90216827392578,50.117244720458984,110.2588119506836,101.8353500366211,104.59114074707031,34.23161315917969,58.42763137817383,35.10285186767578,86.89513397216797,51.84363555908203,129.236328125,76.46785736083984,12.75701904296875,75.22102355957031,37.715396881103516,144.3206787109375,53.68204116821289,25.532058715820312,9.69200611114502,41.051597595214844,20.657180786132812,56.873844146728516,66.33836364746094,106.21698760986328,71.1385726928711,21.117399215698242,36.235694885253906,36.56303787231445,85.02168273925781,68.447998046875
2014-09-02,38.265533447265625,22.8239803314209,76.089111328125,61.54133605957031,44.03074264526367,60.99055480957031,79.68856811523438,40.277862548828125,29.220399856567383,66.21560668945312,17.60895347595215,26.350332260131836,115.83123779296875,35.21049499511719,70.12393188476562,17.60020637512207,20.403385162353516,70.53390502929688,84.39604187011719,72.50457763671875,81.78952026367188,49.87723159790039,109.11101531982422,100.7978744506836,104.0677719116211,34.22351837158203,58.63353729248047,35.054344177246094,86.52774047851562,51.94151306152344,129.0878143310547,76.613037109375,12.899730682373047,76.4798355102539,37.810726165771484,144.85244750976562,53.48984146118164,25.710655212402344,9.79778003692627,40.70564270019531,20.79900550842285,56.17360305786133,66.76094055175781,107.34413146972656,71.1385726928711,21.17132568359375,36.38106155395508,36.54933547973633,84.74493408203125,68.1875228881836
2014-09-03,38.15520095825195,21.86064910888672,76.3835678100586,61.92873001098633,44.05287170410156,60.93175506591797,79.88848114013672,40.74269104003906,29.318649291992188,66.88264465332031,17.693206787109375,26.350332260131836,116.06706237792969,35.41333770751953,70.38086700439453,17.713397979736328,20.473426818847656,68.87019348144531,84.1619873046875,72.47419738769531,81.4441146850586,49.87723159790039,109.51101684570312,101.25086975097656,104.47032165527344,34.653018951416016,59.09682083129883,35.01967239379883,87.03292846679688,52.32487106323242,128.864990234375,76.97169494628906,12.804295539855957,76.52879333496094,37.79606628417969,144.7154998779297,53.450077056884766,25.718097686767578,9.725410461425781,40.848087310791016,20.908403396606445,56.64977264404297,66.77457427978516,106.80975341796875,71.39749908447266,21.1860294342041,36.28657531738281,36.67264175415039,84.0593490600586,67.69916534423828
2014-09-04,38.40980529785156,21.67947006225586,76.4424819946289,61.4600944519043,44.06024169921875,61.519744873046875,79.22618103027344,40.473243713378906,29.381805419921875,66.23362731933594,17.675151824951172,26.60950469970703,115.29911041259766,35.11750411987305,70.28265380859375,17.62143325805664,20.621562957763672,69.58983612060547,84.0390853881836,72.11737823486328,81.71443176269531,49.79205322265625,109.09359741210938,100.83444213867188,104.51060485839844,34.76648712158203,59.060054779052734,35.03354263305664,87.71265411376953,52.3819694519043,128.52334594726562,76.55326843261719,12.81225299835205,74.73148345947266,37.810726165771484,145.1022491455078,53.66215515136719,25.822277069091797,9.6140718460083,42.367523193359375,21.009702682495117,55.91450119018555,67.1153564453125,106.21698760986328,71.39086151123047,21.146812438964844,36.4827995300293,36.631534576416016,84.09652709960938,67.65030670166016
2014-09-05,38.961429595947266,21.867273330688477,76.8694076538086,62.02250289916992,44.20783996582031,61.5711669921875,79.60107421875,41.21425247192383,29.360748291015625,66.16152954101562,17.84366226196289,26.6781005859375,115.61356353759766,34.880863189697266,70.3280029296875,17.68509864807129,20.87744140625,70.88986206054688,84.38433837890625,72.58809661865234,81.5041732788086,50.2178955078125,108.4240493774414,100.73944854736328,105.07423400878906,34.807003021240234,60.03815841674805,35.42858123779297,88.53935241699219,52.789798736572266,129.66714477539062,76.51912689208984,12.740674018859863,73.68246459960938,37.86937713623047,144.83636474609375,53.794700622558594,25.770183563232422,9.541698455810547,43.37820816040039,21.236618041992188,56.264610290527344,67.38117980957031,106.475830078125,71.36430358886719,21.26936149597168,36.599082946777344,36.86442947387695,84.23696899414062,67.38984680175781
2014-09-08,39.43666076660156,21.732498168945312,76.59707641601562,61.091453552246094,44.19308090209961,61.240440368652344,78.85755157470703,41.126686096191406,29.318649291992188,66.24082946777344,17.693206787109375,26.929636001586914,114.97257995605469,34.3484001159668,69.89726257324219,17.649730682373047,20.613483428955078,70.2785415649414,84.78812408447266,72.30718994140625,81.03111267089844,49.2733154296875,111.28488159179688,101.75498962402344,104.99369812011719,34.69355010986328,59.861629486083984,35.47710418701172,88.1902847290039,53.0181884765625,129.808349609375,75.93846130371094,13.003118515014648,74.50068664550781,37.737396240234375,145.12644958496094,53.68868637084961,25.941333770751953,9.352422714233398,42.70668411254883,21.139371871948242,55.340309143066406,67.08128356933594,106.49250793457031,71.01911163330078,21.31838035583496,36.72262191772461,36.6520881652832,84.22044372558594,67.50379180908203
2014-09-09,39.68276596069336,21.65074348449707,76.41303253173828,60.854007720947266,43.58060836791992,60.997886657714844,78.2139892578125,40.79658889770508,29.43091583251953,65.92353820800781,17.590896606445312,26.60950469970703,114.88188171386719,34.407562255859375,68.831787109375,17.586057662963867,20.670047760009766,68.8160400390625,84.5364990234375,71.71501922607422,80.64813232421875,49.1107063293457,111.48487854003906,100.38142395019531,104.2690658569336,34.70976257324219,59.464515686035156,34.985023498535156,88.16273498535156,52.56141662597656,129.93460083007812,75.05892944335938,12.83610725402832,74.05311584472656,37.44411849975586,142.94287109375,53.28438949584961,25.234386444091797,9.257786750793457,42.46926498413086,20.965139389038086,55.291297912597656,66.59735107421875,107.26895141601562,70.93280029296875,21.39681053161621,36.67174530029297,36.419189453125,83.2044448852539,66.95027160644531
2014-09-10,39.75065994262695,22.315799713134766,77.28907012939453,60.49159240722656,43.69868087768555,61.47561264038086,77.65164947509766,40.93130874633789,29.59231948852539,66.19037628173828,17.717283248901367,26.693342208862305,115.81919860839844,34.407562255859375,70.27510833740234,17.635578155517578,20.608091354370117,69.0636215209961,84.6418228149414,71.63905334472656,79.5442886352539,49.55204772949219,111.49356842041016,101.69654083251953,104.47032165527344,34.76648712158203,59.50129699707031,35.400856018066406,86.64716339111328,52.83873748779297,129.67462158203125,75.49444580078125,13.011073112487793,75.6825942993164,37.774070739746094,144.9330291748047,53.131961822509766,25.54693603515625,9.257786750793457,42.95087814331055,21.017810821533203,55.31230545043945,66.53604125976562,108.52967834472656,70.95934295654297,21.49974822998047,36.824371337890625,36.460304260253906,83.61746215820312,66.73047637939453
2014-09-11,39.886444091796875,22.41080665588379,76.96512603759766,60.629066467285156,44.09714126586914,61.365379333496094,77.3705062866211,40.782039642333984,29.652402877807617,66.08943176269531,17.83162498474121,26.693342208862305,115.9279556274414,34.3822135925293,70.244873046875,17.81243324279785,20.49765968322754,69.04041290283203,84.47212219238281,71.92755889892578,79.28897094726562,49.87723159790039,110.98921966552734,101.52851104736328,104.75215911865234,34.490943908691406,59.63368606567383,35.123653411865234,85.7469482421875,53.16499710083008,129.3849334716797,75.50296783447266,13.178083419799805,74.40277862548828,37.82539367675781,145.84356689453125,53.13861083984375,25.8445987701416,9.274486541748047,43.032264709472656,21.139371871948242,55.58538055419922,66.7541275024414,108.33765411376953,71.07219696044922,21.42534065246582,37.00605010986328,36.48768997192383,83.18792724609375,66.81190490722656
2014-09-12,39.63186264038086,22.461626052856445,76.98725128173828,59.84798812866211,44.296390533447266,61.19632339477539,76.63946533203125,40.408817291259766,29.306055068969727,65.52693939208984,17.71126365661621,26.38845443725586,115.66194915771484,34.230064392089844,70.53199005126953,17.798282623291016,20.408777236938477,68.74637603759766,84.23221588134766,71.74537658691406,78.86100006103516,49.9236946105957,110.38925170898438,100.74673461914062,104.14826965332031,34.48283767700195,59.25126647949219,34.832550048828125,84.80083465576172,53.23841094970703,129.55575561523438,74.83690643310547,13.353053092956543,72.49358367919922,37.90603256225586,147.59210205078125,52.99201965332031,26.052961349487305,9.235518455505371,42.611717224121094,21.001605987548828,54.93416213989258,66.82910919189453,108.52967834472656,70.38176727294922,21.410459518432617,36.63541030883789,36.15892028808594,82.46928405761719,66.70610046386719
2014-09-15,39.24147415161133,22.454998016357422,77.0903091430664,60.16668701171875,44.229976654052734,61.64471435546875,77.62666320800781,40.38847351074219,29.334339141845703,65.76492309570312,18.006145477294922,26.327476501464844,115.98236083984375,34.36530303955078,70.6302261352539,17.727537155151367,20.419551849365234,69.16423797607422,84.5482177734375,71.85924530029297,78.74079895019531,49.94690704345703,109.83273315429688,100.80516815185547,104.34957122802734,34.620601654052734,59.74396896362305,34.61771011352539,84.06597137451172,53.17315673828125,130.42477416992188,74.61489868164062,13.313283920288086,70.62633514404297,38.082000732421875,148.24478149414062,52.632171630859375,26.201805114746094,9.168713569641113,42.54386901855469,20.888147354125977,55.59939956665039,66.53604125976562,109.013916015625,70.6274185180664,21.961101531982422,36.74442672729492,36.42604064941406,82.48168182373047,67.30032348632812
2014-09-16,39.68276596069336,22.28486442565918,77.9442138671875,60.879032135009766,44.26687240600586,61.79903030395508,78.07654571533203,40.7073860168457,29.43328094482422,66.75283813476562,18.084383010864258,26.624744415283203,116.67776489257812,34.81325149536133,70.8418197631836,17.84072494506836,20.556915283203125,69.85293579101562,84.76470947265625,72.01866912841797,78.74079895019531,50.4346809387207,110.7109603881836,101.798828125,105.51705932617188,34.76648712158203,60.464664459228516,35.44936752319336,85.64590454101562,53.67071533203125,131.60572814941406,75.45173645019531,13.2894287109375,73.26287078857422,38.3532829284668,148.2930908203125,52.69879150390625,26.127384185791016,9.196550369262695,43.167930603027344,21.159629821777344,56.54472732543945,66.76775360107422,110.14940643310547,70.93280029296875,22.005746841430664,37.25313949584961,36.42604064941406,82.81622314453125,67.50379180908203
2014-09-17,39.479087829589844,22.443952560424805,78.17244720458984,60.660316467285156,44.502994537353516,61.85786437988281,77.92655944824219,40.63276290893555,29.41206932067871,66.95471954345703,18.264928817749023,26.662858963012695,116.5810546875,34.7709846496582,70.67557525634766,17.83364486694336,20.53537368774414,70.58808898925781,85.06903839111328,72.5349349975586,78.0875244140625,50.51211166381836,111.09356689453125,102.80711364746094,105.75861358642578,35.155487060546875,60.479373931884766,35.262245178222656,86.42668151855469,53.760467529296875,132.80149841308594,76.05802154541016,13.337146759033203,72.61945343017578,38.49991989135742,148.92156982421875,52.84541702270508,26.462257385253906,9.202117919921875,43.22896194458008,21.19204330444336,56.46770095825195,67.74242401123047,110.68375396728516,70.84648895263672,22.1297607421875,37.20954132080078,34.816402435302734,83.35725402832031,68.02474212646484
2014-09-18,39.614871978759766,22.49034309387207,79.02638244628906,60.36662673950195,45.24827194213867,61.87989044189453,77.56419372558594,40.924530029296875,29.5393123626709,67.3296890258789,18.403339385986328,26.807674407958984,117.15548706054688,35.11750411987305,70.63780212402344,17.84072494506836,20.529983520507812,71.26129150390625,85.92925262451172,73.18026733398438,78.35032653808594,50.566314697265625,111.80663299560547,103.76424407958984,106.40818786621094,35.40670394897461,59.699867248535156,35.42858123779297,87.45545959472656,54.315093994140625,133.37342834472656,76.93753051757812,13.551877975463867,74.08109283447266,39.03514862060547,151.39529418945312,53.451820373535156,26.886425018310547,9.229951858520508,42.85592269897461,21.269031524658203,55.998538970947266,67.90599822998047,110.5751953125,70.84648895263672,22.19425392150879,37.83454895019531,35.08353042602539,83.90655517578125,68.49685668945312
2014-09-19,40.32773208618164,22.30696678161621,79.49749755859375,60.685298919677734,45.09331130981445,62.085689544677734,77.9765853881836,41.04666519165039,29.723093032836914,67.63257598876953,18.29501724243164,26.540895462036133,117.30663299560547,33.6384391784668,71.30277252197266,17.82657241821289,20.69698143005371,71.4547348022461,85.84146881103516,73.26374816894531,76.97616577148438,50.54308319091797,112.47616577148438,105.21820068359375,106.73297882080078,35.32565689086914,59.83959197998047,35.69886779785156,87.4922103881836,54.26614761352539,134.242431640625,76.59596252441406,13.48029899597168,74.10206604003906,39.12312698364258,150.03350830078125,53.35853576660156,26.6110897064209,9.2689208984375,42.65241241455078,21.131263732910156,56.41167449951172,67.7764892578125,111.59381103515625,70.98590850830078,22.31827735900879,37.56565856933594,35.124629974365234,83.76200103759766,68.08170318603516
2014-09-22,39.937355041503906,22.329055786132812,79.41653442382812,60.32290267944336,44.94574737548828,62.335601806640625,77.1580810546875,41.107749938964844,29.8432559967041,67.48114013671875,18.162626266479492,26.457048416137695,116.76848602294922,33.4525146484375,70.97784423828125,17.663875579833984,20.554229736328125,71.10652160644531,85.26797485351562,71.89718627929688,75.76719665527344,50.86052322387695,111.83270263671875,103.88114929199219,105.88038635253906,35.17168426513672,59.273345947265625,35.80976104736328,86.98699188232422,53.89912796020508,132.94259643554688,75.98970031738281,13.543926239013672,73.7593994140625,38.78586959838867,149.30030822753906,52.7721061706543,26.179475784301758,9.107479095458984,40.98377227783203,21.082639694213867,55.795467376708984,66.89043426513672,110.12432098388672,71.4771728515625,22.49686050415039,37.39850997924805,34.7615966796875,82.46928405761719,68.16311645507812
2014-09-23,39.513038635253906,22.678152084350586,79.10735321044922,60.00423812866211,44.967872619628906,62.063629150390625,76.88935852050781,40.904178619384766,29.6099910736084,67.01242065429688,18.084383010864258,26.236003875732422,115.8675537109375,32.818603515625,70.66046905517578,17.47287940979004,20.362987518310547,70.7969970703125,84.48384094238281,70.90262603759766,75.0838394165039,50.63600158691406,110.76313018798828,102.78518676757812,105.63681030273438,34.442325592041016,58.824729919433594,35.54639434814453,85.40709686279297,53.793060302734375,130.97439575195312,75.40902709960938,13.55982494354248,73.70345306396484,38.19931411743164,149.13916015625,52.672142028808594,26.060405731201172,9.001708984375,41.44501495361328,21.082639694213867,55.25629425048828,66.33154296875,107.56954193115234,70.68052673339844,22.233938217163086,36.89704895019531,34.52871322631836,81.89107513427734,67.82125854492188
2014-09-24,39.95432662963867,22.48151206970215,79.97602081298828,59.87298583984375,45.47703552246094,62.65162658691406,76.47702026367188,40.95847702026367,29.87860870361328,67.4234390258789,18.24085235595703,26.4875431060791,116.28473663330078,33.31727600097656,71.78639221191406,17.67095375061035,20.76163101196289,71.98096466064453,84.78227996826172,71.23667907714844,75.99246978759766,51.278621673583984,111.80663299560547,103.92500305175781,105.27141571044922,34.54765701293945,59.43510818481445,36.01073455810547,87.09723663330078,53.98882293701172,132.49696350097656,75.5883560180664,13.663217544555664,76.02525329589844,38.22130584716797,151.33084106445312,53.10531997680664,26.0306396484375,9.135313034057617,41.72990417480469,21.386545181274414,55.12322235107422,66.84954071044922,108.52967834472656,72.26715087890625,22.670488357543945,37.39850997924805,34.55611801147461,82.82447814941406,68.1875228881836
2014-09-25,39.071739196777344,21.624229431152344,78.84233093261719,58.891971588134766,44.38493728637695,61.98280715942383,75.40232849121094,40.46989440917969,29.53224754333496,66.8249282836914,18.042251586914062,26.022579193115234,114.28932189941406,32.75944900512695,71.15164947509766,17.35968589782715,20.5030574798584,71.11429595947266,83.3778305053711,70.15103912353516,74.72344970703125,50.69791793823242,110.55445861816406,102.17879486083984,103.72867584228516,34.037113189697266,58.71441650390625,35.77510070800781,84.24971008300781,53.491268157958984,131.79136657714844,74.08548736572266,13.400768280029297,75.06716918945312,37.69340515136719,148.33340454101562,52.45890426635742,25.465085983276367,9.018407821655273,41.031246185302734,20.94487190246582,54.317935943603516,65.7930908203125,107.61962890625,71.1651382446289,22.3778018951416,36.6862678527832,34.33007049560547,81.53177642822266,67.66657257080078
2014-09-26,39.3857421875,22.260560989379883,78.84233093261719,59.62930679321289,44.68746566772461,62.16654586791992,75.89594268798828,40.30025100708008,29.829126358032227,67.15663146972656,17.885784149169922,26.114051818847656,114.9242172241211,32.9200325012207,71.55967712402344,17.68509864807129,20.602710723876953,71.84165954589844,83.34269714355469,70.83433532714844,75.376708984375,50.868255615234375,111.9022445678711,103.06285095214844,104.0534896850586,34.045223236083984,59.04533004760742,35.41471862792969,84.3415756225586,53.409706115722656,134.8663330078125,75.46028900146484,13.543926239013672,75.79447937011719,38.030670166015625,149.16331481933594,52.77877426147461,25.785064697265625,9.090780258178711,40.82096862792969,20.961076736450195,54.703102111816406,66.44059753417969,110.14940643310547,71.59666442871094,22.725048065185547,36.969722747802734,34.43967056274414,81.96128845214844,67.91255950927734
2014-09-29,39.41120910644531,22.11914825439453,78.43009185791016,59.00445556640625,44.517765045166016,62.063629150390625,75.32111358642578,40.31382369995117,29.864463806152344,67.17107391357422,17.915874481201172,26.601871490478516,114.67025756835938,32.488975524902344,72.70826721191406,17.769987106323242,20.492273330688477,71.87261199951172,83.20812225341797,71.00894927978516,74.96371459960938,50.81406021118164,111.97183990478516,102.33950805664062,103.20093536376953,33.956077575683594,58.854129791259766,35.837467193603516,83.80879211425781,53.29551315307617,134.70294189453125,75.10163116455078,13.528017044067383,75.18606567382812,37.89870834350586,148.12387084960938,52.32561492919922,25.67344856262207,8.411612510681152,40.42753601074219,21.058330535888672,54.50700378417969,66.34518432617188,110.191162109375,71.63646697998047,22.83914566040039,37.282230377197266,34.67941665649414,82.37841033935547,67.51080322265625
2014-09-30,39.34332275390625,22.260560989379883,78.4668960571289,58.767024993896484,44.451358795166016,61.54914474487305,74.5525894165039,40.22561264038086,30.154268264770508,67.12779998779297,17.795516967773438,26.540895462036133,114.7851791381836,32.35374069213867,71.64281463623047,17.941051483154297,20.59732437133789,70.99044036865234,82.90966033935547,70.69766998291016,74.36299133300781,50.496620178222656,110.76313018798828,102.62444305419922,104.01288604736328,33.70484161376953,58.53056335449219,35.47016143798828,83.3035888671875,52.89582824707031,135.7576141357422,74.75151824951172,13.55982494354248,74.44474029541016,38.030670166015625,147.9143829345703,52.24567413330078,25.72553825378418,8.233474731445312,40.203697204589844,21.07048797607422,53.58269500732422,66.99266815185547,110.00749969482422,71.4107666015625,22.789541244506836,37.13685989379883,34.55611801147461,81.25504302978516,67.22381591796875
2014-10-01,38.95293045043945,21.913679122924805,76.7811050415039,58.02345657348633,44.10452651977539,61.10813903808594,73.50916290283203,39.83881759643555,30.210803985595703,66.81051635742188,17.542757034301758,25.908241271972656,113.1767349243164,32.19317626953125,71.17430877685547,17.84126853942871,20.5030574798584,70.4333267211914,81.44670104980469,69.58919525146484,73.29669952392578,50.24112319946289,108.40666961669922,101.42622375488281,102.14537048339844,33.372581481933594,58.19963073730469,35.26774597167969,82.1554183959961,53.08344268798828,132.12559509277344,73.4925308227539,13.376909255981445,73.84331512451172,37.58342742919922,145.60183715820312,51.36600112915039,25.27159881591797,8.1221342086792,40.047691345214844,20.908403396606445,52.51832962036133,66.05888366699219,106.88493347167969,70.86640930175781,22.705209732055664,36.62815475463867,34.234188079833984,78.9545669555664,66.86309051513672
2014-10-02,38.8341178894043,22.07276153564453,76.44981384277344,58.29839324951172,43.71080780029297,61.0419921875,73.17176818847656,39.93383026123047,30.154268264770508,66.76004028320312,17.488590240478516,25.54999351501465,113.01949310302734,32.345314025878906,71.12141418457031,17.862642288208008,20.532678604125977,71.37734985351562,81.14824676513672,69.1792221069336,73.14651489257812,50.155941009521484,107.97189331054688,100.24259948730469,101.98295593261719,33.39690017700195,58.87619400024414,35.04440689086914,81.49406433105469,52.87952423095703,130.98179626464844,73.5439224243164,13.424626350402832,73.12299346923828,37.686073303222656,147.35838317871094,51.60591125488281,25.50973892211914,8.105432510375977,40.53606414794922,20.867887496948242,52.3012580871582,66.2088623046875,105.94982147216797,70.9062271118164,22.55638313293457,36.72262191772461,34.343780517578125,78.9545669555664,66.9942626953125
2014-10-03,39.114173889160156,22.01088523864746,77.39210510253906,58.685768127441406,44.795406341552734,61.58589553833008,73.54666137695312,40.64632034301758,30.394607543945312,67.4234390258789,17.584884643554688,25.938730239868164,114.08374786376953,32.86931228637695,71.68059539794922,18.04084587097168,20.826269149780273,72.38334655761719,82.0260238647461,69.6271743774414,73.13147735595703,50.68244934082031,109.87619018554688,101.6673355102539,103.11969757080078,33.86693572998047,59.81016159057617,35.49110412597656,83.21175384521484,53.56467819213867,132.45989990234375,74.64872741699219,13.750697135925293,74.49369049072266,38.19931411743164,151.54034423828125,51.90580749511719,26.082731246948242,8.1221342086792,41.221160888671875,21.42706298828125,52.35726547241211,67.3334732055664,107.26060485839844,71.49705505371094,22.913557052612305,37.144134521484375,34.56981658935547,79.2354507446289,67.36323547363281
2014-10-06,39.114173889160156,22.01088523864746,77.193359375,59.060699462890625,44.70625305175781,61.424198150634766,73.78406524658203,40.42918395996094,30.818702697753906,67.3296890258789,17.554792404174805,25.99971580505371,114.3074722290039,33.132137298583984,70.9098129272461,17.827007293701172,20.8343505859375,72.16667938232422,82.12553405761719,69.80936431884766,73.58956146240234,50.53533172607422,109.78925323486328,100.5421371459961,102.38896179199219,34.32886505126953,59.8175163269043,35.672576904296875,81.9257583618164,53.52391052246094,131.40516662597656,74.53742980957031,13.750697135925293,73.52159118652344,38.147987365722656,151.06495666503906,52.07239532470703,26.038082122802734,8.083166122436523,41.139774322509766,21.483795166015625,52.490318298339844,67.17670440673828,106.65948486328125,70.91951751708984,23.072309494018555,36.766231536865234,34.652008056640625,78.99590301513672,67.92076110839844
2014-10-07,38.63893508911133,21.81866455078125,75.37503051757812,58.34211349487305,44.030235290527344,61.12284469604492,72.49072265625,39.669189453125,31.044906616210938,67.13501739501953,17.326101303100586,25.51188850402832,112.29388427734375,32.60649490356445,70.13151550292969,17.563278198242188,20.820884704589844,71.55536651611328,80.56891632080078,68.16944885253906,71.11153411865234,50.24885940551758,107.23277282714844,99.38777160644531,100.72441101074219,33.599491119384766,59.58954620361328,34.7372932434082,81.852294921875,52.3819694519043,128.50851440429688,73.09854888916016,13.424626350402832,72.93415832519531,37.451446533203125,148.09974670410156,50.90617370605469,25.31624412536621,7.849355697631836,40.590328216552734,21.45543098449707,51.75505065917969,65.72493743896484,104.03785705566406,71.01246643066406,22.8441104888916,36.02495193481445,34.37118911743164,76.99281311035156,65.60043334960938
2014-10-08,39.699745178222656,22.271615982055664,77.23015594482422,59.11692428588867,44.86967849731445,61.87253189086914,73.69660186767578,40.83632278442383,31.49022102355957,67.74073028564453,17.681169509887695,26.121671676635742,114.50093841552734,33.08127975463867,70.90226745605469,17.57752799987793,21.074073791503906,72.8089370727539,82.75166320800781,69.42976379394531,72.5758285522461,50.961185455322266,108.67621612548828,102.33950805664062,102.51073455810547,34.15058135986328,60.68528747558594,35.04440689086914,83.9741439819336,53.21393585205078,130.98179626464844,74.86286926269531,13.615495681762695,76.13714599609375,38.23596954345703,150.38809204101562,51.679229736328125,25.67344856262207,7.910589694976807,41.689208984375,21.909255981445312,52.189208984375,66.89043426513672,105.49897003173828,72.49949645996094,23.216169357299805,34.89848709106445,34.63360595703125,78.27725982666016,66.66630554199219
2014-10-09,38.91050720214844,22.320219039916992,75.1468505859375,57.37361145019531,43.889102935791016,61.49034118652344,71.5472412109375,40.17810821533203,31.009553909301758,67.47393798828125,17.44646644592285,25.626218795776367,112.72321319580078,32.84389114379883,70.06352233886719,17.24251937866211,20.971721649169922,72.01962280273438,81.13069915771484,68.1543197631836,70.21044158935547,50.481143951416016,106.74583435058594,100.52025604248047,100.60263061523438,33.737266540527344,60.26610565185547,34.548858642578125,82.65142822265625,52.44723129272461,129.64491271972656,73.56104278564453,13.193992614746094,74.02516174316406,37.48078155517578,146.06112670898438,50.62629318237305,24.780460357666016,7.704616546630859,41.750247955322266,21.581037521362305,50.52029800415039,65.7930908203125,103.54527282714844,71.99496459960938,23.002851486206055,34.25168228149414,34.454044342041016,76.83173370361328,66.53512573242188
2014-10-10,37.36595153808594,22.256147384643555,74.52108764648438,57.236122131347656,43.47307205200195,62.24742126464844,71.15988159179688,39.804893493652344,31.433673858642578,68.25272369384766,17.530717849731445,24.32280158996582,112.42694091796875,32.3012809753418,69.74613952636719,16.636642456054688,21.087543487548828,71.61727905273438,78.3159408569336,66.73458099365234,69.9325942993164,50.55081558227539,105.65019989013672,100.38142395019531,98.5321273803711,33.84319305419922,60.65587615966797,35.09326171875,83.21175384521484,52.32487106323242,129.5854949951172,72.79024505615234,13.106507301330566,72.54254150390625,37.12884521484375,145.34396362304688,50.213134765625,24.512561798095703,7.676778793334961,42.727020263671875,21.848472595214844,49.75653839111328,65.28191375732422,103.53694152832031,71.98168182373047,23.176475524902344,33.692081451416016,34.398799896240234,75.8074722290039,66.3957290649414
2014-10-13,37.04347229003906,22.052867889404297,72.96781158447266,56.7612419128418,43.205650329589844,61.277183532714844,69.99771881103516,38.09489822387695,31.15092658996582,67.74073028564453,17.133527755737305,23.9874210357666,110.96967315673828,32.411495208740234,68.55976867675781,16.344390869140625,20.890911102294922,70.10829162597656,77.7717056274414,65.033935546875,68.84380340576172,49.69913864135742,104.73717498779297,97.58309173583984,97.23298645019531,33.33805465698242,58.920318603515625,34.262699127197266,82.3758544921875,51.61524963378906,128.4044647216797,70.89747619628906,13.042886734008789,70.94105529785156,36.80624008178711,144.0467071533203,49.27350997924805,24.44558334350586,7.537610054016113,41.16691207885742,21.439218521118164,48.137115478515625,64.52536010742188,101.41627502441406,70.76685333251953,22.8441104888916,32.52928924560547,34.03278350830078,72.93295288085938,66.945068359375
2014-10-14,37.11136245727539,21.81866455078125,71.41453552246094,56.58002853393555,43.07937240600586,61.40948486328125,68.59187316894531,38.223819732666016,30.846988677978516,67.07011413574219,17.12750816345215,24.498117446899414,111.13895416259766,32.60649490356445,68.83934020996094,16.437061309814453,21.00404167175293,69.72138977050781,78.52074432373047,65.4363021850586,69.68479919433594,49.86946487426758,106.33712768554688,96.5894546508789,97.84194946289062,33.45212173461914,59.33217239379883,34.144046783447266,80.5663070678711,51.50105285644531,130.80357360839844,70.86318969726562,13.138319969177246,67.96185302734375,35.801780700683594,143.99032592773438,49.46677780151367,24.56464958190918,7.6712141036987305,41.16691207885742,21.63776397705078,46.81472396850586,65.2955551147461,103.68721008300781,70.64070892333984,22.908597946166992,31.308338165283203,34.19852828979492,73.3418197631836,69.1669921875
2014-10-15,36.67856979370117,21.55131721496582,72.29789733886719,56.37382507324219,41.25187683105469,60.96847915649414,68.2732162475586,37.13810348510742,30.557172775268555,66.17594909667969,16.965023040771484,23.84259796142578,109.8993911743164,32.47084426879883,68.34063720703125,16.36577606201172,20.255245208740234,67.98029327392578,78.5441665649414,64.61637878417969,69.5270767211914,49.4646110534668,104.51107025146484,95.63966369628906,98.57272338867188,32.59666442871094,58.089324951171875,34.17195510864258,81.50323486328125,51.280826568603516,130.12022399902344,69.31303405761719,12.533893585205078,67.24852752685547,35.0832405090332,142.81393432617188,49.640037536621094,24.26698112487793,7.582144260406494,41.34326171875,21.208255767822266,46.850067138671875,65.73857116699219,101.26594543457031,69.97683715820312,22.58615493774414,31.23567008972168,33.91537857055664,74.54781341552734,69.63436126708984
2014-10-16,36.271209716796875,21.26849937438965,71.2452163696289,56.61128616333008,40.917598724365234,60.44663619995117,69.39163970947266,36.25597381591797,30.083599090576172,65.46927642822266,16.67013168334961,23.514841079711914,108.74449920654297,31.84347915649414,67.94015502929688,16.265989303588867,19.883535385131836,68.77733612060547,79.02989196777344,65.58818054199219,70.54855346679688,49.137603759765625,104.59806060791016,95.31084442138672,98.450927734375,32.58036804199219,57.95695114135742,34.35343933105469,80.86024475097656,50.48961639404297,129.77114868164062,68.7220687866211,12.78839111328125,67.75206756591797,35.288536071777344,139.05899047851562,50.266448974609375,24.207454681396484,7.78255033493042,40.963417053222656,20.754430770874023,47.3309440612793,65.17967987060547,101.52482604980469,69.73121643066406,22.407562255859375,31.373748779296875,33.74272918701172,75.09709930419922,68.9702377319336
2014-10-17,37.0265007019043,21.58003807067871,72.65862274169922,56.992435455322266,41.74961471557617,61.20372009277344,69.85401153564453,36.65633010864258,30.309776306152344,65.98844909667969,16.748371124267578,23.918825149536133,110.08082580566406,32.106292724609375,68.79400634765625,16.572490692138672,19.958951950073242,69.82971954345703,80.40506744384766,68.37446594238281,71.9180908203125,49.62032699584961,107.16322326660156,97.67807006835938,100.76502990722656,33.28917694091797,58.80268859863281,35.190975189208984,81.78797912597656,51.044273376464844,130.9001007080078,70.72618103027344,12.891777992248535,70.45851135253906,35.699127197265625,142.54798889160156,50.90617370605469,24.720922470092773,7.804819107055664,40.88200759887695,20.92866325378418,48.144187927246094,66.2906265258789,103.89595794677734,70.54113006591797,22.650638580322266,32.3403434753418,34.03969192504883,77.33561706542969,68.28971099853516
2014-10-20,37.40839767456055,22.041828155517578,73.0267105102539,57.34236145019531,42.06904220581055,61.87253189086914,69.66031646728516,36.67668533325195,30.59958267211914,67.45952606201172,16.80854034423828,24.07126808166504,102.25027465820312,32.04695129394531,69.20962524414062,16.344390869140625,20.239086151123047,71.07556915283203,80.5220947265625,68.32890319824219,71.14632415771484,50.25099182128906,108.09363555908203,100.46910858154297,101.6175765991211,33.77799987792969,60.126407623291016,35.288700103759766,83.22093200683594,51.46841812133789,130.372802734375,71.95091247558594,12.93154239654541,71.47954559326172,36.05839538574219,143.2973175048828,50.79956817626953,24.79534149169922,7.888324737548828,40.83453369140625,21.41490364074707,48.67456817626953,66.84954071044922,104.08796691894531,71.72278594970703,23.02764892578125,32.99440383911133,34.47478485107422,78.95872497558594,67.39599609375
2014-10-21,38.087318420410156,22.64059829711914,73.88065338134766,58.517066955566406,43.034786224365234,62.18857955932617,71.9096450805664,37.409542083740234,28.754711151123047,67.58931732177734,17.01918601989746,24.85636329650879,98.70084381103516,32.51322937011719,68.77133178710938,16.7578125,20.476116180419922,72.89405059814453,82.47077178955078,70.54579162597656,72.55364227294922,50.9361686706543,110.53706359863281,105.2766342163086,103.3227310180664,34.535682678222656,61.185272216796875,36.25886154174805,85.1590805053711,52.75716781616211,128.20394897460938,73.34690856933594,13.201944351196289,74.59861755371094,36.98955154418945,145.1828155517578,51.77251052856445,25.34601402282715,7.938426494598389,41.750247955322266,21.755277633666992,49.919189453125,68.66934967041016,105.30693054199219,73.8404769897461,23.325300216674805,33.212432861328125,34.847686767578125,80.9659423828125,68.69145202636719
2014-10-22,37.662994384765625,22.755483627319336,74.51375579833984,58.192138671875,42.6782112121582,62.38413619995117,71.22857666015625,37.66740036010742,28.712295532226562,68.11573028564453,17.031221389770508,24.597206115722656,97.83013916015625,31.911306381225586,68.71845245361328,16.579620361328125,20.478805541992188,72.22858428955078,81.3121109008789,69.20958709716797,71.55488586425781,50.858306884765625,105.60671997070312,104.9478759765625,102.26715087890625,33.883914947509766,61.42877197265625,36.18207550048828,84.00169372558594,52.75716781616211,130.7292938232422,71.90808868408203,13.042886734008789,74.1929931640625,36.78425216674805,142.4835205078125,51.30602264404297,24.877195358276367,7.866056442260742,41.716339111328125,21.917367935180664,49.105960845947266,67.51749420166016,104.4553451538086,74.78316497802734,23.34514045715332,33.25602722167969,34.94438552856445,80.00364685058594,68.39630889892578
2014-10-23,38.20611572265625,23.162029266357422,75.55170440673828,58.80449676513672,43.131370544433594,61.64347839355469,72.59695434570312,38.427398681640625,28.881940841674805,67.6109619140625,17.211761474609375,24.91734504699707,98.0659408569336,32.411495208740234,68.7789077758789,16.800586700439453,20.538061141967773,73.35836791992188,84.88176727294922,71.04686737060547,75.11105346679688,50.64808654785156,106.111083984375,107.58541870117188,103.2821273803711,34.568267822265625,61.68700408935547,36.642730712890625,84.7549057006836,52.48799133300781,134.19044494628906,73.32123565673828,13.201944351196289,74.95528411865234,37.099510192871094,145.086181640625,51.525943756103516,25.27159881591797,8.016364097595215,42.10296630859375,21.998394012451172,49.501953125,68.48533630371094,107.87010192871094,74.35828399658203,23.379863739013672,33.09614944458008,34.88221740722656,80.49508666992188,69.83110046386719
2014-10-24,39.14811325073242,23.248201370239258,75.9198226928711,59.041934967041016,43.636505126953125,63.07293701171875,72.4219970703125,39.092403411865234,29.002103805541992,68.21668243408203,17.518688201904297,25.29083824157715,98.0054702758789,32.835411071777344,69.27005004882812,16.95026969909668,20.573078155517578,73.50540161132812,86.95330810546875,71.89718627929688,75.23970031738281,50.88166427612305,106.29365539550781,107.59272003173828,104.09407806396484,34.59272003173828,62.19614791870117,37.43142318725586,85.26930236816406,53.8746337890625,134.68063354492188,73.99783325195312,13.297377586364746,77.42396545410156,37.53943634033203,147.7371368408203,51.87245559692383,25.53950309753418,7.6712141036987305,42.49640655517578,21.957876205444336,49.55147933959961,68.5603256225586,109.1976089477539,75.08187866210938,23.558456420898438,33.125213623046875,35.2413330078125,80.88746643066406,70.04430389404297
2014-10-27,38.961429595947266,23.223892211914062,76.61177062988281,58.55455017089844,43.562232971191406,63.658023834228516,71.86590576171875,38.30525588989258,28.811254501342773,68.23110961914062,17.47054100036621,25.306081771850586,97.87847900390625,32.5810546875,69.52698516845703,16.936012268066406,20.6296443939209,73.87682342529297,87.52095794677734,71.13802337646484,74.5587158203125,51.473392486572266,106.1893081665039,108.27955627441406,103.60690307617188,34.413475036621094,62.60198974609375,37.36163330078125,85.10397338867188,53.99697494506836,135.9210205078125,74.19482421875,13.193992614746094,78.73871612548828,37.62009811401367,148.18833923339844,52.07239532470703,25.27159881591797,7.6934814453125,42.80842971801758,22.111858367919922,48.67456817626953,69.69175720214844,109.1976089477539,75.20799255371094,23.632858276367188,32.42754364013672,35.33110809326172,79.54521179199219,69.347412109375
2014-10-28,39.45363998413086,23.584043502807617,77.14177703857422,59.42311096191406,44.297672271728516,64.04315185546875,73.18424987792969,37.89810562133789,28.669879913330078,68.69261169433594,17.506643295288086,25.717689514160156,98.92459106445312,32.7675895690918,69.97283172607422,17.156986236572266,20.564998626708984,74.74349975585938,88.39875030517578,72.25402069091797,76.54110717773438,51.22425842285156,107.48495483398438,114.8479232788086,105.06844329833984,34.625308990478516,62.867618560791016,37.829261779785156,85.03966522216797,52.87952423095703,137.81494140625,75.37672424316406,13.361002922058105,79.34010314941406,37.96470260620117,150.1302490234375,53.191932678222656,25.569263458251953,7.882755279541016,43.208621978759766,22.136173248291016,49.65753173828125,70.1347885131836,112.04462432861328,75.5001220703125,23.578290939331055,33.205162048339844,35.48304748535156,80.69749450683594,70.09347534179688
2014-10-29,39.56395721435547,23.71662139892578,77.70864868164062,59.10441970825195,44.045108795166016,64.0949935913086,73.19050598144531,38.1356086730957,28.952617645263672,68.28157806396484,17.747371673583984,25.854890823364258,98.83993530273438,32.70823669433594,70.07107543945312,17.178361892700195,20.57577133178711,74.61195373535156,88.3694839477539,72.16291809082031,75.80715942382812,51.270965576171875,107.02409362792969,116.08269500732422,104.17526245117188,34.82082748413086,62.860260009765625,37.80133819580078,86.34400939941406,53.41786575317383,138.46864318847656,75.65934753417969,13.512110710144043,77.4309310913086,38.25063705444336,149.93685913085938,53.365203857421875,25.666288375854492,7.812551021575928,42.618499755859375,22.103748321533203,50.03232955932617,69.94392395019531,113.26358032226562,75.30757141113281,23.598134994506836,33.29963302612305,35.15156173706055,79.31803131103516,69.81475830078125
2014-10-30,39.080223083496094,23.637069702148438,78.79817199707031,59.01695251464844,44.119380950927734,64.39126586914062,73.22799682617188,38.88881301879883,29.26363754272461,68.97381591796875,17.958003997802734,24.8335018157959,99.37808990478516,32.64041519165039,70.56224822998047,17.164108276367188,20.591930389404297,75.46314239501953,89.0073471069336,72.57289123535156,75.78446197509766,51.706993103027344,107.66756439208984,118.05541229248047,104.21585845947266,35.43186950683594,63.12589645385742,41.165496826171875,89.19151306152344,54.48638916015625,140.59280395507812,76.001953125,13.543926239013672,79.8786392211914,38.463260650634766,150.6540069580078,53.88499069213867,25.76331329345703,7.835017204284668,42.70668411254883,22.31041145324707,50.45663833618164,70.40059661865234,114.62451171875,75.42708587646484,23.56340980529785,33.851966857910156,35.53139114379883,79.44194030761719,69.88032531738281
2014-10-31,39.844017028808594,23.862430572509766,79.34290313720703,60.42911148071289,44.92911911010742,64.63566589355469,74.94623565673828,39.316322326660156,29.602935791015625,69.34881591796875,18.02420997619629,25.92348861694336,99.4083023071289,33.10670471191406,70.82670593261719,17.442096710205078,20.543447494506836,75.46314239501953,89.98463439941406,72.97528839111328,76.73025512695312,52.07292938232422,108.6153564453125,118.49378204345703,104.78427124023438,35.513336181640625,63.31773376464844,40.614112854003906,91.46034240722656,54.10301971435547,141.54351806640625,77.03829193115234,13.647311210632324,78.32608032226562,38.9251708984375,153.08741760253906,54.704647064208984,26.084228515625,7.913649082183838,43.56134796142578,22.57378387451172,51.02238845825195,71.50475311279297,115.18390655517578,75.85859680175781,23.980112075805664,34.157188415527344,35.88359069824219,84.12547302246094,70.13450622558594
2014-11-03,40.25985336303711,24.171764373779297,79.10735321044922,59.5230598449707,45.22627258300781,64.7171401977539,72.96556091308594,39.98133087158203,29.553451538085938,69.10363006591797,18.168638229370117,26.152158737182617,99.38409423828125,33.055824279785156,70.73604583740234,17.520505905151367,20.546142578125,74.3565902709961,89.70957946777344,72.62602233886719,75.82986450195312,52.4855842590332,109.5892562866211,118.04080963134766,104.33769989013672,35.268943786621094,63.54648971557617,40.34189987182617,91.60735321044922,54.27431869506836,141.67727661132812,77.8090591430664,13.734792709350586,76.91341400146484,39.130462646484375,153.76422119140625,54.76463317871094,25.905105590820312,7.857482433319092,44.076873779296875,22.869579315185547,49.897972106933594,72.00230407714844,114.3490219116211,77.1055908203125,24.267824172973633,34.33888626098633,36.36700439453125,82.7542724609375,69.69173431396484
2014-11-04,40.37016677856445,23.995014190673828,79.96128845214844,59.060699462890625,44.758262634277344,65.65033721923828,72.08458709716797,40.28667449951172,29.560523986816406,69.75263977050781,18.22279930114746,26.327476501464844,98.35014343261719,33.174530029296875,71.38590240478516,17.734344482421875,20.810115814208984,74.25597381591797,90.73367309570312,72.34512329101562,74.61166381835938,52.983890533447266,109.42404174804688,117.2005615234375,104.33769989013672,35.529632568359375,63.06685256958008,40.36983108520508,92.79225158691406,54.7881965637207,141.70693969726562,78.26300811767578,13.687076568603516,76.73159790039062,39.05715560913086,153.3130340576172,55.24443817138672,25.867799758911133,7.835017204284668,44.25322723388672,23.1289119720459,48.63212585449219,72.9837875366211,115.69319915771484,78.35195922851562,24.515871047973633,36.003135681152344,36.505123138427734,81.96954345703125,69.32281494140625
2014-11-05,40.61628341674805,24.052453994750977,80.1085433959961,59.40434646606445,45.42685317993164,65.91695404052734,73.1342544555664,40.42238998413086,29.906885147094727,69.86800384521484,18.234939575195312,25.901662826538086,97.8482666015625,33.3101692199707,71.51434326171875,17.926799774169922,20.928627014160156,74.11670684814453,91.1081771850586,73.42320251464844,75.21699523925781,53.06175231933594,108.64561462402344,116.12650299072266,104.82485961914062,35.57037353515625,64.56478881835938,40.355865478515625,91.85533142089844,54.641361236572266,140.91969299316406,79.15372467041016,13.790464401245117,74.1650161743164,39.507347106933594,152.96656799316406,55.37772750854492,26.04691505432129,7.82940149307251,44.53813934326172,23.30314826965332,49.417076110839844,73.29730987548828,115.08368682861328,77.74263000488281,24.6795654296875,36.562744140625,36.71921157836914,84.76972198486328,69.66714477539062
2014-11-06,41.329158782958984,24.121244430541992,80.2483901977539,60.14793014526367,45.48628234863281,65.84291076660156,74.05897521972656,40.212039947509766,29.892732620239258,69.81031799316406,18.234939575195312,25.947689056396484,98.29878997802734,33.751033782958984,71.5294418334961,18.005207061767578,20.958250045776367,75.28516387939453,91.31886291503906,73.42320251464844,76.3519515991211,53.03060531616211,108.96049499511719,117.15673828125,107.01715850830078,35.59480667114258,65.25098419189453,40.80254364013672,93.08619689941406,54.61688995361328,141.03103637695312,78.43428802490234,13.806367874145508,74.78742980957031,39.89850997924805,153.90121459960938,54.9445686340332,26.352903366088867,7.969813346862793,45.20966339111328,23.40444564819336,50.4354248046875,73.80848693847656,115.3091049194336,78.2757797241211,24.585325241088867,36.31563949584961,36.78826904296875,85.39542388916016,71.96287536621094
2014-11-07,41.31217956542969,24.190034866333008,79.652099609375,60.78988265991211,45.66456985473633,66.01324462890625,74.22769165039062,40.266326904296875,29.9139347076416,69.80311584472656,18.162097930908203,25.763565063476562,98.67013549804688,33.86123275756836,71.86193084716797,18.055110931396484,21.21683692932129,75.56375885009766,91.61146545410156,73.46875762939453,76.99510955810547,52.983890533447266,108.84678649902344,117.08364868164062,107.22013854980469,35.3341178894043,65.21409606933594,40.70484161376953,90.9275894165039,54.3232536315918,138.2606201171875,79.01668548583984,13.806367874145508,74.44474029541016,39.73613357543945,153.66757202148438,55.464359283447266,26.61412811279297,7.958580493927002,45.39278793334961,23.4206600189209,51.02946090698242,73.83575439453125,113.6393051147461,78.4073257446289,24.739103317260742,36.73714828491211,35.46923065185547,85.73106384277344,72.69256591796875
2014-11-10,41.490386962890625,24.15009117126465,80.1085433959961,60.594791412353516,46.00628662109375,66.2502670288086,73.67787170410156,39.906681060791016,29.96341896057129,69.92571258544922,18.332061767578125,25.518043518066406,99.53465270996094,34.29362106323242,71.8694839477539,17.926799774169922,21.397296905517578,75.95840454101562,92.260986328125,73.84839630126953,77.33556365966797,53.3731803894043,109.0129623413086,119.61397552490234,107.46375274658203,35.92070007324219,65.811767578125,41.04684066772461,93.03107452392578,55.75066375732422,138.8845672607422,79.1365737915039,13.814326286315918,74.84336853027344,39.728759765625,154.54580688476562,55.31108093261719,26.778322219848633,7.863099575042725,45.976158142089844,23.728607177734375,50.63343811035156,74.32650756835938,113.25524139404297,78.87816619873047,24.739103317260742,36.89704895019531,35.13084030151367,85.47003173828125,72.59419250488281
2014-11-11,41.47340393066406,24.34315299987793,80.17478942871094,60.67659378051758,45.59027862548828,66.4132080078125,74.00277709960938,40.28667449951172,30.048246383666992,69.73100280761719,18.404909133911133,25.556413650512695,99.4189453125,34.31058120727539,71.89215850830078,17.926799774169922,21.281475067138672,75.94290161132812,91.93917846679688,73.62820434570312,77.57766723632812,53.31090545654297,109.64268493652344,119.12255859375,107.09835052490234,36.05104064941406,66.23237609863281,40.98402786254883,93.8118667602539,55.34283447265625,138.9810791015625,78.57133483886719,13.774557113647461,75.53571319580078,39.54426193237305,154.6103057861328,55.42436218261719,26.71114730834961,8.070910453796387,45.786224365234375,23.615150451660156,50.739501953125,74.12883758544922,114.25714874267578,78.4973373413086,24.446420669555664,37.15141296386719,35.19990158081055,85.05152130126953,72.52042388916016
2014-11-12,41.39702606201172,24.687101364135742,80.05702209472656,60.02835464477539,44.98855209350586,66.27249145507812,73.50916290283203,40.245967864990234,30.189611434936523,70.06272888183594,18.46561050415039,25.6101131439209,98.57881927490234,34.030799865722656,72.03575134277344,17.89828872680664,21.332656860351562,76.2137680053711,92.27271270751953,73.65099334716797,77.92575073242188,53.48998260498047,110.0887680053711,118.76317596435547,107.66671752929688,36.03474807739258,65.88556671142578,40.90725326538086,93.7934799194336,55.37568664550781,138.79537963867188,78.4085922241211,13.750697135925293,74.75943756103516,39.514739990234375,153.2405242919922,55.11782455444336,26.845491409301758,8.188858032226562,45.74552917480469,23.73100471496582,50.35056686401367,74.03340911865234,113.56417083740234,78.5042724609375,24.471235275268555,36.85344314575195,35.192989349365234,84.48796081542969,72.37284088134766
2014-11-13,42.1014289855957,25.035503387451172,80.29256439208984,59.5751953125,44.74340057373047,65.62073516845703,72.75940704345703,40.402034759521484,30.246158599853516,71.05783081054688,18.46561050415039,25.84028434753418,99.1085205078125,34.52252960205078,72.14910125732422,18.304580688476562,22.340028762817383,76.60841369628906,92.66481018066406,73.68891906738281,76.50326538085938,53.17076110839844,112.41525268554688,117.97111511230469,107.26072692871094,36.32805252075195,66.50540924072266,40.34189987182617,94.3446044921875,55.60575866699219,139.61239624023438,77.99749755859375,13.695027351379395,72.8712387084961,39.404029846191406,153.2888641357422,55.09115982055664,26.748470306396484,8.385433197021484,45.648372650146484,23.73506736755371,49.74946594238281,73.92369079589844,114.5493392944336,78.98202514648438,24.53075408935547,36.92611312866211,35.220619201660156,85.03907012939453,71.7087173461914
2014-11-14,42.07594299316406,25.337289810180664,79.62265014648438,59.84583282470703,44.78053665161133,65.25779724121094,73.3521499633789,40.08311080932617,30.203754425048828,70.4665298461914,18.417051315307617,26.047433853149414,99.94255828857422,34.624263763427734,72.7007064819336,18.76076889038086,22.345413208007812,76.0202865600586,92.95735931396484,73.48394775390625,76.67728424072266,52.60237121582031,112.703857421875,115.64608001708984,107.42315673828125,35.69258499145508,65.76750946044922,40.446590423583984,93.60059356689453,55.31818771362305,138.59487915039062,77.6549072265625,13.631402969360352,71.3746566772461,39.37449645996094,153.07937622070312,54.72466278076172,26.636518478393555,8.503379821777344,45.6279296875,23.458656311035156,50.49908447265625,73.26531982421875,113.60590362548828,77.99882507324219,24.198375701904297,37.31855773925781,35.09630584716797,84.48796081542969,71.75790405273438
2014-11-17,41.97411346435547,25.29513168334961,79.7257080078125,59.858421325683594,44.85483932495117,65.05785369873047,72.9926986694336,40.347755432128906,30.338054656982422,70.97129821777344,18.404909133911133,26.269939422607422,99.94255828857422,34.89555358886719,72.51934051513672,18.867687225341797,22.50971794128418,75.85780334472656,92.8637466430664,73.28656005859375,76.9496841430664,52.8826789855957,112.31903839111328,116.71692657470703,108.03211975097656,35.61110305786133,66.4980239868164,40.7816276550293,94.55587768554688,55.28529739379883,137.78524780273438,77.19243621826172,13.591644287109375,70.2417221069336,39.440921783447266,153.0390625,54.54472351074219,26.569337844848633,8.728038787841797,45.3688850402832,23.694416046142578,50.50614547729492,73.01840209960938,113.47235870361328,78.69122314453125,24.332321166992188,37.78367614746094,35.46232986450195,85.08052062988281,71.17573547363281
2014-11-18,41.62397003173828,25.623552322387695,80.11590576171875,59.707359313964844,44.96626663208008,65.13931274414062,72.81613159179688,40.6395263671875,30.76922035217285,70.62516021728516,18.568805694580078,26.630529403686523,98.56057739257812,34.98033905029297,72.85183715820312,18.96034812927246,22.5689754486084,74.27149963378906,93.7181396484375,73.91094207763672,77.20691680908203,52.92159652709961,114.2781982421875,118.99058532714844,109.65605926513672,35.60295867919922,66.4980239868164,40.97005844116211,95.48361206054688,55.687896728515625,138.565185546875,77.57781219482422,13.631402969360352,72.52855682373047,39.31546401977539,152.8053436279297,54.658016204833984,26.47232437133789,8.705575942993164,46.39827346801758,23.787904739379883,50.682945251464844,72.71665954589844,115.2840805053711,78.6565933227539,24.441457748413086,37.973514556884766,35.6280632019043,86.39402770996094,71.5693130493164
2014-11-19,41.179901123046875,25.446035385131836,80.06436920166016,60.173099517822266,45.018272399902344,65.71699523925781,73.44674682617188,40.46989440917969,31.256959915161133,70.96409606933594,18.477750778198242,26.354328155517578,98.28050994873047,34.692100524902344,72.96519470214844,18.953227996826172,22.892200469970703,74.82862091064453,93.4445571899414,73.71248626708984,76.64702606201172,53.17076110839844,115.10909271240234,119.28392791748047,109.29063415527344,35.382991790771484,66.10692596435547,41.04684066772461,94.27113342285156,55.21958923339844,138.14923095703125,77.50932312011719,13.567782402038574,71.57047271728516,39.38187026977539,152.44276428222656,54.658016204833984,26.47978401184082,8.671876907348633,46.21421813964844,23.775718688964844,51.00822067260742,72.44918823242188,114.83325958251953,78.8227767944336,24.376977920532227,38.1268310546875,35.85595703125,87.28904724121094,70.78221130371094
2014-11-20,41.589813232421875,25.80995750427246,79.63738250732422,60.305267333984375,44.66167068481445,65.5244369506836,73.97645568847656,40.29345703125,31.278156280517578,70.71170043945312,18.477750778198242,27.581892013549805,97.79955291748047,34.692100524902344,73.02562713623047,19.11004066467285,22.78176498413086,75.5018310546875,93.75636291503906,73.8345947265625,77.2447738647461,52.99167251586914,115.18780517578125,119.31326293945312,109.00647735595703,35.668148040771484,65.85603332519531,40.90725326538086,93.88533020019531,54.88274002075195,137.8224334716797,77.61209106445312,13.520064353942871,70.34661865234375,39.4704475402832,152.8939666748047,54.66468811035156,26.412607192993164,8.683109283447266,45.90742874145508,23.66596221923828,51.771976470947266,73.18299865722656,115.5929946899414,78.05421447753906,24.223180770874023,38.38236999511719,35.66260528564453,88.1177749633789,69.9950942993164
2014-11-21,40.97493362426758,25.845458984375,79.91893768310547,60.92832946777344,44.90684509277344,65.62073516845703,74.77731323242188,40.48346710205078,31.454879760742188,71.31021881103516,18.48381805419922,27.305686950683594,97.97002410888672,35.132965087890625,73.05584716796875,19.15993881225586,22.800613403320312,76.05123901367188,94.22701263427734,74.97955322265625,80.5436782836914,53.209686279296875,116.13240051269531,119.40860748291016,109.57487487792969,35.69258499145508,65.91508483886719,41.03984832763672,93.85778045654297,55.34282302856445,139.58270263671875,77.41511535644531,13.615495681762695,70.33965301513672,39.71400451660156,152.76507568359375,55.21113204956055,26.517101287841797,8.666259765625,46.07786178588867,23.726930618286133,52.076053619384766,73.62191772460938,116.16078186035156,78.66352844238281,24.426576614379883,38.484596252441406,35.807621002197266,89.23242950439453,71.38892364501953
2014-11-24,40.64188003540039,26.324779510498047,79.19281768798828,60.242332458496094,45.28569793701172,65.25779724121094,74.15302276611328,40.20524215698242,31.292312622070312,71.15880584716797,18.344205856323242,27.812061309814453,98.7188491821289,35.124473571777344,73.42613983154297,19.266857147216797,23.00263023376465,76.14411163330078,94.0622787475586,75.01009368896484,80.17294311523438,52.906036376953125,117.73296356201172,120.41339874267578,109.61544799804688,36.108089447021484,67.05142211914062,41.08871078491211,94.05986022949219,54.98954391479492,140.24374389648438,77.97181701660156,13.663217544555664,70.35359954833984,39.92803192138672,153.15185546875,55.497676849365234,26.584272384643555,8.801054000854492,46.173309326171875,23.783838272094727,51.856834411621094,73.56021881103516,117.48822784423828,78.25499725341797,24.431535720825195,38.659828186035156,35.56591033935547,89.32356262207031,71.75790405273438
2014-11-25,40.539398193359375,26.096214294433594,79.0594253540039,59.650733947753906,44.795406341552734,65.76886749267578,73.24493408203125,40.266326904296875,31.4053955078125,71.33908081054688,18.495962142944336,27.86577033996582,98.48140716552734,34.88710021972656,73.2977066040039,19.44505500793457,22.881425857543945,75.06851959228516,92.9915542602539,75.47573852539062,80.3847885131836,53.2018928527832,117.90786743164062,118.99058532714844,109.04707336425781,35.977725982666016,66.62346649169922,40.84444046020508,93.60059356689453,54.92380905151367,140.13233947753906,78.2801284790039,13.599593162536621,70.71025848388672,39.76567840576172,152.1768798828125,55.477691650390625,26.34544563293457,8.806671142578125,46.227840423583984,23.909852981567383,50.72536849975586,73.46419525146484,118.18952941894531,78.8227767944336,24.535715103149414,38.64522933959961,35.66951370239258,89.25312042236328,71.9792709350586
2014-11-26,40.778507232666016,26.406883239746094,79.43732452392578,59.461936950683594,44.82510757446289,65.82810974121094,72.58911895751953,40.54453659057617,31.522836685180664,71.64193725585938,18.878385543823242,28.310760498046875,98.59709167480469,35.49751281738281,73.35103607177734,19.551969528198242,22.889507293701172,75.60244750976562,93.13861083984375,75.62837219238281,80.04430389404297,53.4821891784668,117.88163757324219,120.8094482421875,109.08768463134766,36.05104064941406,67.0661849975586,41.08174133300781,93.7016372680664,55.30996322631836,141.61471557617188,78.32294464111328,13.607545852661133,70.14383697509766,40.06089782714844,151.9029083251953,55.38438415527344,26.211105346679688,8.767354011535645,46.67778778076172,24.072452545166016,50.08891296386719,73.36817932128906,118.68462371826172,79.04435729980469,24.664684295654297,38.82774353027344,35.807621002197266,89.89537811279297,71.32335662841797
2014-11-28,40.82976531982422,26.39134979248047,80.20793914794922,56.98225402832031,44.691410064697266,66.97610473632812,68.65412139892578,40.985599517822266,31.90717124938965,72.18275451660156,18.908733367919922,28.579286575317383,98.73103332519531,35.95530700683594,73.8008041381836,19.70166015625,23.579042434692383,76.91793823242188,94.18582916259766,75.6207275390625,76.11737823486328,54.182945251464844,117.51431274414062,121.2421875,107.544921875,36.26288986206055,67.4129867553711,41.21434783935547,94.50994873046875,55.96724319458008,143.4191131591797,79.15372467041016,13.551877975463867,70.15779876708984,40.20849609375,152.29901123046875,55.62429428100586,26.25589370727539,8.834752082824707,46.77322769165039,24.32448387145996,46.7227783203125,75.38449096679688,118.2483139038086,80.72688293457031,24.93256950378418,38.46269607543945,36.42915725708008,90.67022705078125,71.0199966430664
2014-12-01,41.52149963378906,25.534791946411133,80.04489135742188,58.12138748168945,44.572540283203125,66.71686553955078,70.45767211914062,41.067039489746094,31.707883834838867,71.87269592285156,18.97550392150879,28.517913818359375,98.34748840332031,35.67555236816406,73.015625,19.666027069091797,23.223495483398438,76.51555633544922,93.05036163330078,74.34600830078125,74.90677642822266,54.03501892089844,115.7912826538086,122.0489730834961,105.63681030273438,36.108089447021484,66.52754211425781,41.21434783935547,94.20682525634766,56.287662506103516,143.07469177246094,78.91388702392578,13.353053092956543,70.31864166259766,39.72138214111328,152.12925720214844,55.05119323730469,26.196186065673828,8.857219696044922,46.20059585571289,24.316347122192383,47.924949645996094,75.29531860351562,116.42755889892578,80.25603485107422,24.95241928100586,38.302059173583984,36.346290588378906,91.10529327392578,73.4468994140625
2014-12-02,41.384864807128906,25.437149047851562,80.40057373046875,59.27941131591797,45.374855041503906,67.45008850097656,71.9017333984375,41.243465423583984,31.700769424438477,72.39187622070312,19.16368293762207,28.84782600402832,99.03545379638672,35.76032638549805,72.5048599243164,19.8299617767334,23.271982192993164,76.32118225097656,94.48590087890625,74.69715881347656,75.29265594482422,54.393157958984375,115.695068359375,124.1538314819336,105.75862121582031,36.8413200378418,66.47587585449219,41.34696960449219,94.96002960205078,57.82404708862305,142.3334503173828,79.65045928955078,13.639359474182129,71.465576171875,40.01659393310547,153.73785400390625,55.477691650390625,26.69622039794922,8.9302339553833,45.505210876464844,24.182205200195312,48.943294525146484,75.72052764892578,117.61060333251953,80.4707260131836,25.081390380859375,38.92266082763672,36.636356353759766,90.7987060546875,72.40560913085938
2014-12-03,41.06032943725586,25.725629806518555,79.81519317626953,59.75773239135742,45.71656036376953,66.6576156616211,71.70629119873047,41.107749938964844,31.174081802368164,71.36483764648438,19.272947311401367,28.71739387512207,100.16172790527344,35.65858459472656,72.80216217041016,19.922624588012695,23.006546020507812,76.655517578125,95.46250915527344,76.30770111083984,75.79960632324219,53.770286560058594,115.42396545410156,123.26639556884766,107.09835052490234,37.21611022949219,65.77488708496094,41.20038986206055,95.5571060180664,58.440250396728516,142.01153564453125,78.15164947509766,13.790910720825195,70.5494155883789,40.14206314086914,154.35218811035156,55.804222106933594,27.255970001220703,8.99201488494873,45.934696197509766,23.844820022583008,50.06771469116211,76.05658721923828,118.28182983398438,79.99642181396484,25.3939151763916,39.21471405029297,36.62944793701172,92.5099868774414,73.9388427734375
2014-12-04,41.709388732910156,25.62798309326172,79.69664764404297,59.392704010009766,45.59770965576172,67.08718872070312,70.80451965332031,41.338462829589844,30.96055793762207,70.9510726928711,19.224380493164062,28.740402221679688,99.87561798095703,35.51445770263672,72.92414855957031,19.794322967529297,22.95779037475586,76.93539428710938,95.46250915527344,75.76575469970703,75.4137191772461,54.073917388916016,114.85545349121094,122.15160369873047,105.92100524902344,37.06129837036133,66.2914047241211,41.10268020629883,94.78550720214844,59.46724319458008,142.04896545410156,78.6484146118164,13.72709846496582,71.20681762695312,40.223243713378906,155.16049194335938,55.744232177734375,27.457487106323242,8.879684448242188,46.2891960144043,24.69845962524414,49.014007568359375,75.73423767089844,117.3337173461914,79.92669677734375,25.269893646240234,38.535701751708984,36.6018180847168,92.69644165039062,73.4386978149414
2014-12-05,41.3506965637207,25.519256591796875,80.40057373046875,59.046546936035156,46.57830810546875,66.93905639648438,69.91534423828125,41.725250244140625,30.981908798217773,70.95833587646484,19.418636322021484,28.901533126831055,99.40071105957031,35.548377990722656,73.41964721679688,19.601871490478516,22.784446716308594,77.47190856933594,95.4684066772461,76.0939712524414,74.74032592773438,54.011653900146484,115.63387298583984,124.12449645996094,105.59622955322266,36.90650177001953,66.92597961425781,42.331077575683594,96.18170928955078,59.03180694580078,142.15380859375,79.35069274902344,14.10197639465332,73.14398193359375,40.61442565917969,157.9897003173828,56.30401611328125,27.793325424194336,8.817904472351074,46.76641082763672,24.787879943847656,47.98153305053711,76.11144256591797,123.92030334472656,79.53611755371094,25.33438491821289,38.878849029541016,36.684696197509766,92.34010314941406,73.56990814208984
2014-12-08,40.735809326171875,24.942296981811523,80.40798950195312,57.712303161621094,46.556007385253906,67.22051239013672,67.34877014160156,41.98988342285156,30.70433235168457,70.97286987304688,19.406492233276367,28.540929794311523,98.54228210449219,35.0735969543457,70.59903717041016,19.4094181060791,22.814239501953125,78.08612823486328,94.6800537109375,75.37650299072266,72.06937408447266,54.0661506652832,113.94583892822266,125.88471221923828,104.29708862304688,37.24053192138672,66.97025299072266,42.345035552978516,96.33788299560547,59.836952209472656,142.13885498046875,80.13007354736328,14.086029052734375,73.82233428955078,40.422523498535156,158.93548583984375,56.51059341430664,28.36053466796875,8.666259765625,46.173309326171875,24.942350387573242,45.98731231689453,75.58334350585938,122.98062133789062,79.5918960571289,25.264938354492188,38.302059173583984,36.55347442626953,92.33592987060547,72.8401870727539
2014-12-09,40.64188003540039,25.323976516723633,80.05970764160156,57.510929107666016,46.3925895690918,67.18345642089844,67.481201171875,40.720970153808594,29.921424865722656,70.50106811523438,19.39435577392578,28.303091049194336,99.23026275634766,35.49751281738281,69.6461181640625,19.544851303100586,22.632755279541016,77.47190856933594,94.62123107910156,75.81156921386719,72.22071838378906,53.980506896972656,113.403564453125,124.23451232910156,103.85050201416016,37.02055358886719,67.33181762695312,41.856468200683594,95.88778686523438,59.327571868896484,142.71531677246094,79.95877838134766,14.006267547607422,74.06712341308594,40.46681213378906,159.15371704101562,56.463966369628906,28.435178756713867,8.666259765625,46.75960159301758,24.995195388793945,45.93781280517578,75.45989990234375,123.80290985107422,79.29898071289062,25.150840759277344,38.72554016113281,36.10458755493164,93.5168685913086,73.13533020019531
2014-12-10,40.0526123046875,24.842443466186523,78.71861267089844,55.80533981323242,45.077693939208984,66.6576156616211,66.12539672851562,40.700599670410156,29.608264923095703,69.81151580810547,19.339723587036133,27.942485809326172,97.72041320800781,34.692100524902344,68.60939025878906,19.15281105041504,22.475664138793945,76.92761993408203,93.09744262695312,74.42235565185547,70.38209533691406,53.62234878540039,109.0129623413086,121.30083465576172,102.5919418334961,36.14883041381836,66.49063110351562,41.374881744384766,94.05986022949219,58.3745231628418,140.68638610839844,79.4363784790039,13.862690925598145,73.31881713867188,40.04612731933594,155.20095825195312,55.94414520263672,27.9052734375,8.51461410522461,46.45962905883789,24.942350387573242,44.93362808227539,75.48047637939453,121.09268188476562,78.92935180664062,24.798627853393555,37.433223724365234,35.90431213378906,91.5113754272461,71.75790405273438
2014-12-11,40.283203125,24.769214630126953,79.07427978515625,56.1389045715332,45.41941833496094,66.9613037109375,66.15693664550781,40.570709228515625,29.558433532714844,69.891357421875,19.212244033813477,28.157318115234375,98.06134796142578,34.556453704833984,69.34883880615234,19.238346099853516,22.705896377563477,77.96172332763672,93.6328125,74.72006225585938,70.13240814208984,53.941566467285156,107.90219116210938,121.80691528320312,103.16033935546875,36.222145080566406,67.09569549560547,41.6540641784668,94.0874252319336,58.8346061706543,141.68960571289062,79.76179504394531,13.934473037719727,72.94815826416016,40.17158508300781,156.44581604003906,56.1174201965332,27.912742614746094,8.582012176513672,49.77281951904297,25.157785415649414,44.983131408691406,75.87138366699219,122.26741027832031,79.53611755371094,24.90776252746582,37.163082122802734,36.24269485473633,92.23650360107422,72.14325714111328
2014-12-12,40.09531021118164,24.34981346130371,77.37748718261719,54.50257873535156,44.60224533081055,66.32432556152344,64.56151580810547,39.46310806274414,29.11716079711914,68.76629638671875,18.787330627441406,27.79672622680664,94.59720611572266,33.869720458984375,69.08202362060547,19.145681381225586,22.700475692749023,77.58073425292969,92.43851470947266,73.1858139038086,68.4753646850586,53.38877868652344,105.62816619873047,120.67008209228516,101.04920959472656,35.59480667114258,66.36518096923828,41.004966735839844,93.44444274902344,57.142127990722656,138.6424102783203,77.93755340576172,13.663287162780762,72.82227325439453,39.63282775878906,152.63046264648438,54.931705474853516,27.054466247558594,8.419132232666016,50.78859329223633,25.01958465576172,44.16281509399414,75.4393310546875,118.77688598632812,78.58760070800781,24.629972457885742,36.396453857421875,35.980281829833984,91.08457946777344,70.84783935546875
2014-12-15,39.85618591308594,24.016944885253906,77.02925109863281,54.691368103027344,43.94850158691406,66.06509399414062,63.60298538208008,38.936683654785156,28.875173568725586,68.33078002929688,18.73270034790039,27.55887222290039,93.18474578857422,34.853179931640625,67.43538665771484,19.017379760742188,22.735687255859375,77.79068756103516,92.27967071533203,73.13235473632812,67.90789794921875,52.906036376953125,106.77394104003906,117.05431365966797,99.83124542236328,35.40742492675781,66.31353759765625,40.86537551879883,93.09535217285156,57.240726470947266,137.91624450683594,77.11534881591797,13.439952850341797,72.14391326904297,39.256412506103516,149.97909545898438,55.21306228637695,26.81563377380371,8.020360946655273,50.06596374511719,25.011451721191406,43.62537384033203,75.95368957519531,119.06218719482422,78.35745239257812,24.560510635375977,36.3818473815918,35.545196533203125,90.37602996826172,71.71690368652344
2014-12-16,38.566650390625,23.688526153564453,76.14007568359375,54.382991790771484,43.406219482421875,66.18356323242188,64.1326904296875,38.834110260009766,28.74705696105957,67.20571899414062,18.617361068725586,27.28268051147461,92.18020629882812,34.446224212646484,67.63359069824219,18.953227996826172,22.470247268676758,75.46589660644531,93.57398986816406,73.56743621826172,67.5976791381836,52.56344223022461,108.67186737060547,116.93696594238281,99.4252700805664,35.35855484008789,68.11396789550781,40.2651252746582,91.82777404785156,56.903865814208984,138.79966735839844,75.57372283935547,13.336258888244629,70.25572204589844,38.946441650390625,148.17648315429688,54.66374969482422,26.509634017944336,7.913649082183838,49.35015106201172,24.99925994873047,44.70735168457031,75.32275390625,120.64797973632812,78.39231872558594,24.471235275268555,36.009483337402344,35.3104133605957,89.77520751953125,71.98747253417969
2014-12-17,39.061988830566406,24.2788028717041,77.11073303222656,56.02560806274414,44.40167999267578,67.17606353759766,66.85690307617188,39.401588439941406,29.572675704956055,68.02596282958984,18.890527725219727,27.804397583007812,92.49681854248047,34.89555358886719,69.86723327636719,19.11004066467285,22.814239501953125,76.92761993408203,94.48590087890625,74.54448699951172,67.90789794921875,53.458839416503906,109.38031005859375,119.9000015258789,100.11544799804688,36.059207916259766,69.4864273071289,41.31205749511719,93.32501220703125,57.741912841796875,138.61997985839844,77.45793151855469,13.766976356506348,71.61246490478516,39.69924545288086,149.56680297851562,56.271507263183594,27.41269302368164,8.11584186553955,49.07746505737305,25.389490127563477,47.33802032470703,74.4449234008789,120.50538635253906,79.41055297851562,24.77383041381836,36.243125915527344,36.04243087768555,92.09562683105469,72.75817108154297
2014-12-18,40.58210754394531,24.99777603149414,79.14093780517578,57.372474670410156,45.6719856262207,68.13890075683594,68.75505065917969,40.32456970214844,30.1705379486084,69.21631622314453,19.406492233276367,28.402830123901367,95.99747467041016,38.4478645324707,71.40709686279297,19.70879364013672,23.277408599853516,78.2727279663086,97.25105285644531,76.81150817871094,69.37577819824219,54.0972785949707,109.91383361816406,123.56708526611328,103.02506256103516,37.28941345214844,70.48257446289062,42.42879867553711,96.06230926513672,59.52474594116211,143.47900390625,79.7960433959961,13.982336044311523,73.80835723876953,40.74726104736328,154.8856964111328,57.87255096435547,28.435178756713867,8.318037986755371,50.70679473876953,25.869150161743164,49.32516860961914,76.0771255493164,124.6419448852539,80.49161529541016,25.4335994720459,37.352909088134766,36.95402908325195,94.06378936767578,73.41412353515625
2014-12-19,40.70166015625,24.804716110229492,78.20734405517578,58.93325424194336,46.00628662109375,68.17593383789062,71.21439361572266,40.73479080200195,29.85736656188965,69.27436828613281,19.388280868530273,27.904130935668945,96.50279998779297,38.99893569946289,71.0640640258789,19.794322967529297,23.06613540649414,79.25240325927734,97.35694885253906,77.21603393554688,69.39093017578125,54.48659133911133,110.40362548828125,124.80659484863281,104.99214935302734,37.51752853393555,70.61539459228516,42.784751892089844,96.01639556884766,59.48366928100586,144.3849334716797,79.56482696533203,14.054118156433105,75.84342956542969,40.18635940551758,156.2356414794922,58.09364318847656,28.74115753173828,8.441596984863281,49.922794342041016,25.832555770874023,50.19498825073242,76.09772491455078,125.77459716796875,80.79149627685547,25.081390380859375,38.14142608642578,37.16120147705078,94.4325942993164,73.87324523925781
2014-12-22,40.97493362426758,25.062129974365234,79.08909606933594,58.7381706237793,46.01373291015625,68.58326721191406,70.6468505859375,40.3109016418457,30.142057418823242,70.13092041015625,19.479339599609375,28.548593521118164,98.28659057617188,38.70219421386719,71.57482147216797,20.115087509155273,23.396583557128906,80.47311401367188,98.41007232666016,77.25420379638672,69.85246276855469,54.7046012878418,112.14411163330078,120.67008209228516,105.36095428466797,37.77824401855469,71.65582275390625,42.61724090576172,96.63179779052734,58.67851257324219,147.08016967773438,80.18147277832031,14.125904083251953,64.96868133544922,40.570133209228516,157.17323303222656,58.428565979003906,28.78594398498535,8.54831314086914,50.63179397583008,26.104915618896484,49.162498474121094,76.81096649169922,127.7380142211914,81.21693420410156,25.16158676147461,38.49190139770508,37.55483627319336,95.13700866699219,73.9880142211914
2014-12-23,41.376312255859375,24.973365783691406,77.26632690429688,59.53114700317383,46.41488265991211,69.09432220458984,71.85761260986328,39.11441421508789,30.58333969116211,70.66799926757812,19.090839385986328,28.71739387512207,98.77365112304688,39.00740432739258,71.8263931274414,20.136465072631836,23.4724178314209,80.67529296875,98.17472076416016,77.84196472167969,70.74530029296875,55.2807731628418,113.72718811035156,115.52882385253906,106.05763244628906,37.248687744140625,72.21660614013672,41.29112243652344,95.81429290771484,57.2982292175293,146.5710906982422,80.35274505615234,14.30138874053955,62.55598068237305,40.939151763916016,158.03012084960938,58.676429748535156,29.06955337524414,8.610095024108887,52.15886688232422,26.12930679321289,50.244483947753906,77.11957550048828,126.96611785888672,82.2840347290039,25.326993942260742,38.82044219970703,37.5755615234375,95.74613952636719,74.4881820678711
2014-12-24,41.11157989501953,24.85575294494629,77.49604034423828,59.02136993408203,46.41488265991211,68.98324584960938,71.55491638183594,39.285343170166016,30.561992645263672,70.4720230102539,19.0726261138916,28.725067138671875,98.5179672241211,39.19391632080078,71.5290756225586,20.172101974487305,23.410120010375977,80.51976013183594,98.22770690917969,77.8266830444336,70.91175079345703,54.86811065673828,114.7854995727539,117.83907318115234,105.85272979736328,37.23239517211914,72.23137664794922,41.284141540527344,95.74079895019531,57.64331817626953,147.06521606445312,80.57543182373047,14.341272354125977,63.84275817871094,40.843204498291016,158.34539794921875,58.50898361206055,28.96506690979004,8.593244552612305,52.2679328918457,26.035818099975586,49.59389877319336,77.09214782714844,127.33524322509766,82.1375732421875,25.24178123474121,38.776641845703125,37.506507873535156,95.766845703125,74.00444030761719
2014-12-26,40.88954162597656,25.29513168334961,77.84427642822266,58.66263198852539,46.46686935424805,69.22021484375,71.41618347167969,39.50413513183594,30.576231002807617,70.44300079345703,19.212244033813477,28.809450149536133,98.83451080322266,39.083709716796875,72.25328063964844,20.207744598388672,23.540138244628906,80.66748809814453,97.81582641601562,77.57479858398438,71.2976303100586,55.18733215332031,115.12660217285156,119.88530731201172,105.6478271484375,37.35459518432617,72.49700927734375,41.584266662597656,95.52955627441406,57.83224868774414,147.37217712402344,80.75524139404297,14.341272354125977,65.59111785888672,40.798919677734375,157.9897003173828,58.40847396850586,28.897890090942383,8.677492141723633,52.12478256225586,26.13337516784668,49.417076110839844,76.762939453125,127.15907287597656,82.49327087402344,25.36207389831543,39.00297546386719,37.55483627319336,95.96158599853516,73.9880142211914
2014-12-29,40.52231979370117,25.277372360229492,78.04432678222656,58.57453918457031,46.77144241333008,68.6128921508789,71.46033477783203,39.46994400024414,30.505046844482422,70.21073150634766,19.054418563842773,28.525590896606445,97.72041320800781,38.66828918457031,72.45149993896484,20.286157608032227,23.466999053955078,81.27396392822266,98.08061981201172,77.6053466796875,70.90416717529297,54.875885009765625,115.7038345336914,119.43793487548828,105.31998443603516,37.15091323852539,71.98049926757812,41.74479675292969,95.6397933959961,57.5940055847168,146.47373962402344,80.73817443847656,14.444958686828613,68.04581451416016,41.11628341674805,158.587890625,58.455360412597656,29.077009201049805,8.71680736541748,52.34975051879883,26.174015045166016,49.57974624633789,77.11957550048828,126.76473236083984,81.90742492675781,25.17662811279297,38.79124069213867,37.506507873535156,96.32208251953125,74.40069580078125
2014-12-30,40.15510177612305,24.96892547607422,78.06656646728516,58.543052673339844,46.9125862121582,68.43517303466797,71.32791900634766,39.41523742675781,30.433879852294922,69.65180969238281,19.04834747314453,28.20334815979004,97.44036865234375,38.43937683105469,71.84925842285156,20.214876174926758,23.507631301879883,81.0718002319336,97.56877136230469,76.88021087646484,70.05674743652344,54.5333137512207,115.30150604248047,117.80973052978516,104.7872085571289,37.22422790527344,71.96573638916016,41.70968246459961,95.8510513305664,57.21607971191406,146.31654357910156,80.73817443847656,14.460906982421875,66.63311004638672,40.90224838256836,158.1998748779297,58.22089767456055,29.106874465942383,8.705575942993164,51.84526062011719,26.222793579101562,49.45246124267578,76.906982421875,126.49625396728516,81.84465026855469,24.97613525390625,38.61602020263672,37.53412628173828,95.99060821533203,73.83944702148438
2014-12-31,39.668312072753906,24.494049072265625,77.4812240600586,58.18431091308594,46.489158630371094,67.46492004394531,70.74144744873047,38.8272705078125,30.049541473388672,68.6356430053711,18.908733367919922,27.842756271362305,97.67776489257812,38.125694274902344,71.4299545288086,19.8299617767334,23.26114273071289,81.61605834960938,96.67449951171875,76.26956176757812,69.25474548339844,53.871482849121094,113.68345642089844,116.82691192626953,103.55780029296875,36.678375244140625,71.06552124023438,41.45685958862305,94.5283203125,56.68202209472656,144.17526245117188,79.68470764160156,14.26948070526123,65.91978454589844,40.45942687988281,156.6802215576172,57.51752471923828,28.957597732543945,8.705575942993164,51.94752883911133,26.100847244262695,48.83721160888672,76.24173736572266,123.66860961914062,80.58228302001953,24.695446014404297,37.96621322631836,36.82971954345703,95.77925872802734,73.0223388671875
2015-01-02,39.93304443359375,24.26104736328125,77.44416046142578,58.42348861694336,46.72092819213867,66.9834976196289,70.99369049072266,39.10076141357422,29.99259376525879,68.54853057861328,19.01799964904785,27.89645767211914,98.66407775878906,37.58310317993164,71.09453582763672,19.81560516357422,23.26656150817871,80.418701171875,96.52153015136719,76.50618743896484,69.51953887939453,53.75469970703125,113.65721130371094,117.2669906616211,102.69722747802734,36.580604553222656,70.17263793945312,41.793949127197266,94.454833984375,57.561126708984375,144.7292938232422,79.6675796508789,14.27745532989502,66.37438201904297,40.370849609375,157.1490478515625,57.450523376464844,28.89044189453125,8.62694263458252,51.811180114746094,25.82443618774414,48.738224029541016,75.699951171875,122.88829803466797,80.58924102783203,24.54507827758789,37.98081970214844,36.677791595458984,95.05413055419922,72.9150161743164
2015-01-05,39.56583023071289,23.57757568359375,76.90327453613281,56.824913024902344,45.270484924316406,66.6650161743164,68.15596008300781,39.68190383911133,29.99259376525879,68.033203125,18.914806365966797,27.581892013549805,97.11160278320312,37.0560302734375,70.30933380126953,19.420873641967773,23.198854446411133,78.7314682006836,94.3447036743164,75.04825592041016,65.84983825683594,53.35761260986328,112.87005615234375,115.87348937988281,100.81211853027344,36.58876419067383,69.47905731201172,41.14082336425781,92.8290023803711,56.994232177734375,141.7195587158203,77.56070709228516,13.862690925598145,67.6891098022461,39.263797760009766,152.24241638183594,56.13081741333008,27.98736572265625,8.289952278137207,50.78859329223633,25.641521453857422,46.418697357177734,74.18431091308594,120.29557800292969,80.1289291381836,24.40472984313965,36.666595458984375,36.01481246948242,92.60111236572266,71.35502624511719
2015-01-06,38.98512649536133,23.579795837402344,76.52539825439453,56.52281188964844,44.09667205810547,66.36137390136719,68.12440490722656,41.24072265625,30.22035026550293,67.51786041259766,19.0726261138916,27.067848205566406,95.01727294921875,36.67348861694336,70.4389419555664,19.41370391845703,23.37762451171875,78.49046325683594,93.3386459350586,74.87269592285156,65.42613220214844,52.797019958496094,111.54061126708984,112.1404037475586,98.6401138305664,36.17326354980469,69.53070831298828,41.070587158203125,93.19642639160156,57.281803131103516,141.05320739746094,75.90773010253906,13.447930335998535,68.29054260253906,38.444583892822266,149.1626739501953,55.139366149902344,27.181325912475586,8.211321830749512,50.918113708496094,25.641521453857422,44.502262115478516,73.69737243652344,120.95844268798828,79.35478210449219,24.550090789794922,35.94378662109375,35.925025939941406,92.37322235107422,70.76075744628906
2015-01-07,39.48044204711914,23.910436630249023,78.21475219726562,57.09553527832031,44.16395568847656,66.70946502685547,68.06765747070312,42.1226921081543,30.597566604614258,69.49214935302734,19.333648681640625,27.635595321655273,94.39628601074219,36.6819953918457,71.66630554199219,19.593122482299805,23.99787712097168,81.1806869506836,94.01522827148438,75.41465759277344,66.44004821777344,53.21748352050781,113.27239990234375,116.05689239501953,98.68110656738281,36.46654510498047,70.78511810302734,41.604339599609375,95.38257598876953,56.87921142578125,142.87257385253906,77.5655746459961,13.511740684509277,69.5703353881836,38.67335510253906,151.38558959960938,55.949954986572266,27.56943130493164,8.447216033935547,52.220218658447266,26.41791343688965,44.799278259277344,74.38319396972656,124.78457641601562,79.90576171875,25.001195907592773,36.48405838012695,36.684696197509766,92.78345489501953,70.45538330078125
2015-01-08,40.64188003540039,24.829132080078125,78.82975769042969,58.045875549316406,45.15085220336914,67.4723129272461,69.62527465820312,42.970489501953125,30.96767807006836,70.75507354736328,19.72821617126465,28.149639129638672,96.4479751586914,36.903018951416016,71.93309020996094,19.74384307861328,24.504383087158203,82.97672271728516,96.26854705810547,76.78861999511719,67.12101745605469,53.941566467285156,115.2752914428711,115.63878631591797,99.86956024169922,37.21611022949219,72.29041290283203,42.64373779296875,100.24171447753906,58.226654052734375,146.09190368652344,78.6650619506836,13.790910720825195,71.54248809814453,39.529502868652344,153.80258178710938,56.613162994384766,27.979915618896484,8.66064453125,52.86785888671875,26.909765243530273,45.9166145324707,75.72052764892578,127.67927551269531,81.59357452392578,25.42222023010254,35.951080322265625,37.283226013183594,95.2530517578125,71.3880615234375
2015-01-09,40.30025863647461,24.85575294494629,77.75537109375,57.96403121948242,44.36582565307617,66.84278869628906,68.23795318603516,42.772212982177734,30.626041412353516,70.27604675292969,19.819271087646484,28.20334815979004,96.8680648803711,36.88600540161133,71.05644226074219,19.944795608520508,24.201021194458008,81.55388641357422,95.08599090576172,75.51387023925781,66.31898498535156,53.41212463378906,115.04786682128906,114.2159423828125,98.47625732421875,36.825035095214844,72.25350189208984,42.362815856933594,99.20374298095703,57.4543342590332,146.0095977783203,77.66864776611328,13.543643951416016,71.47954559326172,38.88001251220703,151.4421844482422,56.184425354003906,27.52465057373047,8.54269790649414,51.58621597290039,26.763431549072266,45.90952682495117,75.16500091552734,128.15757751464844,80.86124420166016,25.36207389831543,35.644432067871094,36.90740966796875,94.04724884033203,70.6947250366211
2015-01-12,39.79641342163086,24.2432918548584,77.48863983154297,56.850067138671875,43.9845085144043,66.59835052490234,66.76862335205078,42.594444274902344,30.348453521728516,69.98570251464844,19.89211654663086,28.080595016479492,95.24252319335938,36.78399658203125,70.90397644042969,20.131397247314453,24.38249397277832,81.18843078613281,94.56822967529297,75.1474838256836,65.74396514892578,53.147403717041016,114.46184539794922,114.5753402709961,98.27131652832031,37.134613037109375,71.72222137451172,43.669090270996094,97.53199005126953,57.03532409667969,145.5978240966797,76.87840270996094,13.30435562133789,70.78018951416016,38.4150505065918,149.59915161132812,55.554725646972656,27.144027709960938,8.54831314086914,51.60666275024414,26.828475952148438,44.60126495361328,75.19242858886719,127.51148223876953,80.73571014404297,25.52247428894043,35.19905090332031,36.642940521240234,93.7488784790039,70.52965545654297
2015-01-13,39.59144592285156,24.458539962768555,77.62200927734375,56.642391204833984,43.99199676513672,66.87982177734375,65.70919036865234,42.519248962402344,30.341350555419922,69.9349136352539,19.691789627075195,28.003864288330078,95.46778869628906,36.494956970214844,70.7667465209961,20.167282104492188,24.190189361572266,80.6519546508789,94.49766540527344,75.6817855834961,65.3504867553711,53.51333999633789,114.72425842285156,113.78324127197266,97.7795639038086,36.536720275878906,71.7517318725586,44.329261779785156,98.12905883789062,57.00244903564453,145.50791931152344,76.64646911621094,13.120903968811035,67.98284912109375,38.26743698120117,149.4860076904297,55.64179229736328,26.89027214050293,8.54269790649414,51.30671310424805,26.828475952148438,44.15574645996094,75.5147705078125,127.53668212890625,80.95889282226562,25.72296142578125,35.250160217285156,36.68470001220703,94.05555725097656,70.89282989501953
2015-01-14,39.249847412109375,24.365345001220703,77.05886840820312,56.478763580322266,42.47425842285156,66.65019989013672,65.52002716064453,42.82691192626953,30.291532516479492,70.16716766357422,19.71607208251953,27.888778686523438,94.85291290283203,36.60548400878906,69.7833480834961,20.038095474243164,23.458877563476562,79.8044662475586,94.03875732421875,75.33068084716797,65.12348937988281,53.29533004760742,114.03331756591797,113.7978744506836,97.45171356201172,36.266441345214844,71.81815338134766,44.209869384765625,98.68936920166016,57.314666748046875,144.66940307617188,74.79107666015625,12.793878555297852,69.41647338867188,37.824615478515625,145.68678283691406,54.777626037597656,26.27828025817871,8.486528396606445,51.12263488769531,26.726850509643555,44.28303527832031,75.00727844238281,127.62895965576172,81.06352996826172,25.92845916748047,34.6441650390625,36.83084487915039,94.04724884033203,71.37979888916016
2015-01-15,38.83993148803711,23.70406723022461,75.94003295898438,55.987857818603516,41.113529205322266,66.5539321899414,64.7443618774414,42.30729675292969,30.16341209411621,70.16716766357422,19.667505264282227,27.76603126525879,94.10407257080078,36.239933013916016,69.661376953125,19.672075271606445,23.667434692382812,78.53707885742188,93.93284606933594,74.12464904785156,64.3224868774414,53.194114685058594,113.82339477539062,111.42163848876953,96.63213348388672,35.996177673339844,71.70008850097656,43.2828254699707,98.15660858154297,57.2982292175293,144.02552795410156,73.76889038085938,12.12387752532959,68.11572265625,37.43345642089844,144.2802734375,54.28190612792969,25.808088302612305,8.34611701965332,50.97948455810547,27.076427459716797,43.42737579345703,74.9524154663086,127.79680633544922,81.06352996826172,26.299373626708984,34.468936920166016,37.1997184753418,93.72818756103516,71.97406005859375
2015-01-16,39.48897171020508,23.519878387451172,77.08853149414062,57.34727096557617,41.816322326660156,67.5833969116211,66.28935241699219,43.09355545043945,30.270179748535156,70.61721801757812,19.91031837463379,27.96550750732422,95.6687240600586,36.98801803588867,69.74523162841797,19.8658504486084,23.502208709716797,80.9551773071289,95.3095474243164,74.97193145751953,63.97160720825195,53.85593032836914,114.38316345214844,116.19622039794922,96.67310333251953,36.438453674316406,72.85855865478516,43.76041030883789,99.10272216796875,58.07052993774414,145.77745056152344,73.90634155273438,12.26744556427002,70.4305419921875,38.11245346069336,143.26177978515625,54.59675216674805,26.03945541381836,8.435980796813965,51.831634521484375,27.129276275634766,44.608341217041016,75.64505767822266,128.65261840820312,82.05387115478516,26.590084075927734,34.81208801269531,37.17188262939453,95.4602279663086,72.05662536621094
2015-01-20,39.6170768737793,24.12567901611328,75.0509033203125,57.328399658203125,41.65182113647461,67.53897857666016,67.14067840576172,42.80638885498047,30.718568801879883,70.77690124511719,20.092430114746094,27.689302444458008,95.55304718017578,37.3195686340332,69.21923828125,20.145753860473633,23.480546951293945,80.27874755859375,95.2742691040039,75.55205535888672,64.05552673339844,53.69242477416992,114.76799011230469,115.58750915527344,97.73858642578125,36.21730422973633,72.84374237060547,43.858726501464844,99.62628936767578,59.17969512939453,146.55612182617188,74.95427703857422,12.171732902526855,72.57752227783203,38.378150939941406,141.968505859375,54.502960205078125,25.934967041015625,8.430365562438965,51.84526062011719,26.991060256958008,44.68612289428711,76.33776092529297,128.98818969726562,81.97018432617188,26.98103141784668,34.46163558959961,37.86087417602539,94.54035186767578,71.91629791259766
2015-01-21,39.21568298339844,24.309864044189453,75.50289154052734,57.81929397583008,41.78641891479492,67.67623901367188,68.20641326904297,42.49872970581055,30.860916137695312,70.69703674316406,19.813196182250977,27.988523483276367,92.59420776367188,36.97103500366211,68.8685531616211,19.980682373046875,23.466999053955078,80.49645233154297,95.62725067138672,75.75814819335938,65.12349700927734,53.49674606323242,115.80878448486328,115.42613220214844,98.5172119140625,36.08626937866211,73.68052673339844,43.507572174072266,101.16027069091797,59.35221862792969,146.36891174316406,75.30644226074219,12.291372299194336,72.4376449584961,38.45195770263672,143.1971435546875,54.402496337890625,25.920034408569336,8.407898902893066,51.53166961669922,27.234966278076172,45.64080810546875,76.59150695800781,129.4161834716797,82.01203155517578,27.201574325561523,34.82668685913086,37.6381721496582,94.48648834228516,72.32899475097656
2015-01-22,40.249019622802734,24.942296981811523,76.88104248046875,58.44865417480469,43.05743408203125,68.34007263183594,68.68566131591797,42.792720794677734,31.15985679626465,71.78581237792969,19.916397094726562,28.318435668945312,94.60330963134766,37.44708251953125,69.2878189086914,20.454357147216797,23.916622161865234,82.47134399414062,97.59819030761719,75.86499786376953,66.22962951660156,54.25594711303711,118.6338119506836,117.03233337402344,99.50074005126953,36.438453674316406,74.25812530517578,43.60588455200195,103.04329681396484,59.532958984375,148.3080291748047,72.47183227539062,12.833758354187012,73.52862548828125,39.684478759765625,147.14987182617188,55.70877456665039,26.517101287841797,8.441596984863281,51.82481384277344,27.519506454467773,46.178253173828125,78.35404205322266,131.3124237060547,82.98147583007812,27.397064208984375,35.104148864746094,38.12535095214844,95.86212921142578,73.88074493408203
2015-01-23,40.29174041748047,25.07101058959961,75.72518157958984,57.202518463134766,42.3770637512207,67.19137573242188,67.38031005859375,42.724365234375,30.82533836364746,71.51724243164062,19.697864532470703,27.96550750732422,94.89552307128906,37.566097259521484,68.27393341064453,20.24622917175293,23.973499298095703,81.92707824707031,96.49797058105469,78.23888397216797,65.30656433105469,52.54969787597656,117.74169158935547,117.20830535888672,100.32035827636719,35.92245864868164,74.50990295410156,43.59184646606445,101.01329803466797,59.261844635009766,147.82138061523438,72.26569366455078,12.546613693237305,73.80835723876953,39.3080940246582,145.8970184326172,55.045589447021484,26.233501434326172,8.374201774597168,51.53166961669922,27.62519645690918,45.718589782714844,70.59064483642578,131.05227661132812,77.86924743652344,27.161481857299805,34.95081329345703,37.97224044799805,94.39530181884766,72.92329406738281
2015-01-26,40.14656448364258,25.097637176513672,75.7696533203125,57.750057220458984,42.44436264038086,66.81846618652344,68.66043090820312,42.949974060058594,30.604707717895508,71.63336181640625,19.91031837463379,27.474485397338867,95.1938247680664,37.3195686340332,69.1200942993164,20.073986053466797,24.00600814819336,82.69681549072266,96.6274185180664,77.77326202392578,65.626953125,51.884403228759766,117.2606430053711,117.14965057373047,100.77114868164062,36.15998077392578,74.79869842529297,43.865745544433594,100.49893951416016,59.245418548583984,146.50369262695312,71.552734375,12.642329216003418,74.90631103515625,39.54426193237305,145.8403778076172,55.54801940917969,26.20364761352539,8.469679832458496,51.70210266113281,28.015426635742188,46.54598617553711,70.19287872314453,130.5068817138672,76.61384582519531,27.286785125732422,35.2574577331543,38.24366760253906,94.39946746826172,72.98931884765625
2015-01-27,36.43164825439453,24.21887969970703,75.6436538696289,57.24027633666992,42.018184661865234,64.51356506347656,68.26949310302734,42.772212982177734,30.1705379486084,70.2034683227539,19.788915634155273,26.231571197509766,93.55613708496094,36.89451217651367,68.28156280517578,19.306047439575195,23.708065032958984,81.76380157470703,96.26854705810547,77.01761627197266,60.912620544433594,51.39132308959961,115.87001037597656,116.53356170654297,99.91056060791016,35.77503204345703,74.65801239013672,43.53567123413086,99.9661636352539,58.93321990966797,142.66293334960938,70.77964782714844,12.4668550491333,73.4516830444336,39.09405517578125,142.66368103027344,54.91161346435547,25.867799758911133,8.34050178527832,51.08171844482422,28.186159133911133,46.347991943359375,69.1641616821289,128.3253631591797,77.213623046875,27.34693717956543,35.250160217285156,38.35502243041992,93.62877655029297,71.01661682128906
2015-01-28,35.176273345947266,25.588045120239258,75.19170379638672,55.35219192504883,40.93408966064453,63.51407241821289,65.40019226074219,42.013309478759766,29.836013793945312,69.47762298583984,19.39435577392578,25.916996002197266,92.26545715332031,36.29093551635742,67.6793212890625,19.241456985473633,23.5157527923584,81.4372329711914,96.45092010498047,76.1932144165039,61.03470993041992,50.968666076660156,122.1323013305664,113.41654968261719,97.69758605957031,35.553890228271484,73.75458526611328,43.0721435546875,99.84674835205078,58.308815002441406,141.68960571289062,70.20413208007812,12.12387752532959,71.64738464355469,38.496238708496094,139.88296508789062,53.07609176635742,25.276487350463867,8.204330444335938,50.29092788696289,27.99916648864746,44.2547492980957,68.10112762451172,127.67091369628906,76.46038818359375,27.071260452270508,34.67336654663086,37.6381721496582,91.8801498413086,69.81158447265625
2015-01-29,35.87655258178711,26.38469123840332,75.8585205078125,55.11932373046875,41.62192916870117,63.90192794799805,64.95247650146484,42.450870513916016,29.964141845703125,69.70266723632812,19.321510314941406,26.246912002563477,94.65809631347656,36.43545913696289,71.10215759277344,19.535709381103516,23.7595272064209,83.67649841308594,97.7393569946289,76.46040344238281,61.02704620361328,54.02898025512695,129.25173950195312,114.68534851074219,98.68110656738281,37.0691032409668,74.13224029541016,42.938690185546875,100.69181823730469,59.245418548583984,144.1228485107422,70.43605041503906,12.307326316833496,72.85726928710938,38.939064025878906,142.2594757080078,53.04928207397461,25.725584030151367,8.425610542297363,50.83631134033203,28.186159133911133,44.424468994140625,68.86924743652344,132.51222229003906,76.87189483642578,27.261730194091797,34.987335205078125,37.32497787475586,93.5251693725586,70.9093246459961
2015-01-30,34.50161361694336,25.998573303222656,74.19880676269531,55.018646240234375,40.657447814941406,62.87257766723633,64.6561050415039,41.21337890625,29.30221939086914,68.06948852539062,18.969436645507812,25.349260330200195,93.33696746826172,35.61085891723633,70.46947479248047,18.925668716430664,23.017377853393555,81.18843078613281,95.4860610961914,74.62083435058594,61.004173278808594,52.84711456298828,127.14388275146484,111.67098236083984,97.90249633789062,36.65958023071289,72.68824768066406,42.32770919799805,98.12905883789062,59.155052185058594,141.03077697753906,69.3108139038086,12.083995819091797,73.31182098388672,38.3191032409668,139.3656005859375,52.734439849853516,25.306427001953125,8.346175193786621,50.27729034423828,28.068265914916992,44.5376091003418,67.78568267822266,131.6900177001953,75.29568481445312,26.615140914916992,34.045467376708984,36.52460479736328,92.3525161743164,70.3150405883789
2015-02-02,35.25313949584961,26.324779510498047,74.7100601196289,56.37805938720703,41.4724006652832,63.49168014526367,66.88212585449219,41.62358856201172,29.601139068603516,69.1945571899414,19.212244033813477,25.8172664642334,94.15887451171875,36.28243637084961,70.5228042602539,19.255807876586914,23.215103149414062,81.19624328613281,96.7332992553711,76.15507507324219,61.6678466796875,53.9976692199707,127.92231750488281,111.84699249267578,99.21385955810547,37.044525146484375,73.3917007446289,42.299617767333984,99.09352111816406,58.900352478027344,141.74951171875,70.54773712158203,12.331257820129395,74.2629165649414,38.97596740722656,141.8553009033203,53.59861755371094,25.762998580932617,8.663908004760742,51.054473876953125,28.324356079101562,46.5106201171875,68.67036437988281,133.56948852539062,76.79515838623047,26.966005325317383,35.16984558105469,36.93524932861328,92.70474243164062,71.51185607910156
2015-02-03,35.52640914916992,26.329219818115234,75.91781616210938,58.058441162109375,42.4069709777832,64.11077880859375,69.0703353881836,41.719322204589844,29.62961769104004,69.82603454589844,19.436843872070312,25.85563087463379,96.4784164428711,36.58848190307617,71.59769439697266,19.46393585205078,23.34511375427246,83.3810043334961,97.6275863647461,77.30000305175781,64.01737976074219,54.15420150756836,128.8668975830078,111.64895629882812,100.27938079833984,37.535953521728516,74.14704895019531,42.03975296020508,99.84674835205078,58.24308776855469,143.74850463867188,71.92208099365234,12.674232482910156,74.95528411865234,39.44832229614258,145.69485473632812,54.429283142089844,26.227075576782227,8.879512786865234,50.98629379272461,28.65768814086914,47.90373992919922,68.97211456298828,134.65182495117188,76.83702087402344,27.196571350097656,35.600616455078125,37.06747817993164,94.01825714111328,73.15441131591797
2015-02-04,35.73136901855469,26.531147003173828,75.10276794433594,57.56124496459961,42.152767181396484,63.9914436340332,68.32624053955078,40.3724365234375,29.665205001831055,70.11637115478516,19.638925552368164,25.963809967041016,95.55912780761719,36.06142044067383,71.69679260253906,19.155330657958984,23.46971321105957,84.29074096679688,96.9627685546875,76.90308380126953,62.51457595825195,54.162017822265625,128.76193237304688,111.07691955566406,99.00898742675781,36.995384216308594,74.39141845703125,41.604339599609375,101.13269805908203,57.692596435546875,143.9581756591797,71.81902313232422,12.594470024108887,68.8360595703125,39.396305084228516,144.5147705078125,54.302032470703125,26.024980545043945,9.0043363571167,50.904483795166016,29.003198623657227,46.58134460449219,68.9447021484375,135.79299926757812,76.62081146240234,27.08128547668457,33.69501876831055,37.039642333984375,94.24615478515625,73.19566345214844
2015-02-05,36.25231170654297,26.720516204833984,75.91781616210938,58.127689361572266,42.44436264038086,64.67021179199219,68.93158721923828,40.4544677734375,29.743494033813477,70.1236343383789,20.202314376831055,26.226537704467773,96.1374740600586,36.690486907958984,71.91785430908203,19.564414978027344,23.64034652709961,84.7416763305664,97.98646545410156,78.11675262451172,63.75039291381836,54.62381362915039,129.9689483642578,112.4777603149414,100.40230560302734,37.38853454589844,74.61356353759766,42.299617767333984,103.08004760742188,58.670291900634766,145.2908172607422,72.78106689453125,12.738045692443848,69.86408233642578,39.87175750732422,146.12330627441406,54.76422119140625,26.144725799560547,8.992988586425781,50.98629379272461,29.084497451782227,47.78353500366211,69.5824966430664,136.79147338867188,76.73240661621094,26.900848388671875,35.54222106933594,37.16490936279297,95.45606994628906,73.55882263183594
2015-02-06,36.21814727783203,26.495506286621094,74.91010284423828,58.01988220214844,43.2817268371582,63.8571662902832,69.12077331542969,40.19467544555664,29.501506805419922,70.19621276855469,20.31254005432129,25.731992721557617,96.0822982788086,36.53746795654297,71.65104675292969,19.550060272216797,23.653892517089844,84.7805404663086,97.70405578613281,77.66639709472656,63.475746154785156,54.24029541015625,129.4441375732422,111.04024505615234,100.48428344726562,37.265663146972656,74.50249481201172,41.90631866455078,102.60240936279297,57.8076171875,146.1742706298828,73.02159118652344,13.152809143066406,68.17166137695312,40.45123291015625,148.27345275878906,55.139366149902344,26.788436889648438,8.998661994934082,51.91343307495117,29.149545669555664,47.72694778442383,69.04070281982422,136.1286163330078,76.05589294433594,26.73042869567871,34.724483489990234,36.99787521362305,95.65911102294922,73.44329833984375
2015-02-09,36.17544174194336,26.671510696411133,73.93208312988281,58.05792236328125,43.229393005371094,63.439456939697266,69.63785552978516,39.880165100097656,29.344919204711914,69.65908813476562,20.251312255859375,25.446077346801758,95.48760986328125,36.89451217651367,70.68289947509766,19.46393585205078,23.26927375793457,84.2363052368164,96.98040008544922,77.54427337646484,64.5895004272461,54.06027603149414,129.0767822265625,110.02074432373047,100.97602081298828,36.463016510009766,73.72494506835938,41.330448150634766,101.977783203125,57.19142532348633,144.51217651367188,72.99581146240234,13.041142463684082,67.76605224609375,40.27292251586914,147.29542541503906,54.563255310058594,26.668676376342773,9.032709121704102,52.0838737487793,28.799955368041992,47.98153305053711,68.89669036865234,136.74110412597656,75.47699737548828,26.64521598815918,34.59305953979492,36.88652420043945,93.98506927490234,73.41854095458984
2015-02-10,36.380409240722656,27.183902740478516,74.35438537597656,57.70915985107422,43.707889556884766,63.69306182861328,69.480224609375,40.23569869995117,30.177644729614258,71.1252670288086,20.912677764892578,26.04108238220215,97.21037292480469,37.39606857299805,71.67388916015625,19.729488372802734,23.64305877685547,86.04791259765625,97.55699157714844,78.1930923461914,64.00212860107422,54.34986877441406,129.47911071777344,112.49076843261719,101.3038558959961,36.79062271118164,75.29483032226562,42.018699645996094,104.43952178955078,57.92264938354492,146.49620056152344,73.73455047607422,13.096973419189453,68.75911712646484,40.54038619995117,149.18692016601562,55.079071044921875,27.06536865234375,9.12916088104248,52.28158187866211,29.14141845703125,48.08054733276367,69.3218994140625,138.35208129882812,76.17442321777344,26.95096778869629,34.73907470703125,37.04659652709961,94.57349395751953,73.25342559814453
2015-02-11,36.19253921508789,27.821063995361328,74.37665557861328,57.44919967651367,43.64058303833008,63.87954330444336,69.35411834716797,40.160484313964844,30.156301498413086,72.87457275390625,20.97390365600586,25.925174713134766,96.98968505859375,36.86051559448242,71.81876373291016,19.327577590942383,23.385746002197266,85.76799774169922,97.3705062866211,78.18544006347656,63.628353118896484,54.37335205078125,130.17433166503906,112.88887786865234,101.5087890625,36.798824310302734,75.96871948242188,41.65349578857422,105.69792938232422,57.88127136230469,146.97540283203125,73.88056945800781,13.049112319946289,69.92003631591797,40.042640686035156,151.68467712402344,54.99869155883789,27.222570419311523,9.219942092895508,54.21767807006836,29.224966049194336,48.00275802612305,69.20530700683594,139.5267791748047,76.23025512695312,27.44718360900879,34.25718688964844,36.99787521362305,94.5652084350586,73.31121826171875
2015-02-12,36.79887390136719,28.173057556152344,72.93921661376953,58.571556091308594,44.53778076171875,64.17045593261719,70.59586334228516,40.25619888305664,30.013946533203125,72.78020477294922,21.35358428955078,26.37335777282715,97.18583679199219,37.31107711791992,72.48960876464844,21.14335060119629,23.26386070251465,87.20643615722656,98.21707916259766,79.00218963623047,63.71989059448242,54.6707878112793,130.323974609375,112.94049072265625,102.00057220458984,37.03633117675781,76.27228546142578,41.772884368896484,105.61524200439453,58.3612060546875,147.8513641357422,69.13042449951172,13.296382904052734,70.49349975585938,40.755828857421875,153.4064178466797,55.11928176879883,27.6192569732666,9.282357215881348,54.510826110839844,29.526540756225586,48.63898849487305,69.5482177734375,140.36587524414062,76.84400177001953,27.8381290435791,34.844810485839844,36.83780288696289,96.55826568603516,73.76517486572266
2015-02-13,37.464988708496094,28.311187744140625,73.8134994506836,59.205650329589844,44.61253356933594,64.07349395751953,71.81852722167969,40.20834732055664,29.885835647583008,71.95276641845703,21.212738037109375,26.551088333129883,98.3385009765625,37.34506607055664,72.91651916503906,21.121814727783203,23.242189407348633,86.99647521972656,98.23482513427734,79.67390441894531,64.94039916992188,54.85079574584961,131.76722717285156,113.16169738769531,103.0660629272461,37.74888229370117,75.99829864501953,42.166168212890625,105.14680480957031,58.386016845703125,147.4545440673828,67.06887817382812,13.248522758483887,71.26276397705078,41.10499572753906,152.77597045898438,55.23316192626953,27.529436111450195,9.248311996459961,53.89980697631836,29.693635940551758,49.954307556152344,69.808837890625,140.24000549316406,77.4158935546875,27.44718360900879,35.32958221435547,36.52460479736328,98.10797882080078,74.31816864013672
2015-02-17,37.4821891784668,28.47826385498047,74.42110443115234,59.002742767333984,44.93403625488281,63.76766586303711,71.5765380859375,40.19467544555664,29.757728576660156,71.39384460449219,21.175992965698242,26.844724655151367,98.68180847167969,37.26857376098633,71.92545318603516,21.035696029663086,23.282817840576172,87.0820083618164,98.81498718261719,79.38385772705078,65.13113403320312,54.93690490722656,131.93441772460938,113.7220687866211,103.14801788330078,38.010986328125,76.67957305908203,42.20831298828125,106.07454681396484,59.21348571777344,147.91876220703125,67.92786407470703,13.264474868774414,72.61945343017578,41.134708404541016,153.60044860839844,55.26665496826172,27.634227752685547,9.140509605407715,53.4000358581543,29.85258674621582,49.66122055053711,70.3025894165039,140.62594604492188,77.60420227050781,27.637649536132812,35.087181091308594,36.42717361450195,97.7267837524414,74.21913146972656
2015-02-18,37.43919372558594,28.676551818847656,74.06543731689453,57.70915985107422,44.388248443603516,64.3420181274414,70.32841491699219,40.20150375366211,29.700790405273438,72.097900390625,21.114757537841797,26.481536865234375,99.43588256835938,37.48958206176758,72.10083770751953,21.16487693786621,23.372194290161133,87.07424926757812,99.09911346435547,79.85713195800781,64.68867492675781,55.21083068847656,133.0344696044922,114.8575210571289,103.47583770751953,38.010986328125,77.08683776855469,42.14510726928711,106.56136322021484,58.758399963378906,148.6674041748047,68.52912902832031,13.001256942749023,72.68943786621094,40.50323486328125,152.50918579101562,54.737430572509766,27.222570419311523,9.197247505187988,53.256256103515625,29.925933837890625,48.41737747192383,70.3780288696289,140.69305419921875,77.90412139892578,27.68777084350586,35.043121337890625,36.803001403808594,98.16724395751953,76.55500793457031
2015-02-19,37.413387298583984,28.61639404296875,74.6137466430664,56.71366500854492,44.283573150634766,63.55882263183594,68.99748229980469,39.859649658203125,29.971240997314453,71.65513610839844,21.071887969970703,26.435169219970703,100.47811889648438,37.49808883666992,71.80350494384766,21.035696029663086,22.621925354003906,86.25785827636719,98.91561889648438,79.91815185546875,63.544437408447266,54.95254898071289,135.30496215820312,115.05654907226562,103.43449401855469,38.174781799316406,75.99092864990234,41.82204055786133,106.72672271728516,58.849403381347656,151.01829528808594,67.34376525878906,12.929471015930176,71.84320831298828,40.53294372558594,152.8648681640625,55.581512451171875,27.19261932373047,9.322071075439453,52.78386306762695,29.52246856689453,48.19576644897461,70.24679565429688,142.748779296875,77.17876434326172,27.808061599731445,35.09452819824219,37.1997184753418,97.8597412109375,75.69659423828125
2015-02-20,37.723026275634766,28.850317001342773,74.80772399902344,57.018035888671875,44.709754943847656,63.30520248413086,69.15670776367188,39.89384078979492,29.871606826782227,71.90193939208984,21.163745880126953,26.5897216796875,100.3309555053711,37.209049224853516,71.80350494384766,21.251005172729492,22.83319664001465,87.26862335205078,99.52533721923828,80.42195892333984,64.41404724121094,54.97603225708008,139.31788635253906,116.24369049072266,104.26165008544922,38.88733673095703,76.05015563964844,42.50327682495117,108.88530731201172,59.47827911376953,152.72531127929688,68.57207489013672,13.065072059631348,71.7593002319336,40.73353958129883,154.80490112304688,55.95662307739258,27.499502182006836,9.305047988891602,52.80440902709961,29.66510581970215,48.167171478271484,70.4263916015625,144.485595703125,77.38800048828125,27.873228073120117,35.366310119628906,37.21363067626953,98.33345794677734,76.29085540771484
2015-02-23,37.97243118286133,29.630050659179688,74.74805450439453,56.44099426269531,44.37328338623047,63.69306182861328,68.68546295166016,39.859649658203125,29.786195755004883,72.18502044677734,21.059648513793945,26.08745002746582,99.8772964477539,37.21756362915039,71.89498138427734,21.265357971191406,22.914459228515625,87.29974365234375,99.93382263183594,79.67390441894531,63.689353942871094,55.320396423339844,136.1762237548828,116.8039779663086,104.0962142944336,38.75629425048828,76.46483612060547,43.0440559387207,111.50318908691406,58.8245735168457,153.9231719970703,68.97579193115234,12.921501159667969,73.08802795410156,40.93411636352539,153.83485412597656,55.66188430786133,27.1477108001709,9.293702125549316,53.80394744873047,29.807754516601562,47.83833312988281,70.29515838623047,143.07595825195312,77.4089126586914,27.82310676574707,35.447086334228516,37.22754669189453,98.27113342285156,75.09405517578125
2015-02-24,37.92082214355469,29.445146560668945,75.13603973388672,56.70094299316406,45.472347259521484,63.77511978149414,68.74913787841797,39.90068435668945,29.985488891601562,72.27938842773438,21.02902603149414,26.5897216796875,101.05442810058594,37.30257034301758,72.40576171875,21.265357971191406,22.90632438659668,90.7752456665039,100.11734771728516,80.00988006591797,64.4598388671875,55.57870101928711,135.85939025878906,116.02982330322266,105.0060806274414,38.879146575927734,76.53888702392578,43.15642166137695,110.92449188232422,58.6673469543457,154.6944122314453,69.45684051513672,13.065072059631348,73.22090911865234,41.134708404541016,155.37876892089844,56.28490447998047,27.499502182006836,9.282357215881348,55.0362663269043,29.718088150024414,47.95985412597656,70.67505645751953,142.79908752441406,76.99043273925781,27.928356170654297,35.733558654785156,37.178829193115234,98.38749694824219,75.52326202392578
2015-02-25,37.8348274230957,28.692140579223633,75.51656341552734,56.81511688232422,45.711605072021484,63.745296478271484,69.14395141601562,39.98955154418945,29.928544998168945,72.22129821777344,21.224985122680664,26.234264373779297,99.81597900390625,37.175048828125,75.21112823486328,21.16487693786621,22.635473251342773,90.43312072753906,99.9812240600586,80.07893371582031,64.95568084716797,55.57870101928711,134.6537322998047,116.5533447265625,107.1566390991211,38.82181930541992,76.5981216430664,42.99489212036133,111.31031036376953,58.22053146362305,153.3766632080078,70.58206176757812,13.152809143066406,73.03208923339844,41.10499572753906,154.974609375,55.949954986572266,27.387226104736328,9.367460250854492,54.77611541748047,29.48579216003418,48.2744026184082,70.4263916015625,141.50698852539062,76.8300552368164,27.888261795043945,35.32958221435547,37.262351989746094,97.93041229248047,75.622314453125
2015-02-26,37.895042419433594,29.055280685424805,76.70293426513672,56.21270751953125,46.04057312011719,63.528995513916016,68.17601776123047,40.3109016418457,30.22035026550293,71.90918731689453,21.18211555480957,26.002445220947266,98.6266098022461,37.31107711791992,76.51831817626953,21.466312408447266,22.697769165039062,89.71002197265625,100.40740203857422,79.50359344482422,63.92582321166992,55.656959533691406,133.5272674560547,117.20951843261719,107.07393646240234,38.993812561035156,77.13870239257812,43.163448333740234,111.68687438964844,57.947479248046875,151.84559631347656,71.50979614257812,12.793878555297852,72.86425018310547,40.97127151489258,155.850341796875,55.815982818603516,26.990530014038086,9.293702125549316,55.898868560791016,29.37982177734375,47.07344436645508,70.35730743408203,140.12518310546875,76.65569305419922,28.113811492919922,34.92560577392578,37.178829193115234,98.00100708007812,75.2591323852539
2015-02-27,37.71440505981445,28.618627548217773,76.48654174804688,56.14297103881836,45.8162727355957,63.49916076660156,67.93404388427734,40.02374267578125,30.818222045898438,71.84387969970703,21.01677894592285,25.693349838256836,99.28260803222656,37.2515754699707,76.04927825927734,21.179237365722656,22.73297882080078,89.2201919555664,99.8390884399414,78.8438720703125,63.23931121826172,55.429996490478516,132.75283813476562,116.28789520263672,107.48748779296875,38.7972412109375,76.91653442382812,42.78419494628906,111.7236557006836,58.06331253051758,150.88018798828125,70.08389282226562,12.610424995422363,72.40267181396484,40.703819274902344,153.8961639404297,55.333648681640625,26.788436889648438,9.271007537841797,56.877899169921875,28.996723175048828,46.60877990722656,70.26751708984375,139.61964416503906,76.48130798339844,28.21405792236328,35.16798400878906,37.436336517333984,97.80987548828125,74.7804183959961
2015-03-02,37.74022674560547,28.758975982666016,77.01629638671875,55.825923919677734,46.182613372802734,63.70801544189453,67.43734741210938,40.05108642578125,30.747037887573242,71.8583755493164,21.292346954345703,26.319272994995117,98.38751220703125,37.430076599121094,76.89512634277344,21.667264938354492,22.741098403930664,90.28539276123047,100.93428039550781,80.22468566894531,63.31557083129883,55.57870101928711,135.34893798828125,117.69611358642578,107.98377990722656,38.67438888549805,77.15350341796875,43.75337219238281,112.5044174194336,58.849403381347656,153.1202392578125,70.4618148803711,12.769947052001953,72.61249542236328,41.26842498779297,155.5178680419922,55.86286163330078,27.125261306762695,9.40150260925293,57.24756622314453,28.91115379333496,46.036895751953125,70.40567016601562,140.7908172607422,77.00440979003906,28.319324493408203,35.14595031738281,37.2345085144043,98.77391052246094,75.13532257080078
2015-03-03,37.22416687011719,28.819122314453125,76.35969543457031,55.5595817565918,46.33216094970703,63.52153015136719,66.96611022949219,39.88699722290039,30.569110870361328,71.42288970947266,21.163745880126953,26.350177764892578,98.72470092773438,36.87751770019531,76.6951675415039,21.200761795043945,22.58130645751953,90.24650573730469,99.6141586303711,79.81046295166016,63.19352340698242,55.320396423339844,136.90663146972656,116.90718841552734,106.94986724853516,38.567935943603516,76.60554504394531,43.486507415771484,111.24598693847656,58.22881317138672,150.78973388671875,70.35877990722656,12.793878555297852,71.88516235351562,41.194129943847656,155.09625244140625,55.50112533569336,26.810895919799805,9.174551963806152,56.96686553955078,28.519901275634766,46.308536529541016,70.10865783691406,137.8671112060547,76.89976501464844,28.299270629882812,34.9035758972168,37.220584869384766,97.4608154296875,75.33341217041016
2015-03-04,37.03495788574219,28.636436462402344,75.8448486328125,55.28058624267578,46.4517707824707,62.917335510253906,66.96611022949219,39.57250213623047,30.248821258544922,71.14155578613281,21.212738037109375,26.365631103515625,97.7376480102539,37.07304763793945,77.08735656738281,21.05005645751953,22.367326736450195,89.22798919677734,98.95703887939453,79.05101013183594,62.34675979614258,55.320396423339844,135.8329620361328,117.3717269897461,106.1227035522461,38.50239944458008,76.33153533935547,46.12012481689453,111.9349136352539,58.46050262451172,150.06568908691406,69.25924682617188,12.673859596252441,72.07398223876953,40.72610092163086,153.798828125,55.21975326538086,26.264493942260742,9.095118522644043,56.836814880371094,28.38542366027832,45.9296760559082,69.36266326904297,138.11988830566406,76.18971252441406,27.96344757080078,34.58037185668945,37.032684326171875,97.79325103759766,74.6566162109375
2015-03-05,37.07795333862305,28.16192054748535,76.4940185546875,55.001590728759766,46.35457229614258,63.12619400024414,66.6922836303711,39.64086151123047,30.177644729614258,71.04658508300781,21.108633041381836,26.064266204833984,98.81664276123047,37.234561920166016,76.21076202392578,21.02851676940918,22.635473251342773,90.12210083007812,99.19976806640625,79.11235809326172,62.17893600463867,55.93092346191406,135.93858337402344,117.67401123046875,106.78443908691406,38.85456466674805,76.53888702392578,46.38700866699219,112.53197479248047,58.41084671020508,150.16378784179688,69.70591735839844,12.80188274383545,72.32575988769531,40.740970611572266,154.13133239746094,55.60160446166992,26.586339950561523,9.140509605407715,56.96001434326172,30.284570693969727,45.27199935913086,69.56990051269531,137.5721893310547,76.25299835205078,27.818090438842773,34.874183654785156,37.08139419555664,97.83895874023438,74.66487884521484
2015-03-06,36.43289566040039,28.20425033569336,74.69581604003906,54.29773712158203,45.52469253540039,61.65675354003906,65.94085693359375,38.861446380615234,29.55132293701172,70.27203369140625,20.802448272705078,25.646982192993164,97.17357635498047,36.027408599853516,74.68820190429688,20.762971878051758,22.370033264160156,88.98695373535156,97.29948425292969,78.14580535888672,61.07281494140625,54.20115661621094,134.7505340576172,114.1939697265625,105.13017272949219,38.084693908691406,75.45774841308594,45.73386764526367,110.74996948242188,56.606971740722656,149.07766723632812,68.9843978881836,12.977907180786133,71.19982147216797,40.555240631103516,151.56085205078125,55.018775939941406,26.593828201293945,9.03837776184082,56.378116607666016,30.300865173339844,44.88597869873047,69.5008316040039,135.15408325195312,75.09996032714844,26.750478744506836,33.970741271972656,36.28103256225586,96.39286804199219,74.49977111816406
2015-03-09,36.854331970214844,28.32455062866211,75.10618591308594,53.999725341796875,45.98075866699219,61.977508544921875,66.195556640625,39.14861297607422,29.458805084228516,70.17703247070312,20.839187622070312,25.283803939819336,98.56532287597656,36.29093551635742,75.13420104980469,21.071584701538086,22.448579788208008,89.60894775390625,98.48934173583984,79.12003326416016,61.644954681396484,54.46728515625,136.18499755859375,114.28982543945312,106.04000091552734,38.35497283935547,75.90203094482422,46.6047248840332,112.07268524169922,57.57511520385742,150.6464080810547,69.15620422363281,12.937896728515625,70.89210510253906,40.614662170410156,152.3878936767578,55.40732955932617,26.698619842529297,9.095118522644043,57.16542053222656,30.594297409057617,44.29978942871094,69.45245361328125,135.8787078857422,75.24058532714844,26.98103141784668,34.07358169555664,36.53853988647461,96.52587890625,75.95245361328125
2015-03-10,36.149085998535156,27.73863410949707,74.2630386352539,53.42902374267578,44.82937240600586,60.82133483886719,65.53329467773438,38.68370056152344,28.960586547851562,69.0005874633789,20.68609046936035,24.495620727539062,96.75057220458984,35.55134582519531,74.04230499267578,20.569189071655273,22.229185104370117,87.96776580810547,96.05626678466797,77.60883331298828,60.95838165283203,53.535892486572266,134.13450622558594,113.23543548583984,104.0962142944336,37.81439971923828,75.18376159667969,46.021812438964844,110.08795928955078,56.91314697265625,149.01730346679688,67.95362091064453,12.633854866027832,69.11579895019531,39.58945846557617,148.15513610839844,54.368995666503906,26.107316970825195,8.919231414794922,56.631385803222656,30.158233642578125,43.513431549072266,68.70646667480469,133.4100341796875,73.65872955322266,26.66526985168457,33.43456268310547,36.04439163208008,94.60607147216797,75.10233306884766
2015-03-11,36.1060791015625,27.232913970947266,73.3602294921875,53.27682876586914,45.03871536254883,60.70945358276367,65.93449401855469,38.32817840576172,28.5406494140625,68.41603088378906,20.594236373901367,24.982439041137695,96.13137817382812,35.25381088256836,73.01961517333984,20.282115936279297,21.986677169799805,88.36634826660156,95.74251556396484,77.2099380493164,60.7982177734375,53.1367073059082,133.0344696044922,112.58662414550781,104.17892456054688,37.92089080810547,75.20597076416016,46.07096862792969,110.67604064941406,56.64834976196289,148.7382354736328,68.24568176269531,12.889893531799316,69.21370697021484,39.89405059814453,149.3471221923828,54.71734619140625,26.15970230102539,8.93625259399414,56.487640380859375,30.447586059570312,43.82081604003906,68.1884536743164,133.14881896972656,73.22282409667969,26.174060821533203,33.41987609863281,35.98176193237305,93.57135009765625,74.47502136230469
2015-03-12,35.28038787841797,27.725265502929688,74.48689270019531,53.403656005859375,45.8835563659668,61.23159408569336,65.22125244140625,38.71415328979492,29.11477279663086,69.93590545654297,20.820816040039062,23.80016326904297,96.85481262207031,35.38133239746094,74.01156616210938,20.267763137817383,22.31637954711914,90.73432922363281,97.36459350585938,78.59841918945312,61.172019958496094,53.63761901855469,133.80014038085938,113.72945404052734,105.04741668701172,38.69895935058594,76.24267578125,46.80840301513672,112.7894058227539,57.558563232421875,149.9224090576172,70.05810546875,12.873892784118652,69.88507080078125,41.29813766479492,154.02587890625,55.91065979003906,27.761472702026367,9.174551963806152,57.67887878417969,31.091506958007812,43.86371612548828,68.84461975097656,134.8086700439453,74.3055191040039,26.331012725830078,34.25719451904297,36.62205505371094,95.4496078491211,74.43376159667969
2015-03-13,35.590030670166016,27.533676147460938,74.0242919921875,53.181724548339844,45.60692596435547,61.037662506103516,64.71184539794922,38.73481750488281,28.641124725341797,68.92019653320312,20.820816040039062,23.900617599487305,94.58641052246094,36.027408599853516,74.08843994140625,20.052453994750977,22.31637954711914,89.7340087890625,96.3404541015625,77.60883331298828,60.439674377441406,53.58284378051758,133.38648986816406,113.7367935180664,103.55854797363281,38.39591979980469,76.46483612060547,46.96290969848633,112.91804504394531,57.831607818603516,148.66285705566406,69.23347473144531,12.873892784118652,69.66126251220703,41.1124153137207,153.53126525878906,55.41175842285156,27.20758819580078,9.191572189331055,57.316036224365234,31.11595916748047,44.06389236450195,68.05719757080078,132.75283813476562,74.37582397460938,26.017122268676758,34.00746536254883,36.294952392578125,94.7057876586914,73.86422729492188
2015-03-16,35.74483108520508,27.836654663085938,75.40465545654297,53.746089935302734,46.242435455322266,62.32804489135742,65.67341613769531,39.368919372558594,28.913835525512695,69.74591827392578,21.090259552001953,23.82334327697754,96.30302429199219,36.903018951416016,74.70360565185547,20.31081771850586,22.695131301879883,91.04694366455078,98.39464569091797,78.8438720703125,61.004173278808594,54.02114486694336,135.23455810546875,120.20299530029297,105.25423431396484,39.17399597167969,77.3016128540039,47.77757263183594,114.86601257324219,58.80803298950195,152.43389892578125,70.00657653808594,12.905896186828613,70.84317016601562,41.40215301513672,155.60711669921875,56.3151741027832,27.49201202392578,9.356117248535156,59.40412139892578,31.401248931884766,44.60718536376953,69.25213623046875,135.93768310546875,74.82576751708984,26.371519088745117,34.14703369140625,36.47589111328125,95.60752868652344,73.57534790039062
2015-03-17,35.86524963378906,28.30227279663086,74.53168487548828,53.314884185791016,46.063011169433594,61.7984733581543,65.69884490966797,38.9208984375,29.07170867919922,68.78137969970703,20.92491912841797,23.637887954711914,96.22943878173828,36.4439582824707,73.95001983642578,20.203163146972656,22.512575149536133,90.32794952392578,97.22250366210938,78.40662384033203,59.84463882446289,53.54370880126953,135.97378540039062,120.23246765136719,104.67522430419922,38.567935943603516,76.28712463378906,47.4896125793457,114.71898651123047,58.61772537231445,151.34780883789062,69.62862396240234,12.873892784118652,70.2417221069336,41.53586959838867,154.52865600585938,56.33539962768555,27.357290267944336,9.2993745803833,59.054962158203125,30.973331451416016,44.3283805847168,68.7962646484375,135.7860107421875,74.01023864746094,26.133577346801758,33.970741271972656,36.22534942626953,94.43572235107422,73.15441131591797
2015-03-18,36.55331039428711,28.620849609375,75.70309448242188,54.576717376708984,46.16766357421875,62.46978759765625,67.9467544555664,39.734195709228516,29.13629150390625,69.154052734375,21.05352210998535,23.869699478149414,97.97674560546875,37.51508712768555,74.58826446533203,20.203163146972656,22.488048553466797,90.71871948242188,98.54857635498047,79.65702056884766,62.04167175292969,53.48109436035156,137.04737854003906,122.79092407226562,106.04000091552734,38.81362533569336,76.63516235351562,48.08656311035156,117.14476776123047,60.85187911987305,152.8035125732422,70.31580352783203,12.785876274108887,70.12984466552734,41.72901916503906,155.9476776123047,56.551124572753906,27.49201202392578,9.339089393615723,59.6848030090332,30.89180564880371,45.49359893798828,69.25213623046875,137.2014923095703,75.26168060302734,25.991811752319336,34.646488189697266,36.7890739440918,95.4246826171875,73.72390747070312
2015-03-19,36.37268829345703,28.404752731323242,75.87471008300781,53.524139404296875,45.75645446777344,62.193790435791016,66.70501708984375,40.12016677856445,28.720062255859375,68.75946044921875,20.912677764892578,23.75379753112793,97.97674560546875,37.54060363769531,73.80392456054688,20.282115936279297,22.21283721923828,89.9997329711914,98.06904602050781,79.02796936035156,61.09571075439453,53.44979476928711,135.6217498779297,124.685791015625,104.7579345703125,38.85456466674805,76.52407836914062,47.98124313354492,117.70528411865234,61.41455078125,152.49427795410156,70.04094696044922,12.489832878112793,70.94105529785156,41.23871612548828,154.04214477539062,55.84323501586914,27.027957916259766,9.271007537841797,59.80802536010742,31.136341094970703,44.86451721191406,69.0103988647461,136.93190002441406,75.05075073242188,25.95637321472168,34.14703369140625,36.56637191772461,93.98274993896484,72.70045471191406
2015-03-20,36.88014602661133,28.04829978942871,76.40446472167969,53.60655975341797,46.16766357421875,63.208248138427734,68.15690612792969,40.37518310546875,29.172183990478516,69.66553497314453,20.97390365600586,24.194252014160156,99.85887908935547,37.75312042236328,74.62670135498047,20.411300659179688,22.68150520324707,91.82066345214844,98.56039428710938,80.85372161865234,61.93482208251953,54.44379425048828,135.96495056152344,125.41574096679688,105.04741668701172,38.879146575927734,76.90914154052734,47.587955474853516,117.9625473022461,62.98673629760742,153.68588256835938,71.03734588623047,12.673859596252441,71.5355224609375,41.61016082763672,156.6045379638672,56.62527847290039,27.31986427307129,9.35044002532959,60.40367889404297,31.31157875061035,45.63657760620117,69.24525451660156,137.01614379882812,76.26707458496094,26.032306671142578,34.48488998413086,37.1997184753418,95.18367004394531,73.60834503173828
2015-03-23,36.86293029785156,28.340145111083984,76.83723449707031,54.170921325683594,45.711605072021484,63.2977409362793,67.45008850097656,40.47857666015625,29.15064811706543,70.03820037841797,21.46381187438965,24.109256744384766,100.93180084228516,37.61709976196289,75.83397674560547,20.389766693115234,22.70058250427246,90.71088409423828,98.3472900390625,80.00988006591797,61.858551025390625,54.921241760253906,134.47772216796875,122.79092407226562,105.33692932128906,38.879146575927734,77.42748260498047,47.46153259277344,117.99933624267578,63.18533706665039,153.0447998046875,70.60784912109375,12.57784366607666,70.11583709716797,41.439292907714844,155.65574645996094,56.16011428833008,27.177644729614258,9.40150260925293,60.19142532348633,31.356414794921875,45.20051574707031,68.98967742919922,137.10040283203125,76.62560272216797,26.133577346801758,34.61709213256836,37.40153884887695,94.09082794189453,73.78165435791016
2015-03-24,36.897335052490234,28.22429084777832,76.07616424560547,53.59388732910156,45.20319747924805,62.59660720825195,66.35474395751953,40.40964889526367,29.043006896972656,70.04549407958984,21.139251708984375,23.79243278503418,99.93250274658203,37.158058166503906,76.40299224853516,20.095516204833984,22.629735946655273,90.77342224121094,98.45977783203125,79.8257827758789,61.39322280883789,54.248138427734375,133.45687866210938,122.40015411376953,104.50977325439453,38.494205474853516,77.37567138671875,46.134178161621094,119.05598449707031,62.523345947265625,153.33145141601562,69.89488983154297,12.489832878112793,70.92008209228516,41.11985397338867,155.1043701171875,56.08595657348633,27.125261306762695,9.395828247070312,60.2462043762207,31.45014190673828,44.714412689208984,68.5614242553711,136.56956481933594,76.28111267089844,25.875368118286133,34.49224090576172,37.02571487426758,93.70020294189453,73.0223388671875
2015-03-25,35.65882873535156,27.486886978149414,74.86744689941406,53.809471130371094,44.56768798828125,61.917816162109375,67.29086303710938,40.154624938964844,29.028661727905273,69.6070785522461,21.004531860351562,23.096973419189453,97.6027603149414,36.494956970214844,75.46485137939453,19.70796012878418,22.158342361450195,88.84307098388672,96.31678771972656,78.19186401367188,60.92025375366211,53.91939163208008,130.44715881347656,118.42603302001953,103.02095031738281,38.109256744384766,76.07237243652344,45.438880920410156,116.61184692382812,61.5303955078125,150.1033935546875,68.8126220703125,12.329809188842773,69.83610534667969,40.518089294433594,151.91761779785156,55.000492095947266,26.53394889831543,9.18022346496582,58.79481506347656,30.940704345703125,45.07183074951172,67.31812286376953,134.12619018554688,75.54993438720703,25.389345169067383,34.308616638183594,37.40153884887695,92.44109344482422,72.88200378417969
2015-03-26,35.443817138671875,27.678483963012695,74.71820068359375,53.46708297729492,44.515357971191406,61.276344299316406,67.02340698242188,39.699745178222656,28.95688819885254,69.87742614746094,20.918798446655273,23.243791580200195,98.45494079589844,36.545963287353516,75.08036804199219,19.44240379333496,22.31365203857422,87.81926727294922,96.25163269042969,78.37593841552734,60.93550109863281,53.802005767822266,130.39439392089844,118.37446594238281,102.56598663330078,38.084693908691406,75.52440643310547,45.64958572387695,115.96861267089844,60.769126892089844,151.26483154296875,67.4124526977539,12.337809562683105,70.68928527832031,40.48837661743164,151.82839965820312,54.71734619140625,26.66119384765625,9.083772659301758,57.808963775634766,31.009994506835938,45.20766067504883,66.75176239013672,134.22726440429688,74.74845886230469,25.313411712646484,34.00746536254883,37.54072952270508,91.95907592773438,72.64266967773438
2015-03-27,35.237388610839844,27.457921981811523,74.86744689941406,52.997825622558594,44.5228271484375,61.39568328857422,66.40572357177734,39.80311965942383,28.76313591003418,70.11127471923828,21.145374298095703,24.727436065673828,98.3385009765625,36.24843978881836,74.5574951171875,19.47111701965332,22.16651153564453,88.98371887207031,96.79035949707031,78.98197937011719,60.77531051635742,53.809810638427734,130.99281311035156,119.8785629272461,102.81414794921875,38.314029693603516,75.90203094482422,45.83219528198242,118.51385498046875,60.884986877441406,152.5244140625,66.97437286376953,12.249798774719238,70.6333236694336,40.20606994628906,152.49331665039062,54.751033782958984,26.81837272644043,9.066747665405273,58.39087677001953,31.107810974121094,44.98605728149414,66.71721649169922,135.21311950683594,74.78361511230469,25.48553466796875,34.12499237060547,38.27150344848633,92.64886474609375,72.68421936035156
2015-03-30,35.22879409790039,28.153003692626953,75.77024841308594,54.29773712158203,45.577030181884766,61.70151138305664,68.07412719726562,40.209774017333984,29.07170867919922,70.52777099609375,21.43320083618164,24.310163497924805,99.73017120361328,36.928524017333984,75.26495361328125,19.844318389892578,22.488048553466797,89.58550262451172,98.29994201660156,80.47782135009766,62.072147369384766,54.23247146606445,134.38095092773438,121.1467514038086,103.88941955566406,38.55973434448242,76.88691711425781,46.183345794677734,119.41435241699219,61.124942779541016,154.53062438964844,67.0431137084961,12.417825698852539,70.41656494140625,40.68897247314453,154.89344787597656,55.108367919921875,27.177644729614258,9.168878555297852,58.87010955810547,31.478670120239258,45.750953674316406,67.18688201904297,137.0666961669922,75.74678802490234,25.581727981567383,34.830101013183594,39.21803283691406,93.2846450805664,73.63988494873047
2015-03-31,34.970767974853516,27.72081184387207,75.06141662597656,53.898250579833984,45.292911529541016,61.119693756103516,66.85147094726562,39.617042541503906,29.100421905517578,69.87014770507812,21.30459976196289,24.163345336914062,98.39972686767578,36.6819953918457,74.92659759521484,19.909412384033203,22.411752700805664,88.78836059570312,97.64873504638672,80.0175552368164,61.04993438720703,54.27161407470703,132.07522583007812,117.85836029052734,102.60733032226562,37.945457458496094,76.42780303955078,45.29843521118164,118.9365463256836,60.11541748046875,153.07504272460938,67.3275146484375,12.313809394836426,68.6262435913086,40.41409683227539,152.42031860351562,54.59597396850586,26.713590621948242,9.157530784606934,57.97325134277344,31.2423038482666,44.50710678100586,66.95893859863281,135.61752319335938,75.30384063720703,25.32353973388672,34.815433502197266,39.39201736450195,93.72093963623047,72.87535095214844
2015-04-01,35.02237319946289,27.680706024169922,73.97953033447266,53.55583190917969,45.11980438232422,61.40313720703125,66.73047637939453,39.189720153808594,29.193714141845703,69.48284912109375,21.022899627685547,23.80788803100586,97.59046936035156,36.50347137451172,74.04230499267578,19.706912994384766,21.992128372192383,88.41324615478516,96.210205078125,79.19674682617188,60.75244140625,54.075927734375,130.8079833984375,115.83076477050781,102.7314224243164,37.585079193115234,75.72430419921875,44.89582443237305,119.79108428955078,59.18865966796875,149.9072723388672,68.0256118774414,12.329809188842773,68.33952331542969,40.07235336303711,155.8746795654297,55.01397705078125,26.923168182373047,9.027033805847168,57.685726165771484,31.287120819091797,45.050376892089844,66.68267059326172,135.27203369140625,75.1210708618164,25.46529769897461,34.83745574951172,39.308502197265625,93.27218627929688,72.800537109375
2015-04-02,34.65254592895508,27.919086456298828,74.3451156616211,53.45439147949219,45.548805236816406,61.48519515991211,67.04249572753906,39.355133056640625,29.193714141845703,69.9212875366211,21.05352210998535,23.80788803100586,98.36912536621094,36.358455657958984,73.68859100341797,19.62013053894043,21.997577667236328,89.51519012451172,96.3759765625,79.40388488769531,61.210140228271484,54.2637825012207,131.37118530273438,114.93124389648438,103.14498901367188,37.78164291381836,76.05755615234375,44.6627197265625,119.88294219970703,58.94871520996094,149.87710571289062,68.6892318725586,12.43382740020752,68.8360595703125,40.39179992675781,155.3232879638672,55.256690979003906,26.990530014038086,9.095118522644043,58.856414794921875,31.433849334716797,45.164772033691406,66.63431549072266,136.18202209472656,75.24058532714844,25.915868759155273,34.77870559692383,39.357215881347656,92.9065170288086,73.11634826660156
2015-04-06,35.736244201660156,28.371335983276367,73.9869613647461,53.98069381713867,45.51116943359375,61.94019317626953,68.08687591552734,39.41027069091797,29.54536247253418,70.49854278564453,21.114757537841797,23.985614776611328,99.34390258789062,36.64848709106445,74.03459930419922,19.685218811035156,22.068422317504883,89.83560180664062,97.9625015258789,80.1556396484375,62.163673400878906,54.74904251098633,132.8232421875,114.4888687133789,104.13756561279297,37.92089080810547,76.5907211303711,44.50026321411133,121.11421203613281,59.00664138793945,151.24227905273438,68.62890625,12.409820556640625,68.38846588134766,40.176361083984375,155.72869873046875,55.36454391479492,26.87826156616211,9.07809829711914,60.25303268432617,31.368629455566406,46.744598388671875,66.88987731933594,137.13406372070312,75.54993438720703,26.06775665283203,35.49850845336914,39.48945999145508,93.17243957519531,73.53189849853516
2015-04-07,35.71903610229492,28.07280921936035,74.68834686279297,54.373817443847656,45.79716873168945,61.45534896850586,69.11847686767578,39.58258056640625,29.43053436279297,70.3012466430664,21.15149688720703,24.155614852905273,99.36228942871094,36.64848709106445,74.08843994140625,19.808156967163086,21.93490219116211,89.32760620117188,98.39464569091797,79.87947082519531,61.438995361328125,54.56119918823242,134.04652404785156,115.96348571777344,103.47586059570312,37.830780029296875,76.36856079101562,44.50026321411133,119.3408432006836,59.32933807373047,150.9556427001953,67.50848388671875,12.369817733764648,69.01789093017578,40.131778717041016,156.0044403076172,54.62516784667969,26.900707244873047,9.02135944366455,59.75326919555664,31.120033264160156,47.03054428100586,66.77935791015625,137.260498046875,75.19839477539062,26.174060821533203,35.3736457824707,39.03012466430664,93.45498657226562,73.49861907958984
2015-04-08,35.624420166015625,27.981470108032227,74.73311614990234,53.30221176147461,45.947689056396484,61.73880386352539,67.92131042480469,39.389591217041016,29.34441375732422,70.16972351074219,21.212738037109375,24.194252014160156,99.22743225097656,36.77646255493164,74.47293090820312,19.92386817932129,22.07932472229004,90.33576202392578,98.43018341064453,79.6646957397461,61.36270523071289,54.70991134643555,134.96173095703125,118.21224975585938,103.43449401855469,38.174781799316406,76.22047424316406,44.86756896972656,120.82022857666016,59.701683044433594,151.4534149169922,67.81877136230469,12.489832878112793,69.84310150146484,40.116920471191406,156.1422882080078,55.70316696166992,27.14021873474121,9.066747665405273,60.0271110534668,31.34010887145996,46.329994201660156,66.7724380493164,138.35585021972656,75.33902740478516,26.133577346801758,35.49850845336914,39.16339874267578,93.96612548828125,73.0083236694336
2015-04-09,35.676029205322266,28.195329666137695,75.60609436035156,53.676326751708984,46.2637939453125,61.828304290771484,68.10595703125,39.58258056640625,29.459245681762695,70.40354919433594,21.451562881469727,24.140167236328125,99.52781677246094,36.85322952270508,74.24221801757812,19.98172378540039,22.027549743652344,89.53858947753906,98.73798370361328,80.07893371582031,61.5457649230957,54.756866455078125,135.01451110839844,119.06753540039062,106.4122314453125,38.494205474853516,75.80577850341797,44.8251838684082,121.45419311523438,59.8754768371582,151.9285430908203,68.22386932373047,12.569843292236328,70.74523162841797,40.25807571411133,158.03164672851562,56.27671432495117,27.424652099609375,9.049728393554688,63.40911865234375,31.303422927856445,47.89553451538086,66.79318237304688,138.65911865234375,75.40933227539062,26.255075454711914,35.18267059326172,39.37384033203125,94.88448333740234,73.50696563720703
2015-04-10,35.882442474365234,28.31563377380371,76.1507797241211,54.25334930419922,46.4369010925293,62.17140579223633,68.08048248291016,39.45851135253906,29.33724021911621,70.29395294189453,21.702638626098633,24.673351287841797,99.84664916992188,37.117679595947266,75.20342254638672,20.27823257446289,21.975784301757812,90.06224060058594,98.90377044677734,80.31672668457031,63.010406494140625,54.48293685913086,135.85939025878906,120.46104431152344,117.90953826904297,38.617061614990234,75.93167877197266,45.65868377685547,122.49250030517578,61.166316986083984,151.14418029785156,68.59444427490234,12.57784366607666,71.17183685302734,40.35464859008789,158.63980102539062,55.95883560180664,27.125261306762695,9.095118522644043,62.99835205078125,31.409385681152344,47.55954360961914,66.8553466796875,139.31631469726562,75.12810516357422,26.584142684936523,35.226741790771484,39.626373291015625,95.36651611328125,74.02222442626953
2015-04-13,35.91685485839844,28.25994300842285,75.02411651611328,54.11384201049805,46.71538543701172,62.23111343383789,67.81939697265625,39.10011672973633,29.208072662353516,69.80437469482422,21.488304138183594,24.518800735473633,99.5523681640625,36.75086975097656,74.92659759521484,20.234834671020508,21.87767791748047,89.43699645996094,98.17562866210938,79.2274398803711,62.659542083740234,54.248138427734375,134.8561248779297,119.8048324584961,114.27008819580078,38.304229736328125,75.63546752929688,45.171302795410156,122.02389526367188,60.835350036621094,148.6175994873047,68.31863403320312,12.641852378845215,71.52851867675781,40.555240631103516,158.5911102294922,56.24907302856445,27.170162200927734,9.0043363571167,62.7861213684082,31.107810974121094,47.42372131347656,66.41327667236328,137.82504272460938,75.21951293945312,26.209505081176758,35.16798400878906,39.58428955078125,95.4039077758789,73.13298034667969
2015-04-14,35.82224655151367,28.137414932250977,75.00171661376953,54.93183135986328,47.4454231262207,62.35790252685547,69.3095474243164,39.81001663208008,29.07170867919922,70.50582885742188,21.451562881469727,24.333343505859375,99.50330352783203,36.45228958129883,75.03423309326172,20.11190414428711,21.839534759521484,89.13224029541016,98.26441955566406,79.2044448852539,63.31557083129883,54.49858474731445,134.82972717285156,119.86384582519531,114.68367767333984,38.44417953491211,75.6132583618164,45.227806091308594,122.11577606201172,60.785675048828125,148.8363037109375,68.50825500488281,12.657858848571777,71.47954559326172,40.25807571411133,160.32640075683594,56.71205139160156,27.5743408203125,9.061075210571289,62.970951080322266,30.655445098876953,48.86774826049805,66.6895751953125,137.53846740722656,75.68352508544922,26.386695861816406,35.26347351074219,39.724571228027344,94.7265853881836,73.06649017333984
2015-04-15,36.34689712524414,28.244352340698242,75.06141662597656,55.85126876831055,48.32598114013672,62.290775299072266,70.309326171875,40.28559494018555,28.99277114868164,70.608154296875,21.561790466308594,25.368810653686523,100.625244140625,37.52716064453125,74.15766906738281,20.430105209350586,21.72781753540039,88.66329956054688,98.53083801269531,79.61868286132812,64.96329498291016,54.69426345825195,134.14332580566406,122.00199890136719,113.56705474853516,38.55120086669922,75.33185577392578,44.803977966308594,119.65325164794922,60.99252700805664,148.7382354736328,68.73231506347656,12.513834953308105,72.75235748291016,40.718685150146484,163.0671844482422,57.20957946777344,27.98601722717285,9.117814064025879,62.66973876953125,30.12156105041504,49.611183166503906,66.73793029785156,137.53846740722656,75.6553955078125,26.128503799438477,35.549922943115234,39.59831619262695,94.4398422241211,74.24658203125
2015-04-16,36.26088333129883,28.108449935913086,74.45706176757812,55.629364013671875,48.024932861328125,62.28329849243164,70.15010833740234,39.86514663696289,29.13629150390625,70.47661590576172,21.549541473388672,25.39971160888672,100.0121841430664,37.075042724609375,73.53479766845703,20.683218002319336,21.591575622558594,88.60079193115234,98.20521545410156,79.7183837890625,64.87102508544922,54.85079574584961,133.73849487304688,123.03425598144531,112.82260131835938,38.29600524902344,74.91719055175781,44.9805793762207,122.02389526367188,60.81051254272461,148.67039489746094,69.73206329345703,12.633854866027832,72.26980590820312,40.718685150146484,162.345458984375,57.39616394042969,27.96356773376465,9.044051170349121,61.286800384521484,29.9014892578125,49.33238983154297,66.40637969970703,137.6565704345703,75.70459747314453,26.351247787475586,35.47647476196289,39.443992614746094,94.22377014160156,73.9141845703125
2015-04-17,35.79644012451172,27.79210662841797,74.30036163330078,55.1220817565918,47.294891357421875,61.55976867675781,69.4814682006836,39.203487396240234,28.921005249023438,70.00896453857422,21.457691192626953,25.090621948242188,98.50397491455078,36.68260955810547,72.95809173583984,20.191457748413086,21.221004486083984,87.60829162597656,95.73069763183594,78.01537322998047,64.05567932128906,54.22465896606445,131.65283203125,120.60848236083984,112.69851684570312,38.073734283447266,74.33956909179688,46.16018295288086,120.4893798828125,59.966495513916016,146.9356689453125,66.63802337646484,12.449827194213867,70.89910125732422,40.15406799316406,160.02638244628906,56.95390701293945,27.506986618041992,8.941926002502441,59.5341911315918,29.27793312072754,48.38877487182617,65.88141632080078,134.94345092773438,75.07183074951172,26.199384689331055,35.46177673339844,39.345767974853516,94.16559600830078,72.72576904296875
2015-04-20,36.905941009521484,28.427026748657227,74.77043914794922,55.31862258911133,47.595943450927734,61.813392639160156,70.23290252685547,39.706642150878906,29.17936134338379,70.51318359375,21.439311981201172,25.291536331176758,101.86979675292969,36.95560073852539,73.95773315429688,20.596435546875,21.291845321655273,88.20223999023438,97.38827514648438,78.69046783447266,65.07098388671875,53.58284378051758,134.35452270507812,122.37067413330078,111.74730682373047,38.386566162109375,74.9986343383789,46.520423889160156,119.6991958618164,59.916866302490234,148.4290313720703,66.56045532226562,12.457829475402832,70.39559936523438,40.384361267089844,160.63450622558594,57.35470199584961,27.664169311523438,9.027033805847168,59.64373779296875,29.049715042114258,49.04645919799805,67.31812286376953,137.0751495361328,75.47962951660156,26.644899368286133,35.47647476196289,39.59831619262695,94.61021423339844,73.88092803955078
2015-04-21,36.673728942871094,28.2733097076416,74.83757019042969,55.090354919433594,46.89601135253906,61.97003173828125,69.87629699707031,39.7411003112793,29.265480041503906,70.71773529052734,21.365833282470703,25.05971336364746,100.70497131347656,37.0409049987793,72.95039367675781,20.74830436706543,21.261871337890625,88.44448852539062,97.08635711669922,77.73157501220703,64.54794311523438,54.31480026245117,134.935302734375,124.20655059814453,110.09300231933594,38.78992462158203,75.09490203857422,47.191463470458984,120.09430694580078,59.75135040283203,148.0443878173828,66.60354614257812,12.401820182800293,73.5705795288086,40.324951171875,159.61285400390625,57.216487884521484,27.506986618041992,8.975969314575195,59.62317657470703,29.27385902404785,48.624671936035156,67.4217300415039,136.90663146972656,79.55029296875,26.376567840576172,35.21204376220703,39.35981369018555,94.34842681884766,73.06649017333984
2015-04-22,36.97475051879883,28.654268264770508,74.93456268310547,55.45814514160156,47.37016677856445,61.977508544921875,69.72982788085938,39.761775970458984,29.645837783813477,71.08309936523438,21.390329360961914,25.26835060119629,101.37935638427734,37.15181350708008,75.23417663574219,20.697675704956055,21.37086296081543,88.30381774902344,97.48298645019531,78.39128875732422,65.27864837646484,54.527320861816406,133.0520782470703,124.67840576171875,111.29241180419922,39.80248260498047,75.22122192382812,47.04312515258789,119.68079376220703,59.82583236694336,149.0550079345703,67.6032943725586,12.593849182128906,72.85726928710938,40.614662170410156,160.81295776367188,57.07138442993164,27.843801498413086,9.027033805847168,59.57525634765625,28.687007904052734,48.524600982666016,67.78782653808594,136.56118774414062,78.63631439208984,26.386695861816406,35.32958221435547,39.429962158203125,94.07833099365234,73.21607971191406
2015-04-23,37.27577590942383,28.888185501098633,74.95697021484375,55.50886154174805,47.26478958129883,60.866912841796875,70.02911376953125,39.6377067565918,29.38747215270996,69.95050048828125,21.653650283813477,24.99789810180664,104.37120056152344,37.01531219482422,74.58826446533203,20.74106788635254,21.57522964477539,89.0618896484375,94.51709747314453,79.02034759521484,65.21711730957031,54.48006820678711,131.8904266357422,124.73004150390625,111.0442123413086,39.893043518066406,74.96114349365234,46.61932373046875,119.9748764038086,59.908573150634766,148.73072814941406,67.35336303710938,12.55384349822998,73.57755279541016,40.755828857421875,161.61569213867188,56.71205139160156,27.978538513183594,8.941926002502441,59.34931945800781,28.90708351135254,48.79624557495117,67.84307098388672,137.1930389404297,78.5308837890625,26.50313949584961,35.45444107055664,39.486083984375,93.86226654052734,73.623291015625
2015-04-24,41.171932220458984,29.02408790588379,75.41957092285156,55.147422790527344,47.114261627197266,60.904537200927734,69.96542358398438,39.699745178222656,29.34441375732422,69.54132080078125,21.598533630371094,24.789262771606445,104.08919525146484,36.75086975097656,75.92622375488281,20.842317581176758,21.755062103271484,88.85868835449219,94.12049865722656,78.62909698486328,65.07098388671875,54.44074249267578,130.5967559814453,123.80105590820312,110.83744812011719,39.77778244018555,75.48129272460938,46.4780387878418,120.05754852294922,59.230045318603516,147.3505401611328,67.2154769897461,12.513834953308105,72.52156829833984,40.63695526123047,160.54537963867188,57.057552337646484,27.96356773376465,8.947601318359375,58.86325454711914,29.22087860107422,48.26011657714844,67.76018524169922,136.3083953857422,78.48869323730469,26.361387252807617,35.410369873046875,39.54920959472656,92.7942886352539,73.45709228515625
2015-04-27,41.30953598022461,29.552074432373047,75.0464859008789,55.17280197143555,46.918582916259766,60.6037483215332,69.857177734375,39.355133056640625,29.301355361938477,69.04444122314453,21.18211555480957,25.11380958557129,104.67159271240234,37.2030029296875,74.15766906738281,20.892948150634766,21.626996994018555,87.05339813232422,93.52256774902344,78.65975952148438,65.63247680664062,54.29120635986328,130.0687713623047,119.72374725341797,111.16829681396484,39.09453582763672,75.21382141113281,46.02598571777344,119.68079376220703,58.65909194946289,146.19654846191406,66.7845458984375,12.449827194213867,71.99006652832031,40.83754348754883,159.3533935546875,56.940086364746094,27.731525421142578,9.02135944366455,58.959129333496094,28.752220153808594,47.938419342041016,67.29742431640625,134.918212890625,78.40432739257812,26.022186279296875,35.704166412353516,39.317710876464844,91.77208709716797,73.9058609008789
2015-04-28,42.28143310546875,29.08646583557129,75.16586303710938,55.67372131347656,47.23467254638672,60.46841812133789,70.7614517211914,41.340110778808594,29.25830078125,68.9933090209961,21.114757537841797,25.515621185302734,106.62738037109375,37.96224594116211,74.4575424194336,21.20391273498535,21.553430557250977,86.42036437988281,93.72976684570312,78.95896911621094,66.3016357421875,54.12590408325195,129.81356811523438,119.8048324584961,112.16091918945312,39.17683792114258,75.77112579345703,45.588043212890625,121.02237701416016,58.89906311035156,146.33230590820312,66.7845458984375,12.521835327148438,72.53557586669922,41.1644172668457,160.139892578125,57.20267105102539,27.836748123168945,9.112141609191895,58.93172836303711,28.29167938232422,48.42451095581055,69.60443115234375,135.23834228515625,78.69255828857422,26.17913055419922,35.829044342041016,39.35279846191406,91.73469543457031,73.87260437011719
2015-04-29,42.19541931152344,28.658721923828125,74.90472412109375,55.71809768676758,47.86688995361328,60.039825439453125,71.14990234375,41.13333511352539,29.057363510131836,68.96406555175781,20.9984073638916,25.415170669555664,106.92159271240234,38.158451080322266,74.60362243652344,21.008649826049805,21.221004486083984,84.9588851928711,92.92467498779297,78.04606628417969,67.30154418945312,53.9212760925293,128.61669921875,118.69149780273438,112.03681945800781,38.83109664916992,74.80509185791016,45.41145706176758,116.40049743652344,59.80925750732422,144.27334594726562,66.50013732910156,12.785876274108887,71.55646514892578,41.20156478881836,161.007568359375,56.62223434448242,28.174943923950195,9.175139427185059,57.89794158935547,28.03493309020996,48.65329360961914,69.93598175048828,134.0840301513672,77.84187316894531,25.4146671295166,35.95390319824219,38.98100662231445,92.32059478759766,74.68704986572266
2015-04-30,41.83418655395508,27.881214141845703,74.01683807373047,55.40105056762695,47.611000061035156,59.78416442871094,70.72322845458984,41.05063247680664,29.10759162902832,69.50479125976562,20.77794647216797,25.152435302734375,105.01493072509766,37.21152877807617,74.24221801757812,20.849550247192383,21.267332077026367,83.60689544677734,92.58131408691406,77.41704559326172,66.82466125488281,52.95319366455078,126.1438217163086,116.42793273925781,111.99544525146484,38.213680267333984,73.77967071533203,45.015892028808594,114.52603149414062,59.470035552978516,140.73609924316406,66.75006866455078,12.745870590209961,70.2906723022461,40.93411636352539,159.27224731445312,56.0970458984375,28.039661407470703,9.049139976501465,56.77517318725586,28.08383560180664,48.55320358276367,69.43864440917969,129.7869873046875,77.11774444580078,25.338726043701172,35.902496337890625,38.81966018676758,92.067138671875,75.22720336914062
2015-05-01,41.851383209228516,28.727787017822266,74.71074676513672,56.33953094482422,47.87440872192383,60.370662689208984,69.43687438964844,41.25740432739258,29.358766555786133,69.8262939453125,20.86980628967285,25.824724197387695,106.47406768798828,37.85134506225586,75.20342254638672,21.06650733947754,21.417190551757812,85.61538696289062,93.344970703125,78.62909698486328,67.20156860351562,53.26803207397461,127.31425476074219,118.2343978881836,112.94666290283203,38.435935974121094,74.64905548095703,45.67280197143555,115.30706024169922,60.504356384277344,142.546142578125,66.94829559326172,12.889893531799316,73.43769836425781,41.000999450683594,160.17236328125,56.31126022338867,28.18996238708496,9.054869651794434,57.13802719116211,28.581043243408203,48.21007537841797,70.0257568359375,131.44691467285156,78.06684875488281,25.64754295349121,36.56352996826172,39.07221221923828,93.3095703125,75.95025634765625
2015-05-04,41.49015426635742,28.672090530395508,74.87487030029297,56.50438690185547,48.70981979370117,60.415802001953125,68.9783935546875,41.79500198364258,29.394649505615234,70.11127471923828,21.01677894592285,25.832443237304688,106.65798950195312,38.03901290893555,73.91927337646484,21.095434188842773,21.57522964477539,86.01396179199219,94.13824462890625,78.69046783447266,67.14771270751953,53.40969467163086,126.74225616455078,119.5246353149414,112.7812271118164,38.69114685058594,74.42613983154297,46.138999938964844,116.4464340209961,60.44642639160156,143.06658935546875,67.4654312133789,13.153929710388184,73.89228820800781,41.40215301513672,161.6075439453125,56.608402252197266,28.490577697753906,9.03768539428711,57.59670639038086,28.532133102416992,47.909812927246094,70.060302734375,131.29519653320312,77.6450424194336,25.657672882080078,36.960166931152344,39.177425384521484,93.5090560913086,75.53471374511719
2015-05-05,40.93970489501953,28.026020050048828,74.24066925048828,56.187347412109375,48.46897888183594,60.20525360107422,68.77462005615234,41.691627502441406,29.243938446044922,69.7239990234375,20.894304275512695,25.404373168945312,106.11233520507812,37.46744918823242,73.91927337646484,20.892948150634766,21.28911781311035,84.450927734375,93.48114013671875,77.89266204833984,66.91697692871094,53.031898498535156,125.7654037475586,117.5560531616211,111.33372497558594,38.567657470703125,73.3709487915039,45.93414306640625,115.08654022216797,59.50310516357422,141.3017120361328,67.0862045288086,13.08191967010498,72.0250473022461,41.394737243652344,159.97769165039062,56.242156982421875,28.144878387451172,8.894502639770508,56.91895294189453,27.798551559448242,48.03848648071289,69.14856719970703,129.146728515625,76.91385650634766,25.4906005859375,36.98221206665039,39.023101806640625,92.0754165649414,74.91141510009766
2015-05-06,39.804412841796875,27.850019454956055,73.99445343017578,55.92102813720703,48.10772705078125,60.453372955322266,68.74276733398438,41.53309631347656,29.17936134338379,69.7678451538086,20.6596736907959,25.077478408813477,105.04366302490234,36.904422760009766,74.11918640136719,20.950803756713867,21.291860580444336,84.64629364013672,93.32129669189453,77.47074127197266,66.90924835205078,53.354591369628906,124.9151382446289,117.19476318359375,110.87881469726562,38.312477111816406,73.46758270263672,45.679874420166016,115.1232681274414,59.618953704833984,140.90951538085938,67.09479522705078,13.033912658691406,71.52152252197266,41.076847076416016,159.13436889648438,55.71005630493164,27.844263076782227,8.865865707397461,56.891578674316406,28.44654655456543,48.05995178222656,68.5337905883789,129.16351318359375,77.23725891113281,25.657672882080078,36.681060791015625,38.79161071777344,92.2707290649414,74.77017211914062
2015-05-07,40.16564178466797,28.02228355407715,74.36004638671875,55.54691696166992,48.54425048828125,60.30299758911133,68.50080108642578,41.560672760009766,29.208072662353516,69.52668762207031,20.733766555786133,25.093050003051758,105.62435913085938,37.09209442138672,74.41910552978516,20.835092544555664,21.39605712890625,85.99835968017578,93.89549255371094,77.48611450195312,66.47853088378906,53.42543029785156,125.313720703125,116.42057037353516,111.83003997802734,38.279541015625,73.83168029785156,45.94828414916992,116.22592163085938,59.428619384765625,141.95033264160156,67.5947036743164,12.993905067443848,71.18584442138672,40.99457550048828,160.0587615966797,55.799896240234375,28.212514877319336,8.883048057556152,57.66518020629883,28.792970657348633,47.623878479003906,68.82390594482422,129.29835510253906,77.11071014404297,25.941184997558594,36.960166931152344,39.023101806640625,93.76319122314453,74.48757934570312
2015-05-08,41.06873321533203,28.550247192382812,75.7105484008789,56.42829895019531,49.28935623168945,60.87445068359375,69.18852233886719,41.863929748535156,29.409006118774414,70.54969787597656,21.005441665649414,25.528900146484375,106.66828918457031,37.54423904418945,75.5340805053711,21.138826370239258,21.53316307067871,87.8974380493164,95.07357788085938,78.33757781982422,67.15538787841797,53.67729187011719,128.829833984375,119.69425201416016,113.1534652709961,39.160377502441406,74.79764556884766,47.276222229003906,118.06362915039062,60.62018585205078,143.6623992919922,68.0687026977539,13.161931037902832,72.62646484375,41.92202377319336,162.5806427001953,56.442562103271484,28.475543975830078,8.974684715270996,58.206016540527344,29.257564544677734,48.01706314086914,69.32122802734375,131.69967651367188,77.8348388671875,26.412017822265625,37.64325714111328,39.47206497192383,95.48914337158203,74.70365905761719
2015-05-11,40.74190139770508,28.259416580200195,75.38229370117188,55.4820671081543,49.259246826171875,60.355621337890625,68.36707305908203,41.35388946533203,29.380294799804688,70.40354919433594,20.96839714050293,25.443283081054688,105.70465850830078,37.39922332763672,74.98042297363281,21.12436866760254,21.415252685546875,87.45195770263672,94.65918731689453,78.77484893798828,68.27839660644531,53.38606262207031,129.21067810058594,118.74311065673828,111.33372497558594,38.96281433105469,74.67134857177734,48.10972595214844,117.88904571533203,60.7939567565918,143.6548614501953,68.6892318725586,13.193936347961426,73.24187469482422,41.51813507080078,163.5780029296875,56.42182159423828,28.746097564697266,8.963229179382324,57.67887878417969,29.27793312072754,46.66596984863281,69.43864440917969,131.73333740234375,77.2794189453125,25.991811752319336,37.90033721923828,39.331756591796875,94.7720718383789,75.74250030517578
2015-05-12,40.724693298339844,28.15875244140625,74.96442413330078,55.635520935058594,49.19151306152344,60.11504364013672,68.49443817138672,40.96792984008789,29.200895309448242,70.29395294189453,20.857255935668945,25.100828170776367,105.35250854492188,37.168861389160156,75.31875610351562,21.138826370239258,21.651065826416016,87.93650817871094,94.75983428955078,78.48332977294922,67.80916595458984,53.42543029785156,128.80323791503906,117.24642944335938,111.78865814208984,38.79815673828125,74.4855728149414,47.67884826660156,121.16016387939453,59.94165802001953,143.7604522705078,68.1549072265625,13.145930290222168,73.82233428955078,41.488216400146484,162.60496520996094,56.06248092651367,28.34779167175293,8.911686897277832,57.63095474243164,29.074148178100586,46.75175476074219,69.05186462402344,130.96665954589844,77.159912109375,25.89562225341797,38.135372161865234,39.563232421875,93.58810424804688,75.13582611083984
2015-05-13,40.96551513671875,28.190073013305664,75.02411651611328,55.34142303466797,49.31190490722656,59.92703628540039,68.58356475830078,40.788719177246094,29.459245681762695,70.44740295410156,20.70289421081543,25.404373168945312,106.42122650146484,37.356544494628906,74.85739135742188,21.225616455078125,21.43170738220215,86.8970718383789,95.49393463134766,80.11730194091797,68.0245590209961,53.205039978027344,128.97152709960938,117.35751342773438,112.53308868408203,38.71583557128906,74.16605377197266,47.60822296142578,121.00396728515625,60.23953628540039,144.05467224121094,68.82711029052734,13.177931785583496,74.40277862548828,41.585445404052734,163.3347930908203,56.0970458984375,28.39287567138672,8.825772285461426,57.555641174316406,29.10480499267578,46.744598388671875,68.6788558959961,130.78126525878906,77.61688995361328,25.819669723510742,38.31166458129883,39.43697738647461,93.96747589111328,75.32698059082031
2015-05-14,41.90299987792969,28.84778594970703,75.97917938232422,55.603553771972656,49.710811614990234,60.58119201660156,69.06118774414062,41.202266693115234,29.782190322875977,71.60920715332031,20.95604705810547,25.661216735839844,107.51457214355469,37.85986328125,75.13420104980469,21.008649826049805,21.585256576538086,87.48323822021484,96.58316802978516,81.65153503417969,68.25532531738281,54.01572799682617,131.0440216064453,120.01753997802734,113.36026763916016,40.0659294128418,75.76366424560547,47.64352798461914,121.15096282958984,60.87275695800781,145.6007080078125,69.59416961669922,13.217940330505371,76.04625701904297,41.91455841064453,164.29966735839844,56.64985275268555,28.663434982299805,8.74559211730957,58.43194580078125,29.599224090576172,46.76605224609375,70.04965209960938,132.845458984375,78.474609375,26.62969970703125,38.840492248535156,39.87187194824219,95.3849105834961,76.63170623779297
2015-05-15,41.541770935058594,28.807519912719727,76.32984161376953,55.84648895263672,49.58287811279297,60.94209289550781,69.4792251586914,41.512413024902344,29.79653549194336,71.76996612548828,20.986919403076172,25.676788330078125,107.02657318115234,37.663665771484375,75.38796997070312,21.37024688720703,21.727846145629883,88.58515930175781,96.67195129394531,81.96604919433594,68.0168685913086,54.01572799682617,130.08746337890625,120.29910278320312,112.7812271118164,40.09884262084961,75.84540557861328,47.7777214050293,121.34394073486328,60.73945617675781,145.0802764892578,69.13740539550781,13.08191967010498,76.43787384033203,41.525611877441406,164.58352661132812,56.35272216796875,28.445484161376953,8.865865707397461,59.19870376586914,29.868892669677734,47.00910186767578,71.06555938720703,133.13197326660156,78.60118103027344,26.7410831451416,38.95802688598633,40.08232879638672,96.59390258789062,74.07207489013672
2015-05-18,41.29233169555664,29.12518310546875,77.16553497314453,55.526824951171875,49.989288330078125,60.70901107788086,68.59165954589844,41.36079406738281,29.653003692626953,71.6457748413086,20.98073959350586,26.00368309020996,106.90302276611328,37.74044418334961,75.37257385253906,21.522119522094727,21.914304733276367,89.35103607177734,96.41739654541016,81.90467071533203,67.90917205810547,53.9999885559082,129.9369354248047,121.09928131103516,112.94666290283203,40.205867767333984,76.1203384399414,48.03202819824219,122.45575714111328,60.772804260253906,145.62339782714844,69.09430694580078,13.209940910339355,77.62675476074219,41.6976318359375,165.953857421875,56.75351333618164,28.80622673034668,8.923139572143555,59.1234016418457,29.864818572998047,47.20925521850586,70.91248321533203,133.14041137695312,78.76991271972656,26.300640106201172,39.02412414550781,39.878902435302734,96.27288055419922,74.11360931396484
2015-05-19,41.188453674316406,29.098342895507812,77.56844329833984,55.616363525390625,50.4333381652832,60.77668762207031,67.54336547851562,41.71229553222656,29.645837783813477,71.57267761230469,21.12276268005371,25.801307678222656,107.16246795654297,37.808692932128906,77.41800689697266,21.507658004760742,20.95733642578125,87.79585266113281,96.56538391113281,81.5639419555664,67.10155487060547,54.417118072509766,130.23805236816406,121.188232421875,113.11210632324219,40.34580612182617,76.03115844726562,48.22273635864258,122.92436981201172,61.19771957397461,145.84962463378906,70.11990356445312,13.417970657348633,77.31902313232422,42.18379592895508,166.55393981933594,56.629119873046875,29.076772689819336,8.877321243286133,58.997982025146484,30.02008056640625,46.55158615112305,71.03076934814453,133.9071044921875,79.05113983154297,26.214561462402344,38.780452728271484,39.88592529296875,95.88101196289062,74.10530090332031
2015-05-20,41.188453674316406,29.096099853515625,77.29983520507812,55.70583724975586,50.03444290161133,60.513526916503906,67.6912841796875,41.67094802856445,29.674530029296875,71.38267517089844,21.17832374572754,25.9725399017334,107.3354263305664,37.7830810546875,76.97968292236328,21.420866012573242,20.81201171875,87.60829162597656,96.44921112060547,81.88770294189453,67.63227081298828,54.22035217285156,129.68006896972656,121.4993896484375,114.31147766113281,40.45281982421875,75.25091552734375,48.794891357421875,122.81412506103516,61.12273406982422,145.75161743164062,69.77516174316406,13.393963813781738,77.0462875366211,41.944461822509766,166.29443359375,56.51856994628906,28.80622673034668,8.762775421142578,58.34505081176758,30.138574600219727,46.83354187011719,70.94728088378906,134.4884796142578,78.79100036621094,26.224689483642578,38.71399688720703,39.96308517456055,95.43910217285156,73.94740295410156
2015-05-21,41.049957275390625,29.39363670349121,76.97664642333984,55.75698471069336,50.162384033203125,60.460914611816406,67.84564208984375,41.42282485961914,29.588420867919922,71.02464294433594,21.21537208557129,26.112638473510742,107.07599639892578,37.77457046508789,76.34146118164062,21.283466339111328,20.869590759277344,87.53794860839844,96.5445556640625,81.98790740966797,68.7091064453125,54.16527557373047,130.5037078857422,121.39566802978516,114.64230346679688,40.61747360229492,77.04918670654297,48.66067886352539,122.1617202758789,61.88093185424805,145.64596557617188,69.60281372070312,13.385969161987305,77.78063201904297,41.8921012878418,166.1890411376953,56.44947052001953,28.588285446166992,8.883048057556152,59.8914794921875,30.257068634033203,47.411922454833984,71.00993347167969,135.8029327392578,78.62226104736328,26.14369773864746,39.07581329345703,39.857852935791016,95.56417846679688,74.3463134765625
2015-05-22,40.59980773925781,29.65091323852539,76.17247009277344,55.31585693359375,50.02690887451172,60.11504364013672,67.45973205566406,40.92656707763672,29.574066162109375,70.33779907226562,21.165977478027344,26.034805297851562,106.38416290283203,37.47597885131836,76.11847686767578,21.160520553588867,20.80103874206543,87.65518188476562,95.90116119384766,81.64873504638672,68.17069244384766,53.91339874267578,128.25413513183594,121.20304107666016,114.4769058227539,40.36227035522461,77.24236297607422,48.24392318725586,124.8355941772461,61.905914306640625,145.4574737548828,70.02510070800781,13.40196704864502,78.12328338623047,41.88462448120117,168.50001525878906,56.366546630859375,28.685977935791016,8.74559211730957,59.417232513427734,30.408254623413086,47.07212829589844,70.5784912109375,134.8086700439453,78.21448516845703,25.936113357543945,38.89120101928711,39.64741897583008,95.5474853515625,77.57913208007812
2015-05-26,40.33144760131836,28.997669219970703,75.77411651611328,54.56781768798828,49.469966888427734,59.50596618652344,66.43072509765625,40.64399719238281,29.416173934936523,69.99435424804688,21.061010360717773,25.76239013671875,105.09313201904297,36.96412658691406,75.71092224121094,20.936330795288086,20.537809371948242,86.69389343261719,95.07311248779297,80.81623077392578,67.56305694580078,52.85089111328125,126.47390747070312,117.81690979003906,113.815185546875,40.00829315185547,76.42498016357422,47.67884826660156,123.04380798339844,61.91426086425781,143.68502807617188,69.11152648925781,13.201939582824707,76.76655578613281,41.63032531738281,167.34857177734375,55.744606018066406,28.400386810302734,8.699774742126465,58.798675537109375,30.330625534057617,46.153968811035156,69.94525146484375,133.51951599121094,77.27241516113281,25.961423873901367,38.50725555419922,39.26861572265625,94.51778411865234,77.95311737060547
2015-05-27,41.21442413330078,29.539058685302734,76.00711822509766,54.414371490478516,50.02690887451172,59.69392395019531,66.31494140625,40.981712341308594,29.509475708007812,70.42547607421875,21.17832374572754,26.23717498779297,106.24820709228516,37.6551399230957,75.86473083496094,21.196680068969727,20.61732292175293,87.65518188476562,95.92496490478516,81.23245239257812,67.62459564208984,53.157833099365234,126.65106964111328,118.87650299072266,113.815185546875,40.34580612182617,76.89312744140625,48.31455612182617,123.990234375,62.40585708618164,144.31858825683594,69.04259490966797,13.393963813781738,78.64778900146484,41.93698501586914,169.521728515625,56.15924835205078,29.02416229248047,8.774230003356934,59.231666564941406,30.314279556274414,46.13949966430664,70.22362518310547,134.23574829101562,77.56768798828125,26.23988914489746,39.26041030883789,39.61234664916992,95.52664947509766,78.41848754882812
2015-05-28,41.075931549072266,29.48089599609375,76.02213287353516,54.414371490478516,49.82371139526367,59.64881896972656,66.39852905273438,41.14713668823242,29.52382469177246,70.92235565185547,21.2647647857666,26.470672607421875,106.06914520263672,37.41627502441406,74.8331298828125,21.225616455078125,20.521350860595703,87.67860412597656,95.83557891845703,81.47142791748047,66.15550994873047,52.99254608154297,126.05768585205078,116.58695983886719,114.27008819580078,40.551612854003906,76.6776351928711,48.844329833984375,124.84475708007812,63.66397476196289,144.52383422851562,69.02535247802734,13.337960243225098,78.92053985595703,42.04168701171875,169.57867431640625,56.16614532470703,29.106840133666992,8.757047653198242,59.14231872558594,30.21211814880371,46.16843795776367,69.49298095703125,135.89549255371094,77.14586639404297,26.133577346801758,38.88382339477539,39.45802307128906,95.81014251708984,77.70378875732422
2015-05-29,40.565162658691406,29.145322799682617,75.2630615234375,54.471920013427734,49.507598876953125,58.94205093383789,66.24418640136719,41.967315673828125,29.394649505615234,70.46199035644531,21.456178665161133,26.82091522216797,104.7966079711914,37.10063552856445,74.40652465820312,21.196680068969727,20.365053176879883,87.07682800292969,94.7692642211914,80.32284545898438,65.62480163574219,52.56754684448242,124.45459747314453,115.77934265136719,112.7812271118164,40.00829315185547,76.07573699951172,45.63042449951172,129.4022674560547,65.73858642578125,143.0642547607422,68.70645904541016,13.201939582824707,78.51488494873047,41.85470199584961,167.71597290039062,55.75843048095703,28.70853614807129,8.688319206237793,58.997982025146484,29.746326446533203,46.03828048706055,69.0406723022461,134.7945556640625,76.53418731689453,25.920930862426758,39.02411651611328,39.38787078857422,95.42241668701172,77.85337829589844
2015-06-01,40.88547897338867,29.20348358154297,75.18789672851562,54.42715835571289,49.7334098815918,59.28790283203125,66.0062255859375,41.87081527709961,29.380294799804688,70.12586975097656,21.338869094848633,26.392841339111328,105.12399291992188,37.356544494628906,74.63146209716797,21.102672576904297,20.491186141967773,87.2721939086914,94.7096939086914,80.21495819091797,65.78630065917969,52.65411376953125,125.10114288330078,116.34986114501953,112.82260131835938,40.28818893432617,76.17234802246094,46.958370208740234,132.18643188476562,65.82190704345703,145.24603271484375,68.49101257324219,13.241941452026367,79.7807388305664,41.91455841064453,169.0336456298828,55.841365814208984,28.99410629272461,8.797137260437012,59.09421157836914,29.823963165283203,45.987674713134766,69.22162628173828,135.43821716308594,76.73808288574219,25.920930862426758,39.15702819824219,39.486083984375,95.48077392578125,76.98907470703125
2015-06-02,40.61711502075195,29.0737361907959,75.14281463623047,54.433563232421875,49.688228607177734,59.05482482910156,65.97404479980469,41.51932144165039,29.416173934936523,70.18433380126953,21.295639038085938,25.894716262817383,104.7966079711914,37.27977752685547,74.68575286865234,21.03034782409668,20.43634796142578,87.67291259765625,94.7692642211914,80.60038757324219,66.27852630615234,52.52031707763672,126.8724594116211,115.91278839111328,113.02938079833984,40.28818893432617,75.66706848144531,46.4780387878418,130.027099609375,64.94705200195312,145.0179443359375,68.9391860961914,13.37796401977539,79.68280029296875,42.01925277709961,167.91119384765625,55.47513198852539,28.94901466369629,8.739864349365234,59.33476257324219,29.542022705078125,46.320247650146484,69.18681335449219,135.785400390625,76.18971252441406,25.63236427307129,38.95766830444336,39.18444061279297,95.15563201904297,77.0804672241211
2015-06-03,40.55651092529297,29.109527587890625,75.22545623779297,54.31208419799805,50.200016021728516,59.069854736328125,65.71038055419922,41.62269592285156,29.330066680908203,70.14972686767578,21.246240615844727,25.47441864013672,104.96339416503906,37.510108947753906,74.8641357421875,21.037586212158203,20.535062789916992,88.90641021728516,95.41265106201172,80.92413330078125,66.32471466064453,52.394378662109375,127.36848449707031,116.4239730834961,113.85655212402344,40.22233200073242,75.72652435302734,46.40740966796875,128.77745056152344,64.84709930419922,145.86932373046875,69.46488952636719,13.58661937713623,80.17935180664062,42.56523513793945,169.4241180419922,55.26091003417969,29.317262649536133,8.7055025100708,58.984230041503906,29.66051483154297,46.12503433227539,70.00093841552734,135.7091522216797,76.53703308105469,25.4906005859375,38.73615264892578,39.07221221923828,95.88101196289062,77.07218933105469
2015-06-04,40.132347106933594,28.939502716064453,74.5791244506836,53.84535598754883,49.92155456542969,58.7615966796875,65.20874786376953,40.98859786987305,29.129114151000977,69.29585266113281,21.14128303527832,25.147523880004883,104.01207733154297,37.33948516845703,74.7012710571289,20.690452575683594,20.332151412963867,87.57075500488281,94.33438110351562,79.95286560058594,65.74012756347656,51.88280487060547,125.04800415039062,117.1352310180664,112.73988342285156,40.07414245605469,74.9537124633789,46.456851959228516,126.51705932617188,64.72209930419922,144.56182861328125,68.39619445800781,13.466240882873535,79.6758041381836,41.98933792114258,169.8958740234375,54.72882843017578,29.08429718017578,8.61959171295166,58.59247589111328,29.501155853271484,45.54667663574219,69.65303802490234,133.89697265625,75.72191619873047,25.252656936645508,37.946067810058594,38.623252868652344,95.37239074707031,76.3491439819336
2015-06-05,39.94189453125,28.78066635131836,74.09809875488281,53.88371276855469,50.741905212402344,58.220211029052734,65.33735656738281,40.65777587890625,28.777467727661133,68.49354553222656,21.048664093017578,24.781713485717773,103.40673065185547,37.37361145019531,74.10401916503906,20.66875648498535,20.033266067504883,86.71439361572266,93.57779693603516,79.96827697753906,66.18627166748047,51.53649139404297,124.64058685302734,116.51290130615234,112.86393737792969,39.88481521606445,74.27008819580078,46.760589599609375,128.18020629882812,65.08871459960938,143.92330932617188,68.42205810546875,13.795268058776855,79.69679260253906,42.34086227416992,171.18106079101562,54.74264144897461,29.52769660949707,8.464953422546387,57.65774154663086,29.01491928100586,45.575599670410156,69.93833923339844,133.19410705566406,74.94930267333984,24.407184600830078,37.66547393798828,38.174312591552734,95.31400299072266,76.56523132324219
2015-06-08,39.58695983886719,28.59050941467285,73.62461853027344,54.24814987182617,50.343021392822266,58.430728912353516,64.58487701416016,40.575069427490234,28.820545196533203,68.33894348144531,20.98073959350586,24.361421585083008,102.13420104980469,36.7679328918457,73.93338775634766,20.451801300048828,19.909873962402344,86.36869812011719,93.2859115600586,79.5982666015625,66.26316833496094,51.426292419433594,124.5608901977539,115.93494415283203,112.65715026855469,39.87657928466797,73.86882781982422,46.138999938964844,127.50946807861328,65.42198181152344,143.95370483398438,67.92218780517578,13.706992149353027,79.51499938964844,41.974369049072266,170.644287109375,54.32112121582031,29.377395629882812,8.533683776855469,57.224761962890625,28.884170532226562,45.857547760009766,69.07548522949219,132.66062927246094,74.76502227783203,24.46287727355957,37.66547393798828,38.132232666015625,95.09308624267578,76.13309478759766
2015-06-09,39.51772689819336,28.50550651550293,73.81250762939453,54.075538635253906,50.561283111572266,59.32548904418945,64.58487701416016,40.55439376831055,28.84925079345703,68.50826263427734,20.999267578125,24.322509765625,102.34425354003906,36.742332458496094,73.47577667236328,20.422868728637695,19.871488571166992,86.05442810058594,93.51821899414062,79.82952880859375,66.70926666259766,51.9693717956543,124.08261108398438,114.69759368896484,113.02938079833984,39.662540435791016,74.2923812866211,45.969478607177734,127.26136016845703,68.96302032470703,143.93849182128906,68.23246002197266,13.891573905944824,80.24927520751953,42.40817642211914,170.01791381835938,53.968692779541016,29.407451629638672,8.522228240966797,57.85020065307617,28.888254165649414,45.590057373046875,69.31903076171875,133.13487243652344,75.0272445678711,24.58439064025879,37.66547393798828,38.19536209106445,95.572509765625,76.33252716064453
2015-06-10,40.34876251220703,28.832115173339844,74.31604766845703,54.478294372558594,51.374107360839844,59.80672073364258,65.49169921875,41.085105895996094,28.94253921508789,68.9646224975586,21.184505462646484,24.766143798828125,104.34565734863281,37.48452377319336,73.91786193847656,20.72661018371582,19.99761962890625,87.19366455078125,94.74543762207031,80.76225280761719,68.0553207397461,52.78791809082031,125.42884826660156,115.2532730102539,114.27008819580078,39.92598342895508,75.88996887207031,46.28733444213867,128.4925994873047,69.30465698242188,143.88523864746094,69.11152648925781,14.116275787353516,82.29135131835938,42.789642333984375,173.3609619140625,54.500770568847656,29.97861671447754,8.608138084411621,58.7574348449707,29.129329681396484,46.284095764160156,69.90351867675781,134.2696075439453,75.92033386230469,24.91852569580078,38.551551818847656,38.644309997558594,96.6689453125,77.2384033203125
2015-06-11,40.20158767700195,28.76724624633789,74.58663177490234,54.40158462524414,51.569793701171875,59.70899963378906,65.03506469726562,40.91147232055664,29.014892578125,69.25907897949219,21.277114868164062,24.789501190185547,104.25916290283203,37.77457046508789,74.1427993774414,20.87125015258789,20.0003662109375,87.43720245361328,95.23391723632812,80.86247253417969,67.81688690185547,52.3786506652832,126.61566162109375,117.0389633178711,113.77381134033203,40.386966705322266,76.26152038574219,46.513362884521484,127.90457153320312,72.14580535888672,145.55767822265625,69.20634460449219,14.036026954650879,83.31239318847656,42.827022552490234,174.01991271972656,54.93205261230469,29.96356964111328,8.751319885253906,58.963623046875,29.32954216003418,46.29132843017578,70.27928161621094,136.14105224609375,76.12593078613281,24.72919464111328,38.44078826904297,38.65834045410156,97.548583984375,77.4627914428711
2015-06-12,39.79473114013672,28.44957733154297,73.91773986816406,53.71748352050781,51.3665885925293,59.302947998046875,64.23113250732422,40.1892204284668,28.9135799407959,69.00143432617188,21.12276268005371,24.376985549926758,103.1534423828125,37.825748443603516,73.73172760009766,20.63982391357422,19.860525131225586,86.89510345458984,94.14970397949219,80.20723724365234,67.57074737548828,52.174007415771484,126.47390747070312,115.67561340332031,113.27754211425781,40.0659294128418,75.95687103271484,46.11074447631836,126.16792297363281,70.16282653808594,145.17755126953125,68.542724609375,14.036026954650879,82.58243560791016,42.69987487792969,173.30409240722656,54.48686218261719,29.7681827545166,8.722684860229492,58.46189498901367,29.27642250061035,45.915382385253906,69.62520599365234,136.38662719726562,75.65808868408203,24.58081817626953,38.33003616333008,38.52505111694336,97.24009704589844,76.92262268066406
2015-06-15,39.37056350708008,28.393646240234375,73.27136993408203,53.52568817138672,51.170902252197266,58.73899841308594,63.85812759399414,39.66836929321289,28.64588165283203,68.19171905517578,21.01779556274414,24.431474685668945,102.70249938964844,37.296836853027344,73.1422348022461,20.596435546875,19.723419189453125,86.43153381347656,92.85696411132812,79.73702239990234,67.0169448852539,51.426292419433594,126.02220916748047,115.66079711914062,112.53308868408203,39.571990966796875,76.22437286376953,46.209632873535156,140.97984313964844,70.05453491210938,144.37179565429688,68.3014144897461,14.019977569580078,82.93338775634766,42.61759948730469,172.24668884277344,54.278194427490234,29.70806121826172,8.61959171295166,58.022010803222656,29.31318473815918,45.741878509521484,69.55560302734375,135.45513916015625,74.92803192138672,24.324979782104492,37.857452392578125,38.16028594970703,96.24369812011719,76.83946990966797
2015-06-16,39.67353820800781,28.545772552490234,73.92524719238281,54.139461517333984,51.45690155029297,59.47589111328125,64.3404769897461,40.07811737060547,29.00042152404785,68.8615951538086,21.01779556274414,24.626049041748047,103.06077575683594,38.08167266845703,73.39822387695312,20.762765884399414,19.83858299255371,86.60437774658203,93.22633361816406,80.24578857421875,66.60162353515625,51.930030822753906,126.0665283203125,115.75713348388672,112.57447052001953,39.90951156616211,76.66278076171875,46.598121643066406,141.47601318359375,70.63773345947266,145.0559844970703,68.39619445800781,14.084172248840332,83.57206726074219,42.797122955322266,173.7107391357422,54.799888610839844,29.865882873535156,8.590954780578613,59.02547836303711,29.562454223632812,45.857547760009766,69.82696533203125,136.75071716308594,75.7715072631836,24.570587158203125,37.99037551879883,38.644309997558594,96.71896362304688,76.55693054199219
2015-06-17,39.79473114013672,28.478660583496094,74.2033462524414,54.171424865722656,51.28379440307617,60.21276092529297,64.16039276123047,40.217002868652344,29.137901306152344,69.22962951660156,20.98073959350586,24.867328643798828,103.2646255493164,38.312007904052734,73.8558349609375,20.921875,19.942779541015625,86.79293823242188,93.50035858154297,80.32284545898438,67.10923767089844,52.26846694946289,127.03190612792969,115.32733917236328,112.7812271118164,39.983604431152344,77.14579772949219,46.83122634887695,142.79000854492188,69.59627532958984,145.20803833007812,69.22359466552734,13.939726829528809,83.43872833251953,42.75969696044922,173.19834899902344,54.77901077270508,29.745635986328125,8.602409362792969,58.84678649902344,29.791259765625,45.61174774169922,69.87568664550781,137.9193572998047,76.31021118164062,24.846887588500977,37.61378479003906,38.75654220581055,97.27762603759766,76.66496276855469
2015-06-18,40.4439811706543,28.608415603637695,75.42839813232422,54.650917053222656,51.76546096801758,60.7691650390625,64.47554779052734,40.68924331665039,29.412853240966797,70.09822845458984,21.22154998779297,25.202003479003906,103.9317626953125,36.46080017089844,74.5926742553711,21.12436866760254,20.011329650878906,87.8771743774414,95.09095764160156,81.3481216430664,67.25537109375,52.86663818359375,128.75900268554688,118.63935089111328,114.15765380859375,41.11140060424805,78.06719207763672,47.05727005004883,143.71804809570312,69.18799591064453,146.52308654785156,69.61139678955078,13.94775104522705,85.07408142089844,43.15612030029297,174.5567169189453,55.40508270263672,29.903465270996094,8.67113971710205,60.3450927734375,30.04868507385254,45.49606704711914,70.55763244628906,139.8585205078125,77.40177917480469,25.30739402770996,37.93128967285156,39.177425384521484,98.22808837890625,76.95582580566406
2015-06-19,39.90726852416992,28.322065353393555,75.05260467529297,54.478294372558594,51.238643646240234,60.55862808227539,63.97389602661133,40.30729675292969,29.231956481933594,69.82587432861328,21.104232788085938,24.960731506347656,103.1534423828125,35.479766845703125,74.52288818359375,20.99419403076172,19.945526123046875,88.33287811279297,94.69181823730469,81.20164489746094,67.31694030761719,52.65411376953125,128.5375518798828,119.0839614868164,113.61538696289062,41.07024383544922,78.37185668945312,47.18441390991211,142.66140747070312,68.84638977050781,145.29917907714844,69.11152648925781,13.77922248840332,84.08446502685547,42.66996383666992,173.40982055664062,54.84858703613281,29.587820053100586,8.653955459594727,60.839935302734375,30.216205596923828,45.07675552368164,70.16792297363281,139.76535034179688,77.12533569335938,25.23575782775879,38.027286529541016,39.37384033203125,97.80288696289062,76.92262268066406
2015-06-22,40.01980209350586,28.54800796508789,75.22545623779297,54.45272445678711,51.90093994140625,60.49098205566406,64.5012435913086,40.855926513671875,29.289833068847656,70.37056732177734,21.184505462646484,25.108610153198242,103.61056518554688,35.39445114135742,75.13562774658203,20.92910385131836,19.9592342376709,88.83568572998047,95.12670135498047,81.22476959228516,67.89382934570312,52.92171096801758,129.04237365722656,120.19532775878906,114.36617279052734,41.18549346923828,78.86970520019531,47.36804962158203,149.40576171875,69.0880126953125,146.01377868652344,70.02510070800781,14.019977569580078,85.27062225341797,43.31317901611328,176.11029052734375,55.00160217285156,29.948543548583984,8.665409088134766,60.31072235107422,30.355138778686523,45.2430305480957,70.5506591796875,140.12100219726562,77.23873138427734,25.47625160217285,38.38909149169922,39.6824836730957,98.52828216552734,77.74530792236328
2015-06-23,39.74279022216797,28.41825294494629,74.99250793457031,54.38882827758789,52.49552536010742,59.99470901489258,64.37262725830078,40.99481964111328,29.217483520507812,70.37056732177734,21.30181121826172,24.97629737854004,104.16033172607422,35.58213424682617,75.37608337402344,20.82062530517578,19.898910522460938,88.92211151123047,95.2220230102539,80.7545394897461,68.03225708007812,52.740699768066406,127.91759490966797,119.80266571044922,114.90838623046875,41.06201171875,79.11492919921875,47.55877685546875,151.38125610351562,68.87972259521484,145.67926025390625,70.11990356445312,14.18048095703125,85.77597045898438,43.2982177734375,177.64764404296875,54.91814041137695,30.2191104888916,8.757047653198242,59.857093811035156,30.011913299560547,45.669586181640625,70.10530853271484,139.1894989013672,76.80633544921875,25.112953186035156,38.396480560302734,39.675479888916016,98.62832641601562,77.85337829589844
2015-06-24,39.50907516479492,28.659866333007812,74.65430450439453,54.139461517333984,51.94609832763672,59.78416442871094,63.84525680541992,40.4461784362793,29.08001136779785,70.14241027832031,21.135107040405273,24.836198806762695,103.14110565185547,35.14706039428711,74.95722198486328,20.61812973022461,19.846813201904297,88.27003479003906,93.85184478759766,80.24578857421875,67.81688690185547,52.33142852783203,126.65106964111328,118.46896362304688,113.69884490966797,40.749183654785156,78.267822265625,47.191463470458984,152.3001251220703,68.53810119628906,144.56182861328125,69.58554077148438,14.036026954650879,85.63556671142578,43.03644561767578,174.4183807373047,54.76511001586914,29.790733337402344,8.877321243286133,59.211055755615234,29.803524017333984,45.42378616333008,69.15898895263672,138.20724487304688,76.74964904785156,25.056684494018555,37.99037551879883,39.668453216552734,98.36151123046875,78.11930084228516
2015-06-25,39.51772689819336,28.523399353027344,74.49642181396484,53.65994644165039,51.66763687133789,59.69392395019531,63.247127532958984,40.21006774902344,28.957002639770508,69.80377960205078,21.005441665649414,24.898468017578125,102.59135437011719,35.02763748168945,74.29793548583984,20.5385799407959,19.7042236328125,88.18357849121094,92.88674926757812,79.67535400390625,66.70159912109375,52.307823181152344,126.16395568847656,117.6317138671875,112.7812271118164,40.6092414855957,78.03004455566406,47.212650299072266,155.99395751953125,70.6544418334961,144.42501831054688,68.8443603515625,13.939726829528809,84.38626098632812,42.75969696044922,173.1088409423828,54.29905319213867,29.475093841552734,8.842954635620117,59.355384826660156,29.807601928710938,44.982757568359375,68.8458480834961,137.292724609375,76.20387268066406,25.153888702392578,37.43657684326172,39.626373291015625,98.16973876953125,78.11930084228516
2015-06-26,39.18011474609375,28.35561752319336,74.88724517822266,53.615196228027344,51.89342498779297,59.65635299682617,63.41432571411133,40.61980056762695,28.942535400390625,69.86266326904297,20.943695068359375,24.14349365234375,102.20835876464844,34.96791458129883,75.46141052246094,20.451801300048828,19.775522232055664,88.4664306640625,93.58375549316406,79.81411743164062,66.77853393554688,52.33929443359375,126.19048309326172,117.08342742919922,112.98979949951172,41.13608932495117,78.64676666259766,47.70710754394531,154.42269897460938,71.52924346923828,143.39878845214844,68.8443603515625,13.971824645996094,83.8738784790039,42.96166229248047,173.39352416992188,55.23115539550781,29.685514450073242,8.820047378540039,59.637184143066406,29.872982025146484,44.9538459777832,69.13116455078125,136.9878387451172,76.48033905029297,25.317626953125,36.60219192504883,39.935020446777344,98.39484405517578,80.66197204589844
2015-06-29,38.40966796875,27.858972549438477,73.41416931152344,52.95028305053711,50.57633972167969,58.889404296875,62.18593215942383,39.78643798828125,28.508398056030273,68.9646224975586,20.73994255065918,23.653152465820312,100.67017364501953,34.481666564941406,74.02644348144531,19.916643142700195,19.583576202392578,86.84796142578125,91.71314239501953,78.5113754272461,65.60940551757812,51.47353744506836,122.86922454833984,112.3265609741211,111.1128921508789,40.34580612182617,77.88140869140625,46.598121643066406,151.3077850341797,69.80457305908203,141.02703857421875,67.05170440673828,13.554518699645996,81.038330078125,41.92950439453125,168.9035186767578,53.888671875,28.791194915771484,8.602409362792969,57.92580032348633,29.693201065063477,44.10798645019531,67.71165466308594,134.37118530273438,75.2186279296875,24.903169631958008,35.77519226074219,39.32472610473633,95.86852264404297,79.42410278320312
2015-06-30,38.21921920776367,28.060314178466797,73.24882507324219,53.1932258605957,50.99781036376953,58.82925033569336,62.0444450378418,39.536415100097656,28.38538932800293,68.70700073242188,20.70289421081543,23.676496505737305,100.47871398925781,34.37928771972656,73.7394790649414,19.858783721923828,19.449220657348633,87.3115005493164,91.92166900634766,78.60385131835938,65.24020385742188,51.481407165527344,122.86038208007812,113.74919128417969,110.82091522216797,40.403438568115234,77.93341064453125,47.000755310058594,148.85446166992188,69.56292724609375,141.31585693359375,67.23340606689453,13.658842086791992,82.17533874511719,42.06412887573242,169.83084106445312,54.06951141357422,29.151931762695312,8.596681594848633,58.035762786865234,29.6278133392334,44.39716339111328,67.43331146240234,134.32884216308594,75.11231994628906,25.02597427368164,35.60537338256836,39.08623123168945,95.65172576904297,81.17216491699219
2015-07-01,38.47891616821289,28.322065353393555,74.0079345703125,52.662574768066406,51.56595230102539,59.94206619262695,61.80003356933594,40.00172424316406,28.580751419067383,69.57559204101562,20.801687240600586,23.489704132080078,101.6091537475586,34.32810592651367,74.2746810913086,19.931659698486328,19.70970916748047,88.0500259399414,92.72589111328125,79.27452087402344,64.5710220336914,52.07168960571289,124.64058685302734,114.83834838867188,111.19630432128906,40.765663146972656,78.55017852783203,48.06622314453125,148.89112854003906,70.69606018066406,143.0414581298828,67.82164764404297,13.819343566894531,81.42435455322266,42.56523513793945,170.76625061035156,54.03471755981445,29.580297470092773,8.585230827331543,58.94985580444336,29.92202377319336,43.39947509765625,67.45418548583984,135.57373046875,76.44487762451172,25.123188018798828,35.91548538208008,40.04725646972656,97.1358413696289,80.45286560058594
2015-07-02,38.43563461303711,28.286266326904297,73.98538970947266,53.154876708984375,51.14931106567383,60.099979400634766,61.658546447753906,40.050331115722656,28.573522567749023,69.67864227294922,20.604106903076172,23.78546714782715,101.97979736328125,34.43046188354492,74.5926742553711,19.917085647583008,19.7042236328125,87.59434509277344,92.5650405883789,79.02012634277344,64.9017562866211,52.07168960571289,124.18004608154297,113.5565185546875,111.69680786132812,40.67509841918945,78.4312744140625,47.931251525878906,148.2020263671875,71.7708969116211,142.38014221191406,67.65727996826172,13.666871070861816,80.7435302734375,42.4380989074707,170.16429138183594,53.79821014404297,29.309755325317383,8.516502380371094,58.97737121582031,29.872982025146484,43.75373077392578,67.63510131835938,135.06558227539062,76.23224639892578,25.066909790039062,35.92287063598633,40.019187927246094,96.64393615722656,80.58668518066406
2015-07-06,38.426979064941406,28.187829971313477,73.80498504638672,52.7648811340332,51.00538635253906,60.19020462036133,60.951080322265625,39.967002868652344,28.52286148071289,69.48728942871094,20.53000831604004,23.3807373046875,101.75739288330078,34.37909698486328,74.1893539428711,19.8369197845459,19.887943267822266,87.46076965332031,92.38630676269531,78.91992950439453,63.95570755004883,51.91427230834961,124.45459747314453,114.47530364990234,109.73645782470703,40.946773529052734,77.88140869140625,47.945457458496094,147.07186889648438,71.94585418701172,142.90464782714844,67.12094116210938,13.594643592834473,81.1786880493164,42.213714599609375,169.22076416015625,53.51302719116211,29.197023391723633,8.470681190490723,58.68870544433594,30.060943603515625,42.69820785522461,67.25934600830078,134.85386657714844,76.26766967773438,25.517175674438477,35.509368896484375,39.6965217590332,95.96855926513672,79.93429565429688
2015-07-07,38.34907150268555,28.118478775024414,74.34612274169922,52.98225402832031,50.603885650634766,61.44587707519531,61.27266311645508,40.27256774902344,29.123428344726562,70.95946502685547,20.826383590698242,23.271770477294922,101.92420959472656,34.38766860961914,74.98825073242188,19.93894386291504,20.233442306518555,88.30929565429688,92.5948486328125,79.27452087402344,64.60177612304688,52.97681427001953,126.783935546875,115.13469696044922,110.40383911132812,41.33367156982422,79.04803466796875,48.46398162841797,141.898681640625,73.9288330078125,144.5542755126953,67.08634185791016,13.39401626586914,80.80668640136719,42.071590423583984,169.35903930664062,53.71473693847656,29.02416229248047,8.505046844482422,59.96708297729492,30.804603576660156,43.12474822998047,67.8438491821289,136.666015625,77.80580139160156,26.443313598632812,35.54627227783203,40.608428955078125,95.9352035522461,80.52812194824219
2015-07-08,38.2971305847168,27.420499801635742,73.48181915283203,52.40685272216797,49.566036224365234,60.89698028564453,60.17286682128906,39.828094482421875,28.841228485107422,70.37794494628906,20.653499603271484,22.960447311401367,100.78759765625,34.0537223815918,74.33670806884766,19.669301986694336,20.033266067504883,87.20935821533203,90.97441864013672,77.83302307128906,63.278839111328125,52.299949645996094,125.69451904296875,112.85267639160156,107.98469543457031,40.54338073730469,77.42073059082031,48.115936279296875,138.2325439453125,72.69571685791016,144.47061157226562,65.6849136352539,13.04090690612793,79.26960754394531,41.32366943359375,165.98341369628906,52.70612335205078,28.400386810302734,8.230134010314941,59.04610061645508,30.7065372467041,42.19211959838867,66.44522094726562,136.0478973388672,77.28124237060547,26.1107120513916,35.08110809326172,40.25501251220703,94.30099487304688,79.42410278320312
2015-07-09,38.53951644897461,26.8612117767334,73.955322265625,52.1702766418457,50.081172943115234,60.64887237548828,60.31437683105469,39.84892654418945,28.884654998779297,69.62710571289062,20.906648635864258,22.51680564880371,101.21383666992188,34.4047966003418,74.84086608886719,19.61100196838379,19.956493377685547,87.50789642333984,91.5940170288086,77.9948959350586,62.83271789550781,52.07957077026367,126.47390747070312,112.11168670654297,108.52690887451172,40.493980407714844,78.54273223876953,48.222469329833984,143.8558807373047,72.8873519897461,146.05174255371094,66.03959655761719,13.225482940673828,79.56437683105469,41.51065444946289,166.59353637695312,53.2904167175293,28.633380889892578,8.20722770690918,61.54787063598633,30.878156661987305,42.4162483215332,66.62614440917969,137.76693725585938,77.04734802246094,26.069787979125977,34.77097702026367,40.24087905883789,93.9174575805664,79.07278442382812
2015-07-10,38.61742401123047,27.57933807373047,74.80458068847656,52.566673278808594,50.79327392578125,60.866912841796875,60.71957778930664,40.24479675292969,29.22472381591797,70.33377838134766,21.21537208557129,22.703601837158203,103.12875366210938,34.558921813964844,75.74060821533203,19.880645751953125,20.04971694946289,88.8592529296875,92.30889892578125,78.94305419921875,63.18654251098633,52.449485778808594,127.96186065673828,114.17889404296875,109.56964111328125,41.1031608581543,79.83567810058594,49.20270538330078,144.453125,73.56224060058594,147.61769104003906,66.87872314453125,13.40203857421875,79.83106994628906,41.944461822509766,168.5293731689453,53.86082077026367,29.03919219970703,8.293133735656738,63.99466323852539,31.192777633666992,42.74881362915039,67.46809387207031,140.03634643554688,77.77034759521484,26.253990173339844,34.859580993652344,40.48120880126953,95.80180358886719,79.5997085571289
2015-07-13,39.42250442504883,28.111764907836914,75.36076354980469,52.69454574584961,51.581111907958984,61.588775634765625,60.84175109863281,40.1892204284668,29.420093536376953,71.56304931640625,21.499399185180664,23.13945770263672,104.62980651855469,34.935672760009766,76.34561157226562,20.25231170654297,20.25811767578125,90.27346801757812,93.21440124511719,79.99141693115234,64.33258056640625,53.07912826538086,129.857177734375,115.40887451171875,110.40383911132812,41.12798309326172,81.11380004882812,49.47971725463867,142.46841430664062,74.00382995605469,150.42276000976562,67.93411254882812,13.658842086791992,80.39960479736328,42.4380989074707,170.91265869140625,54.472957611083984,29.550241470336914,8.384774208068848,64.93627166748047,31.442018508911133,42.60422134399414,68.0247802734375,141.67066955566406,78.57838439941406,26.264225006103516,35.07371139526367,40.65791320800781,97.16085052490234,80.51979064941406
2015-07-14,39.49174880981445,28.1005859375,74.99250793457031,53.135684967041016,52.300777435302734,61.68649673461914,61.45273971557617,40.411460876464844,29.789100646972656,71.49678039550781,21.659931182861328,23.077198028564453,104.1541748046875,34.91853713989258,76.61710357666016,20.42722511291504,20.233442306518555,90.63488006591797,93.3990707397461,80.23038482666016,64.96330261230469,52.94532012939453,130.8579864501953,118.04664611816406,111.19630432128906,41.52503204345703,81.6042251586914,49.76383590698242,143.2953643798828,73.9538345336914,151.3121337890625,68.31474304199219,13.74712085723877,82.37187194824219,42.819549560546875,172.57196044921875,54.31993865966797,29.84334373474121,8.482136726379395,64.83317565917969,31.217294692993164,43.037986755371094,68.10131072998047,142.67835998535156,78.6421890258789,26.274456024169922,35.2878532409668,40.467071533203125,98.06137084960938,80.62849426269531
2015-07-15,39.61293411254883,28.37127685546875,75.47352600097656,52.91193389892578,52.414405822753906,61.76920700073242,60.610206604003906,40.43228530883789,29.760162353515625,70.92266082763672,21.598182678222656,23.108325958251953,104.10474395751953,34.92710876464844,76.842041015625,20.48552131652832,20.195049285888672,90.80773162841797,92.93440246582031,80.04536437988281,64.73255920410156,52.661991119384766,130.09634399414062,118.88389587402344,111.65509796142578,40.788822174072266,81.6636734008789,49.20979309082031,143.40565490722656,71.9708480834961,151.5858154296875,67.94273376464844,14.188507080078125,82.39293670654297,43.2159538269043,173.22274780273438,54.38949966430664,29.8358211517334,8.447772026062012,64.57200622558594,31.323532104492188,42.235504150390625,67.62118530273438,142.7630615234375,78.81934356689453,26.213056564331055,35.044166564941406,40.156044006347656,97.53607940673828,80.7288589477539
2015-07-16,40.392059326171875,28.749347686767578,75.99209594726562,53.0078239440918,52.694705963134766,61.88201141357422,60.76457214355469,40.848976135253906,30.013410568237305,71.3274917602539,21.672285079956055,23.271770477294922,105.63052368164062,35.07267379760742,75.90348815917969,20.638565063476562,20.24440574645996,90.13992309570312,93.63141632080078,79.83724975585938,65.01976776123047,53.220794677734375,131.51339721679688,120.80290985107422,112.7812271118164,41.169349670410156,82.13922882080078,49.28082275390625,141.7700653076172,72.62907409667969,153.26576232910156,68.27146911621094,14.405187606811523,83.41766357421875,43.507652282714844,171.77484130859375,55.30768585205078,29.993635177612305,8.344680786132812,66.04281616210938,31.53599739074707,41.895713806152344,67.82991790771484,143.83848571777344,79.40768432617188,27.07267189025879,35.33214569091797,40.31155776977539,93.23373413085938,81.40633392333984
2015-07-17,40.3574104309082,28.997669219970703,75.21796417236328,52.81602096557617,52.429569244384766,61.836883544921875,59.909183502197266,40.848976135253906,29.846988677978516,71.23915100097656,21.653762817382812,22.937097549438477,106.56324768066406,34.593162536621094,75.624267578125,20.53653335571289,20.123750686645508,89.93562316894531,93.34544372558594,81.35582733154297,64.55402374267578,53.12635040283203,130.0520477294922,120.97332763671875,113.61538696289062,41.27688217163086,81.84197998046875,49.21689987182617,140.96148681640625,72.79568481445312,152.9313201904297,68.53099060058594,14.525565147399902,83.0035629272461,43.33562469482422,172.8159942626953,55.245079040527344,30.211589813232422,8.413406372070312,65.80915069580078,31.642250061035156,41.35348129272461,67.9134292602539,143.10177612304688,79.66995239257812,27.231285095214844,35.457679748535156,40.24794006347656,93.21707153320312,81.10525512695312
2015-07-20,40.61711502075195,29.545774459838867,75.4359130859375,52.272586822509766,52.467437744140625,61.799278259277344,59.774131774902344,40.97398376464844,29.9410457611084,71.62930297851562,21.75872039794922,22.64911460876465,107.00187683105469,34.19071578979492,75.61649322509766,20.42722511291504,20.044240951538086,89.10282135009766,93.60163879394531,81.9956283569336,63.84761428833008,53.36247253417969,129.94578552246094,121.76611328125,113.19832611083984,41.40922546386719,82.46615600585938,49.69989776611328,140.52041625976562,73.21229553222656,155.9340362548828,68.6002197265625,14.541614532470703,82.96143341064453,43.41789245605469,172.75914001464844,55.19636535644531,30.091337203979492,8.344680786132812,65.74040985107422,32.00996780395508,40.89802551269531,67.90647888183594,143.81309509277344,80.05271911621094,27.48200035095215,35.47243881225586,40.17020797729492,92.42498016357422,80.47794342041016
2015-07-21,40.92875671386719,29.250465393066406,75.41338348388672,52.208648681640625,52.346214294433594,61.378231048583984,60.39155578613281,40.74480438232422,29.803577423095703,71.34957122802734,21.696971893310547,22.353355407714844,100.73200988769531,33.88246536254883,75.4846420288086,20.28875732421875,19.945526123046875,89.45637512207031,92.79143524169922,81.2479019165039,63.82433319091797,52.982547760009766,128.42242431640625,121.29197692871094,111.9887466430664,41.16107177734375,82.04127502441406,48.91857147216797,139.01348876953125,71.29598999023438,154.4288330078125,68.2973861694336,14.509514808654785,82.66664123535156,43.34309768676758,172.03515625,55.00160217285156,30.12140464782715,8.310317993164062,65.74730682373047,31.83836555480957,40.84018325805664,68.16394805908203,141.2218780517578,79.7337417602539,27.40013313293457,35.06632995605469,40.43879699707031,90.22381591796875,79.88410186767578
2015-07-22,39.42250442504883,28.013336181640625,75.29312896728516,52.29175567626953,53.088619232177734,61.274356842041016,60.140724182128906,40.369773864746094,29.593738555908203,71.5262451171875,21.536449432373047,22.26774024963379,99.05180358886719,33.75401306152344,75.6863021850586,20.062837600708008,20.06068992614746,90.27346801757812,92.58289337158203,80.73914337158203,61.914730072021484,53.03003692626953,129.724365234375,121.69945526123047,111.0711441040039,42.17025375366211,82.72706604003906,49.27373123168945,138.81137084960938,71.9708480834961,154.1551971435547,68.3320083618164,14.806445121765137,82.42803192138672,43.76943588256836,173.4586639404297,54.772064208984375,30.46710777282715,8.258772850036621,66.42086029052734,31.879222869873047,40.3630256652832,67.65599060058594,140.80694580078125,79.5281753540039,27.60991859436035,35.206634521484375,40.73566818237305,90.12371063232422,79.30702209472656
2015-07-23,39.915924072265625,27.999910354614258,75.30815124511719,51.87619400024414,52.75530242919922,61.17580032348633,59.774131774902344,40.328121185302734,29.55032730102539,71.305419921875,21.474699020385742,22.25995635986328,99.90422821044922,33.39439010620117,75.30625915527344,20.41263771057129,19.882457733154297,90.02989959716797,89.0621566772461,80.41536712646484,59.67910385131836,53.06168746948242,129.405517578125,121.58836364746094,109.52793884277344,42.352230072021484,82.13817596435547,48.4710807800293,141.83441162109375,72.28743743896484,154.18557739257812,66.61919403076172,14.589765548706055,82.58243560791016,43.537574768066406,171.6691436767578,53.7564811706543,30.016189575195312,8.367589950561523,65.62356567382812,31.601375579833984,39.59373474121094,66.87664031982422,140.1464385986328,79.12415313720703,27.53829574584961,35.457679748535156,40.34689712524414,88.07262420654297,78.00222778320312
2015-07-24,39.76876449584961,27.852262496948242,74.51900482177734,51.10897445678711,52.20231246948242,60.8650016784668,58.26915740966797,39.86975860595703,29.26090431213379,70.79751586914062,21.153636932373047,21.839664459228516,98.68115997314453,33.39439010620117,74.53837585449219,20.696855545043945,19.62745475769043,89.24421691894531,88.96086883544922,79.22054290771484,59.07360076904297,53.03003692626953,127.58988952636719,117.5057144165039,107.40076446533203,42.228145599365234,82.36184692382812,46.86579895019531,133.89549255371094,70.5877456665039,152.82485961914062,65.65899658203125,14.365056991577148,79.1923828125,43.2159538269043,168.6595458984375,53.450408935546875,29.760669708251953,8.24159049987793,65.36925506591797,31.348045349121094,38.165000915527344,65.93030548095703,139.55364990234375,79.27301788330078,27.522939682006836,34.84480667114258,40.23380661010742,86.08821868896484,77.29963684082031
2015-07-27,39.25800704956055,27.465232849121094,73.86511993408203,50.67423629760742,51.5205078125,60.622406005859375,57.330169677734375,39.578094482421875,29.333267211914062,70.41474914550781,21.203027725219727,22.06537628173828,98.26107788085938,32.97481155395508,74.49183654785156,20.558395385742188,19.572607040405273,88.83568572998047,88.59151458740234,78.34949493408203,58.468116760253906,53.26749038696289,124.90631103515625,122.65528106689453,108.23494720458984,41.930362701416016,81.82511138916016,45.672481536865234,134.06085205078125,70.11285400390625,152.92369079589844,64.81119537353516,14.18048095703125,77.58511352539062,43.07384490966797,166.7642822265625,53.30432891845703,29.49762535095215,8.333227157592773,64.8675308227539,31.217294692993164,37.10995864868164,66.18778228759766,137.65682983398438,79.64158630371094,27.604806900024414,34.89649200439453,40.2620849609375,85.37114715576172,76.3210678100586
2015-07-28,39.24937438964844,27.601701736450195,74.4212875366211,52.732906341552734,51.550804138183594,60.819541931152344,59.42680740356445,39.946163177490234,29.340496063232422,70.7459945678711,21.826644897460938,22.540151596069336,98.86646270751953,33.634151458740234,75.49241638183594,20.558395385742188,19.770034790039062,90.22632598876953,90.02125549316406,80.32284545898438,60.377716064453125,54.13021469116211,125.59715270996094,127.99005889892578,108.86058807373047,42.13715744018555,83.21906280517578,45.928192138671875,134.0333251953125,71.38761901855469,154.79376220703125,64.97555541992188,14.349013328552246,79.36082458496094,42.93174362182617,167.75662231445312,53.673011779785156,29.49762535095215,8.49359130859375,66.13218688964844,31.642250061035156,38.27490997314453,69.54170227050781,138.3173065185547,80.30077362060547,28.269989013671875,35.70133972167969,40.67913055419922,89.14820098876953,77.34144592285156
2015-07-29,40.07174301147461,27.514450073242188,74.95491027832031,53.154876708984375,52.22502136230469,61.115169525146484,59.97350311279297,40.65452575683594,29.369430541992188,71.05512237548828,22.079795837402344,22.57906723022461,99.5088882446289,34.07084655761719,76.17498016357422,20.696855545043945,19.80568504333496,91.42840576171875,90.22380828857422,81.35582733154297,60.028404235839844,54.5576286315918,127.66071319580078,127.04907989501953,109.52793884277344,42.236419677734375,84.56826782226562,46.0915641784668,133.6106414794922,70.89603424072266,158.22970581054688,65.4859390258789,14.573718070983887,81.21379089355469,43.350582122802734,168.24468994140625,53.951255798339844,29.64097785949707,8.800240516662598,66.37960815429688,31.707611083984375,38.758480072021484,70.20274353027344,146.87005615234375,80.44963073730469,27.83506202697754,35.53889846801758,40.63671112060547,90.5239486694336,78.31169128417969
2015-07-30,40.582489013671875,27.375755310058594,75.03759002685547,53.0717658996582,52.300777435302734,58.66661834716797,59.832027435302734,40.64064025878906,29.34773826599121,71.12874603271484,22.06127166748047,22.50123405456543,99.42859649658203,33.950965881347656,76.91959381103516,20.623979568481445,19.786487579345703,91.49913024902344,90.2953109741211,81.23245239257812,60.8201904296875,53.83736038208008,126.659912109375,127.2120590209961,108.94400787353516,41.996543884277344,84.1881103515625,45.7861328125,132.22314453125,70.43778991699219,156.95265197753906,65.84927368164062,14.549630165100098,82.75088500976562,43.49269485473633,168.53753662109375,53.90951156616211,29.648513793945312,8.736594200134277,66.35212707519531,31.871051788330078,38.15034103393555,70.55763244628906,148.53829956054688,81.20805358886719,27.732725143432617,35.30999755859375,41.18098068237305,90.48225402832031,78.2113037109375
2015-07-31,40.426673889160156,27.13637924194336,75.31566619873047,50.642269134521484,51.914424896240234,58.1435661315918,56.905696868896484,40.94620132446289,29.723981857299805,70.92266082763672,22.26502799987793,22.53237533569336,100.06482696533203,34.19927215576172,77.45479583740234,20.7114315032959,19.73712730407715,91.9469223022461,90.15829467773438,80.97805786132812,61.03751754760742,53.83736038208008,127.68728637695312,130.84268188476562,108.86058807373047,41.930362701416016,83.83778381347656,46.62428283691406,132.37014770507812,70.41278076171875,157.43153381347656,65.79736328125,14.349013328552246,82.72282409667969,43.28326416015625,166.8049774169922,53.652137756347656,29.301481246948242,8.580378532409668,66.41397094726562,32.06719207763672,36.882835388183594,71.22563934326172,146.5059814453125,81.49159240722656,27.824832916259766,35.01464080810547,41.14564514160156,90.36553192138672,79.097900390625
2015-08-03,40.52190399169922,26.496566772460938,75.17286682128906,49.907020568847656,51.914424896240234,57.9161262512207,55.053428649902344,41.008705139160156,30.056827545166016,71.73233032226562,22.320594787597656,22.610204696655273,98.03872680664062,34.0023307800293,77.11348724365234,20.66771125793457,19.791967391967773,91.83692932128906,89.43148803710938,80.70829772949219,59.97407531738281,54.153961181640625,127.26219940185547,130.1017303466797,107.90125274658203,41.77320098876953,84.0986557006836,46.411190032958984,131.7269744873047,70.10449981689453,157.9560546875,65.72816467285156,14.260729789733887,83.94407653808594,43.31317901611328,166.49586486816406,53.72865676879883,29.241130828857422,8.644022941589355,65.91911315917969,32.19794464111328,36.42123794555664,71.49699401855469,145.7861785888672,82.0019302368164,27.968093872070312,35.22139358520508,41.654571533203125,89.9403076171875,78.13603973388672
2015-08-04,41.153831481933594,25.646455764770508,75.00751495361328,49.33800506591797,51.86140441894531,57.54469299316406,54.80259704589844,40.76563262939453,30.2811279296875,71.9973373413086,22.295902252197266,22.672468185424805,97.35302734375,33.959529876708984,76.89630126953125,20.42722511291504,19.811172485351562,92.33979797363281,89.59830474853516,80.64665222167969,59.46174240112305,54.17770767211914,127.12934875488281,129.51638793945312,108.02641296386719,41.78145980834961,81.96675109863281,46.05603790283203,132.2139892578125,70.02950286865234,159.2787322998047,65.50325775146484,14.284807205200195,83.43170928955078,43.245872497558594,166.8862762451172,53.59648895263672,29.361841201782227,8.626666069030762,65.754150390625,31.51148796081543,36.538475036621094,71.42042541503906,145.7522430419922,82.22164916992188,28.101137161254883,35.74565124511719,41.696983337402344,88.83136749267578,77.87677764892578
2015-08-05,41.188453674316406,25.816476821899414,75.54865264892578,49.33800506591797,52.06594467163086,57.43854522705078,54.04367446899414,41.043418884277344,30.476490020751953,73.01315307617188,22.28968048095703,22.85296630859375,97.53836059570312,33.94239044189453,77.40823364257812,20.60212516784668,20.294296264648438,92.70906066894531,89.9616928100586,81.50227355957031,59.67910385131836,54.67634582519531,129.19717407226562,130.7314910888672,108.86058807373047,41.756656646728516,82.8910903930664,46.212310791015625,135.57699584960938,70.5960922241211,159.20269775390625,65.3907699584961,14.340982437133789,83.28430938720703,43.40020751953125,167.31739807128906,53.20001220703125,29.422199249267578,8.563023567199707,66.44831085205078,31.936426162719727,35.98896026611328,71.62918853759766,147.07327270507812,83.36282348632812,28.38256072998047,35.60537338256836,41.986793518066406,88.87303161621094,79.8924560546875
2015-08-06,40.3574104309082,25.87265396118164,74.4588851928711,49.92618942260742,51.70232009887695,57.41582107543945,54.78973388671875,40.5781364440918,30.331785202026367,72.98369598388672,21.885202407836914,22.76664161682129,97.36395263671875,33.66840362548828,77.0592041015625,20.558395385742188,20.095523834228516,91.57766723632812,88.9191665649414,81.54851531982422,60.129310607910156,54.33599853515625,128.1899871826172,125.70796203613281,108.56864929199219,41.62431335449219,80.59516906738281,45.132652282714844,134.88784790039062,68.90470886230469,159.07351684570312,64.88038635253906,14.29283618927002,80.9260025024414,43.30986785888672,166.8212432861328,52.789588928222656,29.369394302368164,8.580378532409668,64.42081451416016,31.642250061035156,36.8388786315918,71.2743148803711,146.38739013671875,82.6894760131836,28.433719635009766,35.4059944152832,42.09282302856445,88.01969909667969,79.95938110351562
2015-08-07,40.461299896240234,25.960298538208008,74.29350280761719,49.12062454223633,51.550804138183594,57.21873092651367,53.863609313964844,40.258670806884766,30.22324562072754,72.94690704345703,21.89764976501465,22.664615631103516,96.61654663085938,33.873897552490234,76.72566986083984,20.514663696289062,19.670368194580078,91.86837768554688,88.6987533569336,81.29415130615234,59.99733352661133,54.20936965942383,126.942138671875,127.67144012451172,107.56761932373047,41.45059585571289,80.31190490722656,45.04031753540039,134.01495361328125,68.54642486572266,158.94424438476562,68.96353149414062,14.244683265686035,80.3223876953125,43.264705657958984,165.47909545898438,52.75481414794922,29.105337142944336,8.563023567199707,64.11149597167969,30.906749725341797,35.78383255004883,71.07254028320312,146.20108032226562,82.72491455078125,28.392778396606445,34.27623748779297,41.78179931640625,86.94047546386719,80.16851043701172
2015-08-10,40.972049713134766,26.904142379760742,75.00001525878906,50.34817123413086,52.18714904785156,57.9009895324707,55.23993682861328,40.56425094604492,30.158130645751953,72.9395523071289,22.003437042236328,23.261056900024414,97.63178253173828,34.156471252441406,77.0902328491211,20.835323333740234,19.73386573791504,92.39481353759766,90.09870147705078,82.71251678466797,62.22522735595703,54.40724182128906,130.00828552246094,126.40444946289062,109.44451141357422,41.905548095703125,80.9678955078125,45.381256103515625,133.85870361328125,69.57959747314453,160.22897338867188,70.29573822021484,14.477415084838867,81.82440948486328,43.618507385253906,167.53701782226562,53.48518371582031,29.482553482055664,8.672952651977539,64.57200622558594,30.67793083190918,36.78025436401367,71.97015380859375,148.40280151367188,82.85958862304688,28.505348205566406,34.35747146606445,41.986793518066406,89.19099426269531,81.24742889404297
2015-08-11,40.17562484741211,25.504104614257812,74.41378021240234,50.00614547729492,51.68718338012695,57.7796745300293,55.169193267822266,40.112831115722656,30.013410568237305,72.59356689453125,21.85409164428711,22.735246658325195,96.85946655273438,33.539955139160156,76.64034271240234,20.419933319091797,19.858097076416016,92.46549224853516,88.45450592041016,81.22476959228516,60.57955551147461,54.02732849121094,128.39501953125,124.89289093017578,107.23391723632812,41.68220901489258,80.56535339355469,44.50758743286133,132.9398651123047,69.60459899902344,158.7694549560547,70.36492156982422,14.27678394317627,81.14360809326172,43.0689582824707,164.06378173828125,52.9913215637207,28.607418060302734,8.505165100097656,63.884700775146484,30.555356979370117,36.926795959472656,71.66397094726562,146.7261199951172,82.67528533935547,28.515588760375977,34.017818450927734,41.80300521850586,87.35043334960938,80.49468231201172
2015-08-12,40.461299896240234,25.897369384765625,74.18828582763672,50.84505844116211,50.937198638916016,57.908565521240234,55.818756103515625,40.46007537841797,29.854215621948242,72.41690063476562,22.009654998779297,23.119794845581055,97.26431274414062,33.634151458740234,76.2292709350586,20.332473754882812,20.03754234313965,92.46549224853516,88.47830200195312,81.35582733154297,61.26266860961914,53.8215446472168,126.9510269165039,126.41925048828125,107.85955810546875,41.434051513671875,80.74427032470703,44.31581115722656,131.7178192138672,69.88957214355469,158.70863342285156,70.0708236694336,14.060105323791504,81.59278869628906,42.700077056884766,163.6001739501953,52.497432708740234,28.343385696411133,8.493592262268066,64.16648864746094,30.97739028930664,37.76202392578125,71.54569244384766,145.27806091308594,81.97356414794922,28.520715713500977,34.623294830322266,41.77473068237305,87.03250122070312,78.32003784179688
2015-08-13,40.452640533447266,25.87714958190918,74.01543426513672,50.754722595214844,51.17204284667969,57.44612503051758,55.214210510253906,40.9600944519043,29.73845672607422,72.71871185302734,22.003437042236328,22.656768798828125,96.58538818359375,33.65983200073242,77.07469940185547,20.915489196777344,19.90778923034668,93.51042175292969,87.81111145019531,81.34038543701172,60.362186431884766,53.552433013916016,129.0724334716797,125.48878479003906,107.56761932373047,41.22724533081055,80.25971221923828,44.33711624145508,131.5615692138672,69.59619903564453,159.47642517089844,69.86321258544922,14.140356063842773,80.8558120727539,42.82805633544922,163.28292846679688,52.747859954833984,28.479169845581055,8.510948181152344,63.60289001464844,31.31339454650879,36.70698547363281,71.37046813964844,146.37887573242188,82.06571197509766,28.433719635009766,35.08110809326172,41.62629318237305,86.6058349609375,77.86837768554688
2015-08-14,40.68636703491211,26.05917739868164,74.26344299316406,50.567562103271484,51.42959213256836,57.32484817504883,55.30426025390625,41.09897994995117,29.846988677978516,73.04259490966797,21.97854232788086,22.774492263793945,97.00894165039062,33.74546813964844,76.99713134765625,21.15597915649414,19.982328414916992,94.08397674560547,88.33534240722656,81.77207946777344,60.92885971069336,53.655311584472656,129.32196044921875,124.8486099243164,108.77715301513672,41.54985427856445,80.25971221923828,44.8059196472168,132.42529296875,70.33383178710938,161.1259307861328,69.99295806884766,14.204561233520508,81.1365737915039,43.1593132019043,164.3240966796875,52.914791107177734,28.705495834350586,8.551447868347168,63.30047607421875,31.428123474121094,36.46519470214844,71.99422454833984,147.49671936035156,82.3350601196289,28.530941009521484,34.85219955444336,41.88783264160156,87.59302520751953,78.905517578125
2015-08-17,40.9633903503418,26.328847885131836,75.06014251708984,50.83216094970703,51.56595230102539,57.25661849975586,54.20364761352539,41.4670524597168,29.91935157775879,73.50634002685547,22.090547561645508,22.82158088684082,97.35774993896484,34.01091384887695,78.07527923583984,21.010236740112305,19.85257911682129,94.04467010498047,88.9072494506836,81.92626190185547,60.96767807006836,53.552433013916016,128.7426300048828,126.38946533203125,109.31939697265625,41.67393112182617,81.05731964111328,45.08293914794922,134.6948699951172,69.96501922607422,161.93179321289062,70.0708236694336,14.260729789733887,81.71210479736328,43.174346923828125,164.77146911621094,53.02609634399414,28.773399353027344,8.493592262268066,63.962867736816406,31.673982620239258,36.311344146728516,72.11336517333984,147.94552612304688,82.38468933105469,28.48488426208496,35.29045867919922,41.909034729003906,87.22492218017578,78.77171325683594
2015-08-18,41.1899528503418,26.180530548095703,74.68435668945312,50.27071762084961,51.672019958496094,56.95338821411133,54.34040451049805,41.43233871459961,29.883159637451172,73.44007873535156,22.102998733520508,22.68816375732422,97.1708984375,34.1051025390625,78.15283203125,20.587549209594727,19.181718826293945,96.48027801513672,88.35323333740234,82.27327728271484,61.18501663208008,53.57618713378906,128.88522338867188,124.8486099243164,108.73546600341797,41.72356033325195,80.84860229492188,45.65827560424805,136.4407196044922,69.8979721069336,161.66574096679688,70.27842712402344,14.196532249450684,82.16131591796875,43.317386627197266,163.64076232910156,53.10261917114258,28.531980514526367,8.580378532409668,63.438499450683594,31.633007049560547,36.27470016479492,72.0152359008789,148.614501953125,82.25000762939453,28.24440574645996,35.416725158691406,41.66163635253906,87.4842758178711,78.54584503173828
2015-08-19,40.61483383178711,25.845687866210938,74.63925170898438,49.19301986694336,51.20989990234375,56.18776321411133,52.692745208740234,41.43233871459961,29.506916046142578,72.86592102050781,21.947429656982422,22.256528854370117,95.88158416748047,33.848201751708984,78.41655731201172,20.25960350036621,18.93048858642578,96.4488525390625,87.50438690185547,81.36695861816406,60.09050750732422,52.824256896972656,127.20953369140625,123.99251556396484,107.31734466552734,41.22724533081055,79.58138275146484,45.54463195800781,137.0471954345703,70.21651458740234,160.6090545654297,70.02757263183594,14.011951446533203,81.5647201538086,42.9560432434082,163.45375061035156,52.497432708740234,28.245298385620117,8.545661926269531,63.07280349731445,30.6168155670166,34.93391418457031,71.69986724853516,148.7161102294922,81.7751235961914,28.044851303100586,34.70363998413086,41.371826171875,85.75250244140625,76.93163299560547
2015-08-20,39.78703689575195,25.315336227416992,74.2484130859375,48.12179183959961,49.952388763427734,56.0285530090332,51.60514450073242,39.55031967163086,29.340496063232422,72.12247467041016,21.499393463134766,21.605154037475586,95.08431243896484,33.07756805419922,77.377197265625,19.70574951171875,18.89183235168457,94.70464324951172,85.99269104003906,79.50785064697266,59.31423568725586,52.23062515258789,122.12899780273438,119.95800018310547,105.0650634765625,40.14362716674805,79.0297622680664,44.5431022644043,133.45445251464844,73.20048522949219,158.9746856689453,68.13306427001953,13.418089866638184,78.8835678100586,42.248382568359375,160.0374298095703,51.426212310791016,27.28719139099121,8.348944664001465,61.941192626953125,30.05954933166504,34.435691833496094,70.8168716430664,146.15025329589844,80.83948516845703,28.003925323486328,34.317378997802734,40.869964599609375,83.5522232055664,75.81922149658203
2015-08-21,37.53015899658203,23.76697540283203,72.37023162841797,46.54719924926758,48.179744720458984,54.459354400634766,49.338783264160156,38.7308349609375,28.602458953857422,70.8490219116211,20.87090301513672,20.843915939331055,92.71128845214844,32.152809143066406,75.33727264404297,19.290346145629883,18.370052337646484,91.263427734375,85.23683166503906,76.59526824951172,58.21970748901367,51.43123245239258,117.39608764648438,115.52143096923828,102.56253051757812,38.985557556152344,76.18974304199219,43.37820053100586,131.1297607421875,70.85353088378906,155.59190368652344,66.63648223876953,12.920531272888184,73.92833709716797,40.62982177734375,152.70867919921875,50.14628601074219,25.808544158935547,8.019153594970703,59.07080841064453,28.625423431396484,33.25608444213867,69.47830200195312,140.0194091796875,78.9682388305664,27.599693298339844,33.515159606933594,39.73194885253906,81.32682037353516,69.66333770751953
2015-08-24,36.318946838378906,23.1737003326416,70.295166015625,44.346649169921875,45.6419677734375,52.41258239746094,46.9682502746582,37.494667053222656,27.770362854003906,67.59549713134766,19.99350357055664,20.600637435913086,89.3603286743164,30.894105911254883,72.03308868408203,18.357532501220703,17.65502166748047,88.41926574707031,83.13125610351562,73.80658721923828,56.52745056152344,49.03300476074219,113.36730194091797,109.90132141113281,99.55947875976562,36.14828109741211,74.69884490966797,41.659271240234375,124.7345199584961,67.66835021972656,150.10348510742188,64.57763671875,12.270489692687988,70.65060424804688,38.58213424682617,145.97366333007812,48.44900894165039,24.337430953979492,7.631502628326416,56.76618957519531,27.674781799316406,31.45370864868164,66.9343490600586,135.5059356689453,75.40292358398438,26.67867088317871,32.348968505859375,38.53737258911133,77.18563842773438,67.5556411743164
2015-08-25,35.264591217041016,23.313034057617188,68.71237182617188,44.34019088745117,45.384403228759766,51.86677169799805,45.60060501098633,35.536251068115234,27.488168716430664,65.98346710205078,19.50191307067871,20.30241584777832,87.79698944091797,30.354650497436523,70.74552917480469,17.942134857177734,17.420351028442383,87.18579864501953,82.56739044189453,72.7608413696289,55.9375,47.782440185546875,111.85205841064453,108.07756805419922,97.05693817138672,35.486541748046875,74.54232788085938,41.112342834472656,122.93352508544922,65.59796905517578,151.25894165039062,63.60007858276367,12.246413230895996,71.98414611816406,37.65617370605469,144.96505737304688,47.530818939208984,23.960227966308594,7.46371603012085,55.889923095703125,27.58464241027832,30.911535263061523,66.19851684570312,135.22647094726562,73.2552261352539,26.514942169189453,31.947851181030273,38.74235534667969,76.17330932617188,66.1505126953125
2015-08-26,37.21647262573242,24.650146484375,72.02946472167969,46.78595733642578,47.65704345703125,53.746788024902344,47.59994125366211,37.793296813964844,28.02361488342285,68.08131408691406,20.1801815032959,21.42465591430664,91.37215423583984,31.604793548583984,73.80152893066406,18.714628219604492,17.897958755493164,91.08271026611328,85.61474609375,75.7818832397461,57.34254837036133,49.254615783691406,115.28365325927734,114.62071228027344,100.14337158203125,36.379913330078125,76.68169403076172,42.639488220214844,126.3884506225586,67.97846221923828,153.64585876464844,65.42538452148438,12.888428688049316,75.0723876953125,39.37259292602539,149.9918670654297,49.255916595458984,25.122024536132812,7.643076419830322,58.932804107666016,28.748334884643555,31.80539321899414,67.71928405761719,139.28268432617188,75.26117706298828,27.226171493530273,32.67578887939453,39.505760192871094,77.88836669921875,67.94039154052734
2015-08-27,38.25341033935547,25.376012802124023,72.8700942993164,48.30247497558594,48.84637451171875,54.18647003173828,50.56315612792969,38.1613655090332,28.41432762145996,68.89839935302734,20.696664810180664,21.75426483154297,92.51817321777344,31.527734756469727,75.49241638183594,19.071720123291016,18.243057250976562,92.44194030761719,86.3226318359375,77.37763214111328,58.73204803466797,49.9352912902832,117.5386962890625,115.91590881347656,104.31430053710938,37.75303268432617,78.41854095458984,43.20063018798828,127.0775375366211,70.19132995605469,156.16201782226562,66.5067367553711,13.19338321685791,75.7953109741211,40.67497253417969,153.9043731689453,50.70972442626953,25.87643814086914,7.845578193664551,60.616390228271484,29.117115020751953,33.607765197753906,69.48531341552734,142.1759033203125,76.35981750488281,27.48200035095215,33.29973602294922,40.2620849609375,79.63690948486328,68.91059112548828
2015-08-28,38.279544830322266,25.45916175842285,72.07489013671875,48.444454193115234,48.58122253417969,53.981773376464844,52.380130767822266,38.45304489135742,28.544570922851562,68.84686279296875,20.323305130004883,22.303613662719727,92.16938781738281,32.075740814208984,75.31243133544922,18.947830200195312,17.928335189819336,92.33192443847656,86.50859069824219,77.47833251953125,58.95718765258789,50.14108657836914,118.75981903076172,116.04251861572266,104.9399185180664,38.0673713684082,77.6581802368164,43.05147933959961,126.68245697021484,69.73033142089844,156.13905334472656,66.30775451660156,13.129181861877441,75.6479263305664,40.30610275268555,153.24325561523438,50.36192321777344,25.68783187866211,7.9497246742248535,60.319698333740234,28.633604049682617,34.303810119628906,69.12789154052734,140.8654327392578,75.9912338256836,27.717384338378906,33.16604232788086,40.38225173950195,80.40657043457031,68.97753143310547
2015-08-31,37.92228698730469,25.340051651000977,71.17367553710938,48.55416488647461,48.55851364135742,53.57244110107422,52.74483871459961,37.39743423461914,28.45051383972168,68.40519714355469,20.049510955810547,22.397790908813477,92.11334228515625,31.758922576904297,74.35002899169922,18.860376358032227,17.8703556060791,91.49913024902344,85.26683807373047,76.89734649658203,59.337528228759766,49.713687896728516,116.47801971435547,112.98303985595703,103.52181243896484,37.46351623535156,76.33135223388672,42.24171447753906,129.3655242919922,69.02621459960938,154.0561981201172,66.36833953857422,13.11313247680664,73.74583435058594,40.14801025390625,153.93701171875,50.00020217895508,25.98960304260254,8.02493953704834,59.71940612792969,28.273029327392578,36.01095199584961,68.43411254882812,139.333740234375,75.50926971435547,27.415498733520508,33.41859436035156,40.1207160949707,79.72054290771484,68.400390625
2015-09-01,36.44095230102539,24.207435607910156,69.7423095703125,46.51493453979492,46.551025390625,52.230655670166016,50.92134475708008,36.48073196411133,28.038082122802734,67.22744750976562,19.514362335205078,21.832744598388672,88.8682861328125,30.834144592285156,73.1371841430664,18.306522369384766,17.619131088256836,89.28804016113281,83.0832748413086,74.33333587646484,58.14206314086914,48.494789123535156,113.59014892578125,109.76732635498047,99.60118865966797,36.040748596191406,74.74358367919922,41.339630126953125,127.72077941894531,66.88883209228516,151.33009338378906,64.01530456542969,12.50322151184082,71.233154296875,38.38641357421875,148.64801025390625,48.26118850708008,24.986228942871094,7.938151836395264,59.36750411987305,27.740339279174805,34.98521041870117,66.71712493896484,135.61508178710938,73.73723602294922,26.622390747070312,32.192970275878906,39.251285552978516,76.4242935180664,66.91160583496094
2015-09-02,37.782875061035156,25.24567413330078,70.69654846191406,47.2570686340332,47.39947509765625,52.92048263549805,50.8366584777832,36.79325485229492,28.14661407470703,67.9788818359375,19.893938064575195,22.44487190246582,90.34443664550781,31.467792510986328,75.14811706542969,18.692758560180664,17.790294647216797,91.9808349609375,84.7269287109375,75.92134094238281,59.07360076904297,49.21505355834961,116.43345642089844,113.36270141601562,102.47908782958984,36.594974517822266,75.36975860595703,42.34115982055664,128.03318786621094,68.5736083984375,156.24627685546875,64.8284912109375,12.760852813720703,73.18433380126953,39.139217376708984,150.5987091064453,48.62985610961914,25.49169921875,8.02493953704834,60.602603912353516,28.395950317382812,35.30756759643555,67.77532958984375,140.0740509033203,74.90958404541016,27.18523406982422,32.400962829589844,40.163108825683594,78.24809265136719,67.56401062011719
2015-09-03,37.90486145019531,24.802963256835938,70.15882873535156,47.61844253540039,47.48280334472656,53.01145553588867,50.96691131591797,36.56407928466797,28.334747314453125,68.3423843383789,19.844158172607422,22.82158088684082,91.42192077636719,31.596240997314453,75.12464141845703,18.874948501586914,17.90624237060547,92.07554626464844,85.0268783569336,76.35511779785156,57.79277038574219,49.80073928833008,116.78108978271484,111.08486938476562,102.22884368896484,36.51224899291992,75.7275390625,41.73030471801758,130.128173828125,68.3975830078125,157.13455200195312,65.10530090332031,12.833312034606934,71.52793884277344,39.4704704284668,151.047607421875,48.94287872314453,25.49923324584961,8.00758171081543,60.89929962158203,28.33039665222168,35.30024719238281,67.81739044189453,140.1081085205078,75.51722717285156,27.420616149902344,32.49751281738281,40.721534729003906,78.62462615966797,67.73963928222656
2015-09-04,37.12933349609375,24.555763244628906,69.15160369873047,46.76015090942383,46.588897705078125,52.1245231628418,49.93143081665039,35.82792663574219,27.87165641784668,67.4448013305664,19.52058219909668,22.382095336914062,89.50359344482422,31.056785583496094,74.21698760986328,18.598024368286133,17.638452529907227,90.35408782958984,83.88712310791016,74.82135009765625,56.744815826416016,48.64517593383789,115.65798950195312,109.43980407714844,100.10167694091797,35.62716293334961,74.63179016113281,40.70035934448242,128.06997680664062,67.32466125488281,155.1588592529297,64.08452606201172,12.599830627441406,71.63320922851562,38.61225891113281,147.22781372070312,48.30292892456055,25.03904151916504,7.845578193664551,60.32659149169922,27.92063331604004,34.58222961425781,66.78720092773438,138.10838317871094,74.00171661376953,26.80147933959961,31.866151809692383,40.000545501708984,78.06403350830078,66.25921630859375
2015-09-08,38.24469757080078,25.238929748535156,71.14338684082031,47.43130111694336,47.84641647338867,53.04937744140625,50.0421257019043,36.591854095458984,28.14661407470703,68.52042388916016,20.24241828918457,23.151185989379883,91.7022476196289,32.26411819458008,75.7271728515625,19.16645050048828,18.325881958007812,91.94132995605469,86.04065704345703,77.31566619873047,57.67633056640625,50.20441818237305,119.27679443359375,115.05240631103516,104.10574340820312,36.42953872680664,76.13752746582031,41.900779724121094,129.6044464111328,69.4704818725586,158.52056884765625,65.30427551269531,13.010432243347168,73.62654876708984,39.84688186645508,151.7169189453125,49.492427825927734,25.85380744934082,7.909224510192871,62.161983489990234,28.723752975463867,35.50540542602539,68.63033294677734,142.96731567382812,75.76026153564453,27.36944007873535,32.46037673950195,40.4034423828125,80.64920806884766,66.9952392578125
2015-09-09,37.53015899658203,24.753524780273438,69.84078979492188,46.463321685791016,47.104034423828125,51.91227722167969,48.7917366027832,36.06404495239258,27.71247673034668,67.37800598144531,19.887714385986328,22.947139739990234,90.34443664550781,31.758922576904297,74.67080688476562,18.904102325439453,17.97801971435547,89.99874877929688,84.4990005493164,76.57978057861328,56.63612747192383,49.381263732910156,118.23392486572266,112.4620132446289,102.39569091796875,35.75950622558594,74.71379852294922,41.21887969970703,128.40989685058594,67.97008514404297,156.72103881835938,64.98421478271484,12.801106452941895,72.86849212646484,39.289791107177734,151.5536651611328,49.0054817199707,25.461511611938477,7.828220844268799,61.36847686767578,28.19108009338379,35.05846405029297,68.01361846923828,141.47813415527344,74.25193786621094,27.12895393371582,31.932994842529297,39.435062408447266,80.398193359375,66.55194091796875
2015-09-10,37.72187805175781,25.29735565185547,70.21941375732422,46.79887008666992,47.467647552490234,51.79099655151367,49.27367401123047,36.6126823425293,27.799318313598633,67.5486831665039,20.298418045043945,22.970687866210938,91.06070709228516,32.204166412353516,74.52996826171875,19.137306213378906,17.701948165893555,90.40935516357422,84.45099639892578,77.1142578125,56.216949462890625,49.017173767089844,119.0361328125,113.99540710449219,102.93791961669922,35.66851043701172,75.1386489868164,41.73030471801758,126.30574035644531,67.76056671142578,157.862060546875,65.14857482910156,12.913820266723633,75.27593994140625,39.56834030151367,151.74139404296875,49.332420349121094,25.552043914794922,7.943936824798584,61.67209243774414,29.01058578491211,35.48343276977539,67.8524169921875,141.0015869140625,74.10179901123047,27.256866455078125,31.984981536865234,39.505760192871094,80.84998321533203,66.97016143798828
2015-09-11,37.88743209838867,25.665908813476562,70.37848663330078,46.90857696533203,47.391902923583984,51.86677169799805,49.35834884643555,36.48660659790039,27.8284912109375,67.96406555175781,20.51621437072754,23.127643585205078,91.78945922851562,32.46962356567383,76.2201156616211,18.962400436401367,17.8482666015625,91.1595458984375,84.73893737792969,77.1684799194336,56.37995529174805,49.00926208496094,120.03436279296875,114.04754638671875,104.06404876708984,35.90839767456055,75.67537689208984,42.06414031982422,128.29046630859375,68.56521606445312,158.36746215820312,65.31291961669922,12.913820266723633,76.94639587402344,39.613494873046875,151.218994140625,49.75286865234375,25.6425724029541,7.932365894317627,62.37588882446289,30.559450149536133,34.699466705322266,68.10472106933594,143.4012908935547,74.38060760498047,27.197397232055664,31.80670928955078,39.91572189331055,80.91690063476562,66.2843246459961
2015-09-14,37.504032135009766,25.913103103637695,70.673828125,46.77952194213867,47.25554656982422,51.59386444091797,49.34530258178711,36.66171646118164,27.806596755981445,67.65250396728516,20.354421615600586,23.064861297607422,90.7181396484375,32.16135787963867,75.8758316040039,18.729204177856445,17.74612045288086,90.5988998413086,84.46900177001953,76.8586196899414,56.4886474609375,49.15964126586914,119.82048034667969,112.40242767333984,103.31326293945312,35.709877014160156,74.66160583496094,42.028629302978516,128.03318786621094,68.6406478881836,157.74717712402344,65.00151824951172,12.849413871765137,77.05207824707031,39.72642135620117,150.13348388671875,49.45857238769531,25.50678253173828,7.972866058349609,62.217201232910156,30.665985107421875,34.26718521118164,67.98556518554688,142.8141326904297,74.18759155273438,27.124990463256836,31.88841438293457,39.647117614746094,78.77518463134766,66.64395904541016
2015-09-15,38.323123931884766,26.13109016418457,71.49175262451172,47.01829147338867,48.16460037231445,52.6475830078125,50.257041931152344,37.5092658996582,28.098535537719727,68.29044342041016,20.64066505432129,23.331687927246094,91.88910675048828,32.52955627441406,76.83042907714844,18.93325424194336,17.757164001464844,91.7439193725586,86.14264678955078,77.71073150634766,57.89366912841797,49.41291809082031,121.4872817993164,113.25102996826172,105.52388000488281,36.23928451538086,75.73499298095703,42.68210983276367,129.273681640625,69.53752899169922,159.15615844726562,66.17799377441406,13.131196975708008,78.24995422363281,40.25340270996094,152.9983367919922,49.71783447265625,26.087678909301758,8.279516220092773,62.73469543457031,30.45291519165039,34.640838623046875,70.4454116821289,144.94142150878906,75.51722717285156,27.983482360839844,32.289527893066406,40.106571197509766,78.87555694580078,68.09095001220703
2015-09-16,38.60195541381836,26.160303115844727,71.65080261230469,47.94754409790039,48.58881759643555,53.14032745361328,51.46186828613281,37.7333984375,28.572933197021484,69.03968811035156,20.646886825561523,23.363075256347656,92.43721771240234,32.76932144165039,77.22164916992188,18.998842239379883,17.859315872192383,93.03897094726562,86.5025863647461,78.20647430419922,58.716514587402344,49.91947937011719,122.2894287109375,112.53642272949219,108.15151977539062,36.28063201904297,75.69027709960938,43.76176834106445,131.01947021484375,70.78645324707031,158.94174194335938,66.88735961914062,13.147300720214844,78.23587036132812,40.44160842895508,153.9696502685547,50.2293815612793,26.117847442626953,8.47044849395752,62.72780227661133,30.469308853149414,36.24540710449219,70.13705444335938,145.4775390625,76.67527770996094,28.62993621826172,32.8243522644043,40.37516784667969,79.53651428222656,68.0407485961914
2015-09-17,38.55839157104492,25.600738525390625,71.8249740600586,48.05080795288086,47.460079193115234,53.246456146240234,51.715843200683594,37.79645538330078,28.740795135498047,69.2622299194336,20.83357048034668,23.315990447998047,92.26905059814453,31.459239959716797,76.55655670166016,18.860376358032227,17.798572540283203,93.11005401611328,85.75275421142578,77.87338256835938,57.49002456665039,50.07777786254883,122.51229095458984,114.56859588623047,106.67864227294922,36.594974517822266,75.54120635986328,44.17374801635742,131.16647338867188,75.4217529296875,158.972412109375,66.6624526977539,12.768906593322754,78.64456176757812,39.304847717285156,152.18218994140625,49.7949104309082,25.68783187866211,8.447303771972656,61.87910079956055,30.731542587280273,36.72895812988281,70.5155029296875,145.27333068847656,77.08989715576172,28.283432006835938,32.868927001953125,40.629638671875,79.02616119384766,67.27124786376953
2015-09-18,37.88743209838867,25.495121002197266,70.72686767578125,46.902130126953125,46.16468048095703,53.019046783447266,50.628257751464844,36.51462173461914,28.4488525390625,69.02484130859375,20.441539764404297,22.774492263793945,90.00811767578125,31.15096664428711,75.93840789794922,18.61259651184082,17.48661231994629,90.90687561035156,83.75513458251953,75.94454956054688,55.782230377197266,49.61870574951172,121.30008697509766,112.09720611572266,104.36412048339844,35.842227935791016,73.81925201416016,45.700904846191406,130.128173828125,74.17280578613281,155.687255859375,65.70220947265625,12.52737045288086,76.41088104248047,38.424049377441406,147.68487548828125,48.75080490112305,24.918333053588867,8.262157440185547,59.67800521850586,30.10053062438965,35.432125091552734,68.90362548828125,143.792724609375,77.0970458984375,27.95244789123535,32.111263275146484,39.98640823364258,77.96366882324219,66.52686309814453
2015-09-21,38.43640899658203,25.89063262939453,70.52993774414062,47.36031723022461,46.551025390625,53.55726623535156,50.85621643066406,35.70908737182617,28.60211753845215,69.51443481445312,20.17396354675293,22.884355545043945,91.2351303100586,31.536293029785156,76.603515625,18.61259651184082,17.59151840209961,92.05977630615234,84.00709533691406,75.712158203125,56.01512145996094,49.943214416503906,121.2376937866211,109.49186706542969,105.58452606201172,35.81740951538086,75.22066497802734,44.55021286010742,130.5600128173828,73.41842651367188,156.48367309570312,66.38561248779297,12.640091896057129,74.50834655761719,38.807979583740234,149.6519012451172,49.206298828125,25.152202606201172,8.285301208496094,60.89238357543945,30.043155670166016,35.71787643432617,69.83573913574219,144.83937072753906,77.75469207763672,28.33513832092285,32.22270202636719,40.141929626464844,78.18118286132812,66.20906066894531
2015-09-22,38.25341033935547,25.48387908935547,70.61324310302734,46.94084548950195,46.14195251464844,53.20856857299805,50.30915451049805,35.540985107421875,28.310190200805664,68.52042388916016,20.074399948120117,22.499814987182617,89.95826721191406,30.98828887939453,76.05580139160156,18.321094512939453,17.555631637573242,91.44383239746094,82.79533386230469,74.39529418945312,55.64249801635742,49.19921112060547,119.42832946777344,108.62837982177734,105.66866302490234,35.13911819458008,74.564697265625,44.10271453857422,129.69635009765625,73.5944595336914,155.95523071289062,65.49459838867188,12.535422325134277,75.0509262084961,38.16056442260742,146.68907165527344,48.3934211730957,24.473228454589844,8.053868293762207,59.829811096191406,29.838281631469727,35.62261962890625,69.03679656982422,142.64393615722656,77.08989715576172,28.030033111572266,31.53187370300293,40.38225173950195,76.65018463134766,65.94139862060547
2015-09-23,38.227272033691406,25.690628051757812,70.42391204833984,46.65692138671875,45.93741226196289,53.261634826660156,49.57324981689453,35.74412155151367,28.288291931152344,68.54267120361328,20.298418045043945,22.554746627807617,89.47868347167969,30.817026138305664,76.19660949707031,18.42312240600586,17.59151840209961,91.73601531982422,82.57936096191406,73.27213287353516,54.4936408996582,49.151729583740234,117.36043548583984,108.47209167480469,105.79490661621094,34.907501220703125,75.01194763183594,43.85411071777344,131.1297607421875,72.6640396118164,155.2737274169922,65.42538452148438,12.65618896484375,74.33218383789062,38.22830581665039,146.43605041503906,48.26028823852539,24.382699966430664,7.915006637573242,60.3334846496582,29.813701629638672,35.06578826904297,68.37802124023438,142.4651641845703,77.10420227050781,28.133451461791992,31.242189407348633,40.580162048339844,75.24466705322266,64.97954559326172
2015-09-24,38.26211929321289,25.843442916870117,70.03767395019531,46.93439483642578,45.61924362182617,54.095489501953125,50.07468032836914,35.4359245300293,28.572933197021484,68.5945816040039,20.34819984436035,22.350704193115234,89.94583129882812,30.876968383789062,76.12621307373047,18.517858505249023,17.621889114379883,91.87026977539062,82.53138732910156,72.5207290649414,51.07807922363281,49.27043914794922,115.64908599853516,106.82698822021484,104.82705688476562,34.69243621826172,73.92363739013672,43.896724700927734,129.5768280029297,71.54082489013672,156.797607421875,64.61223602294922,12.519320487976074,72.23234558105469,38.05516052246094,144.39553833007812,47.90290069580078,24.118654251098633,7.8976521492004395,59.167388916015625,29.469497680664062,34.99251937866211,68.32899475097656,141.92062377929688,77.32579803466797,28.24205780029297,31.21247673034668,40.25501251220703,73.71369171142578,63.365291595458984
2015-09-25,38.288265228271484,25.77827262878418,68.91683959960938,47.2570686340332,46.56617736816406,55.08854293823242,50.60221481323242,34.74247741699219,28.915950775146484,69.3364028930664,19.844158172607422,22.609683990478516,90.57489776611328,30.86840057373047,76.36094665527344,18.969696044921875,17.60808753967285,92.18614196777344,83.71915435791016,72.44326782226562,50.44156265258789,49.974884033203125,116.77215576171875,103.11993408203125,104.86910247802734,33.799072265625,73.50617980957031,42.78866958618164,126.32408905029297,70.45954895019531,156.13143920898438,64.9668960571289,12.79305648803711,70.56237030029297,38.755287170410156,146.7788848876953,48.435482025146484,24.284622192382812,7.828220844268799,58.87070083618164,29.592435836791992,34.57489776611328,69.2120132446289,140.89093017578125,77.71180725097656,28.33513832092285,31.56900978088379,40.594303131103516,73.9061050415039,63.407127380371094
2015-09-28,37.72187805175781,25.268146514892578,69.1970443725586,46.85050964355469,45.437435150146484,54.40627670288086,49.34530258178711,33.91592788696289,28.850257873535156,68.5945816040039,19.178333282470703,22.5704402923584,88.76863098144531,30.34607696533203,75.08554077148438,18.700048446655273,17.5749568939209,90.10139465332031,83.01127624511719,70.94821166992188,49.51780319213867,49.19921112060547,114.20514678955078,98.43775177001953,102.30209350585938,32.31011962890625,71.82152557373047,40.81401062011719,122.2076644897461,66.83850860595703,153.32102966308594,63.44438171386719,12.454914093017578,66.79961395263672,37.919654846191406,141.220458984375,48.421443939208984,23.454763412475586,7.590999603271484,57.01460266113281,29.29741096496582,33.59312057495117,68.16778564453125,138.40621948242188,76.35359191894531,28.252397537231445,30.52167320251465,39.16645431518555,70.70189666748047,62.18466567993164
2015-09-29,37.852577209472656,24.50857162475586,70.46179962158203,47.08927536010742,45.331382751464844,54.79290771484375,49.657920837402344,34.07704544067383,28.94513511657715,69.01740264892578,19.302791595458984,22.947139739990234,88.73748779296875,30.406024932861328,76.27487182617188,18.68547248840332,17.60808753967285,89.16168975830078,84.91291809082031,71.66861724853516,49.92145538330078,49.91947937011719,114.75777435302734,99.61390686035156,103.39622497558594,32.67407989501953,70.9046630859375,41.87236022949219,121.74821472167969,67.29114532470703,155.04403686523438,63.236751556396484,12.358301162719727,67.64518737792969,38.31112289428711,140.273681640625,47.83983612060547,23.39441680908203,7.608359336853027,56.62130355834961,29.18268394470215,34.120643615722656,68.77751159667969,139.17208862304688,77.01841735839844,28.045541763305664,30.469682693481445,39.27249526977539,71.90662384033203,62.06663131713867
2015-09-30,38.56709671020508,24.787229537963867,70.69654846191406,47.97981262207031,46.18739700317383,54.535186767578125,51.37070083618164,34.59538650512695,29.28085708618164,69.95211029052734,19.54546546936035,23.65345001220703,90.29460144042969,30.928348541259766,77.0964584350586,19.130020141601562,17.900724411010742,91.19902801513672,85.04489135742188,73.34955596923828,50.736541748046875,50.2281494140625,116.71869659423828,102.9636459350586,106.13160705566406,33.269649505615234,71.9184341430664,42.315528869628906,124.0637435913086,70.1494140625,158.75030517578125,64.12779235839844,12.543475151062012,69.18832397460938,38.657413482666016,141.8244171142578,48.701759338378906,23.764076232910156,7.851363182067871,57.33890914916992,29.559650421142578,35.13904571533203,69.16292572021484,141.21432495117188,77.94771575927734,28.133451461791992,30.78907585144043,39.67539978027344,73.3623046875,62.38700866699219
2015-10-01,38.87207794189453,24.625425338745117,70.56022644042969,47.792686462402344,46.52830505371094,54.54274368286133,51.01900100708008,34.58135986328125,29.04732322692871,69.61827087402344,19.81304359436035,23.543582916259766,89.43509674072266,31.03110122680664,77.29207611083984,18.902280807495117,17.743362426757812,92.41514587402344,84.46300506591797,73.36504364013672,49.983551025390625,50.43394470214844,116.4156265258789,104.38538360595703,106.00534057617188,33.71634292602539,72.23896026611328,42.92310333251953,124.4404525756836,71.39836120605469,156.7899932861328,63.92013168334961,12.519320487976074,69.24469757080078,38.72517013549805,143.6690673828125,48.064083099365234,23.764076232910156,7.909224510192871,58.39459991455078,30.05954933166504,35.28560256958008,69.08584594726562,141.0186004638672,77.7332763671875,28.04036521911621,30.7965087890625,39.5764274597168,75.40364074707031,61.45121383666992
2015-10-02,39.70859909057617,24.80521011352539,71.13578796386719,48.9671630859375,46.39858627319336,54.89902877807617,53.10952377319336,35.12070846557617,29.47791862487793,69.84823608398438,20.584657669067383,23.943811416625977,90.05167388916016,31.587657928466797,78.08236694335938,18.9243221282959,17.939369201660156,93.03107452392578,85.90269470214844,74.7826156616211,51.000465393066406,50.8771858215332,118.15374755859375,106.05280303955078,107.18363952636719,34.22920227050781,73.76708221435547,44.481346130371094,127.3348388671875,73.35974884033203,158.2143096923828,64.36998748779297,12.382452964782715,69.25173950195312,38.589664459228516,144.47711181640625,48.1691780090332,23.711271286010742,8.094371795654297,60.10579299926758,30.436521530151367,37.50560760498047,69.64649200439453,142.55885314941406,78.01923370361328,28.371337890625,31.509592056274414,40.02174377441406,77.520263671875,62.024497985839844
2015-10-05,40.63225555419922,24.895097732543945,71.76438903808594,49.56730651855469,47.32181930541992,55.505489349365234,54.72463607788086,35.88420486450195,29.930410385131836,71.07222747802734,20.83357048034668,24.4931640625,92.82962036132812,32.18704605102539,79.16219329833984,19.725080490112305,18.185077667236328,94.12870788574219,87.77434539794922,76.20795440673828,53.70185852050781,51.72407531738281,119.45506286621094,107.0428466796875,112.8647689819336,34.23748016357422,76.01081085205078,44.29550552368164,128.35476684570312,72.5634765625,162.13497924804688,66.87006378173828,12.632035255432129,69.94227600097656,39.45541000366211,147.48892211914062,49.57768249511719,24.36006736755371,8.2100830078125,60.692298889160156,31.19866943359375,38.81708908081055,71.15323638916016,144.98399353027344,80.07798767089844,28.821277618408203,32.415802001953125,40.44586181640625,79.1349105834961,65.93633270263672
2015-10-06,40.7368278503418,25.014202117919922,70.74956512451172,50.2642707824707,47.3447151184082,55.64194107055664,56.65233612060547,34.882564544677734,29.8939266204834,72.00687408447266,20.404199600219727,24.90910530090332,92.66767120361328,32.30693435668945,79.7333984375,20.004243850708008,18.13262939453125,93.71810913085938,87.45640563964844,76.07626342773438,54.974918365478516,51.28083419799805,119.99874877929688,105.12234497070312,114.84260559082031,32.99668502807617,74.40814971923828,42.80158233642578,125.61660766601562,70.5517578125,161.1165008544922,66.5326919555664,12.632035255432129,68.7303237915039,39.169334411621094,147.17880249023438,49.49359893798828,24.412874221801758,8.279516220092773,58.02888870239258,30.428335189819336,40.399662017822266,71.08317565917969,143.30767822265625,79.684814453125,28.655794143676758,32.415802001953125,39.37145233154297,78.13935089111328,66.13023376464844
2015-10-07,40.780399322509766,24.895097732543945,71.93101501464844,51.10966110229492,47.40575408935547,55.884525299072266,57.388275146484375,35.68809127807617,30.302621841430664,73.08250427246094,20.715333938598633,25.364280700683594,93.48358917236328,32.24699020385742,79.63164520263672,20.231979370117188,18.320350646972656,94.48407745361328,88.50616455078125,77.06777954101562,54.633365631103516,51.72407531738281,122.12899780273438,110.20649719238281,116.86258697509766,33.608821868896484,75.29520416259766,43.28049850463867,125.54313659667969,70.40089416503906,163.06922912597656,67.01895141601562,12.680339813232422,70.65398406982422,39.289791107177734,148.73780822753906,50.439598083496094,24.84288787841797,8.534090042114258,58.26350784301758,30.73973846435547,40.49490737915039,71.65080261230469,145.68174743652344,80.08512115478516,28.909196853637695,32.91348648071289,39.699188232421875,78.90068817138672,66.50959777832031
2015-10-08,41.3468017578125,24.60744857788086,72.0067138671875,51.645263671875,47.40575408935547,56.400028228759766,58.55398941040039,35.73710632324219,30.638351440429688,73.41629791259766,20.590879440307617,25.521242141723633,94.8476333618164,32.443931579589844,80.5549545288086,20.50379180908203,18.46391487121582,95.59748840332031,89.6699447631836,78.29167938232422,55.766727447509766,52.15939712524414,123.92947387695312,111.58364868164062,117.95671844482422,34.0472297668457,76.159912109375,43.25190734863281,122.78653717041016,70.21651458740234,164.15663146972656,67.01895141601562,12.680339813232422,71.03446960449219,39.55328369140625,147.7909393310547,50.48164367675781,24.888158798217773,8.672952651977539,58.15311050415039,31.141311645507812,41.234920501708984,72.44975280761719,147.85171508789062,81.35042572021484,29.15226173400879,33.5225944519043,40.24066925048828,80.12212371826172,68.21261596679688
2015-10-09,41.0505256652832,25.196229934692383,72.22635650634766,51.14836883544922,47.253150939941406,56.46065902709961,58.332584381103516,35.68809127807617,30.667543411254883,73.7872085571289,20.684221267700195,25.223024368286133,94.91618347167969,32.75341796875,80.40630340576172,20.50379180908203,18.411455154418945,95.81069946289062,89.9218978881836,78.36140441894531,55.347537994384766,52.507659912109375,124.51776123046875,111.35286712646484,118.12509155273438,34.65107345581055,76.03317260742188,43.91667938232422,125.29499053955078,72.20303344726562,163.30665588378906,67.14922332763672,12.543475151062012,70.92174530029297,39.25215148925781,146.2564697265625,50.103233337402344,24.68446922302246,8.661380767822266,58.90521240234375,31.165874481201172,41.10301971435547,72.65998840332031,149.55357360839844,82.01524353027344,29.37980079650879,33.73799514770508,40.33329391479492,80.28944396972656,67.3358154296875
2015-10-12,40.95466613769531,25.079368591308594,72.6959228515625,51.17417907714844,47.092933654785156,56.34693908691406,57.79201889038086,35.51997375488281,30.6529483795166,73.54243469238281,20.671775817871094,25.277956008911133,94.13758087158203,32.70184326171875,80.7818832397461,20.5405216217041,18.477720260620117,96.26083374023438,90.01788330078125,78.624755859375,54.72652816772461,52.43643569946289,125.39124298095703,113.91358184814453,118.20919036865234,34.386375427246094,76.83075714111328,44.824440002441406,126.44358825683594,66.5870590209961,164.1259765625,67.13184356689453,12.495170593261719,70.11844635009766,39.282264709472656,147.10528564453125,49.22030258178711,24.744815826416016,8.667166709899902,59.484806060791016,31.305204391479492,40.49490737915039,73.17159271240234,150.77896118164062,82.51564025878906,29.71595573425293,33.75285339355469,40.732276916503906,81.43559265136719,66.12181854248047
2015-10-13,40.858829498291016,25.122072219848633,72.28694152832031,51.08382797241211,46.96322250366211,56.18017578125,57.55758285522461,34.65140914916992,30.397510528564453,72.63742065429688,20.522430419921875,25.14454460144043,93.19087982177734,32.51271057128906,80.89144134521484,20.459720611572266,18.42250633239746,96.03182983398438,89.44800567626953,77.32340240478516,54.47035217285156,52.21479415893555,125.04363250732422,109.85663604736328,117.28337860107422,34.045249938964844,76.0704574584961,44.55996322631836,127.58295440673828,66.7379379272461,162.3264617919922,66.51531982421875,12.495170593261719,69.18832397460938,39.04137420654297,147.70928955078125,48.45649719238281,24.601478576660156,8.644022941589355,58.74648666381836,30.682373046875,40.32638931274414,72.39366912841797,150.61724853515625,82.24400329589844,29.798715591430664,33.3665885925293,40.31904602050781,81.30172729492188,64.85716247558594
2015-10-14,40.67582702636719,24.766996383666992,71.5902099609375,51.729148864746094,45.77291488647461,56.2559700012207,58.45631790161133,34.70044708251953,30.41940689086914,72.31842041015625,20.559764862060547,25.740982055664062,93.43376159667969,32.03129959106445,80.45323944091797,20.437681198120117,16.572799682617188,94.9736557006836,88.97412109375,76.11495208740234,54.88954162597656,52.04067611694336,119.63333129882812,110.02783966064453,116.14720153808594,33.87886428833008,74.87776947021484,44.374122619628906,126.43436431884766,66.42779541015625,159.39353942871094,66.14192199707031,12.591777801513672,69.32927703857422,38.77035140991211,146.51766967773438,48.33737564086914,24.54867172241211,8.684523582458496,57.98060989379883,29.77273178100586,40.63410949707031,72.0853271484375,147.894287109375,82.00096130371094,29.76249885559082,33.39630126953125,39.96280288696289,81.41888427734375,64.30919647216797
2015-10-15,40.96338653564453,25.137802124023438,73.57439422607422,52.58098220825195,47.22262191772461,56.30144500732422,59.08150100708008,35.526973724365234,30.594568252563477,72.90447998046875,21.206926345825195,25.70174217224121,93.48358917236328,32.280616760253906,81.11052703857422,20.68010711669922,16.379549026489258,96.18974304199219,89.4959716796875,76.30087280273438,54.98270797729492,52.68968963623047,122.45877075195312,113.54882049560547,117.95671844482422,34.83564376831055,76.33881378173828,45.474891662597656,127.803466796875,66.93909454345703,160.18226623535156,66.63688659667969,13.034584999084473,71.61933898925781,39.666202545166016,150.966064453125,49.19227981567383,25.35589027404785,8.806024551391602,60.20930480957031,30.379161834716797,41.01283264160156,72.74407958984375,148.115478515625,83.01603698730469,29.927989959716797,33.841983795166016,40.18367385864258,83.0418930053711,64.26705932617188
2015-10-16,41.399070739746094,24.953521728515625,74.39989471435547,53.2263069152832,47.634666442871094,56.77903747558594,59.452728271484375,36.0593147277832,30.667543411254883,73.95785522460938,21.41227912902832,25.92932891845703,93.67048645019531,32.1258430480957,82.0181884765625,20.753576278686523,16.258075714111328,96.92414855957031,89.2020492553711,75.1622085571289,54.089988708496094,53.125038146972656,122.64599609375,113.60090637207031,121.95449829101562,35.1268424987793,77.06185150146484,46.09676742553711,129.3196258544922,68.3221435546875,160.64175415039062,67.04501342773438,12.978229522705078,72.45783233642578,39.80923843383789,151.1455535888672,49.61272048950195,25.61239242553711,8.840741157531738,60.816524505615234,30.73973846435547,41.01283264160156,72.84920501708984,148.813232421875,83.83811950683594,30.367582321166992,34.13910675048828,40.56840133666992,84.28007507324219,64.07316589355469
2015-10-19,41.49492263793945,25.108585357666016,74.17269134521484,52.26477813720703,47.47442626953125,56.97612762451172,58.632137298583984,36.0032844543457,30.645654678344727,74.31388092041016,21.468276977539062,26.360965728759766,92.94171142578125,31.696016311645508,81.75996398925781,20.753576278686523,16.24703025817871,97.20842742919922,88.78215026855469,75.27837371826172,53.7717170715332,53.227909088134766,123.37684631347656,114.98548889160156,121.99661254882812,35.068599700927734,77.15878295898438,46.51850128173828,130.3854522705078,67.2660140991211,161.30030822753906,66.86265563964844,12.994333267211914,73.0074691772461,39.56834030151367,151.60264587402344,49.234317779541016,24.382699966430664,8.8870267868042,61.03730773925781,31.001991271972656,39.86925506591797,73.0664291381836,148.55799865722656,83.95964813232422,30.853708267211914,34.14653396606445,40.38316345214844,84.64818572998047,64.04785919189453
2015-10-20,41.62562561035156,25.567026138305664,73.90760040283203,52.161529541015625,47.70333480834961,56.42274856567383,58.6060905456543,35.29581832885742,30.864593505859375,74.38065338134766,21.157148361206055,26.24323844909668,87.59769439697266,31.687437057495117,81.25137329101562,20.937232971191406,16.219423294067383,97.0110092163086,89.44800567626953,76.1304702758789,54.54798126220703,53.07752227783203,123.78684997558594,111.99301147460938,121.1128921508789,34.727481842041016,77.48786163330078,45.66790008544922,130.67031860351562,65.20399475097656,159.8376922607422,66.81925964355469,13.042635917663574,71.6334228515625,39.95979690551758,151.41490173339844,49.43754196166992,24.329891204833984,8.898598670959473,61.23049545288086,30.91184425354004,39.757869720458984,73.27669525146484,148.44737243652344,83.79523468017578,30.895078659057617,33.945980072021484,40.32616424560547,84.81547546386719,64.40192413330078
2015-10-21,41.128944396972656,25.564777374267578,73.93790435791016,51.76142120361328,47.35233688354492,56.28736114501953,58.1762580871582,35.4359245300293,30.791624069213867,74.3658218383789,20.821123123168945,26.188304901123047,87.77204895019531,31.481098175048828,80.23413848876953,20.775611877441406,16.189064025878906,97.36637878417969,89.87390899658203,76.51004028320312,54.08223342895508,53.19693374633789,125.84584045410156,111.72504425048828,121.407470703125,35.11020278930664,77.2560043334961,44.681488037109375,125.52471160888672,64.55021667480469,162.0048370361328,66.4371566772461,12.801106452941895,71.68275451660156,39.98991775512695,146.67276000976562,48.799869537353516,23.748991012573242,8.915953636169434,60.74750518798828,31.206859588623047,39.33462142944336,73.76726531982422,148.17503356933594,84.41715240478516,30.946815490722656,33.64142990112305,40.59690475463867,84.19640350341797,64.62116241455078
2015-10-22,41.852195739746094,25.95579719543457,75.37683868408203,53.49089050292969,48.21454620361328,57.25110626220703,59.66762161254883,36.43056869506836,31.557950973510742,76.46513366699219,20.7402286529541,26.996639251708984,89.74649047851562,32.4869270324707,86.75210571289062,21.31190299987793,16.260835647583008,98.20340728759766,93.5811538696289,79.46138763427734,55.636409759521484,54.63770294189453,130.4093780517578,113.37760925292969,124.47952270507812,36.19179153442383,78.00395965576172,45.160404205322266,118.98247528076172,64.52506256103516,165.79537963867188,62.9550895690918,13.010432243347168,75.81898498535156,40.697566986083984,149.82327270507812,52.03029251098633,24.40532875061035,9.01431655883789,61.15459442138672,31.378957748413086,40.530155181884766,74.58721923828125,152.74464416503906,86.35440826416016,31.753578186035156,34.688785552978516,42.19998550415039,86.68951416015625,66.89741516113281
2015-10-23,46.069644927978516,26.760324478149414,75.96754455566406,53.548980712890625,48.73339080810547,58.91854476928711,59.420169830322266,37.03996658325195,31.229501724243164,75.98296356201172,21.188261032104492,27.3890323638916,90.11396789550781,32.727630615234375,88.09795379638672,21.561676025390625,16.095186233520508,98.4008560180664,93.45518493652344,79.8874282836914,56.31930160522461,54.876495361328125,130.75698852539062,115.93827819824219,124.18489837646484,36.27500915527344,77.74964904785156,46.575679779052734,121.78498077392578,65.63986206054688,167.94715881347656,64.76993560791016,13.300268173217773,76.09378051757812,41.217010498046875,151.40675354003906,52.128395080566406,24.609024047851562,9.066388130187988,62.072303771972656,30.993785858154297,40.55243682861328,74.84651184082031,153.02545166015625,86.6689453125,31.57255744934082,34.82991409301758,41.558753967285156,86.9990463256836,67.66462707519531
2015-10-26,47.27214813232422,25.906362533569336,75.6873550415039,52.41319274902344,48.756282806396484,59.270389556884766,57.81158447265625,37.060977935791016,31.083555221557617,76.06453704833984,21.256711959838867,27.145750045776367,89.47868347167969,32.98551940917969,87.77713012695312,21.267822265625,16.01788902282715,98.71672821044922,93.9051284790039,79.6163101196289,56.13875961303711,54.70138931274414,130.75698852539062,118.04485321044922,124.35327911376953,36.28330993652344,77.39064025878906,46.1396598815918,122.32710266113281,66.31045532226562,169.18765258789062,64.42257690429688,13.292219161987305,76.54476165771484,40.87071990966797,152.63919067382812,51.988250732421875,24.55621337890625,9.072174072265625,61.74110412597656,30.772520065307617,39.31975173950195,74.4120101928711,153.41683959960938,86.74041748046875,31.753578186035156,34.45852279663086,41.54451370239258,86.94886016845703,65.34618377685547
2015-10-27,46.784183502197266,25.742311477661133,75.87667846679688,52.32931137084961,48.55789566040039,59.11740493774414,57.11472702026367,37.453224182128906,31.098142623901367,76.36127471923828,21.773191452026367,27.051572799682617,85.86613464355469,32.959739685058594,87.3546142578125,21.341285705566406,15.868809700012207,98.29029846191406,94.01908874511719,79.36067962646484,55.25179672241211,54.88446044921875,132.32579040527344,120.57575988769531,123.9744644165039,36.507957458496094,78.75189971923828,47.74793243408203,125.85548400878906,67.81922912597656,170.7957305908203,64.26628875732422,13.203656196594238,78.18655395507812,40.74275207519531,152.06784057617188,51.820068359375,24.314800262451172,8.615092277526855,65.6602783203125,30.3136043548584,38.38408279418945,72.25349426269531,153.68067932128906,86.5259780883789,31.577730178833008,34.34709548950195,41.480369567871094,86.11224365234375,64.17430877685547
2015-10-28,47.03688049316406,26.803022384643555,76.09629821777344,53.09723663330078,49.97709655761719,58.52080154418945,58.47584915161133,38.59496307373047,31.18572998046875,76.21290588378906,22.0594425201416,27.239917755126953,87.71601867675781,33.4239501953125,88.37184143066406,21.56902503967285,15.912976264953613,97.77699279785156,94.82891082763672,80.23601531982422,56.491981506347656,54.7889404296875,131.80877685546875,121.08939361572266,123.679931640625,37.24010467529297,77.64494323730469,48.31261444091797,125.01012420654297,69.62973022460938,169.26426696777344,64.64837646484375,13.912148475646973,76.19239807128906,41.74399185180664,156.1571044921875,52.72403335571289,25.345603942871094,8.749521255493164,58.61540222167969,30.89543914794922,39.6093635559082,71.92413330078125,162.10501098632812,86.39730072021484,31.774259567260742,34.763057708740234,41.40913009643555,87.28348541259766,66.56021881103516
2015-10-29,46.496639251708984,27.086166381835938,76.77033233642578,53.064971923828125,49.755821228027344,58.9109001159668,58.54098892211914,38.43385696411133,31.229501724243164,76.25743865966797,21.63629150390625,26.706256866455078,87.54159545898438,33.40677261352539,88.1214370727539,21.40740394592285,16.001327514648438,97.62698364257812,94.54696655273438,79.74024963378906,56.491981506347656,55.10733413696289,131.1848602294922,119.53366088867188,123.46952056884766,37.63947296142578,77.6374740600586,48.11247634887695,124.5507583618164,68.73287200927734,167.12774658203125,64.44864654541016,13.759178161621094,76.95341491699219,41.47298049926758,154.9899139404297,52.8221321105957,25.421401977539062,8.609247207641602,57.877098083496094,30.854475021362305,39.8172721862793,72.5127944946289,161.73912048339844,87.04781341552734,31.82078742980957,33.81970977783203,41.45188522338867,87.24168395996094,65.96160888671875
2015-10-30,45.869239807128906,26.854703903198242,76.51286315917969,53.39409637451172,49.02334976196289,58.4213752746582,59.18569564819336,38.28676223754883,30.908390045166016,75.804931640625,21.045135498046875,26.572860717773438,87.24887084960938,33.389564514160156,87.83191680908203,21.194358825683594,15.8025541305542,97.63487243652344,94.30701446533203,80.00361633300781,57.29263687133789,52.81484603881836,131.97813415527344,117.74710845947266,121.70205688476562,37.273399353027344,73.88273620605469,47.140357971191406,123.16325378417969,68.3724365234375,168.33767700195312,63.61507034301758,13.509597778320312,76.19239807128906,40.75779724121094,153.0391845703125,52.99032211303711,24.98937225341797,8.656006813049316,58.429100036621094,30.97739028930664,39.61677932739258,72.19746398925781,159.764892578125,85.57524108886719,31.272621154785156,33.91626739501953,41.402008056640625,87.22492218017578,65.75927734375
2015-11-02,46.392066955566406,27.23224639892578,77.37615966796875,55.033203125,50.00761032104492,58.589637756347656,61.84280776977539,38.60195541381836,30.828109741210938,75.21891021728516,21.816753387451172,26.769046783447266,87.42950439453125,34.171871185302734,87.72236633300781,21.135581970214844,15.904696464538574,98.24290466308594,95.93269348144531,80.70077514648438,58.35228729248047,53.72229766845703,132.2722625732422,120.82144927978516,123.72198486328125,37.79754638671875,75.0794448852539,46.99740219116211,122.89683532714844,68.76638793945312,168.91964721679688,64.20551300048828,13.735024452209473,77.2282485961914,41.29228973388672,154.8185577392578,53.389732360839844,25.37592124938965,8.620938301086426,59.71940612792969,31.305204391479492,40.797481536865234,73.28372192382812,161.28814697265625,86.89769744873047,31.288127899169922,34.376808166503906,41.309391021728516,87.00740814208984,67.60558319091797
2015-11-03,47.185001373291016,27.544614791870117,77.2171401977539,56.04636001586914,50.190738677978516,58.93386459350586,63.91379928588867,38.60195541381836,30.76972007751465,74.86283111572266,21.76074981689453,26.926006317138672,88.37004089355469,34.5587272644043,87.69889831542969,21.018049240112305,16.042734146118164,99.22998809814453,95.2308349609375,80.29022979736328,58.67413330078125,54.128257751464844,131.99594116210938,120.93315124511719,124.52156066894531,37.86410903930664,74.71298217773438,47.23329162597656,121.24285125732422,68.45625305175781,167.62547302246094,64.2836685180664,13.831640243530273,76.87592315673828,41.35252380371094,155.64292907714844,53.733097076416016,25.231910705566406,8.656006813049316,60.878597259521484,30.94460678100586,42.1267204284668,73.22062683105469,158.8203887939453,86.51881408691406,29.917652130126953,32.05184555053711,40.83203887939453,87.16638946533203,67.0575942993164
2015-11-04,47.40285873413086,27.416521072387695,77.20199584960938,55.48492431640625,50.24415969848633,58.941490173339844,63.02157211303711,38.89616012573242,30.631046295166016,74.6402816772461,21.41573715209961,26.989233016967773,88.21430206298828,34.79941940307617,87.94928741455078,20.915193557739258,16.114511489868164,99.00887298583984,95.32682800292969,80.07332611083984,58.51713943481445,53.714332580566406,132.90174865722656,120.50138854980469,124.31114196777344,37.58955001831055,74.47360229492188,46.90447998046875,119.39594268798828,67.93656158447266,167.57192993164062,64.31839752197266,13.694769859313965,76.79135131835938,41.3714714050293,156.42642211914062,53.389732360839844,25.315288543701172,8.56248950958252,60.361114501953125,30.329988479614258,41.83710479736328,72.88424682617188,158.42042541503906,85.68243408203125,30.01074981689453,31.955280303955078,40.817771911621094,86.89026641845703,65.96160888671875
2015-11-05,47.38542938232422,27.290128707885742,77.49736022949219,54.72991943359375,50.6943359375,58.42902755737305,61.575801849365234,38.55994415283203,30.893783569335938,74.63288879394531,21.422012329101562,26.870685577392578,87.13053131103516,34.68767166137695,88.30138397216797,20.885807037353516,16.18077278137207,99.27738189697266,95.37480926513672,80.25150299072266,58.258087158203125,53.809844970703125,132.7044677734375,120.01007843017578,124.73194885253906,37.58955001831055,74.45117950439453,46.85445785522461,121.65633392333984,67.56773376464844,167.3958282470703,64.19684600830078,13.936301231384277,75.98104858398438,41.583709716796875,156.72845458984375,53.72610092163086,25.67910385131836,8.515735626220703,59.305397033691406,30.379161834716797,41.79254913330078,73.04544830322266,158.63316345214844,85.6967544555664,30.02107810974121,31.992414474487305,41.052886962890625,86.34648895263672,65.70025634765625
2015-11-06,47.85597229003906,27.321731567382812,77.18685150146484,54.510501861572266,52.23560333251953,57.80182647705078,61.23715591430664,38.25174331665039,30.623754501342773,73.9726791381836,21.284006118774414,26.74422836303711,86.91679382324219,34.919776916503906,88.66132354736328,20.90050506591797,16.227703094482422,99.4826889038086,95.53679656982422,80.56133270263672,57.959815979003906,52.39297103881836,132.6775665283203,119.4443130493164,125.91026306152344,37.963958740234375,73.82288360595703,46.782962799072266,122.03309631347656,67.44204711914062,165.88720703125,64.51811981201172,14.45156478881836,76.34038543701172,42.33414077758789,162.56436157226562,53.90829086303711,26.838748931884766,8.48651123046875,58.42219543457031,30.788896560668945,41.4138298034668,73.57805633544922,156.58238220214844,84.76744079589844,29.524608612060547,31.294178009033203,40.311920166015625,86.4724349975586,65.34618377685547
2015-11-09,47.1937255859375,27.21114730834961,76.36894226074219,53.34529495239258,51.419185638427734,57.67179489135742,60.12350082397461,37.992576599121094,30.317228317260742,73.34955596923828,21.108367919921875,26.356975555419922,85.06843566894531,34.472740173339844,88.36400604248047,20.702152252197266,16.147645950317383,98.31396484375,94.46299743652344,79.56207275390625,56.429195404052734,52.35316467285156,130.91973876953125,118.82647705078125,125.19488525390625,37.481388092041016,73.29183959960938,46.45416259765625,122.15251159667969,66.5199966430664,164.40933227539062,63.75395965576172,14.234187126159668,76.17831420898438,42.04609680175781,160.5972442626953,52.92725372314453,26.611379623413086,8.37546157836914,57.60110855102539,30.485700607299805,40.57472229003906,72.89126586914062,154.5826416015625,84.36709594726562,29.519445419311523,30.841073989868164,40.20505142211914,85.40621185302734,64.2754898071289
2015-11-10,46.6273307800293,26.353527069091797,76.83091735839844,53.605674743652344,51.640445709228516,57.95479965209961,60.71615219116211,38.12567138671875,30.48509407043457,73.31248474121094,21.196186065673828,26.2463321685791,85.16902160644531,34.318016052246094,88.59091186523438,20.55522346496582,16.200101852416992,98.91412353515625,94.53498840332031,79.32194519042969,56.85307312011719,52.83872985839844,130.17538452148438,117.88855743408203,126.7519302368164,38.072105407714844,73.17967224121094,46.49705123901367,123.35623931884766,67.53221130371094,163.9268798828125,63.710575103759766,14.371051788330078,76.69975280761719,42.37961959838867,161.45431518554688,53.36870193481445,26.70989990234375,8.346237182617188,57.63560104370117,30.6295166015625,40.582149505615234,73.12251281738281,154.43798828125,85.010498046875,29.369468688964844,30.17997932434082,40.36891174316406,84.89409637451172,64.30074310302734
2015-11-11,46.74931716918945,26.204578399658203,77.14141845703125,53.130496978759766,51.3886604309082,58.100120544433594,60.038848876953125,37.62834548950195,30.682144165039062,73.75755310058594,21.16481590270996,25.969722747802734,84.88609313964844,33.56148910522461,89.0838851928711,20.437681198120117,15.896422386169434,98.47981262207031,95.41079711914062,79.98812866210938,56.44489288330078,52.894447326660156,130.0319061279297,116.76454162597656,129.06649780273438,37.49802017211914,70.94329071044922,45.91806411743164,121.11421203613281,68.07205963134766,164.72328186035156,63.31114196777344,14.290545463562012,75.53006744384766,42.296226501464844,161.11146545410156,53.52287292480469,26.543149948120117,8.363773345947266,56.45570755004883,30.432273864746094,39.68361282348633,73.44488525390625,154.61672973632812,85.32501220703125,29.586669921875,30.090850830078125,40.70378875732422,85.30548858642578,63.27223205566406
2015-11-12,46.46176528930664,26.11655616760254,75.93726348876953,51.691890716552734,50.358604431152344,57.10578918457031,58.521446228027344,37.14503479003906,30.346418380737305,72.97122955322266,20.945268630981445,25.60618019104004,83.64128112792969,33.20903015136719,87.72236633300781,20.44502830505371,15.722485542297363,97.76908874511719,93.7611312866211,78.98883819580078,53.89384460449219,51.95516586303711,127.83464050292969,112.95639038085938,126.92028045654297,36.7658805847168,69.64932250976562,45.54637145996094,120.72825622558594,67.36351013183594,163.5516815185547,62.50356674194336,13.98460578918457,73.44436645507812,41.81869888305664,157.34059143066406,52.73102569580078,25.94437599182129,8.20596694946289,55.721065521240234,30.00492286682129,38.59202575683594,72.407470703125,153.4338836669922,84.1312255859375,29.353952407836914,28.60524559020996,40.04118347167969,83.29056549072266,61.77157974243164
2015-11-13,46.04350280761719,25.353734970092773,75.64189910888672,50.83913803100586,50.02287292480469,56.570369720458984,57.75297546386719,37.14503479003906,30.2004451751709,72.7264404296875,20.869993209838867,25.376995086669922,82.83027648925781,32.065670013427734,86.04788208007812,19.25490951538086,15.576165199279785,94.76045227050781,93.3711929321289,78.29943084716797,54.65522384643555,51.38999557495117,127.87950134277344,113.3829116821289,127.42522430419922,36.57450866699219,68.66950225830078,45.8537483215332,120.8936996459961,67.10202026367188,163.22999572753906,61.826229095458984,13.847735404968262,72.27464294433594,41.363895416259766,155.39801025390625,52.10737609863281,25.716995239257812,8.135828018188477,54.86862564086914,29.626888275146484,38.488059997558594,71.82878112792969,152.16603088378906,83.8667221069336,29.1057186126709,28.04814910888672,39.76331329345703,84.6506118774414,62.935001373291016
2015-11-16,46.8538932800293,25.768999099731445,76.65674591064453,52.661808013916016,50.74773406982422,57.59530258178711,60.284305572509766,37.61433029174805,30.623754501342773,73.85398864746094,20.800989151000977,25.369081497192383,84.0625,32.7706184387207,86.90078735351562,19.680997848510742,15.976480484008789,95.42377471923828,94.90689086914062,79.75574493408203,55.25179672241211,52.193965911865234,129.5207061767578,115.58995056152344,127.76188659667969,37.33995819091797,70.0233154296875,46.4755973815918,122.65791320800781,68.51911926269531,168.9808807373047,62.22568893432617,14.032914161682129,73.1484146118164,41.894493103027344,156.84271240234375,52.794105529785156,25.807945251464844,8.20596694946289,56.71906661987305,30.029577255249023,40.37421798706055,72.78854370117188,158.7948760986328,85.44656372070312,29.35912322998047,28.616891860961914,40.68953323364258,85.5909194946289,62.98558807373047
2015-11-17,46.46791076660156,25.658414840698242,76.86876678466797,52.04990005493164,50.457794189453125,57.41938018798828,60.0074462890625,37.621334075927734,30.412092208862305,73.31248474121094,20.61907958984375,25.79585075378418,84.13166046142578,32.779212951660156,86.80690002441406,19.695693969726562,16.54243278503418,99.64061737060547,94.19905090332031,79.69729614257812,54.466854095458984,51.994964599609375,131.00942993164062,117.90921020507812,127.59359741210938,37.24842834472656,70.15044403076172,46.98311233520508,122.90599822998047,68.57818603515625,170.29806518554688,61.748085021972656,14.024863243103027,73.65572357177734,41.65951919555664,155.544921875,52.37366485595703,25.459299087524414,8.270255088806152,57.502197265625,30.424062728881836,40.025203704833984,72.78854370117188,158.3948974609375,85.19634246826172,29.312578201293945,27.838603973388672,40.03404998779297,85.38941955566406,62.21840286254883
2015-11-18,47.23988342285156,26.470884323120117,77.75487518310547,52.557647705078125,51.4649543762207,58.054256439208984,60.78529739379883,37.985565185546875,30.857295989990234,74.38065338134766,20.89508628845215,26.206819534301758,85.3890609741211,33.26922607421875,88.0510025024414,19.923431396484375,16.821271896362305,99.92489624023438,95.03532409667969,81.07636260986328,55.196834564208984,52.5839958190918,132.98248291015625,120.3931655883789,128.43519592285156,38.10538101196289,71.19757080078125,48.3269157409668,124.17396545410156,70.56047058105469,170.93357849121094,62.651161193847656,14.363004684448242,76.19239807128906,42.197689056396484,158.06698608398438,53.599952697753906,25.95953369140625,8.45144271850586,58.618011474609375,30.85140609741211,40.455894470214844,73.16964721679688,160.0968017578125,86.45450592041016,29.509098052978516,27.995752334594727,40.732276916503906,87.50506591796875,62.82539749145508
2015-11-19,47.318843841552734,26.807161331176758,77.6185302734375,52.271240234375,51.62520217895508,58.29899597167969,59.875587463378906,38.020599365234375,31.46306610107422,74.87025451660156,20.2552547454834,27.10777473449707,85.96743774414062,33.544307708740234,88.65352630615234,20.107091903686523,16.75777244567871,100.1775894165039,95.63311004638672,81.83991241455078,54.96135330200195,52.83872985839844,133.8434295654297,119.3232421875,127.38318634033203,38.047142028808594,69.1781005859375,47.84800338745117,117.4571762084961,70.61952209472656,171.53089904785156,63.16349411010742,14.24223804473877,75.0509262084961,42.42509841918945,157.55276489257812,53.52287292480469,25.89889907836914,8.515735626220703,57.405174255371094,30.670610427856445,39.772743225097656,73.46605682373047,160.19888305664062,86.96918487548828,29.71595573425293,27.262378692626953,40.54704284667969,86.78305053710938,63.179473876953125
2015-11-20,47.53813552856445,26.92452049255371,78.18310546875,51.93926239013672,51.53363037109375,57.9930534362793,58.675865173339844,37.89451599121094,30.966779708862305,74.25455474853516,20.186250686645508,27.392288208007812,87.07396697998047,33.81941223144531,89.13080596923828,20.25401496887207,16.58384132385254,102.822998046875,95.97730255126953,82.29959869384766,55.84049606323242,52.61586380004883,133.9869384765625,119.63748168945312,129.02438354492188,38.28010940551758,68.75924682617188,48.477012634277344,121.44501495361328,71.25214385986328,173.1083984375,62.88563537597656,14.21003246307373,75.07205200195312,42.311378479003906,156.2795867919922,53.515869140625,25.701828002929688,8.5332670211792,56.71213912963867,30.662395477294922,39.30490493774414,73.46605682373047,161.237060546875,85.94695281982422,29.545291900634766,26.81337547302246,40.43304443359375,87.83246612548828,63.63474655151367
2015-11-23,47.53813552856445,26.574703216552734,78.40431213378906,52.258216857910156,51.03004837036133,58.1077880859375,59.33503341674805,37.83147048950195,31.353601455688477,74.81089782714844,19.65304946899414,27.250038146972656,87.04881286621094,33.6474723815918,89.56900024414062,20.151168823242188,16.636293411254883,104.63134765625,95.79613494873047,81.48931884765625,55.74630355834961,53.244693756103516,133.03628540039062,121.55279541015625,128.72979736328125,37.805870056152344,68.48252868652344,48.59852981567383,122.36381530761719,71.47991180419922,173.0853729248047,62.72932815551758,14.065112113952637,74.94522094726562,42.14461898803711,154.41856384277344,53.3617057800293,25.4971923828125,8.504044532775879,56.767581939697266,30.613073348999023,39.5648078918457,73.10613250732422,159.83299255371094,86.91913604736328,29.798715591430664,27.479408264160156,41.188262939453125,88.54609680175781,62.90128707885742
2015-11-24,47.59077835083008,26.82972526550293,77.8474349975586,53.29972839355469,50.953758239746094,58.47489547729492,60.2183837890625,37.46022415161133,31.6455135345459,74.647705078125,20.05451011657715,27.155193328857422,87.13680267333984,33.92255783081055,89.42031860351562,20.033626556396484,16.54243278503418,105.4999771118164,95.2527084350586,80.3829345703125,56.0445556640625,53.188968658447266,133.31431579589844,121.78465270996094,129.02438354492188,37.814178466796875,68.99860382080078,48.477012634277344,123.36540222167969,70.75445556640625,173.39170837402344,62.19963073730469,14.065112113952637,75.09318542480469,41.902076721191406,153.99412536621094,52.99032211303711,25.459299087524414,8.504044532775879,57.4744758605957,30.506244659423828,41.079673767089844,72.97205352783203,159.9776611328125,86.57601165771484,29.77284812927246,26.97052574157715,41.302268981933594,88.56287384033203,64.35979461669922
2015-11-25,47.09952163696289,26.637897491455078,77.78636932373047,52.88962936401367,51.01479721069336,58.054256439208984,59.9019660949707,37.62834548950195,31.6455135345459,74.55127716064453,20.61907958984375,27.226327896118164,86.75961303710938,33.75062942504883,89.51422119140625,20.011585235595703,16.630773544311523,106.32910919189453,95.18025970458984,80.7413558959961,56.11521530151367,52.878536224365234,132.22012329101562,122.6600341796875,127.76188659667969,37.780914306640625,70.23271942138672,48.66287612915039,123.24597930908203,70.6363754272461,172.9092559814453,62.251739501953125,14.040964126586914,75.94580841064453,41.85660171508789,154.3859100341797,53.26361846923828,25.47444725036621,8.504044532775879,57.80022048950195,30.54732894897461,40.38164520263672,73.0355453491211,160.46482849121094,86.11852264404297,29.736648559570312,27.29230499267578,41.494625091552734,89.37722778320312,67.44541931152344
2015-11-27,47.310062408447266,26.58824920654297,78.09915924072266,52.876625061035156,51.2513313293457,57.90123748779297,59.57235336303711,37.79645538330078,31.733768463134766,74.72928619384766,20.568893432617188,27.234230041503906,87.04881286621094,33.681861877441406,90.08203125,20.070356369018555,16.534151077270508,106.40019989013672,95.39763641357422,81.07636260986328,55.90327072143555,52.98200607299805,131.78968811035156,122.33830261230469,127.76188659667969,37.78922653198242,70.77872467041016,48.49845504760742,124.32099914550781,70.56047058105469,174.26699829101562,62.39066696166992,14.073163986206055,76.10083770751953,41.985450744628906,155.4633026123047,53.2215461730957,25.603300094604492,8.492354393005371,58.34078598022461,31.237659454345703,39.71332931518555,73.52252960205078,161.01170349121094,86.3901596069336,29.86594009399414,27.28482437133789,41.61574935913086,89.16735076904297,66.67825317382812
2015-11-30,47.67850875854492,26.698837280273438,77.2370834350586,53.15652084350586,50.877445220947266,57.24345016479492,60.1986198425293,37.13102340698242,31.344005584716797,74.29906463623047,20.556350708007812,27.47922706604004,87.65235900878906,33.501338958740234,90.02681732177734,20.018936157226562,16.244272232055664,105.72109985351562,94.54627227783203,80.99065399169922,57.025753021240234,52.281532287597656,130.4444580078125,120.52777862548828,125.99444580078125,37.37323760986328,70.37483978271484,47.89802551269531,124.02699279785156,69.2024154663086,169.05999755859375,62.20830154418945,14.032914161682129,74.66334533691406,41.76563262939453,155.62713623046875,53.3617057800293,25.997432708740234,8.37546157836914,58.23684310913086,30.950035095214844,40.13657760620117,72.69683074951172,159.25979614257812,85.17491149902344,29.788368225097656,27.30727767944336,41.15263748168945,88.77275848388672,67.0828857421875
2015-12-01,48.44171905517578,26.482177734375,78.091552734375,53.306236267089844,51.58705139160156,58.084842681884766,60.96328353881836,38.22372055053711,31.542556762695312,74.96668243408203,21.089548110961914,27.732126235961914,88.82171630859375,33.72483825683594,90.25550079345703,20.25401496887207,16.285682678222656,106.62528228759766,94.73946380615234,81.14649200439453,56.170169830322266,52.40092468261719,132.4981689453125,121.18612670898438,126.96234130859375,37.8225212097168,71.39205169677734,48.791526794433594,128.262939453125,72.9644775390625,169.86224365234375,62.694580078125,14.338850975036621,74.58586883544922,42.22800064086914,158.12509155273438,53.599952697753906,26.73263931274414,8.50989055633545,58.20912170410156,31.39381217956543,40.55243682861328,73.66364288330078,160.07168579101562,86.59033203125,29.938335418701172,27.464431762695312,41.508880615234375,89.62908935546875,67.01545715332031
2015-12-02,48.43293762207031,26.242944717407227,77.85504150390625,51.78302001953125,50.86219787597656,57.9701042175293,59.49324417114258,37.698387145996094,31.454313278198242,74.31158447265625,20.63789176940918,27.52664566040039,87.82838439941406,33.26922607421875,89.67984771728516,20.15851593017578,16.243925094604492,106.133544921875,94.01486206054688,80.32841491699219,55.75413513183594,52.281532287597656,131.79864501953125,120.0938491821289,126.12068176269531,37.622833251953125,70.68148803710938,48.44843292236328,128.4007110595703,71.32806396484375,168.8902587890625,61.826229095458984,14.22581958770752,73.59233093261719,41.75046920776367,155.82369995117188,52.93425369262695,26.44462013244629,8.334547996520996,57.73783874511719,31.31985092163086,39.0227165222168,72.90147399902344,158.68724060058594,86.24466705322266,29.912479400634766,27.329721450805664,41.174015045166016,88.43694305419922,66.88056182861328
2015-12-03,47.54692077636719,25.999197006225586,76.89376068115234,51.04094314575195,50.20600509643555,57.931846618652344,58.57037353515625,36.83683776855469,31.226316452026367,74.02025604248047,20.317981719970703,26.902294158935547,87.3379898071289,32.50410842895508,89.41958618164062,19.798540115356445,16.436010360717773,103.84920501708984,93.21784210205078,79.78300476074219,54.66307830810547,52.201927185058594,130.54307556152344,115.70215606689453,126.3732681274414,36.73259353637695,69.4473876953125,47.497745513916016,126.12197875976562,70.06275939941406,166.20578002929688,61.14894485473633,13.967462539672852,71.4361343383789,41.083431243896484,151.67955017089844,52.67496871948242,26.111127853393555,8.17089557647705,56.78835678100586,32.79914474487305,38.324684143066406,72.18868255615234,156.439697265625,85.15013885498047,29.524608612060547,26.648733139038086,40.80353546142578,87.56382751464844,66.0122299194336
2015-12-04,49.04701232910156,26.863582611083984,78.54164123535156,51.3338623046875,51.800689697265625,59.53046417236328,59.13727951049805,37.572303771972656,31.83672332763672,75.4918212890625,20.575164794921875,27.61357879638672,88.2873306274414,33.664669036865234,91.63555908203125,20.187902450561523,16.608612060546875,106.7046127319336,95.53651428222656,81.4581298828125,54.929954528808594,52.80689239501953,133.17977905273438,120.7746810913086,128.30899047851562,37.68939971923828,71.39952850341797,49.39907455444336,129.03472900390625,73.06571197509766,168.46604919433594,61.739444732666016,14.371145248413086,73.33159637451172,42.197689056396484,155.60256958007812,53.277610778808594,26.770540237426758,8.299477577209473,58.64573287963867,33.325096130371094,38.01280975341797,72.8732681274414,160.6185760498047,87.34642028808594,30.25897789001465,26.918136596679688,41.694122314453125,88.95745086669922,67.0997543334961
2015-12-07,48.959285736083984,26.694313049316406,78.82393646240234,49.99290466308594,51.121612548828125,59.94349670410156,57.53541564941406,37.60032272338867,31.77054786682129,75.20049285888672,20.487342834472656,27.653099060058594,87.73408508300781,33.37238693237305,91.80904388427734,20.19524574279785,16.84245491027832,106.22870635986328,95.2527084350586,81.16987609863281,53.658355712890625,52.80689239501953,133.13491821289062,118.43293762207031,127.80394744873047,37.905704498291016,72.05773162841797,49.206092834472656,126.60897827148438,72.8632583618164,169.03683471679688,61.31390380859375,14.161231994628906,72.51424407958984,42.008201599121094,151.9170379638672,52.66797637939453,26.28545570373535,8.25271987915039,58.81900405883789,34.04831314086914,36.379127502441406,72.30162048339844,160.6527557373047,87.92967987060547,30.134864807128906,26.499061584472656,41.736873626708984,88.14310455322266,66.68665313720703
2015-12-08,48.94174575805664,26.683032989501953,78.13732147216797,48.58034896850586,50.32808303833008,59.4692497253418,56.981693267822266,37.453224182128906,31.63081169128418,74.8270034790039,20.405799865722656,27.463415145874023,86.79103088378906,33.29500198364258,91.89579772949219,19.945465087890625,16.594690322875977,106.15730285644531,94.67305755615234,79.98558807373047,52.22977066040039,52.67952346801758,130.0319061279297,119.21852111816406,127.04645538330078,37.89738082885742,71.54911804199219,49.60637283325195,126.15874481201172,72.8885726928711,168.7899627685547,60.70608901977539,13.878646850585938,72.95109558105469,41.235042572021484,149.81216430664062,51.93218994140625,25.815523147583008,8.16505241394043,57.980411529541016,34.03189468383789,35.86674118041992,71.39125061035156,160.6613006591797,87.5335922241211,30.114179611206055,26.394298553466797,42.04323959350586,86.26255798339844,66.8131332397461
2015-12-09,48.231170654296875,26.093990325927734,77.93132019042969,49.231300354003906,49.94656753540039,59.43102264404297,57.746360778808594,36.997928619384766,31.373411178588867,74.05013275146484,20.2552547454834,27.510835647583008,85.88572692871094,33.16605758666992,91.93524169921875,19.636919021606445,16.4610652923584,104.6185531616211,94.22623443603516,79.3856201171875,51.735252380371094,52.599945068359375,129.35928344726562,118.12622833251953,128.22479248046875,37.40651321411133,71.04054260253906,49.005958557128906,125.99337005615234,70.73761749267578,167.8103485107422,60.66264724731445,13.805987358093262,71.83777618408203,41.02280044555664,148.00218200683594,51.273494720458984,25.29254913330078,8.118292808532715,57.75864028930664,33.900390625,35.99298095703125,70.89720916748047,159.42221069335938,86.61190795898438,29.648727416992188,26.499061584472656,41.736873626708984,85.25509643554688,66.8046875
2015-12-10,48.48556900024414,26.218114852905273,78.3051528930664,49.27037048339844,50.0610237121582,59.4998779296875,58.86701583862305,37.60731506347656,31.44695281982422,73.87831115722656,20.299161911010742,27.47922706604004,85.99259185791016,32.83076858520508,92.42414093017578,19.666309356689453,16.580780029296875,105.126220703125,95.11382293701172,79.28436279296875,52.10417175292969,52.639732360839844,131.30538940429688,119.45790100097656,128.98228454589844,37.69770812988281,70.86101531982422,49.277584075927734,127.93211364746094,71.62327575683594,168.843994140625,60.8797492980957,13.886722564697266,72.30988311767578,41.189552307128906,149.1488494873047,51.392608642578125,25.330434799194336,8.159207344055176,57.8140754699707,33.80177688598633,36.549922943115234,70.89015197753906,160.1999053955078,86.64794921875,29.571151733398438,26.259592056274414,41.879364013671875,84.6926040649414,66.26513671875
2015-12-11,47.424110412597656,25.543310165405273,77.57276916503906,48.391571044921875,48.885986328125,59.49219512939453,56.981693267822266,36.84430694580078,31.08659553527832,73.04167175292969,20.1109676361084,27.08407211303711,84.60317993164062,31.988319396972656,91.54090881347656,19.218175888061523,16.525096893310547,103.4605484008789,93.48955535888672,76.53404998779297,51.35849380493164,51.90739822387695,129.70005798339844,116.07622528076172,127.3410873413086,36.907318115234375,69.73906707763672,48.334068298339844,128.71311950683594,70.25679779052734,167.548095703125,59.79430389404297,13.507258415222168,70.4848861694336,40.40882873535156,144.6033172607422,49.61272048950195,24.314802169799805,7.9721784591674805,56.628971099853516,33.760677337646484,35.74049377441406,68.78003692626953,158.96923828125,85.8342056274414,29.198808670043945,25.60852813720703,41.39487838745117,82.88761901855469,65.05110168457031
2015-12-14,48.371543884277344,25.38532829284668,77.93132019042969,49.49168395996094,49.038597106933594,59.88228225708008,58.886783599853516,36.87963104248047,31.218963623046875,73.16864776611328,20.186250686645508,27.242130279541016,85.45819091796875,32.36655807495117,91.68285369873047,19.460607528686523,16.811840057373047,104.70581817626953,95.18025970458984,77.11841583251953,51.90009307861328,52.41683578491211,128.24720764160156,118.2907943725586,127.3410873413086,37.281715393066406,70.38980102539062,49.06315612792969,129.273681640625,71.42929077148438,167.06979370117188,59.76824951171875,13.563772201538086,71.11470031738281,40.325443267822266,144.47225952148438,49.44331359863281,24.163209915161133,7.960485935211182,57.218040466308594,34.40170669555664,36.78011703491211,69.06938934326172,159.86660766601562,88.31851196289062,29.74698829650879,25.578590393066406,41.630008697509766,82.04806518554688,66.5517578125
2015-12-15,48.42416763305664,24.93621063232422,79.44189453125,51.70491027832031,50.434898376464844,60.945465087890625,61.14786911010742,37.374168395996094,31.67493438720703,74.24433898925781,20.236427307128906,27.803255081176758,86.62760925292969,32.84798049926758,92.21123504638672,19.725080490112305,16.60304069519043,104.13475799560547,89.4439468383789,76.72102355957031,52.394615173339844,53.14120864868164,131.4129638671875,121.66500091552734,127.59359741210938,37.93067169189453,69.25289916992188,50.192501068115234,129.2277069091797,72.13782501220703,165.72755432128906,60.91447448730469,14.064348220825195,72.16206359863281,41.621604919433594,149.06686401367188,50.38218688964844,24.890840530395508,8.106605529785156,56.90620040893555,34.771522521972656,37.54497146606445,69.79627227783203,160.5246124267578,89.60746765136719,29.653902053833008,26.087465286254883,41.71549987792969,82.73648071289062,65.126953125
2015-12-16,49.24000930786133,25.128053665161133,80.29634857177734,51.52263641357422,51.525997161865234,61.94746780395508,61.596107482910156,38.16546630859375,32.24122619628906,75.50679016113281,20.437164306640625,27.8980770111084,87.57060241699219,33.44975280761719,92.92886352539062,20.011585235595703,16.786781311035156,105.41173553466797,90.54289245605469,81.09195709228516,53.156009674072266,54.390933990478516,132.8300323486328,123.1313247680664,130.37100219726562,38.313385009765625,72.97022247314453,50.542755126953125,129.73306274414062,72.787353515625,167.7794647216797,61.4007682800293,14.33077621459961,73.13159942626953,42.33414077758789,152.5067138671875,50.91869354248047,25.47444725036621,8.392996788024902,58.708099365234375,34.87014389038086,36.646453857421875,70.93250274658203,162.15684509277344,90.67320251464844,30.486528396606445,26.491579055786133,42.171485900878906,84.13851928710938,65.91944885253906
2015-12-17,48.8627815246582,24.59542465209961,79.06806182861328,50.748008728027344,50.572227478027344,61.412044525146484,59.68442153930664,37.204612731933594,31.983821868896484,74.84940338134766,20.28034019470215,27.58987045288086,85.97373962402344,31.747604370117188,92.66075134277344,19.62958335876465,16.4193058013916,104.18233489990234,89.87870025634766,79.71288299560547,50.942466735839844,53.59492874145508,130.54307556152344,120.7746810913086,129.52304077148438,37.6561164855957,70.83856964111328,49.520606994628906,131.39617919921875,72.72830200195312,166.02069091796875,60.410831451416016,13.967462539672852,72.43804168701172,42.04609680175781,149.5583038330078,50.1280632019043,24.54218292236328,8.17089557647705,57.75864028930664,34.467445373535156,35.10929870605469,70.5726089477539,160.9262237548828,90.61559295654297,30.217613220214844,25.66090965270996,40.775020599365234,82.47621154785156,64.84034729003906
2015-12-18,47.48550796508789,23.929645538330078,77.77871704101562,50.30535125732422,49.13778305053711,59.75990295410156,59.203189849853516,36.483985900878906,31.25574493408203,73.1313247680664,20.067062377929688,26.7679386138916,84.81066131591797,31.24899673461914,91.99830627441406,19.298986434936523,16.38311767578125,103.34159088134766,88.71334838867188,79.3388900756836,51.10731506347656,52.193965911865234,125.18000793457031,118.8070068359375,128.3783416748047,36.358192443847656,70.95076751708984,48.34834671020508,132.2874755859375,71.50520324707031,163.6756591796875,58.93463897705078,13.531481742858887,71.90023040771484,40.772647857666016,143.72698974609375,49.351539611816406,23.716026306152344,8.065690994262695,57.18340301513672,33.399078369140625,34.1068229675293,69.16112518310547,157.97796630859375,88.95941162109375,29.545291900634766,26.192235946655273,40.56840133666992,80.839111328125,63.204776763916016
2015-12-21,48.09958267211914,24.223052978515625,77.4964828491211,50.29235076904297,50.00761032104492,60.38710403442383,58.827457427978516,36.646480560302734,31.461668014526367,73.66913604736328,20.36189079284668,27.060359954833984,85.18788146972656,31.30916976928711,92.81059265136719,19.570804595947266,16.577991485595703,104.15061950683594,89.05145263671875,79.93881225585938,51.20934295654297,52.52032470703125,126.3637924194336,119.16614532470703,128.8871307373047,36.641082763671875,71.76604461669922,48.63426971435547,132.74691772460938,72.57647705078125,166.2135467529297,59.3948974609375,13.701029777526855,72.62911224365234,40.94699478149414,145.57794189453125,49.690364837646484,24.011627197265625,8.024778366088867,58.83287048339844,33.867515563964844,33.4904899597168,68.37779235839844,161.5244598388672,89.95309448242188,29.70561408996582,26.424226760864258,40.90327072143555,81.6282958984375,63.828670501708984
2015-12-22,48.55574417114258,24.200471878051758,78.35853576660156,50.54621887207031,50.11443328857422,60.884281158447266,59.50645065307617,36.8089714050293,31.83672332763672,74.55061340332031,20.399526596069336,27.447607040405273,86.71560668945312,31.4553165435791,92.83424377441406,19.754467010498047,16.85359001159668,104.60271453857422,89.95115661621094,81.15425109863281,53.69759750366211,52.9979362487793,127.6911849975586,121.42556762695312,129.2686767578125,37.00714874267578,73.50128173828125,48.827266693115234,133.83116149902344,72.46680450439453,167.84115600585938,59.785621643066406,13.789838790893555,72.7918930053711,41.189552307128906,147.46165466308594,50.057464599609375,24.420917510986328,8.299477577209473,59.609066009521484,34.598934173583984,34.36671829223633,69.16112518310547,161.83209228515625,90.99723052978516,30.173076629638672,27.247406005859375,41.61574935913086,82.91279602050781,65.41362762451172
2015-12-23,48.968055725097656,24.511920928955078,78.95364379882812,52.19962692260742,50.91559600830078,61.1290283203125,61.84001541137695,37.43070602416992,32.11618423461914,75.1781005859375,20.424619674682617,27.660995483398438,87.09908294677734,31.747604370117188,93.68590545654297,20.129133224487305,17.006710052490234,105.57829284667969,91.27352905273438,81.77758026123047,54.85931396484375,53.45960998535156,129.19781494140625,121.73977661132812,131.2189483642578,37.52299118041992,73.68077087402344,49.313331604003906,134.94293212890625,72.71142578125,168.11117553710938,60.75818634033203,13.999756813049316,72.99003601074219,41.72016143798828,149.83676147460938,51.35636520385742,24.70893096923828,8.392996788024902,59.636810302734375,34.771522521972656,36.408836364746094,68.62477111816406,162.3704833984375,91.49408721923828,30.517789840698242,27.449466705322266,41.97911834716797,84.15531158447266,66.78780364990234
2015-12-24,48.83646011352539,24.381025314331055,79.12911224365234,51.63982009887695,50.8164176940918,61.029632568359375,60.67982864379883,37.3388557434082,32.02059555053711,75.10337829589844,20.462257385253906,27.64519691467285,86.91679382324219,31.816375732421875,93.50454711914062,20.114431381225586,16.934328079223633,105.41173553466797,91.29164123535156,81.53604888916016,54.459007263183594,53.32428741455078,128.7225341796875,122.36077117919922,130.71018981933594,37.52299118041992,73.94256591796875,49.299015045166016,134.575439453125,72.41620635986328,168.59715270996094,60.92316436767578,13.9432373046875,73.30142211914062,41.55338668823242,149.44366455078125,51.14458465576172,24.617979049682617,8.363773345947266,59.92094421386719,34.89480209350586,36.08207702636719,68.69534301757812,162.46449279785156,91.36448669433594,30.444669723510742,27.427013397216797,41.83661651611328,84.28123474121094,66.42528533935547
2015-12-28,49.082096099853516,24.107942581176758,78.74762725830078,51.25575256347656,50.64854049682617,61.1290283203125,59.565757751464844,37.331783294677734,31.983821868896484,75.20796203613281,20.336790084838867,27.605670928955078,86.5144271850586,31.627241134643555,93.64649200439453,20.06301498413086,16.91206169128418,105.23722076416016,91.30977630615234,81.2867202758789,53.831050872802734,53.244693756103516,129.62831115722656,120.99910736083984,131.00694274902344,37.46474838256836,73.61344909667969,49.44197463989258,135.13592529296875,72.11253356933594,168.4814453125,60.57582092285156,13.830208778381348,71.95682525634766,41.4472770690918,148.74746704101562,51.335201263427734,24.383014678955078,8.287793159484863,59.49126434326172,34.886592864990234,35.042476654052734,68.45541381835938,162.3533935546875,92.33661651611328,30.434223175048828,27.31475830078125,41.736873626708984,83.8698501586914,65.73400115966797
2015-12-29,49.608455657958984,24.541263580322266,79.36558532714844,51.529144287109375,51.175025939941406,61.4655876159668,60.152462005615234,37.685035705566406,32.145606994628906,75.78314208984375,20.5939884185791,28.00873565673828,87.8786849975586,31.8421688079834,94.68746185302734,20.40094566345215,17.151473999023438,106.0462646484375,92.31814575195312,82.07364654541016,54.30984878540039,53.849647521972656,132.14842224121094,123.02655792236328,132.6180419921875,38.12203598022461,74.31656646728516,49.84939193725586,136.3303985595703,72.75363159179688,170.0705108642578,61.26181411743164,13.951316833496094,73.14574432373047,41.90965270996094,150.31173706054688,51.60344314575195,24.671037673950195,8.317014694213867,60.17042541503906,35.042728424072266,35.47316360473633,68.96353149414062,163.63522338867188,93.27991485595703,30.773712158203125,27.756284713745117,41.950618743896484,84.44073486328125,65.9634017944336
2015-12-30,49.397911071777344,24.220783233642578,79.17487335205078,50.845645904541016,50.80876541137695,61.243770599365234,59.38778305053711,37.621456146240234,32.04264450073242,75.55907440185547,20.543800354003906,27.653099060058594,87.60205841064453,31.738998413085938,94.18273162841797,20.22463607788086,17.17095375061035,105.76866912841797,91.72636413574219,81.38801574707031,53.917396545410156,53.75413131713867,131.30538940429688,122.16622924804688,131.64291381835938,37.66442108154297,73.85279846191406,49.96440505981445,134.9337921142578,72.71142578125,169.55368041992188,60.92316436767578,13.765615463256836,72.29651641845703,41.6064453125,149.06686401367188,50.89045333862305,24.42849349975586,8.28194522857666,59.872413635253906,34.771522521972656,34.60435104370117,68.5189208984375,162.43881225585938,93.2007064819336,30.71103858947754,27.599130630493164,41.72262191772461,83.76070404052734,65.84444427490234
2015-12-31,48.6697998046875,23.75587272644043,78.36617279052734,50.74150848388672,50.381492614746094,60.738956451416016,59.30208969116211,37.31765365600586,31.59404945373535,74.64024353027344,20.24897575378418,27.226327896118164,86.52071380615234,31.40373420715332,93.16545104980469,19.95281219482422,17.065174102783203,104.89617919921875,90.95955657958984,80.69458770751953,53.34438705444336,53.02976989746094,129.6731719970703,121.44800567626953,132.06690979003906,37.36491012573242,73.12731170654297,49.43974685668945,134.45594787597656,71.07501983642578,167.509521484375,60.393489837646484,13.587998390197754,71.61007690429688,41.20471954345703,147.60903930664062,50.46689224243164,24.110158920288086,8.235184669494629,59.016517639160156,34.377037048339844,34.67119216918945,67.91200256347656,161.3535614013672,91.66691589355469,30.402877807617188,27.449466705322266,41.08139419555664,82.96318054199219,64.7994384765625
2016-01-04,48.0732536315918,23.776174545288086,76.65726470947266,50.422542572021484,48.8682861328125,59.94349670410156,58.57037353515625,37.07745361328125,31.182205200195312,73.78118896484375,20.041973114013672,26.86278533935547,85.47077178955078,30.859909057617188,92.72383117675781,19.553024291992188,17.109716415405273,103.9602279663086,88.65296173095703,79.91545104980469,53.367919921875,51.5094108581543,126.00508880615234,118.46285247802734,130.20140075683594,35.71756362915039,72.14747619628906,48.17483139038086,134.65814208984375,69.90251159667969,164.4701690673828,58.6915168762207,13.265052795410156,69.35964965820312,40.105613708496094,145.07830810546875,49.5491943359375,23.860036849975586,8.16505241394043,57.557647705078125,33.8264274597168,34.8122673034668,66.93104553222656,160.2425537109375,91.07645416259766,29.974599838256836,26.820842742919922,40.93891525268555,82.24114990234375,64.63800811767578
2016-01-05,48.292572021484375,23.180370330810547,76.97769165039062,50.8521614074707,48.95277786254883,60.13469696044922,59.07136535644531,37.55080032348633,31.29251480102539,74.28915405273438,20.186250686645508,26.736328125,85.40790557861328,30.764944076538086,94.0013656616211,19.464176177978516,17.516162872314453,103.45262908935547,89.03939819335938,80.5699234008789,52.81062698364258,51.740238189697266,126.51627349853516,118.33567810058594,130.32861328125,35.7092399597168,72.3569107055664,49.123531341552734,132.44371032714844,70.94845581054688,168.36572265625,57.788429260253906,13.265052795410156,70.24424743652344,40.09046173095703,142.5803680419922,49.75390625,23.708444595336914,8.01893424987793,56.046810150146484,34.59072494506836,35.198421478271484,67.59442901611328,164.4129638671875,92.94865417480469,30.580467224121094,27.120193481445312,40.753665924072266,82.53499603271484,65.0118408203125
2016-01-06,47.415340423583984,22.726734161376953,76.58858489990234,50.429039001464844,48.24609375,59.55339050292969,56.73775863647461,37.03505325317383,31.12337303161621,74.31158447265625,19.82868766784668,26.143598556518555,84.98038482666016,30.920330047607422,93.37049102783203,19.256874084472656,17.691545486450195,102.38186645507812,87.24605560302734,79.65837097167969,51.97859573364258,51.05568313598633,124.50740051269531,117.2508544921875,128.25115966796875,35.40971374511719,71.47432708740234,48.26107406616211,131.42373657226562,70.50142669677734,167.8797607421875,56.18368911743164,12.98247241973877,70.98025512695312,39.32488250732422,139.09959411621094,48.63853073120117,23.117250442504883,7.662407875061035,55.18742752075195,34.557838439941406,33.676116943359375,66.63463592529297,162.77215576171875,92.90547180175781,30.9042911529541,26.461639404296875,40.41879653930664,80.99024963378906,64.2811508178711
2016-01-07,45.766090393066406,21.76755714416504,75.69599914550781,49.621864318847656,46.29505920410156,59.03327941894531,54.72721481323242,36.710060119628906,30.608566284179688,72.88478088378906,19.696958541870117,25.163606643676758,83.52812957763672,30.247024536132812,91.20972442626953,18.81265640258789,18.103553771972656,99.46300506591797,85.12059020996094,77.31317901611328,50.188934326171875,50.15620040893555,119.28782653808594,114.45274353027344,122.8243179321289,34.56108474731445,70.44216918945312,46.924278259277344,129.89846801757812,68.67095947265625,164.53189086914062,55.67782974243164,12.514199256896973,68.11414337158203,38.20304489135742,134.82440185546875,47.33963394165039,21.965179443359375,7.422774314880371,56.25471115112305,33.75245666503906,32.71819305419922,65.3501968383789,160.75534057617188,91.3500747680664,30.366313934326172,25.83303451538086,39.57149887084961,79.96600341796875,63.71193313598633
2016-01-08,45.906455993652344,21.88265609741211,74.8873062133789,48.61941146850586,45.258079528808594,58.1077880859375,54.140506744384766,36.08833694458008,30.527671813964844,72.61589050292969,19.446041107177734,24.902803421020508,82.75482940673828,29.910367965698242,91.06779479980469,18.346229553222656,17.688753128051758,98.27325439453125,84.83074188232422,76.68988037109375,49.6787223815918,49.790035247802734,116.57938385009766,112.75444030761719,120.61965942382812,33.837257385253906,69.97842407226562,45.73123550415039,127.48188018798828,68.53602600097656,164.23873901367188,55.494693756103516,12.27198600769043,68.25566864013672,37.56632995605469,134.26751708984375,46.13954544067383,21.510408401489258,7.329259395599365,56.171566009521484,33.53056716918945,32.14638900756836,64.49628448486328,159.01197814941406,90.17633056640625,30.41855812072754,25.73573875427246,39.700740814208984,79.32796478271484,62.666927337646484
2016-01-11,45.8801383972168,22.23699188232422,74.43717193603516,47.96845626831055,45.18893814086914,58.643192291259766,53.243980407714844,36.20844268798828,30.579145431518555,72.78768920898438,19.489953994750977,25.337472915649414,83.76072692871094,30.160707473754883,92.02196502685547,18.70900535583496,17.878063201904297,99.76439666748047,84.81265258789062,76.68205261230469,48.250144958496094,49.99699783325195,116.77668762207031,110.4949951171875,121.17081451416016,33.887168884277344,70.99565124511719,45.26407241821289,123.79724884033203,67.7093734741211,166.1209259033203,55.860992431640625,12.360800743103027,68.29107666015625,37.96806716918945,135.73350524902344,45.892478942871094,21.571046829223633,7.463685989379883,56.150760650634766,33.92503356933594,30.534992218017578,64.68685150146484,160.75534057617188,90.52198791503906,31.055747985839844,25.563621520996094,40.14593505859375,79.29438018798828,62.998260498046875
2016-01-12,46.30122756958008,22.559722900390625,74.9483413696289,48.951385498046875,45.28879928588867,58.52080154418945,54.153690338134766,36.568756103515625,30.976276397705078,72.92215728759766,19.446041107177734,25.82746696472168,83.55326843261719,30.531883239746094,92.61343383789062,18.768234252929688,17.71102523803711,101.12071990966797,85.05418395996094,77.26641082763672,48.35218048095703,50.45071029663086,118.31029510498047,112.81427764892578,121.42521667480469,34.49452209472656,71.57154846191406,45.59467315673828,127.7942886352539,67.81901550292969,168.13430786132812,56.16624069213867,12.360800743103027,68.71565246582031,38.93074417114258,135.71713256835938,47.092559814453125,21.571046829223633,7.510445594787598,56.70521545410156,33.89216995239258,29.888944625854492,65.63247680664062,161.44754028320312,90.82441711425781,31.013973236083984,25.64594078063965,40.47623062133789,79.85686492919922,63.31261444091797
2016-01-13,45.301151275634766,21.979707717895508,74.01758575439453,49.24431610107422,44.0444450378418,58.015995025634766,53.6131477355957,35.79161071777344,30.7777156829834,72.08550262451172,19.050844192504883,25.218929290771484,82.46565246582031,29.41834831237793,90.78388977050781,18.212961196899414,17.237770080566406,96.29034423828125,83.76202392578125,75.65361022949219,47.794883728027344,50.076602935791016,114.90231323242188,108.82664489746094,119.72936248779297,33.72426223754883,70.38980102539062,44.04227828979492,124.28425598144531,66.89114379882812,165.3881378173828,54.81441879272461,12.029778480529785,65.48865509033203,37.69519805908203,130.2134246826172,45.793663024902344,20.381078720092773,7.130537986755371,55.39533615112305,32.21563720703125,28.960731506347656,63.94581604003906,157.97796630859375,90.34195709228516,30.17829704284668,25.04726791381836,39.707923889160156,78.11903381347656,62.208106994628906
2016-01-14,46.5907096862793,22.460418701171875,75.44426727294922,51.50311279296875,44.705039978027344,58.24546432495117,56.342254638671875,36.59702682495117,30.79977798461914,71.57006072998047,19.515045166015625,25.874889373779297,83.55955505371094,30.031221389770508,91.9667739868164,18.257383346557617,17.555137634277344,94.87849426269531,85.24737548828125,76.93138885498047,48.87807846069336,50.570125579833984,115.87088775634766,114.58738708496094,123.20591735839844,34.410804748535156,71.43694305419922,45.64497375488281,127.4635009765625,69.6241455078125,166.94635009765625,55.198158264160156,12.102441787719727,65.82836151123047,38.38496780395508,132.17904663085938,46.294857025146484,20.578140258789062,7.124692440032959,56.73985290527344,32.075931549072266,30.63152503967285,64.32691955566406,158.567626953125,91.60213470458984,30.40811538696289,24.964942932128906,39.74383544921875,78.5555648803711,62.53099822998047
2016-01-15,44.7309455871582,21.9210262298584,74.0023193359375,50.50064468383789,43.814002990722656,57.35053634643555,55.155677795410156,36.1307258605957,30.520315170288086,70.16571044921875,19.32685661315918,23.51974868774414,81.74891662597656,29.452861785888672,90.83118438720703,17.487407684326172,17.240550994873047,94.5691909790039,83.743896484375,75.77825164794922,47.582611083984375,50.426822662353516,112.669189453125,113.19585418701172,120.78926086425781,33.94194793701172,70.23271942138672,45.120323181152344,125.17554473876953,68.52757263183594,166.61465454101562,54.86674118041992,11.674537658691406,64.99327087402344,37.00541305541992,127.4451904296875,45.85012435913086,19.68377113342285,6.996111869812012,55.39533615112305,31.632143020629883,29.228044509887695,63.5435676574707,157.4224853515625,90.26994323730469,29.8753662109375,23.580493927001953,39.30582046508789,77.1535415649414,62.12318420410156
2016-01-19,44.353721618652344,21.814958572387695,74.38379669189453,49.732540130615234,43.79094314575195,58.68910217285156,53.731807708740234,36.27202224731445,30.82919692993164,71.54019927978516,19.251585006713867,23.551362991333008,80.54183197021484,29.82405662536621,92.66075134277344,17.657690048217773,17.41594123840332,94.98955535888672,83.56275177001953,75.83280181884766,46.91500473022461,51.175079345703125,113.05481719970703,113.19585418701172,120.78926086425781,33.849853515625,71.10034942626953,45.42937088012695,128.566162109375,70.20620727539062,166.07467651367188,54.63125228881836,11.496914863586426,63.6203727722168,36.54302978515625,128.4362030029297,46.280738830566406,19.903575897216797,6.984419822692871,55.92897415161133,31.385595321655273,27.029996871948242,63.76232147216797,159.5930938720703,90.64439392089844,30.50212287902832,22.83214569091797,39.79409408569336,76.90170288085938,61.56243133544922
2016-01-20,44.55549621582031,21.844289779663086,73.0487060546875,47.636478424072266,42.63875961303711,58.506229400634766,52.064022064208984,35.713890075683594,30.43205451965332,70.04620361328125,19.232765197753906,23.385395050048828,76.61251831054688,29.297483444213867,91.30433654785156,16.954341888427734,16.93711280822754,92.37210845947266,82.69927215576172,74.98355102539062,46.74017333984375,49.71043395996094,109.53925323486328,115.97899627685547,118.7117919921875,33.45634078979492,70.71343994140625,45.673736572265625,127.93211364746094,69.69161987304688,162.30250549316406,54.97140884399414,11.052863121032715,64.08038330078125,36.28531265258789,125.92185974121094,45.94894790649414,19.130474090576172,6.955196857452393,55.06264877319336,31.106168746948242,25.80474281311035,62.59787368774414,156.01239013671875,89.06741333007812,29.885814666748047,23.41585922241211,39.17658615112305,78.51360321044922,61.1716194152832
2016-01-21,44.283546447753906,21.73370361328125,73.19366455078125,48.23534393310547,42.439056396484375,59.192893981933594,53.42856979370117,35.97529983520508,30.439420700073242,70.56907653808594,19.182579040527344,23.440719604492188,77.27262878417969,29.452861785888672,92.92886352539062,16.954341888427734,17.22663688659668,95.35438537597656,83.18232727050781,75.24847412109375,47.439571380615234,50.97581100463867,110.66926574707031,114.30313873291016,121.21324920654297,33.054466247558594,70.98389434814453,45.37187194824219,128.7591094970703,68.66255950927734,162.60340881347656,54.63125228881836,10.786434173583984,62.89146041870117,36.39142990112305,124.20191192626953,46.280738830566406,18.78182029724121,7.01948881149292,54.7369499206543,30.53089714050293,27.40872573852539,62.8589973449707,154.8673095703125,89.9747314453125,30.005943298339844,23.887319564819336,38.860633850097656,77.17032623291016,62.04669952392578
2016-01-22,45.871368408203125,22.889223098754883,73.8116226196289,49.843196868896484,43.74486541748047,59.686702728271484,55.069984436035156,36.279090881347656,30.93215560913086,71.5999526977539,19.26413345336914,23.654098510742188,77.01485443115234,30.03985595703125,93.37049102783203,17.30231475830078,17.45212745666504,97.36904907226562,84.24505615234375,76.21459197998047,48.464813232421875,51.74466323852539,111.75444030761719,116.77204132080078,119.72936248779297,33.51494598388672,71.85542297363281,46.284637451171875,126.71002197265625,69.57355499267578,163.56756591796875,48.020389556884766,10.947906494140625,64.9862060546875,37.15701675415039,128.46893310546875,47.600826263427734,19.41091537475586,7.095470905303955,56.0260124206543,30.506244659423828,27.973093032836914,63.444759368896484,157.33697509765625,91.24929809570312,30.439435958862305,24.867664337158203,39.72946548461914,78.21137237548828,63.389060974121094
2016-01-25,45.432743072509766,22.442363739013672,73.54457092285156,48.15724182128906,42.75398254394531,59.293209075927734,53.32310104370117,35.97529983520508,31.005699157714844,71.66720581054688,19.13239288330078,23.39329719543457,76.75082397460938,29.642772674560547,94.0013656616211,17.15424156188965,17.663707733154297,96.53621673583984,83.0676040649414,75.17056274414062,46.024879455566406,51.2000617980957,111.21633911132812,114.78943634033203,118.88138580322266,33.205169677734375,70.67584228515625,45.220943450927734,124.8263931274414,68.92399597167969,162.7730712890625,47.98550796508789,10.463484764099121,64.12283325195312,36.12614059448242,123.76786041259766,46.17483901977539,18.933406829833984,7.001954078674316,54.54982376098633,30.13642120361328,25.396320343017578,63.105995178222656,155.38853454589844,88.34732818603516,30.50212287902832,24.268980026245117,39.348907470703125,76.49032592773438,60.98469924926758
2016-01-26,45.766090393066406,22.566495895385742,77.19129180908203,49.92780685424805,43.844722747802734,60.80543518066406,55.45233154296875,36.34974670410156,30.946866989135742,71.95103454589844,19.239032745361328,23.662004470825195,77.07145690917969,30.411039352416992,94.97135925292969,17.56144142150879,17.816810607910156,96.92487335205078,87.42115020751953,76.752197265625,47.018333435058594,51.520416259765625,114.80364990234375,115.05122375488281,120.02606964111328,33.6237907409668,70.65331268310547,45.05563735961914,124.43128967285156,69.13489532470703,161.93997192382812,48.04655456542969,10.746064186096191,65.2551040649414,36.58094024658203,126.49518585205078,47.05020523071289,19.319957733154297,7.1656084060668945,55.05574035644531,30.226825714111328,26.250289916992188,64.17166900634766,155.9611358642578,89.93150329589844,30.794599533081055,25.166996002197266,39.58586883544922,77.72444915771484,62.50548553466797
2016-01-27,44.9327278137207,21.083723068237305,77.93897247314453,49.009979248046875,43.814002990722656,60.79772186279297,54.905181884765625,35.58672332763672,30.954214096069336,71.66720581054688,19.144941329956055,23.559263229370117,76.04669189453125,30.134809494018555,95.31832885742188,17.346738815307617,17.802894592285156,96.42516326904297,87.88607788085938,75.5445556640625,46.350738525390625,51.49639129638672,104.55284881591797,112.57491302490234,118.7117919921875,33.88334274291992,70.87870788574219,44.351322174072266,120.77424621582031,68.96620178222656,160.34315490722656,47.54943084716797,10.786434173583984,63.429283142089844,36.81591033935547,125.89726257324219,46.75371170043945,19.34283447265625,7.159565448760986,54.3696403503418,30.785659790039062,26.888917922973633,64.12930297851562,152.2778778076172,89.43464660644531,30.794599533081055,25.249313354492188,39.449424743652344,77.90913391113281,62.55647659301758
2016-01-28,45.66960144042969,21.234939575195312,78.02288055419922,50.11658477783203,43.99834442138672,61.584693908691406,56.6389045715332,34.760108947753906,31.30722427368164,72.79515838623047,18.94420623779297,23.685714721679688,76.8388442993164,30.49736213684082,96.50910949707031,17.109817504882812,17.878063201904297,96.98831176757812,88.9548568725586,76.33147430419922,48.544281005859375,52.073028564453125,105.8353271484375,110.98876190185547,119.6021728515625,30.73529624938965,70.24010467529297,43.95602798461914,119.29491424560547,64.790771484375,159.4175567626953,46.11911392211914,10.923686981201172,61.94316864013672,37.08121871948242,128.6327362060547,48.29969787597656,19.19034767150879,7.074979782104492,53.787471771240234,31.081510543823242,28.232982635498047,64.22107696533203,153.95289611816406,90.92523193359375,31.144548416137695,25.96773338317871,39.64330291748047,77.31307220458984,63.55902099609375
2016-01-29,48.32767105102539,21.968421936035156,79.67840576171875,50.67640686035156,45.70359420776367,63.02748489379883,57.001487731933594,35.79866409301758,31.564619064331055,74.17710876464844,19.126123428344727,24.515548706054688,78.4545669555664,31.343307495117188,97.61316680908203,17.613264083862305,18.47381019592285,99.7485122680664,91.17691802978516,80.40630340576172,49.46621322631836,54.08321762084961,107.73660278320312,114.26568603515625,123.3755111694336,31.689754486083984,72.56916046142578,44.67473220825195,122.75897979736328,66.72245025634766,162.76539611816406,46.65985107421875,11.416176795959473,58.73740768432617,38.07419204711914,132.3182830810547,50.0856819152832,19.731672286987305,7.213943004608154,55.24981689453125,31.895132064819336,29.020130157470703,65.77363586425781,158.14886474609375,92.47340393066406,31.91754150390625,26.454166412353516,40.576759338378906,79.85686492919922,65.42816162109375
2016-02-01,47.994319915771484,21.763042449951172,79.62499237060547,49.66094207763672,45.21199417114258,62.58766555786133,56.22358703613281,35.855201721191406,31.62346649169922,73.97541809082031,18.925392150878906,24.35748291015625,78.47972106933594,31.351932525634766,98.26769256591797,17.383752822875977,18.791170120239258,100.34342956542969,89.80623626708984,80.15699005126953,49.83180236816406,53.0180549621582,109.01908111572266,114.28070068359375,121.42521667480469,32.19209289550781,73.11761474609375,43.7116584777832,122.41899108886719,66.13199615478516,161.83970642089844,47.706424713134766,11.270853996276855,59.48044967651367,37.854373931884766,130.7539825439453,49.52801513671875,19.602054595947266,7.292486190795898,55.49235916137695,32.9635124206543,28.663694381713867,66.39466857910156,161.20822143554688,92.89826965332031,31.828744888305664,26.536479949951172,40.691650390625,80.2514419555664,65.24972534179688
2016-02-02,46.49422836303711,21.32295799255371,78.8926010131836,48.5543212890625,43.80632019042969,61.893333435058594,53.553829193115234,35.614990234375,31.21160888671875,73.36286926269531,18.906566619873047,23.551362991333008,77.29148864746094,30.514625549316406,97.74723052978516,16.90251350402832,18.613008499145508,99.35987091064453,89.28694915771484,78.42732238769531,48.21843719482422,52.345314025878906,105.3958740234375,112.30554962158203,119.72936248779297,31.71487045288086,71.32949829101562,42.3101921081543,121.19692993164062,64.3605728149414,162.3411102294922,46.799381256103516,10.681474685668945,58.532142639160156,37.01298904418945,124.24286651611328,48.03850555419922,18.679521560668945,6.9541425704956055,54.05775833129883,32.99637222290039,27.171091079711914,66.82518005371094,160.1827392578125,92.17818450927734,31.593719482421875,24.216588973999023,40.06695556640625,78.11061096191406,63.36361312866211
2016-02-03,45.75733947753906,21.744985580444336,79.44950866699219,51.08652114868164,44.09821319580078,62.572269439697266,55.78192901611328,35.36064147949219,31.417539596557617,73.74385070800781,18.798858642578125,23.391910552978516,78.41056823730469,30.808116912841797,95.79150390625,17.102415084838867,18.448755264282227,98.18599700927734,92.09474182128906,79.59600830078125,50.28483200073242,52.88190841674805,109.2970962524414,112.73945617675781,121.55244445800781,31.83207893371582,71.65254211425781,43.20857620239258,121.74821472167969,64.18343353271484,164.24647521972656,47.191856384277344,10.519997596740723,61.13642120361328,36.35988998413086,125.04551696777344,48.45500183105469,18.542280197143555,6.923933029174805,53.23302459716797,33.021034240722656,28.685962677001953,67.27685546875,162.17393493652344,93.87755584716797,31.254230499267578,25.024810791015625,39.973602294921875,79.84847259521484,64.06877899169922
2016-02-04,45.61695861816406,21.919706344604492,79.26643371582031,51.96529006958008,44.85865783691406,62.26364517211914,55.894004821777344,34.32913589477539,31.27780532836914,72.75033569335938,18.374347686767578,23.7347354888916,80.25263977050781,31.46416473388672,95.15272521972656,17.42817497253418,18.490510940551758,96.0603256225586,92.65025329589844,79.89985656738281,52.422752380371094,52.84988021850586,110.85758972167969,112.15591430664062,123.71467590332031,31.823713302612305,71.09658813476562,42.90671920776367,123.83403778076172,62.65666961669922,162.15597534179688,47.42733383178711,10.69762134552002,61.341644287109375,36.85639572143555,128.16590881347656,49.25975036621094,19.068355560302734,6.9662275314331055,53.496402740478516,32.01839828491211,26.228025436401367,67.92611694335938,159.25128173828125,92.71106719970703,31.066200256347656,25.6309757232666,39.578678131103516,80.34381103515625,66.86395263671875
2016-02-05,44.00283432006836,21.334272384643555,76.7030258178711,52.12802505493164,44.3593635559082,62.649417877197266,54.63492202758789,34.88728332519531,31.21160888671875,72.69803619384766,18.393362045288086,23.152729034423828,80.83103942871094,30.816753387451172,91.00466918945312,16.946935653686523,18.65198516845703,92.34831237792969,92.66835021972656,79.57263946533203,52.5499153137207,53.01005172729492,109.9159164428711,108.51241302490234,121.0012435913086,31.32137107849121,69.9471206665039,42.85641098022461,122.25360870361328,62.690425872802734,163.490478515625,47.07847213745117,10.45541000366211,60.2518196105957,36.558494567871094,128.14950561523438,48.45500183105469,18.565160751342773,6.9178924560546875,52.11720657348633,30.925384521484375,24.43096923828125,67.3050765991211,159.3709259033203,92.99906158447266,31.23334312438965,25.496267318725586,39.7581901550293,77.96788787841797,66.6260757446289
2016-02-08,43.344886779785156,21.558927536010742,77.81688690185547,52.8310546875,43.429935455322266,63.74502182006836,56.685028076171875,34.49870300292969,31.366052627563477,72.84744262695312,18.09556770324707,22.977325439453125,80.64685821533203,30.73906898498535,91.51727294921875,16.97654914855957,18.62413215637207,88.71561431884766,92.9280014038086,79.10516357421875,51.32595443725586,52.913936614990234,107.14469146728516,106.98617553710938,119.43260955810547,31.36322784423828,67.35504150390625,43.63979721069336,114.82007598876953,62.58075714111328,165.4884490966797,45.70048904418945,9.906401634216309,60.336727142333984,35.51963424682617,122.236328125,46.57017517089844,17.28427505493164,7.002478122711182,50.53014373779297,30.259685516357422,25.567121505737305,68.66712951660156,158.62745666503906,93.2007064819336,31.400468826293945,24.920042037963867,40.00950622558594,75.26461791992188,65.47911071777344
2016-02-09,43.23085403442383,21.55438232421875,77.79400634765625,52.60115432739258,43.168785095214844,63.760433197021484,54.66128921508789,34.731842041015625,31.844087600708008,73.41516876220703,18.437711715698242,22.969358444213867,78.79864501953125,30.281558990478516,92.27434539794922,16.769250869750977,18.32069206237793,90.30987548828125,93.43521118164062,80.03231811523438,50.809383392333984,52.76177978515625,106.61557006835938,107.10586547851562,119.8989486694336,30.97810173034668,68.00119018554688,43.855403900146484,117.7787857055664,62.20118713378906,166.60696411132812,45.901084899902344,9.849885940551758,61.74502944946289,35.4814567565918,121.41732788085938,46.93723678588867,17.482507705688477,6.857472896575928,51.93008041381836,30.185733795166016,24.935930252075195,68.82945251464844,160.0802001953125,94.18002319335938,31.57283592224121,25.12958526611328,40.167476654052734,76.38956451416016,66.33721923828125
2016-02-10,43.608070373535156,21.39100456237793,77.61088562011719,52.121646881103516,42.64645004272461,62.973472595214844,54.74038314819336,34.99325180053711,31.29251480102539,72.92215728759766,18.684812545776367,22.50694465637207,76.33441162109375,30.38513946533203,92.69227600097656,16.665599822998047,18.31513023376465,90.68267822265625,92.71756744384766,79.93881225585938,49.38673400878906,52.70570755004883,105.32122802734375,108.3403091430664,119.98370361328125,31.15392303466797,69.95458221435547,43.89853286743164,118.99164581298828,62.065269470214844,165.04098510742188,45.604549407958984,9.672263145446777,62.1342658996582,35.26756286621094,120.58192443847656,47.00783920288086,17.30714988708496,6.8514323234558105,52.678592681884766,30.371170043945312,24.01512336730957,67.83436584472656,160.9433135986328,93.5823745727539,31.36391830444336,24.83023452758789,40.275184631347656,76.68344116210938,65.7679672241211
2016-02-11,43.59051513671875,21.26166343688965,77.58802795410156,52.28584289550781,40.764530181884766,61.646427154541016,54.70742416381836,34.5128288269043,31.18954086303711,72.38431549072266,18.45671844482422,22.49897003173828,74.84825897216797,30.074378967285156,92.05351257324219,18.27219009399414,18.184289932250977,89.84186553955078,91.63500213623047,79.11294555664062,48.806556701660156,51.608516693115234,98.15257263183594,106.5699234008789,116.37995147705078,30.42551612854004,70.52560424804688,42.77735137939453,117.61338806152344,60.66376495361328,159.8186492919922,44.575416564941406,9.010221481323242,61.8228874206543,34.49606704711914,115.22563934326172,46.224266052246094,16.53709602355957,6.748722553253174,52.345916748046875,30.025020599365234,23.857969284057617,67.10748291015625,157.1660919189453,91.03324127197266,31.33257484436035,23.886268615722656,40.19620132446289,74.9455795288086,64.9183578491211
2016-02-12,44.301090240478516,21.327465057373047,77.6795654296875,53.22516632080078,44.15966033935547,62.48740005493164,56.31588363647461,34.64000701904297,31.704349517822266,73.57206726074219,18.602441787719727,22.833818435668945,76.87425994873047,30.67863655090332,92.99983215332031,18.59054946899414,18.4237003326416,92.26104736328125,93.63590240478516,80.62447357177734,50.189453125,52.61761474609375,98.3245620727539,109.02587890625,119.81411743164062,31.086938858032227,72.02070617675781,43.26606369018555,119.72674560546875,60.53633499145508,158.97006225585938,45.927242279052734,9.64804458618164,63.294830322265625,36.138370513916016,119.68104553222656,47.6855354309082,17.604496002197266,6.978309631347656,53.42014694213867,31.59096336364746,24.62130355834961,68.63185119628906,154.8928680419922,92.6246337890625,31.322134017944336,24.505510330200195,40.84961700439453,77.05278778076172,66.49862670898438
2016-02-16,45.14046096801758,21.928789138793945,78.06101989746094,53.349971771240234,44.82023620605469,62.85774612426758,56.61628341674805,35.169891357421875,31.888208389282227,73.65422058105469,18.887563705444336,22.945438385009766,77.9539566040039,30.816753387451172,93.985595703125,19.131011962890625,18.34575843811035,94.72779846191406,94.59075927734375,81.76978302001953,51.82667541503906,52.70570755004883,101.91793060302734,110.8565444946289,122.35795593261719,31.806974411010742,72.83212280273438,44.68909454345703,123.29191589355469,62.286102294921875,161.22259521484375,46.38075256347656,9.890254020690918,64.5049819946289,36.84876251220703,122.0479736328125,48.334983825683594,18.084823608398438,7.171648979187012,53.30179214477539,31.722827911376953,24.51652717590332,69.55631256103516,157.43101501464844,92.68224334716797,31.494487762451172,25.389070510864258,41.40251922607422,78.59756469726562,67.80703735351562
2016-02-17,46.31557846069336,22.264619827270508,78.1983413696289,53.86231994628906,45.14286422729492,63.61384963989258,58.95276641845703,35.74921798706055,31.983821868896484,74.36386108398438,18.773517608642578,23.495559692382812,80.08794403076172,31.619544982910156,93.55975341796875,19.59003448486328,18.404211044311523,96.13964080810547,95.25370025634766,82.68916320800781,53.45594024658203,53.70679473876953,105.30311584472656,113.8097152709961,124.39302062988281,32.19209289550781,73.39559936523438,45.93964385986328,124.8263931274414,63.43277359008789,164.10757446289062,46.75577926635742,10.140534400939941,63.23821258544922,36.764732360839844,123.62042999267578,49.59861755371094,18.473661422729492,7.413321018218994,54.42283630371094,32.489322662353516,25.377151489257812,69.37284851074219,162.42178344726562,93.97119140625,31.546722412109375,25.222938537597656,41.74717330932617,80.06401062011719,69.18341064453125
2016-02-18,46.112361907958984,21.842565536499023,79.52582550048828,54.157901763916016,44.40545654296875,63.25122833251953,57.89803695678711,35.551395416259766,32.07206726074219,74.41614532470703,18.72282600402832,23.4556941986084,84.12093353271484,31.619544982910156,92.40050506591797,19.567827224731445,17.85022735595703,95.15611267089844,95.35099029541016,82.95406341552734,52.5499153137207,53.83494186401367,106.41644287109375,112.47627258300781,123.29070281982422,32.074893951416016,72.79454040527344,45.5084342956543,124.6426010131836,62.405029296875,165.23382568359375,47.22673034667969,9.882179260253906,62.97639083862305,36.45918655395508,120.99144744873047,49.01267623901367,18.267805099487305,7.407281398773193,53.30179214477539,31.368432998657227,25.219995498657227,69.33016204833984,164.66078186035156,93.43111419677734,31.66162109375,25.600521087646484,42.07747268676758,79.802734375,68.24881744384766
2016-02-19,45.78544235229492,21.792634963989258,80.04067993164062,54.190757751464844,44.41313171386719,63.104618072509766,57.74446487426758,35.41008758544922,32.18974304199219,74.38626861572266,18.684812545776367,22.88962745666504,84.52105712890625,31.749011993408203,91.89579772949219,19.65666961669922,18.000547409057617,96.52034759521484,95.1502914428711,83.5773696899414,51.99357604980469,54.02716827392578,104.23506927490234,113.0940170288086,123.03630065917969,32.259090423583984,73.32048797607422,45.8534049987793,123.0714111328125,61.67453384399414,164.7864227294922,47.71514892578125,9.79336929321289,61.879478454589844,36.734188079833984,120.31986999511719,48.610313415527344,18.298307418823242,7.310612678527832,54.01201629638672,31.170623779296875,24.598848342895508,69.26616668701172,162.95156860351562,93.92078399658203,31.63028907775879,24.656551361083984,42.163639068603516,80.59491729736328,65.41962432861328
2016-02-22,46.51879119873047,21.983247756958008,80.49405670166016,54.11848831176758,44.98923873901367,63.3669548034668,59.293243408203125,35.86931610107422,32.31475067138672,74.60292053222656,19.039627075195312,23.399883270263672,84.9592514038086,32.03388214111328,92.79481506347656,19.715898513793945,18.270587921142578,97.4404296875,95.91053009033203,81.94121551513672,53.49567413330078,54.14727783203125,106.25348663330078,111.91877746582031,124.68978881835938,32.78654861450195,73.22283172607422,45.78153991699219,125.29499053955078,62.01432418823242,165.85870361328125,48.51752471923828,10.124393463134766,63.05423355102539,37.57443618774414,121.85955810546875,49.33740234375,18.710018157958984,7.588534832000732,54.86845016479492,31.541513442993164,25.781272888183594,69.72853088378906,164.31040954589844,94.59767150878906,31.969789505004883,25.517446517944336,41.912330627441406,81.51358795166016,66.6091079711914
2016-02-23,45.21998596191406,21.486310958862305,79.97919464111328,53.35654830932617,43.10731887817383,63.12004470825195,56.68305206298828,35.706825256347656,32.13090133666992,74.35639190673828,18.98260498046875,22.961387634277344,84.08917236328125,31.550477981567383,92.18756866455078,19.338321685791016,18.50721549987793,98.77294158935547,94.97998809814453,81.2085952758789,52.2796745300293,53.818939208984375,105.80999755859375,110.93938446044922,123.88427734375,32.141868591308594,72.68936920166016,44.61006164550781,126.6549072265625,62.405029296875,165.96664428710938,48.06400680541992,9.81759262084961,62.52347946166992,36.741817474365234,118.68186950683594,48.426761627197266,18.077198028564453,7.503946781158447,54.81972122192383,31.96184539794922,24.63626480102539,68.98157501220703,163.489990234375,94.71287536621094,32.13168716430664,25.517446517944336,42.235450744628906,79.9544448852539,65.5385971069336
2016-02-24,45.3790283203125,21.806259155273438,80.65540313720703,53.54701614379883,43.122676849365234,62.92716979980469,56.923370361328125,35.72095489501953,32.29269027709961,74.46096801757812,19.020618438720703,23.27231788635254,84.34320068359375,31.619544982910156,92.31373596191406,19.486391067504883,18.685386657714844,99.62954711914062,95.61857604980469,80.94215393066406,52.35917282104492,53.114158630371094,104.6242904663086,110.826416015625,122.78194427490234,32.820037841796875,72.78704071044922,44.72504425048828,126.10362243652344,62.94013977050781,167.1083526611328,47.65409851074219,9.79336929321289,63.23821258544922,36.36752700805664,119.21417236328125,48.68089294433594,18.077198028564453,7.298527240753174,55.307125091552734,31.895906448364258,24.666200637817383,68.91046905517578,162.3875732421875,95.30335998535156,32.04812240600586,25.56275749206543,42.33598709106445,80.6370849609375,67.11885070800781
2016-02-25,46.03285598754883,21.956018447875977,81.74658966064453,53.868892669677734,43.79094314575195,63.528995513916016,56.943397521972656,36.03181076049805,32.476558685302734,75.20049285888672,19.381771087646484,23.615142822265625,85.42290496826172,32.18925857543945,93.34683990478516,19.693689346313477,18.941503524780273,100.62101745605469,96.695068359375,81.63953399658203,52.828067779541016,53.9951171875,105.73760223388672,110.55522155761719,124.91874694824219,33.180049896240234,73.92903900146484,45.300010681152344,128.93368530273438,63.551727294921875,169.73110961914062,48.308197021484375,9.946771621704102,63.804386138916016,36.474464416503906,121.41732788085938,49.160926818847656,18.77863311767578,7.485824108123779,55.648311614990234,32.52229309082031,24.74103546142578,69.51512145996094,165.57151794433594,96.13146209716797,32.580867767333984,26.144250869750977,43.183258056640625,81.75800323486328,67.62863159179688
2016-02-26,45.326011657714844,21.99005699157715,81.28553009033203,53.698097229003906,44.19807434082031,62.572269439697266,56.30921936035156,35.7774772644043,31.726411819458008,73.47493743896484,19.15367317199707,23.75865364074707,83.85415649414062,31.904399871826172,93.0130844116211,19.553024291992188,18.515567779541016,100.14512634277344,96.25718688964844,80.73062133789062,53.14598083496094,53.08212661743164,106.95047760009766,111.1955337524414,125.64527130126953,33.087955474853516,73.3730697631836,44.73942184448242,129.78819274902344,62.51544189453125,168.84507751464844,48.299476623535156,10.253568649291992,62.346553802490234,36.718910217285156,123.05529022216797,49.2174186706543,19.18272590637207,7.534158706665039,55.40461730957031,32.51405715942383,25.534313201904297,69.3159408569336,164.96218872070312,94.5472640991211,32.14213180541992,26.27263069152832,42.36469650268555,82.72718811035156,67.51818084716797
2016-02-29,44.954917907714844,21.94013786315918,80.84751892089844,52.64712142944336,43.24558639526367,61.94731521606445,55.70173645019531,35.47367477416992,31.719072341918945,73.07157135009766,18.798858642578125,23.591228485107422,83.21905517578125,31.749011993408203,93.11640167236328,19.382734298706055,18.46824073791504,98.44775390625,95.40571594238281,79.41422271728516,53.805641174316406,52.5695686340332,106.96858215332031,107.18770599365234,124.53408813476562,32.434906005859375,73.00493621826172,44.50943374633789,128.28125,61.15644073486328,167.7180938720703,48.47390365600586,10.108244895935059,61.74502944946289,35.8404655456543,122.99776458740234,48.78679656982422,18.832008361816406,7.558324813842773,54.96595001220703,32.89316940307617,25.317285537719727,68.68283081054688,164.96218872070312,93.82716369628906,32.15779495239258,26.4010066986084,42.25699234008789,81.35343933105469,68.12135314941406
2016-03-01,46.45695114135742,22.811471939086914,82.39207458496094,53.389373779296875,45.47315216064453,62.67256546020508,57.49747848510742,36.56169509887695,32.13090133666992,74.02025604248047,19.03329086303711,24.213104248046875,85.34033966064453,32.79349899291992,94.43537902832031,19.863969802856445,18.50164794921875,99.70095825195312,97.05999755859375,82.9559097290039,54.91035461425781,53.92304611206055,108.57969665527344,111.7906723022461,127.69669342041016,32.92888641357422,73.85389709472656,46.15526580810547,127.2889175415039,61.78496551513672,169.5368194580078,49.53791809082031,10.649179458618164,63.47175979614258,37.215415954589844,127.20928192138672,50.40335464477539,19.891782760620117,7.908751964569092,55.94770431518555,33.478336334228516,25.788755416870117,69.97038269042969,166.3867950439453,94.7920913696289,32.241371154785156,26.793699264526367,42.6303825378418,83.9239501953125,68.86054992675781
2016-03-02,46.78385925292969,22.861400604248047,82.25375366210938,54.32212448120117,45.90331268310547,63.69099426269531,58.17173767089844,36.9290771484375,32.18974304199219,73.97736358642578,18.995275497436523,24.3486385345459,86.56610107421875,32.59496307373047,94.14138793945312,19.915796279907227,18.432056427001953,99.61372375488281,96.95050811767578,83.44172668457031,55.140846252441406,53.72282409667969,108.29911041259766,111.11267852783203,128.97866821289062,32.93726348876953,74.10183715820312,46.643985748291016,129.0990447998047,62.87217712402344,168.8140411376953,49.8170051574707,10.867997169494629,62.84193801879883,37.86469268798828,126.83909606933594,50.59395217895508,19.90703773498535,7.987293720245361,55.32801818847656,33.503074645996094,27.30793571472168,70.26203918457031,165.90618896484375,95.40845489501953,32.121238708496094,27.058019638061523,42.745243072509766,83.71322631835938,69.53173065185547
2016-03-03,46.253726959228516,23.031579971313477,81.9540786743164,54.125064849853516,46.05693817138672,63.91473388671875,58.43207550048828,36.8089714050293,32.32948303222656,74.60182189941406,18.938251495361328,24.380525588989258,87.518798828125,32.707191467285156,92.71910095214844,19.893585205078125,18.41257095336914,100.57343292236328,96.93224334716797,84.60924530029297,57.02442932128906,54.14727783203125,108.2629165649414,109.86962890625,129.14967346191406,32.50187683105469,74.66529083251953,46.71584701538086,129.03472900390625,62.218170166015625,169.83993530273438,50.663002014160156,10.940937042236328,62.155494689941406,38.01747131347656,127.76863098144531,51.066932678222656,19.929903030395508,8.180633544921875,55.648311614990234,31.154132843017578,28.857067108154297,70.86669921875,164.8763427734375,95.45196533203125,32.50251007080078,27.813201904296875,42.93195343017578,84.5307388305664,71.08650207519531
2016-03-04,45.97098922729492,23.37421989440918,81.83881378173828,54.05279541015625,46.126068115234375,64.4162368774414,58.69910430908203,36.79484939575195,32.439781188964844,75.2337417602539,18.824203491210938,24.420391082763672,87.518798828125,32.707191467285156,93.10844421386719,19.841760635375977,18.590736389160156,99.58988952636719,97.3519058227539,84.7424545288086,57.89072799682617,54.5877799987793,109.58440399169922,109.9751205444336,130.1753387451172,32.80328369140625,74.59019470214844,46.50743865966797,127.66568756103516,62.51544189453125,169.995361328125,50.837432861328125,10.973356246948242,61.71670913696289,38.277183532714844,129.0106658935547,51.37754440307617,19.922283172607422,8.210844039916992,55.32102966308594,30.362930297851562,30.77287483215332,71.42159271240234,163.97528076171875,96.11187744140625,32.89424514770508,28.432432174682617,43.22635269165039,86.37640380859375,72.11451721191406
2016-03-07,45.08745574951172,23.11553382873535,82.0232162475586,55.47819137573242,46.041568756103516,64.1153335571289,60.528236389160156,37.190486907958984,32.36624526977539,74.66949462890625,18.874893188476562,24.667545318603516,89.01127624511719,33.1129035949707,93.08463287353516,20.093490600585938,18.89974594116211,100.07372283935547,97.6559829711914,84.2096176147461,59.424625396728516,54.115257263183594,111.24079895019531,110.97708892822266,129.44882202148438,32.80328369140625,73.94403839111328,47.78672790527344,129.07151794433594,62.34557342529297,167.75697326660156,51.45664596557617,10.965250015258789,63.443443298339844,38.24663162231445,127.78510284423828,51.22225570678711,19.891782760620117,8.228967666625977,55.11216354370117,30.5360107421875,30.982423782348633,72.06182098388672,160.20777893066406,95.42295837402344,32.28314971923828,28.047298431396484,42.80989074707031,87.11804962158203,72.79422760009766
2016-03-08,45.635250091552734,22.924928665161133,81.62364196777344,54.276126861572266,45.150550842285156,64.08450317382812,59.23981857299805,37.056251525878906,32.594215393066406,75.03816223144531,18.602441787719727,24.364574432373047,88.32539367675781,32.9316291809082,94.09371948242188,20.026851654052734,18.941503524780273,101.06268310546875,97.43096923828125,84.29580688476562,57.008541107177734,54.08321762084961,110.74296569824219,108.95808410644531,128.46591186523438,32.794918060302734,74.4098892211914,47.621429443359375,128.566162109375,62.005794525146484,167.3683624267578,51.831668853759766,10.584344863891602,62.74285125732422,37.46748733520508,124.70045471191406,50.80574035644531,19.068355560302734,7.993335247039795,55.97560119628906,30.51128387451172,28.901966094970703,71.57808685302734,160.3622589111328,95.97409057617188,32.539066314697266,27.209054946899414,43.04684829711914,85.55049133300781,71.23941802978516
2016-03-09,46.68667984008789,22.94536018371582,82.1000747680664,54.125064849853516,45.41170883178711,64.00733184814453,61.96348571777344,36.992671966552734,32.954586029052734,75.38423919677734,18.84320831298828,24.611730575561523,89.17645263671875,33.21648025512695,95.0631103515625,20.441457748413086,18.938701629638672,100.51238250732422,97.36406707763672,85.3536376953125,57.11982345581055,54.443626403808594,111.20457458496094,106.14805603027344,128.42315673828125,32.887020111083984,75.52181243896484,47.10395431518555,128.75912475585938,62.464473724365234,168.19996643066406,51.50025939941406,10.649179458618164,62.155494689941406,37.268882751464844,123.31031036376953,50.48806381225586,18.763383865356445,7.9691691398620605,56.81809616088867,31.16239356994629,29.223764419555664,70.82404327392578,160.25924682617188,95.69853973388672,32.805450439453125,27.231714248657227,43.398681640625,86.19941711425781,70.55123138427734
2016-03-10,45.98867416381836,22.95669937133789,82.33061218261719,53.98056411743164,45.019962310791016,63.48269271850586,62.7111701965332,37.473087310791016,33.26346969604492,75.82058715820312,18.748172760009766,24.914691925048828,89.03671264648438,32.845306396484375,95.33329010009766,20.271175384521484,18.905038833618164,100.40071105957031,97.24242401123047,84.90699768066406,56.714473724365234,54.643836975097656,111.27700805664062,106.24597930908203,127.95304870605469,32.67771530151367,74.63526916503906,46.67274475097656,130.63417053222656,62.022796630859375,168.31658935546875,51.23859405517578,10.754535675048828,62.72870635986328,37.05500411987305,124.22333526611328,50.3398323059082,18.79388427734375,7.945001602172852,56.1635856628418,31.096450805664062,29.208803176879883,71.04459381103516,160.267822265625,95.63328552246094,32.90468215942383,27.012704849243164,43.46331024169922,86.73040771484375,69.99053192138672
2016-03-11,46.88988494873047,23.20403480529785,82.76860809326172,53.987117767333984,45.58069610595703,63.07378387451172,63.13841247558594,37.91497039794922,33.50062942504883,76.21931457519531,19.32474708557129,25.32130241394043,90.41488647460938,33.622188568115234,96.58074188232422,20.626550674438477,18.837732315063477,102.45035552978516,98.45271301269531,85.43199920654297,57.858943939208984,54.75596237182617,112.80667877197266,108.91288757324219,129.66250610351562,33.79962158203125,75.40160369873047,46.68710708618164,132.92276000976562,63.40733337402344,168.6973876953125,51.85784149169922,11.17596435546875,63.443443298339844,38.24663162231445,126.6252212524414,51.271663665771484,19.823162078857422,8.029589653015137,56.68580627441406,31.846460342407227,30.323848724365234,71.72039794921875,162.96250915527344,96.55419921875,32.680702209472656,27.63949966430664,43.8438720703125,88.5002212524414,70.47480010986328
2016-03-14,46.978240966796875,23.263031005859375,82.7302017211914,54.13163757324219,45.41170883178711,62.62627029418945,62.92481994628906,37.82942199707031,33.56734085083008,75.7227783203125,19.071308135986328,25.058212280273438,90.681640625,33.40638732910156,97.6534194946289,20.508089065551758,18.891021728515625,102.75341796875,98.41015625,85.02452850341797,57.80332565307617,54.65184020996094,114.35446166992188,108.95055389404297,129.36338806152344,33.90846252441406,75.8974838256836,46.08339309692383,133.52017211914062,62.77877426147461,168.34764099121094,51.95377731323242,11.054399490356445,64.32522583007812,38.10150146484375,126.2551040649414,50.972930908203125,19.754545211791992,8.017504692077637,56.76239013671875,31.640417098999023,29.942190170288086,72.05470275878906,161.82974243164062,97.69271850585938,32.680702209472656,27.722564697265625,43.72179412841797,88.27266693115234,69.54024505615234
2016-03-15,47.349334716796875,23.7304744720459,82.80707550048828,54.40095138549805,45.47315216064453,62.73427963256836,62.93147659301758,37.35906982421875,33.5302848815918,76.09895324707031,18.71649169921875,25.233606338500977,90.7959976196289,33.4409065246582,98.07455444335938,20.478471755981445,19.095752716064453,103.4472885131836,98.7750473022461,85.15772247314453,57.57282257080078,54.93214797973633,114.37256622314453,107.88834381103516,129.40609741210938,33.406105041503906,76.01768493652344,45.76716613769531,131.79226684570312,60.51087951660156,168.6973876953125,51.65726089477539,10.99767017364502,63.599884033203125,38.177886962890625,125.05413055419922,50.211936950683594,19.388578414916992,7.993335247039795,56.62314224243164,31.434356689453125,29.807493209838867,72.14720916748047,164.4901580810547,97.62742614746094,32.601646423339844,27.609298706054688,43.97312927246094,88.28948974609375,68.52071380615234
2016-03-16,48.02083969116211,24.045875549316406,82.53810119628906,54.433773040771484,45.258079528808594,62.7574462890625,63.68581771850586,37.01697540283203,33.389461517333984,75.85820770263672,18.399688720703125,25.265493392944336,91.95823669433594,34.718475341796875,98.14604949951172,20.641355514526367,19.067710876464844,104.0374755859375,99.06694793701172,85.58869171142578,59.08287048339844,55.004249572753906,115.4677734375,108.4683837890625,128.93594360351562,33.64054489135742,75.8674087524414,45.01970291137695,130.4686737060547,61.56414031982422,169.5834503173828,52.06716537475586,10.786954879760742,64.19720458984375,37.8417854309082,123.8285903930664,50.724021911621094,19.18272590637207,8.156468391418457,57.16624450683594,31.821739196777344,31.33415985107422,72.32504272460938,164.4043731689453,98.06254577636719,32.71232604980469,28.28895378112793,44.0808219909668,89.84867095947266,69.16641235351562
2016-03-17,48.29473876953125,24.007307052612305,82.0232162475586,55.241722106933594,45.127506256103516,63.8453254699707,64.68048095703125,36.724761962890625,33.923099517822266,76.64064025878906,18.589771270751953,25.4967041015625,93.38726043701172,35.055137634277344,97.86001586914062,20.87087059020996,18.916263580322266,104.3803939819336,99.59001922607422,86.99125671386719,60.32271957397461,55.94926071166992,118.3008041381836,108.58141326904297,132.31216430664062,33.732643127441406,75.96509552001953,44.1788215637207,126.65437316894531,58.659183502197266,170.40728759765625,52.3985710144043,10.859893798828125,63.66389465332031,37.9869270324707,125.77799987792969,52.06822967529297,19.708799362182617,8.138343811035156,58.0018196105957,31.393157958984375,32.187294006347656,73.8046875,163.8379364013672,98.62815856933594,32.84934616088867,28.847787857055664,44.36087417602539,92.20003509521484,70.56824493408203
2016-03-18,47.260986328125,24.03453254699707,82.60724639892578,55.30739974975586,46.456356048583984,64.1539306640625,65.21456146240234,37.2379035949707,33.79710006713867,76.20427703857422,18.659469604492188,26.05478858947754,93.41900634765625,35.806129455566406,98.59101867675781,20.974523544311523,18.776039123535156,104.7552261352539,100.55091094970703,87.83753204345703,59.98099136352539,56.44580841064453,121.2515640258789,109.62101745605469,132.1411895751953,34.1512565612793,76.31819915771484,45.15626525878906,128.2444610595703,60.264556884765625,171.69749450683594,53.39281463623047,11.17596435546875,64.1900863647461,38.60564422607422,129.63584899902344,52.30292510986328,20.036643981933594,8.241053581237793,58.44743347167969,31.780519485473633,32.194786071777344,74.6867904663086,166.4811553955078,98.28732299804688,32.43300247192383,28.749608993530273,44.368045806884766,91.77862548828125,70.20292663574219
2016-03-21,47.587890625,24.032270431518555,82.43821716308594,54.92642593383789,46.44099044799805,64.28507232666016,64.38011169433594,37.6298713684082,33.84898376464844,76.39236450195312,19.052303314208984,25.783723831176758,94.39708709716797,35.91834259033203,98.37650299072266,20.87087059020996,19.06209945678711,104.48406982421875,100.2529296875,88.2919921875,60.314762115478516,56.40577697753906,122.9713134765625,110.75109100341797,132.86776733398438,34.12614059448242,76.43840026855469,45.062828063964844,126.9760513305664,59.669979095458984,171.9695281982422,53.384098052978516,11.216487884521484,65.896728515625,38.70493698120117,128.5583038330078,52.17491149902344,19.77741813659668,8.253137588500977,58.175899505615234,31.426128387451172,31.86549949645996,74.80059051513672,166.64425659179688,98.08428955078125,32.527862548828125,28.82512855529785,44.01620864868164,91.77020263671875,70.27937316894531
2016-03-22,47.7734375,24.216064453125,82.51505279541016,55.25484848022461,46.27201461791992,63.83761215209961,63.75258255004883,37.79380416870117,33.72297668457031,75.81304931640625,19.248714447021484,25.767770767211914,94.06047058105469,35.719810485839844,98.38445281982422,20.9375,19.034048080444336,104.14908599853516,100.29549407958984,88.52705383300781,60.044551849365234,55.70899963378906,122.30152893066406,113.47069549560547,132.73953247070312,34.35219192504883,76.58868408203125,45.134708404541016,127.71128845214844,61.08845901489258,171.5575714111328,52.86082077026367,11.151653289794922,66.64336395263672,38.47578811645508,126.83909606933594,51.982879638671875,19.701181411743164,8.210844039916992,57.65366744995117,31.27777099609375,31.37157440185547,74.59431457519531,166.78152465820312,96.90953826904297,32.148406982421875,28.402236938476562,43.64999771118164,92.57083892822266,69.8885726928711
2016-03-23,47.685081481933594,24.08218765258789,83.3757095336914,55.011817932128906,46.041568756103516,63.899322509765625,62.47752380371094,37.82942199707031,33.69334030151367,75.8431625366211,19.12833023071289,25.512645721435547,92.34564208984375,35.175968170166016,98.67842864990234,20.604337692260742,18.919065475463867,103.8540267944336,99.90626525878906,87.92372131347656,58.55831527709961,55.90121078491211,120.25592041015625,112.06945037841797,132.78221130371094,34.14289093017578,75.68709564208984,44.80409240722656,126.71868896484375,60.45142364501953,171.9695281982422,52.87825393676758,11.038190841674805,64.05498504638672,38.00983810424805,126.74038696289062,51.98999786376953,19.266590118408203,8.011463165283203,57.33336639404297,30.981063842773438,29.82245445251465,74.60852813720703,167.31362915039062,97.15608978271484,32.36448287963867,27.63949966430664,43.80796432495117,91.98089599609375,68.68211364746094
2016-03-24,47.897132873535156,23.97780418395996,83.22970581054688,55.16289520263672,45.68822479248047,63.953338623046875,63.31865692138672,37.822303771972656,33.78227996826172,75.7453384399414,19.058635711669922,25.416973114013672,93.96519470214844,35.36589813232422,97.96331787109375,20.700576782226562,19.070507049560547,104.04541778564453,100.02182006835938,87.2263412475586,59.83789825439453,55.98931884765625,119.58612060546875,112.43103790283203,132.95318603515625,34.117774963378906,76.20552062988281,44.933467864990234,126.79222869873047,60.4089469909668,169.435791015625,52.738704681396484,11.08681869506836,64.93673706054688,37.3529167175293,125.85201263427734,51.57037353515625,19.007360458374023,7.890627384185791,57.32640075683594,31.0305233001709,29.96464729309082,74.9997787475586,166.66140747070312,96.84425354003906,32.08515548706055,27.54132652282715,44.05928421020508,91.8207778930664,68.1723403930664
2016-03-28,47.30515670776367,23.868886947631836,83.168212890625,55.320518493652344,45.62678146362305,63.74502182006836,63.205169677734375,37.65126419067383,33.945335388183594,75.97103881835938,18.86855697631836,25.432918548583984,94.25102996826172,35.06376266479492,97.86797332763672,20.656160354614258,19.10416603088379,104.5398941040039,101.12874603271484,87.44573974609375,59.86174774169922,55.98931884765625,118.83485412597656,111.7756118774414,134.5771942138672,34.226619720458984,76.5135726928711,45.11314392089844,126.47974395751953,59.98424530029297,170.25965881347656,52.57300567626953,11.038190841674805,65.74738311767578,37.20014572143555,126.5429916381836,51.77663040161133,18.847253799438477,7.908751964569092,57.64668273925781,31.368432998657227,29.695241928100586,74.73658752441406,167.24497985839844,97.34465789794922,32.480430603027344,27.450702667236328,44.43266296386719,92.20003509521484,68.11290740966797
2016-03-29,48.33892059326172,24.433897018432617,83.86749267578125,55.52416229248047,45.342567443847656,63.88388442993164,63.63241958618164,38.00048065185547,34.4493293762207,76.26445007324219,19.039627075195312,25.81561279296875,94.84165954589844,35.13282775878906,98.50362396240234,20.80423355102539,19.078920364379883,105.64846801757812,99.97925567626953,87.6808090209961,60.41014099121094,56.4698486328125,118.46377563476562,112.61941528320312,134.5344696044922,34.7205924987793,76.98689270019531,46.13370895385742,126.90254211425781,60.90158462524414,171.58091735839844,52.852088928222656,10.87610149383545,65.5625,36.7036247253418,127.52188110351562,52.558956146240234,18.893001556396484,7.975212574005127,57.80683898925781,31.343708038330078,29.65032386779785,75.47642517089844,168.78968811035156,97.88848876953125,32.69123077392578,27.843408584594727,45.19379425048828,93.1860580444336,68.90896606445312
2016-03-30,48.639305114746094,24.860496520996094,83.74454498291016,55.51760482788086,45.86489486694336,63.79130935668945,63.585670471191406,37.9292106628418,34.5234489440918,77.2575454711914,19.052303314208984,26.078712463378906,94.25735473632812,35.36589813232422,99.98153686523438,21.070764541625977,19.29486846923828,106.40612030029297,101.41455078125,87.89237976074219,60.80751419067383,56.638031005859375,116.3819580078125,112.61186218261719,136.0302276611328,34.87130355834961,78.17395782470703,45.86619567871094,126.34185791015625,60.96955108642578,173.29083251953125,52.58172607421875,10.924729347229004,65.3989486694336,37.161949157714844,128.7310028076172,52.558956146240234,19.114105224609375,8.065840721130371,58.23158645629883,31.393157958984375,29.994592666625977,75.21319580078125,170.5489959716797,98.41061401367188,32.981101989746094,27.654605865478516,45.459468841552734,94.30697631835938,68.58370971679688
2016-03-31,48.7983512878418,24.731157302856445,83.1451644897461,54.906707763671875,45.4885139465332,63.50583267211914,63.68581771850586,37.708274841308594,34.38262176513672,77.09955596923828,18.77985382080078,25.79169464111328,96.18810272216797,35.314090728759766,99.86235046386719,21.078166961669922,19.20792579650879,106.4140853881836,101.34158325195312,87.79833984375,60.83137130737305,56.58195495605469,114.89752197265625,112.95088958740234,135.85928344726562,35.021995544433594,77.93352508544922,46.184303283691406,126.13967895507812,61.164886474609375,172.1560821533203,53.54981231689453,10.957147598266602,65.32071685791016,36.940425872802734,129.12586975097656,52.24601745605469,19.068355560302734,8.156468391418457,58.65632247924805,31.5250186920166,30.136775970458984,75.02823638916016,169.83668518066406,97.54041290283203,33.02326202392578,27.420499801635742,45.48820495605469,93.96142578125,65.9043960571289
2016-04-01,49.09876251220703,24.958066940307617,83.90592193603516,54.49290084838867,45.9878044128418,64.44712829589844,62.92481994628906,38.27130126953125,34.708744049072266,78.07760620117188,19.03329086303711,25.87141990661621,96.86766815185547,35.529903411865234,100.92707061767578,21.241050720214844,19.367786407470703,107.54657745361328,101.88895416259766,88.72293090820312,61.03005599975586,57.022457122802734,114.91563415527344,116.13756561279297,136.4575958251953,35.32340621948242,78.7524642944336,46.928977966308594,126.06613159179688,62.36254119873047,173.40736389160156,53.28815460205078,10.989564895629883,66.92781066894531,37.0091667175293,131.46192932128906,52.594520568847656,19.46481704711914,7.914792060852051,60.36920928955078,31.582717895507812,29.770063400268555,74.6583251953125,171.90496826171875,98.76594543457031,33.234073638916016,27.54132652282715,46.64424133300781,95.32671356201172,65.48493194580078
2016-04-04,48.97507095336914,25.214473724365234,83.44485473632812,54.62428283691406,45.809818267822266,64.20022583007812,62.3707275390625,38.770172119140625,34.753196716308594,78.10771179199219,19.46413803100586,25.512645721435547,96.58185577392578,35.452213287353516,101.36409759521484,21.024385452270508,19.37900733947754,107.54657745361328,101.20172119140625,88.19012451171875,60.179656982421875,56.99040222167969,114.35446166992188,116.51422882080078,133.46600341796875,35.432247161865234,78.49700927734375,47.69536209106445,129.80694580078125,62.158729553222656,174.20021057128906,52.869537353515625,10.949041366577148,67.01310729980469,37.04737091064453,129.7756805419922,51.9401969909668,19.091232299804688,7.733540058135986,60.09767532348633,31.343708038330078,29.261178970336914,74.60852813720703,172.65162658691406,98.80944061279297,33.323665618896484,27.21660041809082,46.93147277832031,94.55138397216797,64.97129821777344
2016-04-05,48.20637130737305,24.91722297668457,83.72148895263672,54.00025177001953,45.159820556640625,64.16163635253906,61.86336135864258,38.6561393737793,34.48638153076172,77.56603240966797,19.869640350341797,25.432918548583984,95.26718139648438,34.98606872558594,101.213134765625,20.605987548828125,19.2499942779541,107.33123016357422,100.8428726196289,87.58676147460938,59.798194885253906,56.97439956665039,114.97898864746094,115.22602081298828,132.39767456054688,35.197811126708984,77.52030181884766,47.54352951049805,124.53121948242188,62.03977966308594,175.35824584960938,52.494510650634766,10.68970012664795,67.95885467529297,36.29113006591797,127.78510284423828,51.449466705322266,18.588029861450195,7.715412616729736,58.04359436035156,31.50029754638672,29.216278076171875,73.92562103271484,173.58702087402344,98.80216979980469,33.165557861328125,26.514284133911133,46.15597915649414,93.91085052490234,65.11683654785156
2016-04-06,48.70116424560547,25.178165435791016,84.08263397216797,54.72279739379883,45.50804138183594,64.66315460205078,63.31196975708008,39.64678955078125,34.61979293823242,78.18292236328125,20.86439323425293,25.57642936706543,95.2798843383789,35.175968170166016,101.32437133789062,20.919780731201172,19.362171173095703,108.01708984375,101.45106506347656,88.5897445678711,59.78227615356445,57.190616607666016,115.79361724853516,120.28103637695312,132.05577087402344,36.043434143066406,77.6780776977539,48.10745620727539,124.26467895507812,63.50075912475586,176.14324951171875,52.47697830200195,10.754535675048828,69.28863525390625,36.726558685302734,127.65348052978516,52.16780090332031,18.6185245513916,7.745621204376221,58.27336120605469,32.2091064453125,30.495983123779297,74.45913696289062,173.44107055664062,99.54183959960938,33.49758529663086,26.839012145996094,46.055442810058594,94.45867156982422,65.34796905517578
2016-04-07,48.11801528930664,24.629045486450195,83.96739959716797,54.1053466796875,44.35505294799805,64.2233657836914,63.27859115600586,39.497127532958984,34.360382080078125,77.94219207763672,20.756685256958008,25.15387535095215,94.15573120117188,34.50266647338867,101.81700134277344,20.620927810668945,19.1322078704834,106.76498413085938,101.6639404296875,87.50060272216797,58.94778060913086,56.57393264770508,114.95183563232422,118.56338500976562,130.90187072753906,35.675045013427734,75.83736419677734,47.919490814208984,121.1948013305664,63.3563346862793,176.02664184570312,51.58308410644531,10.414152145385742,67.95885467529297,35.84809494018555,123.72163391113281,50.83781814575195,18.084823608398438,7.564365386962891,56.60922622680664,31.459089279174805,30.166706085205078,73.97542572021484,172.11083984375,99.09224700927734,33.41852951049805,26.974946975708008,45.65043640136719,93.2197494506836,65.21100616455078
2016-04-08,48.082679748535156,24.65627098083496,83.83675384521484,54.65711975097656,44.6800651550293,64.19248962402344,64.30665588378906,39.45436096191406,34.73837661743164,79.05564880371094,20.59193992614746,25.217655181884766,94.85438537597656,34.83932876586914,101.67400360107422,20.68817901611328,19.08733367919922,106.56560516357422,101.34158325195312,87.85317993164062,59.090843200683594,56.91831970214844,115.74835205078125,117.87030029296875,131.58563232421875,35.47411346435547,76.23555755615234,47.76765441894531,119.86209106445312,63.18647003173828,175.88670349121094,52.14395523071289,10.438468933105469,68.32864379882812,35.955039978027344,123.6146469116211,51.065406799316406,18.10770034790039,7.582494258880615,56.657958984375,31.31073570251465,30.855199813842773,74.2030258178711,172.1280517578125,99.70137786865234,33.62406921386719,27.254358291625977,45.78062057495117,94.24797058105469,65.3222885131836
2016-04-11,47.985496520996094,24.73796272277832,83.73685455322266,54.72936248779297,45.036014556884766,63.829891204833984,63.579017639160156,39.233436584472656,34.419677734375,78.46879577636719,20.2054500579834,25.249547958374023,94.7908706665039,34.86521530151367,101.35615539550781,20.635873794555664,18.90224838256836,106.07913208007812,101.31724548339844,87.71214294433594,59.3133659362793,56.81421661376953,115.7755126953125,117.81755065917969,131.24371337890625,35.566200256347656,75.70966339111328,47.70259094238281,121.36943054199219,62.812740325927734,174.6042938232422,52.406856536865234,10.51140308380127,68.1437759399414,35.92449951171875,125.19403839111328,51.3427734375,18.38216781616211,7.648952960968018,56.504764556884766,30.634910583496094,30.825271606445312,73.88291931152344,171.21841430664062,99.52737426757812,33.3658332824707,27.186391830444336,45.47687530517578,94.12153625488281,64.84294128417969
2016-04-12,48.28589630126953,25.06017303466797,84.2209701538086,55.40592956542969,45.871734619140625,63.90703582763672,65.09440612792969,39.440101623535156,34.57533264160156,78.92774200439453,20.249797821044922,25.401031494140625,95.03219604492188,35.021183013916016,101.39588928222656,20.650815963745117,19.29486846923828,107.17174530029297,102.19303131103516,88.56624603271484,60.48167037963867,57.04645538330078,117.1875228881836,119.48248291015625,131.6710968017578,35.850860595703125,76.05524444580078,48.32434844970703,124.7977523803711,63.339351654052734,175.63803100585938,53.17808151245117,10.754535675048828,69.14640045166016,36.489749908447266,126.92960357666016,52.658531188964844,18.740509033203125,7.739579677581787,56.61616134643555,30.626667022705078,32.53154754638672,74.85751342773438,171.81053161621094,100.1655044555664,33.634605407714844,27.813201904296875,45.896339416503906,95.18346405029297,65.57051086425781
2016-04-13,48.90437316894531,25.423234939575195,84.42845916748047,55.72123718261719,47.81399917602539,63.6215705871582,65.15447235107422,39.88197326660156,34.123226165771484,78.33338928222656,20.617286682128906,25.61629295349121,96.04837036132812,35.792301177978516,100.82377624511719,21.091625213623047,19.393028259277344,106.74102783203125,102.53360748291016,89.9061279296875,62.889801025390625,56.72611618041992,118.69908142089844,120.58238983154297,132.39767456054688,36.51633071899414,75.9801025390625,48.85213851928711,125.91907501220703,63.84050750732422,175.94895935058594,54.47509765625,11.17596435546875,69.11082458496094,37.45221710205078,131.4866180419922,54.40812683105469,19.731672286987305,7.890627384185791,56.456024169921875,31.203601837158203,32.61387252807617,75.07804107666016,172.60862731933594,98.3743667602539,32.71232604980469,28.047298431396484,45.33945083618164,96.27063751220703,67.16271209716797
2016-04-14,48.913211822509766,25.436851501464844,84.40541076660156,56.11534881591797,48.43305587768555,63.79269027709961,65.40814208984375,40.23119354248047,33.96756362915039,77.61115264892578,20.686981201171875,25.353199005126953,96.00389099121094,35.731658935546875,101.31640625,21.106569290161133,19.29486846923828,107.16374969482422,102.2721176147461,89.7337417602539,62.82621383666992,56.70209503173828,118.43661499023438,120.62757873535156,132.56861877441406,36.65110778808594,75.96509552001953,49.069034576416016,124.08082580566406,64.23968505859375,175.2183837890625,54.781822204589844,11.459620475769043,69.82193756103516,37.268882751464844,132.3585205078125,54.48635482788086,19.95277976989746,7.908751964569092,56.58135223388672,30.552492141723633,33.09282684326172,74.75080871582031,171.75050354003906,98.64988708496094,32.459346771240234,27.63195037841797,44.919979095458984,96.5066146850586,66.47789001464844
2016-04-15,49.16945266723633,24.926301956176758,84.66667175292969,55.813175201416016,47.875911712646484,64.0182876586914,64.907470703125,40.010257720947266,34.167686462402344,78.07007598876953,20.59193992614746,25.08211898803711,96.35958099365234,35.541038513183594,101.53096008300781,20.845069885253906,19.367786407470703,107.67417907714844,102.64920806884766,89.8199234008789,62.921600341796875,57.06247329711914,118.69002532958984,120.63507843017578,132.61134338378906,36.566864013671875,76.8140869140625,49.19916534423828,125.59740447998047,64.15476989746094,175.5059356689453,54.45757293701172,11.346155166625977,69.89305114746094,36.85639572143555,130.39254760742188,54.42946243286133,19.640178680419922,7.818121433258057,56.70669937133789,30.420612335205078,32.70367431640625,75.07804107666016,173.2522735595703,98.96171569824219,32.50678634643555,28.168128967285156,45.165863037109375,97.2145767211914,66.28956604003906
2016-04-18,49.8851203918457,24.388517379760742,85.24299621582031,56.34523010253906,48.1854362487793,64.43054962158203,65.8887710571289,40.2739372253418,34.256629943847656,78.03247833251953,20.661643981933594,25.233606338500977,96.87403869628906,35.731658935546875,102.38116455078125,21.061737060546875,19.59214210510254,109.10173797607422,103.11746215820312,90.47032165527344,62.98519515991211,57.11854934692383,119.45038604736328,121.81787109375,132.73953247070312,37.0217399597168,77.00941467285156,49.7847785949707,126.02940368652344,65.59027099609375,176.53961181640625,54.85193634033203,11.483932495117188,70.5401382446289,37.307071685791016,130.80389404296875,54.47925567626953,19.6173038482666,8.005420684814453,56.574398040771484,30.231054306030273,33.676551818847656,75.5333023071289,174.0332794189453,99.09224700927734,32.7650260925293,28.477745056152344,45.22373962402344,97.55165100097656,67.04287719726562
2016-04-19,49.82326889038086,24.25917625427246,86.5877685546875,56.627685546875,48.99794387817383,64.78057861328125,67.09041595458984,40.523399353027344,34.538265228271484,78.48385620117188,20.839046478271484,25.193737030029297,91.45648193359375,35.57569885253906,102.38910675048828,21.166339874267578,19.566896438598633,108.01708984375,103.17829895019531,90.73670196533203,63.8912239074707,57.3908576965332,120.09298706054688,122.11925506591797,133.1241912841797,36.937522888183594,77.73065948486328,49.82093811035156,128.55691528320312,65.61576080322266,176.0499267578125,55.710777282714844,11.710857391357422,70.71078491210938,38.10150146484375,133.7897491455078,55.27580642700195,20.173879623413086,8.12021541595459,56.98522186279297,29.860170364379883,35.218196868896484,76.00281524658203,173.0034637451172,99.42581939697266,32.5225830078125,28.87044906616211,45.11524200439453,98.22586822509766,70.50115203857422
2016-04-20,49.11643600463867,24.309097290039062,87.27938842773438,57.01524353027344,49.7098503112793,63.434898376464844,67.88480377197266,40.32384490966797,32.88547134399414,77.0694580078125,21.054471969604492,25.512645721435547,92.79656982421875,35.6103515625,102.14278411865234,21.24852180480957,19.409852981567383,107.81773376464844,102.74651336669922,90.25089263916016,63.37462615966797,56.6177864074707,118.18315887451172,122.6164779663086,133.1241912841797,37.03859329223633,77.33462524414062,50.05228042602539,129.84373474121094,65.4713363647461,176.1044158935547,56.98150634765625,12.099867820739746,71.187255859375,38.53691101074219,137.3514404296875,55.716758728027344,20.898191452026367,8.241053581237793,56.490821838378906,30.453594207763672,35.233158111572266,75.52621459960938,172.99490356445312,98.36711120605469,32.40137481689453,29.353750228881836,44.580055236816406,97.82135772705078,72.1275863647461
2016-04-21,49.28429412841797,24.045875549316406,87.27168273925781,57.0086669921875,49.21460723876953,62.851463317871094,67.69120025634766,40.338096618652344,32.35923385620117,75.97855377197266,21.060808181762695,25.488731384277344,94.8226089477539,35.51504898071289,99.94975280761719,21.09909439086914,19.20232582092285,107.34715270996094,102.57618713378906,90.04718017578125,63.125816345214844,55.54679489135742,118.3370361328125,123.8143310546875,132.39767456054688,36.96279525756836,76.36144256591797,50.72465896606445,128.9889678955078,65.7176742553711,175.70803833007812,57.49857711791992,12.075554847717285,72.3463134765625,38.23136520385742,135.98602294921875,55.2117805480957,20.783823013305664,8.247095108032227,56.09395980834961,30.0579891204834,34.597042083740234,74.6867904663086,171.638916015625,95.53900146484375,31.716245651245117,28.961063385009766,43.480735778808594,92.92481994628906,70.87779998779297
2016-04-22,45.750099182128906,23.980079650878906,87.07955932617188,57.49473190307617,49.50092315673828,62.96815872192383,68.09844207763672,40.4378776550293,33.011474609375,76.7234115600586,21.07981300354004,25.225627899169922,94.31450653076172,35.2637825012207,99.71932220458984,21.03185272216797,19.272432327270508,108.19258880615234,102.57618713378906,89.45948791503906,62.852989196777344,55.611228942871094,118.61763000488281,122.94042205810547,131.45741271972656,37.131263732910156,76.52741241455078,51.10062026977539,130.34922790527344,66.1083984375,176.2987518310547,57.77900695800781,12.245745658874512,72.48140716552734,38.666751861572266,137.1622772216797,55.176246643066406,21.119298934936523,8.222928047180176,55.801509857177734,29.32445526123047,35.637271881103516,75.06380462646484,172.28256225585938,92.00749206542969,31.895435333251953,29.92014503479004,43.79896545410156,95.39413452148438,70.87779998779297
2016-04-25,46.04168701171875,23.84392547607422,87.22557830810547,57.363365173339844,49.21460723876953,63.325965881347656,67.76466369628906,40.0672721862793,33.137474060058594,77.3403091430664,21.04180335998535,25.02631378173828,94.51139068603516,35.33309555053711,101.27668762207031,21.091625213623047,19.482769012451172,108.18460083007812,102.40592193603516,88.73861694335938,61.625144958496094,55.901100158691406,118.34607696533203,123.14382934570312,131.11553955078125,37.07228088378906,76.91214752197266,51.06446838378906,128.90621948242188,66.20182037353516,175.88670349121094,57.577449798583984,12.124181747436523,72.73741149902344,38.582725524902344,135.7967987060547,54.742408752441406,20.989681243896484,8.204801559448242,55.97560119628906,30.305225372314453,34.62697982788086,74.74369812011719,172.26539611816406,91.52165222167969,32.26435470581055,29.64827537536621,44.182281494140625,94.89690399169922,70.54396057128906
2016-04-26,45.44970703125,23.67827796936035,86.7645263671875,57.56040954589844,49.4699592590332,61.87916564941406,68.28533935546875,39.93898391723633,33.004058837890625,77.1898422241211,20.9404239654541,25.034286499023438,94.68284606933594,35.220462799072266,101.47532653808594,21.25598907470703,19.435094833374023,107.93736267089844,101.06790161132812,89.953125,62.315284729003906,55.530696868896484,120.5998764038086,122.68423461914062,132.05577087402344,36.96279525756836,77.59110260009766,51.230751037597656,129.30140686035156,64.7833023071289,180.44131469726562,58.0156364440918,12.22953987121582,72.05475616455078,38.895912170410156,136.4137420654297,55.133567810058594,21.004934310913086,8.307511329650879,56.61616134643555,30.00028419494629,35.98152542114258,75.5688705444336,174.70269775390625,89.78128051757812,32.33287048339844,30.003210067749023,43.90744400024414,95.6975326538086,71.40851593017578
2016-04-27,45.0079345703125,22.196548461914062,86.65693664550781,58.105621337890625,49.609249114990234,62.14361572265625,69.32674407958984,40.13142013549805,33.115238189697266,77.21240234375,20.908735275268555,25.313331604003906,95.565673828125,35.393733978271484,101.94413757324219,21.397945404052734,19.46874237060547,108.26434326171875,102.0288314819336,90.45462799072266,63.14186096191406,55.81254577636719,124.0755615234375,121.29054260253906,132.18397521972656,36.92066955566406,77.47795104980469,50.775272369384766,128.0054931640625,64.98717498779297,181.59942626953125,58.04192352294922,12.172807693481445,71.6209945678711,38.9035530090332,137.30213928222656,55.09088897705078,21.104585647583008,8.34416389465332,56.790252685546875,29.926116943359375,36.003971099853516,75.73251342773438,177.6463165283203,91.15182495117188,32.43826675415039,30.139148712158203,44.211204528808594,95.22560119628906,72.51280212402344
2016-04-28,44.08903884887695,21.51807975769043,86.4340591430664,57.82316207885742,49.21460723876953,62.042510986328125,68.3587875366211,39.725189208984375,33.07818603515625,77.46820068359375,20.85171127319336,24.80307960510254,93.40629577636719,34.943206787109375,101.64219665527344,20.889896392822266,19.32571792602539,105.85580444335938,101.56661987304688,89.81210327148438,62.39554977416992,57.30226516723633,122.01187896728516,120.95905303955078,132.05577087402344,34.04822540283203,76.35387420654297,52.2429313659668,128.62130737304688,64.9447021484375,180.87652587890625,57.700130462646484,11.986401557922363,68.97573852539062,38.50634765625,135.13876342773438,53.888946533203125,20.874608993530273,8.606829643249512,55.94425964355469,29.604665756225586,35.6746940612793,74.62989044189453,176.45339965820312,91.54340362548828,32.77556610107422,30.25996971130371,44.30521774291992,95.04016876220703,71.8450927734375
2016-04-29,44.06254196166992,21.270750045776367,86.126708984375,58.06617736816406,48.90509796142578,62.322532653808594,68.2119140625,39.08375549316406,33.204166412353516,77.460693359375,20.72500228881836,24.14134407043457,92.6886215209961,34.53598403930664,100.50595092773438,20.538747787475586,18.753597259521484,106.78095245361328,101.7977294921875,89.53787231445312,62.37144470214844,57.1089973449707,122.01187896728516,119.2564468383789,131.41473388671875,32.76782989501953,75.81822967529297,52.18508529663086,127.33450317382812,64.15476989746094,180.61231994628906,57.3408203125,11.800005912780762,62.725257873535156,38.177886962890625,134.99069213867188,53.54756164550781,20.744285583496094,8.28307819366455,55.20268630981445,29.16786003112793,35.76449203491211,74.74369812011719,177.01123046875,90.78202819824219,33.04961013793945,30.16179656982422,44.36308670043945,93.03435516357422,71.9991683959961
2016-05-02,44.71637725830078,21.2480525970459,86.6415786743164,58.54572296142578,49.361637115478516,62.98370361328125,68.96625518798828,39.41159439086914,33.33756637573242,77.81426239013672,20.78202247619629,24.404438018798828,92.26309967041016,34.917213439941406,101.86466979980469,20.44908332824707,18.955528259277344,108.50357055664062,102.3815689086914,89.85128021240234,62.4677734375,58.276634216308594,121.29680633544922,119.77627563476562,132.0130157470703,32.725711822509766,76.53491973876953,52.026031494140625,127.09557342529297,65.19103240966797,181.28076171875,57.559906005859375,11.970194816589355,63.28702926635742,38.64384460449219,136.6934051513672,53.832027435302734,20.897600173950195,8.319729804992676,56.09395980834961,29.20082664489746,35.061012268066406,74.52315521240234,178.7705078125,90.80377960205078,33.26569747924805,30.403451919555664,44.999534606933594,93.75071716308594,72.15328216552734
2016-05-03,43.983009338378906,21.597501754760742,86.59545135498047,57.875732421875,48.40983963012695,63.08484649658203,67.63780975341797,39.25480651855469,33.23381042480469,77.9120864868164,21.352264404296875,24.205127716064453,91.53904724121094,34.38002395629883,102.0235824584961,20.06804847717285,18.790061950683594,107.29931640625,102.15656280517578,89.72592163085938,61.280059814453125,57.85791015625,119.9210205078125,117.78744506835938,130.90187072753906,32.47299575805664,78.3983383178711,51.42595672607422,126.59922790527344,64.7663345336914,182.4154815673828,56.8325309753418,11.637916564941406,61.985713958740234,38.19315719604492,134.1927947998047,53.291507720947266,20.613956451416016,8.203667640686035,56.720603942871094,29.011266708374023,33.736412048339844,74.25283813476562,179.87759399414062,91.46363830566406,33.307857513427734,29.52745246887207,44.5872917175293,92.2843017578125,71.39141845703125
2016-05-04,44.06254196166992,21.37285614013672,86.23429107666016,57.7640380859375,47.643760681152344,63.47376251220703,67.15049743652344,39.06238555908203,33.33756637573242,78.2581558227539,21.16218376159668,24.004085540771484,91.61526489257812,34.0421142578125,102.76254272460938,19.754255294799805,18.843347549438477,107.79379272460938,101.6639404296875,88.48786926269531,59.5787239074707,57.88204574584961,118.47281646728516,116.1526107788086,128.50863647460938,32.093936920166016,78.38324737548828,51.172908782958984,124.35655212402344,63.59418869018555,183.43365478515625,56.31547546386719,11.451515197753906,60.86931610107422,37.66975021362305,131.66754150390625,52.836334228515625,20.146331787109375,8.130365371704102,56.74150085449219,28.846431732177734,32.48664093017578,73.34940338134766,180.69287109375,92.76891326904297,33.323665618896484,29.240474700927734,44.65238571166992,91.51734924316406,70.34707641601562
2016-05-05,44.124385833740234,21.28610610961914,86.74146270751953,57.82973861694336,47.38840866088867,63.24042510986328,67.70455932617188,38.549232482910156,33.39687728881836,78.4011001586914,21.2698917388916,24.044296264648438,93.02523803710938,33.99013137817383,102.7228012084961,19.58241081237793,18.84895896911621,107.40301513671875,102.0349349975586,89.02854919433594,58.415069580078125,57.551918029785156,119.5499267578125,116.2053451538086,127.7393569946289,32.43086624145508,79.32624816894531,51.440433502197266,124.0164794921875,63.93394470214844,185.08912658691406,56.017520904541016,11.386679649353027,61.05418395996094,37.68514633178711,131.223388671875,52.871910095214844,20.06200408935547,8.136475563049316,56.720603942871094,28.78049087524414,32.33696365356445,72.65937805175781,181.87721252441406,92.3555679321289,33.118133544921875,28.757171630859375,44.898277282714844,91.50894927978516,69.50820922851562
2016-05-06,44.52196502685547,21.167390823364258,86.63388061523438,58.13847732543945,47.66697692871094,63.886043548583984,67.99832153320312,38.20003128051758,33.589569091796875,78.96536254882812,21.276227951049805,24.156871795654297,94.44877624511719,34.146080017089844,103.75576782226562,19.821489334106445,19.140623092651367,108.22444915771484,102.71611785888672,89.15391540527344,58.87250518798828,57.833744049072266,120.61797332763672,115.40679931640625,128.72230529785156,31.98443031311035,79.09992218017578,51.491031646728516,120.26651763916016,63.36485290527344,186.73687744140625,56.534568786621094,11.435307502746582,60.21510314941406,37.73133087158203,130.6640625,53.405303955078125,20.12333869934082,8.209778785705566,55.307125091552734,28.475543975830078,32.00019073486328,72.6380386352539,183.7394561767578,92.76165771484375,33.165557861328125,28.847787857055664,44.919979095458984,91.61888885498047,69.72218322753906
2016-05-09,44.23925018310547,21.18337059020996,87.38697052001953,58.17787170410156,47.365196228027344,63.87824630737305,66.99028015136719,38.55637741088867,33.5302848815918,79.20609283447266,21.42828941345215,23.96387481689453,94.4808349609375,34.102760314941406,103.95442199707031,19.806547164916992,19.33693504333496,108.65511322021484,102.49105834960938,88.6680908203125,56.80203628540039,57.78540802001953,119.56802368164062,117.07926177978516,127.65388488769531,31.99285888671875,79.7713851928711,51.577781677246094,120.75360870361328,64.20573425292969,186.78353881835938,56.07009506225586,11.338053703308105,60.919071197509766,37.623573303222656,129.56178283691406,53.369754791259766,20.00834846496582,8.136475563049316,56.32373809814453,29.538753509521484,31.169525146484375,73.0506591796875,184.19424438476562,92.91393280029297,33.55030059814453,28.492849349975586,45.36837387084961,90.88300323486328,68.97745513916016
2016-05-10,45.07861328125,21.327194213867188,88.11695098876953,59.11061477661133,48.0074577331543,64.15827941894531,67.60443878173828,38.969730377197266,33.90827560424805,80.17659759521484,21.415616989135742,24.237285614013672,96.16731262207031,34.674598693847656,104.56622314453125,20.195064544677734,19.292064666748047,109.66798400878906,103.54925537109375,90.06282806396484,58.19036865234375,58.139732360839844,121.93946075439453,118.45789337158203,130.2607879638672,32.093936920166016,80.04293060302734,51.715152740478516,122.28855895996094,65.30147552490234,189.9235076904297,56.823760986328125,11.5892915725708,61.28175735473633,38.02382278442383,132.7779998779297,53.95292663574219,20.41464614868164,8.24031925201416,56.3446159362793,29.044235229492188,32.08253479003906,73.73355102539062,186.5972442626953,93.71160125732422,34.045692443847656,28.998823165893555,46.09161376953125,91.97418975830078,71.74237823486328
2016-05-11,45.10512161254883,21.119449615478516,87.88644409179688,58.82577896118164,47.82948684692383,63.90159606933594,67.51765441894531,38.70604705810547,33.69334030151367,79.53712463378906,21.19826316833496,24.172956466674805,95.51327514648438,34.35403060913086,102.611572265625,19.948509216308594,18.76095962524414,107.10794830322266,103.25130462646484,89.41248321533203,58.12615203857422,57.96258544921875,121.36458587646484,116.1526107788086,129.66250610351562,32.018123626708984,78.57938385009766,51.194602966308594,119.95398712158203,65.2501449584961,187.95716857910156,56.60466384887695,11.508247375488281,59.66046905517578,37.77751159667969,131.13287353515625,53.59021759033203,20.207658767700195,8.136475563049316,55.864166259765625,28.69291114807129,32.68870544433594,72.87991333007812,183.92822265625,93.42155456542969,34.050960540771484,28.66654396057129,46.29411697387695,90.8660888671875,71.81941986083984
2016-05-12,45.51155471801758,20.624052047729492,87.77883911132812,59.39543914794922,47.798519134521484,64.10384368896484,68.171875,38.57061767578125,33.96756362915039,79.82304382324219,21.217449188232422,23.931711196899414,95.44271087646484,34.5013313293457,103.39027404785156,19.92609405517578,18.885255813598633,107.02019500732422,103.48240661621094,89.4751968383789,57.540321350097656,58.50209426879883,122.66035461425781,115.18832397460938,128.59410095214844,32.009708404541016,79.09992218017578,51.53440475463867,117.70216369628906,64.95087432861328,190.37429809570312,56.38558578491211,11.459620475769043,58.849822998046875,37.869873046875,130.02243041992188,53.77515411376953,20.108001708984375,8.154801368713379,55.61349868774414,28.84170150756836,32.726131439208984,72.96593475341797,187.0692138671875,94.3134994506836,34.26704025268555,29.104541778564453,46.807613372802734,90.92523956298828,72.03341674804688
2016-05-13,45.13162612915039,20.665142059326172,87.26397705078125,58.726436614990234,47.357460021972656,63.18596267700195,67.25062561035156,38.39957809448242,33.6118049621582,78.37853240966797,21.217449188232422,24.05233383178711,94.72451782226562,34.31936264038086,102.3652572631836,19.821489334106445,18.345680236816406,106.1748275756836,102.3694076538086,88.69947052001953,56.23221969604492,57.712947845458984,120.56156921386719,115.52955627441406,126.67095947265625,31.672752380371094,78.20972442626953,51.46211242675781,117.97789764404297,65.26725006103516,188.18251037597656,56.19279098510742,11.24890422821045,58.80714416503906,37.13095474243164,127.7768325805664,52.7225456237793,19.847362518310547,8.07538890838623,54.73615264892578,28.816904067993164,32.194786071777344,72.15592193603516,183.63650512695312,93.68260955810547,34.035152435302734,28.41733169555664,46.6629638671875,90.25701904296875,70.59532165527344
2016-05-16,45.794288635253906,21.432205200195312,87.94025421142578,59.32918167114258,47.71339797973633,63.497127532958984,68.28533935546875,38.9483528137207,33.81193161010742,78.34091186523438,21.338905334472656,24.43832778930664,95.84029388427734,34.63130187988281,103.00887298583984,20.150232315063477,18.650787353515625,107.93736267089844,103.11746215820312,89.9844970703125,56.73780822753906,57.994773864746094,122.40486145019531,116.22724151611328,128.0384979248047,32.22029113769531,78.87361145019531,52.655025482177734,119.49443054199219,66.94316864013672,188.84312438964844,56.14896011352539,11.2894287109375,59.4542350769043,37.15404510498047,127.80977630615234,53.15639114379883,20.092670440673828,8.136475563049316,55.169857025146484,28.734235763549805,32.9880485534668,72.86556243896484,185.13829040527344,93.96539306640625,34.13001251220703,28.66093635559082,46.699127197265625,91.49202728271484,71.5882797241211
2016-05-17,44.94014358520508,21.343181610107422,87.47148132324219,59.30268859863281,47.71339797973633,62.71146011352539,67.9682846069336,38.713165283203125,33.167110443115234,77.01679992675781,21.115161895751953,24.108627319335938,94.90406799316406,34.310691833496094,101.45944213867188,19.91115379333496,18.390880584716797,105.27361297607422,102.05925750732422,89.50006866455078,57.01869583129883,57.05263137817383,120.96308135986328,113.83097839355469,126.97010803222656,31.765419006347656,77.03284454345703,51.483795166015625,119.88966369628906,65.31854248046875,187.7239532470703,55.000919342041016,11.354265213012695,58.849822998046875,36.653743743896484,127.20928192138672,52.686981201171875,20.05434226989746,8.026521682739258,53.498043060302734,28.48624038696289,32.76353073120117,72.46415710449219,183.31039428710938,91.67390441894531,33.666236877441406,28.539140701293945,45.556427001953125,90.51925659179688,71.22021484375
2016-05-18,45.20708465576172,21.587453842163086,87.28704071044922,59.18346405029297,49.55508041381836,62.11250305175781,67.50279235839844,38.96259689331055,32.96699905395508,75.91838073730469,21.20465850830078,24.116668701171875,94.4808349609375,34.19807434082031,100.2834701538086,19.963441848754883,17.84000015258789,105.09017181396484,102.1327133178711,88.75968933105469,56.6495361328125,56.47285461425781,119.53041076660156,114.37696075439453,126.54273223876953,31.79911231994629,76.58776092529297,51.39705276489258,119.0073013305664,65.26725006103516,187.76278686523438,55.666969299316406,11.905364036560059,58.935150146484375,37.4465446472168,131.5606231689453,52.93590545654297,20.88226890563965,8.038740158081055,53.54001998901367,28.411840438842773,32.62053680419922,72.61468505859375,183.77383422851562,91.4563980102539,33.197181701660156,28.55436134338379,45.12247848510742,89.99478149414062,70.70660400390625
2016-05-19,44.77111053466797,21.505258560180664,86.7184066772461,59.686866760253906,49.0521125793457,62.37700653076172,67.36112976074219,38.89847183227539,32.8484001159668,76.23438262939453,21.338905334472656,23.827167510986328,92.93545532226562,33.65221405029297,99.55243682861328,20.5985164642334,19.54914093017578,105.05826568603516,101.08580780029297,88.46827697753906,55.7186279296875,56.71444320678711,116.87501525878906,112.7389907836914,125.47431945800781,31.3695068359375,76.15773010253906,50.84757995605469,118.62126159667969,63.54003143310547,185.6720428466797,54.983394622802734,11.775691032409668,58.40892791748047,37.238712310791016,127.25044250488281,52.44517517089844,20.39931869506836,7.995980739593506,53.30918502807617,28.792112350463867,32.635581970214844,72.60751342773438,181.13914489746094,91.94949340820312,33.386905670166016,29.20903205871582,45.50578689575195,89.3603744506836,70.406982421875
2016-05-20,45.03800964355469,21.738126754760742,87.17500305175781,59.44178771972656,49.144962310791016,62.24476623535156,67.32063293457031,39.276187896728516,32.574180603027344,75.30900573730469,21.56904411315918,24.245328903198242,94.42317199707031,34.146080017089844,97.38325500488281,20.897371292114258,19.7355899810791,105.15398406982422,101.02456665039062,89.17715454101562,56.07172775268555,56.38424301147461,116.24535369873047,113.88404846191406,126.32909393310547,31.672752380371094,75.03365325927734,51.165679931640625,120.6617202758789,63.96757507324219,186.5891876220703,56.017520904541016,11.767589569091797,58.76446533203125,37.523521423339844,127.09407043457031,53.25596237182617,20.521970748901367,8.057065963745117,54.01566696166992,28.618511199951172,32.80117416381836,72.76520538330078,182.5551300048828,91.41287231445312,33.18137741088867,30.32045555114746,45.165863037109375,89.84252166748047,66.54637908935547
2016-05-23,44.5130729675293,22.014362335205078,86.80354309082031,59.34907913208008,49.10626220703125,62.384769439697266,67.04402923583984,39.140785217285156,32.58899688720703,75.54972076416016,21.524295806884766,24.309669494628906,94.11534118652344,33.946815490722656,97.5819091796875,20.87495231628418,19.633892059326172,104.81104278564453,101.69801330566406,88.8463363647461,56.49705123901367,56.432586669921875,116.41873931884766,113.21670532226562,126.02991485595703,31.479019165039062,73.98503875732422,50.8981819152832,115.9466552734375,63.343345642089844,186.16172790527344,55.728302001953125,11.727066993713379,59.25513458251953,37.48503112792969,127.86732482910156,52.992801666259766,20.567964553833008,8.020417213439941,53.53301239013672,28.767301559448242,32.80869674682617,72.46415710449219,182.0745391845703,91.33311462402344,33.328941345214844,30.784812927246094,45.34669494628906,90.02861785888672,66.66622924804688
2016-05-24,45.90106201171875,22.349950790405273,87.21371459960938,59.39543914794922,49.94198989868164,62.98370361328125,67.5904769897461,39.62540817260742,32.88547134399414,76.05379486083984,21.79918670654297,24.977115631103516,95.10282897949219,34.570640563964844,98.48772430419922,21.270933151245117,19.84293556213379,106.3582534790039,103.2408447265625,90.08294677734375,57.05078887939453,57.0687370300293,116.34574890136719,115.81016540527344,127.56841278076172,31.99285888671875,73.4645004272461,51.498252868652344,114.71502685546875,64.12146759033203,187.28868103027344,56.850059509277344,11.897256851196289,61.310184478759766,37.869873046875,129.6276397705078,54.457916259765625,21.012596130371094,8.11815071105957,53.966712951660156,29.362489700317383,32.710853576660156,73.10213470458984,184.23721313476562,91.92047882080078,33.61880874633789,32.01042175292969,45.12971878051758,91.15365600585938,68.17279052734375
2016-05-25,46.37261199951172,22.742616653442383,87.72450256347656,59.786251068115234,50.700321197509766,63.380428314208984,68.65638732910156,40.31671905517578,32.89288330078125,76.05379486083984,21.959001541137695,25.24248504638672,97.27025604248047,34.769927978515625,97.9394760131836,21.60715103149414,19.91073989868164,106.23062896728516,104.07349395751953,90.35859680175781,58.23851013183594,56.90769958496094,117.58676147460938,117.97135162353516,128.59410095214844,32.58250427246094,73.59275817871094,51.10783386230469,118.84188842773438,63.73668670654297,187.18763732910156,57.23566818237305,12.091760635375977,61.51638412475586,38.870506286621094,132.63815307617188,55.01976013183594,21.29623794555664,8.258644104003906,54.30247497558594,28.88303565979004,33.79468536376953,73.33149719238281,183.93678283691406,92.2468032836914,33.687313079833984,32.3377571105957,45.10078430175781,91.62737274169922,68.90042114257812
2016-05-26,46.16796875,22.9229679107666,87.37625122070312,59.48152542114258,50.321170806884766,63.17817306518555,68.4742202758789,40.18842697143555,33.122650146484375,76.6631851196289,22.010147094726562,25.322898864746094,97.751220703125,34.61396026611328,98.36060333251953,21.592205047607422,20.015268325805664,106.90857696533203,103.41227722167969,89.94117736816406,57.845279693603516,56.76276397705078,117.99738311767578,117.95620727539062,128.294921875,32.7594108581543,73.14007568359375,51.136775970458984,118.44664764404297,64.57466125488281,187.73167419433594,57.165557861328125,11.913467407226562,60.64886474609375,38.909000396728516,130.96836853027344,54.52191925048828,21.020259857177734,8.22199535369873,53.7078857421875,29.42036247253418,33.66674041748047,73.43904113769531,183.61070251464844,92.76165771484375,33.729469299316406,32.78688430786133,45.469635009765625,91.10291290283203,68.71208190917969
2016-05-27,46.550567626953125,22.909271240234375,87.50005340576172,59.62063980102539,50.630680084228516,63.34153366088867,68.8250503540039,40.2525749206543,33.18933868408203,76.70833587646484,22.125213623046875,25.387237548828125,98.00768280029297,34.71792984008789,97.9315414428711,21.60715103149414,19.987016677856445,106.82081604003906,103.40007019042969,90.05143737792969,57.74897766113281,56.843257904052734,117.915283203125,118.85858917236328,128.72230529785156,33.10477828979492,73.13256072998047,51.55610275268555,118.40070343017578,64.12146759033203,187.8882598876953,57.41970443725586,12.059346199035645,61.02576446533203,39.13990020751953,131.7613067626953,54.85619354248047,21.104585647583008,8.215885162353516,53.86177062988281,29.519556045532227,33.365684509277344,73.8189468383789,184.0140838623047,93.1459732055664,33.70838928222656,32.9086799621582,45.469635009765625,91.86420440673828,68.90896606445312
2016-05-31,47.155574798583984,22.79741096496582,87.21371459960938,58.964881896972656,50.506866455078125,63.03814697265625,68.1369400024414,40.09577941894531,33.055938720703125,76.11400604248047,22.1827449798584,25.4033203125,98.5848159790039,34.83056640625,96.9859848022461,21.70427703857422,19.995492935180664,105.9149169921875,103.0510482788086,89.6575927734375,58.19036865234375,56.69832229614258,115.11384582519531,119.77616119384766,129.1923828125,33.38274002075195,72.76287841796875,51.838050842285156,117.74810028076172,64.1556625366211,184.8674774169922,57.630027770996094,11.986401557922363,61.90751647949219,39.03984451293945,131.71995544433594,54.80640411376953,20.9819278717041,8.24031925201416,54.1415901184082,29.56088638305664,32.959228515625,73.89781188964844,182.51223754882812,92.12352752685547,33.53974533081055,32.558509826660156,45.404541015625,91.08597564697266,70.44123077392578
2016-06-01,47.022117614746094,22.477800369262695,87.28337097167969,59.1106071472168,50.831878662109375,63.62155532836914,68.22462463378906,40.145668029785156,33.13005828857422,76.9879379272461,22.214706420898438,25.459604263305664,97.79608154296875,34.88255310058594,96.91445922851562,21.592205047607422,19.916393280029297,105.6824951171875,103.27757263183594,89.7442626953125,57.99776077270508,57.334495544433594,115.35111236572266,119.85202026367188,128.6795654296875,33.27324295043945,72.8609619140625,51.96097946166992,117.38968658447266,64.07869720458984,186.3152618408203,57.761478424072266,12.083988189697266,61.56620407104492,39.255374908447266,132.12469482421875,54.77796173095703,21.07392120361328,8.008195877075195,54.631229400634766,30.10647201538086,33.16245651245117,73.75445556640625,183.79946899414062,92.80517578125,33.913936614990234,32.60420608520508,45.68659973144531,91.33977508544922,70.90348815917969
2016-06-02,46.69292068481445,22.308856964111328,88.6067886352539,58.64030838012695,50.924739837646484,63.74602127075195,67.81986999511719,40.494869232177734,33.14487075805664,77.31387329101562,22.291425704956055,25.54002571105957,98.43092346191406,33.49626922607422,96.98649597167969,21.726688385009766,20.043516159057617,106.14742279052734,102.87964630126953,90.20896911621094,59.08118438720703,57.51163864135742,115.75260162353516,121.23213195800781,128.42315673828125,33.29851150512695,72.72515869140625,52.77794647216797,119.09001922607422,64.5233383178711,186.11961364746094,58.199668884277344,12.149044036865234,61.665748596191406,39.340030670166016,131.55474853515625,54.7210693359375,20.912933349609375,8.069281578063965,55.33073806762695,30.12300682067871,33.40330123901367,73.869140625,183.89431762695312,92.8196792602539,33.89285659790039,33.091392517089844,45.72999572753906,91.5258560180664,71.95638275146484
2016-06-03,46.07899475097656,22.354520797729492,88.81573486328125,58.53434371948242,50.019371032714844,64.1505126953125,67.90756225585938,40.366600036621094,33.38205337524414,77.7155990600586,22.176349639892578,25.427448272705078,98.03975677490234,33.87748336791992,97.13056182861328,21.76404571533203,20.020915985107422,105.61030578613281,103.08780670166016,90.41374969482422,60.22071838378906,57.65658187866211,116.23623657226562,120.71650695800781,127.95304870605469,33.00368881225586,72.60445404052734,52.69841384887695,119.20951080322266,64.23261260986328,186.97267150878906,57.3934211730957,11.72618579864502,61.26040267944336,38.63189697265625,128.57315063476562,54.038291931152344,20.345643997192383,7.965437889099121,55.03694534301758,29.9659423828125,33.25278091430664,73.9193115234375,185.4456024169922,94.3280029296875,34.41461181640625,33.19035339355469,46.06268310546875,91.0775375366211,73.24894714355469
2016-06-06,46.38150405883789,22.5166072845459,89.59739685058594,59.176841735839844,50.51460266113281,64.38386535644531,68.25159454345703,40.74432373046875,33.626625061035156,77.84445190429688,22.32978057861328,25.475690841674805,97.93714904785156,34.172080993652344,97.65083312988281,21.74163246154785,20.07176399230957,103.56610107421875,104.12857818603516,91.00447845458984,61.32820510864258,57.8498420715332,120.3608169555664,121.47476196289062,128.72230529785156,32.995262145996094,72.65726470947266,53.71057891845703,119.14519500732422,63.993186950683594,187.34825134277344,57.78778076171875,11.807506561279297,62.29148864746094,38.86280822753906,129.72117614746094,54.344120025634766,20.58329963684082,8.050955772399902,55.0229606628418,29.775814056396484,34.261348724365234,73.9121322631836,185.66969299316406,94.39325714111328,34.361907958984375,33.2436408996582,45.983131408691406,91.45817565917969,74.88394165039062
2016-06-07,46.35483169555664,22.607919692993164,89.56645965576172,60.084312438964844,50.34436798095703,64.03380584716797,69.70208740234375,40.623172760009766,33.589569091796875,77.68529510498047,22.272241592407227,25.63652229309082,98.32188415527344,33.90349578857422,97.57081604003906,21.719223022460938,20.06612205505371,104.15130615234375,104.63677215576172,90.85484313964844,61.64120101928711,57.648536682128906,120.38817596435547,120.48898315429688,128.8077850341797,32.79309844970703,72.8911361694336,53.43585968017578,118.43745422363281,63.8735237121582,187.42652893066406,57.743953704833984,11.66926097869873,62.22038269042969,38.69347381591797,128.1602020263672,53.675575256347656,20.330318450927734,8.173128128051758,55.344722747802734,29.99901580810547,35.78172302246094,74.45691680908203,185.88511657714844,94.41500091552734,34.309200286865234,33.23602294921875,46.30133819580078,91.1621322631836,74.73841094970703
2016-06-08,46.30143356323242,22.587377548217773,89.6206283569336,60.137298583984375,50.49140548706055,64.29051971435547,69.5468978881836,41.06504440307617,33.76003646850586,78.20830535888672,22.534347534179688,25.64456558227539,98.75154876708984,34.033443450927734,97.73889923095703,21.771514892578125,20.136747360229492,103.88676452636719,104.94898986816406,91.42193603515625,62.68444061279297,57.97868347167969,121.36458587646484,119.8140869140625,129.5343475341797,32.776248931884766,74.16608428955078,53.07437515258789,120.56061553955078,64.05307006835938,188.11517333984375,58.0682258605957,11.734314918518066,62.16350173950195,38.48564529418945,127.72245788574219,53.39821243286133,20.345643997192383,8.160908699035645,55.568572998046875,30.189138412475586,35.744117736816406,75.04473876953125,187.58290100097656,94.78016662597656,34.583255767822266,33.35783386230469,46.590641021728516,93.8520736694336,74.62712097167969
2016-06-09,45.92774963378906,22.749462127685547,90.5493392944336,60.05782699584961,50.10448455810547,64.69502258300781,69.35800170898438,40.75145721435547,33.915687561035156,78.57212829589844,22.572704315185547,25.68477439880371,98.37963104248047,33.834163665771484,98.28319549560547,21.771514892578125,20.083070755004883,103.65428924560547,104.15921020507812,92.31983947753906,61.922061920166016,58.252464294433594,121.4558334350586,118.88892364501953,129.2351531982422,32.742549896240234,73.1702651977539,52.582733154296875,118.79590606689453,63.64263916015625,188.3420867919922,57.586185455322266,11.539152145385742,60.99018478393555,37.823699951171875,126.50829315185547,52.89322280883789,19.993013381958008,8.099823951721191,55.267784118652344,30.238750457763672,35.051639556884766,75.2454605102539,188.37579345703125,95.44476318359375,34.709739685058594,33.365440368652344,47.25600051879883,93.41219329833984,74.43024444580078
2016-06-10,45.803184509277344,22.562267303466797,90.55708312988281,59.60076904296875,49.400325775146484,64.71833801269531,68.79806518554688,40.48775863647461,34.08616256713867,78.30683135986328,22.559913635253906,25.76519012451172,97.706298828125,33.56557083129883,97.93900299072266,21.68933868408203,20.09719467163086,103.27751159667969,103.19802856445312,91.90240478515625,61.01520919799805,58.0753173828125,119.66728973388672,117.37229919433594,128.38038635253906,32.34665298461914,72.9288558959961,52.524898529052734,117.7205581665039,63.232200622558594,188.27175903320312,56.93769454956055,11.246405601501465,60.05155944824219,37.20792770385742,123.79926300048828,51.79796600341797,19.57904815673828,8.002089500427246,57.68804931640625,30.428876876831055,33.50115966796875,74.92285919189453,187.3243865966797,95.65653228759766,34.85203552246094,32.75644302368164,47.30665969848633,92.40557098388672,73.33454132080078
2016-06-13,44.6109504699707,22.22210693359375,90.3868179321289,60.00480651855469,48.95925521850586,64.22830200195312,68.87903594970703,40.3153190612793,33.69779586791992,78.1173324584961,22.208316802978516,25.869726181030273,97.0073471069336,33.46160125732422,98.44326782226562,21.547378540039062,19.924867630004883,102.47583770751953,102.32250213623047,90.68155670166016,60.37322235107422,57.712947845458984,118.55403137207031,116.08316040039062,127.48294067382812,31.891769409179688,72.25743865966797,52.21401596069336,116.26834106445312,63.155250549316406,186.21353149414062,55.79841232299805,11.059371948242188,59.717342376708984,36.923133850097656,122.75858306884766,51.38954544067383,19.364395141601562,7.928787708282471,59.0101318359375,29.87502098083496,33.0269775390625,74.29207611083984,185.33355712890625,95.12340545654297,34.466651916503906,31.8353328704834,46.90163040161133,91.0944595336914,73.03494262695312
2016-06-14,44.33513641357422,22.24950408935547,90.64221954345703,59.89882278442383,48.038421630859375,64.83502197265625,68.3258285522461,40.41591262817383,33.63804244995117,78.24617767333984,22.368127822875977,25.845600128173828,96.86627197265625,33.643550872802734,98.05907440185547,21.637027740478516,20.043516159057617,100.39954376220703,102.6163558959961,90.9808578491211,60.076290130615234,58.051170349121094,119.08328247070312,116.01490020751953,130.08985900878906,31.723297119140625,72.7176284790039,52.85023498535156,117.0679702758789,63.54856872558594,187.5830078125,53.51985549926758,10.782883644104004,59.76024627685547,36.08414077758789,120.74333190917969,50.973934173583984,18.85843849182129,7.843268871307373,58.99613571166992,29.56088638305664,33.358150482177734,74.3565673828125,186.93653869628906,96.7009048461914,34.711177825927734,31.80487060546875,47.03904724121094,90.57843780517578,72.88944244384766
2016-06-15,44.21057891845703,22.17644500732422,90.09273529052734,59.719993591308594,47.95329284667969,64.52388000488281,67.88733673095703,40.30095291137695,33.61564254760742,77.96574401855469,22.240285873413086,25.419404983520508,96.62260437011719,33.30564880371094,97.85095977783203,21.405418395996094,20.091548919677734,101.43367767333984,102.73272705078125,90.98872375488281,60.24481964111328,57.753231048583984,118.77304077148438,115.18833923339844,130.7309112548828,31.52956199645996,72.43846893310547,52.46706008911133,116.32347869873047,63.02696990966797,187.3873748779297,53.82658386230469,10.847941398620605,59.38125991821289,36.00717544555664,120.71853637695312,51.27489471435547,18.950435638427734,7.9471116065979,58.20570373535156,29.519556045532227,32.89902114868164,74.47126770019531,187.17784118652344,96.43070983886719,34.72711181640625,32.086544036865234,46.930564880371094,90.1893310546875,72.6155014038086
2016-06-16,44.83338165283203,22.27004623413086,90.27073669433594,60.4221305847168,48.146751403808594,64.88170623779297,68.18414306640625,41.31404495239258,33.83970260620117,78.71613311767578,22.214706420898438,25.483734130859375,96.86627197265625,33.478939056396484,98.02706146240234,21.569787979125977,20.142393112182617,102.09904479980469,104.0367431640625,91.201416015625,60.18059539794922,57.97868347167969,118.05213928222656,115.49169158935547,131.9365997314453,31.588531494140625,72.06884002685547,51.8597526550293,118.2812271118164,63.488704681396484,187.71607971191406,54.27354049682617,10.823543548583984,59.71735382080078,36.061058044433594,121.10668182373047,51.045589447021484,19.2187442779541,8.014307022094727,58.16373062133789,29.321155548095703,32.48505783081055,74.70065307617188,186.7900390625,97.16829681396484,35.05669403076172,32.01042175292969,47.57423400878906,90.47695922851562,72.86377716064453
2016-06-17,44.60205841064453,21.76323699951172,89.37298583984375,60.09093475341797,48.193172454833984,64.6639175415039,68.521484375,40.157257080078125,33.45132827758789,78.38262176513672,21.875898361206055,25.54002571105957,97.462646484375,34.38002395629883,97.86695861816406,21.629562377929688,20.043516159057617,101.92269897460938,103.43067932128906,91.30377960205078,60.934974670410156,57.527740478515625,118.4627685546875,113.45938110351562,131.7643280029297,31.495866775512695,71.54830169677734,51.09339141845703,119.02568054199219,63.155250549316406,185.9083709716797,54.21220016479492,10.896732330322266,59.10236358642578,35.86861801147461,120.2890625,51.138755798339844,19.40272331237793,8.099823951721191,57.813987731933594,29.081430435180664,33.230201721191406,75.28128814697266,184.70440673828125,96.6935806274414,34.76433181762695,32.208343505859375,47.59593963623047,91.50894165039062,73.61705017089844
2016-06-20,44.548667907714844,21.710729598999023,90.1933364868164,60.355873107910156,48.26282501220703,64.5938949584961,69.22306823730469,40.33686447143555,33.59321975708008,78.35232543945312,22.054893493652344,25.869726181030273,98.50145721435547,34.423343658447266,98.7874526977539,21.517488479614258,20.085893630981445,102.3075180053711,104.83263397216797,92.20170593261719,61.33622360229492,57.68878936767578,121.13645935058594,114.24041748046875,132.75477600097656,31.79911231994629,70.33367919921875,51.30303955078125,117.49995422363281,62.659278869628906,186.7534637451172,54.59779357910156,11.010579109191895,59.345489501953125,36.12263107299805,122.0317611694336,51.74063491821289,19.855031967163086,8.197561264038086,58.00984191894531,28.69291114807129,33.636634826660156,76.05547332763672,185.42832946777344,97.0441665649414,35.01947784423828,32.31490707397461,47.646568298339844,91.71195220947266,73.26606750488281
2016-06-21,45.545166015625,21.895648956298828,89.91471862792969,60.627437591552734,48.711631774902344,64.88170623779297,69.64811706542969,40.41591262817383,33.70526123046875,78.89047241210938,22.214706420898438,25.990354537963867,98.78362274169922,34.64862060546875,98.15511322021484,21.49506950378418,20.187593460083008,102.40369415283203,104.91837310791016,92.39073944091797,61.38436508178711,57.817630767822266,120.01406860351562,113.30770874023438,133.22837829589844,31.782262802124023,70.3185806274414,51.51272201538086,117.45399475097656,62.052223205566406,186.68309020996094,54.58903121948242,11.075634956359863,58.48736572265625,36.35354995727539,122.52734375,51.4826774597168,20.085002899169922,8.07538890838623,58.198692321777344,28.494518280029297,33.71942901611328,76.46404266357422,185.1612091064453,97.16099548339844,35.17894744873047,31.92667579650879,48.10943603515625,91.40742492675781,71.9820556640625
2016-06-22,45.36723327636719,21.813459396362305,90.13142395019531,60.388980865478516,48.52591323852539,65.00617218017578,69.0071792602539,40.9835205078125,33.503623962402344,78.63274383544922,22.03571128845215,25.966222763061523,98.05899810791016,34.66595458984375,96.54627227783203,21.457717895507812,20.269521713256836,102.29147338867188,104.83263397216797,91.81575775146484,61.33622360229492,58.179996490478516,120.24217987060547,113.60347747802734,132.5394744873047,32.633056640625,70.71089172363281,52.279075622558594,117.55510711669922,62.47974395751953,186.3856964111328,54.29106140136719,11.067500114440918,58.9593505859375,36.15341567993164,122.3539047241211,51.59016036987305,20.230661392211914,8.050955772399902,58.57643127441406,28.28784942626953,33.10976791381836,75.94792175292969,185.19570922851562,97.24861145019531,35.163002014160156,31.972352981567383,48.02264404296875,91.19595336914062,71.8365249633789
2016-06-23,46.18577194213867,21.939022064208984,90.84344482421875,60.80630111694336,49.562835693359375,65.5040054321289,70.4576416015625,41.44336700439453,33.66792297363281,79.1633529663086,22.1124267578125,26.529138565063477,99.61720275878906,35.37642288208008,97.01852416992188,21.831287384033203,20.368398666381836,102.84459686279297,106.59589385986328,92.40647888183594,62.77273941040039,58.518211364746094,121.86644744873047,115.46892547607422,134.30490112304688,33.38274002075195,70.92965698242188,52.51765441894531,119.2554931640625,63.223636627197266,187.81785583496094,55.43035125732422,11.417170524597168,59.61722183227539,36.87696075439453,126.08708953857422,52.67930221557617,20.920602798461914,8.185342788696289,59.49977493286133,28.659841537475586,34.3441276550293,76.85832977294922,185.0319061279297,97.8328628540039,35.248046875,32.512840270996094,48.29023742675781,94.0804443359375,72.15328216552734
2016-06-24,44.33513641357422,21.322628021240234,89.4890365600586,59.20997619628906,46.119354248046875,63.9871711730957,68.74409484863281,40.15005111694336,32.80903244018555,77.2987289428711,21.71607780456543,25.371152877807617,93.99990844726562,33.99013137817383,95.60179138183594,20.733001708984375,20.32884407043457,101.3294677734375,103.54084014892578,88.98812866210938,58.607662200927734,56.83522033691406,115.45147705078125,111.05551147460938,128.40562438964844,31.933881759643555,70.56755065917969,51.05001449584961,117.38046264648438,63.55711364746094,187.5830078125,52.63472366333008,10.571456909179688,57.54345703125,35.1835823059082,117.16702270507812,49.870487213134766,18.79711151123047,7.647800445556641,57.20540237426758,29.048372268676758,32.492576599121094,74.84403228759766,183.31692504882812,95.72957611083984,35.625457763671875,30.83049201965332,47.8345947265625,86.8988265991211,69.95329284667969
2016-06-27,43.08951950073242,21.01214599609375,90.20108032226562,58.85890579223633,44.5794563293457,63.18596267700195,67.70518493652344,39.740509033203125,32.69701385498047,77.41241455078125,21.607406616210938,24.703699111938477,92.01847076416016,33.34030532836914,93.08848571777344,20.404258728027344,20.19889259338379,99.94258117675781,102.35923767089844,87.79090118408203,57.28353500366211,56.360111236572266,111.9656753540039,109.63748168945312,126.25262451171875,31.125225067138672,70.3412094116211,50.840328216552734,112.21503448486328,64.03596496582031,187.26219177246094,50.540191650390625,9.904643058776855,55.95595169067383,34.644779205322266,115.22605895996094,48.45174789428711,18.09950065612793,7.42789363861084,55.533599853515625,30.27180290222168,30.69371223449707,74.38524627685547,184.5579376220703,95.48858642578125,36.109188079833984,29.79519271850586,47.87076950073242,83.48138427734375,68.97745513916016
2016-06-28,43.988136291503906,21.366003036499023,91.50127410888672,60.21678924560547,46.05744171142578,64.14273834228516,68.56194305419922,39.93450927734375,32.99576187133789,77.41999816894531,22.01654052734375,25.08165740966797,93.42921447753906,33.90349578857422,94.84943389892578,20.762887954711914,20.201719284057617,102.2353286743164,103.82857513427734,89.83879089355469,58.19837951660156,57.27810287475586,113.05155944824219,112.54940032958984,128.92237854003906,31.63906478881836,70.68827056884766,52.06218338012695,115.08267974853516,64.25829315185547,188.52996826171875,50.74176025390625,10.327500343322754,58.85921859741211,35.483768463134766,117.62126159667969,49.71284484863281,18.866104125976562,7.568388938903809,55.876346588134766,29.800617218017578,31.574317932128906,75.04473876953125,186.26434326171875,97.51154327392578,36.09855651855469,30.87616729736328,47.55978012084961,85.06320190429688,70.18486022949219
2016-06-29,44.96683883666992,21.550926208496094,92.35258483886719,61.24345779418945,47.357460021972656,65.2706527709961,69.76953125,40.99071502685547,33.18993377685547,78.16281127929688,22.380924224853516,25.676733016967773,95.19905090332031,35.133819580078125,95.64179229736328,21.114044189453125,20.4700984954834,102.1070785522461,105.01017761230469,90.15382385253906,59.57069396972656,57.865962982177734,115.88035583496094,113.82339477539062,131.549072265625,32.48985290527344,71.22386932373047,53.05793380737305,118.40988159179688,66.823486328125,191.01068115234375,52.52094650268555,10.725959777832031,58.830623626708984,36.15341567993164,120.17340850830078,51.117244720458984,19.341400146484375,7.666125297546387,58.191715240478516,30.13128089904785,33.04954147338867,76.22750091552734,187.22096252441406,98.37330627441406,36.056026458740234,31.652629852294922,49.07857131958008,86.69580078125,70.29696655273438
2016-06-30,45.527366638183594,21.824872970581055,93.87722778320312,62.091312408447266,48.0848274230957,65.86180877685547,70.72074890136719,41.39308166503906,33.854637145996094,80.30032348632812,22.508771896362305,26.376344680786133,97.32798767089844,35.463069915771484,96.32215881347656,21.4353084564209,20.6282958984375,102.36360931396484,107.21426391601562,91.61883544921875,60.83866500854492,58.94498825073242,118.50839233398438,115.3779525756836,135.55368041992188,33.11320114135742,72.22726440429688,53.45769500732422,117.63782501220703,67.3365249633789,194.21142578125,53.516212463378906,10.791015625,59.65296936035156,36.43051528930664,122.71727752685547,52.28520202636719,19.91635513305664,7.678339004516602,58.247657775878906,30.412334442138672,32.81622314453125,77.21673583984375,191.56451416015625,100.40361022949219,36.65669250488281,32.649871826171875,51.580955505371094,88.0999755859375,69.89163208007812
2016-07-01,45.51847457885742,21.891082763671875,93.8694839477539,62.15754318237305,47.77290344238281,65.94740295410156,70.26200103759766,41.63017654418945,33.69779586791992,80.06533813476562,22.73891258239746,26.33614158630371,97.6934814453125,35.532630920410156,96.37018585205078,21.517488479614258,20.5689754486084,103.91081237792969,107.47135925292969,91.76062774658203,61.35227584838867,58.74367141723633,118.34416961669922,116.99317932128906,135.5967254638672,33.30693435668945,71.66899871826172,53.624855041503906,117.89517211914062,67.50752258300781,195.13490295410156,53.45456314086914,10.6527738571167,60.68270492553711,36.19961929321289,122.4447250366211,51.83378982543945,19.870357513427734,7.7699666023254395,58.10078811645508,30.213937759399414,32.74848937988281,77.67547607421875,191.1508026123047,100.05304718017578,36.6885871887207,32.43671417236328,52.02935028076172,88.4129638671875,69.7708969116211
2016-07-05,45.527366638183594,21.685619354248047,94.6279296875,61.614410400390625,46.43938064575195,66.46076965332031,69.87071228027344,41.673282623291016,33.929317474365234,80.6641616821289,22.892335891723633,26.279848098754883,97.26385498046875,35.13260269165039,96.6583251953125,21.359161376953125,20.662199020385742,103.69434356689453,107.52650451660156,90.76033020019531,59.691062927246094,59.0094108581543,115.86210632324219,116.9855728149414,135.42446899414062,33.22270202636719,71.65392303466797,53.624855041503906,116.49812316894531,68.09751892089844,195.2600860595703,52.09815979003906,10.360026359558105,59.98907470703125,35.56843948364258,119.30619049072266,51.12441635131836,19.165082931518555,7.574497699737549,58.422542572021484,30.858720779418945,31.38616943359375,77.73999786376953,190.93536376953125,100.73954010009766,37.00222396850586,31.93429183959961,52.152305603027344,86.83113861083984,68.27886962890625
2016-07-06,45.714202880859375,21.808902740478516,94.91425323486328,62.32313919067383,46.938472747802734,66.14183807373047,70.55209350585938,42.50675964355469,33.80982208251953,80.28512573242188,22.924299240112305,26.51305389404297,97.706298828125,35.24565887451172,96.55427551269531,21.6531982421875,20.854297637939453,105.47403717041016,107.23872375488281,92.01268768310547,60.052207946777344,59.0094108581543,115.85298919677734,118.33540344238281,136.67320251464844,34.39358901977539,72.46867370605469,53.68299102783203,117.9227523803711,68.42244720458984,195.70614624023438,52.388816833496094,10.457608222961426,61.30485153198242,35.90711975097656,120.23948669433594,51.5615119934082,19.280071258544922,7.678339004516602,57.04450225830078,31.065387725830078,31.536705017089844,77.21673583984375,191.09051513671875,99.87042999267578,37.060699462890625,32.063697814941406,52.477745056152344,87.10182189941406,68.53759765625
2016-07-07,45.714202880859375,21.902494430541992,94.81367492675781,61.57463836669922,47.24261474609375,65.98626708984375,69.51991271972656,42.233726501464844,33.675392150878906,81.47517395019531,22.866769790649414,26.698009490966797,97.8537826538086,35.24565887451172,96.78640747070312,21.668275833129883,20.772371292114258,105.14535522460938,107.06118774414062,91.45345306396484,60.228763580322266,59.106056213378906,116.04461669921875,118.74483489990234,137.0177001953125,34.84003829956055,72.04619598388672,53.84290313720703,116.72789764404297,67.82389831542969,195.46356201171875,52.67948532104492,10.57958698272705,61.11894226074219,36.0225715637207,121.41229248046875,51.29637908935547,19.69403648376465,7.788293838500977,56.31005096435547,30.850461959838867,31.24317169189453,77.30989074707031,190.03042602539062,98.02278137207031,36.837440490722656,32.063697814941406,52.43408203125,87.15258026123047,68.45137023925781
2016-07-08,46.53276443481445,22.071430206298828,95.07681274414062,61.9588623046875,48.217411041259766,66.71745300292969,70.68025970458984,42.64326858520508,33.8919677734375,82.06639862060547,23.09051513671875,27.34133529663086,99.04651641845703,35.541324615478516,97.09855651855469,22.06032943725586,20.85995101928711,107.69462585449219,108.43871307373047,93.60371398925781,62.0905876159668,59.79051971435547,118.70915222167969,122.16484069824219,138.6540069580078,35.28648376464844,72.98165893554688,54.71508026123047,119.11759948730469,68.1146240234375,197.1304473876953,54.15918731689453,10.709695816040039,61.891212463378906,36.78458786010742,124.2039794921875,52.47864532470703,20.215330123901367,7.995980739593506,57.21939468383789,31.296850204467773,31.83776092529297,78.50700378417969,191.2973175048828,99.29352569580078,37.11915588378906,33.0990104675293,52.75442123413086,89.9355697631836,69.83125305175781
2016-07-11,46.7907829284668,22.139921188354492,95.13871002197266,62.19065856933594,48.56053924560547,66.70191955566406,71.09854125976562,42.63608169555664,34.03387451171875,82.55152130126953,23.10968780517578,27.646921157836914,99.60433197021484,35.46305847167969,97.65083312988281,22.188495635986328,20.922101974487305,108.34395599365234,108.98362731933594,93.39105224609375,62.43568420410156,59.98377990722656,120.48856353759766,121.46720123291016,138.69705200195312,35.48021697998047,73.05711364746094,54.79502868652344,117.987060546875,67.66999816894531,199.0790252685547,54.749324798583984,10.742226600646973,61.67669677734375,37.007816314697266,125.69894409179688,52.55031204223633,20.284324645996094,8.105936050415039,57.36630630493164,31.032325744628906,31.950658798217773,78.8582534790039,191.28872680664062,99.42498016357422,37.14041519165039,32.85540771484375,52.28117752075195,90.18087768554688,69.84851837158203
2016-07-12,47.3424186706543,22.240373611450195,95.1309814453125,62.89276123046875,49.285797119140625,66.70191955566406,72.0362777709961,42.822898864746094,34.041343688964844,82.46055603027344,23.167224884033203,28.097244262695312,100.700927734375,36.01961135864258,97.85095977783203,22.324209213256836,20.69892120361328,108.09542083740234,109.68769836425781,93.74547576904297,64.04071044921875,59.548946380615234,119.36615753173828,122.8170166015625,138.9123992919922,35.775054931640625,72.77042388916016,55.38376235961914,118.56612396240234,68.12317657470703,199.32162475585938,55.48918533325195,11.010579109191895,61.94842529296875,37.21562576293945,129.6055908203125,53.36000061035156,20.9819278717041,8.215885162353516,56.81369400024414,30.908329010009766,32.96677017211914,79.05896759033203,190.00460815429688,98.45361328125,36.60885238647461,32.9543571472168,51.99723815917969,91.94879913330078,71.08179473876953
2016-07-13,47.609336853027344,22.114805221557617,95.19288635253906,62.84642028808594,49.254600524902344,66.81083679199219,71.94854736328125,42.7869758605957,34.16082763671875,83.30947875976562,23.211971282958984,28.153533935546875,101.32933044433594,36.054405212402344,98.30719757080078,22.42975616455078,20.79779624938965,107.06930541992188,109.71826934814453,93.76912689208984,63.95241165161133,59.967655181884766,118.72740173339844,121.72504425048828,139.34298706054688,35.571651458740234,73.6530990600586,55.659942626953125,119.65989685058594,67.85809326171875,200.2606964111328,55.57725143432617,10.92926025390625,61.31915283203125,37.15404510498047,130.43154907226562,52.944400787353516,20.82094383239746,8.234211921691895,57.19840621948242,30.982723236083984,32.26679229736328,79.41738891601562,191.1335906982422,99.11822509765625,36.72048568725586,32.80973434448242,52.37582015991211,92.60014343261719,71.54752349853516
2016-07-14,47.81398010253906,22.553129196166992,95.33220672607422,62.89276123046875,50.00324249267578,66.79522705078125,71.98226928710938,42.85883331298828,34.12349319458008,83.34737396240234,23.6019287109375,28.306318283081055,102.7785415649414,36.23701858520508,99.1956558227539,22.437301635742188,20.82040023803711,107.85494232177734,110.7529296875,93.80061340332031,64.24934387207031,60.16094970703125,120.04141998291016,123.40848541259766,140.5055694580078,35.834373474121094,73.52483367919922,55.798057556152344,119.49443054199219,68.90985107421875,200.33901977539062,56.02644348144531,11.100030899047852,61.168975830078125,37.66975021362305,134.2473602294922,53.116371154785156,21.464887619018555,8.301405906677246,58.60441207885742,30.833921432495117,32.37968063354492,79.92633056640625,190.57342529296875,99.24237823486328,36.63542938232422,33.0990104675293,52.48502731323242,91.88959503173828,72.13394165039062
2016-07-15,47.77838134765625,22.55085563659668,95.19288635253906,63.005401611328125,50.0500373840332,66.9041748046875,72.20490264892578,42.844451904296875,34.07868576049805,83.12000274658203,23.506040573120117,28.2017879486084,102.4579086303711,36.323978424072266,98.93951416015625,22.48253059387207,20.811920166015625,108.04736328125,111.05905151367188,93.91089630126953,64.76296997070312,60.169002532958984,120.80797576904297,123.8180160522461,141.58209228515625,35.68181610107422,73.24569702148438,55.2384033203125,121.02017974853516,68.59345245361328,201.10595703125,56.176177978515625,11.108161926269531,61.97703170776367,36.72299575805664,133.50399780273438,53.48897171020508,21.47255516052246,8.289186477661133,57.71604919433594,30.34620475769043,32.3194694519043,79.58943176269531,190.85784912109375,99.44688415527344,36.89590072631836,33.456783294677734,52.43408203125,92.43092346191406,71.93559265136719
2016-07-18,48.00971603393555,22.790559768676758,95.30123901367188,62.80665969848633,49.878456115722656,66.8419189453125,71.57074737548828,42.406166076660156,34.07868576049805,82.77888488769531,23.422935485839844,28.18570327758789,102.50923919677734,36.21092987060547,99.09159088134766,22.55038833618164,20.85995101928711,109.29793548583984,110.88150024414062,93.64308166503906,64.67385864257812,59.99183654785156,121.7569580078125,123.55258178710938,141.7113037109375,35.67335891723633,73.07974243164062,55.20931625366211,122.36207580566406,68.36258697509766,200.56591796875,56.36115646362305,11.47409725189209,62.1629524230957,37.16173553466797,134.8998260498047,53.44596481323242,21.625877380371094,8.338056564331055,57.904911041259766,30.04033660888672,32.14633560180664,79.49624633789062,190.2976837158203,98.6727523803711,36.7683219909668,33.685157775878906,52.62337112426758,92.45635223388672,72.2892074584961
2016-07-19,47.23564910888672,22.79969596862793,96.93421936035156,62.57484436035156,49.80048370361328,67.02860260009766,71.53702545166016,42.14750671386719,34.07868576049805,83.02143859863281,23.422935485839844,28.266111373901367,102.32965850830078,35.72394561767578,101.25272369384766,22.557931900024414,20.80910301208496,109.81098937988281,110.96111297607422,94.00541687011719,64.60901641845703,60.0401496887207,122.87937927246094,123.21894073486328,141.7974090576172,35.42755126953125,73.42452239990234,54.853187561035156,119.76097869873047,68.37970733642578,202.65542602539062,56.5108757019043,11.596075057983398,61.09749984741211,37.231014251708984,133.31402587890625,53.08054733276367,21.610544204711914,8.338056564331055,57.50619125366211,29.932876586914062,31.544225692749023,79.30986022949219,190.93536376953125,98.70925903320312,36.79490661621094,33.0990104675293,52.88547134399414,91.67810821533203,71.80623626708984
2016-07-20,49.744686126708984,22.82023811340332,96.8490982055664,62.217159271240234,49.855064392089844,66.88749694824219,71.23345947265625,42.24091339111328,33.98906326293945,82.55908203125,23.44849967956543,28.700355529785156,103.47109985351562,35.871768951416016,100.90054321289062,23.093229293823242,20.845821380615234,110.15570068359375,111.07131958007812,94.4228744506836,64.56851196289062,59.99968338012695,122.93408966064453,123.79523468017578,141.1514892578125,36.14797592163086,73.50028991699219,55.03487777709961,122.34369659423828,68.64476013183594,200.8633270263672,56.7927360534668,11.709920883178711,61.96988296508789,37.4157600402832,133.61134338378906,53.073387145996094,22.062837600708008,8.39302921295166,57.71604919433594,30.089937210083008,31.634536743164062,79.27401733398438,191.79721069335938,97.6283950805664,36.68327713012695,33.03048324584961,52.201087951660156,93.07383728027344,71.41812133789062
2016-07-21,49.64680862426758,22.69924545288086,96.85682678222656,62.1641731262207,49.66791534423828,66.84044647216797,71.09854125976562,42.24091339111328,33.944252014160156,82.3013687133789,23.467683792114258,27.558462142944336,102.88756561279297,35.71525192260742,101.79700469970703,23.055530548095703,20.76955223083496,109.08152770996094,110.36114501953125,93.46192932128906,64.82777404785156,59.79729080200195,121.84822082519531,124.50808715820312,140.33335876464844,36.478538513183594,73.46239471435547,54.87497329711914,128.9705352783203,68.74739074707031,198.8833770751953,55.867916107177734,11.604207992553711,62.38462829589844,37.17713928222656,132.19081115722656,52.937217712402344,22.131834030151367,8.502985954284668,57.14945983886719,29.726224899291992,31.074235916137695,78.77225494384766,188.056884765625,97.3946762084961,36.53443908691406,33.03048324584961,51.84435272216797,91.85574340820312,70.90931701660156
2016-07-22,50.3318977355957,22.52345848083496,96.76395416259766,62.270164489746094,49.94084930419922,67.20108032226562,71.28068542480469,42.2624626159668,34.22804641723633,82.76376342773438,23.486862182617188,27.87208366394043,103.92633819580078,35.72394561767578,102.66145324707031,23.153539657592773,20.778026580810547,109.44225311279297,110.47134399414062,91.0595932006836,64.31732940673828,60.39632797241211,121.79345703125,125.63032531738281,138.0511474609375,36.58871078491211,73.1593017578125,55.005794525146484,134.19113159179688,69.76490020751953,201.3641815185547,56.61656951904297,11.693655967712402,61.891212463378906,37.192527770996094,132.4881134033203,53.10921096801758,22.170167922973633,8.45411491394043,56.90461730957031,29.74274253845215,30.862232208251953,79.109130859375,189.25482177734375,98.32219696044922,36.60354995727539,33.28170394897461,51.85164260864258,91.06061553955078,69.09821319580078
2016-07-25,50.4742431640625,22.22210693359375,96.65560913085938,61.07124328613281,49.80827713012695,67.2638168334961,69.53340911865234,42.075653076171875,34.03387451171875,82.6349105834961,23.512432098388672,27.896198272705078,104.29828643798828,35.793521881103516,101.97311401367188,23.21385955810547,20.83452606201172,109.42619323730469,109.97541809082031,90.965087890625,63.75825881958008,60.088714599609375,121.30982971191406,126.30525207519531,136.2425994873047,36.7921142578125,71.25737762451172,54.91857147216797,128.86944580078125,70.09840393066406,200.0416259765625,56.66061782836914,11.685527801513672,63.321414947509766,37.0385856628418,132.57070922851562,52.80110549926758,22.331146240234375,8.448006629943848,57.05851745605469,29.585695266723633,30.468509674072266,78.92278289794922,188.8497772216797,96.83235168457031,36.5716438293457,33.19035339355469,52.193824768066406,90.16397857666016,67.20082092285156
2016-07-26,50.50095748901367,22.069154739379883,96.85682678222656,60.627437591552734,50.01103210449219,66.84827423095703,69.2702865600586,41.93195724487305,33.518550872802734,82.01333618164062,23.544395446777344,28.21787452697754,103.95845031738281,35.602203369140625,97.41873931884766,23.28171157836914,20.828880310058594,109.62665557861328,108.76933288574219,91.32742309570312,67.0478744506836,59.8863525390625,123.05274963378906,127.14701080322266,135.51060485839844,36.953155517578125,71.11341094970703,54.555179595947266,128.68560791015625,70.19245147705078,199.3685760498047,56.69584655761719,11.815635681152344,57.95823669433594,36.923133850097656,133.1074981689453,50.55119323730469,22.407808303833008,8.559164047241211,56.89064025878906,30.10647201538086,30.88494110107422,79.11631774902344,188.1775360107422,96.60594177246094,36.109188079833984,33.39588928222656,51.89530563354492,90.30775451660156,68.1236343383789
2016-07-27,49.99380111694336,23.502832412719727,96.56273651123047,60.21678924560547,50.1670036315918,66.21330261230469,68.98696899414062,42.10439682006836,32.413204193115234,81.46759033203125,23.55718421936035,28.008790969848633,103.7724838256836,35.59351348876953,95.6338119506836,23.191242218017578,20.713045120239258,109.27389526367188,109.14275360107422,90.54765319824219,68.14171600341797,59.3196907043457,124.06562805175781,129.42955017089844,134.6924285888672,37.01247787475586,70.26473236083984,55.57999038696289,126.95768737792969,71.31256103515625,198.89907836914062,56.88960647583008,11.896958351135254,58.48736572265625,36.946224212646484,132.96714782714844,50.64435577392578,22.400094985961914,8.546813011169434,55.91832733154297,29.403827667236328,30.339778900146484,77.99089813232422,187.71217346191406,95.30599212646484,35.48195266723633,33.418724060058594,51.36383819580078,89.74100494384766,67.65792846679688
2016-07-28,50.01160430908203,23.820165634155273,96.32283782958984,59.746498107910156,49.987648010253906,66.4876708984375,68.66987609863281,41.98224639892578,32.59992599487305,81.96027374267578,23.44211196899414,27.960535049438477,103.47750091552734,35.81960678100586,95.58576965332031,23.010295867919922,20.690448760986328,110.59662628173828,108.96522521972656,91.1777572631836,67.18560028076172,59.295413970947266,121.37368774414062,129.884521484375,134.5632781982422,37.673561096191406,70.76485443115234,54.26445770263672,124.99075317382812,70.91067504882812,199.2042236328125,57.065773010253906,11.937613487243652,58.09408187866211,37.04628372192383,132.5872039794922,50.47238540649414,22.276586532592773,7.8489885330200195,55.58254623413086,28.436656951904297,30.4836483001709,77.94071960449219,187.21231079101562,95.05036926269531,35.673309326171875,34.210418701171875,51.938995361328125,89.22501373291016,67.41641998291016
2016-07-29,50.42976760864258,23.790481567382812,96.91874694824219,58.918521881103516,49.88627243041992,67.09916687011719,69.1353759765625,42.14750671386719,32.58500289916992,82.55908203125,23.582748413085938,28.03290367126465,102.9965591430664,35.68915557861328,94.1690444946289,23.017841339111328,20.614171981811523,110.82109069824219,109.1978759765625,91.6267318725586,67.05595397949219,60.2506103515625,121.96684265136719,130.45327758789062,134.08956909179688,37.927818298339844,70.25718688964844,54.37346267700195,118.52938079833984,70.8764877319336,197.7799835205078,56.77511215209961,11.783106803894043,56.82836151123047,36.923133850097656,131.1666259765625,50.65151596069336,22.176240921020508,7.818112373352051,55.4356689453125,28.263050079345703,30.907665252685547,77.48912811279297,186.6951904296875,94.6121826171875,35.98692321777344,34.316993713378906,52.33941650390625,88.57366943359375,67.01970672607422
2016-08-01,50.340797424316406,24.210546493530273,97.05029296875,56.87176513671875,49.753692626953125,67.74203491210938,66.86189270019531,42.14750671386719,32.4505500793457,82.56666564941406,23.851253509521484,28.024864196777344,103.52881622314453,35.784820556640625,94.45720672607422,23.168622970581055,20.843002319335938,111.2459945678711,109.15499877929688,91.27226257324219,66.399658203125,60.80109405517578,121.55622100830078,132.0684814453125,134.13267517089844,38.385498046875,70.84062957763672,55.37651062011719,116.5348892211914,71.12446594238281,199.4311981201172,56.48445129394531,11.652997016906738,57.536312103271484,36.79998016357422,130.646240234375,50.042457580566406,21.998708724975586,7.706953525543213,55.44965362548828,28.1142520904541,29.99148178100586,77.42459869384766,186.74693298339844,95.53237915039062,35.960350036621094,33.67754364013672,52.15013885498047,88.53985595703125,67.00248718261719
2016-08-02,50.340797424316406,23.852123260498047,96.62466430664062,57.653385162353516,49.63673400878906,68.01640319824219,67.18572235107422,41.9103889465332,32.51029586791992,82.40748596191406,23.263111114501953,27.791667938232422,102.97089385986328,35.40217971801758,94.20905303955078,23.085689544677734,20.659379959106445,110.0033950805664,109.1978759765625,90.93360900878906,65.82438659667969,60.606781005859375,120.08704376220703,132.06088256835938,133.70205688476562,38.199039459228516,74.30348205566406,54.547916412353516,114.09003448486328,71.24419403076172,201.12156677246094,55.90314865112305,11.490360260009766,56.89988327026367,36.715301513671875,128.8953094482422,49.44057846069336,21.61277198791504,7.37347936630249,55.22581481933594,26.956947326660156,30.127790451049805,77.03034210205078,188.4619140625,95.53237915039062,35.79555892944336,33.07615661621094,51.66962814331055,87.71089935302734,67.01111602783203
2016-08-03,50.68779373168945,24.15118980407715,95.88943481445312,57.951446533203125,50.42435836791992,67.39707946777344,67.87382507324219,41.421817779541016,32.59246826171875,81.8920669555664,22.747447967529297,27.751155853271484,103.02864074707031,35.40217971801758,94.06495666503906,23.16108512878418,20.60569953918457,109.87511444091797,109.21014404296875,91.37467193603516,66.46446228027344,59.9672966003418,120.33341217041016,131.51486206054688,134.04660034179688,38.09733963012695,73.82610321044922,54.366188049316406,114.52201843261719,70.73112487792969,201.00418090820312,56.22023010253906,11.77497673034668,57.27172088623047,36.90928649902344,130.7784423828125,49.51222610473633,21.93695831298828,7.4908127784729,55.68049621582031,27.44466781616211,30.521501541137695,77.62530517578125,188.44473266601562,94.13020324707031,35.27995300292969,33.441566467285156,50.803245544433594,88.25223541259766,67.53717803955078
2016-08-04,51.061485290527344,24.300386428833008,95.85845184326172,57.94481658935547,50.34637451171875,67.45979309082031,67.72541809082031,41.558326721191406,32.495365142822266,82.18010711669922,22.657211303710938,28.018535614013672,103.59290313720703,35.567413330078125,94.6893081665039,23.22140121459961,20.707399368286133,109.06543731689453,108.86112213134766,91.32742309570312,66.25381469726562,60.5339469909668,119.73117065429688,130.93862915039062,134.2187957763672,37.978694915771484,73.47754669189453,54.74415588378906,117.90436553955078,70.47461700439453,201.70849609375,56.317108154296875,11.77497673034668,57.04289245605469,37.1187744140625,130.5388946533203,49.47641372680664,21.828903198242188,7.459934711456299,55.855369567871094,26.907352447509766,30.362503051757812,77.30272674560547,188.1688995361328,95.03577423095703,35.412837982177734,33.29692840576172,51.320159912109375,88.05769348144531,67.04561614990234
2016-08-05,51.56861877441406,24.669931411743164,96.15255737304688,57.99781036376953,51.70329666137695,67.24809265136719,67.80636596679688,45.883731842041016,32.472965240478516,82.36199951171875,22.844139099121094,28.34263801574707,104.84333038330078,35.767425537109375,95.41768646240234,23.402345657348633,20.83734893798828,109.75487518310547,109.32646942138672,91.6582260131836,66.89390563964844,60.37205505371094,120.20569610595703,131.68934631347656,134.6924285888672,38.360084533691406,73.7806396484375,45.99323654174805,118.10652923583984,69.73924255371094,203.6962127685547,57.70874786376953,12.238493919372559,57.50056076049805,37.77054214477539,133.87564086914062,50.042457580566406,22.392372131347656,7.527864933013916,56.331016540527344,26.9652099609375,30.74108123779297,77.9837417602539,188.69464111328125,94.50263214111328,35.364994049072266,33.83740234375,51.36383819580078,88.33684539794922,67.56304931640625
2016-08-08,51.657596588134766,24.87421226501465,95.6959457397461,58.68007278442383,51.54731750488281,67.2324447631836,68.27184295654297,45.16521453857422,32.44308090209961,81.96788024902344,22.515399932861328,28.391252517700195,104.80452728271484,35.793521881103516,94.6812973022461,23.37972640991211,20.71870231628418,109.19371795654297,109.33257293701172,91.39830017089844,67.6069564819336,60.2506103515625,120.62543487548828,130.68833923339844,134.6494140625,38.15666580200195,73.63668060302734,43.82730484008789,118.00547790527344,69.77345275878906,203.6179656982422,57.98178482055664,12.303546905517578,57.021453857421875,37.9489860534668,134.48687744140625,49.92781066894531,22.477283477783203,7.521692276000977,56.40098571777344,26.70895767211914,31.467971801757812,78.10558319091797,186.2126007080078,94.61949157714844,35.34373474121094,33.89069366455078,51.422088623046875,88.71893310546875,68.06328582763672
2016-08-09,51.78215789794922,24.975204467773438,95.52570343017578,58.75291442871094,51.36796188354492,67.4127197265625,68.35281372070312,44.89937210083008,32.465492248535156,82.07398223876953,22.612085342407227,28.29401969909668,104.62995147705078,35.741336822509766,94.69732666015625,23.326953887939453,20.775205612182617,109.11354064941406,109.21626281738281,91.57157897949219,67.11268615722656,60.5339469909668,121.01780700683594,130.49122619628906,134.77854919433594,38.207523345947266,73.84126281738281,44.779441833496094,116.88414764404297,69.68797302246094,203.98577880859375,57.594234466552734,12.35234260559082,56.728271484375,37.964508056640625,134.99070739746094,49.29010772705078,22.647096633911133,7.6019721031188965,56.58285903930664,26.692419052124023,31.225669860839844,78.6002197265625,186.7900390625,94.93351745605469,35.412837982177734,33.78413009643555,51.6405029296875,88.62554931640625,68.03740692138672
2016-08-10,51.622005462646484,24.789281845092773,95.47148895263672,57.72415542602539,50.9078369140625,67.66361999511719,67.55677032470703,45.00715255737305,32.5700569152832,82.48329162597656,22.644315719604492,27.97801971435547,104.83040618896484,35.732627868652344,95.08950805664062,23.25909423828125,21.03403663635254,108.70470428466797,109.47953033447266,91.39044189453125,66.96683502197266,60.58251190185547,121.70787811279297,129.84661865234375,134.6494140625,37.978694915771484,73.58364868164062,44.03082275390625,117.27936553955078,68.87566375732422,204.486572265625,57.021724700927734,12.043330192565918,56.420780181884766,37.38258743286133,133.958251953125,49.28293228149414,22.469560623168945,7.564920902252197,57.709049224853516,26.86602210998535,30.74108123779297,78.76506042480469,187.16920471191406,95.12340545654297,35.52977752685547,33.7308349609375,51.735130310058594,88.89727020263672,67.39920043945312
2016-08-11,51.87112808227539,24.77321434020996,95.78882598876953,57.93125534057617,51.0482177734375,67.9928970336914,68.40676879882812,45.718475341796875,32.67461395263672,82.22557067871094,22.657211303710938,28.099559783935547,105.76824951171875,35.89787292480469,95.55376434326172,23.334491729736328,20.99137306213379,109.85911560058594,110.81417083740234,91.6582260131836,67.44488525390625,60.62297058105469,122.37034606933594,130.75656127929688,134.73553466796875,38.182106018066406,73.50028991699219,44.31428146362305,116.37862396240234,69.3230972290039,205.45703125,57.67350387573242,12.100252151489258,56.89988327026367,37.42914581298828,135.33758544921875,49.44774627685547,22.6779727935791,7.6019721031188965,57.9958610534668,26.799638748168945,31.339248657226562,79.49624633789062,187.86732482910156,94.16670989990234,35.47661590576172,33.441566467285156,51.74242401123047,88.93972778320312,67.26119995117188
2016-08-12,51.55083465576172,24.830598831176758,95.36315155029297,58.686126708984375,50.939048767089844,68.23591613769531,68.91950988769531,45.51728439331055,32.88372802734375,82.3089599609375,22.54762077331543,28.01043128967285,104.7463150024414,35.732627868652344,95.66580963134766,23.274171829223633,21.0169677734375,109.48230743408203,110.36726379394531,91.445556640625,67.25041198730469,60.687744140625,122.46232604980469,131.20399475097656,134.52020263671875,38.173622131347656,73.82610321044922,44.06715774536133,122.52752685546875,69.03053283691406,206.71697998046875,57.585426330566406,12.124648094177246,56.96422576904297,37.16533660888672,134.83375549316406,49.24710464477539,22.515872955322266,7.614319801330566,58.282630920410156,27.031965255737305,31.324098587036133,79.34463500976562,188.056884765625,94.07908630371094,35.47661590576172,33.54814529418945,51.81523132324219,88.3028564453125,66.40740966796875
2016-08-15,51.71098327636719,25.128984451293945,94.65887451171875,58.659393310546875,51.25098419189453,68.22022247314453,69.33101654052734,45.49574279785156,33.040565490722656,82.40748596191406,22.631423950195312,28.28591537475586,104.7010498046875,35.99353790283203,94.86540985107422,23.51543426513672,20.854839324951172,109.87511444091797,110.5447998046875,92.02840423583984,68.18222045898438,60.477294921875,123.89767456054688,133.15652465820312,134.52020263671875,38.2668571472168,73.93976593017578,43.63106918334961,121.9025650024414,69.06494903564453,208.55601501464844,57.80561828613281,12.214098930358887,56.95709228515625,37.45241165161133,136.73341369628906,49.1826171875,22.894100189208984,7.676076889038086,58.485496520996094,27.156417846679688,31.937406539916992,79.30130767822266,189.435791015625,94.18860626220703,35.221473693847656,33.54814910888672,51.72058868408203,88.70196533203125,67.51134490966797
2016-08-16,51.42448425292969,25.106035232543945,93.12651824951172,58.73286437988281,51.24319076538086,67.87532043457031,69.22981262207031,45.29456329345703,32.7343635559082,81.86176300048828,22.425161361694336,28.528995513916016,103.93787384033203,35.932655334472656,94.40115356445312,23.462663650512695,20.7325382232666,109.20977783203125,109.7427978515625,91.54796600341797,68.2956314086914,60.16157150268555,124.2104721069336,131.31076049804688,134.30490112304688,38.071922302246094,73.92460632324219,43.18042755126953,121.16725158691406,68.70354461669922,200.94155883789062,57.51495361328125,12.336078643798828,56.671051025390625,37.58432388305664,136.81594848632812,49.1826171875,23.349512100219727,7.620495796203613,57.918907165527344,26.633699417114258,32.452293395996094,79.27242279052734,187.10031127929688,93.13697052001953,35.221473693847656,33.318199157714844,51.32744598388672,88.01416015625,67.39920043945312
2016-08-17,51.53192901611328,25.069313049316406,93.88497161865234,58.859825134277344,51.3835563659668,68.17317962646484,69.68658447265625,45.474185943603516,32.9061393737793,82.21798706054688,22.65076446533203,28.37505340576172,103.7696762084961,35.83698654174805,93.72879791259766,23.16108512878418,20.743915557861328,109.14559936523438,110.80853271484375,91.66273498535156,68.39286041259766,60.37205505371094,123.952880859375,132.95065307617188,134.73553466796875,37.868507385253906,73.91703796386719,42.37366485595703,121.5992202758789,68.93585968017578,200.05728149414062,57.849666595458984,12.319815635681152,57.707923889160156,37.716224670410156,136.83248901367188,49.44774627685547,23.442134857177734,7.6513752937316895,57.98566436767578,26.4511661529541,32.70973205566406,79.58283233642578,188.34983825683594,93.15156555175781,35.327781677246094,33.440834045410156,51.371116638183594,87.96321868896484,66.77826690673828
2016-08-18,51.56773376464844,25.03718376159668,93.4283447265625,59.39422607421875,51.43034362792969,68.54948425292969,70.59330749511719,45.718475341796875,32.936012268066406,82.07398223876953,22.682987213134766,28.334529876708984,104.36473083496094,35.776119232177734,93.75282287597656,22.980138778686523,21.133594512939453,108.06340789794922,110.38346099853516,91.72608184814453,67.55828094482422,60.38014602661133,124.2104721069336,133.2862548828125,135.33834838867188,37.59729766845703,73.63668060302734,42.64986038208008,121.89334869384766,68.65190887451172,199.8850860595703,57.80561828613281,12.327942848205566,57.629276275634766,37.654151916503906,137.15463256835938,49.52656936645508,23.58107566833496,7.614319801330566,58.0770149230957,26.932395935058594,33.0050163269043,79.76334381103516,187.99655151367188,93.07852935791016,35.248046875,33.39484405517578,51.88802719116211,88.1160659790039,66.35564422607422
2016-08-19,51.58563995361328,25.101449966430664,93.42833709716797,58.65272903442383,51.36016082763672,68.44756317138672,69.75476837158203,45.52447509765625,32.801578521728516,81.99060821533203,22.54762077331543,28.553306579589844,103.51100158691406,35.932655334472656,92.05593872070312,23.010295867919922,20.709781646728516,108.59246826171875,110.64833068847656,91.92401885986328,67.9310302734375,60.2991943359375,123.69524383544922,132.4243927001953,134.5632781982422,37.49558639526367,73.50028991699219,43.093223571777344,122.24260711669922,68.03233337402344,198.86778259277344,57.717552185058594,12.376736640930176,57.922462463378906,37.74725341796875,137.2949981689453,49.42625045776367,23.58107566833496,7.6513752937316895,58.034847259521484,27.056852340698242,32.80058288574219,79.82108306884766,187.3760986328125,92.58921813964844,35.25868225097656,33.325862884521484,52.01907730102539,88.93123626708984,75.3077163696289
2016-08-22,51.630393981933594,24.906343460083008,92.81287384033203,58.77964401245117,51.31337356567383,68.08695220947266,69.49568939208984,45.66098403930664,32.66713333129883,81.83142852783203,22.45738410949707,28.650529861450195,103.48509216308594,35.845703125,92.38410949707031,23.093229293823242,20.67849349975586,108.49628448486328,110.3156967163086,92.29610443115234,67.72846221923828,60.30729293823242,124.20130157470703,132.9811553955078,134.86473083496094,37.436248779296875,74.25802612304688,43.0714111328125,122.56427764892578,68.23025512695312,198.93035888671875,57.567813873291016,12.344208717346191,57.86526870727539,37.73173141479492,137.3197784423828,49.47641372680664,23.619670867919922,7.632847309112549,58.1402587890625,27.264272689819336,32.27814865112305,79.28688049316406,188.10000610351562,93.03472900390625,35.26401138305664,33.571128845214844,52.099159240722656,89.33880615234375,75.85965728759766
2016-08-23,51.82735061645508,24.984376907348633,93.05438995361328,58.59928512573242,51.289974212646484,68.51811981201172,69.31845092773438,45.682559967041016,32.74928665161133,81.77080535888672,22.618534088134766,28.682931900024414,103.65324401855469,36.08918762207031,92.20002746582031,23.35711097717285,20.470849990844727,109.20176696777344,110.74694061279297,92.63655090332031,68.06876373291016,60.33967590332031,123.41923522949219,133.01931762695312,134.47715759277344,37.20741271972656,73.7048568725586,43.50751876831055,122.24260711669922,68.47119903564453,195.4479217529297,57.849666595458984,12.482453346252441,58.258544921875,37.561031341552734,137.17112731933594,49.82749557495117,23.71229362487793,7.669901371002197,57.88727569580078,26.758153915405273,32.724857330322266,79.00533294677734,184.8595733642578,93.95491027832031,35.327781677246094,33.8163948059082,51.76426696777344,90.38326263427734,75.9717788696289
2016-08-24,51.88107681274414,24.796167373657227,92.48566436767578,58.7996940612793,51.43034362792969,68.44756317138672,69.6729507446289,45.071815490722656,32.74928665161133,81.94513702392578,22.444494247436523,28.480371475219727,102.87066650390625,35.71525192260742,91.94387817382812,23.41742706298828,20.54480743408203,108.27183532714844,110.52510070800781,92.43863677978516,67.37197875976562,60.1939697265625,122.63716125488281,130.303955078125,134.43408203125,36.58871078491211,73.62909698486328,42.58443832397461,120.74445343017578,67.49879455566406,194.1723175048828,57.391658782958984,12.523110389709473,57.56491470336914,37.73173141479492,136.5269012451172,49.4190788269043,23.85895347595215,7.595795631408691,57.24783706665039,27.37213897705078,32.52799987792969,79.14971160888672,184.4286651611328,93.94762420654297,35.16831588745117,33.20322799682617,51.69145584106445,90.34080505371094,75.39396667480469
2016-08-25,52.07803726196289,24.690582275390625,92.3765640258789,58.42559051513672,51.5239143371582,68.91011810302734,69.46160125732422,44.7772216796875,32.6148567199707,81.77080535888672,22.412261962890625,28.43177032470703,102.59899139404297,35.741336822509766,92.39208221435547,23.59083366394043,20.25752830505371,108.56842803955078,110.62987518310547,92.44650268554688,67.12078094482422,60.41250991821289,122.35193634033203,129.83871459960938,134.3910369873047,36.30900955200195,71.06036376953125,42.708011627197266,118.94296264648438,67.12877655029297,194.49317932128906,57.250728607177734,12.628825187683105,57.26457977294922,37.53775405883789,137.0225067138672,49.2327766418457,23.9052677154541,7.700777530670166,56.341365814208984,27.181310653686523,32.39171600341797,78.9259033203125,184.7229461669922,93.7723388671875,35.04074478149414,32.6207275390625,51.97541427612305,90.6465072631836,75.28185272216797
2016-08-26,51.952701568603516,24.54598045349121,92.74275970458984,58.29867172241211,51.64088821411133,68.65924072265625,69.07301330566406,45.158042907714844,32.35347366333008,81.44486236572266,22.444494247436523,28.56951141357422,102.39852142333984,35.880470275878906,91.59969329833984,23.636064529418945,20.234769821166992,107.71067810058594,110.52510070800781,92.43069458007812,66.97492980957031,60.28300094604492,121.66188049316406,131.16580200195312,134.47715759277344,36.42767333984375,70.66633605957031,42.71527099609375,117.3253402709961,67.32672882080078,191.29241943359375,57.065773010253906,12.840250968933105,57.04289245605469,37.63861846923828,137.080322265625,49.35458755493164,24.051923751831055,7.645199298858643,55.7862663269043,27.114940643310547,32.02827453613281,78.651611328125,183.4160614013672,93.6554946899414,34.99290084838867,32.49040603637695,51.596832275390625,89.79737854003906,74.80750274658203
2016-08-29,52.01538848876953,24.5184383392334,93.42833709716797,58.67943572998047,52.210174560546875,69.22370910644531,69.57069396972656,45.27299499511719,32.51777648925781,81.85417175292969,22.631423950195312,28.804473876953125,103.30399322509766,35.923954010009766,92.37611389160156,23.809471130371094,20.308725357055664,108.4161148071289,111.19662475585938,92.76319885253906,67.3314437866211,60.558204650878906,122.27833557128906,130.81503295898438,135.03695678710938,36.65650939941406,70.52993774414062,42.708011627197266,118.09739685058594,67.63648223876953,191.1829071044922,57.70874786376953,12.880914688110352,55.89875793457031,38.45331573486328,137.82363891601562,49.40475082397461,24.244905471801758,7.700777530670166,56.46083068847656,26.82454490661621,32.066123962402344,78.7743148803711,184.42864990234375,94.00604248046875,35.13642120361328,32.835323333740234,51.99723815917969,91.36827850341797,74.97136688232422
2016-08-30,51.82735061645508,24.330215454101562,93.07774353027344,58.465675354003906,52.63909149169922,68.62789154052734,69.33207702636719,45.05745315551758,32.293724060058594,81.26295471191406,22.48316764831543,28.926025390625,103.09705352783203,35.923954010009766,93.05368041992188,23.779315948486328,20.28312873840332,108.05350494384766,110.98099517822266,92.64444732666016,66.82911682128906,60.30729293823242,120.35536193847656,130.24298095703125,135.0800323486328,36.30054473876953,70.31022644042969,41.60322952270508,117.84922790527344,66.9222640991211,188.66163635253906,57.64707565307617,13.165531158447266,55.719993591308594,39.275760650634766,140.43551635742188,50.0854377746582,24.84696388244629,7.750181674957275,56.58027648925781,26.68347930908203,31.97527503967285,78.9620132446289,184.01324462890625,93.58975982666016,35.01947784423828,33.11891174316406,51.334716796875,91.0965347290039,73.92781066894531
2016-08-31,51.44239807128906,24.35317611694336,92.97645568847656,58.211822509765625,52.63909149169922,68.44756317138672,68.56852722167969,45.114933013916016,32.43563461303711,81.48661041259766,22.431598663330078,29.07996368408203,102.76071166992188,35.845703125,93.29566955566406,23.70391845703125,20.320104598999023,108.06962585449219,110.42041778564453,92.3990249633789,66.399658203125,60.17775344848633,119.10405731201172,129.70904541015625,134.52020263671875,35.614017486572266,70.77243041992188,41.712242126464844,117.88597869873047,66.90505981445312,191.43496704101562,57.7615852355957,13.185951232910156,56.04893493652344,39.41542053222656,140.5101318359375,49.82749557495117,24.746618270874023,7.781059265136719,56.71379470825195,26.542430877685547,31.081811904907227,78.84651947021484,183.53726196289062,93.52403259277344,35.131103515625,33.54046630859375,51.56040954589844,89.90776062011719,72.9188003540039
2016-09-01,51.55877685546875,24.497774124145508,92.77391815185547,58.01142120361328,52.412933349609375,69.23152923583984,68.31629943847656,45.19396209716797,32.37586212158203,81.8988037109375,22.354249954223633,29.185298919677734,103.18756103515625,35.793521881103516,93.08595275878906,23.809471130371094,20.71830940246582,108.15825653076172,110.8763198852539,91.9398422241211,65.99454498291016,60.12108612060547,119.5180892944336,129.76246643066406,134.34799194335938,35.85133743286133,70.74968719482422,41.25435256958008,117.31614685058594,66.45759582519531,191.9392547607422,57.12743377685547,13.055237770080566,55.3624382019043,39.12834930419922,139.722412109375,49.261444091796875,24.630840301513672,7.6822509765625,57.297027587890625,26.517541885375977,30.74108123779297,79.04865264892578,183.3295135498047,93.5678482055664,35.25336456298828,33.06526184082031,51.043495178222656,89.99266815185547,72.05634307861328
2016-09-02,51.630393981933594,24.727310180664062,92.96089935302734,58.39888000488281,52.631290435791016,69.14530181884766,68.80714416503906,45.25144577026367,32.607383728027344,82.34154510498047,22.412261962890625,29.23392105102539,103.19403839111328,35.871768951416016,93.43280792236328,23.99795913696289,20.621604919433594,108.8995590209961,111.38762664794922,92.14568328857422,66.18897247314453,60.62297058105469,120.67738342285156,129.4879150390625,134.73553466796875,35.67335891723633,71.10581970214844,40.956363677978516,117.81246948242188,66.13060760498047,191.71075439453125,57.4180908203125,13.071574211120605,54.983428955078125,39.22145462036133,140.27796936035156,49.634029388427734,24.615402221679688,7.71930456161499,57.77483367919922,26.965585708618164,30.98337173461914,79.1136245727539,184.54983520507812,94.07908630371094,35.55104446411133,33.58646011352539,51.647796630859375,90.89275360107422,72.48756408691406
2016-09-06,51.57668685913086,24.720417022705078,93.2958984375,59.1671028137207,52.59230422973633,69.49022674560547,69.82975769042969,45.438255310058594,32.704490661621094,82.37969970703125,22.412261962890625,29.630945205688477,103.71149444580078,35.871768951416016,94.57821655273438,24.028118133544922,20.763824462890625,108.05350494384766,111.17198181152344,91.60734558105469,66.5049819946289,60.93058776855469,122.36114501953125,130.303955078125,133.70205688476562,35.7326774597168,70.74213409423828,41.39970779418945,117.26099395751953,67.55904388427734,191.45867919921875,57.92013168334961,12.89184284210205,55.69137954711914,38.78695297241211,140.40231323242188,49.497894287109375,24.50733757019043,7.82428503036499,57.3672981262207,27.10662841796875,31.043962478637695,79.04865264892578,185.8652801513672,94.40039825439453,35.72114181518555,33.67843246459961,51.618675231933594,91.38528442382812,72.84979248046875
2016-09-07,51.62145233154297,24.871923446655273,93.18682098388672,58.946659088134766,52.37395477294922,68.94930267333984,70.13654327392578,45.17240905761719,32.59246826171875,81.8377456665039,22.45738410949707,29.541805267333984,104.54584503173828,35.871768951416016,94.31204223632812,23.967805862426758,20.496448516845703,106.99797058105469,110.734619140625,90.44355773925781,67.83380126953125,59.708274841308594,122.03910827636719,130.14378356933594,133.7451171875,35.51232147216797,70.93153381347656,41.116249084472656,116.48892211914062,67.62788391113281,190.1743927001953,58.29886245727539,12.826484680175781,55.93450164794922,38.61625289916992,140.68426513671875,49.68417739868164,24.461029052734375,7.842814922332764,58.23862838745117,25.986522674560547,31.407394409179688,79.0342025756836,184.220947265625,93.47361755371094,35.46599197387695,33.739749908447266,49.39810562133789,90.6295394897461,72.461669921875
2016-09-08,51.41553497314453,24.220048904418945,93.07774353027344,59.487754821777344,52.44414520263672,68.8160400390625,70.98187255859375,45.438255310058594,32.58500289916992,81.5858383178711,22.380037307739258,29.525598526000977,102.83832550048828,35.41089630126953,93.70706176757812,23.726539611816406,20.4310302734375,105.76513671875,110.95024871826172,90.11100769042969,67.68795013427734,59.084957122802734,122.27833557128906,130.4031219482422,133.6590576171875,35.469940185546875,70.55268859863281,41.29069900512695,117.34369659423828,68.74657440185547,190.37925720214844,58.34290313720703,12.95720100402832,56.485137939453125,38.71712112426758,142.33432006835938,49.32592010498047,24.731182098388672,7.8613409996032715,59.49645233154297,25.978229522705078,32.77030563354492,78.64437866210938,184.10842895507812,92.61302947998047,35.295902252197266,33.141902923583984,49.121456146240234,89.41523742675781,72.08223724365234
2016-09-09,50.32331085205078,23.671466827392578,92.11167907714844,58.01142120361328,51.97624206542969,67.60873413085938,69.0389404296875,44.89937210083008,31.56927490234375,79.42555236816406,21.980390548706055,28.71535301208496,100.69749450683594,34.81085205078125,92.42449951171875,23.25909423828125,19.995840072631836,102.9288330078125,108.20265197753906,88.67807006835938,65.45980834960938,57.36073303222656,118.2575912475586,127.03191375732422,129.65438842773438,34.757999420166016,69.347900390625,40.454856872558594,118.06060791015625,67.32672882080078,187.4718475341797,57.356441497802734,12.859166145324707,55.812950134277344,37.801570892333984,139.7721405029297,48.351463317871094,24.383840560913086,7.645199298858643,58.2667236328125,26.144166946411133,31.99041175842285,77.69867706298828,181.08799743652344,90.44316864013672,33.7862548828125,32.20683288574219,47.35956954956055,85.64502716064453,70.91793823242188
2016-09-12,51.07534408569336,24.201688766479492,92.83624267578125,58.31201934814453,52.29596710205078,69.18450927734375,69.70703887939453,45.4023323059082,32.25639343261719,80.92935943603516,22.33491325378418,29.23392105102539,102.37914276123047,35.37610626220703,93.52960205078125,23.70391845703125,20.462316513061523,103.61375427246094,109.71813201904297,89.84976959228516,66.37535858154297,58.91495132446289,119.72052001953125,131.21926879882812,131.29071044921875,35.10549545288086,69.74195098876953,40.93455505371094,118.57530975341797,68.04954528808594,188.1494903564453,58.0434455871582,12.98987865447998,56.3849983215332,37.66189956665039,141.83680725097656,49.15396499633789,24.88555908203125,7.842814922332764,58.723487854003906,25.62974739074707,32.30842971801758,78.36286163330078,181.9794464111328,90.93596649169922,34.376277923583984,32.92729568481445,48.25506591796875,87.2584228515625,71.65960693359375
2016-09-13,50.60979461669922,24.77780532836914,91.628662109375,56.92251968383789,51.882652282714844,68.24376678466797,67.78455352783203,44.73646545410156,31.8347225189209,79.83778381347656,21.941720962524414,28.85309410095215,100.77508544921875,34.9412841796875,92.54549407958984,23.41742706298828,20.325788497924805,101.30120849609375,108.467529296875,88.35344696044922,65.00605773925781,58.154029846191406,118.46920776367188,129.12939453125,128.5348663330078,34.44439697265625,68.90084075927734,40.41122817993164,117.22422790527344,67.53324890136719,187.05430603027344,56.68702697753906,12.842827796936035,55.82009506225586,36.43598937988281,138.4704132080078,48.63395690917969,24.28349494934082,7.645199298858643,57.79593276977539,25.67953109741211,31.05152702331543,77.14280700683594,180.32638549804688,90.02388763427734,34.102596282958984,32.191490173339844,47.75999450683594,85.8998031616211,69.93474578857422
2016-09-14,50.368064880371094,25.654611587524414,91.82342529296875,56.5150260925293,51.78126907348633,68.21238708496094,67.09601593017578,44.40351867675781,31.70672035217285,80.18893432617188,21.87725830078125,28.86119842529297,99.63676452636719,35.002159118652344,92.9084701538086,23.372188568115234,20.342859268188477,101.7363052368164,108.19029998779297,90.27729797363281,65.64613342285156,58.162113189697266,117.46631622314453,129.77005004882812,127.88890838623047,34.588478088378906,67.77182006835938,40.142330169677734,116.03856658935547,67.36973571777344,187.05430603027344,55.911949157714844,12.769298553466797,55.8416748046875,36.0945930480957,137.7738800048828,48.38118362426758,24.360681533813477,7.496987342834473,56.90352249145508,25.480398178100586,30.279207229614258,77.14280700683594,180.7158203125,89.64139556884766,33.87186050415039,32.1761589050293,47.67263412475586,85.49217987060547,69.48627471923828
2016-09-15,51.200660705566406,26.52682113647461,92.42332458496094,56.835689544677734,51.968441009521484,69.03556060791016,67.83228302001953,45.149009704589844,31.89496612548828,80.51716613769531,22.006168365478516,29.622840881347656,100.67805480957031,35.532630920410156,93.68284606933594,23.60590934753418,20.593162536621094,102.30033111572266,108.78790283203125,91.26689910888672,66.46446228027344,58.3644905090332,117.55831909179688,131.67689514160156,129.10403442382812,34.851226806640625,68.309814453125,40.680179595947266,118.23524475097656,67.82582092285156,188.37796020507812,56.22023010253906,12.801974296569824,56.7193717956543,35.80752182006836,139.3658447265625,48.966182708740234,24.661718368530273,7.478460788726807,57.19865417480469,25.92845344543457,30.30949592590332,77.30165100097656,182.94871520996094,90.0606689453125,33.94161605834961,32.40610885620117,47.71631622314453,85.96770477294922,70.3832015991211
2016-09-16,51.25438690185547,26.37763214111328,92.12725067138672,56.13425064086914,51.32896041870117,69.0277099609375,66.7005844116211,45.07663345336914,31.72931480407715,80.36448669433594,21.87725830078125,30.522207260131836,99.50094604492188,33.84556198120117,92.98915100097656,23.251558303833008,20.726842880249023,101.61540985107422,107.84534454345703,90.45938110351562,66.48067474365234,58.251182556152344,116.57383728027344,131.9209442138672,128.80029296875,35.48688888549805,68.28706359863281,40.41122817993164,121.31428527832031,67.80860900878906,187.0858154296875,56.07047653198242,12.654922485351562,56.69059753417969,35.248878479003906,137.64122009277344,48.40285110473633,24.383840560913086,7.478460788726807,57.261898040771484,25.787395477294922,30.188350677490234,77.14280700683594,182.61119079589844,89.5972671508789,33.70012664794922,32.214481353759766,47.461509704589844,85.09309387207031,70.67646026611328
2016-09-19,50.9678955078125,26.0700626373291,91.66761779785156,56.00065231323242,51.61750793457031,69.27859497070312,66.8369369506836,44.38905334472656,31.699182510375977,80.66219329833984,21.690332412719727,30.10898208618164,100.16714477539062,34.11515808105469,92.93270111083984,23.38726806640625,20.504989624023438,101.7604751586914,108.86796569824219,90.68104553222656,66.34294128417969,58.43735885620117,117.29150390625,130.71588134765625,127.71537017822266,35.32585525512695,67.56719970703125,40.03329086303711,121.22239685058594,68.11841583251953,189.78831481933594,56.42279815673828,12.736617088317871,56.827293395996094,35.69889450073242,137.81533813476562,48.12841033935547,24.39156150817871,7.478460788726807,56.78406524658203,25.546777725219727,29.74162483215332,77.33052062988281,182.7496795654297,89.86205291748047,33.6572151184082,32.329463958740234,47.47605514526367,85.83183288574219,70.81443786621094
2016-09-20,50.86046600341797,26.067758560180664,91.89353942871094,55.1389045715332,51.82807159423828,69.44319915771484,66.60516357421875,44.83055114746094,31.879901885986328,81.14310455322266,21.79345703125,30.09278678894043,99.89550018310547,33.976009368896484,93.93292236328125,23.44757843017578,20.470849990844727,102.19560241699219,109.41011047363281,90.94232177734375,66.19709014892578,58.672115325927734,117.57672882080078,132.24130249023438,128.75685119628906,35.24110412597656,68.18856048583984,40.38216018676758,120.92826843261719,68.73795318603516,189.47312927246094,56.12333297729492,12.74478530883789,58.83447265625,36.12562561035156,138.03089904785156,48.121192932128906,24.4687442779541,7.4105329513549805,56.664608001708984,25.79569435119629,29.53717803955078,78.21846771240234,183.5718536376953,90.81828308105469,33.791358947753906,32.306461334228516,47.10475158691406,85.98470306396484,71.1249008178711
2016-09-21,51.71098327636719,26.063173294067383,92.64147186279297,55.6466064453125,52.1244010925293,68.83171844482422,67.9208984375,45.38062286376953,32.022972106933594,81.77667999267578,22.096416473388672,30.343957901000977,100.59400177001953,34.35865020751953,94.3200912475586,23.643604278564453,20.53343391418457,103.22699737548828,110.63606262207031,91.7815170288086,67.6312484741211,59.09305191040039,120.12533569335938,132.5997772216797,129.5380401611328,35.529266357421875,68.39313507080078,40.651100158691406,121.83818817138672,69.58988189697266,192.10472106933594,56.61656951904297,12.785635948181152,58.776920318603516,35.559226989746094,138.4951934814453,48.265628814697266,24.63855743408203,7.466111183166504,56.62245178222656,25.588268280029297,30.332216262817383,79.16415405273438,186.80862426757812,91.89954376220703,34.075775146484375,32.81233596801758,47.5124626159668,87.00366973876953,71.62513732910156
2016-09-22,51.76469421386719,26.308780670166016,93.06996154785156,55.80693817138672,52.553306579589844,69.7646255493164,68.15950775146484,45.61222839355469,32.346736907958984,82.30337524414062,22.012622833251953,30.424976348876953,100.9691162109375,34.35865020751953,94.66695404052734,23.869789123535156,20.55618667602539,103.74266815185547,110.79622650146484,92.4940414428711,67.65552520751953,59.52207946777344,121.33061218261719,133.94981384277344,130.3625030517578,35.78355026245117,68.62805938720703,41.00723648071289,121.323486328125,69.95128631591797,194.3108367919922,56.92485427856445,12.74478530883789,58.64743423461914,35.47388458251953,139.31605529785156,48.25840759277344,24.88555908203125,7.521692276000977,57.88727569580078,25.51359748840332,31.059104919433594,79.17137908935547,187.362548828125,93.58397674560547,34.408485412597656,32.94263458251953,47.366859436035156,87.58109283447266,72.58242797851562
2016-09-23,51.41553497314453,25.870363235473633,92.56354522705078,55.74681091308594,52.44414520263672,68.80036163330078,67.64139556884766,45.56879425048828,32.18107604980469,81.93695831298828,22.083524703979492,30.13329315185547,100.23825073242188,34.11515808105469,94.5136947631836,23.6285343170166,20.578933715820312,102.96913146972656,109.2807388305664,91.82110595703125,66.7966537475586,59.295413970947266,121.24785614013672,133.32440185546875,129.7116241455078,35.75810241699219,68.6507568359375,41.050846099853516,120.40438079833984,69.83941650390625,193.6962890625,56.23782730102539,12.679426193237305,58.539520263671875,35.48939895629883,136.9197998046875,47.608421325683594,24.630840301513672,7.515515327453613,57.65538787841797,25.264677047729492,30.24135398864746,78.83929443359375,187.84718322753906,93.21615600585938,34.27431869506836,32.551734924316406,47.068359375,87.69149017333984,71.87523651123047
2016-09-26,50.94105529785156,25.90939712524414,91.76111602783203,55.48627471923828,51.297767639160156,68.87092590332031,67.34141540527344,44.9825439453125,31.661548614501953,81.7003402709961,21.683881759643555,29.695762634277344,99.59146881103516,33.94122314453125,93.99744415283203,23.424962997436523,20.37129783630371,101.0836410522461,108.39361572265625,91.78939056396484,66.7399673461914,59.18208312988281,120.13453674316406,132.35574340820312,128.19273376464844,35.32585525512695,68.1355209350586,40.32402038574219,119.7977523803711,68.42815399169922,193.4519805908203,55.85910415649414,12.328132629394531,57.999942779541016,34.8221321105957,133.8933563232422,47.08842086791992,23.951581954956055,7.416707515716553,56.69272232055664,24.957683563232422,30.30193328857422,78.57218933105469,187.80389404296875,92.31880950927734,33.82355499267578,32.11484909057617,46.5223274230957,86.73194885253906,72.08223724365234
2016-09-27,51.88107681274414,25.95759391784668,92.88296508789062,55.60652542114258,51.75007629394531,69.27074432373047,67.47775268554688,45.28652572631836,32.068145751953125,82.05146026611328,21.806350708007812,30.125192642211914,101.39598846435547,34.176021575927734,94.27976989746094,23.73407745361328,20.573251724243164,102.18753051757812,108.60919952392578,92.00318145751953,67.1531982421875,59.465396881103516,120.8246078491211,130.90650939941406,129.66819763183594,35.876773834228516,68.62045288085938,40.51300048828125,121.04776000976562,69.59844970703125,193.6569061279297,56.61656951904297,12.491525650024414,57.01433181762695,34.98507308959961,135.0625457763672,47.34842300415039,24.198583602905273,7.398181438446045,56.89649200439453,24.808340072631836,29.855195999145508,79.41680145263672,188.7127227783203,92.45118713378906,33.97917938232422,32.107177734375,46.53688430786133,86.99517822265625,71.62513732910156
2016-09-28,51.952701568603516,26.154987335205078,93.01543426513672,58.05149459838867,52.023014068603516,70.1330795288086,69.63887786865234,45.81488037109375,31.73684310913086,81.96752166748047,21.90948486328125,30.33585548400879,102.37914276123047,34.29777526855469,92.9084701538086,23.749156951904297,20.41965675354004,103.35590362548828,109.4039306640625,92.75530242919922,70.1592025756836,59.57871627807617,121.66188049316406,129.44210815429688,129.75497436523438,35.84284973144531,68.3324966430664,40.04056930541992,120.86394500732422,69.45217895507812,193.6253662109375,56.5637092590332,12.56505298614502,56.812904357910156,35.15576171875,135.52685546875,47.918968200683594,24.522775650024414,7.466111183166504,56.67866516113281,24.758554458618164,31.937406539916992,78.86815643310547,188.58282470703125,93.03228759765625,34.220672607421875,32.07651901245117,46.65336990356445,87.94622039794922,73.04981231689453
2016-09-29,51.3886833190918,25.748720169067383,91.36373901367188,57.757564544677734,51.1963996887207,69.16880798339844,69.0389404296875,44.808837890625,31.646472930908203,82.25757598876953,21.477615356445312,30.238628387451172,102.26268005371094,34.01949691772461,92.59387969970703,23.666229248046875,20.118152618408203,103.08192443847656,108.03629302978516,91.98735046386719,70.87223052978516,59.32777786254883,120.55777740478516,126.19283294677734,128.14926147460938,35.122440338134766,67.85515594482422,39.153846740722656,120.22056579589844,68.61750030517578,190.93861389160156,55.815067291259766,12.385319709777832,56.01432800292969,34.426422119140625,131.7956085205078,47.33397674560547,23.959304809570312,7.392006874084473,55.65977478027344,24.476449966430664,33.058021545410156,78.11738586425781,184.87005615234375,92.10551452636719,33.71086883544922,31.831260681152344,46.347591400146484,86.66400909423828,72.85000610351562
2016-09-30,51.56773376464844,25.94841194152832,92.03376007080078,58.30535125732422,51.92942810058594,70.36042022705078,70.16381072998047,45.17072677612305,31.864843368530273,83.0285415649414,21.832134246826172,30.5870304107666,102.74130249023438,34.158634185791016,93.05368041992188,23.915027618408203,20.513521194458008,103.68624877929688,108.56610870361328,92.30401611328125,71.92555236816406,60.01585006713867,121.2110366821289,127.23021697998047,128.53985595703125,35.84284973144531,67.43083190917969,39.190185546875,119.77938079833984,69.06494903564453,188.8743133544922,56.40519714355469,12.785635948181152,56.920806884765625,34.356597900390625,133.71925354003906,48.02730178833008,24.746618270874023,7.453761577606201,56.65056228637695,24.62579917907715,32.91416549682617,78.94757843017578,185.164306640625,92.7822036743164,33.930885314941406,32.32179260253906,46.507755279541016,87.7679214477539,74.14437103271484
2016-10-03,51.406585693359375,25.82676124572754,92.56354522705078,58.15171432495117,51.86705017089844,69.50592803955078,69.8433609008789,45.25034713745117,31.646472930908203,82.6316146850586,21.709665298461914,30.514114379882812,101.9393081665039,33.90644454956055,92.472900390625,23.945432662963867,20.482234954833984,103.54122161865234,107.83302307128906,92.36605072021484,71.52851104736328,59.59493637084961,121.79989624023438,127.63446044921875,128.62667846679688,36.0632209777832,65.9911117553711,39.728023529052734,117.65619659423828,69.70174407958984,189.55197143554688,56.20261001586914,12.769298553466797,56.13664245605469,34.007442474365234,133.55340576171875,47.991188049316406,24.661718368530273,7.472286701202393,56.481910705566406,24.293922424316406,32.88386535644531,78.81765747070312,186.15956115722656,91.76712799072266,33.72696304321289,32.881309509277344,46.507755279541016,87.8358383178711,74.14437103271484
2016-10-04,51.24544143676758,25.936939239501953,92.57135009765625,57.6172981262207,52.314796447753906,69.26290130615234,69.0389404296875,45.2069091796875,31.50342559814453,81.75377655029297,21.735450744628906,30.41687774658203,101.19551086425781,33.80207824707031,91.5533218383789,23.831401824951172,20.40827751159668,103.29950714111328,105.76309204101562,91.434814453125,70.90461730957031,58.93113708496094,121.6802749633789,127.79461669921875,128.01914978027344,35.68181610107422,65.33187103271484,40.127777099609375,117.74810028076172,69.79639434814453,186.81005859375,56.29069137573242,12.908182144165039,55.568302154541016,33.945369720458984,134.5484161376953,48.063419342041016,24.731182098388672,7.534041881561279,56.383522033691406,24.061595916748047,32.45987319946289,78.3411636352539,184.19497680664062,90.4946517944336,33.15278625488281,32.797000885009766,45.903472900390625,86.6554946899414,73.57970428466797
2016-10-05,51.60354995727539,25.94841194152832,92.85181427001953,58.11832809448242,53.17100524902344,69.65486907958984,69.69340515136719,45.4530029296875,31.480838775634766,80.92173767089844,21.851476669311523,30.781484603881836,101.59648895263672,34.04557418823242,91.48075103759766,24.01384735107422,20.38552474975586,102.7999038696289,106.20046997070312,91.73726654052734,72.45218658447266,59.068756103515625,123.89767456054688,127.55815124511719,128.01914978027344,36.224266052246094,65.3167495727539,40.098506927490234,116.81062316894531,70.34712219238281,186.4160919189453,56.9722900390625,13.161447525024414,55.805702209472656,34.9074821472168,137.9728546142578,48.80730056762695,25.132556915283203,7.706953525543213,56.573265075683594,23.92884635925293,33.247314453125,78.80320739746094,183.8920440673828,90.20040893554688,32.85226821899414,33.16489791870117,45.74941635131836,86.25642395019531,73.94458770751953
2016-10-06,51.693077087402344,26.14121437072754,92.51680755615234,58.14502716064453,53.3123893737793,69.94493865966797,69.6593017578125,45.351661682128906,31.40553092956543,81.21942138671875,21.690332412719727,30.84630584716797,101.4671401977539,33.80207824707031,91.8921127319336,23.930225372314453,19.728479385375977,104.90296936035156,105.73844909667969,92.01583099365234,72.34687042236328,59.3196907043457,123.67684936523438,127.29879760742188,127.02102661132812,36.419189453125,65.5364761352539,40.28879165649414,116.63599395751953,70.10617065429688,184.9348602294922,54.830078125,13.251311302185059,54.8272819519043,35.05490493774414,138.59475708007812,48.63395690917969,25.001338958740234,7.6513752937316895,56.42570877075195,24.368589401245117,33.70919418334961,78.7743148803711,185.3892822265625,90.64175415039062,33.15278625488281,33.08059310913086,45.79343795776367,86.77440643310547,74.09228515625
2016-10-07,51.74678421020508,26.18024253845215,92.89855194091797,57.94462966918945,53.50090408325195,70.55644989013672,69.72065734863281,45.43128204345703,31.420612335205078,80.90646362304688,21.63231658935547,30.870620727539062,100.68453979492188,33.793365478515625,91.51300811767578,23.922624588012695,19.54074478149414,103.38815307617188,105.5474624633789,85.11524963378906,71.6824951171875,59.13352584838867,123.15241241455078,127.7564697265625,126.19649505615234,36.419189453125,65.46829223632812,40.56689453125,116.93929290771484,70.63969421386719,183.99729919433594,54.67074966430664,13.177785873413086,54.12944030761719,35.171295166015625,140.81690979003906,48.08507537841797,24.939590454101562,7.589620113372803,56.13056182861328,24.061595916748047,33.48203659057617,78.5433120727539,186.44512939453125,90.47991943359375,33.2279167175293,32.68968963623047,45.58068084716797,79.59061431884766,74.96966552734375
2016-10-10,51.96164321899414,26.637004852294922,93.33485412597656,59.08024978637695,53.9172248840332,69.81950378417969,70.88643646240234,46.249141693115234,31.420612335205078,81.08202362060547,21.664548873901367,30.805805206298828,101.55767059326172,33.71479034423828,92.52936553955078,23.922624588012695,19.335954666137695,102.53401947021484,105.43041229248047,85.0038070678711,71.47992706298828,58.77731704711914,124.98336029052734,128.37429809570312,125.24180603027344,36.86838912963867,65.79412841796875,36.453857421875,117.39886474609375,71.47438049316406,183.8081512451172,54.79469299316406,13.316669464111328,54.309303283691406,35.41956329345703,141.82020568847656,48.23674774169922,25.132556915283203,7.4846367835998535,55.96894836425781,24.103084564208984,33.61075210571289,78.72380065917969,187.4750518798828,89.85472106933594,33.136688232421875,33.16489791870117,45.80809783935547,79.69252014160156,76.0033950805664
2016-10-11,51.200660705566406,26.694385528564453,91.65201568603516,58.61265182495117,53.65800857543945,69.41184997558594,70.24560546875,44.823307037353516,31.277549743652344,80.58585357666016,21.355144500732422,30.198122024536133,100.11538696289062,33.18226623535156,91.69853973388672,23.59575653076172,19.168140411376953,101.40593719482422,104.53096008300781,84.19198608398438,70.87223052978516,58.445438385009766,123.05119323730469,125.33102416992188,125.50215148925781,34.8851318359375,65.46829223632812,36.26356887817383,114.88966369628906,70.39875030517578,182.67359924316406,53.874053955078125,13.161447525024414,53.10786056518555,35.264381408691406,140.16184997558594,47.63009262084961,24.839248657226562,7.404356002807617,54.86573791503906,24.982576370239258,32.80815505981445,78.47112274169922,186.26345825195312,89.28833770751953,33.26546859741211,32.45209884643555,45.44862365722656,78.37632751464844,75.62118530273438
2016-10-12,51.129051208496094,26.933095932006836,91.90914154052734,58.205135345458984,53.51661682128906,69.43537139892578,69.63887786865234,44.62789535522461,31.458250045776367,80.97514343261719,21.316463470458984,30.084678649902344,99.79197692871094,33.217185974121094,92.52936553955078,23.063634872436523,19.188045501708984,102.08277893066406,104.55564880371094,85.5052490234375,70.96134185791016,58.63163757324219,122.51752471923828,124.9953842163086,125.41536712646484,34.953365325927734,66.27906799316406,36.6002197265625,112.0955581665039,69.28006744384766,182.87057495117188,53.72356033325195,13.096086502075195,52.53952407836914,35.16353225708008,140.37747192382812,47.78175354003906,24.630840301513672,7.385831356048584,55.020328521728516,25.86206817626953,32.91416549682617,78.50000762939453,187.6741180419922,89.64875793457031,33.56061935424805,32.49040603637695,45.58068084716797,78.07061004638672,75.52562713623047
2016-10-13,50.95895004272461,26.8504695892334,92.13505554199219,57.824371337890625,53.21028137207031,69.1766586303711,68.71171569824219,45.243106842041016,31.443185806274414,80.85302734375,21.116647720336914,29.955049514770508,99.42333221435547,33.19971466064453,93.09400177001953,22.93440055847168,19.407068252563477,101.7604751586914,104.74044036865234,86.16585540771484,70.46710205078125,58.41309356689453,122.71997833251953,125.30812072753906,124.85120391845703,34.953365325927734,66.6806640625,36.7685546875,111.36024475097656,68.8412094116211,183.5718231201172,53.4756965637207,12.932690620422363,52.56108856201172,34.72126007080078,138.81861877441406,47.4278678894043,24.49190330505371,7.354952335357666,54.95004653930664,25.828880310058594,32.09929656982422,78.18238830566406,188.98963928222656,89.46488189697266,33.641109466552734,32.38310623168945,45.64670944213867,78.22348022460938,75.00440216064453
2016-10-14,51.406585693359375,26.999650955200195,91.58967590332031,57.81100082397461,53.03746032714844,69.32563018798828,68.909423828125,44.975311279296875,31.37541961669922,81.54767608642578,21.052186965942383,30.343957901000977,99.89550018310547,33.531455993652344,92.02924346923828,22.94200325012207,19.46963882446289,101.86521911621094,104.93143463134766,86.7548599243164,71.03426361083984,58.534481048583984,122.83037567138672,123.48523712158203,125.3719711303711,34.791316986083984,67.286865234375,36.424583435058594,111.12129211425781,68.21304321289062,183.2408905029297,53.245548248291016,13.071574211120605,52.33807373046875,34.690223693847656,141.38906860351562,47.5939826965332,24.754344940185547,7.354952335357666,55.027366638183594,25.945039749145508,31.733745574951172,78.26898193359375,189.46559143066406,88.63371276855469,33.506954193115234,32.291133880615234,45.32390213012695,78.63107299804688,75.05653381347656
2016-10-17,51.2275276184082,26.981294631958008,92.31424713134766,57.81100082397461,52.762516021728516,68.85525512695312,69.1003189086914,44.52655792236328,31.322715759277344,81.56291961669922,20.949060440063477,30.214311599731445,100.1024398803711,33.42670822143555,90.67411041259766,22.9724063873291,19.40421485900879,100.83383178710938,104.85749053955078,85.99076080322266,70.72637939453125,58.348304748535156,123.29042053222656,124.03439331054688,125.19834899902344,34.62071990966797,65.66532135009766,36.10988235473633,109.04405975341797,67.5762710571289,183.3984832763672,53.02424621582031,13.11242389678955,52.25895309448242,34.52729415893555,140.12872314453125,46.9801025390625,24.5382137298584,7.336426734924316,54.81654739379883,25.579971313476562,31.299680709838867,77.9874267578125,189.65597534179688,88.77345275878906,33.501583099365234,32.07651901245117,45.31657028198242,78.6820297241211,75.1173324584961
2016-10-18,51.62145233154297,26.96293830871582,89.91465759277344,57.964656829833984,53.1788444519043,68.55735778808594,69.39344024658203,44.939109802246094,31.6013126373291,81.63927459716797,21.0715274810791,30.5870304107666,97.48295593261719,33.540191650390625,89.73841857910156,23.1396484375,19.589099884033203,101.31730651855469,104.69734954833984,85.8554458618164,70.66967010498047,58.226871490478516,124.30249786376953,124.17166137695312,125.76251220703125,35.11542510986328,66.06689453125,36.62949752807617,113.64884185791016,67.78279113769531,183.41421508789062,53.18359375,13.283988952636719,52.812904357910156,34.876441955566406,143.13856506347656,47.09564971923828,24.947309494018555,7.342602252960205,54.86573791503906,25.422327041625977,30.95697784423828,78.05963134765625,189.91558837890625,88.66312408447266,33.62501525878906,32.1761589050293,45.41928482055664,78.80938720703125,75.23894500732422
2016-10-19,51.505062103271484,26.882604598999023,89.27580261230469,58.23185729980469,53.68943405151367,67.57772064208984,69.72065734863281,44.77988815307617,31.661548614501953,81.1125717163086,21.013513565063477,28.772062301635742,97.83222961425781,33.47908401489258,89.74649047851562,23.07123374938965,19.594791412353516,101.43816375732422,104.67267608642578,86.17382049560547,71.3016357421875,58.040687561035156,125.2961654663086,122.85979461669922,126.1097412109375,34.126007080078125,65.46829223632812,36.497764587402344,113.55693817138672,67.60206604003906,183.05177307128906,54.21928405761719,13.45555305480957,52.76254653930664,35.116966247558594,144.69740295410156,47.579524993896484,25.41815757751465,7.416707515716553,54.23332214355469,25.729318618774414,31.771833419799805,78.00189208984375,188.80787658691406,88.42041015625,33.222537994384766,32.3601188659668,45.16984176635742,78.59709930419922,75.19549560546875
2016-10-20,51.25438690185547,26.86882781982422,89.49392700195312,58.25858688354492,53.61873245239258,67.09579467773438,69.44799041748047,44.81605911254883,31.571197509765625,80.81485748291016,20.974836349487305,28.70724105834961,98.00040435791016,33.252105712890625,89.18986511230469,22.926801681518555,19.549280166625977,101.72824096679688,104.64189147949219,86.07035064697266,70.81122589111328,57.72325134277344,124.98336029052734,123.18016052246094,126.1530990600586,34.748661041259766,66.47725677490234,36.85637664794922,113.6304702758789,67.75696563720703,182.65786743164062,59.114505767822266,13.529078483581543,53.46038055419922,34.860923767089844,144.69740295410156,47.579524993896484,25.39500617980957,7.392006874084473,56.931644439697266,25.654647827148438,31.59668731689453,77.53263854980469,188.115478515625,87.65541076660156,33.190345764160156,32.329463958740234,44.751670837402344,78.6820297241211,74.80461120605469
2016-10-21,53.41200256347656,26.763246536254883,88.37984466552734,57.86444091796875,53.79940414428711,66.62183380126953,69.05940246582031,44.294960021972656,31.721792221069336,80.62400817871094,20.742788314819336,28.480371475219727,96.7779769897461,33.11243438720703,91.90018463134766,22.919200897216797,19.4383544921875,102.01026916503906,104.42013549804688,86.72300720214844,70.56600189208984,57.72325134277344,124.79012298583984,120.89961242675781,125.76251220703125,34.54396057128906,66.56102752685547,36.607547760009766,114.13597869873047,67.3353271484375,181.6256866455078,59.627933502197266,13.618947982788086,53.44599914550781,34.98507308959961,144.83004760742188,47.637306213378906,25.81182098388672,7.422884464263916,57.318111419677734,25.521888732910156,31.63475227355957,77.359375,186.81732177734375,87.95699310302734,34.1830940246582,32.43675231933594,44.538917541503906,78.44426727294922,75.08258819580078
2016-10-24,54.611663818359375,27.00424575805664,88.51229858398438,58.05818176269531,54.097896575927734,66.44009399414062,68.62307739257812,43.96925354003906,32.0455436706543,81.91407775878906,20.71055793762207,28.56951141357422,97.38594818115234,33.40924072265625,91.60982513427734,23.154855728149414,19.680118560791016,102.96106719970703,105.5105209350586,86.96178436279297,70.2880859375,57.812801361083984,126.46467590332031,121.09026336669922,125.50215148925781,34.467185974121094,67.01028442382812,36.02937316894531,114.02568054199219,66.75015258789062,182.91787719726562,59.38892364501953,13.70064926147461,53.34529113769531,35.31870651245117,145.2031707763672,48.23674774169922,25.765514373779297,7.527864933013916,58.40024185180664,25.87036895751953,32.167842864990234,78.2906494140625,187.3365936279297,83.78643798828125,34.853885650634766,32.58238983154297,44.67097091674805,79.17450714111328,75.31714630126953
2016-10-25,54.60270309448242,27.1419677734375,88.78496551513672,57.93125534057617,54.04292297363281,68.70745086669922,68.69808197021484,44.83778762817383,32.030494689941406,81.8530044555664,20.807241439819336,28.439857482910156,97.58647155761719,33.48781204223633,90.92416381835938,23.063634872436523,19.728479385375977,99.38346099853516,102.40562438964844,86.81057739257812,69.05381774902344,58.040687561035156,127.9092025756836,120.43434143066406,124.3304443359375,34.279544830322266,66.56102752685547,36.26356887817383,114.24629974365234,66.90505981445312,196.39085388183594,59.07909393310547,13.659796714782715,53.53233337402344,35.47388458251953,145.5596923828125,47.69509506225586,25.742359161376953,7.4090704917907715,57.93647766113281,25.646343231201172,31.84037208557129,77.85027313232422,189.99351501464844,83.6540298461914,34.725093841552734,32.59772872924805,44.82503128051758,77.45923614501953,75.16075897216797
2016-10-26,54.280426025390625,26.531414031982422,89.25242614746094,58.17841339111328,54.30213165283203,69.04712677001953,68.98439025878906,44.05611801147461,31.9551944732666,81.73088073730469,20.884593963623047,28.29401969909668,98.1879653930664,33.44416809082031,90.4321060180664,23.223268508911133,19.793895721435547,98.8758316040039,102.57811737060547,87.09709167480469,68.7677230834961,57.999996185302734,133.9080810546875,121.2657241821289,125.28515625,34.08335876464844,66.682861328125,36.073299407958984,113.78672790527344,66.05313873291016,197.0447998046875,59.13222885131836,13.782343864440918,54.23015213012695,35.80752182006836,146.82009887695312,47.918968200683594,25.927608489990234,7.427828311920166,57.83106994628906,25.638051986694336,31.832759857177734,78.40613555908203,197.36720275878906,83.60255432128906,34.62312698364258,33.172569274902344,44.63429260253906,78.56312561035156,75.61250305175781
2016-10-27,53.80591583251953,26.276643753051758,90.14060974121094,58.06483840942383,54.38066864013672,68.39934539794922,68.11859130859375,44.3600959777832,31.714256286621094,81.39500427246094,20.936161041259766,28.204896926879883,99.18401336669922,33.365596771240234,90.40792083740234,23.094038009643555,19.86216163635254,98.51321411132812,102.11608123779297,86.6195297241211,67.85222625732422,57.438392639160156,131.85633850097656,122.4708251953125,124.24368286132812,34.364830017089844,66.39348602294922,38.0273551940918,113.10655975341797,65.53684997558594,195.81570434570312,59.247283935546875,13.815023422241211,54.55392837524414,36.009246826171875,147.3838653564453,46.0989990234375,26.26150131225586,7.3402934074401855,57.732704162597656,25.737613677978516,33.508174896240234,78.02354431152344,195.03048706054688,83.72024536132812,34.5748405456543,33.01927947998047,44.5462532043457,79.26791381835938,75.5777359008789
2016-10-28,53.600006103515625,26.10219955444336,89.85233306884766,56.63526916503906,54.286415100097656,68.60475158691406,70.77733612060547,42.586849212646484,31.79707908630371,81.73088073730469,20.581634521484375,28.148181915283203,98.70536804199219,33.32194519042969,90.42406463623047,23.253673553466797,19.90767478942871,99.57683563232422,102.12226867675781,87.41545104980469,68.56336212158203,57.926734924316406,131.58030700683594,110.73247528076172,126.80409240722656,33.72513198852539,63.47700500488281,37.324764251708984,111.78304290771484,64.13419342041016,195.3981170654297,58.8223876953125,13.627118110656738,53.15101623535156,35.86959457397461,146.8780517578125,46.221771240234375,26.02855110168457,7.327788829803467,56.98784255981445,25.936744689941406,34.24687576293945,77.74921417236328,197.65281677246094,84.2571792602539,35.35294723510742,33.41017532348633,45.235870361328125,78.8603286743164,75.72543334960938
2016-10-31,53.644771575927734,26.060876846313477,90.36653137207031,55.65995788574219,54.40425109863281,68.5731201171875,71.41136169433594,42.5,31.925079345703125,81.83010864257812,20.43983268737793,28.253509521484375,99.40391540527344,33.540191650390625,90.80314636230469,23.322092056274414,19.91620445251465,98.31177520751953,101.83271026611328,87.29606628417969,68.22002410888672,58.0814094543457,131.046630859375,107.6662826538086,126.28327178955078,33.46925354003906,64.04052734375,37.25890350341797,109.21869659423828,63.54045104980469,194.12171936035156,58.79584884643555,13.480063438415527,52.97117233276367,35.69889450073242,147.79019165039062,46.22899627685547,26.067380905151367,7.3402934074401855,58.133235931396484,25.704429626464844,33.089317321777344,77.79254913330078,198.18943786621094,84.15420532226562,35.481727600097656,33.39484405517578,45.47062301635742,79.08110809326172,76.70710754394531
2016-11-01,53.5373420715332,25.590343475341797,89.860107421875,55.88041305541992,54.17644119262695,68.61264038085938,72.59075164794922,42.91979217529297,31.714256286621094,81.4560775756836,20.027292251586914,27.969924926757812,98.8218002319336,33.57510757446289,90.54502868652344,23.170053482055664,19.711410522460938,96.60355377197266,101.18585205078125,86.87421417236328,67.22283172607422,57.780250549316406,131.0282745361328,107.36121368408203,125.32857513427734,33.307193756103516,63.54554748535156,37.17839431762695,106.64517974853516,62.80040740966797,193.0186767578125,58.645347595214844,13.569930076599121,53.2877197265625,35.68337631225586,147.6409454345703,46.091773986816406,25.90430450439453,7.259012699127197,57.943504333496094,25.546777725219727,33.15784454345703,77.12837982177734,197.68743896484375,83.85262298583984,35.138301849365234,35.83219909667969,45.2138557434082,78.74994659423828,76.52465057373047
2016-11-02,53.206077575683594,25.61329460144043,89.48616790771484,55.74681091308594,53.94865036010742,68.52572631835938,71.84768676757812,42.586849212646484,31.661548614501953,81.4560775756836,19.74367332458496,28.034738540649414,98.27850341796875,33.19971466064453,90.6579360961914,23.101638793945312,19.754077911376953,96.92586517333984,102.09761047363281,86.32505798339844,66.29918670654297,57.934879302978516,129.5009002685547,105.79000854492188,123.63612365722656,33.008663177490234,63.926292419433594,37.010066986083984,108.3179702758789,62.516422271728516,193.1210479736328,57.937171936035156,13.463722229003906,52.1654167175293,35.393898010253906,146.4137725830078,45.65121841430664,25.562641143798828,7.127714157104492,57.571075439453125,26.73326873779297,32.921783447265625,77.17169952392578,197.90379333496094,83.52164459228516,34.94511413574219,36.22309112548828,45.030452728271484,78.44426727294922,76.58544158935547
2016-11-03,53.00912857055664,25.33875846862793,89.61862182617188,55.8870964050293,53.71299362182617,68.41511535644531,71.84768676757812,42.29011154174805,31.646472930908203,81.39500427246094,19.26668357849121,27.70002555847168,98.5501480102539,33.44416809082031,90.1175308227539,23.048433303833008,19.805273056030273,96.83724212646484,102.77526092529297,86.23751068115234,66.42996215820312,57.438392639160156,128.8292694091797,103.13571166992188,122.72480010986328,32.73573303222656,62.113975524902344,36.74660110473633,107.8216552734375,62.051753997802734,188.07066345214844,57.83095932006836,13.463722229003906,51.625858306884766,35.472137451171875,146.10702514648438,45.997894287109375,25.477231979370117,7.0964531898498535,56.76298522949219,25.737613677978516,33.20353698730469,77.59041595458984,195.19491577148438,83.59514617919922,34.91827392578125,36.353389739990234,44.83970260620117,77.90926361083984,76.70710754394531
2016-11-04,52.56148910522461,25.110361099243164,89.68093872070312,55.82697677612305,53.225982666015625,67.21430969238281,71.43182373046875,42.5723876953125,31.39048194885254,80.76907348632812,19.337587356567383,27.438777923583984,98.58899688720703,33.417964935302734,89.56902313232422,22.949604034423828,19.671585083007812,97.42545318603516,102.55964660644531,86.15790557861328,67.280029296875,56.624481201171875,128.3876495361328,103.27301025390625,123.41912841796875,33.3413200378418,62.6774787902832,37.33208465576172,111.81063079833984,62.378753662109375,186.1639862060547,57.990299224853516,13.520913124084473,52.107872009277344,34.893192291259766,145.86651611328125,46.0051155090332,25.453935623168945,7.090198516845703,56.46083068847656,25.654647827148438,32.563838958740234,77.20057678222656,194.92660522460938,82.63896179199219,34.54800796508789,35.962493896484375,44.494903564453125,78.80938720703125,76.49860382080078
2016-11-07,54.0923957824707,25.472566604614258,90.88850402832031,57.082855224609375,54.89124298095703,68.38352966308594,72.84298706054688,43.462623596191406,31.970245361328125,81.64691162109375,19.582523345947266,28.320472717285156,100.7168960571289,34.125091552734375,91.00482940673828,23.519739151000977,19.847938537597656,99.71382141113281,104.56796264648438,88.54568481445312,68.4571304321289,57.41399002075195,131.5987091064453,106.17899322509766,127.19461059570312,33.998077392578125,63.4998664855957,38.51036834716797,116.03856658935547,63.574859619140625,188.51980590820312,59.30925369262695,13.896721839904785,53.23736572265625,35.51906967163086,150.47666931152344,46.4600944519043,26.401277542114258,7.240256309509277,57.23377990722656,25.920148849487305,33.44723892211914,79.26522827148438,199.1067657470703,83.83792114257812,35.025596618652344,36.06214141845703,45.36058807373047,80.11708068847656,77.31515502929688
2016-11-08,54.137168884277344,25.622522354125977,91.19237518310547,57.493953704833984,55.009090423583984,69.09454345703125,73.1429672241211,43.795555114746094,32.2864875793457,82.9903793334961,19.530445098876953,28.361291885375977,101.27163696289062,34.16002655029297,92.04541015625,23.56534767150879,19.850780487060547,100.11671447753906,105.36265563964844,88.04423522949219,69.21728515625,58.268585205078125,131.83975219726562,105.59930419921875,127.67194366455078,33.972476959228516,55.99165344238281,38.90557861328125,118.35475158691406,63.6953239440918,188.45675659179688,59.3712158203125,13.88855266571045,53.266151428222656,35.628604888916016,150.84152221679688,46.055667877197266,26.47892189025879,7.177733421325684,56.27812957763672,25.638051986694336,33.75947570800781,80.87506103515625,198.94232177734375,84.94122314453125,35.33148193359375,36.575679779052734,46.73982620239258,80.79075622558594,77.30648040771484
2016-11-09,53.86859130859375,25.580997467041016,93.73219299316406,58.12748336791992,57.53840637207031,67.88582611083984,73.38156127929688,46.45179748535156,31.827194213867188,81.86825561523438,20.910600662231445,28.369455337524414,101.03665924072266,34.52666473388672,92.74716186523438,23.83900260925293,20.223392486572266,101.54293060302734,104.96841430664062,89.42910766601562,74.54672241210938,57.27561569213867,134.51919555664062,111.67823028564453,128.58326721191406,34.177181243896484,58.298946380615234,41.203609466552734,124.8161392211914,67.4557876586914,199.70004272460938,60.849510192871094,14.681015014648438,56.453182220458984,37.54538345336914,159.72186279296875,49.363399505615234,28.358078002929688,7.240256309509277,57.297027587890625,26.791345596313477,34.825653076171875,81.92915344238281,209.6999053955078,84.8603286743164,34.36555099487305,35.471954345703125,46.0281867980957,81.2597885131836,78.2794418334961
2016-11-10,52.55254364013672,24.86810302734375,93.13228607177734,58.66663360595703,60.20913314819336,65.53947448730469,73.48384094238281,47.01634979248047,30.82577133178711,78.8149185180664,21.802490234375,28.16536521911621,104.5675048828125,34.552879333496094,92.36803436279297,23.56534767150879,20.305879592895508,103.9682846069336,107.3648452758789,90.08972930908203,76.38587951660156,54.69547653198242,136.92977905273438,115.60629272460938,131.9681854248047,34.63777542114258,58.84722900390625,41.46707534790039,123.86943817138672,67.8542251586914,202.701904296875,62.062278747558594,15.326417922973633,55.99994659423828,40.3931770324707,166.55416870117188,50.764495849609375,29.522836685180664,7.4653425216674805,56.82622528076172,27.374313354492188,34.1021842956543,82.37259674072266,212.18382263183594,82.49188232421875,33.120582580566406,34.62885665893555,44.80302810668945,82.60717010498047,78.79197692871094
2016-11-11,52.839019775390625,25.015762329101562,92.29866027832031,57.73659133911133,60.240562438964844,66.029296875,72.69983673095703,46.28533935546875,30.89352798461914,78.76908874511719,21.216577529907227,28.255168914794922,105.25276947021484,34.439369201660156,92.13412475585938,23.83900260925293,20.260377883911133,104.62902069091797,107.85762023925781,90.13748168945312,76.02622985839844,54.874549865722656,137.69932556152344,113.67654418945312,133.27008056640625,34.23689651489258,57.179569244384766,41.254852294921875,122.85841369628906,67.27389526367188,204.1988983154297,62.40748977661133,15.538838386535645,54.97837829589844,40.471397399902344,169.09967041015625,50.91615676879883,29.88779640197754,7.677923679351807,56.952720642089844,27.915645599365234,33.46247100830078,83.04141998291016,214.20034790039062,83.05085754394531,33.142032623291016,31.984554290771484,44.78102493286133,81.66910552978516,79.13945770263672
2016-11-14,52.03327178955078,24.388227462768555,90.84173583984375,57.47373580932617,62.4556884765625,65.57109832763672,72.66574096679688,45.98134994506836,30.99894905090332,77.39511108398438,21.079866409301758,28.149038314819336,103.25568389892578,34.30841827392578,95.07027435302734,23.84661102294922,20.049884796142578,102.8724365234375,106.52082061767578,89.97034454345703,76.97440338134766,54.19086456298828,139.0622100830078,112.4325942993164,132.4021453857422,33.43513870239258,57.872528076171875,41.39390182495117,125.1102294921875,66.71090698242188,210.5572052001953,64.10711669921875,16.404829025268555,55.21578598022461,41.637123107910156,173.44447326660156,52.8878173828125,30.55559539794922,7.540370464324951,57.45161437988281,28.848377227783203,33.607181549072266,82.08184051513672,217.33331298828125,83.18327331542969,32.83616638183594,33.10397720336914,44.89840316772461,81.90789794921875,79.5911865234375
2016-11-15,53.06078338623047,24.711231231689453,90.62362670898438,58.51161575317383,62.33787536621094,66.0608901977539,74.28144073486328,46.06820297241211,31.20224952697754,77.74623107910156,20.982213973999023,28.500083923339844,103.55589294433594,34.1949348449707,95.44132995605469,24.097469329833984,20.31441307067871,100.23758697509766,107.34016418457031,90.03401947021484,77.19511413574219,54.19898223876953,137.31919860839844,112.92405700683594,133.4436798095703,33.9554328918457,57.141483306884766,41.48903274536133,126.65437316894531,66.97074890136719,209.5251007080078,64.15138244628906,16.470186233520508,54.92800521850586,41.14423751831055,175.11114501953125,53.16948318481445,31.06031608581543,7.527864933013916,58.789344787597656,29.03159523010254,34.48295211791992,82.2780990600586,214.15704345703125,83.75701141357422,33.16887664794922,33.57489776611328,44.97175979614258,82.06136322021484,79.269775390625
2016-11-16,53.763824462890625,25.37566566467285,90.65478515625,57.79048156738281,60.79827880859375,65.72118377685547,74.60508728027344,45.32994842529297,31.066713333129883,77.63935089111328,20.806434631347656,28.442930221557617,103.96055603027344,34.6576042175293,96.15921783447266,23.99864387512207,20.305879592895508,100.98693084716797,106.64579772949219,89.88591003417969,76.30411529541016,54.32107925415039,135.7708740234375,113.05460357666016,133.40029907226562,34.07484817504883,56.77599334716797,41.13043975830078,126.73709106445312,66.6416015625,207.4923095703125,63.45204544067383,16.13522720336914,54.676212310791016,40.43227767944336,171.02334594726562,52.360599517822266,30.431352615356445,7.50285530090332,58.72581481933594,28.06553840637207,33.79754638671875,82.00914001464844,212.37417602539062,83.36715698242188,33.62501525878906,33.3973388671875,44.94240951538086,82.1722412109375,79.269775390625
2016-11-17,54.6561164855957,25.36644172668457,90.81836700439453,57.440040588378906,61.28529739379883,65.6263656616211,74.44669342041016,45.38062286376953,30.9612979888916,77.57066345214844,20.656705856323242,28.589889526367188,104.29338836669922,35.13775634765625,96.35282897949219,22.843177795410156,19.680118560791016,103.88768005371094,107.11698150634766,90.5504150390625,75.83821868896484,53.71064758300781,134.74171447753906,113.1544418334961,133.6172637939453,34.45012664794922,56.5551643371582,41.48172378540039,128.6764373779297,67.30854034423828,207.43714904785156,63.54060745239258,16.404829025268555,54.37404251098633,41.06600570678711,173.81761169433594,52.85171127319336,31.037029266357422,7.421574115753174,59.29057693481445,27.915645599365234,33.21115493774414,82.50345611572266,211.74241638183594,82.64631652832031,33.705501556396484,33.19660186767578,45.015785217285156,82.38542938232422,79.72150421142578
2016-11-18,54.39474105834961,25.391815185546875,90.49675750732422,57.47373580932617,61.041786193847656,64.78108215332031,75.19033813476562,44.77988815307617,30.803186416625977,77.33401489257812,20.493955612182617,28.53274154663086,104.67845916748047,34.79730224609375,96.79647064208984,22.94200325012207,19.495241165161133,103.40423583984375,107.23477935791016,89.74178314208984,75.47856903076172,53.60483169555664,135.6874237060547,111.51884460449219,133.09646606445312,33.981021881103516,56.38002395629883,41.54026412963867,127.4815902709961,66.4077377319336,207.2873992919922,62.85009765625,16.3394718170166,53.683406829833984,41.324180603027344,174.41464233398438,53.06114959716797,31.394224166870117,7.352797985076904,58.78227233886719,27.85733413696289,34.08694839477539,82.93965148925781,212.434814453125,83.19798278808594,33.68403625488281,33.57489776611328,44.94240951538086,81.17449951171875,79.88654327392578
2016-11-21,54.854408264160156,25.777103424072266,90.21436309814453,58.28921127319336,61.30887222290039,65.28668212890625,75.86514282226562,45.09111404418945,31.142005920410156,78.0592269897461,20.552547454833984,28.557228088378906,106.23178100585938,34.82347869873047,96.39314270019531,22.843177795410156,19.73131561279297,103.31562042236328,106.34197998046875,89.8378677368164,75.93628692626953,53.8978271484375,136.30859375,111.76455688476562,133.96438598632812,33.91278076171875,56.5018424987793,41.518310546875,125.99260711669922,66.38174438476562,207.54750061035156,63.328121185302734,16.609073638916016,53.942378997802734,40.776519775390625,175.0198974609375,53.2489128112793,31.49516487121582,7.371556282043457,59.5941047668457,27.923961639404297,35.305423736572266,83.38310241699219,213.15309143066406,83.70552825927734,34.17772674560547,33.698421478271484,45.2138557434082,82.02728271484375,80.18193054199219
2016-11-22,55.0887451171875,25.793251037597656,88.44143676757812,58.41727066040039,61.6859016418457,65.3814697265625,76.16809844970703,44.65684127807617,31.149539947509766,78.54010772705078,20.39630126953125,28.965421676635742,106.16650390625,34.998085021972656,96.54642486572266,22.7215518951416,19.944639205932617,105.53953552246094,106.58375549316406,90.0860824584961,76.52483367919922,53.98737716674805,138.62646484375,110.82774353027344,135.30972290039062,32.49692153930664,56.03737258911133,41.38658142089844,128.42828369140625,65.81877136230469,208.5244140625,63.48746871948242,16.584562301635742,53.56829833984375,40.85475540161133,175.0447998046875,53.48003005981445,31.479642868041992,7.434078693389893,59.24113464355469,27.873998641967773,35.08456802368164,83.33220672607422,214.69366455078125,84.24983215332031,34.456787109375,33.590335845947266,45.98417663574219,82.39395904541016,79.92999267578125
2016-11-23,54.43980407714844,25.6617488861084,88.70030975341797,58.57899856567383,61.94511413574219,65.31829071044922,76.42973327636719,44.6134147644043,30.9612979888916,77.50194549560547,20.454896926879883,28.736833572387695,105.71617126464844,35.00680923461914,96.90941619873047,22.58472442626953,20.1466007232666,105.72489166259766,106.7945556640625,91.13489532470703,78.61736297607422,53.71064758300781,138.83041381835938,111.36528015136719,136.00408935546875,33.24748229980469,56.098270416259766,41.5329475402832,128.2444610595703,58.89820861816406,208.31954956054688,64.51432037353516,16.796979904174805,54.17261505126953,40.80782699584961,176.03976440429688,53.64613342285156,31.867908477783203,7.440331935882568,59.332916259765625,28.06553840637207,35.25973129272461,84.09552764892578,214.27821350097656,84.26454162597656,34.354820251464844,33.389617919921875,45.103816986083984,83.22113800048828,88.75608825683594
2016-11-25,54.55698776245117,25.790945053100586,89.5318603515625,58.71379470825195,61.92156219482422,65.93447875976562,76.42973327636719,45.02596664428711,31.270017623901367,77.9905014038086,20.630661010742188,28.932769775390625,106.47325134277344,35.15521240234375,97.328857421875,22.87358856201172,20.260377883911133,106.01493072509766,107.56336975097656,91.4070816040039,78.31493377685547,54.150150299072266,139.1085662841797,111.67240142822266,136.43797302246094,33.40102005004883,56.3952522277832,41.7012825012207,127.4539794921875,59.868316650390625,209.5172576904297,64.4966049194336,17.042064666748047,54.27334213256836,41.167701721191406,175.2686767578125,53.754486083984375,31.914487838745117,7.527864933013916,59.601165771484375,28.215442657470703,34.84088897705078,84.5171890258789,215.13504028320312,85.20603942871094,34.601680755615234,33.621212005615234,45.70538330078125,83.681640625,90.27635192871094
2016-11-28,54.62907028198242,25.74018669128418,88.74739074707031,58.27574157714844,61.52094650268555,65.6263656616211,76.08545684814453,44.72923278808594,31.435657501220703,78.46379852294922,20.533018112182617,28.98990821838379,107.37389373779297,35.18141555786133,98.26456451416016,22.744359970092773,20.248994827270508,105.26554107666016,106.94956970214844,91.15088653564453,77.57112884521484,54.06876754760742,138.8582305908203,111.39598083496094,135.61349487304688,33.04279327392578,56.94350814819336,41.35731506347656,125.70770263671875,58.205291748046875,209.5251007080078,63.85039520263672,16.584562301635742,53.62586212158203,40.354061126708984,174.41464233398438,52.83002471923828,31.401988983154297,7.452836990356445,60.2506103515625,28.0322265625,34.65049362182617,84.10279846191406,215.46389770507812,86.18433380126953,34.789485931396484,33.28153610229492,45.54400634765625,83.01647186279297,88.3477783203125
2016-11-29,55.061710357666016,25.714805603027344,88.23749542236328,57.89158248901367,61.99224853515625,65.48419952392578,75.28675842285156,45.01150131225586,31.245832443237305,78.27293395996094,20.780397415161133,28.826635360717773,106.72777557373047,35.399654388427734,98.10196685791016,22.67594337463379,20.300189971923828,104.99826049804688,107.11698150634766,90.74256134033203,76.86813354492188,54.150150299072266,140.5919952392578,112.110107421875,134.74551391601562,33.03424835205078,57.78114318847656,41.24752426147461,127.11387634277344,58.16197204589844,211.48455810546875,63.28386306762695,16.576393127441406,53.86326599121094,40.573123931884766,176.1196746826172,52.99613571166992,31.52623176574707,7.452836990356445,60.3776741027832,27.56585121154785,33.68331527709961,84.53170013427734,217.92176818847656,85.69149780273438,34.97731018066406,33.01905822753906,45.96949768066406,83.57075500488281,87.17501068115234
2016-11-30,54.313621520996094,25.497941970825195,87.31180572509766,58.835105895996094,62.97412109375,65.14447784423828,76.81533813476562,44.28771209716797,30.638376235961914,76.97566986083984,20.923622131347656,28.328643798828125,105.87284088134766,35.08537673950195,96.95577239990234,22.668338775634766,20.032821655273438,104.82001495361328,106.47837829589844,91.22293853759766,78.11056518554688,53.09206771850586,139.59066772460938,110.62812805175781,133.487060546875,32.4713134765625,58.550228118896484,41.30607986450195,123.84187316894531,58.136016845703125,210.4294891357422,63.770729064941406,17.318492889404297,53.02152633666992,41.40242004394531,182.39096069335938,53.48725128173828,32.11637878417969,7.477846622467041,59.81291961669922,26.899606704711914,36.95036315917969,84.27001953125,216.0611114501953,85.03685760498047,34.30652618408203,33.37417221069336,44.70766067504883,81.80554962158203,87.04470825195312
2016-12-01,53.35821533203125,25.260313034057617,87.37457275390625,58.794673919677734,64.24665832519531,64.67047882080078,78.00653839111328,43.97648620605469,30.501707077026367,76.15283966064453,20.480932235717773,27.561235427856445,104.30643463134766,33.784629821777344,96.30543518066406,22.387075424194336,20.101085662841797,104.87672424316406,107.03016662597656,91.00677490234375,78.66641235351562,52.969970703125,141.287353515625,109.33808135986328,136.2210235595703,32.07042694091797,58.451229095458984,40.837677001953125,123.62127685546875,57.13992691040039,211.34176635742188,64.20448303222656,17.630096435546875,52.40282440185547,42.51336669921875,188.4958953857422,54.57779312133789,32.73757553100586,7.7717084884643555,59.452903747558594,27.78238296508789,36.721900939941406,84.64075469970703,216.33900451660156,83.85997772216797,33.74844741821289,34.20795822143555,44.45087432861328,81.21715545654297,89.21648406982422
2016-12-02,53.403282165527344,25.354902267456055,87.82955169677734,58.659889221191406,64.09738159179688,65.09708404541016,77.806884765625,44.244293212890625,30.645973205566406,77.36014556884766,20.59160804748535,27.88779067993164,104.43695831298828,33.61003112792969,96.11849212646484,22.235042572021484,20.160823822021484,105.20075988769531,106.90620422363281,90.03002166748047,77.76726531982422,52.67695999145508,141.15756225585938,110.58202362060547,136.00408935546875,32.32632064819336,59.106117248535156,40.95479202270508,122.64698791503906,58.64703369140625,212.30963134765625,63.61140441894531,17.4086971282959,52.10068130493164,41.918766021728516,185.7760772705078,54.51279830932617,32.4813346862793,7.652913570404053,60.08116912841797,27.732423782348633,36.64573669433594,84.58259582519531,217.90248107910156,83.93353271484375,34.338714599609375,33.968624114990234,44.70766067504883,80.6543197631836,88.17406463623047
2016-12-05,54.277557373046875,25.172645568847656,87.81385803222656,58.9564094543457,65.4013671875,65.56318664550781,77.97897338867188,43.60737991333008,30.843399047851562,77.44473266601562,20.56556510925293,28.075563430786133,104.31951904296875,34.02033233642578,96.97205352783203,22.44788932800293,19.893447875976562,105.04683685302734,106.40398406982422,90.37428283691406,77.20325469970703,52.603702545166016,141.07408142089844,111.56488800048828,135.00592041015625,32.77838134765625,59.38785934448242,40.654720306396484,123.80506896972656,58.257266998291016,211.7622528076172,63.761863708496094,17.908897399902344,52.05751037597656,42.521183013916016,190.09280395507812,54.58503723144531,32.6832160949707,7.777960300445557,60.003536224365234,27.424280166625977,37.224525451660156,84.7352523803711,214.9667205810547,83.58047485351562,34.09186935424805,33.89142990112305,44.8470458984375,81.85672760009766,87.99161529541016
2016-12-06,54.034217834472656,25.36644172668457,87.90801239013672,59.01032257080078,65.7391128540039,65.4999771118164,77.64160919189453,43.629085540771484,30.80543327331543,78.09070587158203,20.546031951904297,28.344966888427734,104.65238952636719,34.45683670043945,96.93950653076172,22.295856475830078,20.012903213500977,104.285400390625,106.5156021118164,90.52639770507812,77.83265686035156,52.92927551269531,141.14828491210938,111.42668151855469,135.26632690429688,32.76984405517578,60.47677993774414,41.00601577758789,126.14884185791016,58.724998474121094,211.0244598388672,64.00972747802734,18.17130470275879,52.136634826660156,43.460025787353516,192.44664001464844,54.95335388183594,33.00935745239258,7.852989673614502,59.798805236816406,27.54087257385254,38.001304626464844,84.72073364257812,215.2706298828125,84.13949584960938,34.50507354736328,34.49360656738281,44.7736701965332,82.05286407470703,89.06014251708984
2016-12-07,55.31407928466797,25.6156063079834,87.1549072265625,59.354042053222656,66.03759765625,66.50331115722656,78.79837799072266,43.4698486328125,31.352134704589844,79.05958557128906,20.305160522460938,28.98175048828125,107.55010986328125,35.19887161254883,97.4841537475586,22.767166137695312,20.224899291992188,107.2988052368164,109.15055847167969,93.28054809570312,79.55736541748047,53.661800384521484,142.9098663330078,108.4166030883789,137.13233947753906,32.821022033691406,61.32201385498047,40.4278564453125,125.7628173828125,58.361202239990234,211.32589721679688,65.76246643066406,18.50750732421875,52.359657287597656,44.81350326538086,195.92327880859375,55.86335754394531,33.110313415527344,8.165607452392578,59.996463775634766,28.007240295410156,38.001304626464844,86.2328109741211,214.6626434326172,84.78458404541016,35.10073471069336,34.8950309753418,46.21160125732422,83.72425842285156,89.3554916381836
2016-12-08,54.98959732055664,25.867080688476562,87.0686264038086,59.52254104614258,66.86238861083984,65.96610260009766,79.301025390625,43.513282775878906,31.11675262451172,78.5521011352539,20.14240074157715,29.145030975341797,107.92216491699219,35.22507095336914,97.91500854492188,22.767166137695312,20.150413513183594,107.3554916381836,109.045166015625,92.59200286865234,78.69092559814453,53.47460174560547,144.06875610351562,107.95588684082031,136.82859802246094,32.99161148071289,59.479248046875,40.420536041259766,126.03856658935547,58.19663619995117,205.6695098876953,66.31130981445312,18.819108963012695,51.81289291381836,44.82133102416992,200.82217407226562,56.7733268737793,33.84022903442383,8.14685344696045,59.495269775390625,28.47361946105957,37.90993118286133,86.4945297241211,206.48057556152344,84.08757019042969,35.07390594482422,35.489479064941406,45.83745193481445,84.77315521240234,90.27635192871094
2016-12-09,55.85488510131836,26.289270401000977,88.0649185180664,59.98081970214844,67.15303802490234,66.65340423583984,79.74170684814453,44.31666946411133,31.891252517700195,79.64403533935547,20.637174606323242,29.19400978088379,108.67920684814453,35.373470306396484,98.57347869873047,22.850786209106445,20.075937271118164,108.05211639404297,110.6633529663086,93.0563735961914,78.08606719970703,53.95481491088867,145.08865356445312,110.15201568603516,137.91346740722656,33.43513870239258,61.0174446105957,41.74517822265625,123.89703369140625,58.768287658691406,205.89163208007812,66.18736267089844,18.93390655517578,52.30210494995117,44.70396423339844,201.15493774414062,55.32168960571289,33.95669937133789,8.234384536743164,60.984764099121094,28.964963912963867,38.66386032104492,86.94524383544922,207.09722900390625,84.98481750488281,35.562232971191406,35.94498062133789,46.365665435791016,84.67936706542969,90.01571655273438
2016-12-12,56.0351448059082,26.139312744140625,90.49675750732422,61.31523132324219,66.55604553222656,67.25381469726562,80.66438293457031,44.67132568359375,31.8153133392334,80.52836608886719,21.092884063720703,29.365453720092773,108.01348876953125,35.3647346496582,98.9636459350586,22.93440055847168,20.531423568725586,109.0160903930664,111.37637329101562,94.0010757446289,77.7182388305664,54.3292121887207,145.7098388671875,111.92581939697266,138.2606964111328,33.43513870239258,60.71284866333008,41.38658142089844,121.6727523803711,58.56041717529297,200.79849243164062,65.13394927978516,18.54030418395996,52.856056213378906,43.63996505737305,197.2623291015625,54.90999221801758,33.37432098388672,8.015549659729004,61.16126251220703,28.498594284057617,39.12839889526367,87.3305435180664,201.57301330566406,85.11087036132812,35.6802864074707,36.300106048583984,46.857208251953125,84.12506866455078,88.97325134277344
2016-12-13,56.76520919799805,26.575353622436523,90.91252136230469,62.39352035522461,66.57958984375,67.2933120727539,80.85027313232422,45.065155029296875,31.709009170532227,81.2281494140625,21.37282371520996,30.043045043945312,109.83438873291016,35.582984924316406,99.72779846191406,23.253673553466797,20.568668365478516,110.60376739501953,110.87417602539062,94.54553985595703,78.48656463623047,54.44315719604492,145.2462921142578,113.92997741699219,137.73989868164062,33.639835357666016,61.032691955566406,41.840328216552734,123.68561553955078,59.452545166015625,199.67196655273438,65.36412811279297,18.54030418395996,54.18832778930664,43.68690490722656,198.41012573242188,55.60102844238281,33.04818344116211,7.984289169311523,61.93070983886719,28.665151596069336,40.087955474853516,87.35234832763672,201.13006591796875,85.52613067626953,35.78761672973633,35.82146453857422,46.76183319091797,82.76065826416016,88.0263671875
2016-12-14,56.494815826416016,26.575353622436523,90.20651245117188,61.045623779296875,66.55604553222656,66.65340423583984,79.84498596191406,45.07244873046875,31.2913875579834,80.33611297607422,21.36631965637207,29.838953018188477,109.97795867919922,35.6877555847168,99.85783386230469,23.154855728149414,20.4368896484375,110.15013885498047,109.49156188964844,93.28054809570312,76.62290954589844,53.645530700683594,143.21578979492188,114.17567443847656,136.6984100341797,33.11101150512695,60.126495361328125,42.813697814941406,122.46317291259766,58.61239242553711,200.15589904785156,65.56771850585938,18.589500427246094,54.81824493408203,42.79500198364258,199.5579376220703,55.07004165649414,33.281131744384766,7.834231376647949,60.525909423828125,28.915006637573242,39.212162017822266,85.24411010742188,201.59910583496094,84.98481750488281,35.38514709472656,35.196144104003906,46.123573303222656,82.01020812988281,87.3487777709961
2016-12-15,56.40468215942383,26.720701217651367,90.91252136230469,61.254547119140625,67.55361938476562,66.89830017089844,80.59550476074219,45.4881591796875,31.549551010131836,80.97438049316406,21.320743560791016,30.03489112854004,109.65819549560547,35.670284271240234,99.4676742553711,23.28408432006836,20.362407684326172,110.03673553466797,109.13198852539062,93.14442443847656,77.2686767578125,53.905982971191406,142.56686401367188,115.4811019897461,135.6569061279297,33.204837799072266,59.61631774902344,42.92348098754883,123.15254211425781,61.817138671875,198.84690856933594,66.33787536621094,18.991302490234375,54.702415466308594,43.17835998535156,202.1113739013672,55.28097915649414,33.39761734008789,7.865494728088379,60.51180648803711,29.947677612304688,39.402557373046875,85.25867462158203,201.50357055664062,85.56318664550781,35.556861877441406,35.31193923950195,46.086883544921875,81.95053100585938,88.087158203125
2016-12-16,56.15232467651367,26.755308151245117,90.9046859741211,61.44999313354492,66.72100067138672,66.89830017089844,81.30473327636719,45.539222717285156,31.69382667541504,81.41270446777344,21.379335403442383,29.643028259277344,108.81626892089844,34.13381576538086,100.18302917480469,23.253673553466797,20.333763122558594,109.4454116821289,110.0185775756836,93.17647552490234,75.67473602294922,53.905982971191406,143.24362182617188,114.69786834716797,137.78334045410156,32.49692153930664,60.5833854675293,42.90153503417969,125.69847106933594,63.49748611450195,198.394775390625,66.39093780517578,18.581310272216797,53.652523040771484,43.295719146728516,198.7012481689453,55.83379364013672,33.16465759277344,7.896757125854492,60.76591491699219,29.93102264404297,39.554866790771484,84.19004821777344,201.2516326904297,86.1934814453125,35.97543716430664,35.9063835144043,46.58574295043945,81.79700469970703,88.39991760253906
2016-12-19,57.34205627441406,26.909883499145508,91.01449584960938,60.937808990478516,67.10589599609375,66.92198181152344,81.00865173339844,44.591094970703125,31.640670776367188,81.05897521972656,21.37282371520996,30.11652946472168,108.78362274169922,33.959228515625,99.97978973388672,23.37529754638672,20.505645751953125,109.71270751953125,110.45875549316406,93.905029296875,75.78099822998047,53.767601013183594,144.8012237548828,113.44618225097656,138.5210418701172,32.70162582397461,60.86515808105469,43.48701858520508,126.9208984375,63.59273910522461,200.06069946289062,65.99262237548828,18.4337100982666,53.8697509765625,43.20184326171875,198.84266662597656,55.73922348022461,33.25783157348633,7.91551399230957,60.75181579589844,29.881059646606445,39.58534240722656,85.04060363769531,202.84988403320312,85.17762756347656,36.361812591552734,35.56669998168945,46.26295471191406,82.05286407470703,88.8255844116211
2016-12-20,57.269954681396484,26.981401443481445,90.73210144042969,60.94453811645508,67.96995544433594,66.8114013671875,81.21519470214844,44.124324798583984,31.63307762145996,80.66679382324219,21.385845184326172,30.377771377563477,109.38407897949219,34.046531677246094,100.25619506835938,23.23086929321289,20.57439613342285,111.06549835205078,110.7625732421875,94.24127197265625,77.11334991455078,54.03620147705078,144.9958953857422,113.04692840576172,139.95318603515625,32.57366943359375,60.796607971191406,43.26744079589844,126.02018737792969,63.5581169128418,201.29034423828125,66.4440689086914,18.622304916381836,53.6163215637207,43.890316009521484,202.18621826171875,56.49570083618164,33.778106689453125,7.990541458129883,60.907100677490234,29.556257247924805,39.25786590576172,85.43313598632812,204.2396240234375,84.84394073486328,36.464683532714844,35.68248748779297,45.081809997558594,81.55826568603516,90.03308868408203
2016-12-21,57.269954681396484,27.00678253173828,90.45751953125,60.843448638916016,68.14277648925781,66.58231353759766,81.18767547607422,43.34394836425781,31.564746856689453,80.51299285888672,21.092884063720703,30.190000534057617,109.20785522460938,33.89811706542969,100.13423919677734,23.124448776245117,20.408245086669922,110.83870697021484,110.6261978149414,93.8329849243164,76.68830871582031,53.75946807861328,146.00653076171875,112.2406234741211,139.43235778808594,32.61631774902344,60.804222106933594,42.952762603759766,125.98344421386719,63.44551467895508,200.33042907714844,66.67423248291016,18.556703567504883,53.551151275634766,43.585182189941406,200.81387329101562,56.31387710571289,33.67714309692383,7.90300989151001,60.603572845458984,29.32308006286621,39.204559326171875,84.40086364746094,202.51109313964844,84.98481750488281,36.42677688598633,35.61302185058594,45.771427154541016,81.75438690185547,89.55529022216797
2016-12-22,57.278968811035156,26.829132080078125,90.55953979492188,61.24108123779297,68.25273895263672,66.7323989868164,81.77984619140625,43.45333480834961,31.549551010131836,81.01285552978516,21.053823471069336,30.149200439453125,109.03166198730469,34.01160430908203,100.57323455810547,23.154855728149414,19.935564041137695,109.7046127319336,111.10357666015625,93.60877990722656,76.93352508544922,54.01993179321289,145.98797607421875,112.38656616210938,139.12631225585938,32.658966064453125,59.99706268310547,43.003997802734375,125.89147186279297,63.454200744628906,200.55255126953125,66.0191879272461,18.48291015625,53.07328796386719,43.61649703979492,199.71597290039062,55.69559860229492,33.22677993774414,7.752951622009277,59.48820877075195,29.13153648376465,39.250244140625,84.5462417602539,203.00619506835938,85.28884887695312,36.648799896240234,34.87960433959961,45.8227653503418,81.01249694824219,89.55529022216797
2016-12-23,56.99956130981445,26.8821964263916,90.96746063232422,61.13325881958008,68.37841033935547,67.11951446533203,81.53882598876953,43.43875503540039,31.587520599365234,80.81290435791016,21.144969940185547,30.181852340698242,108.80322265625,33.85446548461914,100.10173034667969,23.208066940307617,19.921245574951172,109.39679718017578,110.82457733154297,93.66483306884766,77.09701538085938,53.93852233886719,146.31246948242188,113.3003158569336,139.3886260986328,32.76984405517578,60.26356506347656,43.62607192993164,127.39884185791016,63.913211822509766,198.00599670410156,66.3644027709961,18.5321044921875,53.3194694519043,43.78078842163086,200.4229736328125,55.71013641357422,33.436439514160156,7.79046630859375,59.495269775390625,29.214811325073242,39.12078094482422,84.30635070800781,202.37213134765625,85.14051818847656,36.670467376708984,34.856441497802734,45.60268783569336,80.74810791015625,89.58134460449219
2016-12-27,57.03561019897461,27.052919387817383,90.92821502685547,61.16020202636719,68.4412612915039,66.8351058959961,81.40111541748047,43.606502532958984,31.59511375427246,80.8436508178711,21.177513122558594,30.263477325439453,109.08384704589844,33.8893928527832,100.0448226928711,23.322092056274414,19.96707534790039,109.56694030761719,110.92997741699219,93.69686889648438,77.28499603271484,53.7269172668457,146.00653076171875,113.92227935791016,139.47607421875,32.923362731933594,60.37779998779297,43.421142578125,128.1157684326172,63.9305419921875,199.01353454589844,66.37328338623047,18.54030418395996,53.384639739990234,43.77296829223633,200.91366577148438,55.935630798339844,33.483028411865234,7.74669885635376,59.64351272583008,29.28976821899414,39.295936584472656,84.42266845703125,202.58929443359375,85.35557556152344,36.724609375,35.24245834350586,45.63202667236328,81.73733520507812,90.25894165039062
2016-12-28,56.774227142333984,26.937564849853516,90.29279327392578,60.856929779052734,67.94638061523438,66.41641998291016,81.18767547607422,43.227264404296875,31.428071975708008,80.45149230957031,21.06033706665039,29.904272079467773,108.46381378173828,33.76717758178711,99.72779846191406,23.124448776245117,19.8553524017334,109.41300201416016,110.40912628173828,92.67205810546875,76.14065551757812,53.40134048461914,144.72703552246094,113.39247131347656,138.60169982910156,32.59926223754883,60.18741989135742,42.89421844482422,125.91907501220703,63.28095245361328,197.9980926513672,65.8332748413086,18.310705184936523,52.689517974853516,43.28007507324219,200.15679931640625,55.33189392089844,33.09477233886719,7.659164905548096,59.00817108154297,28.881689071655273,38.66386032104492,83.74658966064453,201.46876525878906,84.64372253417969,36.5567512512207,35.00312423706055,45.40460205078125,80.73108673095703,90.35508728027344
2016-12-29,56.693111419677734,26.930644989013672,90.59873962402344,60.89063262939453,67.46721649169922,66.63758850097656,81.12570190429688,43.059505462646484,31.587520599365234,80.73601531982422,21.15147590637207,29.928760528564453,108.73143768310547,33.77589416503906,99.81724548339844,23.154855728149414,19.841028213500977,109.43733215332031,110.61373901367188,92.8722152709961,76.25506591796875,53.62923812866211,144.34695434570312,113.47695922851562,138.64537048339844,32.676021575927734,60.15694808959961,43.106449127197266,124.54039764404297,63.71402359008789,198.79931640625,65.43492126464844,18.040096282958984,52.22614669799805,42.904541015625,198.10238647460938,54.94637680053711,32.72981643676758,7.646658897399902,58.9305419921875,28.806730270385742,38.48870849609375,83.5866470336914,202.05947875976562,85.33333587646484,36.74085235595703,35.01856231689453,45.74941635131836,81.27685546875,90.18030548095703
2016-12-30,56.00809860229492,26.720701217651367,90.37911224365234,60.829994201660156,67.78143310546875,66.42427825927734,81.04308319091797,42.93552017211914,31.481229782104492,80.45918273925781,21.144969940185547,29.610363006591797,108.33329010009766,33.56638717651367,98.94741821289062,22.9724063873291,19.800920486450195,108.61107635498047,110.7129898071289,92.75214385986328,75.8055191040039,53.262977600097656,144.33766174316406,112.27135467529297,138.16441345214844,32.76132583618164,60.08843231201172,42.769798278808594,122.60102844238281,63.70534896850586,198.28369140625,65.57657623291016,18.122098922729492,51.849632263183594,43.11576843261719,199.15872192382812,54.742713928222656,32.80747604370117,7.584136009216309,58.422271728515625,28.740116119384766,38.18406677246094,83.33946990966797,202.0160369873047,84.6214599609375,36.61631774902344,35.24245834350586,45.31657028198242,80.80781555175781,90.03177642822266
2017-01-03,56.40468215942383,26.796836853027344,90.8733139038086,61.254547119140625,68.51982116699219,66.51911926269531,81.1463623046875,43.86906051635742,31.739395141601562,80.47454833984375,21.483495712280273,29.879770278930664,109.116455078125,33.78548049926758,97.24029541015625,23.215669631958008,19.66914939880371,108.7973861694336,110.39055633544922,93.01634979248047,76.82725524902344,53.3443717956543,145.53367614746094,115.74217987060547,138.55787658691406,33.307193756103516,61.184967041015625,43.50896453857422,124.74259948730469,64.61480712890625,200.95718383789062,66.70076751708984,18.474702835083008,53.695980072021484,43.81208038330078,200.9219970703125,55.16459655761719,33.42867660522461,7.871745586395264,58.563446044921875,28.082189559936523,38.5420036315918,83.65934753417969,204.0224609375,84.94774627685547,36.62171936035156,35.659339904785156,45.55134201049805,81.22567749023438,90.91426849365234
2017-01-04,56.15232467651367,26.766847610473633,90.72427368164062,60.58061218261719,68.64619445800781,66.756103515625,81.12570190429688,43.8544807434082,31.625499725341797,80.62834930419922,21.67228889465332,29.724666595458984,110.46746826171875,33.95199966430664,97.12645721435547,23.07766342163086,19.783733367919922,109.76132202148438,110.55799102783203,93.27253723144531,76.48397827148438,53.93041229248047,147.06344604492188,117.38544464111328,138.60169982910156,33.57160949707031,60.72806930541992,43.56790542602539,127.49994659423828,64.71875762939453,201.4966278076172,67.79422760009766,18.819108963012695,55.30335998535156,43.851192474365234,202.21951293945312,55.986541748046875,33.87127685546875,8.234384536743164,58.57756423950195,27.68244743347168,38.899940490722656,83.68115997314453,204.33506774902344,85.407470703125,36.74085235595703,35.597572326660156,45.53666305541992,82.94824981689453,92.4607925415039
2017-01-05,56.15232467651367,26.902957916259766,91.67347717285156,59.67753219604492,68.0143051147461,67.19852447509766,80.77452850341797,43.83988571166992,31.701417922973633,80.52069854736328,21.880613327026367,29.67568016052246,110.10199737548828,33.86436462402344,97.30531311035156,23.131328582763672,19.826711654663086,108.46524047851562,110.17977905273438,93.480712890625,76.01802062988281,54.41061019897461,147.14688110351562,117.46988677978516,137.8146209716797,33.86160659790039,61.9997673034668,44.29723358154297,130.24813842773438,65.47229766845703,203.07533264160156,66.95860290527344,18.597707748413086,55.03548049926758,43.1705436706543,200.71408081054688,55.55012893676758,33.56067657470703,7.984289169311523,58.61285400390625,27.657461166381836,38.78570556640625,83.72480010986328,204.9778594970703,86.02294921875,36.7841796875,35.33509063720703,45.668724060058594,81.54118347167969,92.0501480102539
2017-01-06,56.6390266418457,27.202882766723633,91.23418426513672,59.643836975097656,68.02220153808594,67.17481231689453,80.45091247558594,43.95657730102539,31.69382667541504,80.40535736083984,21.795982360839844,29.78180694580078,110.6436538696289,33.69784164428711,98.1670150756836,23.177326202392578,19.554553985595703,108.16553497314453,110.50215911865234,94.89781188964844,76.05074310302734,54.82571029663086,147.5084991455078,120.38785552978516,138.20816040039062,34.78278350830078,62.59369659423828,44.164634704589844,130.3400115966797,65.54159545898438,204.55886840820312,67.09192657470703,18.597707748413086,54.658966064453125,43.0610237121582,203.69163513183594,55.004581451416016,34.04988479614258,7.9780354499816895,58.662269592285156,27.574182510375977,38.64101028442383,83.89200592041016,205.62066650390625,86.33438873291016,36.94662857055664,34.52446365356445,45.44691848754883,81.51560974121094,93.04622650146484
2017-01-09,56.45875549316406,27.452049255371094,91.21846771240234,58.659889221191406,68.0696029663086,66.67711639404297,79.7623519897461,44.56190872192383,31.374914169311523,79.5594711303711,21.789470672607422,29.887950897216797,109.41673278808594,34.206153869628906,97.89877319335938,23.13899803161621,19.683469772338867,108.7973861694336,109.90696716308594,94.11321258544922,75.50306701660156,54.06062698364258,146.78533935546875,121.96968078613281,137.55227661132812,34.748661041259766,62.21295928955078,44.00254440307617,130.8363494873047,66.06127166748047,204.52713012695312,67.43865966796875,18.49110221862793,54.91239929199219,42.43513107299805,202.01983642578125,52.975189208984375,33.16465759277344,7.896757125854492,58.274009704589844,27.41594123840332,37.81852722167969,83.43399810791016,204.82154846191406,85.00707244873047,36.79499435424805,34.547637939453125,44.77411651611328,82.16370391845703,91.91035461425781
2017-01-10,56.440731048583984,27.479734420776367,91.12434387207031,57.911808013916016,68.26703643798828,65.95819091796875,79.15643310546875,43.70131301879883,31.162307739257812,78.41365814208984,21.769943237304688,29.830801010131836,108.02656555175781,33.88189697265625,97.75244140625,23.292335510253906,19.545963287353516,110.2473373413086,109.47916412353516,94.3533706665039,76.69647979736328,53.2222785949707,147.480712890625,121.90824127197266,137.15879821777344,35.21778106689453,62.95158386230469,44.18672180175781,128.88780212402344,66.06127166748047,203.22608947753906,68.14094543457031,18.810909271240234,54.3114128112793,42.732421875,201.75375366210938,53.4479866027832,33.436439514160156,8.034309387207031,58.35873031616211,27.640806198120117,37.81852722167969,82.8160629272461,202.4763641357422,84.79944610595703,36.670467376708984,34.32374572753906,44.69279098510742,82.19782257080078,91.6482162475586
2017-01-11,56.954490661621094,27.62738609313965,90.00251770019531,58.504878997802734,68.78045654296875,66.16358184814453,79.82434844970703,44.94847106933594,31.169904708862305,78.2906265258789,21.37282371520996,30.16551399230957,109.48196411132812,34.27627182006836,98.26457214355469,23.115997314453125,19.631900787353516,109.92332458496094,110.2913589477539,94.4814682006836,77.36674499511719,53.157169342041016,147.78662109375,120.26495361328125,137.5959930419922,35.26498794555664,63.02775573730469,41.84405517578125,131.1029052734375,65.18647003173828,202.40103149414062,68.3720932006836,18.917509078979492,53.4135856628418,42.87324905395508,204.40699768066406,53.84077835083008,33.91010665893555,7.9217634201049805,59.601165771484375,27.54087257385254,39.006553649902344,83.00509643554688,201.12135314941406,84.83651733398438,36.6325569152832,33.976348876953125,45.08463668823242,82.40249633789062,92.36469268798828
2017-01-12,56.43171691894531,27.51203155517578,89.91624450683594,58.1881103515625,68.11698150634766,66.23468780517578,79.98271179199219,45.3714599609375,31.093965530395508,78.31370544433594,21.22309112548828,29.969575881958008,109.6125259399414,34.35514450073242,99.25631713867188,23.03165626525879,19.471481323242188,109.41300201416016,110.01235961914062,94.17726135253906,76.82725524902344,53.5966911315918,146.7575225830078,119.29747009277344,137.24624633789062,34.95594024658203,62.89829635620117,41.65987777709961,132.96868896484375,66.8235092163086,200.40972900390625,68.34541320800781,18.79450798034668,53.116722106933594,42.6385383605957,202.81005859375,53.484371185302734,33.879058837890625,7.871745586395264,59.24113464355469,27.915645599365234,38.19169235229492,82.80879974365234,199.03677368164062,84.87357330322266,36.5567512512207,33.53630065917969,45.299041748046875,82.60717010498047,91.89289093017578
2017-01-13,56.51283264160156,27.463584899902344,89.90056610107422,58.19486618041992,68.48029327392578,66.36901092529297,80.1341781616211,45.466278076171875,31.040815353393555,78.09070587158203,21.17100715637207,30.03489112854004,109.21435546875,34.40773010253906,98.7685546875,23.054655075073242,19.23084259033203,109.38870239257812,109.98136901855469,94.52952575683594,77.22781372070312,53.621097564697266,147.25814819335938,119.88103485107422,137.11502075195312,35.13622283935547,62.42616271972656,41.41676330566406,134.47601318359375,67.04002380371094,201.92501831054688,68.11429595947266,18.86830711364746,52.90674591064453,43.27225112915039,203.1926727294922,53.59346389770508,34.01881408691406,7.896757125854492,59.17054748535156,28.398656845092773,38.526790618896484,83.0487060546875,199.92269897460938,84.96997833251953,36.59465026855469,33.62894821166992,45.158565521240234,82.13813018798828,92.43460083007812
2017-01-17,56.35962677001953,27.68506622314453,90.11235809326172,58.875526428222656,65.99226379394531,67.3170166015625,80.0653305053711,44.83905792236328,31.298995971679688,78.58284759521484,20.87154197692871,30.043045043945312,109.57333374023438,34.267494201660156,99.7846908569336,22.99332046508789,19.600393295288086,110.10965728759766,109.90079498291016,93.85697937011719,76.48397827148438,54.61408996582031,146.1826629638672,118.86741638183594,136.72154235839844,35.110477447509766,63.90345764160156,41.460968017578125,133.06060791015625,66.56366729736328,201.5997772216797,68.09648132324219,18.081100463867188,52.06684875488281,42.07523727416992,196.07298278808594,53.13520812988281,32.72981643676758,7.884249210357666,59.452903747558594,29.014942169189453,38.19169235229492,82.92513275146484,198.45477294921875,86.03776550292969,37.08199691772461,34.501312255859375,45.82396697998047,81.83968353271484,91.16768646240234
2017-01-18,56.332584381103516,27.68275260925293,89.97900390625,58.14768600463867,66.30033111572266,67.6275405883789,79.83121490478516,44.612979888916016,31.352134704589844,79.00576782226562,20.852008819580078,30.010395050048828,108.86194610595703,34.34638977050781,99.75218200683594,23.02399253845215,19.511587142944336,110.29593658447266,110.6633529663086,94.5215072631836,76.92076873779297,55.232662200927734,146.78533935546875,119.6122817993164,136.5466766357422,34.990291595458984,63.61410140991211,41.30626678466797,130.48709106445312,67.15262603759766,201.56008911132812,68.8876953125,18.556703567504883,52.22614669799805,42.458587646484375,194.86697387695312,53.30978775024414,33.281131744384766,7.884251117706299,59.38231658935547,29.0732421875,38.28307342529297,83.57211303710938,199.98348999023438,86.31212615966797,37.450218200683594,34.70204162597656,45.89790725708008,82.45364379882812,91.95404052734375
2017-01-19,56.15232467651367,27.63430404663086,89.5867691040039,57.10307693481445,65.79479217529297,67.44440460205078,79.58334350585938,44.000343322753906,31.238235473632812,78.71356964111328,20.637174606323242,29.85527801513672,108.86846160888672,34.3639030456543,99.32134246826172,22.985654830932617,19.3712100982666,109.67219543457031,110.78115844726562,94.40142059326172,76.96195983886719,54.88065719604492,147.41578674316406,118.099609375,136.45919799804688,34.681243896484375,63.35517501831055,40.87898254394531,132.49998474121094,66.55497741699219,203.90838623046875,68.17649841308594,18.474702835083008,51.8206672668457,42.70112991333008,192.47157287597656,52.916988372802734,32.962772369384766,7.8969573974609375,58.937591552734375,28.531911849975586,37.970848083496094,83.07049560546875,201.8509979248047,85.9413833618164,37.661407470703125,34.35462951660156,45.57999038696289,83.14437866210938,91.7618179321289
2017-01-20,56.54890060424805,27.68506622314453,89.54755401611328,57.88485336303711,66.08707427978516,69.6341781616211,79.59710693359375,45.60485076904297,31.374914169311523,79.39027404785156,20.6827449798584,30.157352447509766,111.30936431884766,34.942344665527344,99.38636779785156,23.07766342163086,19.245161056518555,109.84231567382812,110.6633529663086,94.32937622070312,77.95098876953125,55.6256217956543,147.9071502685547,118.7676010131836,133.4860076904297,34.732757568359375,62.481834411621094,36.267295837402344,133.06060791015625,66.52898406982422,204.4636993408203,67.74090576171875,18.56490707397461,51.415199279785156,43.08449172973633,193.128662109375,53.60799789428711,33.07147979736328,7.852485656738281,57.6880989074707,28.390336990356445,38.633399963378906,83.57211303710938,201.60780334472656,86.17864990234375,37.91050338745117,34.532196044921875,46.1492805480957,84.42353820800781,93.2646713256836
2017-01-23,56.74717712402344,27.703516006469727,89.35929107666016,57.26482009887695,66.11865234375,69.24397277832031,79.45252227783203,45.079750061035156,31.458433151245117,79.98239135742188,20.480932235717773,30.01856231689453,111.62265014648438,34.77582931518555,98.67100524902344,23.207996368408203,19.093341827392578,111.84315490722656,110.67578125,94.0010757446289,77.85208129882812,55.298160552978516,146.34030151367188,117.27025604248047,130.07565307617188,34.629722595214844,62.24433898925781,36.834537506103516,133.55694580078125,66.10460662841797,204.26536560058594,67.53644561767578,18.499300003051758,51.18350601196289,42.44295120239258,193.5195770263672,53.4261474609375,32.582271575927734,7.820720195770264,57.568084716796875,27.923961639404297,38.03176498413086,83.20862579345703,201.2429962158203,86.74219512939453,38.20290756225586,34.51676559448242,45.92747116088867,85.48096466064453,93.59671020507812
2017-01-24,57.25193786621094,27.67814064025879,87.67265319824219,57.345703125,66.91641235351562,69.96063232421875,80.12731170654297,44.642147064208984,31.8153133392334,80.52069854736328,20.279117584228516,30.712482452392578,114.80105590820312,35.143917083740234,98.40274810791016,23.461008071899414,19.308191299438477,111.83504486083984,109.10096740722656,94.44145202636719,79.31915283203125,55.87938690185547,148.8528594970703,116.60218048095703,131.168701171875,34.60398483276367,62.650386810302734,36.068389892578125,134.6782684326172,64.83135986328125,200.63983154296875,68.83435821533203,18.819108963012695,50.86491394042969,42.79500198364258,194.35963439941406,53.7098503112793,33.18018341064453,8.011312484741211,57.34220504760742,27.807369232177734,38.28307342529297,84.36454010009766,202.02471923828125,90.30886840820312,38.31663131713867,34.478153228759766,46.334110260009766,86.811279296875,94.07727813720703
2017-01-25,57.39613723754883,28.118793487548828,88.48851013183594,57.51417922973633,67.95111083984375,69.40324401855469,80.72633361816406,44.54732894897461,31.982372283935547,80.44380950927734,20.370258331298828,30.859437942504883,116.36087036132812,35.1877326965332,99.00431823730469,23.53767967224121,19.162090301513672,111.3652114868164,109.57218170166016,94.37739562988281,80.89331817626953,56.01854705810547,155.16668701171875,118.32994079589844,132.78646850585938,34.60398483276367,60.896060943603516,36.5030403137207,136.55328369140625,64.83135986328125,199.1245574951172,68.35428619384766,19.163509368896484,52.06684875488281,44.297149658203125,197.3289337158203,53.95714569091797,34.05765151977539,8.12567138671875,57.90693283081055,27.873998641967773,38.60293197631836,85.0478515625,200.5046844482422,90.464599609375,38.4249153137207,34.8950309753418,46.58548355102539,86.19728088378906,94.41801452636719
2017-01-26,57.92790985107422,28.132638931274414,87.73541259765625,57.68940353393555,68.51982116699219,68.95732116699219,80.25121307373047,44.63485336303711,31.746980667114258,80.08236694335938,20.363744735717773,30.663503646850586,116.60237121582031,35.17021942138672,99.07745361328125,23.56835174560547,19.116256713867188,112.15904998779297,109.62797546386719,94.449462890625,80.12684631347656,55.86301040649414,156.79844665527344,117.46988677978516,132.56785583496094,35.16197204589844,60.7734489440918,34.49186706542969,134.92642211914062,64.59749603271484,202.2740936279297,68.3898696899414,19.220909118652344,51.56724548339844,44.73525619506836,199.26683044433594,51.10582733154297,34.181884765625,7.858838081359863,57.37042999267578,28.098854064941406,38.55724334716797,85.00424194335938,197.13455200195312,90.5758285522461,38.36536407470703,34.39323806762695,46.35628890991211,86.85388946533203,94.04232788085938
2017-01-27,59.288902282714844,28.134950637817383,88.94351196289062,57.62875747680664,68.6619873046875,69.05292510986328,78.3508071899414,45.03599166870117,31.473623275756836,79.57483673095703,20.454896926879883,31.006389617919922,115.71472930908203,35.257843017578125,99.87410736083984,23.752355575561523,18.809736251831055,112.05374908447266,110.03718566894531,94.80974578857422,81.58563232421875,52.94870376586914,155.48190307617188,120.67969512939453,131.21240234375,35.19630813598633,59.56309127807617,35.16963195800781,134.93563842773438,65.29041290283203,201.10791015625,68.31875610351562,19.155303955078125,51.59621810913086,44.273681640625,197.07937622070312,50.472991943359375,34.049278259277344,7.935077667236328,57.53281021118164,27.78238296508789,37.64338302612305,85.8475112915039,199.62734985351562,89.708251953125,38.462833404541016,34.370079040527344,46.37107849121094,86.99884033203125,94.35686492919922
2017-01-30,58.70305252075195,28.06110954284668,88.74739074707031,57.190696716308594,67.95111083984375,69.07681274414062,76.99436950683594,44.8026008605957,31.42047691345215,79.73633575439453,20.383285522460938,30.54920768737793,114.73579406738281,35.257843017578125,100.00416564941406,23.637353897094727,19.02744483947754,112.16715240478516,108.75997924804688,95.36214447021484,79.7724380493164,52.82590103149414,153.50711059570312,118.58335876464844,130.9938201904297,35.20489501953125,60.27550506591797,35.86949157714844,133.91539001464844,64.70144653320312,200.57638549804688,68.70101165771484,18.819108963012695,51.7772331237793,43.874671936035156,194.5425567626953,49.432838439941406,33.635841369628906,7.858838081359863,57.518672943115234,27.982263565063477,36.158363342285156,85.0769271850586,199.3234100341797,89.41905975341797,38.60904312133789,34.06898880004883,46.28236389160156,87.00739288330078,93.54428100585938
2017-01-31,58.270423889160156,27.996522903442383,88.84153747558594,56.536956787109375,66.84530639648438,69.75360107421875,76.67073822021484,45.21102523803711,31.564746856689453,79.80553436279297,20.656705856323242,30.059383392333984,113.90036010742188,35.152679443359375,99.63836669921875,23.55301284790039,19.11911964416504,111.44624328613281,108.38800048828125,94.72967529296875,78.84109497070312,52.8668327331543,151.51373291015625,120.31103515625,129.85704040527344,35.85731887817383,60.3751106262207,36.215736389160156,134.3933563232422,66.71955871582031,199.3863983154297,67.90090942382812,18.56490707397461,52.45783233642578,44.07026672363281,190.73324584960938,49.054595947265625,33.14442443847656,7.852485656738281,57.843414306640625,28.28207015991211,37.133140563964844,79.33391571044922,198.97596740722656,89.81947326660156,38.54405212402344,34.169349670410156,46.19364929199219,85.28482818603516,93.53551483154297
2017-02-01,57.306007385253906,29.703763961791992,88.8258285522461,55.89672088623047,67.09806823730469,69.53861999511719,76.42973327636719,45.29124069213867,31.32935333251953,79.21341705322266,20.82769203186035,29.814462661743164,113.75029754638672,34.916046142578125,99.51643371582031,23.38434410095215,18.973020553588867,111.33280181884766,108.60498809814453,94.47347259521484,78.3878173828125,52.98145294189453,152.02369689941406,122.60698699951172,129.81333923339844,36.33805465698242,59.73158264160156,36.31149673461914,135.69847106933594,67.2132568359375,199.04522705078125,68.23876190185547,18.76990509033203,52.72574234008789,44.038753509521484,191.85606384277344,48.56725311279297,33.308223724365234,7.8270721435546875,57.208065032958984,27.849016189575195,36.93513107299805,76.5859603881836,198.75013732910156,89.7304916381836,38.65776062011719,33.79106521606445,45.37297439575195,85.75383758544922,93.6229248046875
2017-02-02,56.93647003173828,29.65300941467285,89.09254455566406,56.24044418334961,66.813720703125,69.88101196289062,77.26290130615234,46.808250427246094,31.43566131591797,79.99778747558594,20.86715316772461,29.945083618164062,113.9395523071289,35.03873825073242,100.16676330566406,23.90570068359375,19.107654571533203,110.9358901977539,107.99118041992188,94.46546936035156,77.28341674804688,53.7673454284668,150.4382781982422,122.53789520263672,129.7696075439453,36.69858932495117,57.30311584472656,37.20288848876953,136.29588317871094,67.03138732910156,199.89410400390625,68.0164566040039,18.630504608154297,52.31303024291992,43.91272735595703,191.6398468017578,48.3344841003418,32.86359786987305,7.801661491394043,56.890403747558594,28.398656845092773,37.0798225402832,76.40421295166016,199.64474487304688,90.0271224975586,38.690242767333984,33.960906982421875,45.63173294067383,85.7708969116211,93.86756134033203
2017-02-03,57.39613723754883,29.77989959716797,89.1474609375,56.30109786987305,68.85944366455078,69.60231018066406,78.19931030273438,46.88848114013672,31.541973114013672,80.82828521728516,21.103906631469727,30.027305603027344,114.74887084960938,35.43313217163086,100.99592590332031,24.01303482055664,19.050365447998047,111.77022552490234,108.5243911743164,95.42620849609375,76.87958526611328,54.004737854003906,150.56805419921875,128.6425323486328,129.85704040527344,36.724342346191406,57.80873489379883,37.4091682434082,137.22421264648438,66.89279174804688,201.86947631835938,69.37663269042969,19.09790802001953,52.378177642822266,45.109981536865234,200.4062957763672,49.25100326538086,34.65771484375,7.979549407958984,56.805702209472656,28.332040786743164,38.404937744140625,77.74907684326172,200.95631408691406,90.12348175048828,38.711910247802734,33.960906982421875,46.378475189208984,86.077880859375,94.35686492919922
2017-02-06,57.36008071899414,30.05904769897461,88.95921325683594,56.14607238769531,68.53559112548828,69.59434509277344,77.79308319091797,47.3625373840332,31.557153701782227,80.41304016113281,21.19597625732422,29.821748733520508,114.77497100830078,35.143917083740234,101.1666488647461,23.997699737548828,19.02172088623047,110.56327056884766,108.56157684326172,95.54630279541016,76.54163360595703,53.611785888671875,152.03294372558594,127.91299438476562,129.68211364746094,36.42388916015625,58.276031494140625,37.600704193115234,135.13783264160156,67.41249084472656,202.54380798339844,69.18106842041016,18.958499908447266,52.414390563964844,44.5428581237793,199.5995330810547,48.974578857421875,34.813724517822266,7.954136848449707,57.03864288330078,28.057205200195312,38.1460075378418,77.10211181640625,202.2244415283203,89.90105438232422,38.60361862182617,33.984066009521484,45.424739837646484,85.20809173583984,94.41801452636719
2017-02-07,57.170814514160156,30.345142364501953,89.02198028564453,55.78215789794922,68.49612426757812,70.08009338378906,76.69828796386719,46.822845458984375,31.8153133392334,81.21279907226562,21.09733009338379,29.88753318786621,116.47185516357422,35.11762619018555,101.28046417236328,24.112709045410156,19.162090301513672,110.69291687011719,108.97077941894531,95.85054779052734,76.90430450439453,54.48772430419922,154.36936950683594,128.0972900390625,129.24488830566406,36.81877899169922,58.49820327758789,38.057464599609375,135.9374542236328,67.29988861083984,203.38473510742188,69.09217071533203,18.77811050415039,52.9501953125,44.3774528503418,199.30010986328125,49.13461685180664,35.00093078613281,7.839779376983643,57.483375549316406,27.54920768737793,37.63575744628906,76.83312225341797,202.36341857910156,90.79828643798828,39.09638214111328,34.42412185668945,45.70567321777344,85.28482818603516,95.02967834472656
2017-02-08,57.089691162109375,30.462791442871094,88.95921325683594,55.4149055480957,67.89584350585938,70.33489227294922,76.82911682128906,46.910362243652344,31.90643310546875,81.2743148803711,21.136789321899414,29.912206649780273,115.88640594482422,35.073795318603516,101.34547424316406,23.974699020385742,19.425643920898438,111.68921661376953,109.78297424316406,95.85855102539062,76.5746078491211,54.51227569580078,153.18173217773438,129.09556579589844,128.67649841308594,36.398136138916016,59.01148223876953,38.30792999267578,135.88230895996094,67.6550064086914,203.67828369140625,69.16327667236328,18.589500427246094,48.38862609863281,43.818214416503906,197.72811889648438,49.149166107177734,34.25209426879883,7.86519193649292,57.55397033691406,27.34932518005371,37.77283477783203,77.17481231689453,201.87705993652344,91.15420532226562,39.06931686401367,33.55173110961914,46.00143051147461,85.36156463623047,94.7238540649414
2017-02-09,57.73863983154297,30.68292236328125,89.49263000488281,55.65972900390625,68.875244140625,70.60563659667969,77.29732513427734,46.9614143371582,31.321758270263672,81.48961639404297,21.294626235961914,29.1557674407959,116.57052612304688,35.257843017578125,101.19103240966797,24.15104866027832,19.78946304321289,112.3615951538086,110.47117614746094,96.6031265258789,77.44001770019531,54.52046585083008,153.6212615966797,128.596435546875,129.3760528564453,36.51831817626953,59.2259635925293,37.94694519042969,136.1580047607422,67.29988861083984,204.83653259277344,69.50110626220703,18.958499908447266,47.490814208984375,44.68464660644531,200.90533447265625,49.78926086425781,34.98533630371094,7.86519193649292,58.15400314331055,27.890653610229492,37.93276596069336,77.39288330078125,203.97901916503906,91.63617706298828,39.2534294128418,33.61348342895508,46.62245559692383,85.38717651367188,95.34422302246094
2017-02-10,57.68455505371094,30.6134090423584,90.40263366699219,56.12220001220703,68.71728515625,70.0482406616211,77.84130096435547,46.78636169433594,30.813020706176758,81.58958435058594,21.2748966217041,29.057090759277344,117.53749084472656,35.74863815307617,102.28035736083984,24.158706665039062,19.485797882080078,113.2850112915039,110.97955322265625,97.55587005615234,79.37683868408203,55.43733215332031,155.44471740722656,128.91896057128906,129.94444274902344,36.69001388549805,60.160606384277344,38.05009841918945,133.77752685546875,67.37784576416016,206.70079040527344,69.7677993774414,18.925708770751953,48.04834747314453,44.78704071044922,201.8784942626953,50.48027038574219,34.86833572387695,7.947781085968018,58.81052780151367,27.8823184967041,38.38831329345703,78.03263092041016,205.20370483398438,91.61392211914062,39.215518951416016,33.83737564086914,46.40065002441406,85.73680114746094,96.32283020019531
2017-02-13,58.33351516723633,30.88451385498047,90.9046859741211,56.44864273071289,69.6256103515625,70.31897735595703,78.4334487915039,47.23855209350586,30.843399047851562,81.91255950927734,21.445884704589844,29.435314178466797,117.98477935791016,36.01154708862305,102.052734375,24.511384963989258,19.4141845703125,113.30120849609375,112.23196411132812,98.97296905517578,81.18180847167969,55.42913818359375,157.12796020507812,129.63026428222656,131.34361267089844,37.102073669433594,60.290828704833984,38.33002853393555,134.0532684326172,67.81383514404297,208.12881469726562,70.15007781982422,19.188106536865234,48.98236846923828,44.960330963134766,204.83114624023438,50.785770416259766,35.30516815185547,7.979549407958984,59.16153335571289,27.756938934326172,38.05143356323242,78.87590789794922,207.66183471679688,91.52496337890625,39.00973892211914,33.7447509765625,46.496768951416016,85.96703338623047,96.7684326171875
2017-02-14,58.551143646240234,31.28536033630371,91.28121948242188,56.32625198364258,70.7392807006836,69.96063232421875,78.21795654296875,47.887657165527344,30.77505874633789,82.22014617919922,21.537954330444336,29.542203903198242,118.49127960205078,36.020320892333984,102.2721939086914,24.772071838378906,19.66914939880371,114.5082015991211,112.59152221679688,98.97296905517578,80.84386444091797,55.45370101928711,157.5674285888672,129.93177795410156,132.3929443359375,37.4712028503418,60.26787185668945,39.56767272949219,134.81613159179688,68.72066497802734,208.2954559326172,70.59456634521484,19.729307174682617,48.909969329833984,45.66923141479492,207.48440551757812,50.814857482910156,35.91358947753906,8.036724090576172,59.416812896728516,27.639938354492188,38.38831329345703,79.23213195800781,208.13079833984375,91.11713409423828,38.923099517822266,33.76017761230469,46.64462661743164,86.61511993408203,96.15680694580078
2017-02-15,58.514869689941406,31.398887634277344,91.94017791748047,56.557491302490234,71.55284881591797,72.55648803710938,78.25271606445312,47.52299499511719,30.70671844482422,82.07405853271484,22.03776741027832,29.640872955322266,119.51087951660156,36.29201126098633,102.81684875488281,25.1630859375,19.67774772644043,115.18049621582031,113.3871841430664,99.50138092041016,81.61038208007812,56.16590881347656,158.3155517578125,132.82345581054688,132.69903564453125,37.77165222167969,60.834754943847656,40.540096282958984,134.7333984375,69.97633361816406,209.0093994140625,70.76346588134766,20.155710220336914,50.539085388183594,46.118202209472656,208.38262939453125,52.04413604736328,36.26462936401367,8.02402114868164,59.74302291870117,28.0076904296875,37.79110336303711,79.2539291381836,209.84197998046875,92.25164794921875,39.08013916015625,34.33146667480469,46.71857833862305,86.8976821899414,95.34422302246094
2017-02-16,58.50579833984375,31.36182403564453,92.63053131103516,55.97257995605469,71.50543975830078,72.29373168945312,76.93887329101562,47.59592819213867,31.2838077545166,83.14293670654297,22.11009979248047,29.936866760253906,119.34648895263672,36.44975662231445,102.99569702148438,25.7611083984375,19.72930335998535,114.65399932861328,114.45428466796875,99.40531158447266,80.98399353027344,56.48516845703125,159.72755432128906,133.07086181640625,133.13624572753906,37.9433479309082,60.86541748046875,39.98758316040039,133.57533264160156,69.79322052001953,210.49290466308594,70.6834716796875,20.155710220336914,50.908348083496094,45.779502868652344,207.4677276611328,51.8768424987793,35.96820831298828,7.96684455871582,60.73577880859375,28.367080688476562,37.01018142700195,78.54339599609375,211.5270538330078,93.89038848876953,39.3725471496582,34.292606353759766,45.498653411865234,87.12882232666016,95.38789367675781
2017-02-17,58.59648132324219,31.447553634643555,93.2424087524414,55.60533905029297,71.26850891113281,72.53260040283203,76.69558715820312,47.69072723388672,31.306575775146484,83.16600036621094,22.11009979248047,29.994417190551758,118.84651184082031,36.86167526245117,103.8899154663086,25.868453979492188,19.872539520263672,115.83666229248047,114.16724395751953,99.72557067871094,81.47024536132812,58.92467498779297,161.50430297851562,133.98321533203125,132.78646850585938,38.363983154296875,61.04926300048828,40.21595001220703,131.94850158691406,70.0984115600586,210.50881958007812,70.8612289428711,20.106510162353516,50.57529830932617,45.75586700439453,208.2495880126953,51.716796875,35.99941635131836,7.992255210876465,60.88467025756836,28.425594329833984,36.374725341796875,78.30896759033203,211.5704803466797,97.82781982421875,39.51333999633789,34.751380920410156,43.790809631347656,87.64250946044922,96.34904479980469
2017-02-21,58.47859573364258,31.674633026123047,93.8699951171875,55.69373321533203,71.88459777832031,72.99445343017578,77.66181945800781,47.756370544433594,31.481229782104492,84.09649658203125,22.11009979248047,30.027305603027344,118.57685089111328,37.04571533203125,104.08499145507812,26.167457580566406,20.468400955200195,117.47296142578125,114.42933654785156,99.84566497802734,80.85211181640625,59.90701675415039,164.16937255859375,133.8672332763672,133.4423370361328,38.63868713378906,61.1028938293457,40.35593795776367,135.0827178955078,70.07225799560547,210.7547607421875,71.09237670898438,20.319719314575195,50.16981887817383,45.88189697265625,209.3973388671875,51.78953170776367,36.319236755371094,8.062139511108398,61.274696350097656,28.601112365722656,36.84941101074219,78.9096450805664,212.03952026367188,99.83731079101562,39.88155746459961,34.84469985961914,45.11421203613281,88.1818618774414,95.7723388671875
2017-02-22,58.3607292175293,31.76964569091797,93.76016998291016,55.040836334228516,71.92407989501953,72.8113021850586,76.73033905029297,47.617801666259766,31.587520599365234,84.13492584228516,22.09037971496582,29.657312393188477,119.16230010986328,37.256046295166016,103.93053436279297,26.13679313659668,20.542884826660156,117.65929412841797,116.09552001953125,100.64651489257812,80.9345474243164,60.16080093383789,163.9823760986328,133.4574737548828,132.61160278320312,38.63868713378906,61.409339904785156,40.77584457397461,135.56060791015625,70.69136047363281,210.96104431152344,70.99457550048828,20.32791519165039,49.83675765991211,45.96854782104492,209.3724365234375,51.97867965698242,36.28803253173828,8.049431800842285,61.18960189819336,27.773664474487305,36.06080627441406,77.37130737304688,211.04933166503906,99.97822570800781,39.854469299316406,34.77470397949219,44.79629135131836,88.01919555664062,95.80729675292969
2017-02-23,58.59648132324219,31.635236740112305,95.47032165527344,55.61893081665039,71.97938537597656,72.56446838378906,77.17522430419922,48.02622604370117,31.63307762145996,84.23490142822266,22.39946937561035,29.747753143310547,119.49116516113281,37.65043640136719,104.27196502685547,26.098453521728516,20.428295135498047,117.22185516357422,116.8131332397461,100.46944427490234,78.75045013427734,60.938514709472656,165.38504028320312,134.53990173339844,132.30311584472656,38.973472595214844,61.94559097290039,41.08525085449219,135.5790252685547,71.98188018798828,210.1121368408203,71.16353607177734,20.155710220336914,50.227745056152344,46.070945739746094,208.92324829101562,52.342369079589844,36.33483123779297,7.979549407958984,61.68598937988281,27.573074340820312,36.21394729614258,76.98303985595703,211.81369018554688,99.61485290527344,40.32017135620117,35.06242752075195,44.936771392822266,87.83940124511719,94.12970733642578
2017-02-24,58.59648132324219,31.66536521911621,96.91539764404297,55.14286422729492,71.34749603271484,72.50076293945312,76.54959869384766,48.25232696533203,31.724201202392578,84.4579086303711,22.531003952026367,30.03553009033203,119.29383087158203,37.83448791503906,104.58088684082031,26.313133239746094,20.737682342529297,118.22630310058594,116.950439453125,100.63849639892578,78.69278717041016,60.046199798583984,165.9274139404297,134.96519470214844,133.05227661132812,39.213844299316406,62.420562744140625,41.5788459777832,135.1470184326172,72.26091766357422,211.0244598388672,70.90569305419922,19.868711471557617,50.640472412109375,45.53532409667969,205.72943115234375,52.33507537841797,35.51576232910156,7.922371864318848,62.12566375732422,27.823820114135742,36.014869689941406,77.78153228759766,212.84732055664062,99.11064910888672,40.303932189941406,35.19461441040039,45.37297439575195,88.44725036621094,94.90731811523438
2017-02-27,58.24285125732422,31.727933883666992,96.6548080444336,55.45571517944336,71.42646789550781,72.37334442138672,77.68267822265625,48.02622604370117,31.640670776367188,84.02729034423828,22.544153213500977,30.019075393676758,118.0111083984375,37.422576904296875,103.99127197265625,26.267135620117188,20.551477432250977,117.69977569580078,116.638427734375,100.52580261230469,80.30815124511719,59.47315979003906,167.78829956054688,136.17904663085938,131.9505157470703,39.02498245239258,62.3669548034668,41.667240142822266,137.61024475097656,72.42657470703125,215.1621856689453,71.27017974853516,20.14751434326172,51.04593276977539,45.732242584228516,207.37625122070312,52.42965316772461,35.757591247558594,8.043081283569336,61.84909439086914,26.92950439453125,36.259883880615234,78.18443298339844,215.9307861328125,98.34688568115234,40.39057159423828,35.2801513671875,44.315731048583984,87.71099853515625,95.68498229980469
2017-02-28,58.01613998413086,31.741838455200195,96.5047836303711,55.306087493896484,71.57655334472656,72.51667022705078,78.20406341552734,48.04081344604492,31.860877990722656,84.880859375,22.438932418823242,29.76420021057129,118.28742218017578,37.326171875,104.53173065185547,26.20579719543457,20.319433212280273,117.38385009765625,116.28902435302734,100.2118911743164,79.66529846191406,59.74330520629883,168.53636169433594,136.48837280273438,131.37757873535156,38.69877243041992,61.731082916259766,41.77774429321289,136.85655212402344,72.20857238769531,212.94151306152344,71.17240142822266,20.23771095275879,51.03144836425781,45.5904655456543,206.85923767089844,51.79684066772461,35.6249885559082,7.9604878425598145,61.253414154052734,26.57847023010254,36.420658111572266,77.47386169433594,214.6191864013672,98.2875747680664,40.56926727294922,36.52434539794922,44.633644104003906,87.69387817382812,95.66751098632812
2017-03-01,58.88665008544922,32.39061737060547,97.8077163696289,56.46227264404297,73.93029022216797,72.98648834228516,79.1633529663086,48.288787841796875,32.01273727416992,84.9605941772461,22.6362247467041,29.542203903198242,119.68854522705078,37.61537551879883,105.6781997680664,26.405139923095703,20.181928634643555,118.817626953125,118.4793472290039,102.42542266845703,81.24771118164062,60.136234283447266,171.9776153564453,137.8104248046875,133.05227661132812,39.13658142089844,61.82301712036133,42.123992919921875,139.8896484375,73.1154556274414,214.37945556640625,72.8259048461914,20.973854064941406,50.821475982666016,47.04764938354492,210.73692321777344,52.7569694519043,36.51424026489258,8.062139511108398,61.52999496459961,26.795780181884766,37.55378341674805,78.28697967529297,213.6116485595703,98.7991943359375,40.9374885559082,36.166629791259766,44.76671600341797,88.4301528930664,97.17909240722656
2017-03-02,58.04334259033203,32.198299407958984,97.62608337402344,56.65269088745117,72.77711486816406,72.38927459716797,78.8018569946289,48.19398498535156,32.24813461303711,85.25481414794922,22.69540786743164,29.52574920654297,118.75442504882812,37.58909225463867,105.00666046142578,26.366796493530273,20.27073097229004,119.84638977050781,118.49805450439453,101.68488311767578,77.76969146728516,60.365447998046875,171.11732482910156,137.67898559570312,133.05227661132812,39.22243118286133,62.320960998535156,41.88825225830078,139.31980895996094,72.2957763671875,213.26905822753906,71.20796203613281,20.75177574157715,51.06764602661133,46.24422836303711,209.36093139648438,52.16050338745117,36.10081100463867,8.043081283569336,61.50872802734375,25.634017944335938,36.910667419433594,77.61302947998047,211.90298461914062,99.7335205078125,41.00247573852539,35.36569595336914,45.03288269042969,87.65104675292969,95.711181640625
2017-03-03,58.2609748840332,32.38829040527344,97.75244903564453,56.08140182495117,73.29843139648438,72.06281280517578,78.9339599609375,48.55862808227539,32.25571823120117,85.60324096679688,22.701990127563477,29.51753044128418,118.43865966796875,37.4138069152832,104.73646545410156,26.290132522583008,20.06161117553711,119.7330093383789,118.13610076904297,101.58830261230469,78.39607238769531,60.242652893066406,170.35986328125,139.3258819580078,132.74380493164062,38.844722747802734,62.06816482543945,42.18293380737305,139.69664001464844,73.0544204711914,213.88417053222656,71.01235961914062,20.924509048461914,51.21971130371094,46.38600158691406,210.88702392578125,51.86955261230469,36.529842376708984,8.036724090576172,60.90597152709961,24.764785766601562,36.612060546875,77.5983657836914,211.7809295654297,99.10323333740234,40.92123794555664,35.14794921875,44.89981460571289,87.3770980834961,96.83837127685547
2017-03-06,58.27909851074219,32.28634262084961,97.68927001953125,56.33303451538086,72.60334777832031,71.95930480957031,78.66980743408203,48.478397369384766,32.02793502807617,84.8831558227539,22.590187072753906,29.246198654174805,118.7149429321289,37.30863952636719,104.8429183959961,26.213462829589844,20.018640518188477,119.18213653564453,117.8802719116211,101.4836654663086,78.84109497070312,60.406375885009766,169.19094848632812,138.75372314453125,132.2149200439453,38.741695404052734,61.937923431396484,41.96928787231445,140.5881805419922,73.09801483154297,213.85220336914062,70.6745834350586,20.768226623535156,50.77077865600586,46.16546630859375,210.1531524658203,51.69499969482422,36.327022552490234,7.954136848449707,60.89887237548828,24.5474796295166,36.994873046875,77.7229232788086,211.77224731445312,98.86595153808594,40.92666244506836,34.80581283569336,44.67799758911133,86.64085388183594,96.84706115722656
2017-03-07,58.396995544433594,32.328060150146484,97.78402709960938,56.12220001220703,72.20052337646484,71.89559173583984,77.72439575195312,48.10645294189453,31.883655548095703,84.6431655883789,22.353435516357422,29.435314178466797,118.65576171875,37.33494567871094,104.87567138671875,26.22113609313965,20.01578140258789,119.00286865234375,117.99884033203125,101.6285400390625,79.06364440917969,60.34908676147461,170.21022033691406,137.1455078125,131.597900390625,38.63010025024414,61.907291412353516,41.497806549072266,139.55874633789062,72.1475601196289,214.9066162109375,70.74567413330078,20.735326766967773,49.974327087402344,45.9212760925293,209.2275848388672,51.57133483886719,36.13981628417969,7.916018009185791,60.97687911987305,24.079425811767578,36.53550720214844,77.38595581054688,212.52191162109375,98.90303039550781,41.20823669433594,34.5725212097168,44.5449333190918,86.28125,96.32283020019531
2017-03-08,58.93198776245117,32.20757293701172,97.99725341796875,55.108856201171875,72.04256439208984,71.77613830566406,76.1950912475586,47.98976135253906,31.883655548095703,84.62767028808594,22.300823211669922,29.287311553955078,118.0439682006836,37.34370040893555,104.89203643798828,26.083126068115234,20.142745971679688,119.73636627197266,118.26089477539062,101.8941421508789,76.83837127685547,59.89066696166992,169.94842529296875,137.45477294921875,131.33349609375,38.939144134521484,62.08347702026367,42.07978439331055,139.96331787109375,72.73178100585938,213.85220336914062,70.2656021118164,20.77644920349121,50.4666862487793,45.85039138793945,208.6771240234375,51.86228561401367,36.18661880493164,7.9604878425598145,60.3883056640625,24.23822784423828,35.14973831176758,77.45188903808594,212.33888244628906,98.85821533203125,41.067440032958984,34.20705032348633,44.41184616088867,91.46085357666016,96.5237808227539
2017-03-09,58.696231842041016,32.13341522216797,99.45812225341797,55.54411315917969,72.32689666748047,71.93541717529297,76.49400329589844,48.055397033691406,31.91401481628418,84.41087341308594,22.39289093017578,29.451753616333008,116.55074310302734,37.19470977783203,104.93299865722656,26.121456146240234,20.160064697265625,119.49188232421875,118.5042953491211,101.57219696044922,75.32188415527344,60.06257247924805,168.85433959960938,138.336181640625,130.71649169921875,39.17093276977539,61.82301712036133,42.720706939697266,139.926513671875,73.725830078125,214.6190185546875,70.49676513671875,20.85047721862793,49.5181770324707,46.23635482788086,208.6271209716797,51.44041442871094,36.41283416748047,7.941431999206543,60.49467086791992,24.096149444580078,35.58613586425781,77.576416015625,212.81832885742188,99.12712097167969,41.2569694519043,34.54142761230469,44.825862884521484,88.1219482421875,95.74613952636719
2017-03-10,58.87757110595703,32.240013122558594,99.66343688964844,55.503299713134766,72.09783935546875,72.51667022705078,76.89022064208984,47.8438835144043,32.111446380615234,84.85220336914062,22.43235206604004,29.52574920654297,116.97833251953125,37.40504455566406,104.80195617675781,26.267135620117188,20.229324340820312,119.6793212890625,119.32180786132812,102.25637817382812,76.0801010131836,60.791133880615234,167.10568237304688,140.28457641601562,133.4489288330078,39.24818801879883,61.59321594238281,42.96381759643555,139.66903686523438,73.56017303466797,214.60304260253906,70.5678939819336,20.81757926940918,49.37335205078125,46.35449981689453,207.12608337402344,51.89866256713867,36.26462936401367,7.9604878425598145,60.721595764160156,24.087783813476562,34.96598815917969,78.18443298339844,212.3563232421875,100.0085220336914,41.397762298583984,35.02354431152344,44.7815055847168,87.40278625488281,96.0431900024414
2017-03-13,58.6780891418457,32.25391387939453,100.03460693359375,55.374107360839844,72.16101837158203,72.70777893066406,76.01435089111328,47.123985290527344,32.195709228515625,84.71282958984375,22.43235206604004,28.90909767150879,116.07716369628906,37.31740188598633,104.49897003173828,26.14446449279785,20.186033248901367,120.15200805664062,119.51522827148438,102.00685119628906,76.35208892822266,60.49644088745117,167.43295288085938,139.98306274414062,131.597900390625,39.0850715637207,61.62383270263672,41.93981170654297,141.02975463867188,73.36833953857422,215.0263671875,70.4167709350586,20.80935287475586,49.308197021484375,46.23635482788086,206.9426727294922,52.298709869384766,36.085208892822266,7.96684455871582,60.70741271972656,23.979129791259766,35.096134185791016,78.74115753173828,213.07994079589844,99.8964614868164,41.2940559387207,34.75916290283203,44.74454879760742,87.90789794921875,96.00827026367188
2017-03-14,58.40606689453125,32.20525360107422,100.32677459716797,55.08163833618164,72.27950286865234,72.46094512939453,74.63099670410156,47.160728454589844,32.149749755859375,84.65864562988281,22.504697799682617,28.925539016723633,115.59040832519531,37.5014533996582,104.65457916259766,26.15979766845703,20.408241271972656,119.93196868896484,118.77265930175781,101.18585205078125,75.7092514038086,60.291786193847656,167.1337127685547,139.26400756835938,130.18768310546875,38.45840072631836,61.20248794555664,41.76301574707031,141.158447265625,73.64734649658203,214.0758056640625,70.84346771240234,20.825803756713867,49.44682693481445,46.28361892700195,206.57569885253906,52.188743591308594,36.030601501464844,7.9731974601745605,60.558502197265625,23.987485885620117,34.40707778930664,78.2576675415039,212.51324462890625,99.7470474243164,41.12482833862305,34.735836029052734,44.70018768310547,87.09456634521484,95.42285919189453
2017-03-15,58.71436309814453,32.545867919921875,101.83501434326172,55.768550872802734,72.45328521728516,72.77946472167969,75.68761444091797,47.52802658081055,32.2646598815918,86.02908325195312,22.774330139160156,28.859760284423828,115.64958953857422,37.72932052612305,104.72006225585938,26.251808166503906,20.367841720581055,120.57575988769531,119.31556701660156,102.19998931884766,76.94551086425781,60.52918243408203,167.1150360107422,141.18153381347656,131.1571807861328,38.9047966003418,61.079917907714844,42.470237731933594,141.58135986328125,74.88555145263672,215.22605895996094,70.43453979492188,20.71065902709961,49.95756530761719,46.24422836303711,205.7918243408203,52.60666275024414,35.76539993286133,8.036724090576172,60.84213638305664,24.104496002197266,35.096134185791016,78.9242935180664,212.57424926757812,100.83758544921875,41.304969787597656,35.000213623046875,45.21772003173828,89.0722427368164,96.80335998535156
2017-03-16,58.6146125793457,32.59916687011719,101.44020080566406,55.816162109375,72.3821792602539,72.8113021850586,74.97857666015625,47.146034240722656,32.364234924316406,86.05231475830078,22.642799377441406,28.89265251159668,116.59022521972656,40.07808303833008,104.80195617675781,26.24412727355957,20.32744026184082,121.21145629882812,118.76016998291016,101.70901489257812,76.52516174316406,60.49644088745117,166.6287384033203,139.2562713623047,131.11317443847656,38.61292266845703,60.94967269897461,42.219764709472656,139.54957580566406,74.1095199584961,214.02793884277344,70.91458892822266,20.743555068969727,50.00864791870117,46.72470474243164,206.9926300048828,52.7459716796875,36.13981628417969,8.068492889404297,60.74995422363281,24.50568199157715,35.096134185791016,78.96824645996094,209.47068786621094,100.48656463623047,41.10301208496094,34.87580108642578,44.958946228027344,88.71266174316406,96.75093841552734
2017-03-17,58.82318878173828,32.43695831298828,101.1242904663086,55.768550872802734,71.62394714355469,72.46094512939453,74.85342407226562,46.940338134765625,32.195709228515625,86.24589538574219,22.570457458496094,28.99954605102539,115.54431915283203,40.016746520996094,105.34244537353516,26.24412727355957,20.168724060058594,121.92048645019531,120.0394515991211,102.35293579101562,76.5746078491211,60.545555114746094,168.41485595703125,130.36477661132812,131.68605041503906,38.79320526123047,60.428733825683594,41.46833419799805,139.64154052734375,73.21136474609375,217.25502014160156,70.45232391357422,20.447452545166016,50.38802719116211,46.21271514892578,203.4235382080078,50.85433578491211,35.117950439453125,7.928720951080322,60.92014694213867,24.697919845581055,34.981300354003906,79.2246322631836,212.93170166015625,99.53792572021484,41.026573181152344,34.77470397949219,44.848052978515625,89.45751190185547,96.50630187988281
2017-03-20,58.87757110595703,32.77757263183594,101.13221740722656,55.768550872802734,71.11053466796875,72.6361312866211,74.83955383300781,47.09461975097656,32.31060791015625,86.0600814819336,22.60991668701172,29.131099700927734,115.57721710205078,39.639888763427734,105.45709991455078,26.282466888427734,20.194692611694336,120.45355224609375,120.44503784179688,101.82170867919922,78.62682342529297,60.414573669433594,167.75091552734375,130.85189819335938,131.06910705566406,38.61292266845703,60.38278579711914,41.556724548339844,138.9427947998047,73.29854583740234,217.294921875,70.09671783447266,20.101999282836914,50.132667541503906,45.3935432434082,201.9224853515625,50.78101348876953,34.78252029418945,7.801661491394043,60.01247787475586,24.397031784057617,35.1114501953125,78.47012329101562,211.8332061767578,99.8964614868164,41.255855560302734,34.87580108642578,44.55231475830078,90.38213348388672,96.88203430175781
2017-03-21,58.22470474243164,32.4022102355957,100.48469543457031,55.652923583984375,69.02533721923828,72.61224365234375,75.10369110107422,46.94770812988281,32.55575180053711,86.54010009765625,22.52442169189453,28.8104248046875,114.3800277709961,39.2980842590332,105.24419403076172,25.975786209106445,20.171606063842773,119.48371124267578,119.89588165283203,101.14559173583984,76.17901611328125,60.33270263671875,164.54345703125,129.00401306152344,129.52655029296875,38.45840072631836,60.221893310546875,41.04106521606445,137.54534912109375,73.01081085205078,214.87464904785156,68.92325592041016,18.934045791625977,49.4249382019043,43.991493225097656,194.30056762695312,50.2971076965332,33.277034759521484,7.4458842277526855,59.00553894042969,24.17972183227539,34.590816497802734,78.02325439453125,208.98252868652344,99.85164642333984,41.446895599365234,34.95356369018555,44.18264389038086,89.44893646240234,95.7723388671875
2017-03-22,58.968257904052734,32.7682991027832,99.70291900634766,55.60533905029297,69.13591766357422,72.4529800415039,75.34700012207031,46.646514892578125,32.463802337646484,86.73367309570312,22.669105529785156,29.081762313842773,114.9720230102539,39.2542610168457,105.71913146972656,26.14446449279785,20.272611618041992,120.09492492675781,119.95206451416016,101.01679229736328,76.17901611328125,60.31631851196289,165.49725341796875,129.46792602539062,130.1435546875,38.467002868652344,60.106990814208984,41.51991271972656,138.2440948486328,73.56017303466797,215.2101593017578,69.04771423339844,18.86824607849121,49.49060821533203,43.58189392089844,192.69113159179688,50.436405181884766,32.926002502441406,7.477651119232178,58.877891540527344,24.20479965209961,34.18504333496094,78.03058624267578,210.22042846679688,99.22419738769531,40.97745132446289,35.46677017211914,43.57639694213867,89.25202941894531,95.91216278076172
2017-03-23,58.82318878173828,32.65244674682617,99.41863250732422,55.67333221435547,69.02533721923828,72.2778091430664,74.98550415039062,46.48490905761719,32.302955627441406,86.54783630371094,22.550722122192383,28.99954605102539,114.998291015625,39.39448547363281,105.63723754882812,26.037128448486328,20.160064697265625,120.60836791992188,119.90213012695312,101.03287506103516,76.01417541503906,60.512813568115234,165.7590789794922,128.37770080566406,130.54022216796875,38.432647705078125,59.98442077636719,41.08525085449219,137.1500701904297,73.61247253417969,215.27401733398438,69.19883728027344,18.975170135498047,49.24253463745117,43.51887512207031,193.3832550048828,50.003822326660156,33.22241973876953,7.414120674133301,58.842430114746094,24.455535888671875,34.05488204956055,77.3932876586914,208.7907257080078,99.36611938476562,40.40430450439453,35.46677017211914,43.89431381225586,89.56880950927734,95.70246887207031
2017-03-24,58.92293930053711,32.58756637573242,99.08698272705078,55.244873046875,68.94631958007812,72.1185531616211,75.06893157958984,46.41143798828125,32.2646598815918,86.81108856201172,22.36001205444336,28.90909767150879,114.34712982177734,39.131568908691406,105.91567993164062,26.129121780395508,20.087919235229492,120.38018035888672,119.50897979736328,100.42922973632812,75.94823455810547,60.30813980102539,164.4125213623047,128.14581298828125,130.9809112548828,38.3983154296875,60.129966735839844,41.17366027832031,134.06097412109375,73.40320587158203,213.61253356933594,69.51889038085938,19.01629638671875,49.25712585449219,43.97572326660156,190.47293090820312,49.732547760009766,33.12102127075195,7.382351875305176,58.83534622192383,24.321802139282227,33.76396179199219,76.95372772216797,206.50668334960938,98.93290710449219,39.94032287597656,35.44346237182617,43.739044189453125,88.85820770263672,95.22189331054688
2017-03-27,59.031742095947266,32.643192291259766,99.33967590332031,55.25846862792969,68.90684509277344,72.0548324584961,73.88023376464844,46.418792724609375,32.41786575317383,86.5865478515625,22.478384017944336,29.09820556640625,114.30767822265625,39.2980842590332,106.03851318359375,26.060121536254883,20.10234260559082,119.69560241699219,118.83503723144531,100.2118911743164,75.42076110839844,60.11168670654297,164.6743621826172,127.50405883789062,129.74696350097656,38.372562408447266,60.145286560058594,41.28415298461914,134.26324462890625,73.45552825927734,213.4048614501953,68.98546600341797,18.942270278930664,49.249813079833984,43.629154205322266,188.02957153320312,49.58590316772461,32.4345703125,7.280703544616699,59.253719329833984,24.17972183227539,33.909423828125,76.75597381591797,205.59133911132812,98.86567687988281,39.956687927246094,35.26460647583008,43.465484619140625,88.88389587402344,93.63164520263672
2017-03-28,59.204036712646484,33.31977081298828,99.2291030883789,55.65972900390625,69.98104095458984,72.26985168457031,74.4989242553711,46.52897262573242,32.502132415771484,87.06661987304688,22.465238571166992,29.2708683013916,114.79441833496094,39.16661834716797,106.00576782226562,26.083126068115234,20.29280662536621,119.96453857421875,119.18450927734375,100.8397445678711,76.60755920410156,60.3900260925293,165.85260009765625,127.34944152832031,130.54022216796875,38.372562408447266,60.221893310546875,41.40204620361328,136.3410186767578,73.9002456665039,214.97044372558594,69.91001892089844,19.31239891052246,48.95797348022461,44.078125,191.2401580810547,50.14312744140625,33.14442443847656,7.401412487030029,59.381351470947266,24.27166175842285,34.743953704833984,77.78884887695312,206.7769317626953,99.14204406738281,39.95125198364258,35.55231475830078,43.628150939941406,89.86844635009766,94.65396118164062
2017-03-29,59.36723327636719,33.393917083740234,98.64474487304688,55.78215026855469,69.72037506103516,72.14246368408203,75.12454223632812,46.749351501464844,32.49446487426758,87.05113220214844,22.57703399658203,29.246198654174805,114.41948699951172,39.01763916015625,105.50621795654297,25.868453979492188,20.41401481628418,119.8341293334961,118.99108123779297,100.8558120727539,76.53339385986328,60.21809768676758,166.10507202148438,126.07366943359375,130.8046875,38.3468132019043,60.3368034362793,41.217857360839844,135.35731506347656,73.62992858886719,214.267578125,69.56333923339844,19.20547103881836,49.07472610473633,43.849700927734375,190.5063018798828,49.798519134521484,33.38622283935547,7.420472145080566,59.40262985229492,24.522397994995117,35.18035125732422,77.67164611816406,206.1928253173828,98.9926528930664,39.8256950378418,35.95668411254883,43.9460563659668,90.55335998535156,95.04931640625
2017-03-30,59.58486557006836,33.34989929199219,98.439453125,56.924720764160156,70.32068634033203,71.82393646240234,74.92295837402344,46.609779357910156,32.632347106933594,86.85755157470703,22.590187072753906,29.394201278686523,114.36683654785156,39.1578483581543,105.8992919921875,25.868453979492188,20.6593074798584,119.76082611083984,119.365478515625,100.94436645507812,76.83011627197266,59.947975158691406,166.432373046875,127.09426879882812,131.64202880859375,38.24379348754883,60.40577697753906,40.7832145690918,135.69744873046875,73.9089584350586,216.1047821044922,70.4167709350586,19.633174896240234,49.2717170715332,44.29867935180664,192.8162384033203,50.01115798950195,33.87765121459961,7.420472145080566,59.07645034790039,24.405393600463867,38.281131744384766,78.13314056396484,208.4071502685547,98.77605438232422,39.32897186279297,35.855587005615234,43.67250061035156,90.0910415649414,95.91917419433594
2017-03-31,59.72090148925781,33.28733444213867,98.35260772705078,55.775360107421875,69.3807601928711,71.54522705078125,74.6379623413086,46.675899505615234,32.5097770690918,86.60978698730469,22.498117446899414,29.657312393188477,114.55104064941406,39.09651184082031,106.13677978515625,25.914447784423828,20.80070686340332,119.66300964355469,119.3966293334961,100.50971984863281,76.45100402832031,59.91522216796875,165.38504028320312,126.85456085205078,131.33349609375,38.12361145019531,60.137630462646484,40.061248779296875,134.67698669433594,73.34217071533203,213.75637817382812,70.3278579711914,19.40287208557129,49.55626678466797,43.84184265136719,191.56536865234375,49.967166900634766,33.41742706298828,7.3950581550598145,58.89207077026367,24.64777183532715,38.18159103393555,78.60195922851562,207.34356689453125,98.3204116821289,38.985076904296875,35.80115509033203,43.628150939941406,89.96260070800781,95.64678192138672
2017-04-03,59.439796447753906,33.29661178588867,98.463134765625,55.816162109375,69.12799835205078,71.40986633300781,74.93685913085938,46.624481201171875,32.4868049621582,86.60978698730469,22.51784896850586,29.73130989074707,114.787841796875,39.09651184082031,106.13677978515625,25.745773315429688,20.728561401367188,119.49188232421875,119.01599884033203,100.07505798339844,76.04713439941406,60.06257247924805,165.18865966796875,126.71542358398438,131.68605041503906,38.175140380859375,59.79289245605469,39.936012268066406,137.34312438964844,73.63864135742188,214.6190185546875,69.86558532714844,19.40287208557129,48.95797348022461,43.70792770385742,190.9315643310547,50.003822326660156,33.3160285949707,7.267995357513428,58.82115173339844,24.572553634643555,37.86003494262695,77.94267272949219,207.31747436523438,98.23075866699219,39.09424591064453,35.61453628540039,43.28805160522461,89.96260070800781,95.57650756835938
2017-04-04,59.60300064086914,33.54452896118164,98.45525360107422,56.02017593383789,69.35836029052734,71.59300994873047,75.5346908569336,46.771385192871094,32.693634033203125,86.78013610839844,22.583616256713867,29.82996940612793,114.80097961425781,39.07899856567383,105.87471008300781,25.83858299255371,20.780506134033203,119.26365661621094,118.6852798461914,99.95429992675781,77.58009338378906,60.26723098754883,167.10568237304688,127.07882690429688,132.30311584472656,37.92616653442383,59.655006408691406,39.88445281982422,138.400390625,75.06869506835938,215.32192993164062,69.57220458984375,19.27949333190918,48.87042236328125,43.47950744628906,191.18174743652344,50.04780578613281,33.16001510620117,7.223525524139404,58.50205612182617,24.814931869506836,38.07439422607422,78.11116790771484,207.1692352294922,98.76111602783203,39.27437973022461,35.311256408691406,43.16237258911133,89.69722747802734,96.2090835571289
2017-04-05,59.448856353759766,33.37074279785156,98.55001068115234,56.129005432128906,68.46865844726562,71.64076232910156,75.52079010009766,46.69794464111328,32.609371185302734,86.67174530029297,22.48496437072754,29.780637741088867,113.7221908569336,38.9913330078125,106.79187774658203,25.521499633789062,20.676618576049805,119.5081787109375,118.71646881103516,99.46332550048828,77.6707763671875,60.136234283447266,165.5907440185547,125.43972778320312,132.08274841308594,37.5999641418457,59.01148223876953,39.38728713989258,137.82113647460938,74.66757202148438,213.26112365722656,69.41153717041016,19.057418823242188,48.49831771850586,43.306217193603516,189.84751892089844,50.480411529541016,32.55937957763672,7.153639793395996,57.55892562866211,24.497323989868164,37.59972381591797,78.19173431396484,205.82669067382812,98.37268829345703,39.26346206665039,35.19461441040039,43.06625747680664,89.89411926269531,95.98946380615234
2017-04-06,59.60300064086914,33.28733444213867,98.74742889404297,56.45545959472656,68.69901275634766,71.18690490722656,75.9726333618164,46.45551681518555,32.685977935791016,86.39299011230469,22.43235206604004,29.62442398071289,113.43933868408203,38.71965408325195,106.5789566040039,25.5833683013916,20.613134384155273,119.99714660644531,118.49805450439453,99.67259979248047,78.97299194335938,59.866085052490234,165.86195373535156,125.44738006591797,131.906494140625,37.48836898803711,58.99616241455078,39.54310607910156,139.016357421875,74.4321517944336,213.36489868164062,69.55437469482422,19.131444931030273,48.5056037902832,43.6134033203125,190.6647491455078,50.83231735229492,32.832393646240234,7.159992694854736,57.906402587890625,24.66448974609375,38.135658264160156,78.14045715332031,206.32357788085938,97.93199157714844,38.985076904296875,35.18684768676758,43.00661087036133,90.1252670288086,97.0350112915039
2017-04-07,59.55766296386719,33.21317672729492,98.64474487304688,56.28544235229492,68.4607162475586,71.0515365600586,75.67374420166016,46.37472152709961,32.63999938964844,86.4162368774414,22.42577362060547,29.62442398071289,113.23541259765625,38.81606674194336,106.42337799072266,25.490564346313477,21.03734016418457,119.907470703125,118.56043243408203,100.0267562866211,78.7257080078125,60.128047943115234,167.24594116210938,126.32105255126953,132.1708526611328,37.62571716308594,59.049800872802734,39.63957977294922,139.77940368652344,74.39725494384766,215.8571014404297,69.42048645019531,19.0492000579834,48.57855987548828,43.19593811035156,190.031005859375,51.103607177734375,32.72319030761719,7.134581089019775,58.38151168823242,24.957015991210938,37.92894744873047,76.90978240966797,208.189208984375,98.09630584716797,39.14337921142578,34.90690231323242,42.97679138183594,90.79308319091797,96.05095672607422
2017-04-10,59.42165756225586,33.17380142211914,98.186767578125,56.537071228027344,68.22235870361328,71.25857543945312,76.06995391845703,45.94865417480469,32.701290130615234,86.73367309570312,22.38631820678711,29.435314178466797,112.6170654296875,38.72804641723633,106.43972778320312,25.52923011779785,21.08350944519043,120.78768157958984,118.3857192993164,100.17970275878906,80.06089782714844,60.35728454589844,166.0396270751953,125.8649673461914,132.25897216796875,37.419677734375,59.609046936035156,39.587642669677734,140.0000762939453,74.5280532836914,214.8985595703125,69.1705322265625,18.934045791625977,48.461814880371094,42.95964431762695,190.8731689453125,51.514217376708984,32.691993713378906,7.147287368774414,58.50914764404297,25.232831954956055,38.395965576171875,77.95732879638672,208.6512451171875,98.5370101928711,39.17066955566406,34.98467254638672,42.87989807128906,90.57048797607422,96.32331848144531
2017-04-11,59.376319885253906,32.816959381103516,98.09201049804688,56.33983612060547,68.10323333740234,71.50542449951172,75.75019073486328,45.97068786621094,32.67831039428711,86.50912475585938,22.313980102539062,29.3859806060791,112.209228515625,38.87767791748047,107.43878936767578,25.459627151489258,21.190292358398438,120.77951049804688,118.61039733886719,100.24410247802734,80.02794647216797,60.33270263671875,166.98410034179688,126.11233520507812,132.39120483398438,37.63993835449219,59.88481903076172,39.313087463378906,139.34735107421875,74.92918395996094,215.88909912109375,68.96521759033203,18.851797103881836,48.169986724853516,42.66032409667969,189.91421508789062,51.31624984741211,32.4345703125,7.166346073150635,58.629703521728516,24.714632034301758,38.395965576171875,77.4665298461914,210.1419677734375,99.06735229492188,39.34535217285156,34.634735107421875,42.80534362792969,90.80162811279297,97.66763305664062
2017-04-12,59.14961624145508,32.85635757446289,99.02381134033203,56.42825698852539,67.84107208251953,71.91151428222656,75.75019073486328,46.315940856933594,32.89277648925781,87.96475982666016,22.30739974975586,29.295536041259766,112.26187133789062,38.88648223876953,107.48792266845703,25.22761344909668,21.19317054748535,119.42665100097656,118.37948608398438,99.12525177001953,78.1817855834961,60.57829284667969,164.6276092529297,126.06592559814453,131.2012939453125,37.553565979003906,59.72394943237305,39.32049560546875,138.4463348388672,75.20819854736328,214.4832305908203,68.44750213623047,18.629716873168945,48.31591796875,41.84114456176758,188.2547149658203,51.653507232666016,32.036746978759766,7.134581089019775,58.551700592041016,24.957015991210938,37.85239028930664,76.35306549072266,208.66873168945312,99.41841125488281,39.38902282714844,34.72028350830078,42.92460632324219,89.94546508789062,96.07730102539062
2017-04-13,58.895721435546875,32.68256378173828,98.70003509521484,55.5577392578125,67.04668426513672,71.68856048583984,73.75509643554688,45.99271774291992,32.777896881103516,87.24469757080078,22.281097412109375,28.983091354370117,111.51851654052734,38.72804641723633,107.07847595214844,25.072933197021484,21.109481811523438,118.91324615478516,117.7242660522461,98.60205841064453,76.73118591308594,60.29994583129883,164.22549438476562,124.95259094238281,130.27578735351562,36.85396194458008,59.72394943237305,39.2017822265625,138.28086853027344,74.88555145263672,214.0758056640625,67.66197204589844,18.374744415283203,48.527503967285156,40.44696044921875,186.22837829589844,51.514217376708984,31.74031639099121,7.058342933654785,58.48786926269531,25.04895782470703,37.22456741333008,75.99409484863281,209.4009552001953,99.09721374511719,38.91958236694336,34.43255615234375,42.61896896362305,89.39754486083984,94.89117431640625
2017-04-17,59.376319885253906,32.86330795288086,99.2765121459961,55.48290252685547,68.2065200805664,71.97522735595703,73.80376434326172,46.13230514526367,32.992374420166016,87.74022674560547,22.36001205444336,29.172203063964844,112.55131530761719,38.983306884765625,107.56163787841797,25.219877243041992,21.207605361938477,120.0541763305664,118.7913818359375,99.35063934326172,77.58833312988281,60.63560104370117,167.40487670898438,125.33917236328125,130.6283721923828,37.406734466552734,60.31382751464844,39.29081344604492,138.97958374023438,71.83364868164062,215.5775909423828,68.43856811523438,18.76131820678711,48.66611862182617,41.52607727050781,188.68003845214844,52.401363372802734,32.36436080932617,7.166346073150635,58.948795318603516,25.074026107788086,37.47722244262695,76.82189178466797,211.92910766601562,99.62010192871094,39.47089385986328,34.74361038208008,42.93952178955078,90.22801208496094,95.59408569335938
2017-04-18,59.294700622558594,32.71731948852539,96.19678497314453,55.12246322631836,67.65043640136719,72.30168914794922,73.46314239501953,45.74296569824219,33.306434631347656,88.48352813720703,22.254785537719727,29.410646438598633,111.860595703125,39.185733795166016,108.3395767211914,25.266277313232422,21.323034286499023,120.4209213256836,118.7040023803711,99.06893157958984,77.79443359375,60.881195068359375,166.31080627441406,124.67423248291016,131.50978088378906,37.5103645324707,59.94609451293945,39.27598190307617,137.73846435546875,70.80467224121094,214.69891357421875,67.6530532836914,18.67906951904297,48.19916534423828,41.31339645385742,179.78228759765625,52.247413635253906,32.145957946777344,7.172784805297852,58.72896957397461,24.923587799072266,37.27814483642578,76.25782012939453,211.99887084960938,100.0234375,39.48726272583008,35.311256408691406,43.35699462890625,89.67154693603516,95.30412292480469
2017-04-19,58.977325439453125,32.59684371948242,95.84146881103516,54.7415885925293,67.09434509277344,71.89248657226562,72.45519256591797,46.01476287841797,33.114933013916016,87.97248077392578,22.10352897644043,29.52574920654297,106.36127471923828,38.89528274536133,108.61801147460938,25.250816345214844,21.374975204467773,119.98084259033203,118.4605941772461,98.79524230957031,77.0361557006836,60.40382385253906,166.82510375976562,124.68196868896484,132.2149200439453,37.648555755615234,60.007781982421875,39.47633743286133,139.69668579101562,70.53438568115234,215.3779296875,67.43881225585938,18.70374298095703,48.359676361083984,41.07710647583008,178.53134155273438,52.643341064453125,32.793392181396484,7.204979419708252,59.21828079223633,25.032241821289062,36.7498893737793,76.52153778076172,212.487060546875,99.48564147949219,39.36172103881836,34.681396484375,43.11843490600586,89.89411926269531,95.08445739746094
2017-04-20,59.394447326660156,33.0046501159668,96.23628234863281,55.09525680541992,67.96025848388672,71.67585754394531,72.90704345703125,45.94865417480469,33.00769805908203,87.94929504394531,22.189022064208984,29.747753143310547,106.76255798339844,39.19453811645508,109.13390350341797,25.390026092529297,21.58563995361328,121.20332336425781,119.29057312011719,99.62429809570312,78.66498565673828,60.230979919433594,167.666748046875,125.28504943847656,133.4049072265625,37.985416412353516,61.24140167236328,39.654422760009766,142.85009765625,71.44996643066406,217.1511993408203,71.42890930175781,18.975170135498047,48.520206451416016,42.14045715332031,181.84197998046875,53.009925842285156,33.15221405029297,7.385265350341797,59.66501235961914,24.831649780273438,36.71159744262695,77.30534362792969,213.45474243164062,98.02161407470703,38.97962188720703,34.9146842956543,43.14826202392578,91.0670394897461,95.59408569335938
2017-04-21,60.21055603027344,32.96525192260742,96.14942932128906,54.87761688232422,67.14202117919922,71.10614013671875,72.91398620605469,45.46382141113281,32.992374420166016,87.82540130615234,22.123254776000977,29.86286735534668,105.49954986572266,39.10652542114258,109.24857330322266,25.382287979125977,21.626039505004883,122.24651336669922,119.5027084350586,102.28856658935547,78.3824234008789,60.099300384521484,168.6766357421875,124.02474212646484,130.23170471191406,37.596744537353516,61.125732421875,39.68409729003906,142.5742645263672,71.4063720703125,218.14170837402344,71.0450668334961,18.67906951904297,48.10432434082031,41.74661636352539,180.84129333496094,52.6359748840332,32.60618209838867,7.301559925079346,59.58700942993164,25.032241821289062,36.55082321166992,77.4811782836914,214.74497985839844,97.07301330566406,39.012367248535156,34.84469985961914,43.03643035888672,90.69891357421875,94.48701477050781
2017-04-24,61.23524475097656,33.2827033996582,97.04175567626953,55.163272857666016,69.50931549072266,71.85235595703125,73.6369400024414,45.647464752197266,33.15323257446289,88.51448059082031,22.189022064208984,30.216419219970703,105.74296569824219,39.4673957824707,109.9200439453125,25.738040924072266,21.579864501953125,123.78681182861328,121.20641326904297,104.46989440917969,80.45167541503906,60.626041412353516,170.24766540527344,126.135498046875,130.23170471191406,38.11497116088867,61.71942901611328,39.736045837402344,143.38333129882812,72.74049377441406,220.6339111328125,71.81272888183594,19.43577766418457,48.337791442871094,42.258628845214844,186.1449737548828,53.251869201660156,33.97907638549805,7.3595099449157715,59.7642822265625,25.1910400390625,36.68098449707031,78.36022186279297,217.19467163085938,97.40164184570312,39.601898193359375,35.287933349609375,43.34207534790039,92.47109985351562,96.86808776855469
2017-04-25,61.58888626098633,33.488922119140625,97.4681625366211,55.584922790527344,70.11304473876953,72.21342468261719,74.19305419921875,45.7650146484375,33.02301788330078,88.39060974121094,22.20217514038086,30.31508445739746,105.50611114501953,39.361778259277344,116.03715515136719,25.846317291259766,21.65778350830078,124.71585083007812,121.76800537109375,104.0754623413086,86.77577209472656,61.08694839477539,171.6035614013672,127.34166717529297,129.791015625,37.79540252685547,63.35398864746094,40.02544021606445,144.5049285888672,70.80467224121094,215.6893768310547,71.97342681884766,19.723651885986328,48.97256851196289,42.97539138793945,188.98861694335938,51.02296829223633,34.53290557861328,7.3917036056518555,60.927223205566406,24.94029998779297,37.3547248840332,78.64591979980469,216.31417846679688,99.20928955078125,39.5363883972168,35.44346237182617,43.416629791259766,94.87681579589844,99.41606903076172
2017-04-26,61.50727844238281,33.291954040527344,97.53135681152344,55.36050796508789,70.24807739257812,70.40007781982422,73.74120330810547,46.058841705322266,33.122596740722656,87.74795532226562,22.261367797851562,30.364431381225586,105.2890396118164,39.33536911010742,115.33293151855469,25.83085060119629,21.767444610595703,125.68567657470703,121.6868667602539,104.71939086914062,86.9752426147461,60.49434280395508,169.92037963867188,127.27207946777344,128.95359802246094,37.82994842529297,63.2228889465332,39.899288177490234,144.2751007080078,70.5954360961914,215.95301818847656,71.87519836425781,19.649625778198242,49.775150299072266,42.95964431762695,188.6300048828125,51.440895080566406,34.61090850830078,7.468967914581299,60.927223205566406,24.957015991210938,37.01018142700195,78.83638763427734,216.25314331054688,97.19998168945312,39.03420639038086,35.20240783691406,43.14826202392578,94.58577728271484,98.88888549804688
2017-04-27,61.90624237060547,33.317447662353516,97.71297454833984,55.26528549194336,69.59668731689453,70.35993957519531,73.31715393066406,45.97068786621094,32.9464111328125,87.21371459960938,22.2679443359375,30.775524139404297,105.4600830078125,39.405784606933594,115.35750579833984,26.101526260375977,21.770328521728516,127.23414611816406,122.37957000732422,104.54231262207031,85.3298110961914,60.329750061035156,171.33238220214844,125.81079864501953,128.16030883789062,37.70038986206055,63.832000732421875,41.30915832519531,143.61314392089844,70.91805267333984,216.5840301513672,71.70562744140625,19.452224731445312,50.03782272338867,42.880863189697266,188.3047637939453,51.704837799072266,34.11725997924805,7.385265350341797,60.90597152709961,25.19940757751465,36.642696380615234,79.72274780273438,216.54954528808594,97.1028823852539,39.04511642456055,35.59897232055664,42.797889709472656,95.27923583984375,97.6852035522461
2017-04-28,62.078521728515625,33.285011291503906,97.499755859375,55.530517578125,69.11212158203125,70.07109832763672,74.17218017578125,45.78704071044922,33.053653717041016,87.70924377441406,22.30739974975586,29.723087310791016,105.44035339355469,39.57301712036133,114.58776092529297,26.349014282226562,21.695297241210938,127.21782684326172,122.2048110961914,105.55651092529297,84.98077392578125,59.292686462402344,172.8379364013672,126.27469635009766,127.76368713378906,37.69176483154297,63.562156677246094,41.591129302978516,143.76025390625,71.55461120605469,215.23406982421875,70.74158477783203,19.197246551513672,50.01594161987305,42.40827178955078,186.6286163330078,51.976112365722656,33.98403549194336,7.385265350341797,61.366905212402344,24.781496047973633,36.68098449707031,78.71917724609375,214.42239379882812,96.91615295410156,39.18158721923828,35.57565689086914,42.87242889404297,94.03782653808594,98.06300354003906
2017-05-01,62.939998626708984,33.96392059326172,97.3970947265625,55.80934524536133,69.1597671508789,69.8785171508789,73.63001251220703,45.82378005981445,33.10728073120117,86.93498992919922,22.215335845947266,29.854644775390625,104.4865493774414,39.65223693847656,115.5867919921875,26.271678924560547,21.70973014831543,125.67755126953125,121.56829071044922,105.36333465576172,84.76469421386719,59.095176696777344,170.55624389648438,125.718017578125,127.54331970214844,37.553565979003906,63.19206237792969,41.784061431884766,144.81752014160156,71.3453369140625,214.41929626464844,70.72372436523438,19.419322967529297,49.69489669799805,42.89662170410156,187.5042266845703,51.77815246582031,34.27396774291992,7.353071689605713,61.31014633178711,24.25494384765625,36.35175704956055,78.04523468017578,213.01011657714844,96.77421569824219,38.64665603637695,35.560096740722656,42.19404220581055,93.71250915527344,98.37930297851562
2017-05-02,62.84023666381836,34.179420471191406,97.68136596679688,55.80255126953125,68.71492767333984,69.18049621582031,73.24072265625,46.058841705322266,33.23750305175781,86.94271850585938,22.10352897644043,30.39731788635254,104.6575698852539,39.722652435302734,115.65230560302734,26.480485916137695,21.793411254882812,126.28063201904297,122.64168548583984,105.5967788696289,84.35751342773438,58.23918914794922,171.5381317138672,126.40611267089844,127.76368713378906,37.6572151184082,60.90987014770508,41.516929626464844,145.608154296875,71.24070739746094,215.26600646972656,71.0004653930664,19.353517532348633,50.04512405395508,42.95964431762695,187.72933959960938,52.335384368896484,33.96836853027344,7.031130790710449,60.84922790527344,24.087783813476562,35.754573822021484,78.32361602783203,213.8732147216797,94.66783142089844,38.66302490234375,32.40300369262695,41.68711471557617,93.7210464477539,97.46554565429688
2017-05-03,62.64072799682617,34.07514190673828,97.38921356201172,56.244632720947266,69.11212158203125,69.34896850585938,74.18611145019531,46.74200439453125,33.183876037597656,86.55557250976562,22.011459350585938,30.63172149658203,104.34840393066406,39.51140213012695,116.79060363769531,26.48822021484375,21.862668991088867,126.3214111328125,123.32809448242188,105.50019073486328,84.38243103027344,58.5025634765625,171.49136352539062,126.65355682373047,128.8214569091797,37.7608528137207,61.4495735168457,40.85652160644531,144.3670196533203,70.84828186035156,215.35389709472656,70.36666870117188,19.550926208496094,49.03823471069336,43.506954193115234,188.72178649902344,52.687320709228516,34.07023620605469,7.127713680267334,60.83503723144531,24.572553634643555,36.04551696777344,78.63856506347656,214.03012084960938,94.69023895263672,38.33006286621094,32.12306213378906,41.78402328491211,93.48990631103516,97.34251403808594
2017-05-04,62.39592742919922,33.95234680175781,97.87879943847656,55.52371597290039,69.19153594970703,69.36502838134766,72.85836029052734,46.55835723876953,33.44432067871094,87.46147155761719,21.998306274414062,30.524038314819336,104.62466430664062,40.02191162109375,117.47026824951172,26.43408203125,22.030046463012695,126.207275390625,124.50131225585938,105.60481262207031,82.59574127197266,59.2186164855957,171.192138671875,127.02465057373047,128.689208984375,38.512264251708984,62.5521125793457,40.952972412109375,144.09124755859375,72.4091567993164,216.08074951171875,69.92035675048828,19.616722106933594,49.673011779785156,43.768699645996094,188.95521545410156,52.628658294677734,33.91352844238281,7.082641124725342,61.01943588256836,24.422101974487305,35.15737533569336,78.41883087158203,214.2393341064453,95.75090789794922,38.37917709350586,32.97065734863281,42.529510498046875,94.08061981201172,98.43199920654297
2017-05-05,62.568214416503906,34.515384674072266,97.53135681152344,55.78215026855469,69.11212158203125,69.40512084960938,73.53960418701172,46.99177169799805,33.46731185913086,87.66281127929688,22.018033981323242,30.499187469482422,101.99343872070312,40.11872482299805,117.8879165649414,26.596498489379883,22.076223373413086,126.91630554199219,124.4326171875,105.77384185791016,82.80349731445312,59.1034049987793,173.00625610351562,126.65355682373047,128.7773895263672,38.55545425415039,62.498146057128906,40.92330551147461,147.32736206054688,71.94698333740234,218.09376525878906,69.91141510009766,19.5262508392334,49.468719482421875,43.71317672729492,189.188720703125,52.716636657714844,33.75680923461914,7.172784805297852,60.90597152709961,24.530763626098633,35.80817413330078,78.69717407226562,216.99411010742188,96.04966735839844,38.7121467590332,32.993980407714844,42.715877532958984,94.65423583984375,99.38094329833984
2017-05-08,62.5137939453125,35.45381546020508,97.3260269165039,56.373836517333984,69.19153594970703,69.44525146484375,74.15829467773438,47.021156311035156,33.62049865722656,87.66281127929688,21.998306274414062,30.267263412475586,101.64805603027344,40.101131439208984,118.11719512939453,26.519155502319336,21.966562271118164,127.86170959472656,123.96459197998047,105.54846954345703,82.57913208007812,59.12808609008789,173.9507293701172,126.05048370361328,128.11622619628906,38.589996337890625,62.490447998046875,40.7674674987793,148.70639038085938,70.34259796142578,217.67034912109375,69.76860046386719,19.707199096679688,49.03823471069336,43.65764617919922,187.6543426513672,52.093414306640625,33.70978927612305,7.166346073150635,60.87049865722656,24.171361923217773,36.08378982543945,78.76312255859375,217.19467163085938,95.8480224609375,38.59751510620117,33.4061164855957,42.79043197631836,93.16775512695312,98.96796417236328
2017-05-09,62.604469299316406,35.68089294433594,97.29444122314453,55.979366302490234,68.91352081298828,69.32489013671875,73.04607391357422,46.492244720458984,33.32942581176758,87.27566528320312,21.9522762298584,30.126440048217773,101.03692626953125,40.030704498291016,118.21543884277344,26.217540740966797,22.139707565307617,128.5054931640625,123.5340347290039,106.17630004882812,82.51262664794922,58.848243713378906,174.78298950195312,126.1973648071289,127.49925231933594,38.58136749267578,62.52898025512695,41.049442291259766,149.53382873535156,70.44719696044922,218.7646942138672,70.01854705810547,19.723651885986328,49.33008575439453,43.372100830078125,186.59524536132812,52.43801498413086,33.560909271240234,7.185661792755127,60.96977233886719,24.280019760131836,35.42536163330078,78.02325439453125,217.49977111816406,95.76585388183594,38.36825942993164,32.939544677734375,42.0225830078125,92.66940307617188,99.79389953613281
2017-05-10,62.84928512573242,35.5117301940918,96.97856140136719,56.233394622802734,69.45368194580078,69.3970947265625,74.03317260742188,46.96974182128906,33.375389099121094,87.36858367919922,21.93234634399414,29.828237533569336,100.46568298339844,40.0747184753418,118.34648132324219,26.09380340576172,22.28206443786621,128.87225341796875,122.71031188964844,106.03945922851562,83.4018325805664,59.095176696777344,172.60633850097656,124.10208129882812,126.48562622070312,38.434532165527344,62.405635833740234,40.9158821105957,149.76364135742188,70.67390441894531,217.06333923339844,70.20599365234375,19.863473892211914,48.82665252685547,43.40383529663086,187.52923583984375,52.82661819458008,33.77248001098633,7.108397006988525,60.71450424194336,25.107460021972656,36.4512939453125,76.9903564453125,216.29673767089844,96.46797180175781,38.37917709350586,32.8851203918457,42.00022888183594,92.66940307617188,99.76752471923828
2017-05-11,62.078521728515625,35.8188591003418,97.28656005859375,56.71397399902344,69.23921203613281,69.14034271240234,73.83157348632812,47.329681396484375,33.45198440551758,87.52342987060547,21.938989639282227,29.563169479370117,100.067138671875,39.749046325683594,118.09259796142578,26.00872802734375,22.116472244262695,127.29935455322266,122.77892303466797,106.16825103759766,83.9253921508789,58.94702911376953,173.32244873046875,123.76961517333984,127.23481750488281,37.88175964355469,63.438777923583984,40.9158821105957,150.60948181152344,70.40186309814453,217.34283447265625,69.55437469482422,19.797670364379883,48.67341613769531,42.626502990722656,187.42913818359375,52.24006271362305,33.592254638671875,7.089079856872559,60.629390716552734,25.535436630249023,36.50902557373047,76.90177917480469,215.78236389160156,95.69116973876953,38.47197341918945,32.682945251464844,41.94058609008789,92.33428192138672,99.6972427368164
2017-05-12,62.0059814453125,36.319087982177734,97.63398742675781,56.67277145385742,69.04855346679688,69.1563949584961,73.65778350830078,46.69794464111328,33.39070510864258,87.4227523803711,21.9190731048584,29.430644989013672,99.88119506835938,39.67864990234375,119.03434753417969,25.86952018737793,21.99445152282715,127.88612365722656,122.6666030883789,105.83821105957031,83.69268035888672,58.642486572265625,172.6722869873047,123.87784576416016,124.59053039550781,37.9681282043457,61.842796325683594,40.83425521850586,148.9637908935547,70.37553405761719,216.67990112304688,69.1705322265625,19.740095138549805,48.19916534423828,42.05539321899414,185.81141662597656,52.247413635253906,33.48255157470703,7.031130790710449,60.45211410522461,24.77180290222168,36.162559509277344,76.88703918457031,215.72132873535156,95.60152435302734,38.56477737426758,32.628517150878906,41.9331169128418,92.04212951660156,99.38094329833984
2017-05-15,62.05133056640625,36.22602081298828,100.27938079833984,56.844425201416016,69.3822021484375,69.26873016357422,74.27645111083984,46.65386199951172,33.49794006347656,88.22028350830078,21.99211311340332,29.51347541809082,100.63839721679688,39.8898811340332,119.7877197265625,26.47275161743164,22.162952423095703,128.22024536132812,123.32809448242188,106.232666015625,85.11372375488281,58.97170639038086,171.86192321777344,124.57876586914062,124.1938705444336,38.03723907470703,62.04325485229492,40.88619613647461,149.02818298339844,70.47206115722656,217.55055236816406,69.92035675048828,19.78944969177246,48.118900299072266,42.29334259033203,187.72933959960938,52.82661819458008,34.031063079833984,7.044008731842041,60.2464714050293,24.45292854309082,36.52442932128906,77.74353790283203,216.41876220703125,95.6089859008789,38.5756950378418,32.76848220825195,42.015132904052734,92.78109741210938,99.98719024658203
2017-05-16,63.30076599121094,36.17249298095703,100.89530944824219,56.67277145385742,69.59668731689453,69.1965103149414,74.55451965332031,46.85953903198242,33.589866638183594,88.1041259765625,21.64682388305664,29.670854568481445,102.07975006103516,39.86348342895508,120.61478424072266,26.526885986328125,21.820152282714844,128.9781951904297,123.50283813476562,106.25679779052734,85.04727172851562,58.914093017578125,172.15403747558594,124.59434509277344,123.576904296875,37.73494338989258,61.00238800048828,40.35934829711914,148.32948303222656,69.3223876953125,216.99143981933594,69.74181365966797,19.731882095336914,47.95109176635742,42.245758056640625,188.129638671875,52.66532897949219,33.99188995361328,7.044008731842041,60.19306564331055,24.184389114379883,36.28575897216797,77.16019439697266,215.6603240966797,95.17576599121094,38.72852325439453,32.83115768432617,41.81385803222656,92.29132080078125,100.86579132080078
2017-05-17,61.54062271118164,34.95799255371094,100.02666473388672,56.28831481933594,66.94341278076172,69.21257019042969,73.52223205566406,46.27921676635742,33.651145935058594,88.06543731689453,21.401142120361328,29.024755477905273,100.2531509399414,38.93048858642578,119.89414978027344,26.155668258666992,21.823057174682617,127.20967864990234,122.3132095336914,105.1201400756836,83.2190170288086,62.296817779541016,168.4602813720703,122.3125228881836,120.8003921508789,37.208091735839844,58.85125732421875,40.37418746948242,145.63575744628906,68.57640838623047,215.06631469726562,68.17076873779297,18.563915252685547,47.068241119384766,41.43669891357422,178.22280883789062,50.75901412963867,32.10344314575195,6.928112983703613,58.21298599243164,23.999784469604492,35.73143005371094,75.9566650390625,214.7362518310547,95.57909393310547,38.51018524169922,32.53341293334961,41.76911163330078,90.63298034667969,99.48638916015625
2017-05-18,61.75037384033203,35.49079513549805,100.2635726928711,56.123558044433594,66.69715118408203,68.8996353149414,73.85230255126953,46.93301010131836,33.55156326293945,88.28994750976562,21.394500732421875,29.173852920532227,100.15351104736328,38.87767791748047,120.38552856445312,24.26862144470215,22.526086807250977,126.89185333251953,122.56429290771484,105.50848388671875,83.28548431396484,60.8482666015625,167.15997314453125,123.0134048461914,121.10889434814453,37.121707916259766,59.074867248535156,39.906715393066406,147.18946838378906,68.71683502197266,213.53268432617188,68.17969512939453,18.70374298095703,47.009864807128906,41.54774856567383,179.42369079589844,51.1109619140625,32.36985778808594,6.947429180145264,58.01353454589844,24.41096305847168,35.7391242980957,76.19292449951172,215.2244415283203,94.65290069580078,38.50472640991211,32.368865966796875,41.679656982421875,90.55563354492188,98.99432373046875
2017-05-19,61.732147216796875,35.611793518066406,100.28727722167969,56.24711990356445,67.34854888916016,69.1965103149414,74.80030059814453,46.85219192504883,33.628170013427734,88.0267105102539,21.55386734008789,29.322956085205078,100.95056915283203,39.00090026855469,121.31903839111328,24.137147903442383,22.883411407470703,127.38082122802734,122.91587829589844,106.30128479003906,85.1220474243164,61.58075714111328,170.3260040283203,121.8842544555664,123.62096405029297,37.27717208862305,58.84358215332031,40.084800720214844,146.61944580078125,68.2780532836914,217.902099609375,68.55462646484375,18.95871925354004,46.863948822021484,42.08712387084961,179.615478515625,51.785484313964844,32.753814697265625,6.998937129974365,57.415252685546875,24.528446197509766,36.555213928222656,76.36274719238281,217.83975219726562,95.01142883300781,38.70124435424805,32.517738342285156,41.91822814941406,91.7070541381836,106.22540283203125
2017-05-22,62.42523956298828,35.82817077636719,100.49259948730469,56.494258880615234,67.28499603271484,69.17244720458984,74.51942443847656,47.043182373046875,33.8426513671875,88.80870056152344,21.328096389770508,29.629440307617188,101.38899230957031,39.282554626464844,121.35181427001953,24.4310302734375,22.819499969482422,127.1037826538086,124.61707305908203,106.65721893310547,85.00569915771484,61.13632583618164,173.0680389404297,119.16632843017578,124.1938705444336,37.76948928833008,58.858978271484375,40.144161224365234,146.49996948242188,67.55838775634766,221.2888641357422,68.71530151367188,18.950496673583984,46.95879364013672,42.047447204589844,180.14085388183594,52.27671432495117,32.64411163330078,7.147030353546143,57.9351921081543,24.570405960083008,36.131771087646484,76.62857055664062,217.46493530273438,94.92180633544922,39.323509216308594,32.517738342285156,42.27605056762695,91.44064331054688,106.93707275390625
2017-05-23,62.635013580322266,35.783973693847656,100.6978759765625,56.693355560302734,68.12705993652344,69.068115234375,74.62474822998047,47.41782760620117,34.00352096557617,89.07970428466797,21.34137725830078,29.70398712158203,100.98379516601562,39.220943450927734,121.0488052368164,24.562509536743164,22.802072525024414,126.1827621459961,124.12743377685547,106.66531372070312,86.1192855834961,60.77419662475586,172.8984375,119.98404693603516,124.6346664428711,37.7263069152832,59.57600784301758,40.22577667236328,147.5755615234375,68.44477081298828,222.35128784179688,68.91165924072266,19.238374710083008,47.19956588745117,42.34886932373047,183.1595458984375,52.100772857666016,33.23964309692383,7.1148362159729,57.86397171020508,24.43614387512207,36.000892639160156,76.93870544433594,218.5110321044922,94.7126693725586,39.37263107299805,33.72442626953125,42.261138916015625,91.6812744140625,107.30609130859375
2017-05-24,62.71707534790039,35.67693328857422,100.68998718261719,56.494258880615234,68.08734893798828,69.40512084960938,74.58964538574219,47.69697952270508,34.49375915527344,89.86170959472656,21.2816162109375,29.919363021850586,101.30264282226562,39.45859909057617,122.42455291748047,24.353689193725586,22.703298568725586,126.3214111328125,123.97675323486328,106.8999252319336,86.38522338867188,61.39970779418945,174.55685424804688,120.39681243896484,122.6513671875,37.596744537353516,58.92066192626953,39.93638610839844,148.80755615234375,68.41847229003906,223.70120239257812,68.8402328491211,19.213695526123047,46.92231750488281,42.11091232299805,186.6536407470703,50.35573959350586,33.404197692871094,7.056885719299316,57.39388656616211,24.44452667236328,35.931583404541016,77.32266998291016,220.89096069335938,95.63138580322266,39.765655517578125,33.34048080444336,42.425148010253906,91.88746643066406,107.8772201538086
2017-05-25,63.492252349853516,35.80023956298828,101.37361907958984,56.123558044433594,67.80135345458984,69.69397735595703,73.81017303466797,47.77778625488281,34.784854888916016,90.99990844726562,21.354660034179688,30.035324096679688,101.76094818115234,39.78425979614258,122.6538314819336,24.315025329589844,22.74978256225586,127.51126861572266,125.26371002197266,108.2024154663086,87.2743911743164,62.03346633911133,176.27182006835938,121.04315185546875,121.15294647216797,37.95949172973633,58.55828857421875,40.35934829711914,148.6144561767578,68.75193786621094,225.3068084716797,69.12591552734375,19.12322425842285,47.10471725463867,41.865028381347656,185.51951599121094,51.07429122924805,33.404197692871094,6.992499828338623,57.51496505737305,24.536834716796875,34.684356689453125,78.22348022460938,223.62838745117188,96.6546859741211,40.46979522705078,33.395328521728516,42.365509033203125,91.86170196533203,107.5696792602539
2017-05-26,63.80233383178711,35.73975372314453,100.88870239257812,55.986263275146484,67.809326171875,70.00691986083984,73.53630065917969,47.68962478637695,34.769527435302734,91.29414367675781,21.34137725830078,30.035324096679688,101.28935241699219,39.837066650390625,122.7193832397461,24.36142921447754,22.697486877441406,126.23986053466797,125.97306823730469,107.79790496826172,87.80628204345703,62.099300384521484,175.81947326660156,120.7160873413086,120.97666931152344,38.615909576416016,59.09028244018555,40.04769515991211,148.3111114501953,68.49744415283203,226.5768585205078,69.14374542236328,19.114999771118164,47.060951232910156,41.571533203125,186.40345764160156,51.103607177734375,33.56874084472656,7.037570953369141,57.871097564697266,24.713056564331055,34.91532897949219,78.17179107666016,224.03810119628906,96.73686981201172,40.6171875,33.26211929321289,42.73078536987305,92.14524841308594,107.88600158691406
2017-05-30,64.21273803710938,35.75371170043945,101.03976440429688,55.677310943603516,66.64950561523438,70.12725067138672,73.07283782958984,47.66023635864258,34.800174713134766,91.37157440185547,21.334741592407227,29.96905517578125,100.78451538085938,39.977909088134766,122.77664947509766,24.500642776489258,22.703298568725586,126.1333236694336,127.08419036865234,107.53904724121094,87.64836120605469,62.62605667114258,176.09275817871094,119.81272888183594,120.58001708984375,38.86638641357422,59.19050598144531,40.01801681518555,148.47654724121094,68.76071166992188,225.17800903320312,68.81346130371094,18.84357452392578,47.05363464355469,41.37323760986328,182.75537109375,51.162261962890625,33.12993621826172,7.134152412414551,57.094730377197266,24.973201751708984,34.48415756225586,78.86583709716797,223.35816955566406,96.33351135253906,40.97745132446289,32.995704650878906,42.17168045043945,91.49222564697266,107.4202880859375
2017-05-31,63.69289779663086,35.54198455810547,101.94593811035156,55.2653923034668,65.25930786132812,70.68091583251953,72.66557312011719,47.8292121887207,34.83082580566406,91.11038208007812,21.680030822753906,29.911081314086914,101.38236236572266,39.95149612426758,123.56278228759766,24.38463020324707,22.834022521972656,125.83002471923828,128.35855102539062,107.58756256103516,87.61511993408203,62.848270416259766,176.79945373535156,120.89518737792969,120.66815948486328,39.436424255371094,59.23676300048828,40.03285598754883,148.2283172607422,69.83142852783203,226.0141143798828,68.67955780029297,18.492856979370117,47.34549331665039,40.56416702270508,176.76451110839844,51.646183013916016,32.70680618286133,7.159907817840576,57.70728302001953,24.98998260498047,34.40717697143555,78.24561309814453,225.982177734375,96.90121459960938,41.17942810058594,32.58042907714844,42.29840850830078,91.38909149169922,107.59603118896484
2017-06-01,63.930030822753906,35.63969802856445,102.36724853515625,55.40268325805664,65.9822006225586,70.7129898071289,73.22032165527344,47.93939208984375,35.07594299316406,91.39104461669922,21.71986961364746,29.919363021850586,101.4089126586914,40.30356216430664,125.57341003417969,24.608911514282227,23.185548782348633,127.17433166503906,128.28323364257812,107.95970916748047,87.7979507446289,63.11988830566406,176.50738525390625,121.67398834228516,122.1666030883789,39.816436767578125,60.3624382019043,40.46324157714844,150.72900390625,70.19999694824219,225.87742614746094,69.8757095336914,18.67439842224121,47.14850616455078,41.30978775024414,179.9021453857422,52.643341064453125,33.388519287109375,7.346629619598389,58.53350830078125,25.384380340576172,34.5380744934082,79.49347686767578,225.4483184814453,97.09539794921875,41.15758514404297,32.76848220825195,42.902252197265625,93.79500579833984,109.56416320800781
2017-06-02,65.44390869140625,36.16786193847656,103.40060424804688,54.57886505126953,65.64852905273438,71.08207702636719,72.4057388305664,48.09365463256836,35.15253448486328,91.73404693603516,21.606985092163086,30.08502960205078,100.9970932006836,40.18913650512695,126.68588256835938,24.732650756835938,23.130353927612305,127.33828735351562,129.75845336914062,108.42891693115234,88.0472640991211,63.46556854248047,179.24937438964844,123.94017028808594,122.87174987792969,40.16193389892578,60.948421478271484,40.78973388671875,151.19784545898438,70.32288360595703,226.52072143554688,70.0631332397461,18.525861740112305,47.71760559082031,41.095611572265625,178.4797821044922,52.44536590576172,33.31800842285156,7.307999610900879,59.18877029418945,25.283681869506836,34.07612609863281,79.50086212158203,226.24465942382812,97.58094024658203,41.004756927490234,33.081905364990234,42.902252197265625,94.87764739990234,109.74866485595703
2017-06-05,65.91814422607422,35.8141975402832,103.62315368652344,55.00453567504883,65.76770782470703,71.20243835449219,72.4619140625,47.79982376098633,35.229148864746094,91.89775085449219,21.48082160949707,30.101598739624023,101.23622131347656,40.41798782348633,125.90304565429688,24.562509536743164,23.316268920898438,126.87924194335938,129.4571533203125,107.9920654296875,87.42401123046875,63.564327239990234,178.0432586669922,124.77344512939453,123.31243896484375,40.26557540893555,60.7479362487793,38.8530158996582,151.47369384765625,69.63831329345703,225.21017456054688,70.49163818359375,18.492856979370117,47.775970458984375,41.024234771728516,179.04873657226562,52.70198440551758,33.60792922973633,7.243611812591553,59.38820266723633,25.250120162963867,33.89134216308594,79.70757293701172,223.69805908203125,97.70044708251953,40.97199630737305,32.86250305175781,42.82024383544922,93.10761260986328,110.11766052246094
2017-06-06,66.13700103759766,35.93519592285156,103.99677276611328,55.75282669067383,65.90276336669922,71.25060272216797,73.15007781982422,47.5059814453125,35.22148513793945,91.7574462890625,21.294898986816406,29.927640914916992,101.20964813232422,40.145137786865234,124.61753845214844,24.407835006713867,22.929895401000977,126.39559936523438,128.94863891601562,107.3853530883789,86.8838119506836,63.37501525878906,175.97024536132812,124.23607635498047,123.09208679199219,40.041019439697266,60.061771392822266,38.33360290527344,152.15402221679688,69.41014862060547,222.59738159179688,70.38451385498047,18.34432029724121,47.31631088256836,41.095611572265625,179.50054931640625,52.100772857666016,33.64710235595703,7.159907817840576,58.01353454589844,25.015161514282227,34.24549865722656,79.32362365722656,221.5801239013672,97.81995391845703,41.08662033081055,32.870338439941406,42.887332916259766,93.12478637695312,109.87168884277344
2017-06-07,66.01849365234375,36.149253845214844,103.93316650390625,55.546875,66.65743255615234,71.22651672363281,72.86920166015625,47.05789566040039,34.8614501953125,91.2507095336914,21.24842071533203,30.035324096679688,100.286376953125,39.96029281616211,125.2026138305664,24.44649887084961,22.99380874633789,127.01854705810547,128.69754028320312,107.36915588378906,86.01956176757812,63.506717681884766,177.24232482910156,125.89482116699219,121.99034118652344,40.21375274658203,60.2622184753418,39.00883865356445,154.89369201660156,69.67341613769531,222.99935913085938,71.24144744873047,18.649646759033203,46.92960739135742,41.317718505859375,180.54644775390625,52.716636657714844,33.91352844238281,7.127713680267334,58.02064895629883,24.931236267089844,33.53718948364258,78.7698745727539,222.87535095214844,97.97798156738281,41.27222442626953,32.8390007019043,43.01407241821289,92.66940307617188,110.0825424194336
2017-06-08,65.61719512939453,36.060821533203125,103.77421569824219,55.347782135009766,67.48360443115234,70.48831939697266,73.03072357177734,46.4261360168457,34.570369720458984,90.34637451171875,21.082416534423828,30.217554092407227,101.03028106689453,39.977909088134766,124.78238677978516,24.44649887084961,22.929895401000977,125.82184600830078,129.28135681152344,108.04059600830078,87.26609802246094,62.379146575927734,178.96670532226562,126.66584777832031,121.59365844726562,40.351951599121094,60.470401763916016,39.21661376953125,153.0825653076172,70.29656219482422,223.19232177734375,71.3664321899414,18.954965591430664,46.7836799621582,41.69051742553711,183.03985595703125,52.760643005371094,34.556068420410156,7.147030353546143,58.027793884277344,25.342424392700195,33.15993118286133,78.82154083251953,224.161865234375,96.36006927490234,41.05386734008789,32.9173469543457,42.64133071899414,92.72956085205078,110.70635986328125
2017-06-09,64.13066101074219,34.66252136230469,104.55321502685547,56.38444900512695,69.08032989501953,70.73706817626953,74.71603393554688,47.3003044128418,34.715911865234375,90.3853759765625,21.759708404541016,29.579736709594727,102.35875701904297,39.634620666503906,124.8235855102539,24.260889053344727,23.072246551513672,125.37922668457031,129.9029083251953,108.23477935791016,88.02230834960938,62.3626823425293,179.0609130859375,127.763916015625,123.1362075805664,40.84424591064453,61.4572868347168,39.88445281982422,153.29400634765625,71.1214828491211,222.6938018798828,71.68777465820312,19.532615661621094,47.20686721801758,42.67409133911133,186.11900329589844,53.721107482910156,35.190765380859375,7.166346073150635,57.6859016418457,25.82913589477539,34.507286071777344,79.0282974243164,224.6431884765625,96.9018783569336,41.190338134765625,32.925193786621094,42.559326171875,94.45659637451172,110.66244506835938
2017-06-12,63.638187408447266,33.83420944213867,104.7837142944336,56.93366241455078,69.09622955322266,70.80125427246094,75.86766052246094,47.3003044128418,34.723567962646484,90.6114501953125,21.71323013305664,29.5963077545166,103.07612609863281,39.4761962890625,122.3432388305664,24.16808319091797,23.01995277404785,124.73981475830078,130.19166564941406,107.8060073852539,88.1469955444336,62.181617736816406,179.0326690673828,128.4025421142578,127.54331970214844,40.7406120300293,61.434165954589844,40.33709716796875,153.34915161132812,70.99861907958984,222.6054229736328,71.56279754638672,19.62339210510254,47.739498138427734,42.90410614013672,185.675537109375,54.19769287109375,35.143760681152344,7.262927055358887,58.26995086669922,25.199769973754883,35.20018768310547,80.4385757446289,224.03060913085938,96.93951416015625,41.15758514404297,33.246456146240234,42.671142578125,94.63706970214844,110.70635986328125
2017-06-13,64.4316177368164,34.1064338684082,104.94271087646484,56.954254150390625,69.32660675048828,70.65682983398438,75.93087768554688,46.81929397583008,34.777626037597656,90.6816177368164,21.633544921875,29.720558166503906,102.45841217041016,39.59062576293945,123.4556884765625,24.5161075592041,23.101295471191406,126.22347259521484,131.27137756347656,108.72017669677734,87.88106536865234,62.296817779541016,180.0597381591797,128.05203247070312,125.38385009765625,40.991085052490234,61.56521987915039,40.2109489440918,153.1193084716797,71.30577087402344,223.78720092773438,71.93770599365234,19.61513900756836,47.53520965576172,43.18968200683594,187.59156799316406,54.2050895690918,35.37881851196289,7.256488800048828,58.26283645629883,25.44312286376953,35.74681854248047,81.11048889160156,225.4308319091797,97.35338592529297,41.245635986328125,33.19160842895508,43.364437103271484,95.86578369140625,111.07539367675781
2017-06-14,64.08506774902344,33.77372360229492,105.53889465332031,56.3432502746582,69.18362426757812,70.96175384521484,74.85647583007812,46.89330291748047,34.98615646362305,91.50018310546875,21.706586837768555,29.430644989013672,102.1661376953125,39.441001892089844,124.16436004638672,24.43876838684082,23.21168327331543,128.49403381347656,131.8363494873047,108.59882354736328,87.01677703857422,62.45323181152344,181.27528381347656,128.5738067626953,126.44156646728516,41.14653778076172,62.29769515991211,40.45581817626953,154.55355834960938,71.61296844482422,225.34686279296875,72.16088104248047,19.606884002685547,47.79996871948242,43.253116607666016,189.52439880371094,54.11642074584961,35.190765380859375,7.224296569824219,59.032081604003906,25.409557342529297,34.96921157836914,80.77085876464844,227.24240112304688,98.10590362548828,41.685890197753906,32.948699951171875,43.79682922363281,95.80562591552734,111.08417510986328
2017-06-15,63.74763870239258,33.57129669189453,105.75350189208984,56.47369384765625,68.77053833007812,71.7159652709961,74.6668930053711,46.760101318359375,34.94754409790039,91.37543487548828,21.786270141601562,29.248401641845703,102.43848419189453,39.32657241821289,124.56815338134766,24.423301696777344,22.924089431762695,128.5022430419922,132.63990783691406,108.7848892211914,88.4212646484375,62.84007263183594,184.16806030273438,127.8028793334961,128.6192626953125,41.561119079589844,61.75027084350586,40.277732849121094,153.79046630859375,72.00787353515625,225.8533477783203,72.03588104248047,19.425338745117188,47.6675910949707,42.75340270996094,186.7799835205078,54.12382507324219,35.01837921142578,7.237171649932861,58.80414962768555,20.60959815979004,34.94611740112305,81.41325378417969,226.34974670410156,98.44456481933594,42.04909896850586,33.19160842895508,43.85646438598633,95.65097045898438,111.03145599365234
2017-06-16,63.838836669921875,33.101318359375,106.79483032226562,57.318111419677734,68.4607162475586,71.94060516357422,76.08536529541016,46.59730529785156,34.99388885498047,91.10258483886719,21.892513275146484,29.16557502746582,103.20899200439453,39.68745040893555,125.24384307861328,24.46196746826172,21.85791778564453,128.39559936523438,133.86407470703125,108.91432189941406,89.41846466064453,62.80712127685547,185.10092163085938,126.48670959472656,128.88597106933594,41.638851165771484,59.41410446166992,40.41129684448242,155.44532775878906,71.85867309570312,225.99806213378906,72.70536804199219,19.334566116333008,47.16010284423828,42.74546432495117,185.5918731689453,54.19770050048828,34.85381317138672,7.224296569824219,55.86964416503906,18.704729080200195,35.82381057739258,81.65689849853516,226.30601501464844,97.98551177978516,42.527854919433594,33.34830856323242,42.566776275634766,95.51350402832031,112.37574005126953
2017-06-19,64.63224792480469,34.04827880859375,106.57225799560547,56.816951751708984,69.96210479736328,72.10107421875,75.46039581298828,47.122703552246094,35.04794692993164,91.43780517578125,22.058513641357422,29.4140682220459,102.85030364990234,40.25075912475586,126.19141387939453,24.740386962890625,21.93345069885254,130.1743621826172,133.9393768310547,109.8932113647461,89.32705688476562,63.2927360534668,187.5885467529297,128.56602478027344,127.99705505371094,42.226165771484375,60.215946197509766,40.975250244140625,156.53013610839844,72.26239013671875,226.95474243164062,73.08921813964844,19.73066520690918,47.6675910949707,43.02309036254883,189.20645141601562,54.70013427734375,35.82545471191406,7.237171649932861,56.845436096191406,18.998428344726562,35.69293212890625,81.8636474609375,228.6514129638672,99.91947174072266,42.76449203491211,33.25428771972656,42.581695556640625,95.47052001953125,111.5761947631836
2017-06-20,63.75674819946289,33.738834381103516,106.69149780273438,56.50798797607422,69.52519226074219,71.91654205322266,74.77220916748047,47.7516975402832,35.2255859375,91.95233154296875,22.28427505493164,28.87565803527832,102.9233627319336,40.34757614135742,126.95780181884766,24.632108688354492,21.945070266723633,129.23992919921875,133.9393768310547,109.14083099365234,88.95308685302734,62.84007263183594,186.88182067871094,129.5005340576172,125.01936340332031,42.12253189086914,59.969234466552734,41.30173873901367,155.9049835205078,72.62220764160156,227.4291229248047,73.65158081054688,19.384078979492188,48.241275787353516,42.40439987182617,188.34466552734375,54.19029998779297,35.65308380126953,7.159907817840576,55.76993179321289,18.780242919921875,35.27717971801758,80.93328094482422,227.6799774169922,100.06245422363281,42.55536651611328,32.50205612182617,42.29840850830078,95.18698120117188,110.74153900146484
2017-06-21,64.08506774902344,33.93891906738281,107.23999786376953,55.910743713378906,69.20745086669922,71.73200225830078,73.37480163574219,48.439884185791016,34.924373626708984,91.53916931152344,22.496761322021484,28.64373016357422,102.15284729003906,40.77886962890625,126.67765045166016,24.624378204345703,22.148426055908203,128.35464477539062,133.62548828125,108.60690307617188,85.986328125,62.28862380981445,187.67333984375,133.44110107421875,123.46385192871094,41.94977951049805,60.2622184753418,41.6059684753418,156.4566192626953,72.52567291259766,227.5094451904297,73.38380432128906,19.086999893188477,49.64607620239258,42.02367401123047,186.16079711914062,53.9686279296875,35.190765380859375,7.108397006988525,55.64171600341797,18.77185821533203,34.607364654541016,80.62317657470703,227.7937469482422,99.20458984375,42.39027404785156,32.32185363769531,41.903316497802734,95.10106658935547,109.63442993164062
2017-06-22,64.07594299316406,33.88309097290039,108.14617919921875,55.66358947753906,69.12798309326172,71.43512725830078,73.3466796875,48.854278564453125,34.80852508544922,90.5490951538086,22.616283416748047,28.461496353149414,102.55802917480469,44.273193359375,127.5593490600586,24.632108688354492,21.939252853393555,127.4448013305664,133.22372436523438,108.46129608154297,86.29381561279297,62.1651496887207,187.9277801513672,135.36459350585938,122.44164276123047,42.55437088012695,59.5374641418457,42.54094314575195,156.91627502441406,73.99124908447266,225.451416015625,73.41949462890625,18.921964645385742,51.83786392211914,41.63500213623047,183.8849639892578,54.08686447143555,34.9556999206543,7.166346073150635,54.39527130126953,18.93129539489746,34.499576568603516,80.5345687866211,224.8181915283203,99.14437866210938,42.08761215209961,32.149471282958984,41.74676513671875,95.00652313232422,108.82611083984375
2017-06-23,64.94230651855469,34.03430938720703,108.44822692871094,56.027427673339844,69.00090026855469,71.74803924560547,73.7329330444336,48.9578857421875,34.94754409790039,91.1805419921875,22.689319610595703,28.320680618286133,102.36540985107422,44.84531784057617,127.42749786376953,24.81772232055664,21.741714477539062,124.0267333984375,133.65061950683594,108.39654541015625,86.51818084716797,62.486141204833984,190.5566864013672,134.33668518066406,122.530517578125,42.39027404785156,59.68397903442383,42.02893829345703,155.93255615234375,73.62267303466797,225.62030029296875,73.3927001953125,18.831193923950195,51.86728286743164,41.60326385498047,181.7261962890625,54.485877990722656,34.234806060791016,7.108397006988525,54.373905181884766,18.96486473083496,34.51496124267578,81.42061614990234,225.26454162597656,99.55827331542969,42.093109130859375,32.25132751464844,41.702030181884766,95.10106658935547,108.59766387939453
2017-06-26,64.32217407226562,33.92728805541992,108.37669372558594,55.77342987060547,69.30277252197266,71.69989013671875,73.1290283203125,48.780277252197266,35.08656311035156,91.3052749633789,22.603002548217773,28.221277236938477,103.10936737060547,44.76609802246094,126.86720275878906,24.933731079101562,21.93345069885254,124.11687469482422,133.46861267089844,108.6149673461914,86.634521484375,62.46145248413086,188.4365997314453,135.247802734375,122.70829010009766,42.243446350097656,61.77340316772461,42.2367057800293,154.69143676757812,73.96495056152344,224.86453247070312,74.0532455444336,18.888952255249023,52.39683532714844,41.96019744873047,184.4456024169922,54.55235290527344,34.477691650390625,7.198539733886719,55.221500396728516,18.973255157470703,34.05302047729492,81.9670181274414,223.9955596923828,100.47634887695312,42.1151237487793,32.36102294921875,41.87348556518555,95.2213363647461,108.37801361083984
2017-06-27,63.11835861206055,33.441001892089844,107.31946563720703,55.68418884277344,69.94622802734375,71.09811401367188,73.07984924316406,48.49908447265625,34.79307556152344,90.3853759765625,22.423717498779297,27.873376846313477,102.79051971435547,44.66927719116211,126.66943359375,24.562509536743164,22.08160972595215,124.7890625,131.6919708251953,107.53904724121094,86.36859893798828,62.03346633911133,187.4095001220703,133.05166625976562,120.93055725097656,42.03616714477539,62.05868911743164,41.479835510253906,153.57901000976562,72.87671661376953,223.36111450195312,74.16038513183594,19.20253562927246,51.962890625,42.16645050048828,184.31170654296875,54.74446105957031,34.65009689331055,7.134152412414551,55.029178619384766,19.107519149780273,33.85285186767578,80.97761535644531,223.45298767089844,98.92615509033203,41.482261657714844,32.1259651184082,41.388938903808594,94.93778991699219,107.1918716430664
2017-06-28,63.656429290771484,33.92962646484375,106.3735580444336,55.97251892089844,71.35230255126953,70.90557861328125,73.22735595703125,48.2178955078125,35.00160598754883,90.72837829589844,22.410436630249023,28.32895851135254,103.16915893554688,44.774906158447266,127.14730834960938,24.809988021850586,22.226863861083984,125.60053253173828,132.21929931640625,108.3803939819336,88.46278381347656,61.80299377441406,188.09738159179688,135.55934143066406,120.3528060913086,41.87205123901367,62.6446647644043,41.457557678222656,154.57191467285156,72.92935943603516,225.12176513671875,74.95482635498047,19.70590591430664,52.89695739746094,43.094478607177734,186.7716064453125,55.44642639160156,34.728458404541016,7.140591621398926,54.90808868408203,19.59422492980957,33.84515380859375,81.28034210205078,225.40457153320312,98.9562759399414,41.73540115356445,32.235660552978516,42.059852600097656,95.43614959716797,109.01961517333984
2017-06-29,62.461727142333984,33.42937469482422,105.435546875,55.40268325805664,72.4088134765625,69.79830169677734,73.11497497558594,47.61109161376953,34.62318420410156,89.79287719726562,22.330759048461914,27.782257080078125,102.37869262695312,44.1851806640625,126.1832275390625,24.291824340820312,22.05836296081543,124.72348022460938,130.48040771484375,107.04557037353516,87.78962707519531,61.004642486572266,186.0620574951172,134.40675354003906,120.08614349365234,42.087982177734375,61.889068603515625,41.42047119140625,153.25726318359375,72.5783462524414,222.47677612304688,74.65135192871094,20.06899642944336,52.11735916137695,44.24460983276367,187.76731872558594,54.70013427734375,35.06538772583008,7.192101001739502,55.81977844238281,19.501916885375977,33.937530517578125,81.0588150024414,223.0592041015625,97.07496643066406,40.94297790527344,31.836044311523438,40.97890853881836,94.21601867675781,107.64216613769531
2017-06-30,62.863006591796875,33.508487701416016,105.15731811523438,55.423309326171875,72.60742950439453,69.92668914794922,73.26243591308594,47.42609405517578,34.638614654541016,90.03456115722656,22.30419921875,27.947927474975586,102.17941284179688,44.13237380981445,126.20795440673828,24.20675277709961,21.985740661621094,125.73986053466797,130.69378662109375,107.83027648925781,89.3021240234375,61.01286697387695,186.3353271484375,134.12637329101562,120.04171752929688,41.98433303833008,62.03554153442383,41.34626007080078,153.89158630371094,72.22727966308594,223.1842041015625,75.19584655761719,20.01948356628418,52.058509826660156,43.951141357421875,185.66714477539062,54.833126068115234,34.916507720947266,7.204979419708252,55.777061462402344,19.56905174255371,33.84515380859375,81.65689849853516,224.6606903076172,97.15772247314453,40.98148727416992,32.42372131347656,41.29947280883789,94.48240661621094,109.12556457519531
2017-07-03,62.16987991333008,33.38749694824219,105.64221954345703,56.363826751708984,74.08513641357422,70.40007781982422,74.64582824707031,47.559303283691406,34.569114685058594,89.99557495117188,22.456918716430664,27.71599006652832,103.3418197631836,43.445823669433594,125.66405487060547,24.22994613647461,21.89277458190918,126.23985290527344,131.72335815429688,108.1700439453125,88.89488983154297,60.85649490356445,187.12681579589844,134.5703125,121.9972152709961,42.07069778442383,62.15890884399414,41.754390716552734,153.99270629882812,72.5783462524414,224.23739624023438,75.9635009765625,20.366073608398438,51.99966049194336,44.24460983276367,190.1686553955078,55.49074935913086,35.7392692565918,7.44321346282959,55.648860931396484,19.76205825805664,35.153995513916016,81.67167663574219,225.527099609375,96.64601135253906,41.014503479003906,32.486392974853516,41.135475158691406,95.04088592529297,110.32638549804688
2017-07-05,62.99977493286133,33.5247688293457,106.23045349121094,55.505680084228516,74.8280029296875,70.34387969970703,73.46609497070312,47.4779052734375,34.61544418334961,89.88643646240234,22.33739471435547,28.444923400878906,102.07313537597656,43.533851623535156,126.13375091552734,24.28459930419922,21.88115692138672,125.15788269042969,131.67941284179688,108.24287414550781,89.32705688476562,60.70834732055664,190.1609649658203,135.7072296142578,121.55281066894531,42.321170806884766,61.418758392333984,42.10557556152344,155.5188446044922,72.5783462524414,227.0352020263672,76.06206512451172,20.56412124633789,52.11735916137695,44.24460983276367,190.80458068847656,55.64591598510742,36.17024612426758,7.2758026123046875,56.01210403442383,19.493526458740234,33.99913024902344,81.605224609375,227.7849578857422,96.8191146850586,41.05854034423828,32.752803802490234,40.85963821411133,95.10106658935547,110.90033721923828
2017-07-06,62.53468704223633,33.208343505859375,105.34017181396484,55.00453567504883,74.58837127685547,70.10318756103516,72.90430450439453,46.69350814819336,34.29107666015625,89.75389862060547,22.058513641357422,27.856801986694336,101.2030029296875,42.996925354003906,126.15025329589844,23.98015785217285,21.924739837646484,124.63331604003906,130.5871124267578,107.8949966430664,88.51262664794922,60.45321273803711,189.85000610351562,133.72921752929688,116.93065643310547,41.40565490722656,60.686279296875,41.3060417175293,154.3972625732422,71.61296844482422,225.87742614746094,75.03165435791016,20.390832901000977,51.10237121582031,44.070125579833984,189.6750030517578,54.84790802001953,36.14674758911133,7.198539733886719,55.356807708740234,19.409605026245117,33.3447151184082,80.66008758544922,226.6123046875,95.10336303710938,40.898948669433594,32.204307556152344,40.483543395996094,94.55972290039062,110.45001983642578
2017-07-07,63.34636688232422,33.54570388793945,105.35606384277344,55.073177337646484,74.96377563476562,70.3278579711914,72.67259216308594,46.73789596557617,34.28335952758789,90.05011749267578,22.144832611083984,28.06389045715332,101.58824920654297,43.437015533447266,128.7706756591797,24.12066650390625,21.884057998657227,124.78080749511719,131.5727081298828,108.50173950195312,88.85335540771484,60.36265563964844,190.68861389160156,133.50340270996094,116.21955871582031,41.837501525878906,60.63233184814453,41.776798248291016,155.93255615234375,72.2185287475586,229.28631591796875,75.560302734375,20.489850997924805,50.933197021484375,44.21289825439453,188.49525451660156,56.27397155761719,36.08405303955078,7.250049591064453,55.178768157958984,19.434785842895508,33.10603332519531,81.48707580566406,229.28150939941406,95.4194107055664,40.860416412353516,32.31401824951172,40.34062194824219,95.37599182128906,111.818603515625
2017-07-10,63.82059860229492,33.75046157836914,104.56912231445312,55.03197479248047,74.43659973144531,69.8785171508789,72.35659790039062,46.49370574951172,34.275630950927734,89.08346557617188,22.184677124023438,27.873376846313477,101.90707397460938,43.67466354370117,128.1526336669922,24.183116912841797,21.273990631103516,123.92013549804688,132.13771057128906,108.9628677368164,89.6178970336914,60.14866638183594,192.18685913085938,134.10304260253906,115.730712890625,41.656124114990234,60.24679946899414,41.79174041748047,155.89581298828125,72.2097396850586,229.58367919921875,75.5334243774414,20.539369583129883,50.962623596191406,44.09391403198242,188.96380615234375,56.93160629272461,36.03703689575195,7.301559925079346,54.95795822143555,18.973255157470703,33.29081344604492,81.37632751464844,229.09771728515625,95.57744598388672,40.552249908447266,31.97708511352539,40.1676139831543,95.35882568359375,113.1430435180664
2017-07-11,63.829681396484375,33.85982131958008,104.31472778320312,55.33405303955078,74.14904022216797,69.62174987792969,72.41276550292969,46.13111114501953,34.23701858520508,88.6702880859375,22.025314331054688,28.09702491760254,101.75433349609375,43.903526306152344,127.64994812011719,24.26898193359375,21.343713760375977,123.44477844238281,131.6166534423828,108.58264923095703,89.9503173828125,59.5889892578125,194.36351013183594,134.9752655029297,117.24174499511719,41.5870361328125,59.861297607421875,41.343414306640625,157.35757446289062,72.2711410522461,230.2670135498047,75.40801239013672,20.300058364868164,51.00676345825195,43.65764617919922,189.89251708984375,55.53507995605469,35.63740539550781,7.327314376831055,55.0505485534668,18.99003028869629,33.37551498413086,81.27294158935547,229.85035705566406,94.67440795898438,40.40917205810547,31.56963348388672,40.26538848876953,95.35021209716797,113.0724105834961
2017-07-12,64.8875961303711,33.90867233276367,105.10962677001953,55.58120346069336,73.89344024658203,69.77420043945312,72.95346069335938,46.45670700073242,34.37602233886719,89.47325134277344,22.058513641357422,28.370384216308594,102.09307098388672,44.405216217041016,129.02613830566406,24.323625564575195,21.480257034301758,125.075927734375,132.6461639404297,109.02759552001953,90.54866790771484,59.49022674560547,194.52369689941406,134.93626403808594,118.1306381225586,42.060340881347656,59.71480178833008,41.1267204284668,158.1849822998047,73.28040313720703,230.21881103515625,75.99935913085938,20.093759536743164,51.337730407714844,43.760772705078125,190.2607421875,55.84541702270508,35.22994613647461,7.385265350341797,55.21437454223633,19.1326904296875,33.29081344604492,81.64212799072266,231.0055694580078,93.83912658691406,40.66230773925781,32.0475959777832,40.19771194458008,96.0977783203125,109.0284423828125
2017-07-13,65.45303344726562,34.3809814453125,104.81553649902344,55.588050842285156,74.36470031738281,69.56560516357422,73.12200164794922,46.53810501098633,34.31423568725586,88.88855743408203,22.098360061645508,28.36209487915039,102.04654693603516,44.31720733642578,127.75712585449219,24.409488677978516,21.802717208862305,125.64967346191406,132.51434326171875,109.48059844970703,90.14146423339844,59.44906997680664,194.32577514648438,136.3147430419922,119.06396484375,41.75638198852539,60.07717514038086,40.850250244140625,159.0951690673828,73.73675537109375,230.54037475585938,76.49214935302734,20.316558837890625,51.91141891479492,44.10184860229492,192.77926635742188,58.5128173828125,35.66874694824219,7.468967914581299,55.56336975097656,19.2333927154541,33.29851531982422,82.07776641845703,230.9180145263672,93.23712158203125,40.43669509887695,32.42372131347656,40.07735061645508,96.57897186279297,109.8584213256836
2017-07-14,66.37413787841797,34.67646789550781,105.40377044677734,55.80088424682617,73.68575286865234,69.88655853271484,73.33967590332031,46.663909912109375,34.50733184814453,89.59799194335938,22.197954177856445,28.726558685302734,102.45173645019531,44.502044677734375,127.95488739013672,24.526580810546875,22.177471160888672,125.31362915039062,132.9412384033203,109.88511657714844,90.39075469970703,59.99530792236328,196.47421264648438,137.94232177734375,119.01947784423828,42.47722244262695,60.08489227294922,41.208919525146484,159.78466796875,74.02637481689453,231.6417999267578,76.41150665283203,19.978225708007812,51.904048919677734,43.61799621582031,191.27320861816406,59.281253814697266,35.41801071166992,7.520477771759033,56.20441436767578,19.308916091918945,33.45250701904297,83.00076293945312,231.76693725585938,93.69612121582031,40.684326171875,32.50205612182617,40.42336654663086,96.92265319824219,110.7855224609375
2017-07-17,66.89397430419922,34.797447204589844,105.04605102539062,55.512542724609375,72.99881744384766,70.24761199951172,73.17818450927734,46.33090591430664,34.545936584472656,89.59799194335938,22.078433990478516,28.552610397338867,101.63475036621094,44.56389236450195,127.93838500976562,24.589031219482422,22.186193466186523,126.14148712158203,132.88473510742188,109.42396545410156,90.44893646240234,60.07807540893555,196.9359130859375,138.152587890625,119.1972885131836,42.346946716308594,60.370174407958984,40.939918518066406,160.14321899414062,73.40327453613281,231.93124389648438,76.35774993896484,19.82143783569336,52.330657958984375,43.39590072631836,191.8253631591797,59.22953414916992,35.51987075805664,7.559109687805176,56.39671325683594,19.191429138183594,33.25231170654297,82.72015380859375,231.74945068359375,93.83157348632812,40.376155853271484,32.596092224121094,40.73176574707031,97.06011962890625,111.14756774902344
2017-07-18,66.84835052490234,34.91843795776367,106.88226318359375,55.33405303955078,72.74323272705078,71.12220764160156,72.83409881591797,46.18291091918945,34.499595642089844,89.66036987304688,22.151470184326172,28.602313995361328,102.2923583984375,44.572723388671875,126.86720275878906,24.59684181213379,22.13680648803711,124.73164367675781,132.6524658203125,109.36736297607422,89.6202621459961,60.0201530456543,196.2198028564453,138.2148895263672,119.50836944580078,42.32957458496094,60.13885498046875,40.902557373046875,158.22177124023438,73.45594787597656,230.56451416015625,76.62655639648438,19.722414016723633,52.727813720703125,43.46728515625,186.84690856933594,59.19258117675781,35.37098693847656,7.565548896789551,56.03346252441406,18.92289924621582,33.15993118286133,82.57250213623047,231.25064086914062,93.74126434326172,40.35414505004883,32.266998291015625,40.3707160949707,97.051513671875,111.33297729492188
2017-07-19,67.35907745361328,35.137142181396484,107.47846221923828,55.505680084228516,72.84705352783203,71.44567108154297,73.35372161865234,46.33830261230469,34.62318420410156,89.91761779785156,22.324111938476562,28.62716293334961,97.99473571777344,45.05864715576172,126.80950927734375,24.90127182006836,22.040931701660156,125.65790557861328,133.14840698242188,110.14398956298828,90.27313995361328,59.99530792236328,198.70742797851562,139.53875732421875,119.73058319091797,42.92882537841797,59.66853713989258,41.149131774902344,160.25355529785156,73.92107391357422,233.68386840820312,76.99393463134766,19.85444450378418,53.48537826538086,43.578346252441406,186.478759765625,59.70981979370117,36.53068923950195,7.617060661315918,56.66737747192383,19.250171661376953,33.614173889160156,83.42900085449219,231.84571838378906,93.27472686767578,40.47520446777344,32.34535217285156,40.5060920715332,97.61004638671875,111.52722930908203
2017-07-20,67.68738555908203,34.97893524169922,108.55948638916016,55.512542724609375,72.84705352783203,71.64781951904297,73.47311401367188,46.57510757446289,34.61544418334961,90.05011749267578,22.270992279052734,28.7845401763916,98.08111572265625,45.17350387573242,127.07317352294922,24.87004852294922,22.084514617919922,120.51848602294922,133.36807250976562,109.17317962646484,89.82952117919922,59.664249420166016,198.1420440673828,139.64781188964844,118.61951446533203,44.16205978393555,59.8780632019043,41.425601959228516,160.4190216064453,74.37744140625,232.87997436523438,76.47422790527344,19.75541877746582,54.00021743774414,43.53073501586914,186.00184631347656,59.909332275390625,36.444515228271484,7.630101203918457,56.83832550048828,19.51870346069336,33.486358642578125,83.12625885009766,231.7144317626953,93.09412384033203,40.497215270996094,32.45506286621094,40.74681091308594,91.69843292236328,110.90033721923828
2017-07-21,67.29524993896484,34.96262741088867,107.55794525146484,55.00453567504883,72.59944152832031,71.65592193603516,72.50407409667969,46.34569549560547,34.777626037597656,90.92328643798828,22.231149673461914,28.767969131469727,97.69584655761719,44.8819465637207,126.83417510986328,24.854442596435547,22.122283935546875,120.20693969726562,132.55828857421875,110.30581665039062,89.21849822998047,60.640869140625,199.89466857910156,140.34095764160156,115.15291595458984,44.15338897705078,59.777198791503906,41.582523345947266,160.18002319335938,74.29843139648438,232.43768310546875,76.68928527832031,19.639892578125,54.25030517578125,42.96756362915039,184.22799682617188,59.72459030151367,36.5071907043457,7.519238471984863,56.19728088378906,19.51870346069336,33.03709030151367,83.20011138916016,232.17831420898438,94.27557373046875,40.40366744995117,32.329673767089844,40.882198333740234,91.39771270751953,111.03279113769531
2017-07-24,67.12195587158203,35.3860969543457,105.72965240478516,54.832881927490234,72.91095733642578,71.3082046508789,72.46894836425781,46.30131149291992,34.630897521972656,90.53347778320312,22.124916076660156,28.57746696472168,96.97180938720703,44.84661102294922,125.12846374511719,24.87004852294922,22.337255477905273,118.51023864746094,131.83009338378906,111.4060287475586,90.54937744140625,59.46562576293945,199.93234252929688,141.00286865234375,113.01963806152344,44.11864471435547,59.83151626586914,41.54515075683594,160.455810546875,74.36864471435547,233.3702392578125,76.16063690185547,19.73066520690918,54.71364974975586,43.04689407348633,182.55458068847656,59.92409896850586,36.60121154785156,7.362726211547852,56.69587326049805,19.493526458740234,33.00611114501953,82.80876159667969,232.15199279785156,93.16938018798828,39.97442626953125,32.42372131347656,40.9799919128418,90.55563354492188,111.73916625976562
2017-07-25,67.6600341796875,35.53733825683594,104.83142852783203,55.10749816894531,74.12508392333984,72.08451843261719,73.3045883178711,46.14590835571289,34.93982696533203,90.78295135498047,21.978832244873047,28.718276977539062,97.10466766357422,45.2088508605957,131.07794189453125,25.07300567626953,22.810789108276367,120.4692611694336,125.16954040527344,111.03386688232422,95.87286376953125,59.63116455078125,200.19622802734375,140.87046813964844,113.06407928466797,44.14470291137695,61.236122131347656,41.80668258666992,159.7938690185547,72.1307601928711,233.00848388671875,76.52800750732422,20.201038360595703,54.23557662963867,43.673519134521484,185.39942932128906,61.9412727355957,37.30644226074219,7.349679946899414,57.02350616455078,19.87114715576172,33.811702728271484,83.59883880615234,231.08432006835938,93.8240737915039,39.754302978515625,32.87818145751953,41.46140670776367,92.03356170654297,112.93114471435547
2017-07-26,67.53236389160156,35.70484924316406,104.09215545654297,55.17615509033203,73.43016052246094,72.21392059326172,73.81719970703125,45.73152160644531,35.325984954833984,91.35985565185547,21.839385986328125,28.7845401763916,96.55337524414062,45.2088508605957,128.96841430664062,24.713926315307617,22.921184539794922,120.23973846435547,124.94352722167969,112.03702545166016,95.01908874511719,60.417423248291016,219.974609375,136.97665405273438,113.73072814941406,43.7712516784668,60.75497817993164,41.829105377197266,159.57325744628906,71.8235855102539,233.0246124267578,76.42942810058594,19.978225708007812,54.566558837890625,43.55453872680664,185.95997619628906,62.746673583984375,36.99300765991211,7.212728500366211,56.04059600830078,19.90471076965332,33.850425720214844,82.91215515136719,230.9180145263672,91.9879150390625,39.4736442565918,32.682273864746094,41.46892166137695,91.72421264648438,112.86051177978516
2017-07-27,66.720703125,35.03011703491211,103.99677276611328,55.49196243286133,73.12662506103516,73.32987213134766,74.51239013671875,47.130096435546875,35.619468688964844,91.4767837524414,21.912433624267578,28.966779708862305,96.3607177734375,44.572723388671875,129.33102416992188,24.643674850463867,23.17682647705078,121.09224700927734,125.58384704589844,110.81546783447266,95.73056030273438,60.37602233886719,227.08877563476562,134.06405639648438,114.61961364746094,43.519386291503906,61.24388122558594,40.52894592285156,158.19422912597656,72.85912322998047,231.6417999267578,75.13023376464844,19.895709991455078,55.13288116455078,43.39590072631836,185.31573486328125,61.08417892456055,37.09542465209961,7.290987014770508,56.111812591552734,20.09771156311035,34.594058990478516,79.5894775390625,228.20509338378906,93.47039031982422,40.70083236694336,32.737125396728516,41.73971939086914,91.20866394042969,113.40794372558594
2017-07-28,66.61125183105469,34.78350067138672,104.8075942993164,54.64751052856445,72.91095733642578,72.94979858398438,75.92383575439453,47.44090270996094,35.534507751464844,90.90768432617188,22.01203727722168,29.248401641845703,95.84261322021484,44.4401969909668,128.42457580566406,24.604646682739258,23.185548782348633,121.3791275024414,125.37667846679688,110.66173553466797,95.50456237792969,60.03669357299805,227.3431854248047,135.92530822753906,113.46406555175781,43.08515167236328,61.88798141479492,41.29857635498047,159.9409637451172,72.92935943603516,233.47483825683594,75.98143005371094,19.829687118530273,55.85367965698242,42.277496337890625,187.09793090820312,60.84770202636719,36.75668716430664,7.284465312957764,56.71011734008789,20.3746395111084,35.05882263183594,80.97020721435547,231.12808227539062,92.14594268798828,36.837669372558594,32.737125396728516,41.61937713623047,91.10557556152344,113.82295227050781
2017-07-31,66.30117797851562,34.604339599609375,105.49916076660156,54.949588775634766,73.32633209228516,73.44308471679688,76.67523193359375,47.27070617675781,35.40321731567383,90.90768432617188,22.018672943115234,29.380943298339844,96.09501647949219,44.11329650878906,127.83948516845703,24.549999237060547,23.237834930419922,122.62505340576172,126.28697204589844,110.1197280883789,95.37902069091797,59.755306243896484,228.4645233154297,135.90194702148438,113.81961059570312,42.71171569824219,62.02766036987305,42.51655197143555,159.56405639648438,72.5432357788086,234.8576202392578,76.36671447753906,19.90396499633789,55.9640007019043,42.78512954711914,188.53712463378906,61.1211051940918,36.945735931396484,7.317074298858643,57.45798110961914,20.576038360595703,35.14402770996094,81.43539428710938,230.27915954589844,92.68024444580078,35.7535514831543,33.05056381225586,41.867591857910156,90.43534851074219,113.26667785644531
2017-08-01,66.19172668457031,34.91146469116211,105.33220672607422,55.038822174072266,74.30879974365234,73.66951751708984,77.79174041748047,47.300296783447266,35.29509735107422,90.36979675292969,21.965551376342773,30.1098690032959,96.51348114013672,44.31650161743164,126.93309783935547,24.70612335205078,23.3859920501709,122.82994079589844,127.54875183105469,110.8397216796875,94.66754913330078,59.34149169921875,225.61883544921875,135.60604858398438,113.06407928466797,42.68566131591797,61.84916305541992,41.92624282836914,159.012451171875,72.28872680664062,235.2757110595703,76.37566375732422,20.176279067993164,55.677154541015625,42.896183013916016,189.9344482421875,61.4388542175293,37.18994903564453,7.140992641448975,57.78559875488281,20.643169403076172,34.66377639770508,81.34679412841797,231.6006622314453,91.57405090332031,36.045230865478516,33.928157806396484,41.52157211303711,90.3150634765625,113.92008972167969
2017-08-02,65.89990234375,36.56105422973633,105.05400085449219,55.33405303955078,74.3726806640625,73.62098693847656,77.56704711914062,46.94510269165039,35.21012878417969,90.12812042236328,22.072832107543945,30.35009765625,95.94888305664062,43.97194290161133,129.03436279296875,24.604646682739258,23.394704818725586,123.36276245117188,128.94863891601562,112.22309112548828,94.6591796875,59.275272369384766,224.21487426757812,135.86302185058594,113.41962432861328,42.75511932373047,61.88798141479492,41.26869583129883,160.6488800048828,71.80602264404297,236.92373657226562,76.42942810058594,20.29180908203125,55.780120849609375,42.84025192260742,189.32362365722656,61.039833068847656,37.28447723388672,7.173599720001221,57.71439743041992,20.668344497680664,35.32993698120117,82.1516342163086,233.5172119140625,91.32569885253906,36.0727424621582,33.29347229003906,42.17599868774414,91.2602310180664,113.884765625
2017-08-03,65.7995834350586,36.19578170776367,105.99992370605469,55.25852966308594,73.88546752929688,73.47543334960938,76.84376525878906,47.00429153442383,35.271915435791016,90.66604614257812,22.414783477783203,30.45273208618164,96.27432250976562,44.37834167480469,127.49341583251953,24.6358699798584,23.49348258972168,123.6004867553711,130.3360137939453,112.90264892578125,95.05256652832031,59.25872802734375,224.49754333496094,135.64495849609375,114.48628234863281,42.6943359375,60.99553298950195,41.47043991088867,161.85325622558594,71.90257263183594,237.82408142089844,76.64448547363281,20.110261917114258,54.698944091796875,42.664485931396484,187.4158935546875,61.06938171386719,37.22934341430664,7.127950668334961,57.7286491394043,20.190025329589844,34.78771209716797,82.3436050415039,235.2238006591797,91.56651306152344,36.06723403930664,33.395328521728516,42.2888298034668,89.9369888305664,114.35272216796875
2017-08-04,66.28292846679688,36.38656234741211,105.86478424072266,55.06629943847656,74.81204223632812,73.32178497314453,77.3212890625,46.69350814819336,35.140621185302734,90.7205810546875,22.555591583251953,30.294174194335938,96.4205093383789,44.139801025390625,126.75180053710938,24.82321548461914,23.38018226623535,125.20704650878906,130.35484313964844,113.29095458984375,95.71382141113281,59.15939712524414,223.98870849609375,135.38795471191406,114.57515716552734,42.78118133544922,60.50666427612305,41.80668258666992,158.63551330566406,72.23605346679688,238.77279663085938,77.02977752685547,20.60538101196289,53.80899429321289,42.21706771850586,192.26882934570312,61.17280960083008,37.875308990478516,7.140992641448975,57.73577117919922,20.24876594543457,35.29119873046875,82.73492431640625,235.62640380859375,91.29560852050781,36.05622863769531,33.37181854248047,42.25120544433594,90.2291259765625,114.56460571289062
2017-08-07,66.02757263183594,36.94961166381836,105.61043548583984,55.03197479248047,75.09957885742188,73.9444580078125,77.08951568603516,46.5011100769043,35.248748779296875,91.1805419921875,22.334327697753906,30.40266990661621,95.29792785644531,43.857086181640625,127.6994400024414,24.854442596435547,23.612594604492188,125.69892120361328,130.22300720214844,112.41725158691406,96.01513671875,59.37459182739258,226.36325073242188,135.9564971923828,113.90848541259766,42.81593322753906,61.399078369140625,42.06821060180664,161.78884887695312,72.02542877197266,238.89340209960938,76.9222412109375,20.597129821777344,54.014930725097656,41.977378845214844,194.8877716064453,61.60136795043945,38.05647659301758,7.1214280128479,58.05629348754883,20.450164794921875,34.98910903930664,82.59465026855469,235.9239044189453,91.37085723876953,36.31488037109375,33.25428771972656,42.4091796875,90.34082794189453,114.75003814697266
2017-08-08,66.38325500488281,37.245094299316406,105.14143371582031,54.89466857910156,74.8280029296875,74.05767059326172,77.48979949951172,46.116310119628906,35.21784973144531,90.98564910888672,22.314207077026367,30.385969161987305,95.39192962646484,43.37998962402344,127.65823364257812,24.72173500061035,23.702655792236328,125.69892120361328,129.58895874023438,112.1826400756836,95.7640380859375,59.34149169921875,225.67538452148438,135.26336669921875,113.59739685058594,42.451168060302734,60.972267150878906,42.52401351928711,161.4671173095703,71.93768310546875,241.26499938964844,77.00287628173828,20.5476131439209,53.88991165161133,42.11320114135742,194.15982055664062,61.46839141845703,37.757137298583984,7.101864337921143,57.75001907348633,20.24876594543457,35.345420837402344,82.61678314208984,236.134033203125,91.38591766357422,35.97917938232422,33.097572326660156,41.95785903930664,89.2276611328125,116.56896209716797
2017-08-09,66.09142303466797,37.47310256958008,105.9045181274414,55.06629943847656,74.70818328857422,74.33261108398438,77.8689956665039,46.24211120605469,35.21012878417969,90.92328643798828,22.42819595336914,30.536190032958984,95.16371154785156,43.34465408325195,127.65823364257812,24.68270492553711,23.85759162902832,127.26445770263672,129.620361328125,112.44961547851562,95.70545959472656,59.23388671875,222.10177612304688,135.1543731689453,114.2640609741211,42.35564422607422,61.63964080810547,42.89015197753906,163.71957397460938,72.4642105102539,245.38131713867188,76.77886199951172,20.41558074951172,54.3532829284668,42.1771240234375,193.28964233398438,61.46099853515625,37.53657150268555,7.1214280128479,57.89244842529297,20.089326858520508,35.36091232299805,83.00076293945312,239.00450134277344,91.51382446289062,35.940650939941406,33.29347229003906,41.95033264160156,89.20174407958984,116.91333770751953
2017-08-10,65.12471771240234,36.27952194213867,105.79322814941406,54.74051284790039,73.6378402709961,74.18704986572266,77.3212890625,46.01271057128906,35.325984954833984,90.72837829589844,22.408079147338867,30.160654067993164,95.21067810058594,42.496498107910156,129.05905151367188,24.198728561401367,23.579870223999023,126.1333236694336,129.46339416503906,111.02576446533203,94.70938873291016,59.21735382080078,220.7462921142578,131.69662475585938,112.44186401367188,41.73900604248047,61.414608001708984,42.28490447998047,161.2188720703125,72.00787353515625,243.79754638671875,75.7663803100586,19.90396499633789,53.47068405151367,41.50598907470703,188.6793212890625,61.21717071533203,36.47309494018555,7.023608207702637,56.802703857421875,19.778841018676758,34.83419418334961,82.50981140136719,236.7728271484375,91.10747528076172,35.643489837646484,33.00355911254883,42.34148406982422,87.44136047363281,112.82518768310547
2017-08-11,66.1187973022461,36.78404235839844,105.80120086669922,54.213706970214844,73.02277374267578,73.86357879638672,76.70332336425781,46.16071701049805,35.21012878417969,90.82971954345703,22.294097900390625,29.93531036376953,95.21067810058594,42.62017059326172,129.6194305419922,24.56561279296875,23.50385856628418,126.95301055908203,129.3064727783203,110.49993896484375,94.45826721191406,58.97732925415039,222.64210510253906,131.94586181640625,111.99742889404297,42.155887603759766,61.6241455078125,42.38950729370117,160.31796264648438,71.67225646972656,244.19949340820312,75.52447509765625,19.68940544128418,53.25002670288086,41.49800109863281,187.5497283935547,61.17280960083008,35.96105194091797,7.023608207702637,57.49359893798828,19.81679916381836,34.69475555419922,82.89661407470703,235.66146850585938,90.78389739990234,35.39035415649414,32.329673767089844,42.567138671875,86.92361450195312,111.87156677246094
2017-08-14,67.11283111572266,37.33763122558594,106.10325622558594,54.22756576538086,73.87748718261719,74.1142578125,76.33816528320312,46.37531280517578,35.3723258972168,91.86659240722656,22.334327697753906,30.32755470275879,95.5328598022461,43.15910720825195,129.5864715576172,24.854442596435547,23.59156036376953,126.44476318359375,130.1790771484375,111.85903930664062,95.17810821533203,59.13456726074219,224.79383850097656,133.6902618408203,112.7085189819336,42.6248664855957,61.53874588012695,43.054542541503906,162.12905883789062,71.97252655029297,247.27859497070312,76.58175659179688,20.151517868041992,53.551570892333984,42.21706771850586,190.23561096191406,61.94865417480469,36.638519287109375,7.114908695220947,58.07052230834961,19.89272689819336,34.50110626220703,84.57029724121094,237.51666259765625,91.57405090332031,35.68202590942383,32.870338439941406,43.17642593383789,88.50279998779297,113.52273559570312
2017-08-15,67.13117218017578,37.74641418457031,106.02377319335938,54.095848083496094,74.06916809082031,74.55903625488281,76.2398452758789,46.24950408935547,35.673526763916016,92.74751281738281,22.381261825561523,30.043806076049805,95.36505126953125,43.141448974609375,129.88308715820312,25.049591064453125,23.612022399902344,123.09227752685547,130.059814453125,111.17138671875,95.12789916992188,59.42426300048828,226.7085723876953,133.31396484375,111.73077392578125,42.399044036865234,61.39132308959961,43.2413330078125,164.7124481201172,72.16685485839844,246.169189453125,77.76448059082031,20.19278335571289,53.779579162597656,42.22504425048828,190.42807006835938,61.99299621582031,36.57549285888672,7.069258213043213,57.78559875488281,19.496231079101562,34.4701042175293,84.93479919433594,237.28915405273438,91.98040771484375,35.93516540527344,33.201969146728516,43.108726501464844,88.8307113647461,112.29541778564453
2017-08-16,67.52543640136719,37.59455490112305,106.65171813964844,53.70072555541992,73.5579605102539,74.75313568115234,75.77881622314453,46.39751434326172,35.681251525878906,92.84886169433594,22.367847442626953,29.885250091552734,95.65370178222656,43.51252746582031,130.9378662109375,25.2447452545166,23.673412322998047,124.79724884033203,130.52435302734375,112.24852752685547,95.52127838134766,59.531829833984375,225.21087646484375,134.37237548828125,111.552978515625,43.258846282958984,61.49995803833008,42.96487045288086,165.35597229003906,71.26598358154297,245.84754943847656,78.30207824707031,19.961727142333984,53.94874572753906,42.09722137451172,188.77137756347656,62.17033386230469,36.244632720947266,7.043173313140869,58.165008544921875,19.479354858398438,33.84268569946289,85.36626434326172,236.2827606201172,92.05567932128906,36.0177116394043,33.28092956542969,43.274208068847656,89.52107238769531,111.80977630615234
2017-08-17,66.37934875488281,36.872802734375,105.75350189208984,52.86198425292969,72.40774536132812,74.45389556884766,75.1263198852539,45.761112213134766,35.41866683959961,92.29537963867188,22.092947006225586,29.35113525390625,94.4454574584961,42.894065856933594,130.1055450439453,24.22995376586914,23.29922103881836,122.68242645263672,128.91098022460938,110.43569946289062,94.70101928710938,59.010440826416016,223.3151092529297,131.56561279296875,109.99748992919922,42.8072395324707,61.220611572265625,42.41939163208008,163.67355346679688,68.71353149414062,242.32632446289062,77.13726806640625,19.507858276367188,53.20588302612305,41.38615036010742,185.26553344726562,61.039833068847656,35.519901275634766,6.9388298988342285,57.90016555786133,19.28531837463379,33.30820083618164,83.9975357055664,234.6549530029297,92.01802825927734,35.384849548339844,32.90192794799805,43.304298400878906,88.60633850097656,109.46994018554688
2017-08-18,66.46187591552734,36.78871536254883,105.4276123046875,53.125389099121094,72.4796142578125,74.77738952636719,75.52347564697266,45.502113342285156,35.271915435791016,91.67947387695312,21.905208587646484,29.217599868774414,93.77420043945312,42.955902099609375,129.9984588623047,23.70695686340332,23.18521499633789,120.8955307006836,127.76848602294922,109.70406341552734,95.35391235351562,58.7786979675293,223.48573303222656,131.15786743164062,109.1086196899414,42.32957458496094,60.266090393066406,42.15788269042969,162.75424194335938,68.06878662109375,240.54147338867188,76.5010986328125,19.491352081298828,53.03672409057617,41.29027557373047,185.87635803222656,60.81077575683594,35.756229400634766,6.88665771484375,57.28458023071289,19.28531837463379,33.39341735839844,84.3099594116211,234.19985961914062,91.3482894897461,35.049156188964844,32.586097717285156,42.9808464050293,88.08856964111328,103.58055114746094
2017-08-21,66.15016174316406,36.72099304199219,106.07941436767578,52.94516372680664,72.39176940917969,75.09275817871094,75.0270004272461,45.85730743408203,35.279640197753906,92.19402313232422,21.965553283691406,29.142492294311523,94.19707489013672,43.203304290771484,130.4928436279297,23.94893455505371,23.30214500427246,122.29720306396484,128.4087677001953,110.20809936523438,95.08604431152344,59.267005920410156,223.40040588378906,131.83999633789062,108.84196472167969,42.451168060302734,60.25056457519531,42.322269439697266,163.62757873535156,68.34256744384766,242.69607543945312,76.42942810058594,19.293306350708008,53.397117614746094,41.40212631225586,184.73838806152344,60.86250305175781,35.19693374633789,6.893178462982178,57.69257736206055,19.074411392211914,32.9208984375,84.67445373535156,234.27859497070312,92.31906127929688,35.43437957763672,32.815059661865234,43.09367370605469,88.35609436035156,102.88298034667969
2017-08-22,67.07617950439453,37.321285247802734,107.07305145263672,53.194698333740234,73.13459777832031,75.03617858886719,75.4383544921875,46.190311431884766,35.21784973144531,91.92896270751953,22.227052688598633,28.917165756225586,94.65353393554688,43.52134704589844,131.54763793945312,24.409488677978516,23.39277458190918,122.8791732788086,128.9800567626953,111.28929138183594,96.94425964355469,59.291839599609375,227.2583465576172,133.33749389648438,109.33084869384766,43.172000885009766,60.34370803833008,43.09189224243164,165.31922912597656,69.11978912353516,245.04360961914062,76.42942810058594,19.66465187072754,53.941375732421875,41.72171401977539,187.0728302001953,61.778709411621094,35.89803695678711,6.945349216461182,58.179290771484375,19.35280990600586,33.45536804199219,85.24723052978516,238.75941467285156,92.13089752197266,35.25276565551758,32.94139099121094,43.25163650512695,90.21138763427734,103.73067474365234
2017-08-23,66.67274475097656,37.36800765991211,105.562744140625,53.10459899902344,73.22248077392578,74.75313568115234,75.61566925048828,45.99052047729492,35.17151641845703,91.43780517578125,22.287389755249023,28.925518035888672,95.41204833984375,43.353485107421875,130.8637237548828,24.136280059814453,23.375228881835938,122.21519470214844,127.96038055419922,110.89093780517578,96.04862213134766,58.944217681884766,225.68484497070312,132.49862670898438,108.39750671386719,43.1112060546875,60.22726821899414,43.2413330078125,164.9239044189453,69.02264404296875,243.46788024902344,76.41150665283203,19.606884002685547,54.23557662963867,41.56990432739258,186.37002563476562,61.21717071533203,36.079219818115234,6.984478950500488,58.236576080322266,19.369680404663086,33.84268569946289,84.46617126464844,236.9652862548828,92.0104751586914,35.0601692199707,32.98089599609375,43.38705062866211,89.42613983154297,102.82122039794922
2017-08-24,66.645263671875,37.2021598815918,105.63426971435547,52.91051483154297,73.10264587402344,74.61563110351562,76.20439147949219,46.4049186706543,35.07111358642578,90.60366821289062,22.28068733215332,28.967239379882812,95.94905090332031,43.459510803222656,130.5341033935547,24.38607406616211,22.901643753051758,121.51847076416016,127.61308288574219,110.99661254882812,96.07372283935547,58.580047607421875,226.3009796142578,133.24339294433594,107.99752807617188,42.88540267944336,58.50450134277344,43.46550750732422,165.27328491210938,69.64971160888672,243.2750244140625,76.48319244384766,19.67289924621582,54.4415283203125,41.673763275146484,186.57920837402344,60.92898941040039,36.23676300048828,6.984478950500488,57.62099838256836,17.800535202026367,33.54057693481445,84.31737518310547,235.88491821289062,91.04729461669922,34.999637603759766,32.436073303222656,41.882633209228516,89.49516296386719,101.92942810058594
2017-08-25,66.76445007324219,37.3399658203125,105.33829498291016,53.18083953857422,73.39822387695312,74.80973052978516,76.76469421386719,46.57510757446289,35.19469451904297,90.31520080566406,22.387969970703125,28.93385124206543,96.48605346679688,43.50367736816406,130.87193298339844,24.542194366455078,22.986431121826172,122.6660385131836,127.61942291259766,111.2242431640625,96.55083465576172,58.88629150390625,223.5994873046875,133.07876586914062,108.84196472167969,42.859344482421875,58.47346115112305,43.61494064331055,164.8411407470703,69.587890625,243.4357147216797,76.58175659179688,19.61513900756836,54.27236557006836,41.362178802490234,186.14407348632812,61.99299621582031,36.18950653076172,7.056214332580566,58.07190704345703,18.340452194213867,33.75749206542969,84.35459899902344,236.57887268066406,91.44611358642578,35.263790130615234,32.965087890625,41.38618087768555,89.50379943847656,102.28260803222656
2017-08-28,66.77359008789062,37.716041564941406,105.38629913330078,53.00755310058594,73.16656494140625,74.77738952636719,76.43135833740234,46.8563117980957,35.078834533691406,90.07353973388672,22.44160270690918,28.917165756225586,95.66041564941406,43.50367736816406,131.57235717773438,24.62025260925293,22.811025619506836,124.09225463867188,127.82778930664062,111.26490020751953,96.31649017333984,58.67936706542969,224.82223510742188,134.67816162109375,108.7530517578125,43.649662017822266,58.55883026123047,43.77186584472656,165.94439697265625,69.63204193115234,244.08688354492188,76.52800750732422,19.573875427246094,54.93431091308594,41.25032043457031,184.37026977539062,62.17033386230469,35.82712936401367,7.036651134490967,58.09341812133789,18.32358169555664,33.346923828125,84.64469146728516,235.32278442382812,92.08575439453125,35.181236267089844,32.98089599609375,40.82954025268555,89.8748550415039,102.38855743408203
2017-08-29,66.97531127929688,38.05238342285156,105.76226806640625,52.99369430541992,72.76718139648438,74.65608215332031,76.50228118896484,46.708309173583984,35.102012634277344,90.30741882324219,22.461719512939453,28.983928680419922,96.08328247070312,43.68921661376953,131.33338928222656,24.573421478271484,23.027345657348633,123.54811096191406,128.1182403564453,111.88268280029297,97.1032943725586,59.010440826416016,227.95980834960938,135.03094482421875,108.61972045898438,43.55413055419922,59.047725677490234,43.98108673095703,165.5674591064453,69.37590789794922,247.7288818359375,76.53695678710938,19.458343505859375,55.706573486328125,41.082542419433594,184.6724853515625,62.08906173706055,35.7247200012207,7.069258213043213,58.27952194213867,18.399513244628906,33.1920051574707,85.46295166015625,237.79986572265625,92.09326934814453,35.11520004272461,32.95720291137695,40.566287994384766,89.62460327148438,102.32674407958984
2017-08-30,67.85548400878906,38.15515899658203,104.85030364990234,52.75107955932617,72.93492889404297,74.29217529296875,76.41007232666016,46.708309173583984,35.0556640625,90.39769744873047,22.42819595336914,29.117460250854492,95.69397735595703,43.998443603515625,132.23692321777344,24.97153091430664,22.960113525390625,123.68001556396484,128.6044158935547,112.21601867675781,98.39229583740234,58.72075271606445,227.931396484375,136.1442413330078,107.90865325927734,43.519386291503906,59.272789001464844,44.36964416503906,165.1813201904297,71.08936309814453,247.71263122558594,76.77886199951172,19.798410415649414,59.74447250366211,41.034610748291016,186.73785400390625,61.933895111083984,35.96893310546875,7.134471416473389,58.53720474243164,18.7285213470459,33.62579345703125,85.52245330810547,238.05458068847656,92.03307342529297,35.24727249145508,33.051944732666016,40.430885314941406,89.58145141601562,101.97355651855469
2017-08-31,68.5522689819336,38.306976318359375,105.89027404785156,52.91051483154297,72.59944152832031,74.61563110351562,76.33203887939453,47.25590896606445,35.17924499511719,90.85301208496094,22.743328094482422,29.267681121826172,96.00946044921875,44.466705322265625,132.60159301757812,25.14326286315918,22.82271385192871,123.57279205322266,129.00216674804688,112.40296173095703,98.34208679199219,59.291839599609375,227.17306518554688,139.37437438964844,109.1086196899414,44.24022674560547,60.01773452758789,45.191566467285156,167.3786163330078,71.79592895507812,246.97671508789062,77.14624786376953,19.81500244140625,61.56850051879883,40.80290222167969,187.8461151123047,62.3328857421875,35.8428955078125,7.193165302276611,58.3367919921875,18.45012664794922,33.8194465637207,85.06868743896484,239.10867309570312,92.778076171875,34.88956832885742,32.625572204589844,40.06230545043945,90.02154541015625,102.362060546875
2017-09-01,67.79131317138672,38.31865692138672,104.81832122802734,53.076881408691406,73.24644470214844,74.82589721679688,77.14061737060547,47.23371124267578,35.35687255859375,90.93936920166016,22.770151138305664,29.284366607666016,96.71430206298828,44.72291946411133,132.46900939941406,25.213518142700195,22.910415649414062,124.32315063476562,128.52232360839844,111.88268280029297,99.00332641601562,59.010440826416016,227.80812072753906,140.1113739013672,111.73077392578125,44.44865798950195,60.46784210205078,44.75818634033203,168.39907836914062,70.72722625732422,244.38877868652344,77.18209075927734,19.980886459350586,61.59791564941406,40.723018646240234,189.64279174804688,62.27378463745117,36.38642883300781,7.401852607727051,58.1363639831543,18.914119720458984,34.26872253417969,85.09101867675781,236.13966369628906,92.71785736083984,34.966617584228516,33.320404052734375,40.40830993652344,90.25454711914062,102.54747772216797
2017-09-05,67.48875427246094,37.8585205078125,103.91438293457031,53.499725341796875,71.4971694946289,74.97955322265625,77.6229248046875,47.078304290771484,35.465003967285156,90.96292114257812,22.662870407104492,29.225948333740234,96.01618194580078,44.996803283691406,131.88047790527344,24.68270492553711,23.32845687866211,126.09589385986328,126.89335632324219,110.97225189208984,99.02008056640625,58.853172302246094,224.65164184570312,138.56686401367188,109.99748992919922,44.31839370727539,61.06538009643555,44.690940856933594,170.3665008544922,70.4975814819336,244.39686584472656,76.43839263916016,19.33392906188965,60.7226676940918,40.027915954589844,182.8422088623047,61.165435791015625,35.36235046386719,7.4083733558654785,58.30813217163086,18.92255973815918,34.38490676879883,84.74140930175781,235.4720458984375,92.49213409423828,34.5979118347168,33.115108489990234,40.40830993652344,89.26217651367188,102.00888061523438
2017-09-06,67.29621124267578,37.818809509277344,104.53034210205078,54.608802795410156,71.9764175415039,74.97955322265625,79.28972625732422,47.3594970703125,35.49589157104492,91.33973693847656,22.790266036987305,29.843517303466797,96.53974914550781,45.06748580932617,131.15103149414062,24.87785530090332,23.410310745239258,129.08897399902344,127.56893920898438,111.00475311279297,97.91517639160156,59.16767883300781,222.39564514160156,139.85264587402344,110.75302124023438,44.457340240478516,61.988853454589844,44.73577117919922,167.4153594970703,71.10700225830078,243.7903289794922,76.36671447753906,19.4168758392334,61.009517669677734,39.852149963378906,183.72381591796875,61.165435791015625,35.50414276123047,7.499671459197998,58.52288818359375,19.023788452148438,34.90389633178711,84.65959930419922,233.01255798339844,90.53555297851562,34.818031311035156,33.47832107543945,41.14548110961914,89.91799926757812,102.6181411743164
2017-09-07,68.15803527832031,37.66697311401367,105.74625396728516,54.782100677490234,70.71436309814453,75.18170166015625,79.29681396484375,47.59629440307617,35.74303436279297,91.84217834472656,22.790266036987305,29.6599178314209,95.92220306396484,45.70361328125,132.54354858398438,24.7919921875,23.422000885009766,130.2185821533203,129.0905303955078,111.43559265136719,98.57643127441406,59.225616455078125,223.9976043701172,141.6793975830078,106.75309753417969,44.717899322509766,62.4001350402832,46.954994201660156,170.06312561035156,72.0167236328125,244.51820373535156,75.63198852539062,19.051923751831055,62.86298370361328,39.69234848022461,181.21343994140625,60.77383804321289,34.716392517089844,7.434459209442139,58.37971496582031,19.209396362304688,34.942626953125,85.29931640625,233.5396270751953,90.74038696289062,34.52086639404297,33.62834548950195,41.11539840698242,89.75404357910156,102.71526336669922
2017-09-08,67.8279800415039,37.05267333984375,104.77832794189453,54.63652420043945,70.62650299072266,75.07659912109375,78.5733413696289,47.559303283691406,35.75848388671875,90.31133270263672,22.864017486572266,29.367822647094727,95.6201400756836,45.57107162475586,132.38612365722656,24.573421478271484,23.059505462646484,131.64501953125,129.86712646484375,111.83395385742188,98.6182861328125,59.4407958984375,226.33889770507812,141.62454223632812,105.8642349243164,45.178184509277344,61.86470031738281,46.79060745239258,169.67698669433594,73.23554229736328,244.96295166015625,75.48861694335938,18.98557472229004,62.590850830078125,39.612457275390625,182.36366271972656,60.685157775878906,34.66913986206055,7.4083733558654785,58.258056640625,17.766788482666016,34.44688034057617,85.58197784423828,234.92745971679688,89.61762237548828,34.24571228027344,33.45463180541992,41.634403228759766,89.39161682128906,103.57173919677734
2017-09-11,68.54310607910156,37.72303771972656,106.56222534179688,54.934593200683594,71.72080993652344,76.00654602050781,79.8074951171875,48.195682525634766,35.92839431762695,90.82160949707031,23.01152801513672,29.851865768432617,97.23785400390625,46.37506866455078,133.89471435546875,25.12765121459961,23.117977142333984,130.58132934570312,132.31056213378906,112.99641418457031,99.49720764160156,59.606327056884766,228.05458068847656,146.21099853515625,105.41980743408203,45.5516357421875,61.86470031738281,46.865325927734375,171.29507446289062,72.97941589355469,246.24081420898438,76.77886199951172,19.37540626525879,62.16424560546875,40.475337982177734,185.59600830078125,61.586605072021484,35.575050354003906,7.440978527069092,58.89509582519531,18.00300407409668,34.80320739746094,86.43743133544922,236.552490234375,90.73282623291016,34.3887939453125,33.786251068115234,41.95785903930664,91.38497161865234,104.12798309326172
2017-09-12,68.46978759765625,37.57355499267578,106.09825897216797,55.10789108276367,72.59944152832031,75.61839294433594,79.78621673583984,48.439884185791016,36.08286666870117,90.27993774414062,23.715557098388672,30.118921279907227,97.84197998046875,46.6224479675293,129.58438110351562,25.29937744140625,23.272912979125977,131.8511505126953,132.36102294921875,112.73628234863281,101.22981262207031,59.54838943481445,228.0451202392578,149.74688720703125,106.26422119140625,45.377925872802734,63.96772003173828,47.08950424194336,170.5871124267578,72.5731201171875,245.6342010498047,77.5494384765625,19.86477279663086,62.15690231323242,41.202392578125,189.70150756835938,62.70232391357422,36.03982162475586,7.558368682861328,59.224365234375,18.205469131469727,34.80320739746094,87.14410400390625,236.2538604736328,91.49144744873047,34.394287109375,34.11786651611328,41.79237365722656,92.06671142578125,103.53640747070312
2017-09-13,68.9556884765625,37.290924072265625,105.95426177978516,55.2950553894043,72.80709838867188,75.65074157714844,80.98490142822266,48.4324836730957,36.198707580566406,89.84815979003906,23.5076961517334,30.319211959838867,97.99637603759766,46.64896011352539,130.1397247314453,25.119844436645508,23.34600067138672,131.9418487548828,132.26638793945312,112.10221099853516,100.13330841064453,59.30009841918945,229.3247833251953,148.7277374267578,107.15311431884766,45.16082000732422,64.47212219238281,46.68600845336914,172.49021911621094,72.80276489257812,242.77944946289062,77.63008117675781,20.179946899414062,61.54643249511719,41.114501953125,190.21363830566406,62.687469482421875,36.41007614135742,7.577929973602295,59.21721649169922,18.332019805908203,35.29119873046875,87.0771484375,234.2687225341797,91.02110290527344,34.39979553222656,34.18104553222656,41.58928298950195,90.66010284423828,103.63353729248047
2017-09-14,68.5522689819336,36.97091293334961,107.33818817138672,55.516876220703125,72.66333770751953,75.65074157714844,81.1763916015625,49.28217697143555,35.895111083984375,89.64405059814453,23.956928253173828,30.444395065307617,97.69429779052734,46.64012145996094,130.1397247314453,25.12765121459961,23.29337501525879,131.41412353515625,133.49119567871094,111.54129791259766,100.84479522705078,59.70563507080078,232.4528350830078,148.5238494873047,107.81976318359375,44.8915901184082,64.13067626953125,46.84291076660156,170.29293823242188,73.3680191040039,243.7012939453125,77.22687530517578,20.105300903320312,60.90254592895508,40.978675842285156,190.45713806152344,62.687469482421875,36.567623138427734,7.538802623748779,58.701839447021484,17.935516357421875,35.50035095214844,87.315185546875,233.3815155029297,91.66595458984375,34.63894271850586,34.3073844909668,41.40874481201172,91.88551330566406,104.51651763916016
2017-09-15,69.04736328125,37.344642639160156,107.55414581298828,55.50300979614258,73.18255615234375,75.4242935180664,81.3040542602539,49.31199645996094,35.949588775634766,90.16217803955078,23.708845138549805,30.87835693359375,97.21102905273438,43.06192398071289,130.07342529296875,25.322797775268555,23.498008728027344,130.60610961914062,134.7034454345703,112.95577239990234,101.58973693847656,59.82151794433594,236.0264129638672,146.9793243408203,107.41580200195312,44.95238494873047,64.54197692871094,46.68600845336914,171.04684448242188,72.81159973144531,244.47775268554688,77.94368743896484,20.221416473388672,60.95436477661133,41.27431106567383,189.08860778808594,63.02220916748047,36.70942306518555,7.577929973602295,59.05256652832031,18.19703483581543,36.0270881652832,87.70198822021484,234.5585174560547,91.87077331542969,34.70012664794922,34.61531448364258,41.972896575927734,91.73017883300781,105.08155822753906
2017-09-18,68.90988159179688,37.062015533447266,108.29816436767578,55.516876220703125,74.2209243774414,75.32727813720703,81.70126342773438,49.18528366088867,35.895111083984375,90.2720718383789,23.836240768432617,30.87835693359375,97.02974700927734,42.699703216552734,129.87451171875,25.3852481842041,23.386926651000977,130.11965942382812,134.96229553222656,111.91523742675781,103.64883422851562,59.91254806518555,239.89381408691406,146.1953125,109.79479217529297,45.230289459228516,64.65064239501953,46.85038375854492,170.35731506347656,72.88225555419922,245.69081115722656,78.73216247558594,20.486839294433594,61.40580749511719,42.11320114135742,191.02801513671875,63.4908332824707,37.27660369873047,7.584453105926514,59.12416458129883,18.087369918823242,36.476341247558594,87.47139739990234,242.41140747070312,92.45491027832031,34.7946891784668,34.81271743774414,42.446781158447266,92.16165924072266,105.85860443115234
2017-09-19,69.16658782958984,37.07603073120117,108.1701431274414,55.606998443603516,75.03567504882812,76.15209197998047,82.51689910888672,49.15546417236328,35.79390335083008,89.87956237792969,23.76919937133789,31.07030487060547,96.92233276367188,42.44347381591797,130.49618530273438,25.361839294433594,23.40154457092285,129.99595642089844,134.8360595703125,111.98029327392578,104.41049194335938,60.260162353515625,239.30613708496094,146.07772827148438,108.62772369384766,44.648414611816406,64.48762512207031,47.022254943847656,166.87295532226562,72.18450164794922,247.18707275390625,79.74466705322266,20.619543075561523,60.90254592895508,42.63251876831055,192.1866455078125,63.30488586425781,37.55231475830078,7.6431450843811035,58.129188537597656,17.82583999633789,36.83267593383789,87.01020050048828,244.48439025878906,92.37146759033203,34.61115264892578,34.6547966003418,41.65697479248047,93.49054718017578,108.6752700805664
2017-09-20,68.70814514160156,36.45470428466797,106.57023620605469,55.83573532104492,75.56285858154297,76.3381118774414,82.53819274902344,49.036216735839844,35.638214111328125,89.16516876220703,24.131263732910156,30.9367733001709,97.92254638671875,42.38163757324219,132.52703857421875,25.447690963745117,23.533098220825195,130.8369903564453,132.9103240966797,112.74442291259766,104.50255584716797,60.044979095458984,242.14984130859375,147.5281219482422,109.1663818359375,45.06528091430664,62.62518310546875,47.44068908691406,167.15794372558594,72.4406509399414,249.00660705566406,79.23394012451172,20.785425186157227,61.161582946777344,42.94411849975586,192.9254608154297,63.766109466552734,37.72562789916992,7.636626720428467,56.432777404785156,17.547443389892578,37.43687438964844,87.64990997314453,245.98651123046875,91.15765380859375,34.04940414428711,34.20474624633789,39.242401123046875,93.8961410522461,109.44342803955078
2017-09-21,68.03887176513672,35.828704833984375,105.394287109375,55.37822341918945,75.90631103515625,74.91485595703125,82.60912322998047,48.894588470458984,35.34239196777344,88.55284118652344,24.117856979370117,31.045276641845703,97.50636291503906,42.38163757324219,131.8224639892578,25.5257568359375,23.389848709106445,131.25746154785156,132.86611938476562,114.50841522216797,104.452392578125,59.068359375,242.69961547851562,146.32858276367188,111.09654998779297,44.66578674316406,61.74052429199219,47.32113265991211,167.4429473876953,73.59764099121094,249.0955352783203,79.22496032714844,20.86837387084961,61.14677429199219,43.191795349121094,194.18487548828125,63.95206832885742,38.017093658447266,7.6431450843811035,55.97466278076172,17.058141708374023,37.715736389160156,87.22593688964844,246.32034301757812,89.61001586914062,34.20512771606445,34.18104553222656,38.881324768066406,94.05146026611328,110.17627716064453
2017-09-22,68.22222137451172,35.47834777832031,105.10630798339844,55.39902114868164,75.74654388427734,74.59137725830078,83.19075012207031,48.544281005859375,35.412452697753906,87.80706024169922,24.111154556274414,31.028583526611328,97.41909790039062,42.54949951171875,131.72300720214844,26.04876136779785,23.249528884887695,131.9005584716797,133.06820678710938,115.23194122314453,104.15103149414062,58.91939926147461,243.0882568359375,145.638671875,111.63517761230469,45.60374069213867,61.79485321044922,47.34355163574219,168.00375366210938,74.10990142822266,249.52406311035156,79.20706176757812,20.752248764038086,61.62784957885742,43.343605041503906,193.966552734375,64.4876708984375,37.98558807373047,7.721402645111084,56.12499237060547,16.99909019470215,38.0178337097168,87.53089904785156,247.3129119873047,89.15483856201172,34.75575256347656,34.252113342285156,38.53533935546875,93.85301208496094,109.26683807373047
2017-09-25,67.1678466796875,35.16535186767578,104.93030548095703,56.13379669189453,75.17947387695312,74.97955322265625,83.68721008300781,48.58155059814453,35.56813430786133,87.87770080566406,23.809423446655273,31.01188850402832,97.91581726074219,42.38163757324219,129.52635192871094,26.321977615356445,23.138439178466797,132.83236694335938,133.04920959472656,114.46781921386719,104.05896759033203,60.417423248291016,241.06922912597656,146.05418395996094,112.7125015258789,45.69059371948242,63.14514923095703,47.216522216796875,166.80860900878906,74.75465393066406,248.15736389160156,79.03681182861328,20.536598205566406,61.87947082519531,43.167823791503906,193.320068359375,64.9563217163086,37.60746383666992,7.786618232727051,56.51866912841797,16.821928024291992,38.71497344970703,87.94002532958984,247.1548614501953,89.13208770751953,35.47878646850586,34.40213394165039,39.317623138427734,94.19818115234375,109.28450012207031
2017-09-26,67.1678466796875,35.770320892333984,104.74633026123047,56.07143020629883,74.84395599365234,74.9229507446289,83.35386657714844,48.26850509643555,35.47474670410156,87.77565002441406,23.668621063232422,31.270606994628906,98.37897491455078,42.33745574951172,127.11417388916016,26.35320472717285,23.20859718322754,132.9642791748047,133.23863220214844,114.00446319580078,104.21798706054688,60.740203857421875,240.48150634765625,145.51324462890625,111.90451049804688,45.89902877807617,63.36241149902344,47.022254943847656,168.83116149902344,74.38370513916016,250.36520385742188,79.4668960571289,20.57807159423828,61.99050521850586,42.984066009521484,193.05140686035156,64.39096069335938,37.38689041137695,7.780096054077148,56.60457992553711,17.0328311920166,38.4748420715332,88.46073913574219,250.11502075195312,89.27621459960938,35.88479995727539,34.36265563964844,39.09196472167969,93.63726806640625,108.85183715820312
2017-09-27,67.70878601074219,36.02490997314453,103.79437255859375,56.44573211669922,76.02613067626953,73.4835205078125,83.30419921875,48.12690734863281,34.75074768066406,87.21825408935547,23.76919937133789,31.329011917114258,97.77485656738281,42.54949951171875,127.69449615478516,26.134632110595703,23.179367065429688,132.68394470214844,132.26002502441406,113.45977783203125,104.22637939453125,60.48362350463867,241.9792022705078,144.94869995117188,109.39077758789062,45.29109191894531,63.22272491455078,47.03718948364258,169.55747985839844,74.76350402832031,250.81002807617188,80.18370819091797,21.075729370117188,62.06450653076172,43.31163787841797,197.09815979003906,65.52911376953125,37.86741256713867,7.793137550354004,55.93888854980469,17.066577911376953,38.90088653564453,88.23757934570312,251.95962524414062,88.38861846923828,35.82362365722656,33.991554260253906,39.43798065185547,93.18852996826172,108.8871841430664
2017-09-28,67.72712707519531,35.803016662597656,103.57038116455078,56.9725456237793,76.18589782714844,73.49969482421875,83.42479705810547,47.91819763183594,34.9609489440918,87.64219665527344,23.869770050048828,31.57103729248047,97.77485656738281,42.47882843017578,130.54592895507812,26.03314781188965,23.07996940612793,133.87123107910156,132.30419921875,114.28082275390625,104.82066345214844,60.54156494140625,241.02183532714844,145.40342712402344,108.80728149414062,46.58511734008789,63.059749603271484,47.0820198059082,171.92022705078125,75.07257843017578,250.00140380859375,80.76611328125,21.10890007019043,59.88120651245117,43.343605041503906,197.69427490234375,67.04666137695312,37.93043899536133,7.799660682678223,55.48794937133789,17.091890335083008,38.730472564697266,88.97399139404297,250.009521484375,88.73001098632812,35.70126724243164,33.754669189453125,39.31010055541992,93.93065643310547,109.72120666503906
2017-09-29,68.2955551147461,35.99922561645508,104.00236511230469,56.82699203491211,76.28971862792969,73.57245635986328,83.33969116210938,47.72441101074219,35.038795471191406,87.47735595703125,23.93682098388672,31.779678344726562,97.38555145263672,42.717369079589844,129.87451171875,26.251718521118164,22.843181610107422,134.86070251464844,132.5252227783203,115.22383117675781,104.3853759765625,60.293277740478516,240.96495056152344,146.1796417236328,108.53797912597656,46.34195327758789,63.1063117980957,47.62749481201172,171.86508178710938,75.54955291748047,250.93942260742188,81.05282592773438,21.017669677734375,59.962623596191406,44.062660217285156,199.1383514404297,67.43345642089844,37.94620132446289,7.806180953979492,55.27320861816406,16.92315673828125,38.76920700073242,89.33106231689453,252.73257446289062,89.27621459960938,35.27300262451172,33.565185546875,38.93399429321289,93.76670837402344,111.43367004394531
2017-10-02,68.40560150146484,35.92681121826172,104.97032928466797,56.58436584472656,77.35205841064453,74.21129608154297,83.29003143310547,48.11198425292969,34.87531280517578,85.66388702392578,24.184898376464844,32.58083724975586,98.44611358642578,43.11494064331055,130.1066131591797,26.34539222717285,22.933805465698242,135.23992919921875,134.3309326171875,115.97171020507812,104.39376068115234,60.37602233886719,242.65219116210938,146.744140625,110.2885513305664,46.61986541748047,62.67951965332031,48.24021530151367,173.76812744140625,76.26492309570312,251.78053283691406,81.12449645996094,21.249906539916992,61.812862396240234,44.31834411621094,202.04324340820312,67.45578002929688,38.537017822265625,7.8844404220581055,54.829410552978516,16.83879852294922,38.97059631347656,89.85176086425781,254.6474151611328,88.73758697509766,34.98379135131836,33.65202713012695,38.97161102294922,95.78595733642578,112.94204711914062
2017-10-03,68.08470916748047,36.083309173583984,105.67427062988281,56.67448806762695,77.75942993164062,74.49435424804688,83.56663513183594,47.97782516479492,35.17890167236328,85.67172241210938,24.231842041015625,32.864585876464844,98.52664184570312,43.01775360107422,130.0237274169922,26.423450469970703,23.15889549255371,136.18820190429688,135.47373962402344,115.9798583984375,105.05504608154297,59.95392990112305,242.14984130859375,146.79112243652344,111.32099151611328,46.68064498901367,62.78818130493164,48.03846740722656,176.50782775878906,76.35324096679688,253.01791381835938,81.92195892333984,21.448972702026367,61.56861877441406,44.40622329711914,202.85768127441406,67.6343002319336,38.82060623168945,8.047475814819336,54.96541213989258,17.344982147216797,38.14176559448242,89.04839324951172,255.68397521972656,87.68309020996094,35.24518966674805,33.730995178222656,38.603031158447266,96.64028930664062,113.66073608398438
2017-10-04,68.47894287109375,35.849727630615234,106.30622100830078,56.695274353027344,76.96866607666016,74.7369384765625,83.39643096923828,48.14925765991211,35.420230865478516,85.83659362792969,24.111154556274414,32.831207275390625,98.32530212402344,43.203304290771484,130.31382751464844,26.328968048095703,23.120895385742188,136.287109375,136.70484924316406,115.88229370117188,106.08454895019531,60.3181037902832,242.43421936035156,147.85739135742188,109.88458251953125,47.193058013916016,62.13629150390625,48.37470245361328,175.36782836914062,76.80370330810547,253.14730834960938,81.54563903808594,21.324560165405273,60.99875259399414,43.91086196899414,201.75779724121094,67.99882507324219,38.60789108276367,8.021390914916992,54.27827072143555,17.319665908813477,38.19599151611328,88.520263671875,256.6502685546875,88.90449523925781,35.31193542480469,33.97575378417969,39.12205123901367,96.87325286865234,113.86482238769531
2017-10-05,69.65252685546875,36.29587936401367,106.54621124267578,56.854705810546875,78.00508880615234,74.42156982421875,84.10570526123047,48.14925765991211,35.4358024597168,86.70800018310547,24.137968063354492,32.98977279663086,98.48639678955078,43.212127685546875,131.6317901611328,26.44707679748535,23.21444320678711,136.9715118408203,136.6101837158203,116.30500793457031,105.79996490478516,60.591209411621094,245.401123046875,146.4932403564453,110.15391540527344,47.6967658996582,62.78041076660156,47.96125411987305,175.30343627929688,77.41311645507812,254.40890502929688,81.99536895751953,21.67291831970215,61.80547332763672,44.254417419433594,206.58534240722656,68.25173950195312,39.096317291259766,7.98878288269043,55.07994079589844,17.46307945251465,38.49808883666992,87.92513275146484,257.0895080566406,89.1169204711914,35.48991775512695,34.228431701660156,39.18222427368164,97.5377426147461,113.58087158203125
2017-10-06,69.68000030517578,36.274845123291016,106.57023620605469,56.63982391357422,77.8685073852539,74.66417694091797,83.00630187988281,48.11198425292969,35.412452697753906,86.66873931884766,24.17149543762207,33.07322311401367,98.32530212402344,42.76154708862305,132.294921875,26.573047637939453,23.094589233398438,136.74887084960938,136.70484924316406,116.75213623046875,106.24359893798828,60.18568420410156,245.10726928710938,145.68568420410156,109.48058319091797,47.76625061035156,59.691829681396484,48.72050857543945,175.5517120361328,76.90967559814453,255.92921447753906,82.34616088867188,21.73927116394043,60.79151153564453,44.40622329711914,206.55181884765625,68.22942352294922,39.198726654052734,8.027911186218262,52.39573669433594,17.404024124145508,37.84743118286133,87.55323028564453,257.660400390625,87.53893280029297,34.789127349853516,33.95207214355469,39.03036880493164,97.75347137451172,113.6873550415039
2017-10-09,69.94587707519531,36.40098571777344,106.75421905517578,56.86164093017578,77.45878601074219,74.49435424804688,83.48860931396484,47.9480094909668,35.35017776489258,86.3625717163086,24.231842041015625,33.265174865722656,98.93614196777344,42.726192474365234,132.72593688964844,26.580928802490234,23.541860580444336,136.6334991455078,136.805908203125,116.7358627319336,106.20174407958984,59.88772964477539,244.92718505859375,145.40342712402344,105.17139434814453,47.47096252441406,57.658653259277344,48.224361419677734,173.84165954589844,76.88318634033203,256.608642578125,82.47207641601562,21.440677642822266,60.67312240600586,44.0546760559082,203.84835815429688,68.4228515625,38.899375915527344,8.047475814819336,50.72795486450195,17.117197036743164,37.88613510131836,87.14410400390625,258.12591552734375,87.61480712890625,35.35643005371094,33.64412307739258,38.11154556274414,97.201171875,114.139892578125
2017-10-10,69.94587707519531,36.41499710083008,107.1141586303711,57.021095275878906,78.0372314453125,74.09000396728516,84.26173400878906,48.04491424560547,35.70827865600586,86.96704864501953,24.40616226196289,33.08992385864258,99.68120574951172,42.76168441772461,133.10726928710938,26.415578842163086,24.59427833557129,136.179931640625,136.85012817382812,116.5001220703125,107.29824829101562,60.33464431762695,247.3347930908203,145.6621856689453,104.857177734375,48.1136360168457,57.976810455322266,48.9610595703125,172.9039306640625,76.09712219238281,256.940185546875,82.65198516845703,21.507030487060547,61.4576301574707,44.4301872253418,203.68045043945312,68.57160186767578,38.98603439331055,8.080082893371582,49.99783706665039,17.319665908813477,38.10304260253906,87.86563110351562,257.660400390625,88.34310913085938,36.15732955932617,33.9599723815918,38.68864440917969,96.976806640625,113.79381561279297
2017-10-11,70.06507873535156,36.56681823730469,109.3140640258789,57.25674819946289,77.80421447753906,73.96062469482422,84.63763427734375,47.53806686401367,35.88731384277344,87.5401382446289,24.439697265625,32.797821044921875,99.09053802490234,42.82375717163086,135.2375946044922,26.44707679748535,25.06201934814453,136.25416564941406,136.69857788085938,116.0205307006836,107.64144134521484,61.84923553466797,247.81826782226562,144.37640380859375,103.55543518066406,47.2798957824707,57.34822463989258,48.9460334777832,171.87428283691406,76.00880432128906,257.65185546875,82.7149429321289,21.424089431762695,61.10975646972656,44.47013854980469,203.5124969482422,69.07002258300781,38.741825103759766,8.073562622070312,49.332157135009766,17.530580520629883,38.42062759399414,88.46073913574219,259.294189453125,89.39759826660156,36.079463958740234,34.18104553222656,38.62789535522461,97.00270080566406,113.36793518066406
2017-10-12,70.70687103271484,36.4383544921875,109.45805358886719,57.1389274597168,77.12133026123047,74.51860046386719,84.50289916992188,47.57535171508789,35.895111083984375,88.278076171875,24.37264633178711,32.70602035522461,98.6944808959961,42.779422760009766,135.86753845214844,26.18724250793457,25.17017364501953,135.7099609375,137.38046264648438,116.40258026123047,108.80489349365234,62.20512008666992,248.26376342773438,143.28659057617188,103.46566009521484,47.74681091308594,57.25510787963867,49.12644577026367,171.88343811035156,76.33560180664062,259.72216796875,82.40011596679688,21.10890007019043,60.16984939575195,44.110595703125,201.3296661376953,70.2676773071289,38.27705001831055,7.904003620147705,49.38942337036133,17.716175079345703,38.583290100097656,88.94425964355469,262.3598327636719,89.18519592285156,36.34642791748047,34.29948425292969,38.931644439697266,97.85701751708984,114.0156478881836
2017-10-13,71.04609680175781,36.66960144042969,109.13809967041016,57.12506103515625,77.01687622070312,75.23829650878906,84.51708984375,47.247379302978516,35.949588775634766,88.41154479980469,24.365936279296875,33.106605529785156,98.741455078125,43.11647415161133,137.07778930664062,26.35259246826172,25.322193145751953,135.61105346679688,137.46250915527344,116.54891204833984,109.40757751464844,62.89204788208008,247.15469360351562,143.48265075683594,103.15147399902344,47.6944465637207,56.33938980102539,49.08134460449219,171.13876342773438,76.44158172607422,258.2988586425781,83.5244369506836,21.424089431762695,60.07363510131836,42.896183013916016,200.26333618164062,70.62476348876953,38.04860305786133,7.8583526611328125,48.358680725097656,17.969263076782227,38.47037124633789,88.04418182373047,260.35699462890625,89.94381713867188,36.179588317871094,34.74165725708008,39.12907409667969,97.94332122802734,113.49215698242188
2017-10-16,71.19278717041016,37.344642639160156,108.89009857177734,57.402320861816406,78.60767364501953,75.3191909790039,85.2050552368164,47.21011734008789,36.2921257019043,89.15731811523438,24.124568939208984,33.18171691894531,98.56024169921875,43.338218688964844,136.77935791015625,26.4077091217041,25.0649356842041,135.40487670898438,138.09390258789062,116.8578109741211,110.043701171875,62.69343185424805,246.21632385253906,142.61228942871094,104.857177734375,47.6769905090332,56.21523666381836,47.848480224609375,170.0723419189453,75.91165161132812,257.93487548828125,82.7149429321289,21.764150619506836,59.17069625854492,42.984066009521484,203.5209197998047,70.53547668457031,38.552772521972656,7.904003620147705,48.17973327636719,17.243738174438477,38.719573974609375,88.029296875,259.8124694824219,89.68588256835938,36.3575553894043,34.504783630371094,39.341678619384766,97.65855407714844,113.32359313964844
2017-10-17,71.13778686523438,37.48245620727539,112.62588500976562,57.50630569458008,78.43091583251953,75.04425811767578,85.2688980102539,47.12068176269531,36.214271545410156,88.07395935058594,24.272075653076172,33.206756591796875,98.36556243896484,43.63092803955078,137.10263061523438,26.45494270324707,25.13509750366211,134.68753051757812,137.4814910888672,116.5976791381836,109.26524353027344,62.03958511352539,245.14517211914062,145.97576904296875,104.09410095214844,48.05226135253906,56.3626823425293,48.24691390991211,172.1040802001953,76.00880432128906,257.3929443359375,82.47207641601562,21.73097801208496,59.38534164428711,42.4967041015625,198.2147979736328,70.46852111816406,38.69456100463867,8.001826286315918,48.244163513183594,17.277482986450195,38.719573974609375,87.53832244873047,258.5301208496094,89.73140716552734,36.079463958740234,34.48109436035156,39.25816345214844,97.4773178100586,114.18423461914062
2017-10-18,71.15612030029297,37.31660079956055,112.53793334960938,57.367671966552734,78.72817993164062,75.01997375488281,83.80072021484375,47.336830139160156,36.12086868286133,87.88554382324219,24.023984909057617,33.59064483642578,107.08515167236328,43.976863861083984,137.40931701660156,26.415578842163086,25.205257415771484,134.7699737548828,137.80978393554688,116.60580444335938,109.89300537109375,61.60921859741211,246.49118041992188,146.04637145996094,103.7798843383789,48.671897888183594,57.50344467163086,47.886070251464844,174.08990478515625,75.71734619140625,255.20945739746094,82.82288360595703,21.96320915222168,59.21513366699219,42.67247772216797,203.20184326171875,71.2347412109375,39.50594711303711,7.949653148651123,48.487525939941406,17.437772750854492,38.7117919921875,87.88794708251953,256.4920959472656,88.9879379272461,36.04608917236328,34.196834564208984,39.675811767578125,97.40829467773438,114.21086120605469
2017-10-19,71.4311752319336,36.43368148803711,113.6258544921875,57.35380935668945,78.82460021972656,74.62075805664062,83.8361587524414,47.515708923339844,36.26876449584961,88.45075988769531,24.298885345458984,33.45711135864258,108.0047836303711,43.77284622192383,138.0144805908203,26.573047637939453,25.25788116455078,134.59689331054688,138.4221954345703,116.75213623046875,110.11068725585938,60.533260345458984,245.5432891845703,144.3528289794922,105.8447036743164,48.87262725830078,57.91473388671875,48.615272521972656,173.04183959960938,76.27375793457031,256.236572265625,82.66097259521484,22.046157836914062,60.38447189331055,42.94411849975586,201.48910522460938,71.13802337646484,39.222354888916016,7.975738048553467,48.10099792480469,17.623371124267578,38.7117919921875,88.83268737792969,257.0630798339844,87.66033172607422,35.80137252807617,34.196834564208984,39.50875473022461,98.64230346679688,114.03339385986328
2017-10-20,72.25630950927734,36.49674987792969,113.91378021240234,57.61027526855469,79.94940948486328,71.89956665039062,84.14826202392578,47.61261749267578,36.10528564453125,87.61863708496094,24.419574737548828,33.74085998535156,108.7901382446289,43.68415451049805,137.8486328125,26.966718673706055,25.561912536621094,134.7534942626953,139.7355194091797,118.15851593017578,110.6074447631836,60.18376159667969,250.95579528808594,143.4434356689453,106.96688079833984,49.15189743041992,59.3581428527832,48.42731475830078,175.9837646484375,77.04216003417969,258.7921447753906,82.8318862915039,22.535518646240234,60.10322570800781,43.878902435302734,205.46871948242188,72.05302429199219,39.923465728759766,7.988945484161377,48.716575622558594,17.733043670654297,39.1323127746582,89.0855712890625,258.77593994140625,86.05960845947266,36.15177536010742,34.3389778137207,39.493553161621094,101.61943054199219,114.5924072265625
2017-10-23,72.27465057373047,36.47806930541992,114.88977813720703,57.70039749145508,79.81281280517578,71.12557983398438,84.35395812988281,47.25483703613281,36.05857849121094,87.68144989013672,24.40616226196289,34.0746955871582,107.09860229492188,43.73736572265625,135.3950958251953,27.04545783996582,25.915634155273438,135.8336181640625,139.88070678710938,118.6218490600586,110.87689971923828,60.075565338134766,248.6524200439453,141.5382537841797,100.18888092041016,48.94244384765625,59.29564666748047,47.92366409301758,177.78573608398438,76.99799346923828,259.382568359375,83.09270477294922,22.527223587036133,59.33354187011719,43.87091827392578,203.28579711914062,71.50996398925781,39.86832046508789,7.949330806732178,48.32290267944336,18.011436462402344,39.14010238647461,89.02606964111328,258.2928466796875,85.36927795410156,35.87367630004883,34.40213394165039,39.23539352416992,100.86868286132812,114.98279571533203
2017-10-24,72.30216217041016,36.695289611816406,113.30587768554688,57.85981750488281,81.08223724365234,70.86488342285156,84.56672668457031,47.038700103759766,35.949588775634766,86.94348907470703,24.319007873535156,34.174842834472656,104.63511657714844,44.331642150878906,135.8427276611328,27.22654914855957,25.719772338867188,136.8972930908203,148.1516876220703,118.78443145751953,116.40055847167969,59.784297943115234,252.140625,141.41282653808594,98.25873565673828,48.331539154052734,59.373748779296875,47.848480224609375,178.25460815429688,75.22276306152344,253.25244140625,84.42394256591797,22.958528518676758,59.281734466552734,44.27838897705078,205.56105041503906,71.77032470703125,40.23068618774414,8.04836654663086,48.16541290283203,18.1126708984375,39.708595275878906,89.04095458984375,258.27532958984375,84.99752044677734,35.66789627075195,34.52845764160156,39.326499938964844,101.34329223632812,116.25160217285156
2017-10-25,72.09127807617188,36.53412628173828,113.88182830810547,57.6518669128418,81.16255187988281,70.76708984375,84.00640869140625,46.5467643737793,35.848388671875,86.40968322753906,24.24524688720703,34.032962799072266,103.03750610351562,44.08329772949219,135.59400939941406,27.00609016418457,25.865936279296875,136.93026733398438,150.06475830078125,118.67874908447266,115.22169494628906,59.43478775024414,244.9556121826172,139.1627197265625,96.50809478759766,48.42753219604492,58.99881362915039,48.111595153808594,179.9186553955078,74.94011688232422,252.6701202392578,84.12712097167969,22.917057037353516,59.126304626464844,44.14256286621094,202.93319702148438,70.78095245361328,39.805294036865234,7.949330806732178,49.64710998535156,17.82583999633789,38.906471252441406,88.18549346923828,267.6916809082031,85.27062225341797,35.47878646850586,34.29948425292969,39.12907409667969,101.58490753173828,115.84346008300781
2017-10-26,72.21048736572266,36.76770782470703,113.44187927246094,57.85981750488281,81.74105072021484,71.28853607177734,84.00640869140625,46.203914642333984,35.988529205322266,86.92778778076172,23.963638305664062,34.50865936279297,103.10459899902344,44.482444763183594,135.9504852294922,26.98247528076172,25.906871795654297,138.2330780029297,147.07205200195312,118.55684661865234,115.305908203125,59.26002502441406,245.7613067626953,138.39431762695312,95.70012664794922,48.41879653930664,57.26470184326172,45.81877899169922,182.72268676757812,74.33070373535156,248.99855041503906,86.0699691772461,23.008296966552734,57.63871383666992,44.43816375732422,202.94158935546875,70.721435546875,39.99436569213867,8.101187705993652,48.03657531738281,17.564319610595703,40.07460403442383,88.76571655273438,261.7538146972656,86.17340850830078,36.591156005859375,33.9599723815918,39.30373001098633,102.4046859741211,117.24536895751953
2017-10-27,76.8405532836914,38.0850830078125,113.4178466796875,58.02617645263672,81.76515197753906,70.91376495361328,80.53093719482422,43.40886306762695,35.86396408081055,86.82575225830078,23.869770050048828,37.05402755737305,103.15830993652344,45.12993621826172,137.09437561035156,27.10843849182129,25.775312423706055,137.97744750976562,148.20851135253906,118.8494644165039,116.03844451904297,58.58596420288086,243.09771728515625,137.42218017578125,93.32109069824219,48.322811126708984,53.89021301269531,45.05952072143555,185.65548706054688,74.06576538085938,249.08746337890625,86.15990447998047,23.058059692382812,57.03922653198242,44.63792419433594,202.93319702148438,69.91059875488281,40.30158996582031,7.962534427642822,46.154056549072266,17.353418350219727,39.87991714477539,89.82202911376953,261.4638977050781,85.2782211303711,36.10726547241211,34.00733184814453,39.15945053100586,101.7661361694336,118.2302017211914
2017-10-30,76.91386413574219,38.94232177734375,111.9939193725586,57.908355712890625,81.4759292602539,70.2863998413086,81.13384246826172,40.77778625488281,35.70049285888672,86.07996368408203,23.568044662475586,37.02899169921875,103.61476135253906,44.95254898071289,137.79063415527344,26.801380157470703,25.418670654296875,136.3036346435547,145.8597869873047,117.581298828125,114.927001953125,57.58733367919922,245.74237060546875,136.88124084472656,91.61538696289062,47.3802604675293,53.46839141845703,45.736080169677734,181.77574157714844,72.99706268310547,249.5969696044922,85.51228332519531,22.892173767089844,56.23993682861328,44.62192916870117,202.2447509765625,68.7501220703125,39.94535827636719,7.988945484161377,47.428157806396484,17.41246223449707,40.02009963989258,87.84332275390625,260.3307800292969,84.41336822509766,35.62339782714844,33.80205535888672,38.46845245361328,100.23873138427734,117.38733673095703
2017-10-31,76.2629165649414,39.48422622680664,111.52192687988281,57.77663803100586,80.83319091796875,70.34346771240234,82.19773864746094,41.061038970947266,35.79390335083008,86.5353012084961,23.5076961517334,37.96369552612305,103.41338348388672,45.147674560546875,138.3542938232422,26.887996673583984,25.52390480041504,136.691162109375,145.33578491210938,117.19111633300781,114.34597778320312,58.627567291259766,244.53854370117188,137.37515258789062,90.49319458007812,47.32789993286133,53.5308837890625,46.352516174316406,181.31613159179688,72.3699951171875,249.21690368652344,85.91705322265625,22.71799659729004,55.47763442993164,44.8536376953125,203.5796356201172,69.10722351074219,39.58120346069336,8.101187705993652,47.43531036376953,17.46307945251465,39.833194732666016,87.42677307128906,259.59283447265625,85.3541030883789,35.71794509887695,32.270263671875,39.42521286010742,100.30775451660156,117.9019775390625
2017-11-01,76.2629165649414,38.98202896118164,111.97791290283203,58.1370964050293,81.08223724365234,70.79154968261719,82.20484161376953,41.24736404418945,35.65378189086914,86.45677185058594,23.641801834106445,38.981849670410156,103.39324188232422,44.91706085205078,137.90663146972656,27.258041381835938,25.70807647705078,136.361328125,145.32943725585938,117.81703186035156,114.75858306884766,58.7191047668457,245.0314178466797,137.5319061279297,89.86474609375,47.127166748046875,53.89802169799805,46.72837829589844,181.88609313964844,73.20901489257812,247.95521545410156,86.15990447998047,22.834110260009766,55.38142013549805,44.90955352783203,205.0740966796875,68.8617172241211,39.288307189941406,8.154007911682129,47.96500778198242,17.631807327270508,40.572998046875,87.37469482421875,258.3983459472656,85.00511169433594,35.98491287231445,32.0728645324707,39.50875473022461,100.03162384033203,119.13526916503906
2017-11-02,77.06058502197266,39.26699447631836,111.93793487548828,57.90141296386719,81.62055206298828,70.48194122314453,81.8005599975586,41.26972961425781,35.716060638427734,86.39398956298828,23.775896072387695,39.307315826416016,102.93680572509766,44.59773254394531,139.3407440185547,26.935232162475586,25.95948600769043,134.1598663330078,146.6237335205078,118.207275390625,114.91014099121094,59.03535079956055,248.94627380371094,135.1720733642578,89.5056381225586,47.45008087158203,54.19485855102539,46.78101348876953,182.39175415039062,73.42098236083984,251.40037536621094,86.33080291748047,23.11611557006836,54.62653732299805,45.44055938720703,207.27377319335938,70.39412689208984,39.91368865966797,8.20022201538086,47.80036926269531,17.86802101135254,40.86893081665039,86.93579864501953,264.71392822265625,84.62579345703125,35.539974212646484,31.70966148376465,39.30373001098633,100.23873138427734,119.28611755371094
2017-11-03,77.14307403564453,40.29241943359375,112.05791473388672,57.6588134765625,81.4759292602539,70.53897857666016,81.55940246582031,41.78401184082031,35.78611755371094,86.52742004394531,23.836240768432617,38.67305374145508,101.74867248535156,44.50904083251953,139.79661560058594,27.139944076538086,26.21674156188965,135.5450897216797,146.61744689941406,117.84957122802734,115.04487609863281,58.37791442871094,248.11209106445312,135.9796142578125,90.40337371826172,48.41007995605469,54.093318939208984,46.77350997924805,185.61868286132812,73.75662231445312,250.69686889648438,86.73556518554688,23.07464599609375,54.36749267578125,45.33597183227539,205.191650390625,70.34950256347656,39.59703826904297,8.16060733795166,47.86479187011719,18.137985229492188,41.24274444580078,85.88695526123047,264.97747802734375,84.04923248291016,35.5455322265625,31.40960121154785,38.98480224609375,100.5580062866211,119.8095932006836
2017-11-06,77.44564819335938,40.70117950439453,111.80192565917969,58.05391311645508,80.96973419189453,70.10718536376953,83.0134048461914,41.64986801147461,35.39689254760742,85.7737808227539,23.68202781677246,39.20446014404297,101.25196075439453,44.70418167114258,140.9736785888672,27.09269905090332,25.930252075195312,135.40487670898438,145.41151428222656,118.36174774169922,115.95425415039062,58.46113967895508,250.31121826171875,133.90977478027344,90.35853576660156,48.00862121582031,52.179542541503906,46.36756134033203,188.4687042236328,73.25318145751953,250.76963806152344,86.60963439941406,23.016590118408203,53.568172454833984,45.199195861816406,204.42762756347656,70.6321792602539,39.6920280456543,8.140800476074219,47.1991081237793,17.994571685791016,41.7956428527832,84.74140930175781,265.1531066894531,83.3512954711914,35.2896842956543,31.006938934326172,38.043212890625,100.3940658569336,120.05804443359375
2017-11-07,77.26227569580078,40.83197784423828,111.8099365234375,57.936065673828125,79.33879089355469,70.86488342285156,83.15526580810547,41.43369674682617,35.762760162353516,86.72369384765625,23.708845138549805,39.2716178894043,101.59431457519531,44.78400421142578,141.5539093017578,27.084819793701172,26.003339767456055,134.94317626953125,145.24740600585938,119.47541809082031,116.88044738769531,59.002044677734375,252.263916015625,136.01097106933594,90.71761322021484,48.1395378112793,53.858970642089844,46.54045867919922,188.91917419433594,73.55348205566406,253.36569213867188,85.78213500976562,22.543813705444336,54.18244934082031,44.290061950683594,201.33799743652344,69.74696350097656,39.09831619262695,8.028559684753418,48.61637878417969,17.977697372436523,41.64767837524414,84.76371765136719,266.42681884765625,84.91407775878906,35.76799774169922,31.220108032226562,38.70383834838867,100.3940658569336,120.41294860839844
2017-11-08,77.52816009521484,41.16599655151367,113.04985809326172,57.85981750488281,78.44698333740234,71.35370635986328,82.75096893310547,42.17158508300781,35.949588775634766,87.92479705810547,23.695436477661133,39.20446014404297,101.74200439453125,44.828365325927734,140.99850463867188,27.16356086730957,26.38629913330078,135.26473999023438,145.1085205078125,119.38600158691406,115.60059356689453,60.974334716796875,251.73309326171875,136.08938598632812,90.31364440917969,48.218074798583984,53.89021301269531,47.04412841796875,184.33160400390625,74.1982421875,255.26617431640625,85.56624603271484,22.220338821411133,54.1010627746582,43.65447235107422,202.54698181152344,69.54611206054688,38.821250915527344,7.962534427642822,49.317840576171875,18.43325424194336,41.67884063720703,84.15372467041016,266.4179992675781,85.9002914428711,35.92373275756836,31.425403594970703,39.66820526123047,100.20420837402344,119.46354675292969
2017-11-09,77.09724426269531,41.081905364990234,112.27391052246094,58.2064323425293,78.43896484375,71.51664733886719,83.15526580810547,41.895809173583984,35.988529205322266,87.51658630371094,23.81723403930664,38.86865997314453,101.89791870117188,43.67527770996094,138.42889404296875,26.809253692626953,26.397991180419922,134.62158203125,144.1992645263672,118.23167419433594,113.95867156982422,60.67475509643555,250.3512420654297,136.41860961914062,89.73009490966797,48.39262390136719,53.91365051269531,46.6005973815918,181.5919189453125,74.18055725097656,251.578369140625,84.32501220703125,21.97150993347168,54.04185485839844,43.44529724121094,202.1608123779297,68.97334289550781,38.6470832824707,7.949330806732178,49.77595901489258,18.51761817932129,41.6866340637207,83.72230529785156,262.763916015625,85.94581604003906,35.87924575805664,31.26748275756836,39.31890106201172,99.7364273071289,116.4822998046875
2017-11-10,76.8955307006836,40.9459342956543,111.64195251464844,58.02452087402344,78.34254455566406,71.82625579833984,83.11271667480469,41.35171127319336,36.22984313964844,88.5135726928711,23.8037052154541,38.26422882080078,101.12503051757812,43.7462272644043,137.26014709472656,26.76201629638672,26.579242706298828,135.31419372558594,143.6057891845703,118.48365020751953,114.91856384277344,60.924407958984375,248.58819580078125,135.125,91.97447204589844,47.82534408569336,55.45246887207031,45.751121520996094,182.01480102539062,73.56230163574219,251.65121459960938,84.11811828613281,21.98809814453125,54.596927642822266,43.29243087768555,201.62347412109375,69.6056137084961,38.5995979309082,7.9295244216918945,51.10782241821289,18.627288818359375,41.2661018371582,84.85388946533203,261.8768005371094,86.5906753540039,36.16288757324219,31.528043746948242,40.457923889160156,99.33792114257812,117.32520294189453
2017-11-13,76.95054626464844,40.7818603515625,111.80192565917969,57.989540100097656,78.62372589111328,72.51060485839844,83.14818572998047,41.06846618652344,36.36997985839844,89.52629852294922,23.884889602661133,38.40694046020508,100.60980987548828,43.81719970703125,138.73561096191406,26.730512619018555,26.599702835083008,136.3365936279297,144.0919647216797,119.27220916748047,114.960693359375,61.33217239379883,250.0844268798828,134.4586181640625,85.37601470947266,48.261714935302734,55.835227966308594,45.848846435546875,181.6746063232422,73.18253326416016,253.09068298339844,84.45992279052734,21.896865844726562,53.916019439697266,43.22004318237305,201.72427368164062,69.4865951538086,38.49668502807617,8.028559684753418,50.661460876464844,18.677907943725586,40.939022064208984,86.03792572021484,262.1841125488281,87.55413818359375,36.61896514892578,31.378028869628906,40.222530364990234,99.23395538330078,117.04129791259766
2017-11-14,77.06058502197266,40.165321350097656,111.5859603881836,57.534793853759766,78.14972686767578,72.40470886230469,82.92829895019531,40.98648452758789,36.92267990112305,90.8765640258789,23.93902587890625,38.49928283691406,100.9419937133789,43.63979721069336,139.34901428222656,26.801380157470703,26.628934860229492,138.57107543945312,144.79283142089844,119.75991821289062,115.81111907958984,61.1324577331543,249.4554443359375,133.38453674316406,80.34858703613281,48.00862121582031,55.02285385131836,46.04429626464844,181.24253845214844,73.31584930419922,253.72946166992188,84.3340072631836,21.764150619506836,52.65787887573242,43.47747802734375,199.18031311035156,70.28254699707031,38.29877471923828,7.936126708984375,50.819854736328125,18.682151794433594,39.89548873901367,85.48338317871094,263.9233703613281,86.90168762207031,36.55778121948242,31.417512893676758,41.09577941894531,99.06070709228516,117.9019775390625
2017-11-15,76.4616470336914,39.63554763793945,111.27399444580078,56.81421661376953,78.88887023925781,71.8832778930664,82.59493255615234,40.84487533569336,36.44003677368164,90.35845184326172,23.925491333007812,38.16348648071289,99.72840118408203,43.3027458190918,138.6941680908203,26.856491088867188,26.260595321655273,136.435546875,143.57420349121094,118.98765563964844,112.91458892822266,60.31690216064453,250.50372314453125,132.79647827148438,81.96456146240234,47.85154342651367,54.52293395996094,45.90898513793945,180.6541748046875,73.04923248291016,251.2225341796875,83.88426208496094,22.220338821411133,53.146331787109375,43.24415588378906,199.4909210205078,70.18583679199219,38.07711410522461,7.922919273376465,50.5390739440918,18.33429527282715,39.31922149658203,84.59909057617188,263.4666442871094,86.0520248413086,36.29636764526367,31.011558532714844,39.88840866088867,98.22905731201172,117.3607177734375
2017-11-16,76.66436004638672,40.10907745361328,111.08997344970703,56.359466552734375,79.11384582519531,72.71427917480469,82.02220916748047,41.120662689208984,36.23762893676758,90.46049499511719,24.06081199645996,38.322994232177734,101.097900390625,43.63979721069336,139.33241271972656,28.250104904174805,29.12257194519043,138.1093292236328,144.84959411621094,120.01309967041016,114.81752014160156,60.44173812866211,251.30426025390625,134.80149841308594,81.919677734375,48.47117614746094,54.882259368896484,46.51038360595703,184.76370239257812,74.16020965576172,252.84800720214844,84.15409088134766,22.19545555114746,53.59039306640625,43.92802810668945,200.96859741210938,71.0636215209961,38.472930908203125,7.949330806732178,51.33100509643555,18.902740478515625,39.10895919799805,85.20610809326172,264.00244140625,87.16720581054688,36.64120864868164,31.194629669189453,40.754085540771484,98.76618957519531,119.43693542480469
2017-11-17,75.92721557617188,39.88636779785156,110.39399719238281,56.135616302490234,78.84869384765625,72.04624938964844,82.12242889404297,41.14302062988281,35.583709716796875,90.02872467041016,23.932260513305664,37.466705322265625,100.9962158203125,43.4091796875,138.19679260253906,28.265851974487305,28.49403953552246,138.30726623535156,144.81170654296875,119.6944580078125,114.62389373779297,59.82591247558594,249.93190002441406,134.1936798095703,81.74011993408203,48.48862075805664,55.210330963134766,46.096923828125,182.00559997558594,73.67137145996094,250.46231079101562,84.2710189819336,22.079336166381836,53.61260223388672,43.565975189208984,199.8351593017578,71.39838409423828,38.5521125793457,7.9295244216918945,51.29500961303711,19.8614501953125,39.03887176513672,84.63656616210938,260.7523498535156,86.72720336914062,36.941551208496094,31.377710342407227,40.79204177856445,98.6102523803711,120.46617126464844
2017-11-20,76.04698944091797,39.84652328491211,110.33805084228516,56.35248565673828,79.54769897460938,71.91587829589844,82.12960052490234,40.32313919067383,35.389102935791016,90.20928955078125,23.91872787475586,37.45830535888672,102.04026794433594,43.480133056640625,138.37086486816406,28.73826026916504,28.496967315673828,140.54171752929688,146.15655517578125,120.87921142578125,115.28063201904297,59.97572708129883,252.19052124023438,133.23854064941406,80.70769500732422,48.25299072265625,54.975982666015625,45.70601272583008,183.3295135498047,73.92913818359375,254.4654998779297,84.5048828125,22.17886734008789,53.38316345214844,43.48552703857422,199.92752075195312,71.63642883300781,38.87666320800781,8.008749961853027,50.95662307739258,19.683279037475586,38.999935150146484,84.83140563964844,264.34503173828125,87.50861358642578,36.6134033203125,31.20258903503418,41.186893463134766,99.51982116699219,121.486572265625
2017-11-21,77.14352416992188,40.58728790283203,110.6659927368164,56.57637405395508,79.4833984375,72.28250885009766,82.4517593383789,40.44984436035156,35.638214111328125,91.10424041748047,24.047283172607422,37.72694778442383,103.01654815673828,43.13420867919922,139.5065155029297,28.856355667114258,28.216320037841797,142.52883911132812,147.79815673828125,122.03131866455078,115.86163330078125,60.10054016113281,254.43959045410156,134.06736755371094,80.03440856933594,48.977352142333984,55.850860595703125,46.036781311035156,185.7014617919922,74.22242736816406,256.3175354003906,84.91866302490234,22.170574188232422,53.66440963745117,43.86365509033203,199.8351593017578,72.70021057128906,39.09040832519531,8.00214958190918,51.23019790649414,19.326950073242188,38.94540786743164,85.3709945678711,267.3052062988281,88.76034545898438,36.513282775878906,31.314022064208984,40.64017868041992,99.91832733154297,123.5361328125
2017-11-22,76.58141326904297,41.01392364501953,109.8260498046875,56.73727035522461,79.25041198730469,71.96475982666016,82.9815444946289,40.524383544921875,35.68491744995117,90.3427505493164,23.972850799560547,37.48349380493164,102.8945083618164,43.08987045288086,140.1282196044922,28.698896408081055,28.18416404724121,141.86924743652344,146.95095825195312,121.73714447021484,116.2068862915039,59.70942306518555,252.68606567382812,134.16212463378906,81.47079467773438,48.698081970214844,55.835227966308594,45.96160888671875,184.5338134765625,74.37351989746094,254.64337158203125,84.38794708251953,22.112512588500977,53.89381790161133,43.493568420410156,198.500244140625,72.6927490234375,38.86082458496094,7.969139575958252,51.352603912353516,19.632373809814453,39.10895919799805,85.25857543945312,265.29364013671875,88.03963470458984,36.42429733276367,31.234439849853516,40.738887786865234,99.85768127441406,128.87757873535156
2017-11-24,76.71964263916016,41.016265869140625,110.40201568603516,56.961151123046875,78.99331665039062,72.0625228881836,83.41108703613281,40.50947952270508,35.716060638427734,90.98645782470703,24.013452529907227,37.56744384765625,102.94196319580078,43.471282958984375,140.1779327392578,28.730388641357422,28.245559692382812,142.0918426513672,146.8240509033203,122.28460693359375,115.68479919433594,59.9257926940918,253.3817596435547,134.28846740722656,81.65034484863281,48.986083984375,55.108787536621094,46.17961883544922,184.4235076904297,74.6845703125,255.41180419921875,84.0821304321289,22.054452896118164,53.62739562988281,43.517704010009766,198.09725952148438,72.811767578125,38.83708190917969,7.988945484161377,50.5966682434082,19.496627807617188,39.30364990234375,84.78644561767578,265.9085693359375,88.36585998535156,36.41873550415039,31.15484046936035,40.738887786865234,100.57672119140625,129.0994415283203
2017-11-27,77.28172302246094,40.809974670410156,111.15055847167969,56.74427795410156,78.67996978759766,72.47801971435547,82.75244140625,40.658538818359375,35.73163604736328,90.94721984863281,24.013452529907227,37.34917449951172,103.03690338134766,43.35596466064453,140.0535888671875,29.02958106994629,28.245559692382812,143.600830078125,148.48660278320312,122.91374206542969,115.51641082763672,59.91746139526367,253.0958709716797,133.96475219726562,81.33614349365234,49.00352478027344,54.991634368896484,46.31493377685547,183.80752563476562,75.3778305053711,256.1234130859375,84.07312774658203,22.054452896118164,53.064918518066406,43.40507125854492,197.3920135498047,72.87872314453125,38.78957748413086,7.99554967880249,49.95592498779297,19.666309356689453,38.28348159790039,85.83558654785156,266.70782470703125,88.57828521728516,36.190704345703125,31.099119186401367,41.04262924194336,100.36015319824219,132.00086975097656
2017-11-28,78.21240234375,40.570884704589844,112.69584655761719,57.13602828979492,81.43575286865234,72.8365249633789,83.36812591552734,40.941776275634766,35.67713165283203,91.66946411132812,24.25704002380371,37.550662994384766,103.36907958984375,43.471282958984375,142.0264129638672,29.706693649291992,28.289411544799805,145.58787536621094,149.5209503173828,124.81758117675781,117.03203582763672,60.5499267578125,255.39260864257812,134.39891052246094,82.63787841796875,48.89008331298828,56.7882080078125,46.99900817871094,184.37757873535156,75.59114074707031,257.9915466308594,85.70116424560547,22.925352096557617,53.723609924316406,44.70842742919922,201.00221252441406,74.20285034179688,39.897850036621094,8.061572074890137,52.00774002075195,19.98870849609375,39.03887176513672,86.32268524169922,270.4585876464844,89.04864501953125,36.93042755126953,31.115026473999023,41.64249801635742,101.65089416503906,132.54209899902344
2017-11-29,76.79337310791016,39.729312896728516,112.52684020996094,57.555782318115234,83.33988189697266,72.82022094726562,83.89075469970703,41.262271881103516,35.420230865478516,91.72441101074219,24.500627517700195,36.895843505859375,104.101318359375,43.03664779663086,141.2720947265625,29.50986099243164,28.520353317260742,146.88893127441406,151.0311737060547,125.20973205566406,116.24897003173828,59.9257926940918,256.6409912109375,135.95396423339844,82.95208740234375,48.506072998046875,57.33501434326172,47.28468322753906,189.2317657470703,75.51116180419922,259.4067687988281,86.88847351074219,23.45618438720703,54.522911071777344,45.60147476196289,203.27613830566406,75.33354949951172,40.62615966796875,8.292654991149902,51.7773551940918,20.684412002563477,39.506134033203125,89.2078857421875,269.3957824707031,90.38382720947266,37.46991729736328,31.656299591064453,42.781532287597656,101.36505126953125,131.7080535888672
2017-11-30,77.55815887451172,40.28488540649414,112.1405258178711,58.26940155029297,83.97457885742188,73.31720733642578,85.1865463256836,41.19519805908203,35.92253494262695,92.1078109741211,24.534456253051758,37.64299011230469,104.38604736328125,43.5156135559082,143.39845275878906,29.36812973022461,28.423887252807617,149.0187225341797,154.28652954101562,127.43222045898438,118.85077667236328,60.29193115234375,263.7884521484375,138.6615447998047,82.09923553466797,49.195533752441406,59.834625244140625,47.502681732177734,194.656005859375,75.22676086425781,259.6998291015625,87.88687896728516,23.464513778686523,55.344425201416016,45.43251037597656,208.56524658203125,76.56097412109375,40.855716705322266,8.266247749328613,52.382102966308594,21.94007110595703,39.622928619384766,91.01392364501953,270.01934814453125,90.85420227050781,37.72576141357422,31.743860244750977,42.948585510253906,101.22644805908203,132.96795654296875
2017-12-01,77.6410903930664,40.097347259521484,112.66364288330078,58.388309478759766,84.1915283203125,73.61864471435547,85.55883026123047,41.64240264892578,36.079505920410156,92.31332397460938,24.595355987548828,37.50867462158203,104.92162322998047,44.00346374511719,144.14886474609375,29.604347229003906,28.458969116210938,149.51596069335938,153.02371215820312,126.1575927734375,119.16234588623047,60.78291702270508,258.6231994628906,139.87721252441406,80.25882720947266,48.855167388916016,58.67855453491211,47.54026794433594,191.60369873046875,75.83112335205078,255.1831817626953,88.02177429199219,23.406208038330078,55.758880615234375,45.215293884277344,209.66854858398438,76.4642562866211,41.12487030029297,8.305862426757812,51.43898010253906,21.778867721557617,40.29266357421875,90.15960693359375,264.0533752441406,91.42316436767578,38.14289474487305,32.50004959106445,42.87264633178711,100.42943572998047,133.03897094726562
2017-12-04,74.71089172363281,39.80432891845703,111.88294982910156,58.465267181396484,85.92691040039062,74.47412872314453,86.51099395751953,41.90327072143555,36.2835693359375,92.8508529663086,24.399131774902344,37.34917449951172,106.07415771484375,42.93021011352539,142.29771423339844,29.698823928833008,28.359567642211914,153.2285919189453,151.82440185546875,125.642822265625,119.14546966552734,62.01457977294922,264.9034423828125,141.05331420898438,80.57307434082031,47.74681091308594,55.999263763427734,46.96143341064453,187.6504364013672,76.06221008300781,253.72647094726562,88.67839813232422,24.20585060119629,54.093650817871094,46.172698974609375,211.1002960205078,76.48658752441406,41.70275115966797,8.338872909545898,51.5253791809082,22.805458068847656,39.94222640991211,92.71503448486328,264.8728942871094,93.3956298828125,38.977169036865234,32.794559478759766,43.93572235107422,101.84149932861328,133.9528350830078
2017-12-05,75.18083190917969,39.766822814941406,112.41416931152344,57.989540100097656,84.93869018554688,74.46597290039062,86.1888427734375,41.56786346435547,36.30711364746094,92.95364379882812,24.108182907104492,36.46770095825195,105.3216323852539,42.566551208496094,144.24899291992188,29.376014709472656,28.599288940429688,151.52972412109375,151.18983459472656,125.06266021728516,118.00033569335938,62.07284164428711,262.5876770019531,141.0375518798828,79.72019958496094,47.816619873046875,55.46811294555664,46.62314987182617,187.65963745117188,76.48881530761719,252.39183044433594,88.78634643554688,24.097566604614258,54.241668701171875,47.1059684753418,209.14633178710938,75.60877227783203,41.17237091064453,8.206826210021973,50.52467346191406,22.245498657226562,39.89548873901367,90.20455932617188,262.3965148925781,93.19837188720703,39.03278732299805,32.50801086425781,43.472537994384766,101.13980865478516,133.6866912841797
2017-12-06,76.27733612060547,39.61912536621094,113.53289031982422,57.56278991699219,84.30398559570312,74.34375762939453,85.63040161132812,40.50947952270508,36.45624542236328,93.9891586303711,24.06081199645996,36.47610092163086,104.47415924072266,42.947940826416016,144.65753173828125,29.45475196838379,28.438501358032227,149.83087158203125,151.4500274658203,125.0136489868164,118.16873168945312,61.789859771728516,265.1893615722656,139.1035919189453,79.27130126953125,47.703163146972656,55.75711441040039,45.83380889892578,187.74241638183594,75.83112335205078,253.88108825683594,88.33660125732422,23.856006622314453,54.241668701171875,47.12205123901367,207.14193725585938,75.72037506103516,40.91905975341797,8.173811912536621,51.15101623535156,22.406696319580078,39.23356628417969,88.64582824707031,264.5556640625,92.67491149902344,39.855934143066406,32.81048583984375,43.594017028808594,100.6546859741211,132.60421752929688
2017-12-07,76.01011657714844,39.691802978515625,112.68778228759766,57.751678466796875,84.05492401123047,73.40682983398438,85.64472198486328,40.822513580322266,35.93038558959961,92.27379608154297,24.020219802856445,36.16548156738281,104.11482238769531,43.03664779663086,144.1822509765625,29.446874618530273,28.44143295288086,150.82530212402344,152.4843292236328,125.242431640625,120.31592559814453,60.91608428955078,268.7153625488281,137.3196258544922,79.4957504272461,47.72935485839844,55.53059387207031,46.48783874511719,189.38807678222656,76.31993865966797,255.8748321533203,88.66941833496094,23.97262191772461,53.81981658935547,47.75764465332031,209.34010314941406,76.42706298828125,41.441532135009766,8.272847175598145,50.11431884765625,22.508508682250977,39.358158111572266,89.72493743896484,266.7411804199219,91.58136749267578,39.766937255859375,32.88212203979492,43.04728698730469,100.58538055419922,134.07711791992188
2017-12-08,77.54894256591797,39.703521728515625,113.15464782714844,57.82864761352539,85.10742950439453,73.62679290771484,85.85234832763672,41.41879653930664,35.5615234375,92.14732360839844,24.18260955810547,36.39215087890625,104.95550537109375,43.994590759277344,144.38238525390625,29.612215042114258,28.373851776123047,151.99378967285156,151.1073455810547,125.55291748046875,121.13267517089844,61.01594161987305,272.4606628417969,138.46420288085938,79.4957504272461,47.68571853637695,57.09284210205078,46.923851013183594,193.0379180908203,76.83543395996094,257.0387268066406,88.6424560546875,24.19751739501953,54.929962158203125,47.7174186706543,210.84762573242188,76.43449401855469,41.86899948120117,8.325668334960938,51.5109748840332,22.635778427124023,40.160274505615234,89.59754180908203,269.3762512207031,91.84901428222656,39.7891960144043,33.04132080078125,42.401859283447266,100.42079162597656,134.49411010742188
2017-12-11,78.534912109375,40.47710418701172,113.5972900390625,58.08748245239258,84.8583755493164,73.51276397705078,86.21029663085938,41.99271011352539,35.577205657958984,92.7955322265625,24.500627517700195,36.65238571166992,105.36227416992188,44.76627731323242,144.46575927734375,29.887786865234375,28.485519409179688,151.03253173828125,151.84974670410156,125.18522644042969,121.05689239501953,60.8911247253418,269.84942626953125,139.58509826660156,79.22640991210938,47.94753646850586,57.08503723144531,47.37489318847656,192.29327392578125,77.03095245361328,257.29901123046875,89.04718780517578,24.10589599609375,56.15851974487305,47.36342239379883,210.662353515625,75.76500701904297,41.774009704589844,8.305862426757812,51.74855041503906,22.550926208496094,40.253719329833984,88.4659652709961,268.39801025390625,90.61021423339844,39.850372314453125,33.35175323486328,42.4398193359375,100.212890625,134.2722930908203
2017-12-12,78.857421875,40.249725341796875,114.77239227294922,57.89860153198242,85.84657287597656,73.203125,85.68051147460938,42.53681564331055,35.54581069946289,92.80343627929688,24.750974655151367,36.375362396240234,106.26396942138672,44.695308685302734,143.61520385742188,29.848421096801758,28.417926788330078,150.65960693359375,150.12376403808594,125.61830139160156,120.76216888427734,60.32522201538086,276.3107604980469,139.1351776123047,80.39348602294922,48.61079788208008,56.90537643432617,47.570343017578125,191.66807556152344,77.06655883789062,257.0711669921875,89.38002014160156,24.42241668701172,56.313941955566406,48.53806686401367,217.0210723876953,76.35267639160156,42.62895584106445,8.319067001342773,51.84214782714844,22.338830947875977,40.46397399902344,88.54839324951172,270.794921875,89.01197052001953,39.88930130004883,33.24827194213867,42.56890106201172,100.394775390625,134.04164123535156
2017-12-13,78.64545440673828,40.38335037231445,115.00579071044922,58.15044403076172,84.76997375488281,74.04229736328125,85.85951232910156,42.41756057739258,36.02457046508789,93.11964416503906,24.79157257080078,36.383758544921875,104.34535217285156,44.39373779296875,144.71591186523438,30.037384033203125,28.729446411132812,151.678955078125,151.7292022705078,127.30144500732422,125.09857177734375,61.04092025756836,278.1214294433594,140.0192413330078,79.72019958496094,48.05226135253906,55.9445915222168,47.713172912597656,191.15325927734375,78.11529541015625,258.61737060546875,87.94984436035156,24.022598266601562,56.67659378051758,47.78982162475586,215.2355499267578,76.22551727294922,42.098567962646484,8.338872909545898,51.63336181640625,22.644250869750977,40.24592971801758,88.72826385498047,271.83489990234375,89.76904296875,40.22301483154297,31.87917709350586,42.8802490234375,100.70664978027344,134.8224334716797
2017-12-14,78.03730010986328,40.37162399291992,114.00776672363281,57.99653625488281,84.08707427978516,74.14006805419922,85.57313537597656,42.10184860229492,36.12660217285156,93.29354095458984,24.669780731201172,36.316593170166016,104.4063949584961,44.51791000366211,144.37403869628906,29.840553283691406,28.54430389404297,150.93307495117188,151.07562255859375,125.20162963867188,123.17040252685547,60.949363708496094,280.0655822753906,138.0774383544922,79.18153381347656,47.76426315307617,55.304073333740234,46.705833435058594,187.20921325683594,76.87989044189453,257.982666015625,87.38317108154297,23.930965423583984,55.394920349121094,47.645015716552734,215.16818237304688,75.99363708496094,41.67109680175781,8.226633071899414,50.65426254272461,21.97400665283203,40.73654556274414,87.55919647216797,270.4688415527344,89.66197204589844,39.92823028564453,31.49711036682129,42.6220588684082,98.6015625,132.5953369140625
2017-12-15,80.02764129638672,40.7818603515625,114.65969848632812,58.08748245239258,85.27615356445312,74.86519622802734,85.71633911132812,42.27473831176758,36.252174377441406,94.24212646484375,25.17047882080078,37.407936096191406,103.38945007324219,42.84150314331055,145.14120483398438,30.06887435913086,28.53841209411621,151.30596923828125,151.02484130859375,126.03500366210938,123.5156021118164,61.62345504760742,280.1227111816406,139.75086975097656,79.98953247070312,48.436256408691406,57.08503723144531,46.91633224487305,187.67808532714844,76.91543579101562,262.71087646484375,88.61543273925781,24.18918800354004,56.31147384643555,48.167964935302734,216.59153747558594,76.72667694091797,42.03523254394531,8.305862426757812,51.791744232177734,22.440631866455078,40.62751770019531,88.42850494384766,273.6062316894531,90.62550354003906,39.86149215698242,32.28512954711914,43.19916915893555,99.7017593383789,133.86416625976562
2017-12-18,79.59457397460938,41.35619354248047,114.12848663330078,58.02452087402344,85.9349594116211,74.85704040527344,85.6948471069336,42.25970458984375,36.04812240600586,93.31725311279297,25.12312126159668,38.83509063720703,103.95214080810547,42.31818389892578,145.2579345703125,30.297203063964844,28.770578384399414,153.08767700195312,151.29135131835938,126.31275939941406,126.10899353027344,61.573509216308594,282.2193298339844,139.04042053222656,79.72019958496094,49.221702575683594,55.98365020751953,46.90880584716797,189.70062255859375,76.50657653808594,262.66204833984375,89.6588363647461,24.555688858032227,55.983585357666016,49.01273727416992,218.99179077148438,77.37748718261719,42.14607238769531,8.358681678771973,52.23091506958008,22.907258987426758,40.75990295410156,89.03549194335938,271.7820129394531,91.49727630615234,40.40654754638672,32.014495849609375,43.890167236328125,100.60270690917969,136.6768035888672
2017-12-19,79.08777618408203,40.91546630859375,114.11239624023438,57.67472839355469,85.57341003417969,74.6940689086914,85.79507446289062,42.2672233581543,36.20508575439453,93.75993347167969,24.99456024169922,39.489891052246094,103.88433074951172,42.415740966796875,144.5825653076172,30.155485153198242,29.035078048706055,154.12359619140625,151.2723388671875,125.92061614990234,127.06888580322266,62.28919219970703,283.277099609375,139.61671447753906,78.95711517333984,49.570804595947266,56.48357391357422,46.277347564697266,190.54644775390625,77.06655883789062,260.3915710449219,89.18212127685547,24.530702590942383,55.402374267578125,48.56218719482422,216.01039123535156,77.15306854248047,41.90066146850586,8.378487586975098,51.97174072265625,22.86484718322754,41.02468490600586,89.17790222167969,270.65399169921875,92.20077514648438,41.10178756713867,31.942855834960938,43.761077880859375,100.7586669921875,137.06723022460938
2017-12-20,78.80209350585938,40.87092971801758,113.61338806152344,57.97554397583008,85.27615356445312,74.5718765258789,86.54676818847656,42.17701721191406,36.16584014892578,94.08402252197266,24.669780731201172,39.926429748535156,103.69452667236328,42.486724853515625,143.565185546875,30.501920700073242,29.02037811279297,155.22579956054688,150.33949279785156,126.42720794677734,128.424560546875,62.01457977294922,283.8966064453125,139.80616760253906,78.32866668701172,49.76280212402344,57.45996856689453,46.006710052490234,189.41563415527344,76.20439910888672,258.5605163574219,88.6064453125,24.555688858032227,55.149017333984375,48.38518524169922,214.91549682617188,77.61686706542969,41.56819534301758,8.398295402526855,52.35330581665039,23.178756713867188,42.24732208251953,88.67579650878906,270.2132873535156,92.10902404785156,40.74262619018555,31.735902786254883,44.619140625,100.62870025634766,136.96957397460938
2017-12-21,78.78368377685547,41.02565002441406,113.53289031982422,58.66115951538086,86.63394165039062,74.68592071533203,89.36029815673828,42.54534149169922,35.78911209106445,93.48326110839844,24.520923614501953,39.254825592041016,102.71147918701172,41.93677520751953,143.29837036132812,30.33658218383789,28.81760597229004,155.86392211914062,148.98158264160156,125.60195922851562,130.20957946777344,62.1310920715332,281.1614685058594,139.46669006347656,78.41845703125,49.68425369262695,58.30360794067383,46.23224639892578,188.02740478515625,76.08888244628906,258.129150390625,88.59746551513672,24.83889389038086,54.411319732666016,49.5678596496582,219.82559204101562,78.24522399902344,41.861080169677734,8.338872909545898,52.734867095947266,23.37389373779297,43.57120132446289,88.8631362915039,268.33624267578125,91.97903442382812,40.37223815917969,31.911020278930664,45.20383071899414,100.64603424072266,138.2917022705078
2017-12-22,78.79289245605469,41.02565002441406,112.7763442993164,58.745121002197266,86.32865905761719,75.06071472167969,89.47488403320312,42.36493682861328,35.781280517578125,93.75199890136719,24.453256607055664,39.20446014404297,103.38945007324219,42.00774383544922,142.93983459472656,30.35232925415039,28.86168098449707,155.90533447265625,148.94985961914062,125.41405487060547,131.1442413330078,62.538848876953125,281.2281494140625,139.261474609375,78.55309295654297,49.68425369262695,57.34281921386719,45.826297760009766,186.98851013183594,75.6089096069336,258.812744140625,88.81330871582031,24.888874053955078,54.180320739746094,49.51960372924805,218.1075439453125,78.72396850585938,41.734432220458984,8.305862426757812,52.34608840942383,23.96778678894043,43.22076416015625,88.90812683105469,267.7105407714844,92.2696304321289,40.48447799682617,31.99061393737793,45.65945053100586,100.6546859741211,139.77342224121094
2017-12-26,78.69153594970703,39.98482894897461,112.7522201538086,58.75210189819336,85.98316192626953,75.34585571289062,90.1907958984375,42.34989929199219,35.953941345214844,93.98125457763672,24.500627517700195,38.68397903442383,103.61316680908203,42.06982421875,142.83139038085938,30.297203063964844,29.140871047973633,157.75335693359375,149.40675354003906,125.63460540771484,131.7252655029297,62.8134651184082,281.4759521484375,139.0009765625,78.77909851074219,49.7453498840332,57.55371856689453,46.05182647705078,187.34703063964844,75.53782653808594,259.203369140625,88.66039276123047,24.80557632446289,54.172882080078125,49.18169403076172,217.05471801757812,78.81372833251953,41.536521911621094,8.319067001342773,52.77084732055664,23.586000442504883,43.78925704956055,88.62334442138672,267.763427734375,92.76667022705078,40.450801849365234,32.04633712768555,45.65185546875,100.732666015625,140.85594177246094
2017-12-27,78.97721099853516,39.991859436035156,113.13855743408203,58.696136474609375,86.14385986328125,75.03626251220703,89.8829345703125,42.34989929199219,36.04812240600586,94.30532836914062,24.58182716369629,38.70915985107422,103.81653594970703,42.025489807128906,143.98216247558594,30.360197067260742,29.170255661010742,157.61248779296875,149.88262939453125,125.78988647460938,132.63462829589844,62.7219352722168,281.7237548828125,139.095703125,78.5531005859375,50.15553665161133,56.835079193115234,46.36756134033203,186.3634033203125,75.67115783691406,259.9602355957031,89.16410064697266,24.763925552368164,54.38153076171875,49.036869049072266,215.5640411376953,78.55940246582031,41.615684509277344,8.253042221069336,52.4540901184082,23.5096435546875,43.29085159301758,89.23786163330078,269.80804443359375,93.20256042480469,40.6472053527832,32.03041076660156,45.697410583496094,100.9145736694336,140.70504760742188
2017-12-28,78.98638916015625,40.10439682006836,113.13047790527344,58.78007507324219,86.601806640625,75.0118179321289,89.90442657470703,42.54534149169922,35.883304595947266,94.34487915039062,24.60888671875,38.801509857177734,104.4334716796875,42.149658203125,144.34066772460938,30.383819580078125,29.211397171020508,157.27268981933594,149.5780792236328,125.93697357177734,133.39242553710938,62.53054428100586,282.4194030761719,138.33787536621094,78.46271514892578,50.14680099487305,57.06163024902344,46.435211181640625,188.68934631347656,75.59114074707031,262.12493896484375,89.67681121826172,24.822235107421875,54.00893020629883,49.31845474243164,216.0272674560547,78.79878997802734,41.67900085449219,8.305862426757812,52.511688232421875,23.458740234375,42.97157669067383,89.21534729003906,271.6850280761719,91.94080352783203,39.99622344970703,32.05429458618164,45.219032287597656,101.503662109375,140.45571899414062
2017-12-29,78.82051849365234,39.67070007324219,112.45442962646484,58.51424026489258,85.91889190673828,74.85704040527344,89.6252212524414,42.29728317260742,36.00887680053711,94.79546356201172,24.50739097595215,38.751136779785156,104.01313018798828,41.93677520751953,143.52352905273438,30.155485153198242,29.02037811279297,157.0654754638672,149.35594177246094,125.30778503417969,132.6851348876953,62.78849792480469,281.0471496582031,137.27223205566406,78.8695068359375,49.80643844604492,56.631996154785156,46.06684494018555,186.7127227783203,75.06675720214844,261.2704162597656,89.32599639892578,24.589006423950195,53.38300323486328,48.81159210205078,214.561767578125,78.49207305908203,41.536521911621094,8.246440887451172,52.28129959106445,23.289051055908203,42.74571990966797,89.29029846191406,270.4688415527344,92.2696304321289,40.074798583984375,31.9030704498291,45.0215950012207,101.20044708251953,139.3958282470703
2018-01-02,79.19831848144531,40.38098907470703,112.06001281738281,59.486663818359375,86.7303466796875,73.85490417480469,91.33623504638672,42.25970458984375,35.74203109741211,93.32515716552734,24.656248092651367,39.330379486083984,104.57588195800781,41.3602294921875,144.44073486328125,30.596405029296875,28.973360061645508,155.8224639892578,149.52731323242188,125.59374237060547,132.23045349121094,62.53054428100586,282.8864440917969,139.7192840576172,81.26494598388672,51.307525634765625,57.428733825683594,46.089412689208984,186.2254638671875,75.26229858398438,259.227783203125,88.99319458007812,24.905532836914062,55.21607971191406,49.149505615234375,215.32818603515625,77.10819244384766,41.31486511230469,8.358681678771973,53.95873260498047,24.010208129882812,43.080596923828125,92.67757415771484,268.9971618652344,91.0537338256836,39.69879913330078,31.911020278930664,44.831756591796875,102.22268676757812,140.73182678222656
2018-01-03,79.56690216064453,40.37396240234375,113.13047790527344,60.654991149902344,86.81873321533203,73.76528930664062,92.00202941894531,42.19956970214844,35.66352844238281,93.08009338378906,24.83893394470215,37.99559020996094,107.45043182373047,42.31818389892578,143.83206176757812,30.840482711791992,29.226089477539062,156.63455200195312,149.5209503173828,124.55612182617188,132.43255615234375,62.28919219970703,283.80126953125,142.35581970214844,82.03329467773438,51.42097854614258,57.17878341674805,46.12700271606445,189.3512725830078,75.67115783691406,261.4006652832031,89.54188537597656,24.822235107421875,55.63337707519531,49.52762985229492,213.32376098632812,78.1629638671875,41.425697326660156,8.424703598022461,54.36189651489258,23.62841796875,43.87492752075195,94.73090362548828,270.23980712890625,89.53197479248047,39.552886962890625,31.66426658630371,44.59635925292969,102.38729095458984,141.37307739257812
2018-01-04,80.26722717285156,40.561500549316406,113.1224136352539,60.738948822021484,88.06244659423828,74.28672790527344,91.7156753540039,42.88360595703125,36.16584014892578,93.53861236572266,24.893070220947266,37.298805236816406,109.62669372558594,42.735069274902344,144.8409881591797,30.927732467651367,29.252548217773438,157.877685546875,151.47540283203125,126.2392807006836,134.2512664794922,62.688636779785156,282.7243957519531,141.75588989257812,83.7508316040039,51.333709716796875,58.686370849609375,46.724769592285156,190.3441925048828,76.0088882446289,265.8845520019531,91.03125,25.147092819213867,55.06706619262695,50.14714050292969,216.30514526367188,78.77632904052734,42.05897903442383,8.56995677947998,51.546958923339844,22.89029312133789,44.38111114501953,95.34540557861328,271.91412353515625,90.5643310546875,39.395755767822266,32.197574615478516,45.11272048950195,101.76353454589844,142.1835479736328
2018-01-05,81.26238250732422,41.02330017089844,114.05609893798828,60.68999481201172,87.49712371826172,74.33560180664062,91.5653305053711,42.838497161865234,36.15799331665039,93.8073501586914,24.940431594848633,37.559051513671875,110.16228485107422,42.9922981262207,145.1328582763672,31.356075286865234,29.42593765258789,159.5267791748047,152.65565490722656,127.12177276611328,136.37318420410156,62.76353454589844,294.3222961425781,142.6005096435547,83.79601287841797,51.48206329345703,61.27970504760742,46.83070755004883,193.57113647460938,76.9421157836914,268.2935485839844,91.23885345458984,25.26370620727539,55.529052734375,50.485042572021484,215.201904296875,80.21256256103516,42.04315948486328,8.715211868286133,52.49728012084961,23.178756713867188,44.295433044433594,95.63766479492188,271.6233825683594,90.36550903320312,39.50798416137695,31.9826602935791,45.499969482421875,103.01964569091797,142.78921508789062
2018-01-08,81.34529113769531,40.87092971801758,114.20091247558594,60.96282958984375,87.6263656616211,74.72666931152344,92.01636505126953,42.59043884277344,36.103050231933594,93.26980590820312,24.663013458251953,37.559051513671875,110.82667541503906,43.44466018676758,145.03274536132812,31.681304931640625,29.860870361328125,159.14556884765625,152.1606903076172,126.43534851074219,139.80018615722656,62.855079650878906,295.5707092285156,142.5610809326172,82.62088775634766,51.333709716796875,60.74854278564453,46.8458366394043,191.42906188964844,76.55103302001953,267.05657958984375,90.39939880371094,25.088781356811523,55.43963623046875,49.913818359375,212.07723999023438,82.19488525390625,41.86899948120117,8.682199478149414,53.166812896728516,23.730228424072266,44.747127532958984,96.79920959472656,271.6585998535156,91.32902526855469,39.457481384277344,31.911020278930664,45.65185546875,102.84638214111328,143.49282836914062
2018-01-09,81.29002380371094,40.86624526977539,116.01184844970703,60.70397186279297,88.07052612304688,74.1808090209961,91.52238464355469,42.6956901550293,36.2835693359375,93.3409652709961,24.63595199584961,36.618812561035156,111.07074737548828,43.68507766723633,144.70758056640625,31.482995986938477,29.502330780029297,160.02398681640625,153.10623168945312,127.47306060791016,140.13702392578125,62.94662094116211,303.46148681640625,144.75555419921875,83.88641357421875,51.42097854614258,60.686065673828125,46.80044174194336,191.1072998046875,76.48881530761719,268.968994140625,90.73339080810547,25.213729858398438,58.19672393798828,50.090824127197266,213.87118530273438,83.5937271118164,42.193565368652344,8.63598346710205,52.85725021362305,23.560548782348633,45.11314392089844,96.75428009033203,273.53570556640625,89.31785583496094,39.04219436645508,32.014495849609375,45.41453552246094,102.41326141357422,147.49192810058594
2018-01-10,80.92144012451172,40.85687255859375,115.87504577636719,60.22126770019531,89.03966522216797,73.7082748413086,92.10942840576172,43.07152557373047,36.15799331665039,92.86665344238281,24.67655372619629,35.67856979370117,111.30804443359375,43.45355224609375,144.6825714111328,31.657493591308594,29.290739059448242,158.94668579101562,153.0173797607422,128.35552978515625,139.6654510498047,62.264198303222656,305.20550537109375,144.34503173828125,85.55870819091797,51.342430114746094,60.49078369140625,46.9214973449707,190.39013671875,76.52436065673828,269.4084167480469,91.365234375,25.446958541870117,58.651248931884766,50.78273010253906,214.1996307373047,83.98271179199219,42.69229507446289,8.602971076965332,53.3323974609375,23.74720001220703,44.89508056640625,97.26382446289062,271.08575439453125,87.9107894897461,39.44626235961914,31.767744064331055,44.88627243041992,101.01853942871094,146.904052734375
2018-01-11,81.16102600097656,41.08893966674805,116.53501892089844,60.81589126586914,89.51616668701172,73.44757080078125,94.90863800048828,43.297019958496094,36.13445281982422,92.39236450195312,24.737438201904297,36.44251251220703,111.32160949707031,43.58713912963867,144.5825653076172,31.808218002319336,29.393600463867188,161.3333282470703,153.75979614257812,129.03369140625,142.46939086914062,62.0395393371582,312.69598388671875,143.6345977783203,85.96549987792969,51.693199157714844,61.724952697753906,47.26957702636719,193.8837432861328,76.7821273803711,269.4735107421875,90.92293548583984,25.538589477539062,58.91206741333008,50.6942253112793,214.8734130859375,84.57367706298828,42.906036376953125,8.688801765441895,54.268306732177734,23.823556900024414,46.086570739746094,100.01412963867188,272.7953796386719,86.18254089355469,39.44626235961914,32.28512954711914,44.47285461425781,101.85015869140625,149.1484832763672
2018-01-12,82.56160736083984,41.51323318481445,117.31571197509766,61.228675842285156,90.99411010742188,73.00760650634766,95.64605712890625,44.09380340576172,36.220787048339844,92.78762817382812,24.723915100097656,36.2998046875,110.60295867919922,44.08578109741211,144.73257446289062,32.419002532958984,29.643400192260742,162.7753143310547,155.13046264648438,129.9733428955078,143.39561462402344,62.09779357910156,320.4057312011719,146.0658721923828,84.79034423828125,51.596744537353516,61.53749084472656,47.526851654052734,196.18215942382812,77.30651092529297,273.6401062011719,91.13955688476562,25.98005485534668,58.88225555419922,50.324134826660156,216.47360229492188,86.28666687011719,43.63432312011719,8.735020637512207,54.76505661010742,23.87445640563965,46.76408767700195,100.48625183105469,277.7304992675781,86.39666748046875,39.06465148925781,32.23738098144531,44.28910446166992,102.36996459960938,150.78724670410156
2018-01-16,81.40977478027344,41.30226135253906,118.2010498046875,60.84391403198242,90.67105865478516,73.50460052490234,94.50773620605469,46.65706253051758,36.51902770996094,93.16704559326172,24.764507293701172,36.215850830078125,111.08431243896484,44.157005310058594,144.8242950439453,32.157222747802734,29.59049415588379,162.6841583251953,155.30181884765625,129.00918579101562,142.56198120117188,62.76353454589844,319.40509033203125,146.46051025390625,82.30448150634766,51.245975494384766,62.05304718017578,45.34004592895508,197.43246459960938,75.80447387695312,268.6433410644531,90.5708999633789,26.021703720092773,59.79877471923828,50.28390884399414,217.67794799804688,85.62841033935547,43.222679138183594,8.649188995361328,54.736263275146484,23.96778678894043,45.82180404663086,99.57947540283203,275.4302978515625,87.3754653930664,38.677433013916016,32.460243225097656,44.7331428527832,101.04451751708984,149.2196807861328
2018-01-17,83.0592041015625,41.98442077636719,118.29765319824219,61.56446838378906,91.2525405883789,74.30303192138672,94.75830841064453,46.626991271972656,36.74662780761719,94.21051025390625,25.156949996948242,37.26523208618164,114.33856201171875,44.76250076293945,145.90834045410156,32.680763244628906,30.18120002746582,165.5929718017578,157.44020080566406,129.43406677246094,141.87997436523438,63.81209945678711,334.5100402832031,148.41033935546875,78.41751861572266,51.728267669677734,62.09988784790039,46.80044174194336,202.590087890625,76.62214660644531,272.5090026855469,90.95001983642578,25.971725463867188,60.909095764160156,51.394168853759766,213.62693786621094,87.05716705322266,43.816383361816406,8.041766166687012,54.556278228759766,24.32412338256836,46.61613082885742,100.42630004882812,279.8103332519531,89.21076202392578,39.36769485473633,32.563724517822266,45.26139831542969,99.19063568115234,149.1217498779297
2018-01-18,83.0223388671875,42.02192306518555,118.24935913085938,61.165706634521484,91.47058868408203,74.0321044921875,94.20704650878906,45.950477600097656,36.793731689453125,94.10774230957031,25.028400421142578,37.34077835083008,114.65715789794922,44.72688674926758,145.56646728515625,32.76008987426758,30.651390075683594,164.358154296875,156.04420471191406,128.91932678222656,142.1578369140625,63.77048873901367,324.1700744628906,148.07876586914062,75.79607391357422,51.798423767089844,61.98273849487305,46.78529739379883,201.94651794433594,76.2755355834961,270.995361328125,90.13764190673828,26.221609115600586,60.484344482421875,51.450496673583984,211.3697967529297,86.6158218383789,44.20429229736328,7.969139575958252,54.71467208862305,24.655004501342773,46.53824234008789,100.11153411865234,276.98150634765625,88.20137786865234,39.30034255981445,32.221458435058594,44.90922927856445,102.5778579711914,149.5403594970703
2018-01-19,82.93017578125,41.83440017700195,118.60348510742188,60.969810485839844,91.26870727539062,74.76273345947266,93.99942016601562,46.0632209777832,37.01347732543945,94.99307250976562,24.99456024169922,37.626216888427734,110.08092498779297,45.038551330566406,146.85891723632812,32.75215530395508,30.736623764038086,166.8442840576172,157.48468017578125,129.66281127929688,144.1542205810547,64.49449920654297,321.85430908203125,149.4127960205078,73.49100494384766,52.00888442993164,62.38112258911133,47.12580490112305,202.39700317382812,75.9822006225586,270.1814880371094,88.48580932617188,26.421518325805664,60.34276580810547,51.66770553588867,215.7072296142578,87.78276824951172,45.486717224121094,7.922919273376465,55.05305099487305,25.21495819091797,46.53045654296875,99.7293701171875,278.8057556152344,88.31607818603516,39.91204833984375,32.6035270690918,45.253746032714844,102.60384368896484,151.69570922851562
2018-01-22,84.41372680664062,41.49215316772461,119.23125457763672,61.7393684387207,92.33476257324219,75.4359130859375,94.9014892578125,46.040672302246094,37.1861457824707,96.0523452758789,24.9877986907959,38.40694046020508,110.23685455322266,45.15431213378906,146.93399047851562,33.0456428527832,30.989362716674805,169.4381561279297,156.9262237548828,129.5403289794922,144.56024169921875,64.72869873046875,322.1116027832031,151.8203887939453,73.0842056274414,52.23686599731445,63.232540130615234,47.88249206542969,202.9486083984375,75.93777465820312,267.7401428222656,88.74756622314453,26.604774475097656,60.663177490234375,52.07804489135742,220.25514221191406,87.82018280029297,45.40756607055664,7.936126708984375,55.72257614135742,25.13860511779785,47.246910095214844,99.56449890136719,277.72174072265625,89.40194702148438,40.0018424987793,34.02834701538086,45.75902557373047,101.1657943725586,151.74917602539062
2018-01-23,84.68094635009766,41.50152587890625,114.15265655517578,61.77436065673828,92.23783111572266,73.10444641113281,93.79901123046875,46.378936767578125,37.2410888671875,95.88632202148438,24.913366317749023,38.66717529296875,112.71139526367188,45.519378662109375,147.43426513671875,33.3946647644043,31.121610641479492,169.8028106689453,156.29800415039062,130.39820861816406,143.32521057128906,64.32719421386719,319.81488037109375,151.55203247070312,76.33844757080078,51.938720703125,63.22466278076172,47.99598693847656,202.0659942626953,75.03120422363281,267.49603271484375,88.44068145751953,26.588117599487305,60.32040023803711,51.884952545166016,219.05072021484375,88.32884979248047,45.05133056640625,7.896512031555176,55.44898986816406,24.86711311340332,47.0911750793457,98.97248840332031,276.2587890625,90.11314392089844,40.09724426269531,33.91690444946289,45.77434539794922,101.57295227050781,150.2172393798828
2018-01-24,84.60721588134766,40.840457916259766,114.34581756591797,61.935245513916016,93.4169692993164,72.49696350097656,94.06388092041016,45.9880485534668,37.53934097290039,95.7598648071289,24.9877986907959,38.20545196533203,112.11480712890625,45.813236236572266,146.85891723632812,33.4501838684082,31.08926773071289,170.89671325683594,157.1737060546875,130.70872497558594,142.40316772460938,64.24356079101562,318.9571838378906,150.47850036621094,74.3045654296875,54.12220001220703,63.60195541381836,48.24568176269531,203.17845153808594,74.92457580566406,268.9526672363281,89.63217163085938,26.729717254638672,60.58123016357422,52.68144607543945,223.7587432861328,88.05205535888672,45.31256866455078,7.955933094024658,55.67217254638672,25.011341094970703,47.10675048828125,98.68771362304688,276.24114990234375,91.54315948486328,40.15898132324219,34.09996795654297,45.72075271606445,103.0369873046875,151.05447387695312
2018-01-25,85.07715606689453,40.11141586303711,116.22116088867188,61.82332229614258,93.4411849975586,72.5215835571289,93.53408813476562,46.0782585144043,37.54719161987305,95.57015991210938,25.190786361694336,38.029170989990234,112.1825942993164,45.946800231933594,146.47537231445312,33.23601531982422,31.327314376831055,170.19229125976562,160.1371307373047,132.2366485595703,143.27447509765625,64.67012786865234,326.98138427734375,150.04432678222656,73.12942504882812,55.43755340576172,64.12071228027344,48.064090728759766,203.9874725341797,75.55558776855469,272.39508056640625,89.98419189453125,26.729717254638672,60.49925994873047,52.81822204589844,226.58013916015625,87.78276824951172,44.972171783447266,7.639015197753906,56.34890365600586,25.673105239868164,46.3202018737793,98.387939453125,286.4110107421875,94.3954849243164,39.23301696777344,34.139774322509766,46.04229736328125,104.13719940185547,150.63583374023438
2018-01-26,86.6712646484375,40.205177307128906,116.96964263916016,62.26408386230469,93.94190216064453,72.02080535888672,93.92069244384766,46.634498596191406,38.08872985839844,96.24996948242188,26.395170211791992,42.04195785522461,113.450439453125,46.97080612182617,148.726806640625,33.75954055786133,31.85335350036621,171.7336883544922,164.11578369140625,134.81048583984375,141.32037353515625,61.53326416015625,327.0862121582031,154.725341796875,72.90343475341797,55.61293029785156,64.45867919921875,48.616455078125,207.97747802734375,77.3953857421875,280.6795654296875,89.93001556396484,26.821348190307617,63.68107604980469,53.04349136352539,225.83059692382812,89.75758361816406,45.59755325317383,7.691836357116699,56.98245620727539,26.199121475219727,47.02885437011719,99.45956420898438,295.7171630859375,93.47020721435547,39.85592269897461,34.69696807861328,46.088233947753906,105.22870635986328,152.73780822753906
2018-01-29,86.54226684570312,39.372989654541016,115.64161682128906,61.571468353271484,93.84500122070312,71.30659484863281,91.9805679321289,46.32630920410156,37.43729782104492,94.59784698486328,26.401948928833008,41.9580078125,113.08430480957031,46.24954605102539,148.2347869873047,33.98957443237305,32.194252014160156,169.8193817138672,162.45321655273438,131.93435668945312,137.53062438964844,61.725650787353516,324.7990417480469,156.2961883544922,73.58137512207031,55.516483306884766,65.73197174072266,48.75266647338867,205.8446044921875,77.85755920410156,285.9855651855469,89.73146057128906,26.88797950744629,66.16988372802734,52.95499801635742,229.48585510253906,87.93238067626953,45.47880172729492,7.522709369659424,57.78877639770508,26.58939552307129,46.46036911010742,97.90084838867188,298.1670837402344,91.54315948486328,39.18810272216797,34.31489562988281,45.61357498168945,103.58275604248047,150.6803436279297
2018-01-30,85.45494079589844,39.140926361083984,114.63556671142578,60.71095657348633,92.96469116210938,71.38046264648438,89.65385437011719,45.58966064453125,37.209693908691406,94.77174377441406,25.576459884643555,40.95899963378906,110.9283676147461,45.37691116333008,143.82369995117188,33.513641357421875,31.659385681152344,167.24208068847656,159.6167449951172,129.8916473388672,138.52882385253906,62.4618034362793,321.835205078125,150.9836883544922,72.0898666381836,54.75357437133789,63.02819061279297,48.39701843261719,191.1256103515625,76.51548767089844,285.1473083496094,89.09960174560547,26.55479621887207,65.0447006225586,52.520538330078125,226.5043487548828,84.1622543334961,45.00175476074219,7.482119083404541,54.80826187133789,26.156702041625977,45.52587127685547,96.00487518310547,299.1540222167969,90.61786651611328,39.1825065612793,33.813419342041016,44.84798049926758,102.52586364746094,150.08363342285156
2018-01-31,87.54663848876953,39.24875259399414,111.22296905517578,61.074764251708984,93.4169692993164,70.87971496582031,89.73976135253906,44.537296295166016,37.35096740722656,95.0958480834961,25.06222152709961,40.413330078125,110.98261260986328,45.93789291381836,142.70632934570312,32.950462341308594,31.327314376831055,166.4879608154297,158.95681762695312,130.46353149414062,137.6998291015625,62.102088928222656,337.7121276855469,146.8631591796875,73.0842056274414,54.50804138183594,61.84920120239258,47.36793518066406,191.54855346679688,72.39154052734375,288.77685546875,89.7224349975586,26.654752731323242,62.44411087036133,52.92280960083008,225.62001037597656,83.50395202636719,44.962005615234375,7.421234130859375,54.18191146850586,25.75794792175293,45.798439025878906,95.412841796875,300.0970153808594,89.47077941894531,39.47431564331055,34.187538146972656,44.77908706665039,102.85508728027344,148.22216796875
2018-02-01,86.85554504394531,39.3307991027832,112.69584655761719,62.313045501708984,94.3860855102539,70.47743225097656,89.89726257324219,44.99583435058594,37.2410888671875,95.0958480834961,25.151002883911133,40.001976013183594,110.10125732421875,45.9735221862793,143.34005737304688,33.077362060546875,31.009918212890625,165.6592254638672,157.33233642578125,130.44723510742188,137.24301147460938,61.340877532958984,340.1612548828125,146.4763641357422,72.40628051757812,54.52558135986328,61.92780303955078,47.519287109375,188.4779052734375,73.24476623535156,290.8357238769531,90.26398468017578,27.07124137878418,62.213104248046875,53.019927978515625,229.27528381347656,83.90043640136719,45.67757034301758,7.387408256530762,54.75786209106445,25.630685806274414,46.218963623046875,89.5600814819336,302.1502990722656,90.15899658203125,39.244232177734375,33.79750061035156,44.31208038330078,101.89348602294922,149.49581909179688
2018-02-02,84.57036590576172,37.62421417236328,110.8125,59.136871337890625,92.29439544677734,69.16395568847656,84.89302825927734,44.01865005493164,36.67599868774414,93.8073501586914,25.000761032104492,38.74273681640625,107.81653594970703,44.63785171508789,141.23873901367188,32.46659469604492,30.704299926757812,160.7449951171875,155.57464599609375,127.9959716796875,133.224853515625,60.588008880615234,332.50872802734375,147.62091064453125,70.68875885009766,54.09588623046875,60.0886116027832,48.033817291259766,187.97227478027344,72.15154266357422,286.99456787109375,87.2672348022461,26.613101959228516,60.901634216308594,51.8544807434082,219.0087127685547,82.20237731933594,44.11125946044922,7.245343208312988,52.95804214477539,24.892559051513672,44.94959259033203,87.28192901611328,296.8010559082031,88.86666870117188,38.946800231933594,32.97764205932617,42.83449935913086,100.15222930908203,146.921875
2018-02-05,81.08731079101562,36.6842041015625,104.9450912475586,55.771827697753906,87.86863708496094,66.54515075683594,80.62619018554688,42.39500427246094,35.23188400268555,90.47940063476562,23.67595100402832,37.37435531616211,103.40974426269531,42.82135009765625,136.62747192382812,30.761157989501953,29.414173126220703,151.7451629638672,146.8621368408203,122.70133972167969,127.80247497558594,58.396358489990234,313.4202880859375,137.9431915283203,67.38934326171875,51.500267028808594,57.62846755981445,46.12699508666992,180.57138061523438,68.87193298339844,273.8111267089844,83.05192565917969,25.205402374267578,58.39793014526367,47.071266174316406,209.8032684326172,78.7314453125,41.78166198730469,6.927386283874512,50.70466232299805,24.154434204101562,43.563411712646484,84.9063491821289,284.0932312011719,85.55546569824219,37.06118392944336,32.316978454589844,41.34925842285156,97.00757598876953,139.84999084472656
2018-02-06,84.15572357177734,38.2172966003418,106.1041030883789,54.81336975097656,90.54183959960938,67.6288070678711,83.89075469970703,41.68841552734375,35.05921173095703,89.7679443359375,24.092512130737305,37.957557678222656,105.31483459472656,43.98782730102539,137.73651123046875,31.863727569580078,29.65220832824707,158.3168487548828,148.25181579589844,123.706298828125,132.31124877929688,58.89826965332031,324.8848571777344,139.4429931640625,69.0164566040039,51.61427307128906,58.17863845825195,46.08159637451172,181.65628051757812,69.31632232666016,274.73065185546875,85.0106430053711,25.98838233947754,59.89567184448242,46.359046936035156,217.88009643554688,80.01806640625,43.1969108581543,7.279169082641602,51.68376922607422,24.663488388061523,43.563411712646484,84.46421813964844,288.6141357421875,87.28372955322266,37.33617401123047,33.43135070800781,42.704341888427734,98.72283935546875,144.17860412597656
2018-02-07,82.5708236694336,37.3991813659668,105.77408599853516,53.82693862915039,91.15564727783203,67.18549346923828,82.53766632080078,42.00413131713867,34.97288131713867,89.72051239013672,23.887638092041016,38.202640533447266,104.30467224121094,43.51588821411133,138.178466796875,31.99859046936035,30.225271224975586,158.5240478515625,147.9725799560547,123.53470611572266,130.56016540527344,58.69752502441406,331.755859375,140.09031677246094,68.92607879638672,51.447654724121094,58.43803024291992,47.39064407348633,179.67959594726562,68.18756866455078,281.1108093261719,84.49614715576172,26.030027389526367,61.669124603271484,46.56949234008789,216.53260803222656,79.68146514892578,43.3718376159668,7.279169082641602,51.49657440185547,24.51925277709961,43.321998596191406,83.86470794677734,297.56781005859375,85.92253112792969,37.48208999633789,33.582584381103516,41.839229583740234,98.87012481689453,143.78672790527344
2018-02-08,78.33216094970703,36.37009048461914,101.7015380859375,53.21829605102539,87.12562561035156,65.85557556152344,80.39707946777344,41.13969421386719,33.82699203491211,87.07239532470703,22.96573829650879,36.131919860839844,101.04579162597656,41.708290100097656,132.55831909179688,30.753231048583984,29.393600463867188,150.178955078125,141.43666076660156,119.31041717529297,123.4967269897461,57.676971435546875,315.7144775390625,136.65655517578125,65.31025695800781,49.34312057495117,55.45127868652344,47.4360466003418,174.00717163085938,65.95670318603516,272.0532531738281,79.73924255371094,24.772262573242188,58.286136627197266,44.83749771118164,207.478759765625,76.2928237915039,41.17740249633789,7.055924415588379,49.113616943359375,23.390865325927734,41.460784912109375,81.8937759399414,285.53851318359375,85.41017150878906,35.944419860839844,32.91395950317383,41.333946228027344,95.55223083496094,136.8574676513672
2018-02-09,81.25315856933594,36.81495666503906,104.25293731689453,53.55754089355469,88.87007904052734,65.60929107666016,81.25619506835938,41.24492645263672,33.850547790527344,87.8865966796875,23.327669143676758,37.146156311035156,102.36028289794922,42.500789642333984,134.08424377441406,31.356075286865234,29.202577590942383,152.58221435546875,142.9088134765625,120.84652709960938,126.22061157226562,58.35453796386719,318.7503662109375,136.92494201660156,67.52494049072266,50.13230895996094,54.539546966552734,47.44361114501953,178.14430236816406,67.7520751953125,277.84747314453125,82.79014587402344,25.26370620727539,59.105796813964844,45.428314208984375,209.96328735351562,77.35505676269531,41.455684661865234,7.1235737800598145,49.28639602661133,23.46721839904785,40.728736877441406,79.72804260253906,293.18792724609375,85.21900939941406,35.93319320678711,33.02539825439453,41.892826080322266,97.34544372558594,137.98855590820312
2018-02-12,82.1285171508789,38.297813415527344,104.84851837158203,54.009857177734375,90.2430191040039,66.7668228149414,81.59980773925781,41.665870666503906,34.50981521606445,88.4794692993164,23.669118881225586,37.889930725097656,103.6542739868164,42.874778747558594,136.66915893554688,32.2048225402832,29.25547218322754,152.532470703125,145.43435668945312,122.12934112548828,128.82606506347656,58.71426010131836,329.25628662109375,138.03794860839844,66.98259735107422,50.3427848815918,54.91682434082031,47.791683197021484,177.95123291015625,67.76984405517578,281.42010498046875,85.48001861572266,25.921751022338867,59.716827392578125,45.72776794433594,213.21426391601562,78.49207305908203,42.48133087158203,7.238577365875244,49.28639602661133,23.076946258544922,41.817020416259766,79.66806030273438,297.37396240234375,86.92430877685547,36.6739616394043,32.85028839111328,42.045936584472656,98.74017333984375,141.80059814453125
2018-02-13,82.77354431152344,38.68146896362305,104.59900665283203,53.92504119873047,90.80028533935547,66.9063720703125,81.10584259033203,41.267478942871094,34.68246841430664,88.64544677734375,23.860332489013672,37.57720947265625,103.20925903320312,43.17753219604492,135.41842651367188,32.704559326171875,29.675724029541016,152.25070190429688,146.81138610839844,121.33678436279297,130.24717712402344,58.80624771118164,328.6433410644531,138.88258361816406,66.30460357666016,50.544456481933594,55.10545349121094,48.328922271728516,179.67959594726562,67.73429870605469,285.01715087890625,85.35363006591797,25.971725463867188,60.201171875,46.941776275634766,215.21029663085938,79.09051513671875,42.44954299926758,7.1641621589660645,49.164005279541016,23.857494354248047,41.7465705871582,80.6048355102539,302.591064453125,86.15196228027344,36.836708068847656,32.906002044677734,41.9464225769043,99.24263000488281,143.66200256347656
2018-02-14,84.06962585449219,39.394649505615234,104.3656005859375,54.038116455078125,92.90008544921875,66.23320770263672,81.34925842285156,41.267478942871094,34.61184310913086,86.25029754638672,24.03105354309082,38.35477828979492,105.95464324951172,44.03235626220703,133.40882873535156,33.38672637939453,29.887319564819336,153.0545654296875,147.21755981445312,122.87289428710938,133.70703125,58.23743438720703,330.26190185546875,142.7797393798828,67.34415435791016,51.105674743652344,54.85395050048828,49.44879913330078,179.78076171875,68.97264099121094,288.6222229003906,86.86105346679688,26.654752731323242,60.96868896484375,48.19626235961914,221.14781188964844,81.0279541015625,43.769371032714844,7.2656402587890625,49.5984992980957,24.202638626098633,43.46119689941406,79.8853988647461,308.107666015625,86.20548248291016,36.57856750488281,33.28807830810547,42.89574432373047,100.76727294921875,145.42550659179688
2018-02-15,85.78230285644531,40.71745300292969,105.62116241455078,53.861427307128906,93.28775024414062,67.6534194946289,81.36372375488281,42.08681106567383,35.14553451538086,87.72057342529297,24.386159896850586,38.81118392944336,106.81047821044922,45.09198760986328,134.06756591796875,34.96524429321289,30.336950302124023,153.53518676757812,149.91751098632812,125.3568344116211,135.33123779296875,59.575843811035156,341.3807373046875,146.0247344970703,67.11817932128906,52.17548751831055,55.40412902832031,52.19554901123047,176.4618682861328,69.85906982421875,293.78173828125,87.15892028808594,26.829669952392578,60.767520904541016,48.57664489746094,225.4431610107422,81.95549774169922,44.04765319824219,7.279169082641602,50.53269577026367,24.534996032714844,42.701751708984375,81.16686248779297,314.5321960449219,88.56845092773438,36.65713119506836,34.386531829833984,43.55414962768555,101.04558563232422,148.56951904296875
2018-02-16,85.17130279541016,40.58565902709961,107.16649627685547,54.09465408325195,92.617431640625,67.80940246582031,81.08174896240234,42.312313079833984,35.30251693725586,87.79171752929688,24.76175308227539,38.50690841674805,106.92680358886719,45.15431213378906,131.57432556152344,35.16354751586914,30.79245948791504,154.94403076171875,151.0664520263672,125.85521697998047,132.20974731445312,59.77660369873047,340.0208435058594,145.9849853515625,68.02212524414062,52.76301193237305,56.512359619140625,52.18040466308594,178.18106079101562,70.70972442626953,293.3991394042969,87.36654663085938,26.62976837158203,60.134117126464844,48.52000045776367,225.39254760742188,82.65119934082031,43.8409309387207,7.177692413330078,51.35824966430664,24.44977378845215,42.787879943847656,80.41111755371094,313.73016357421875,88.78255462646484,36.73570251464844,34.59912109375,43.20197296142578,101.0195083618164,150.91195678710938
2018-02-20,85.83786010742188,40.449127197265625,105.33142852783203,53.53633117675781,92.64163970947266,66.7750015258789,80.24300384521484,41.32761764526367,34.525516510009766,86.54275512695312,24.591026306152344,39.149261474609375,106.22850799560547,44.42414474487305,131.0489959716797,34.949378967285156,27.656789779663086,154.7285919189453,150.04515075683594,126.1084976196289,131.59219360351562,58.58041000366211,338.4022216796875,145.53164672851562,66.62097930908203,51.84226989746094,55.537742614746094,50.962158203125,177.0686492919922,69.438232421875,291.9018249511719,87.72759246826172,26.59644317626953,60.31296157836914,48.52000045776367,223.0934600830078,82.21734619140625,43.77732849121094,7.191224098205566,51.35101318359375,23.427127838134766,42.93663024902344,79.1339111328125,308.7598876953125,87.52075958251953,36.02299118041992,34.14988708496094,42.83449935913086,100.35855102539062,146.7526092529297
2018-02-21,84.69915008544922,40.26553726196289,104.55877685546875,52.92851638793945,93.02930450439453,65.87199401855469,78.85477447509766,41.00439453125,34.01535415649414,85.37284851074219,24.42030143737793,38.82809066772461,105.4069595336914,44.0145378112793,132.2831268310547,34.354454040527344,26.895647048950195,151.70375061035156,148.20046997070312,125.8715591430664,131.3130645751953,57.83591079711914,337.4637451171875,145.09417724609375,65.4910659790039,51.728267669677734,54.04438018798828,50.341670989990234,176.19525146484375,69.438232421875,290.5753479003906,88.00740051269531,26.546464920043945,60.126670837402344,48.34193420410156,221.83851623535156,82.24724578857422,43.80913162231445,7.170928478240967,50.4240608215332,23.35895347595215,42.083229064941406,79.12635040283203,309.1651916503906,85.60136413574219,35.877071380615234,33.788902282714844,41.70908737182617,100.54989624023438,144.36561584472656
2018-02-22,84.92135620117188,40.60212326049805,104.55877685546875,53.614070892333984,92.85970306396484,66.36457061767578,79.45487976074219,41.019432067871094,34.15662384033203,86.36885070800781,24.40664291381836,38.70976638793945,104.8729248046875,44.157005310058594,133.96751403808594,34.06096649169922,27.26299285888672,153.70091247558594,150.63882446289062,125.87564849853516,134.3838348388672,58.045040130615234,340.8636169433594,145.11009216308594,66.07862091064453,51.728267669677734,53.447025299072266,49.89523696899414,176.4250946044922,69.11590576171875,289.2325439453125,87.87200164794922,26.396535873413086,59.165409088134766,47.59735107421875,220.1793212890625,82.59880828857422,43.61831283569336,7.191224098205566,50.453041076660156,23.197036743164062,42.99143600463867,79.41352844238281,307.23529052734375,86.26665496826172,35.54597091674805,33.50008773803711,42.068904876708984,100.75861358642578,146.20933532714844
2018-02-23,87.07838439941406,41.30825424194336,106.25701141357422,54.794342041015625,94.741455078125,66.5369644165039,81.40708923339844,41.24492645263672,34.56475067138672,86.70086669921875,24.76175308227539,40.34098434448242,106.4749755859375,44.967308044433594,135.9687042236328,34.90178298950195,27.29825782775879,156.08763122558594,151.28985595703125,127.36177062988281,137.38682556152344,58.80624771118164,341.572265625,148.46644592285156,66.0330581665039,52.3596305847168,53.57278823852539,51.41616439819336,179.08206176757812,70.5126953125,291.9018249511719,89.18082427978516,26.679738998413086,60.29059600830078,47.88871383666992,224.67674255371094,84.00517272949219,44.580360412597656,7.238577365875244,50.95270919799805,23.367475509643555,44.666934967041016,79.81409454345703,309.7733459472656,86.90900421142578,36.2474479675293,34.14988708496094,40.56071090698242,102.1500473022461,148.06182861328125
2018-02-26,88.33744812011719,42.125003814697266,106.97791290283203,55.720184326171875,95.92056274414062,67.01309967041016,82.86040496826172,42.139434814453125,34.55691909790039,87.6968765258789,25.328556060791016,41.50734329223633,108.56998443603516,45.56391143798828,136.40235900878906,35.980560302734375,27.365848541259766,156.17880249023438,155.83453369140625,128.49484252929688,138.4696044921875,59.45035934448242,348.1037902832031,149.92190551757812,66.76216888427734,53.07869338989258,53.62781524658203,51.930702209472656,180.0841522216797,71.79313659667969,291.90997314453125,91.74432373046875,27.00460433959961,60.94633102416992,48.53618240356445,228.4582977294922,85.38902282714844,45.32774353027344,7.3671135902404785,51.12650680541992,23.733924865722656,44.306785583496094,81.67321014404297,312.92828369140625,87.5284423828125,36.7188606262207,33.82899856567383,39.36639404296875,102.21094512939453,149.1484832763672
2018-02-27,87.2080078125,41.98847961425781,106.65391540527344,54.77315139770508,94.78182983398438,66.11827087402344,82.14460754394531,41.13216781616211,34.235111236572266,87.6573257446289,25.130508422851562,42.18349838256836,107.18017578125,45.172119140625,133.96751403808594,35.72673797607422,26.895647048950195,153.2948760986328,153.6898193359375,126.37657165527344,136.4140167236328,58.48837661743164,349.2147521972656,147.7665252685547,66.07862091064453,53.09623336791992,53.64352035522461,51.33293914794922,180.97592163085938,70.46793365478516,291.4786071777344,89.88490295410156,26.92963409423828,59.88077163696289,47.92107391357422,225.65371704101562,84.0724868774414,45.097164154052734,7.177692413330078,50.0692253112793,23.23964500427246,43.71173858642578,79.87454986572266,311.66802978515625,85.90726470947266,35.91635513305664,33.40382385253906,38.87641143798828,100.2802963256836,145.69273376464844
2018-02-28,86.8099365234375,41.9249267578125,105.20399475097656,53.52927017211914,93.27967071533203,64.45999145507812,80.92265319824219,40.75633239746094,33.92118453979492,86.74038696289062,24.795894622802734,41.659481048583984,106.68718719482422,45.11869430541992,132.36480712890625,35.52048873901367,26.451889038085938,151.049072265625,150.32603454589844,124.0693588256836,130.80552673339844,57.693702697753906,346.8874816894531,146.159912109375,64.30130004882812,52.9033203125,53.23480987548828,50.09197998046875,180.0933380126953,68.96366882324219,288.42608642578125,88.01643371582031,26.738052368164062,58.666168212890625,47.27361297607422,222.06422424316406,83.70594024658203,44.540611267089844,7.177692413330078,49.888179779052734,23.111818313598633,42.52167510986328,78.9072036743164,308.4778137207031,84.82137298583984,35.32710647583008,33.30757141113281,38.700340270996094,97.78436279296875,143.27903747558594
2018-03-01,85.95820617675781,41.19055938720703,103.09797668457031,53.147605895996094,91.60789489746094,64.60774993896484,81.00943756103516,40.36546325683594,34.08599853515625,86.0993423461914,24.33152961730957,40.4339599609375,105.30423736572266,44.26386260986328,130.65293884277344,34.74312210083008,26.178585052490234,148.8695526123047,147.664306640625,120.86727905273438,127.08341979980469,57.60169982910156,334.8971252441406,145.7781219482422,63.89118194580078,51.55289840698242,52.7789421081543,49.70607376098633,177.82252502441406,68.4980697631836,277.991943359375,85.87718200683594,26.32000160217285,57.771976470947266,46.38332748413086,216.8701629638672,82.34451293945312,43.324134826660156,6.961212635040283,50.83684158325195,23.401565551757812,42.18501281738281,80.43380737304688,299.224609375,85.264892578125,35.035274505615234,33.09097671508789,38.71564865112305,96.62774658203125,139.6630096435547
2018-03-02,86.14339447021484,41.47536849975586,104.34538269042969,53.39498519897461,91.51907348632812,65.26451110839844,80.72019958496094,40.8615608215332,34.31361770629883,86.83194732666016,24.5500545501709,41.39746856689453,105.76982879638672,44.807029724121094,124.41816711425781,34.949378967285156,26.087478637695312,147.89169311523438,147.04515075683594,121.6308364868164,123.82665252685547,57.94465637207031,330.0895080566406,147.20181274414062,64.34689331054688,52.14041519165039,53.0225830078125,50.06928253173828,177.4915313720703,69.15171813964844,279.6532287597656,86.29238891601562,26.445419311523438,58.63636016845703,46.46426773071289,218.00184631347656,82.53152465820312,43.52290344238281,7.035628318786621,51.112037658691406,23.30782127380371,42.32594680786133,79.6327133178711,303.30035400390625,86.06783294677734,35.102622985839844,33.853065490722656,38.99890899658203,95.87981414794922,136.54574584960938
2018-03-05,86.68959045410156,41.61893844604492,105.131103515625,53.90383529663086,92.92431640625,65.91305541992188,81.81200408935547,40.89163589477539,34.4470329284668,87.14253234863281,24.666147232055664,42.04826354980469,107.45402526855469,45.6707649230957,126.73416900634766,35.31425094604492,26.443071365356445,150.60986328125,148.6026153564453,121.93463897705078,127.8363037109375,58.613861083984375,337.82763671875,151.2183380126953,65.71405792236328,52.938392639160156,53.690673828125,50.56111526489258,176.82957458496094,69.57254791259766,280.1770324707031,87.24917602539062,26.863462448120117,58.06258773803711,46.60994338989258,222.2247314453125,83.66854095458984,44.11921691894531,7.15739631652832,51.09031295776367,23.853233337402344,42.27112579345703,79.96522521972656,304.8388366699219,86.54959106445312,35.98931121826172,34.27022171020508,38.75393295288086,98.06266021728516,140.31321716308594
2018-03-06,86.39331817626953,41.583641052246094,103.85938262939453,53.84023666381836,93.00507354736328,65.69139099121094,82.17351531982422,40.81647491455078,34.47842025756836,87.26199340820312,24.502248764038086,42.85964584350586,106.61189270019531,45.85775375366211,126.8768539428711,35.13181686401367,26.172706604003906,150.52699279785156,149.1451416015625,122.60792541503906,130.06112670898438,58.25416946411133,334.15972900390625,151.39328002929688,66.71663665771484,53.38561248779297,53.17192459106445,49.53960037231445,178.4752655029297,69.11590576171875,277.8365173339844,86.71662902832031,26.846738815307617,59.105796813964844,46.18909454345703,225.4425506591797,84.7980728149414,44.96995162963867,7.191224098205566,50.53993225097656,23.870275497436523,42.32594680786133,82.98067474365234,302.2571105957031,86.4501953125,36.34846878051758,34.591094970703125,39.090789794921875,100.07159423828125,141.1771240234375
2018-03-07,86.89324188232422,41.1976203918457,104.52357482910156,52.4832649230957,92.6578140258789,64.98536682128906,82.31089782714844,40.944252014160156,34.39207458496094,87.46902465820312,24.53639793395996,43.375221252441406,108.39195251464844,46.05365753173828,127.86698913574219,35.060428619384766,25.784793853759766,148.8351287841797,150.3643035888672,123.49462890625,128.16622924804688,58.28762435913086,332.35919189453125,149.1504669189453,66.12419891357422,53.74513626098633,53.061893463134766,50.01631546020508,178.5856170654297,69.3397445678711,280.04595947265625,86.32849884033203,26.905261993408203,59.605037689208984,45.8087043762207,224.1081085205078,84.59609985351562,45.224388122558594,7.191224098205566,50.32992935180664,22.353347778320312,42.33376693725586,82.5347671508789,306.6336669921875,85.46370697021484,35.95564270019531,34.518890380859375,39.090789794921875,100.0280990600586,140.6338348388672
2018-03-08,87.4209213256836,41.64719009399414,106.9698257446289,52.38433074951172,92.66586303710938,65.65035247802734,81.95661163330078,41.162235260009766,34.88654327392578,89.2528076171875,24.92565155029297,42.885005950927734,106.9473876953125,46.41873550415039,129.5956268310547,35.17146682739258,25.991727828979492,148.3016815185547,150.85580444335938,124.16791534423828,129.92576599121094,59.408538818359375,333.97772216796875,148.85618591308594,66.16975402832031,54.25373077392578,53.729984283447266,50.508148193359375,158.12982177734375,70.63809967041016,279.70233154296875,87.18601989746094,26.921985626220703,59.6646614074707,45.905818939208984,224.94430541992188,85.40399169921875,45.28798294067383,7.177692413330078,49.946109771728516,19.583681106567383,41.942291259765625,82.22490692138672,306.2268371582031,86.45909118652344,36.7188606262207,34.72746658325195,39.58075714111328,100.35855102539062,143.4482421875
2018-03-09,89.37432098388672,42.36273956298828,108.37921905517578,52.69529724121094,95.33100128173828,65.91305541992188,84.75476837158203,41.447872161865234,35.176937103271484,89.61912536621094,25.110021591186523,44.110530853271484,109.06973266601562,47.16671371459961,131.94520568847656,35.98847961425781,26.228233337402344,151.81878662109375,154.05368041992188,126.61461639404297,133.86776733398438,59.59257507324219,339.5227966308594,151.9898223876953,68.08377838134766,55.77078628540039,54.445228576660156,51.39346694946289,159.41726684570312,71.28276824951172,278.64666748046875,89.40650177001953,27.35675621032715,60.149024963378906,47.1279296875,228.68568420410156,87.96977233886719,46.647579193115234,7.2588725090026855,51.12650680541992,20.521114349365234,43.1088752746582,83.41899108886719,309.1268310546875,86.37422943115234,36.842323303222656,34.73549270629883,39.38935470581055,102.31529235839844,149.56703186035156
2018-03-12,89.58722686767578,42.77227783203125,107.43153381347656,53.1758918762207,95.02411651611328,65.56002807617188,84.44387817382812,41.613243103027344,34.9493293762207,89.78633880615234,25.000761032104492,43.54425811767578,109.72018432617188,47.10437774658203,132.36480712890625,36.13128662109375,26.03607749938965,149.7769012451172,153.06431579589844,124.98894500732422,130.69554138183594,59.458717346191406,329.6297912597656,150.55821228027344,68.81291961669922,55.788299560546875,54.24087142944336,51.03782653808594,153.8538055419922,70.77236938476562,272.5988464355469,88.16085052490234,27.457082748413086,60.40237808227539,46.957969665527344,230.89007568359375,87.58826446533203,46.83839797973633,7.312993049621582,50.80062484741211,20.444412231445312,42.858341217041016,82.30805969238281,304.77691650390625,87.23843383789062,36.9096565246582,35.72219467163086,39.78746795654297,101.28041076660156,146.0935516357422
2018-03-13,87.40242767333984,42.36036682128906,108.82475280761719,52.674102783203125,93.8853759765625,65.44512939453125,84.20526885986328,41.620765686035156,34.9807243347168,90.4632339477539,25.09636688232422,43.76399612426758,109.07659149169922,46.819435119628906,132.76751708984375,35.8219108581543,26.10406494140625,148.64341735839844,151.6409454345703,124.38955688476562,130.01034545898438,59.28307342529297,324.3432922363281,150.91607666015625,65.75961303710938,55.420013427734375,53.64352035522461,50.45519256591797,151.16867065429688,70.87088012695312,272.8934631347656,86.08479309082031,27.055763244628906,60.894168853759766,46.58566665649414,226.79385375976562,87.4985122680664,46.13872146606445,7.292698860168457,50.59061050415039,20.461462020874023,42.247650146484375,82.62545013427734,304.43212890625,87.16127014160156,37.1116943359375,35.489566802978516,39.80278396606445,100.94125366210938,143.6798553466797
2018-03-14,86.88399505615234,42.00025939941406,107.18043518066406,52.016815185546875,92.83547973632812,64.85401916503906,83.2436294555664,41.55252456665039,34.66401672363281,89.67487335205078,24.823217391967773,43.831626892089844,108.25504302978516,46.587921142578125,132.78433227539062,35.91709899902344,25.917823791503906,147.8599853515625,149.5472869873047,123.50283813476562,129.03756713867188,58.54695129394531,316.2890625,151.56825256347656,65.030517578125,55.12187194824219,52.7003288269043,50.4173583984375,153.45843505859375,70.27989196777344,271.4367980957031,85.32657623291016,26.871822357177734,60.43218231201172,45.83298873901367,223.3311004638672,86.9190444946289,45.31184005737305,7.4550604820251465,49.64196014404297,19.9757022857666,42.247650146484375,82.19468688964844,300.6922912597656,85.71063995361328,36.19850158691406,35.112525939941406,39.66496276855469,100.04548645019531,142.69126892089844
2018-03-15,87.18949890136719,42.04966354370117,107.77983093261719,52.59635925292969,93.06967163085938,64.58311462402344,83.56897735595703,41.89373779296875,34.57692337036133,89.18114471435547,24.980276107788086,43.00334167480469,109.27515411376953,46.6324462890625,135.61219787597656,35.95677185058594,25.870521545410156,148.41004943847656,150.5557861328125,124.03651428222656,130.75477600097656,58.18724060058594,316.0209045410156,150.91607666015625,65.44061279296875,54.88510513305664,51.765018463134766,50.129817962646484,153.47682189941406,70.5126953125,272.70526123046875,85.20020294189453,26.838376998901367,59.66674041748047,45.99485778808594,225.1722869873047,86.85133361816406,45.49471664428711,7.488883972167969,48.794677734375,20.137619018554688,42.302452087402344,82.92018127441406,301.3287353515625,85.60261535644531,36.19283676147461,34.703407287597656,38.99126052856445,99.38452911376953,142.14801025390625
2018-03-16,87.57832336425781,41.901390075683594,108.28202819824219,53.09108352661133,93.23121643066406,64.82942199707031,83.43885803222656,42.21220779418945,34.410648345947266,88.90242004394531,25.116863250732422,43.248443603515625,109.72018432617188,46.54339599609375,136.2415008544922,35.702938079833984,26.361263275146484,149.1517791748047,151.4175262451172,124.61946868896484,132.35354614257812,58.23743438720703,316.490234375,149.7151641845703,65.21277618408203,55.402488708496094,51.5999641418457,50.394649505615234,155.1044464111328,72.07072448730469,271.2076721191406,86.30140686035156,26.896907806396484,59.83933639526367,45.24216079711914,226.00843811035156,86.94915008544922,45.72527313232422,7.543004512786865,48.932273864746094,20.188745498657227,43.00709915161133,83.81953430175781,299.392578125,86.43594360351562,35.8411750793457,34.895931243896484,38.65439987182617,99.94982147216797,145.95994567871094
2018-03-19,85.9952392578125,41.261165618896484,105.49560546875,52.40553665161133,92.49625396728516,64.5749282836914,82.34705352783203,41.42361831665039,34.25228500366211,87.88312530517578,24.809553146362305,42.96107864379883,107.72787475585938,46.258445739746094,133.430419921875,35.11595916748047,25.852781295776367,147.6016387939453,147.8047637939453,123.32221984863281,128.7076416015625,58.60551452636719,317.7256164550781,145.18963623046875,64.11906433105469,54.595726013183594,50.012271881103516,49.99361801147461,153.05381774902344,70.49480438232422,274.35833740234375,85.60639190673828,26.738052368164062,57.918235778808594,44.90223693847656,221.72640991210938,85.30859375,45.280025482177734,7.4482927322387695,48.24432373046875,19.737079620361328,41.942291259765625,81.96794891357422,304.9625549316406,85.71834564208984,35.43845748901367,34.54295349121094,38.44003677368164,98.46271514892578,142.08558654785156
2018-03-20,86.21742248535156,41.24705505371094,106.28131866455078,52.292449951171875,92.58512878417969,64.28759002685547,82.7881088256836,41.43120574951172,34.173118591308594,87.51679992675781,24.809553146362305,43.56960678100586,106.94053649902344,41.895294189453125,133.74095153808594,35.19526672363281,26.000598907470703,148.4850616455078,148.37283325195312,123.55207824707031,130.32334899902344,58.29597854614258,323.3473205566406,144.7760467529297,62.15945816040039,54.93772888183594,49.46994400024414,50.26601791381836,151.72958374023438,70.17247772216797,274.644775390625,85.70565795898438,26.738052368164062,57.72311782836914,44.432823181152344,222.28382873535156,84.2851333618164,45.693485260009766,7.434763431549072,47.83153533935547,19.95013427734375,42.827022552490234,81.64299774169922,307.305419921875,84.96988677978516,34.89395523071289,34.47076416015625,38.22568130493164,99.01058959960938,142.4952850341797
2018-03-21,85.61566925048828,40.312618255615234,106.26512908935547,53.034542083740234,92.66586303710938,63.244991302490234,84.62462615966797,41.469120025634766,34.04642868041992,86.59304809570312,24.76858139038086,43.57807540893555,107.27603149414062,41.868587493896484,133.13674926757812,35.14767837524414,26.068593978881836,148.3683624267578,149.45155334472656,124.274658203125,131.7952423095703,57.459476470947266,322.8397216796875,144.4261016845703,63.25319290161133,54.736026763916016,49.06121826171875,50.01631546020508,153.61473083496094,70.05604553222656,274.5384521484375,85.51611328125,26.646081924438477,57.40044021606445,44.34379959106445,221.1521453857422,84.72161102294922,45.40725326538086,7.509180068969727,47.990840911865234,19.98421859741211,44.659114837646484,81.3558120727539,306.9872741699219,83.64270782470703,34.03181457519531,34.18999099731445,34.84177780151367,99.0975341796875,140.76742553710938
2018-03-22,83.1253433227539,39.743011474609375,103.17896270751953,51.94615173339844,88.79740905761719,62.727813720703125,82.20967864990234,41.036922454833984,33.85639953613281,85.95600128173828,24.31104278564453,42.96107864379883,104.12666320800781,40.86237335205078,131.77734375,34.16408920288086,25.761144638061523,146.09310913085938,142.44937133789062,120.59632873535156,124.2665023803711,57.5682487487793,306.0895690917969,140.04376220703125,60.83789825439453,53.42945098876953,48.5660514831543,48.38946533203125,152.04226684570312,68.52493286132812,267.7295837402344,82.51031494140625,25.54244613647461,56.71005630493164,42.514686584472656,213.33978271484375,81.00402069091797,43.443389892578125,7.272401809692383,47.67220687866211,19.93308448791504,44.236324310302734,78.93741607666016,299.5693664550781,82.93282318115234,34.253028869628906,33.644493103027344,34.030250549316406,96.8016586303711,135.00491333007812
2018-03-23,80.70906066894531,38.82269287109375,101.33213806152344,51.51502990722656,86.42300415039062,62.317352294921875,81.68910217285156,40.49855041503906,33.515933990478516,84.53054809570312,23.553022384643555,41.71864700317383,101.93582916259766,39.88289260864258,130.04876708984375,33.64848327636719,25.252653121948242,143.18443298339844,137.4642791748047,117.64049530029297,122.05860137939453,57.200172424316406,307.4208068847656,134.7547149658203,59.56190872192383,52.17548751831055,47.835086822509766,46.95933532714844,150.81002807617188,66.94007873535156,275.2257995605469,81.64379119873047,24.388652801513672,54.66136169433594,41.26020431518555,207.14059448242188,78.7539291381836,41.400028228759766,7.143868923187256,47.38254928588867,19.839345932006836,45.20716857910156,76.82891845703125,305.7052307128906,80.8186264038086,33.617759704589844,33.73273468017578,33.84653091430664,95.2101821899414,131.81637573242188
2018-03-26,86.81917572021484,40.66568374633789,103.18706512451172,52.29951858520508,89.08811950683594,62.727813720703125,83.4027099609375,40.97624969482422,33.80096435546875,85.0561294555664,23.928617477416992,44.35563278198242,105.00301361083984,41.38774490356445,132.59129333496094,34.949378967285156,25.867568969726562,147.0015411376953,140.57919311523438,120.64556121826172,126.20370483398438,57.04124450683594,315.0535888671875,139.33590698242188,58.74162292480469,53.552223205566406,48.41671371459961,47.97330093383789,155.1136474609375,68.21155548095703,281.4617919921875,83.6025390625,25.45047378540039,56.68753433227539,42.320438385009766,215.2654266357422,81.53082275390625,43.173065185546875,7.326523780822754,48.85985565185547,20.342145919799805,46.256317138671875,78.37061309814453,314.0691833496094,81.45133209228516,33.804935455322266,34.35845184326172,34.681007385253906,97.3408432006836,136.57244873046875
2018-03-27,82.8291015625,39.62297058105469,103.04127502441406,52.08749771118164,87.35983276367188,63.860687255859375,82.9037857055664,40.75635528564453,33.95933532714844,85.71709442138672,23.908132553100586,43.26534652709961,104.00345611572266,40.40824890136719,132.1465606689453,33.854732513427734,25.43890380859375,145.58468627929688,137.78981018066406,118.5108413696289,124.34265899658203,57.95302963256836,307.5357360839844,136.12269592285156,61.248043060302734,52.859474182128906,47.6307373046875,47.22417449951172,152.22613525390625,67.7459487915039,277.3045349121094,82.51935577392578,24.681276321411133,55.61442565917969,41.35731887817383,208.82974243164062,79.84512329101562,42.258705139160156,7.326523780822754,47.766357421875,20.00126075744629,46.30329513549805,77.2143325805664,308.81732177734375,82.9482650756836,34.4401969909668,34.39053726196289,34.68867492675781,97.32345581054688,135.5215301513672
2018-03-28,82.75503540039062,39.18516540527344,103.23567962646484,51.4584846496582,87.22254943847656,64.72266387939453,81.05279541015625,41.77241897583008,34.29978942871094,86.94345092773438,24.10617446899414,41.921485900878906,104.4210433959961,40.052066802978516,132.92698669433594,33.0456428527832,25.947389602661133,145.65139770507812,138.21746826171875,117.62409973144531,122.79463195800781,59.22450256347656,306.48223876953125,135.5739288330078,62.34177780151367,51.938720703125,49.289154052734375,47.345237731933594,154.7825927734375,68.95470428466797,274.4238586425781,83.23245239257812,24.572586059570312,56.117210388183594,41.664878845214844,210.61183166503906,79.61182403564453,42.06788635253906,7.346818447113037,48.94675064086914,20.12909507751465,45.98229217529297,77.5997543334961,304.76806640625,84.46062469482422,35.421451568603516,34.33438491821289,33.953704833984375,95.63631439208984,135.449951171875
2018-03-29,84.49549102783203,39.49114990234375,103.80268096923828,52.73063659667969,88.81353759765625,65.08389282226562,82.45551300048828,41.302310943603516,34.38689041137695,86.9195556640625,24.23592185974121,44.01755905151367,105.04409790039062,40.73771667480469,131.2235565185547,34.021305084228516,26.302141189575195,148.55177307128906,140.11961364746094,118.65042114257812,124.67256927490234,59.960636138916016,314.009765625,135.58984375,61.43034744262695,52.54378128051758,48.896175384521484,47.85978698730469,154.24925231933594,69.27708435058594,276.5516052246094,84.19825744628906,25.074237823486328,56.57497787475586,42.41755294799805,212.71481323242188,81.25238037109375,42.902732849121094,7.495649337768555,47.41150665283203,20.40180015563965,46.42073059082031,79.09613800048828,308.6671142578125,84.97759246826172,35.34770965576172,34.7916374206543,34.49726867675781,97.05384063720703,138.8835906982422
2018-04-02,81.94960021972656,39.23224639892578,100.89476013183594,51.748252868652344,87.10139465332031,63.540523529052734,81.15403747558594,40.392398834228516,33.785133361816406,85.24726104736328,23.935449600219727,41.34675598144531,102.74369812011719,40.07878494262695,132.3479766845703,32.530033111572266,25.291086196899414,144.1011962890625,135.71534729003906,116.94265747070312,121.72029113769531,58.68077850341797,308.79986572265625,132.0664825439453,59.78975296020508,51.044281005859375,47.9765510559082,46.9139404296875,151.40774536132812,67.78174591064453,272.51708984375,82.1402587890625,24.50569725036621,54.88650894165039,41.55966567993164,208.90579223632812,78.76898956298828,41.916839599609375,7.346818447113037,45.695228576660156,19.839345932006836,45.481201171875,78.47642517089844,305.48419189453125,82.63188934326172,34.32109451293945,33.90922164916992,33.7546501159668,94.14923095703125,135.75399780273438
2018-04-03,83.05126190185547,39.634735107421875,103.96470642089844,53.02040100097656,88.29668426513672,64.41073608398438,83.0267105102539,41.01416778564453,34.347293853759766,86.15506744384766,24.36566734313965,42.04826354980469,102.59309387207031,39.97194290161133,134.59686279296875,32.82353591918945,25.66062355041504,144.81793212890625,138.0834197998047,118.4451675415039,122.7099838256836,59.34998321533203,316.82537841796875,133.79238891601562,59.835323333740234,51.73704528808594,49.18698501586914,47.49658203125,154.35037231445312,69.42929077148438,273.9164123535156,83.7108383178711,24.73980140686035,55.344268798828125,42.150489807128906,211.63372802734375,80.1009750366211,42.27461242675781,7.543004512786865,45.745914459228516,20.103530883789062,47.0001106262207,79.76117706298828,305.9439392089844,83.2414779663086,35.54056167602539,34.591094970703125,33.91542434692383,95.8189468383789,136.8448486328125
2018-04-04,85.47679138183594,40.39265060424805,105.6333236694336,52.914398193359375,89.63729858398438,64.89509582519531,82.77366638183594,41.355377197265625,35.028228759765625,87.73979187011719,24.6729679107666,42.25111770629883,105.5165023803711,40.52400588989258,135.71290588378906,32.94348907470703,25.784791946411133,147.88497924804688,138.86854553222656,118.92137908935547,122.81153869628906,59.935550689697266,313.58837890625,138.00770568847656,60.518898010253906,52.14041519165039,50.523162841796875,47.655487060546875,155.21478271484375,70.37841033935547,279.71044921875,84.46907043457031,24.982269287109375,56.58246612548828,42.82222366333008,213.356689453125,80.95133209228516,42.67215347290039,7.6647748947143555,47.44047927856445,20.521114349365234,46.63213348388672,80.41868591308594,312.4864501953125,84.3294448852539,35.93193054199219,35.216819763183594,34.73460006713867,96.34943389892578,132.8479461669922
2018-04-05,85.52308654785156,40.6727294921875,105.8763198852539,53.7271614074707,90.81430053710938,64.68984985351562,84.80538940429688,41.34779739379883,35.1549072265625,88.05034637451172,24.399816513061523,42.58073425292969,105.45484161376953,40.92469787597656,137.57574462890625,33.43922805786133,25.959217071533203,149.29347229003906,139.57705688476562,120.20220184326172,125.3069839477539,60.069366455078125,322.1693420410156,136.79876708984375,61.202484130859375,52.49118423461914,50.82183837890625,47.44987869262695,155.43551635742188,70.39630889892578,283.6877136230469,85.34791564941406,25.350141525268555,56.14723587036133,43.105499267578125,216.05087280273438,80.9212646484375,43.61831283569336,7.678305625915527,46.81769561767578,20.291015625,47.336788177490234,81.00061798095703,318.31298828125,84.42204284667969,36.606903076171875,35.641990661621094,34.78054428100586,97.11473846435547,135.32476806640625
2018-04-06,83.53268432617188,39.63237762451172,103.7621841430664,52.914398193359375,88.54961395263672,64.3861083984375,82.97610473632812,40.46064376831055,34.77486801147461,87.03901672363281,24.017396926879883,41.23687744140625,103.08600616455078,39.91851043701172,135.31015014648438,32.56766891479492,25.62810516357422,145.3929901123047,135.47914123535156,117.1971206665039,120.95892333984375,59.92718505859375,312.32421875,133.728759765625,59.516334533691406,50.483070373535156,49.81576156616211,46.36090087890625,154.32281494140625,68.81145477294922,273.8754577636719,83.2730941772461,24.77324867248535,55.08913803100586,42.27188491821289,211.11856079101562,78.55073547363281,42.171260833740234,7.56329870223999,45.963165283203125,20.256929397583008,46.39724349975586,79.60249328613281,310.9657897949219,83.79704284667969,36.21552658081055,35.561771392822266,34.8111572265625,95.13191223144531,130.00442504882812
2018-04-09,84.03260040283203,40.02545928955078,104.87999725341797,52.914398193359375,89.61296081542969,64.1644515991211,83.85820007324219,42.58376693725586,34.7036018371582,87.10270690917969,24.215436935424805,41.879234313964844,104.53742980957031,39.98082733154297,135.29335021972656,32.91948318481445,25.506900787353516,143.776123046875,135.83656311035156,117.27104187011719,121.03511810302734,59.743141174316406,308.83819580078125,134.90586853027344,58.46818923950195,51.05306625366211,49.760738372802734,46.056304931640625,154.43313598632812,69.25018310546875,274.89849853515625,83.48147583007812,24.973907470703125,55.38179397583008,42.28806686401367,212.99351501464844,78.96466064453125,42.41773223876953,7.610654830932617,45.51417541503906,20.06092071533203,47.462039947509766,79.05078125,307.3143615722656,83.61184692382812,35.875205993652344,35.47351837158203,34.78794479370117,95.32324981689453,127.83154296875
2018-04-10,85.98599243164062,40.778663635253906,105.50371551513672,54.469234466552734,91.32567596435547,64.33684539794922,85.93333435058594,42.833980560302734,34.830291748046875,87.11865234375,24.5500545501709,43.33296203613281,106.38597869873047,40.800048828125,136.58555603027344,33.9909553527832,25.557153701782227,144.5928955078125,138.49830627441406,119.57001495361328,125.27318572998047,60.002471923828125,320.6657409667969,137.69754028320312,59.470760345458984,51.85979080200195,50.27949142456055,46.612205505371094,156.18955993652344,70.93354034423828,277.7218933105469,84.26068878173828,25.483917236328125,56.29729080200195,42.587528228759766,216.6927490234375,80.3267593383789,43.045860290527344,7.7459540367126465,46.17317199707031,19.99274444580078,48.8087043762207,80.12393951416016,306.5628662109375,83.69673156738281,36.425392150878906,35.40934371948242,34.44741439819336,95.97547149658203,132.34719848632812
2018-04-11,85.04170227050781,40.58800506591797,105.00149536132812,54.72368240356445,89.79154968261719,64.25475311279297,86.22254180908203,42.61408996582031,34.830291748046875,86.5452651977539,24.44078826904297,43.18927764892578,106.365478515625,40.61305618286133,137.06390380859375,33.9269905090332,25.397512435913086,144.06784057617188,136.8068389892578,118.46160125732422,124.1734619140625,59.709693908691406,313.5117492675781,137.12484741210938,59.10619354248047,51.25474548339844,49.572113037109375,45.827850341796875,155.4078826904297,70.49480438232422,277.787353515625,82.99224853515625,24.998991012573242,55.77952575683594,42.029083251953125,213.626953125,79.9203872680664,41.93273162841797,7.732426643371582,46.42664337158203,20.009784698486328,49.50552749633789,80.1768569946289,306.4833068847656,83.17205047607422,36.209842681884766,35.40132522583008,34.726036071777344,95.03627014160156,129.1281280517578
2018-04-12,86.63402557373047,40.98814392089844,105.64952087402344,54.57524490356445,92.02373504638672,63.860687255859375,86.20809173583984,43.02354431152344,34.861961364746094,86.25064086914062,24.802724838256836,44.55849075317383,108.22079467773438,40.85346603393555,135.62060546875,34.65461349487305,25.255617141723633,144.4845733642578,138.140869140625,120.25967407226562,127.00731658935547,59.34163284301758,323.20367431640625,136.0193328857422,60.063201904296875,51.83628845214844,50.3030891418457,44.80742645263672,156.84246826171875,70.99623107910156,280.6025695800781,84.57777404785156,25.62605094909668,56.49992370605469,42.65229034423828,219.243408203125,81.31258392333984,42.815269470214844,7.6512451171875,46.375953674316406,20.112049102783203,49.513362884521484,80.8570327758789,311.2575378417969,81.91429901123047,35.96027755737305,36.33990478515625,34.50159454345703,95.69719696044922,134.35906982421875
2018-04-13,86.17113494873047,41.12700271606445,105.80339050292969,55.01343536376953,89.53179168701172,64.33684539794922,86.70697784423828,43.34959030151367,35.24200439453125,87.00714874267578,24.802724838256836,43.831626892089844,107.28968811035156,41.03155517578125,135.71290588378906,34.38275909423828,25.43003273010254,144.01785278320312,137.56642150878906,119.97232055664062,127.08341979980469,59.89371871948242,315.3504943847656,136.38522338867188,61.47590637207031,51.53670883178711,49.85507583618164,44.6627311706543,157.8447723388672,71.3812484741211,280.3734436035156,84.28785705566406,24.915382385253906,56.44739532470703,41.18736267089844,216.14381408691406,80.6052017211914,42.12356185913086,7.6309494972229,46.21662521362305,20.222837448120117,50.81306076049805,81.05350494384766,309.9755554199219,81.66738891601562,36.27224349975586,36.25968933105469,34.67185592651367,95.66239929199219,134.1087188720703
2018-04-16,87.18022155761719,41.383575439453125,106.72681427001953,55.50815200805664,89.45874786376953,64.53387451171875,87.27095794677734,44.471805572509766,35.376617431640625,87.53275299072266,24.94613265991211,44.28803253173828,108.09757232666016,41.17462158203125,135.62901306152344,34.622642517089844,25.672452926635742,145.3763427734375,138.95790100097656,120.48956298828125,128.69915771484375,60.596378326416016,317.7351379394531,136.30567932128906,60.74674987792969,52.22397994995117,51.953651428222656,41.182621002197266,160.9989013671875,71.73943328857422,282.9102783203125,84.80426788330078,25.02407455444336,56.04965591430664,41.11452865600586,217.79916381835938,81.23731231689453,42.457481384277344,7.698599815368652,47.95463943481445,20.59780502319336,51.462890625,82.56500244140625,310.9923095703125,82.41585540771484,36.44240951538086,36.47627258300781,35.012386322021484,97.20169830322266,133.2144775390625
2018-04-17,88.939208984375,41.953182220458984,105.73860931396484,55.3597526550293,89.45874786376953,64.3861083984375,87.82047271728516,44.94194030761719,35.534969329833984,86.69658660888672,24.809553146362305,45.25154495239258,110.16520690917969,41.72004318237305,136.40097045898438,35.65412521362305,25.985816955566406,145.77647399902344,140.48342895507812,122.09063720703125,129.6888885498047,60.420719146728516,322.475830078125,139.08937072753906,62.84303283691406,52.690975189208984,52.74748992919922,39.88804626464844,160.35519409179688,71.56031799316406,285.7254333496094,85.03986358642578,25.116043090820312,56.63499069213867,40.928367614746094,214.20970153808594,82.20059967041016,42.330265045166016,7.698599815368652,47.77360153198242,20.64893913269043,52.07358932495117,82.76903533935547,313.90118408203125,82.25381469726562,36.28926467895508,36.65276336669922,35.027870178222656,98.34095001220703,133.3665313720703
2018-04-18,89.28175354003906,41.85903549194336,103.45437622070312,55.988765716552734,88.7363052368164,64.19725799560547,89.52684020996094,44.67654800415039,35.24200439453125,85.19152069091797,24.918813705444336,45.31071090698242,101.86737060546875,42.095577239990234,135.78001403808594,35.686100006103516,25.888263702392578,149.89361572265625,140.11961364746094,122.64073181152344,131.92213439941406,60.29523468017578,326.57476806640625,139.2722930908203,62.250633239746094,52.44425964355469,52.3544921875,39.82712936401367,161.11842346191406,71.3812484741211,287.3704528808594,86.2086181640625,24.689638137817383,56.79258346557617,40.782684326171875,214.52223205566406,81.93719482421875,42.34617614746094,7.6647748947143555,47.98360824584961,20.94721031188965,52.00312423706055,83.81198120117188,316.2529296875,82.19982147216797,34.88261032104492,36.620670318603516,34.61768341064453,98.43661499023438,133.92091369628906
2018-04-19,88.97623443603516,40.6727294921875,103.31669616699219,56.130088806152344,90.68443298339844,62.09860610961914,89.4472885131836,44.4642333984375,35.08366012573242,84.06866455078125,24.94613265991211,44.13588333129883,101.12110900878906,41.86310577392578,133.86685180664062,35.6301383972168,25.98286247253418,147.5849609375,139.69195556640625,121.62262725830078,131.71063232421875,58.70497131347656,326.22998046875,137.5384063720703,63.754478454589844,52.7614631652832,51.765018463134766,39.30168533325195,157.91831970214844,71.40811920166016,289.1954345703125,92.75016021728516,25.23309326171875,55.86204147338867,41.713436126708984,214.66580200195312,81.89956665039062,43.491085052490234,7.51394510269165,47.273921966552734,20.6063289642334,51.9170036315918,82.88996887207031,316.53582763671875,79.73834991455078,32.772647857666016,36.73298645019531,34.07593536376953,95.3493423461914,132.4276580810547
2018-04-20,87.94861602783203,39.00628662109375,102.59577941894531,55.8332633972168,90.48148345947266,61.145782470703125,88.43505859375,44.608299255371094,34.63234329223633,81.60803985595703,25.014423370361328,43.552711486816406,99.20411682128906,41.3355712890625,133.2290496826172,35.25432586669922,25.713838577270508,147.52659606933594,138.9897918701172,123.62598419189453,130.2908477783203,56.81180191040039,324.3432922363281,136.44882202148438,66.26091003417969,52.15347671508789,51.5749397277832,38.96661376953125,156.27230834960938,70.79029846191406,288.057861328125,91.31864166259766,25.299978256225586,55.30674743652344,42.53896713256836,212.7992706298828,81.60607147216797,43.300270080566406,7.417965888977051,46.28904724121094,20.55519676208496,51.509864807128906,82.03598022460938,314.6791076660156,77.1843490600586,32.46068572998047,36.50034713745117,33.59609603881836,94.67970275878906,131.40829467773438
2018-04-23,88.27264404296875,38.89330291748047,102.73345947265625,56.236106872558594,90.04316711425781,60.482948303222656,89.35332489013672,45.68503189086914,34.822364807128906,81.68765258789062,25.130508422851562,43.18927764892578,99.86135864257812,40.95109176635742,133.4136962890625,35.382259368896484,25.453683853149414,148.068359375,137.79620361328125,122.02494049072266,130.9199981689453,55.84419631958008,324.506103515625,138.91439819335938,66.16975402832031,51.84510803222656,52.0184440612793,38.76102066040039,158.48851013183594,71.81103515625,293.46734619140625,91.15552520751953,25.350141525268555,55.539363861083984,42.579429626464844,208.33145141601562,81.74153137207031,42.6483039855957,7.568794250488281,46.7814826965332,21.126178741455078,51.267173767089844,82.45919036865234,314.85589599609375,76.0191879272461,32.08632278442383,36.49232482910156,34.486114501953125,94.68838500976562,130.5856170654297
2018-04-24,86.20817565917969,38.35194396972656,102.21505737304688,55.37387466430664,89.6210708618164,60.068695068359375,88.60136413574219,45.56371307373047,34.10184097290039,80.77983093261719,25.308063507080078,43.48509979248047,99.6559829711914,40.70969009399414,132.01231384277344,34.97446060180664,25.580801010131836,146.90150451660156,128.3812713623047,120.87547302246094,122.80072021484375,56.06294631958008,315.139892578125,136.75106811523438,66.89888763427734,51.378108978271484,52.74709701538086,39.278839111328125,157.51373291015625,71.71253967285156,275.3731994628906,91.00154113769531,25.2414493560791,54.571311950683594,42.498497009277344,204.80116271972656,80.80083465576172,42.19510269165039,7.51394510269165,47.07115173339844,21.628971099853516,51.134056091308594,81.78658294677734,301.9477233886719,77.46980285644531,31.36598777770996,36.22758865356445,34.33906936645508,91.98375701904297,123.49481201171875
2018-04-25,85.45826721191406,38.5190544128418,102.67676544189453,56.186641693115234,89.2801513671875,59.90298843383789,88.73148345947266,45.21490478515625,33.59511947631836,80.54889678955078,25.048564910888672,43.425933837890625,99.9161376953125,40.90637969970703,130.8543243408203,34.95046615600586,25.77000617980957,147.84335327148438,126.91956329345703,120.74407958984375,123.43836212158203,55.87785720825195,328.35601806640625,139.04959106445312,64.02790832519531,51.67768859863281,53.64206314086914,39.41590118408203,157.89073181152344,72.65271759033203,269.6526794433594,89.4975357055664,25.19964599609375,54.96903991699219,42.984092712402344,202.0478515625,83.53258514404297,41.37617492675781,7.616784572601318,47.759117126464844,21.842025756835938,50.93831253051758,82.11909484863281,294.07891845703125,78.9358901977539,31.672277450561523,36.773094177246094,34.08366394042969,93.81873321533203,123.39647674560547
2018-04-26,87.2635498046875,38.65321731567383,103.68927001953125,57.147823333740234,89.36946105957031,60.275840759277344,89.81607818603516,45.048099517822266,33.84847640991211,82.22917938232422,25.164653778076172,44.83740234375,100.45015716552734,41.09415054321289,133.33811950683594,35.35028076171875,25.99764060974121,154.78587341308594,125.80250549316406,120.5306625366211,124.39055633544922,56.0293083190918,328.2890319824219,139.4790802001953,65.53177642822266,52.4266357421875,54.40236282348633,39.62913513183594,158.3045654296875,73.91523742675781,270.3892822265625,90.8112564086914,25.14112091064453,55.456825256347656,42.44184112548828,202.77413940429688,84.51091003417969,41.50339126586914,7.836171627044678,48.331207275390625,21.842025756835938,52.43375015258789,85.61066436767578,295.263671875,79.23681640625,31.065378189086914,36.78111267089844,34.33906936645508,93.6622085571289,121.90318298339844
2018-04-27,88.70777130126953,38.206016540527344,103.89987182617188,54.97809982299805,88.8012466430664,60.325538635253906,91.55136108398438,45.09358596801758,34.291873931884766,80.99484252929688,25.26709747314453,44.56693649291992,100.28585052490234,40.70969009399414,132.8346710205078,35.75006866455078,25.805479049682617,155.40257263183594,125.18339538574219,120.63736724853516,123.03877258300781,56.0208854675293,326.4598083496094,141.14132690429688,65.53177642822266,52.47950744628906,55.400291442871094,39.80427932739258,159.9597930908203,74.076416015625,263.5395202636719,90.24952697753906,25.208011627197266,55.42681121826172,42.377098083496094,202.52923583984375,85.8052978515625,41.431480407714844,7.877302646636963,48.599151611328125,21.748287200927734,50.85219192504883,86.14720916748047,284.5569152832031,80.64114379882812,31.83675765991211,36.941551208496094,34.45516586303711,93.89701080322266,123.00300598144531
2018-04-30,86.5784912109375,38.89800262451172,102.45808410644531,54.949832916259766,88.2979736328125,59.93614196777344,90.45955657958984,44.63863754272461,34.212684631347656,80.38166809082031,25.000761032104492,43.628780364990234,99.24518585205078,40.834861755371094,140.5043487548828,35.414241790771484,26.151369094848633,154.0190887451172,124.0791244506836,118.78997039794922,122.73268127441406,54.8849983215332,319.449462890625,138.771240234375,64.11906433105469,51.219505310058594,55.30524826049805,39.69767379760742,158.00111389160156,72.59003448486328,262.5656433105469,89.47032928466797,25.015716552734375,54.20360565185547,42.05335235595703,201.28765869140625,85.65476989746094,41.23974609375,7.705908298492432,48.1212043762207,21.467058181762695,51.28282165527344,85.77691650390625,284.7248840332031,79.89268493652344,31.82543182373047,36.404075622558594,33.851505279541016,92.07941436767578,121.00902557373047
2018-05-01,87.94861602783203,39.801856994628906,102.06927490234375,54.38442611694336,88.2979736328125,59.621307373046875,90.27880096435547,43.963783264160156,33.7218132019043,78.94029998779297,24.17445945739746,45.074058532714844,99.27259063720703,41.085201263427734,137.14773559570312,35.84601974487305,25.840957641601562,153.8773956298828,124.48123931884766,118.65042114257812,122.78372192382812,54.69146728515625,315.5995788574219,134.63546752929688,64.02790832519531,51.82746505737305,53.85588836669922,40.124122619628906,157.31146240234375,70.79923248291016,252.4342803955078,89.31632232666016,25.040788650512695,54.45125198364258,42.53896713256836,199.8856964111328,83.7207260131836,41.39154052734375,7.719621181488037,47.375301361083984,21.100610733032227,51.447235107421875,84.98336029052734,271.6221008300781,79.63804626464844,31.78005027770996,36.1233024597168,33.70444869995117,92.9838638305664,121.04479217529297
2018-05-02,86.5692138671875,41.560096740722656,100.0361557006836,54.278411865234375,87.59991455078125,58.77619171142578,90.73430633544922,43.448177337646484,33.30215835571289,77.42729949951172,23.826183319091797,44.21196365356445,97.52677154541016,40.69179153442383,134.831787109375,35.07041549682617,25.524635314941406,154.9442138671875,124.14934539794922,117.39422607421875,122.3075942993164,53.12644577026367,310.4758605957031,134.7547149658203,64.6203384399414,50.97278594970703,52.22438049316406,39.21792221069336,158.4976806640625,70.5843505859375,250.175537109375,88.4555892944336,24.731443405151367,50.18879318237305,42.239498138427734,197.67294311523438,83.2315673828125,41.30366897583008,7.685340881347656,46.09352111816406,20.92164421081543,51.24365997314453,84.00092315673828,271.5690612792969,77.98680114746094,31.587196350097656,35.641990661621094,32.884090423583984,91.93155670166016,120.4903564453125
2018-05-03,87.087646484375,41.63541793823242,99.6554183959961,54.09465408325195,87.04793548583984,59.124168395996094,91.11029815673828,43.6225700378418,33.16754150390625,77.72193908691406,23.73740577697754,44.18660354614258,97.21183013916016,40.2894287109375,134.3282928466797,35.534175872802734,25.492116928100586,152.67724609375,124.90251159667969,117.70621490478516,122.2396011352539,53.277896881103516,316.7008972167969,132.33685302734375,63.481048583984375,51.04327392578125,49.31774139404297,39.17984390258789,158.975830078125,69.8769760131836,253.6372528076172,88.01162719726562,24.413732528686523,48.920570373535156,42.027496337890625,197.1323699951172,82.358642578125,40.808326721191406,7.678483963012695,45.065189361572266,20.342145919799805,51.666446685791016,82.98820495605469,279.1017761230469,78.97447204589844,31.96721839904785,34.976158142089844,31.893463134765625,91.2793197631836,122.38602447509766
2018-05-04,88.09677124023438,43.268917083740234,100.59506225585938,54.349090576171875,88.01390075683594,60.01069641113281,90.76325225830078,43.789390563964844,33.53968811035156,78.82881164550781,23.79203987121582,44.86665725708008,98.52633666992188,40.87062072753906,138.4820556640625,36.221832275390625,25.876436233520508,154.21075439453125,127.2514877319336,118.14138793945312,124.44156646728516,53.606056213378906,320.2825927734375,133.6014862060547,64.25576782226562,51.756988525390625,49.97509002685547,39.088462829589844,157.40338134765625,70.1993179321289,254.873046875,89.1079330444336,24.49733543395996,49.09317398071289,42.73691177368164,198.42459106445312,84.2625732421875,41.06399154663086,7.78817892074585,46.209388732910156,20.572235107421875,52.34762191772461,84.12184143066406,277.4837951660156,80.039306640625,31.91050148010254,35.18471908569336,32.92278289794922,92.53163146972656,122.77050018310547
2018-05-07,89.07805633544922,43.58195877075195,100.10904693603516,54.942752838134766,88.77691650390625,59.63786315917969,90.33663177490234,43.50883102416992,33.365501403808594,78.22361755371094,23.853496551513672,45.33420181274414,98.0539321899414,41.192501068115234,138.4569091796875,36.56566619873047,25.267438888549805,152.9856414794922,127.82594299316406,118.3630599975586,127.3747329711914,52.857200622558594,326.02880859375,133.66517639160156,64.11906433105469,52.26803207397461,48.90589141845703,39.080848693847656,158.70913696289062,70.40525817871094,260.00421142578125,89.31632232666016,24.781604766845703,48.68793487548828,42.94077682495117,200.33331298828125,85.39140319824219,41.85490798950195,7.774466514587402,45.115882873535156,20.43588638305664,52.27716827392578,84.73397827148438,280.3837890625,79.5994873046875,31.598539352416992,35.048343658447266,32.76800537109375,92.36640930175781,125.38154602050781
2018-05-08,88.69852447509766,43.79146194458008,99.31523132324219,55.190128326416016,90.09188079833984,59.19046401977539,91.51519775390625,43.038719177246094,33.10420608520508,77.07688903808594,23.887638092041016,45.589210510253906,97.90331268310547,41.076271057128906,138.2638397216797,36.549659729003906,25.347261428833008,154.21910095214844,128.7706298828125,118.4205322265625,127.4682388305664,52.4028434753418,324.0559997558594,134.0071563720703,65.030517578125,51.73054504394531,48.082218170166016,38.47925567626953,156.97117614746094,70.62911987304688,265.3072204589844,90.3673095703125,25.02407455444336,48.943092346191406,43.372962951660156,200.16439819335938,85.91815948486328,42.64583969116211,7.72647762298584,45.159339904785156,20.529626846313477,53.036590576171875,84.09159851074219,291.1170654296875,78.58865356445312,31.348974227905273,35.256919860839844,32.737037658691406,92.77513885498047,127.0357666015625
2018-05-09,89.74462890625,44.099796295166016,100.04422760009766,56.490543365478516,92.05620574951172,59.96099090576172,93.06973266601562,43.941036224365234,33.0804557800293,76.5752182006836,24.017396926879883,46.19276809692383,98.72015380859375,41.64851379394531,137.81910705566406,36.81353759765625,24.55497169494629,155.31924438476562,129.84300231933594,119.61927032470703,129.74671936035156,52.091514587402344,329.92669677734375,134.9217529296875,66.62548065185547,52.3385124206543,48.478214263916016,38.90570068359375,155.94125366210938,70.97831726074219,266.8866271972656,91.0558853149414,25.684581756591797,49.29579162597656,43.83774948120117,204.15924072265625,87.7920150756836,43.252994537353516,7.582505226135254,45.57935333251953,20.759727478027344,53.788230895996094,84.1898422241211,289.6318054199219,79.52233123779297,31.7176570892334,35.05637741088867,32.89957809448242,93.49130249023438,129.7987823486328
2018-05-10,90.64264678955078,44.7305908203125,101.5346450805664,57.75563049316406,92.7705307006836,60.60725021362305,93.14204406738281,44.02444839477539,33.39717483520508,77.45912170410156,24.16220474243164,46.7368049621582,99.84849548339844,41.96144485473633,138.51559448242188,37.02144241333008,24.599592208862305,155.98599243164062,130.8706512451172,120.941162109375,130.9029541015625,52.571109771728516,331.1586608886719,135.8205108642578,66.94451141357422,53.36063003540039,49.4523811340332,38.951393127441406,157.30223083496094,72.40199279785156,265.55267333984375,91.85318756103516,25.826719284057617,49.055660247802734,44.56350326538086,205.60350036621094,88.49188232421875,43.97201919555664,7.685340881347656,46.209388732910156,20.759727478027344,54.289306640625,86.14720916748047,288.5885009765625,80.11643981933594,31.78572654724121,35.216819763183594,32.984703063964844,92.67034149169922,131.0953369140625
2018-05-11,90.4482192993164,44.56046676635742,103.06555938720703,58.02690887451172,92.4214859008789,60.789520263671875,93.87953186035156,45.26041030883789,33.365501403808594,77.58656311035156,24.47940444946289,46.47329330444336,99.77924346923828,41.86310577392578,138.78411865234375,36.7255744934082,24.80486297607422,158.61135864257812,130.95364379882812,120.99043273925781,131.6596221923828,52.76464080810547,329.6090393066406,138.30197143554688,66.53433227539062,53.9774055480957,51.01262283325195,39.492069244384766,159.75746154785156,73.82567596435547,265.18438720703125,91.88944244384766,25.85179901123047,49.64849090576172,44.4004020690918,205.16429138183594,88.9659652709961,44.099849700927734,7.671632766723633,46.41215515136719,20.938692092895508,54.59200668334961,87.25061798095703,287.6070556640625,80.94208526611328,31.303590774536133,35.28099060058594,33.01565933227539,87.70974731445312,131.73016357421875
2018-05-14,90.75370788574219,44.456504821777344,102.10977172851562,58.4195556640625,92.4539566040039,60.7149543762207,94.27723693847656,45.25282287597656,33.28632354736328,77.36357879638672,24.72764015197754,46.66880798339844,99.89002990722656,41.86310577392578,138.22190856933594,36.541683197021484,25.10533332824707,159.25306701660156,131.33656311035156,120.941162109375,132.0167236328125,52.20089340209961,331.65911865234375,139.94830322265625,67.03563690185547,54.647056579589844,52.92133331298828,39.61391067504883,163.26104736328125,74.3808364868164,261.12530517578125,91.77165222167969,26.01901626586914,50.31638717651367,44.42487335205078,206.00047302246094,88.80795288085938,44.11582565307617,7.664773941040039,47.14356994628906,21.182811737060547,54.70991516113281,87.92322540283203,281.78955078125,80.86492919921875,31.207176208496094,35.63396072387695,32.91504669189453,89.92805480957031,131.22048950195312
2018-05-15,90.0964126586914,44.05247116088867,101.35645294189453,58.390995025634766,91.74776458740234,60.44152069091797,93.80723571777344,44.88886260986328,33.032962799072266,77.08485412597656,24.610414505004883,45.83573532104492,99.50236511230469,41.854156494140625,136.8289337158203,36.36575698852539,25.143999099731445,156.66937255859375,129.1982879638672,120.98218536376953,129.729736328125,51.87274932861328,329.28179931640625,137.06919860839844,67.03563690185547,53.342987060546875,52.145164489746094,39.82712936401367,161.90008544921875,73.61079406738281,261.6900329589844,91.27333068847656,26.102624893188477,50.27134323120117,44.645042419433594,204.01565551757812,88.1532211303711,43.82022476196289,7.692200183868408,46.788726806640625,21.199941635131836,55.10299301147461,87.37152099609375,282.8947448730469,80.24761962890625,30.92357635498047,35.625946044921875,32.884090423583984,89.98046112060547,130.1295928955078
2018-05-16,90.3288803100586,44.463592529296875,101.5346450805664,58.55520248413086,91.99938201904297,60.922088623046875,93.67708587646484,45.305904388427734,32.89834213256836,77.39541625976562,24.6035213470459,46.447784423828125,100.11845397949219,41.782630920410156,136.66949462890625,36.10988235473633,25.62296485900879,155.3359375,127.79405212402344,121.14640045166016,130.75848388671875,52.24296951293945,328.1749572753906,139.29734802246094,68.49393463134766,53.545650482177734,52.37485122680664,39.75858688354492,162.9024200439453,73.18976593017578,261.3299560546875,91.13742065429688,25.968847274780273,50.69159698486328,44.88152313232422,203.50894165039062,90.86990356445312,43.916107177734375,7.815602779388428,47.60702896118164,21.362686157226562,54.91432189941406,87.90811920166016,283.9468994140625,80.93436431884766,31.122093200683594,35.98563766479492,33.31748580932617,90.39093780517578,131.75701904296875
2018-05-17,89.42698669433594,44.18242645263672,100.31964874267578,58.455257415771484,91.69096374511719,61.278385162353516,94.4210205078125,44.790287017822266,33.4921760559082,77.97675323486328,24.624210357666016,46.5922966003418,100.02847290039062,41.61274337768555,135.36044311523438,34.750572204589844,25.135080337524414,154.4607696533203,128.76446533203125,121.40638732910156,130.6649627685547,52.41124725341797,331.2260437011719,139.97854614257812,68.49393463134766,53.80118179321289,52.081817626953125,40.162193298339844,164.5208740234375,73.6225357055664,262.2218933105469,91.70822143554688,25.759828567504883,50.72911071777344,44.212867736816406,201.9380340576172,90.77961730957031,43.83620071411133,7.8567376136779785,48.08062744140625,21.671051025390625,55.55111312866211,88.11214447021484,286.9175109863281,80.9189453125,31.360322952270508,36.300872802734375,33.131736755371094,91.18566131591797,131.2741241455078
2018-05-18,89.59432983398438,44.02175521850586,100.63554382324219,58.04121017456055,90.20549774169922,60.855804443359375,93.25406646728516,44.84336853027344,33.39717483520508,77.6502685546875,24.575939178466797,45.47871017456055,99.73772430419922,41.41603469848633,135.08351135253906,34.5506706237793,24.882205963134766,156.20265197753906,127.86469268798828,122.41311645507812,132.3822784423828,52.352352142333984,338.0499572753906,141.30099487304688,68.22049713134766,54.3739013671875,51.41653060913086,40.139339447021484,163.74847412109375,73.99214935302734,262.2464904785156,91.49984741210938,25.299978256225586,51.044281005859375,43.78882598876953,200.16439819335938,90.74949645996094,43.07722854614258,7.767611026763916,46.8784294128418,21.31985855102539,54.678470611572266,87.8836441040039,290.8961181640625,79.99298095703125,31.502119064331055,36.38978576660156,32.36555862426758,91.65726470947266,138.82098388671875
2018-05-21,90.74725341796875,44.333641052246094,100.21434783935547,58.74082565307617,91.033447265625,61.361202239990234,94.3553695678711,44.411155700683594,33.57927703857422,79.24292755126953,24.68627166748047,46.1757698059082,100.71379089355469,42.211822509765625,135.50315856933594,34.98244857788086,25.14103126525879,158.17791748046875,129.66419982910156,124.1873550415039,135.1114044189453,52.377586364746094,350.2638244628906,141.43724060058594,69.54207611083984,54.726348876953125,51.875892639160156,39.78143310546875,163.17831420898438,73.77580261230469,265.380859375,92.45117950439453,25.54244613647461,50.751625061035156,44.47380447387695,200.75559997558594,91.76544189453125,43.42876052856445,7.891017913818359,46.99501037597656,21.217077255249023,55.55111312866211,89.17850494384766,292.9648742675781,80.80319213867188,31.558837890625,36.51102828979492,32.32685852050781,91.72714233398438,141.57508850097656
2018-05-22,90.65430450439453,44.22259521484375,99.55825805664062,58.28392028808594,91.73150634765625,61.336341857910156,93.52391815185547,44.320167541503906,33.45259475708008,79.57740783691406,24.631103515625,46.28627014160156,100.43689727783203,41.46074295043945,133.79965209960938,34.902496337890625,24.801889419555664,155.74429321289062,127.87118530273438,124.50090789794922,132.79891967773438,52.51222610473633,341.6977233886719,142.95205688476562,69.67877197265625,54.091949462890625,51.970924377441406,39.85758590698242,162.98519897460938,74.12739562988281,259.529541015625,93.04914855957031,25.826719284057617,50.90170669555664,45.060916900634766,201.00901794433594,92.3072738647461,43.84419250488281,7.897871494293213,46.79829406738281,21.157114028930664,55.13444519042969,87.86842346191406,286.89984130859375,80.84947204589844,31.3149471282959,36.300872802734375,32.45069885253906,89.81450653076172,138.6779327392578
2018-05-23,91.73286437988281,44.506126403808594,99.99563598632812,58.64802169799805,91.3094253540039,61.460636138916016,93.86672973632812,44.866119384765625,33.57135772705078,79.99146270751953,24.80350112915039,46.932315826416016,100.14614868164062,41.93463134765625,135.62060546875,34.92649459838867,24.69478988647461,155.57762145996094,127.67835998535156,124.87228393554688,134.10816955566406,52.773048400878906,345.7304992675781,144.21841430664062,64.6203384399414,54.488460540771484,51.93133544921875,39.979427337646484,162.8472442626953,74.5421371459961,266.2318115234375,92.35151672363281,25.45047378540039,51.156856536865234,45.81111145019531,200.84849548339844,91.4719467163086,43.42076873779297,7.843023300170898,46.565128326416016,21.045753479003906,54.34040832519531,87.80747985839844,290.19757080078125,80.67200469970703,31.69497299194336,36.21194839477539,32.72929763793945,89.70095825195312,140.01026916503906
2018-05-24,91.40742492675781,44.456504821777344,99.02362823486328,57.305850982666016,90.28669738769531,61.120941162109375,92.34237670898438,44.835784912109375,33.50800704956055,79.77647399902344,24.74832534790039,46.54129409790039,99.73080444335938,41.54121780395508,136.26670837402344,34.83853530883789,24.64719581604004,155.97764587402344,128.15391540527344,124.67420196533203,134.07420349121094,52.579532623291016,345.5283508300781,142.63150024414062,66.53433227539062,55.07881164550781,51.5749397277832,40.124122619628906,161.70697021484375,74.56916809082031,267.07489013671875,92.42398071289062,25.2581787109375,50.67658233642578,44.579803466796875,199.40428161621094,91.34403228759766,43.14114761352539,7.966428756713867,46.20083236694336,21.037202835083008,53.81366729736328,88.07405853271484,294.24688720703125,80.52539825439453,31.70063018798828,36.22004699707031,32.65965270996094,89.517578125,141.44088745117188
2018-05-25,91.45393371582031,44.558109283447266,99.12157440185547,56.192142486572266,89.82398986816406,61.568359375,89.11869049072266,44.805450439453125,33.57135772705078,79.87998962402344,24.6035213470459,47.12784194946289,99.43315124511719,42.02404022216797,136.95480346679688,34.59065246582031,24.531169891357422,155.72764587402344,127.9096908569336,124.32764434814453,132.5013427734375,53.63970184326172,346.5774841308594,142.85586547851562,66.67103576660156,54.95545196533203,52.295650482177734,40.1850471496582,161.75296020507812,74.62328338623047,262.5328063964844,91.59949493408203,25.216373443603516,50.56401443481445,44.76736068725586,198.4836883544922,91.34403228759766,42.35023498535156,7.891017913818359,46.28825378417969,21.08002471923828,51.470882415771484,87.96742248535156,293.4689025878906,81.37417602539062,31.553163528442383,36.0098762512207,33.00017166137695,90.30358123779297,142.17417907714844
2018-05-29,91.12849426269531,44.39743423461914,97.43241882324219,55.985107421875,85.984619140625,61.352928161621094,88.53518676757812,44.282249450683594,33.793052673339844,80.50908660888672,24.617313385009766,47.02583312988281,97.7579345703125,41.36238479614258,134.78143310546875,34.35877227783203,24.513322830200195,154.18576049804688,125.79532623291016,122.2975845336914,130.60543823242188,53.479835510253906,339.2530212402344,142.2146759033203,64.6203384399414,54.01265335083008,51.32148742675781,39.80427932739258,158.69996643066406,74.32572174072266,259.58685302734375,88.53712463378906,24.213069915771484,50.526493072509766,43.17727279663086,191.74400329589844,89.34978485107422,39.91355895996094,7.843023300170898,45.68352508544922,20.98580551147461,51.65957260131836,86.70304107666016,288.6503601074219,80.8880844116211,31.60988426208496,35.395565032958984,32.87636947631836,88.24250030517578,138.6063995361328
2018-05-30,92.00247955322266,44.302921295166016,98.71355438232422,58.18396759033203,87.9489517211914,62.04888153076172,91.28482055664062,45.28314971923828,34.14936065673828,81.09040832519531,24.858661651611328,47.331851959228516,98.7270736694336,42.068748474121094,135.78842163085938,34.262813568115234,25.025007247924805,156.80067443847656,127.684814453125,124.14611053466797,132.16978454589844,54.17818832397461,344.748779296875,144.4588165283203,64.57476806640625,54.69110107421875,52.26396560668945,40.37541961669922,159.38050842285156,75.60599517822266,262.7293701171875,89.68779754638672,24.65619468688965,50.796653747558594,44.22101974487305,194.22732543945312,92.02883911132812,40.720455169677734,7.918437957763672,46.2955436706543,21.39695167541504,53.499210357666016,88.88145446777344,293.1506042480469,81.34330749511719,32.097679138183594,35.791648864746094,33.20140075683594,88.58308410644531,138.6689910888672
2018-05-31,91.90020751953125,44.15406799316406,97.6119384765625,57.998355865478516,86.86125183105469,60.62381362915039,90.65760803222656,45.13908767700195,34.04642868041992,80.56644439697266,24.77591323852539,46.9238166809082,97.82025909423828,41.77370071411133,134.26956176757812,34.15087127685547,24.55497169494629,156.3480682373047,126.7529067993164,122.05828857421875,129.1515655517578,53.08436965942383,338.9450988769531,143.9619140625,64.16461944580078,54.215309143066406,50.204769134521484,40.0708122253418,155.74815368652344,76.6698226928711,259.0236511230469,89.06263732910156,24.379154205322266,50.57903289794922,44.025299072265625,191.4473419189453,91.3741455078125,40.05735778808594,7.918437957763672,45.457664489746094,20.840185165405273,52.980342864990234,88.4472885131836,289.3312072753906,77.81704711914062,31.61555290222168,35.3389892578125,32.72929763793945,88.13768005371094,133.6884307861328
2018-06-01,93.71328735351562,44.95033645629883,98.9501953125,58.4195556640625,87.98954010009766,60.855804443359375,90.32939147949219,45.92008590698242,34.14144515991211,80.56644439697266,24.996570587158203,48.5219612121582,98.2632827758789,42.336997985839844,134.40469360351562,34.91049575805664,24.6888427734375,157.0185546875,128.26959228515625,123.85726165771484,130.52040100097656,52.74781036376953,343.33392333984375,147.1277618408203,64.25576782226562,54.990699768066406,50.74332809448242,40.45918655395508,157.08152770996094,76.49853515625,260.74468994140625,89.0173110961914,24.681379318237305,51.2544059753418,44.59611129760742,193.54086303710938,92.4878921508789,40.91218566894531,8.028133392333984,45.80009841918945,20.917274475097656,53.687896728515625,89.3080062866211,292.8275146484375,77.83247375488281,31.60422134399414,35.41981887817383,32.96922302246094,89.08963775634766,137.15782165527344
2018-06-04,94.53150177001953,45.326026916503906,99.51324462890625,57.805580139160156,88.03010559082031,61.460636138916016,89.16974639892578,47.02714538574219,34.43439865112305,80.46196746826172,25.13448143005371,48.3094367980957,99.01779174804688,42.3101692199707,135.2998046875,34.846527099609375,25.4117431640625,160.3793487548828,129.21426391601562,123.89854431152344,129.65318298339844,52.76464080810547,347.1934814453125,148.62657165527344,62.478477478027344,55.52817916870117,50.76708984375,39.17984390258789,157.24703979492188,76.69689178466797,262.012939453125,90.10453796386719,24.681379318237305,52.68772888183594,44.71027374267578,194.8460693359375,92.70612335205078,41.1838264465332,8.048698425292969,46.12068176269531,21.199941635131836,53.38127136230469,89.09473419189453,295.329833984375,78.20284271240234,31.774372100830078,35.6380615234375,33.4954948425293,89.45645904541016,135.50357055664062
2018-06-05,95.0149917602539,45.67572021484375,99.12970733642578,57.598575592041016,87.53496551513672,61.286659240722656,89.51253509521484,46.549434661865234,34.13352584838867,80.53427124023438,25.12759780883789,48.05442428588867,99.47467803955078,42.14027786254883,134.67491149902344,34.918487548828125,25.173748016357422,160.865478515625,129.30430603027344,123.67571258544922,130.08682250976562,52.41124725341797,346.58709716796875,145.6529998779297,62.888633728027344,55.53697967529297,50.15726089477539,39.53775405883789,157.0906982421875,76.47150421142578,263.536376953125,89.97769927978516,24.44631576538086,52.57518005371094,44.441184997558594,193.5323486328125,92.20191955566406,40.56865692138672,8.110400199890137,45.821956634521484,21.33698844909668,53.11397933959961,88.9728775024414,292.1175231933594,77.78617858886719,31.950204849243164,35.751220703125,32.884090423583984,89.517578125,138.10565185546875
2018-06-06,95.29393768310547,45.83403015136719,100.19871520996094,58.583744049072266,89.58049011230469,61.60149383544922,89.98658752441406,46.958900451660156,34.410648345947266,81.03253936767578,25.086212158203125,48.479454040527344,100.17384338378906,42.69465255737305,137.12384033203125,35.3902473449707,25.155900955200195,162.24832153320312,131.01377868652344,124.60818481445312,133.0624542236328,52.64684295654297,357.6170959472656,147.1117401123047,62.15945816040039,55.98637008666992,51.54326629638672,40.29927062988281,160.86097717285156,77.47224426269531,263.4457702636719,91.4817123413086,25.218658447265625,54.00850296020508,45.32184982299805,196.82937622070312,94.96376037597656,41.47142028808594,8.206382751464844,46.01139450073242,21.13998031616211,53.36555480957031,89.13280487060547,297.468505859375,77.73987579345703,31.93886375427246,36.203880310058594,32.96922302246094,90.76644134521484,141.7718048095703
2018-06-07,93.79698181152344,45.71116638183594,100.63935852050781,59.169166564941406,89.93766021728516,62.76970672607422,92.59766387939453,47.004398345947266,34.39480972290039,81.2977294921875,25.16206932067871,47.50187683105469,100.62378692626953,42.632049560546875,143.1195831298828,34.902496337890625,25.271930694580078,164.41064453125,131.79139709472656,125.50772094726562,132.87539672851562,52.806705474853516,354.7008056640625,146.91136169433594,62.7974739074707,55.669166564941406,51.4957275390625,40.0708122253418,162.8656463623047,77.42716979980469,265.125732421875,91.94379425048828,25.260631561279297,53.95597457885742,45.36262512207031,197.86338806152344,94.23379516601562,41.655174255371094,8.247516632080078,46.339263916015625,21.39695167541504,54.623451232910156,88.5006103515625,299.9975891113281,79.3531265258789,32.154396057128906,36.12303924560547,32.675132751464844,90.03285217285156,141.86123657226562
2018-06-08,94.49432373046875,45.295310974121094,101.23505401611328,59.68318557739258,90.18927764892578,63.94624710083008,92.21839904785156,47.4517707824707,34.79861068725586,82.36661529541016,25.28618812561035,46.796321868896484,101.16374969482422,43.07911682128906,142.6382293701172,34.766563415527344,25.09640884399414,166.22096252441406,132.7682342529297,125.31786346435547,132.0507354736328,53.29472351074219,355.6343688964844,147.71286010742188,63.481048583984375,55.74845886230469,52.295650482177734,40.482032775878906,163.50933837890625,77.60748291015625,265.4221496582031,91.5088882446289,25.19347381591797,53.963462829589844,45.40338897705078,197.81256103515625,94.80572509765625,41.47142028808594,8.295506477355957,46.193538665771484,21.722444534301758,54.584144592285156,88.81289672851562,300.4944152832031,80.48318481445312,32.732940673828125,36.252384185791016,33.20913314819336,90.95858764648438,140.49310302734375
2018-06-11,93.95504760742188,45.18424606323242,100.09262084960938,59.326236724853516,89.9620132446289,64.2362289428711,93.0352554321289,47.26220703125,34.94113540649414,82.94522857666016,25.031051635742188,46.34577178955078,101.46835327148438,43.08806228637695,140.59463500976562,34.93447494506836,25.07855796813965,167.31883239746094,131.8235626220703,125.32614135742188,132.88388061523438,53.63970184326172,357.02032470703125,147.96133422851562,63.70890808105469,55.62510299682617,53.01637268066406,40.45157241821289,166.3968048095703,77.40913391113281,262.9435119628906,91.69009399414062,25.23545265197754,53.90342330932617,45.26476287841797,198.4058380126953,94.71543884277344,41.36756896972656,8.247516632080078,46.67442321777344,21.876630783081055,55.417476654052734,89.00334167480469,296.70538330078125,80.77156066894531,33.03921890258789,36.785858154296875,34.37775802612305,90.76644134521484,140.09970092773438
2018-06-12,94.19680786132812,45.432350158691406,99.99470520019531,58.84077453613281,89.4424819946289,63.995941162109375,92.6851806640625,47.345619201660156,35.16283416748047,83.96588897705078,25.031051635742188,46.60078811645508,101.66909790039062,43.32052993774414,140.7972869873047,35.134376525878906,25.019060134887695,168.71849060058594,131.6949920654297,125.6480484008789,133.89559936523438,53.62287521362305,356.71234130859375,148.3300323486328,63.70890808105469,55.44007110595703,52.5490837097168,40.45918655395508,164.43812561035156,77.0755615234375,259.5342102050781,91.26427459716797,25.101133346557617,53.790863037109375,45.158775329589844,197.1683807373047,95.00139617919922,41.00008010864258,8.302366256713867,46.41212463378906,22.005109786987305,54.584144592285156,90.13825225830078,292.25958251953125,80.68582153320312,32.8293571472168,36.454444885253906,34.45516586303711,90.4171371459961,140.91334533691406
2018-06-13,93.76909637451172,45.05902099609375,100.06812286376953,58.19112014770508,89.2639389038086,63.35796356201172,92.67789459228516,47.45935821533203,34.9807243347168,84.60075378417969,24.975887298583984,46.7793083190918,101.3091049194336,43.15958786010742,140.67062377929688,35.19035339355469,25.016080856323242,167.88037109375,131.67572021484375,125.29317474365234,131.53208923339844,53.05913162231445,350.1964111328125,147.21592712402344,63.29876708984375,55.184547424316406,54.18061065673828,40.710479736328125,162.01043701171875,77.28291320800781,258.86712646484375,90.62098693847656,25.050758361816406,53.49818420410156,44.97936248779297,198.18548583984375,94.3090591430664,41.22377014160156,8.24066162109375,46.565128326416016,22.279211044311523,54.73350524902344,89.36893463134766,290.9018249511719,80.18704986572266,32.57413101196289,36.59994888305664,34.53255081176758,90.21624755859375,137.1131134033203
2018-06-14,94.29907989501953,45.08266830444336,99.88860321044922,58.46240234375,87.689208984375,62.96027755737305,92.26945495605469,47.039085388183594,34.81296920776367,84.48826599121094,24.934505462646484,47.21285629272461,100.5130615234375,41.040504455566406,141.06752014160156,35.73407745361328,24.926836013793945,167.34396362304688,130.86598205566406,124.77326965332031,130.19735717773438,53.26948928833008,348.82000732421875,148.90707397460938,62.15945816040039,55.475318908691406,54.74292755126953,40.83993911743164,161.22879028320312,77.85089874267578,255.77073669433594,90.38545227050781,24.76532554626465,53.82349395751953,44.63688278198242,198.0329132080078,93.58257293701172,40.99208068847656,8.151534080505371,47.26459884643555,22.40769386291504,53.562110900878906,89.26231384277344,286.2342224121094,79.52458953857422,32.55690002441406,36.56761169433594,34.44741439819336,90.79266357421875,134.2875213623047
2018-06-15,93.09964752197266,44.61953353881836,100.05181884765625,57.58428955078125,87.58368682861328,64.11193084716797,90.46797943115234,47.39822769165039,35.24433517456055,86.48131561279297,25.072420120239258,46.84731674194336,100.64456939697266,41.380279541015625,140.5692596435547,35.382259368896484,24.90006446838379,168.07310485839844,131.72715759277344,123.97279357910156,127.5447769165039,54.46428298950195,344.4504089355469,148.28189086914062,61.14801788330078,55.43125534057617,55.51116943359375,41.73090362548828,160.97134399414062,78.32872009277344,255.40016174316406,89.26194763183594,24.580638885498047,53.127532958984375,44.83258056640625,196.56666564941406,94.36201477050781,40.87225341796875,8.144680976867676,47.942203521728516,22.16785430908203,51.38439178466797,88.9424057006836,285.3113708496094,80.61568450927734,33.18277359008789,37.2061767578125,35.1594352722168,92.03279876708984,133.00880432128906
2018-06-18,93.77837371826172,44.595916748046875,98.99916076660156,57.698524475097656,87.81095886230469,62.836002349853516,91.8756103515625,46.60354232788086,34.788997650146484,84.68916320800781,24.934505462646484,45.24068832397461,100.0146255493164,41.594871520996094,140.4172821044922,35.35028076171875,24.691818237304688,168.19886779785156,131.21298217773438,123.74174499511719,126.40550231933594,53.26948928833008,341.42822265625,147.4323272705078,60.6882438659668,55.351951599121094,53.649967193603516,40.85516357421875,159.94137573242188,77.63451385498047,254.88963317871094,89.21662902832031,24.681379318237305,52.24244689941406,44.91413116455078,196.11741638183594,93.62036895751953,40.560672760009766,8.220094680786133,46.7400016784668,22.279211044311523,52.35924530029297,88.9424057006836,286.1099853515625,78.51143646240234,32.49947738647461,37.33549880981445,34.61768341064453,91.70092010498047,132.15040588378906
2018-06-19,93.77837371826172,43.87525177001953,100.01918029785156,57.61283493041992,87.29957580566406,63.242008209228516,91.56199645996094,46.63410949707031,34.828948974609375,85.1552963256836,24.975887298583984,44.994163513183594,99.6131362915039,41.3713264465332,139.31100463867188,35.03843307495117,24.873289108276367,166.95848083496094,128.14105224609375,121.53840637207031,121.83154296875,53.850067138671875,328.3193359375,149.22764587402344,59.53884506225586,54.929012298583984,56.04971694946289,40.84754943847656,159.41726684570312,78.27464294433594,249.12510681152344,88.01162719726562,24.56385040283203,53.66462707519531,44.91413116455078,193.515380859375,93.03011322021484,39.881595611572266,8.151534080505371,47.075157165527344,22.2620849609375,52.09196472167969,87.45708465576172,278.4962158203125,79.75838470458984,32.60856246948242,37.238502502441406,34.8111572265625,90.94112396240234,127.22351837158203
2018-06-20,94.71746826171875,44.06663131713867,99.58668518066406,57.43436050415039,87.29145812988281,62.844276428222656,91.3796615600586,46.82513427734375,34.557350158691406,85.03475952148438,25.141380310058594,45.444705963134766,98.73400115966797,38.28659439086914,137.27590942382812,34.97446060180664,24.873289108276367,166.84950256347656,127.29917907714844,120.92774200439453,121.68699645996094,53.76591491699219,329.8304138183594,149.48414611816406,59.217018127441406,54.7527961730957,56.70708084106445,41.312076568603516,161.58743286132812,77.78779602050781,249.40513610839844,87.35929870605469,24.547060012817383,54.057987213134766,44.42487335205078,193.0916290283203,94.17283630371094,39.857635498046875,8.137823104858398,49.54512405395508,22.42482566833496,53.04322814941406,86.56592559814453,276.9344177246094,79.22066497802734,32.58561325073242,37.31932830810547,34.726036071777344,91.82317352294922,129.0745086669922
2018-06-21,94.03871154785156,43.82090759277344,99.10523223876953,56.891780853271484,87.26712799072266,63.333126068115234,89.41043853759766,46.74871826171875,34.421539306640625,86.18395233154297,25.031051635742188,44.365108489990234,97.77870178222656,38.53694534301758,135.56158447265625,34.51069259643555,25.051776885986328,167.88037109375,125.65393829345703,118.80693054199219,118.6263198852539,53.42094421386719,324.98919677734375,149.0673370361328,58.66530990600586,54.409156799316406,56.295257568359375,41.07600784301758,160.92532348632812,77.59846496582031,247.3628692626953,87.5495376586914,24.58902931213379,54.10336685180664,44.335174560546875,192.37965393066406,93.59011840820312,39.77774429321289,8.028133392333984,49.39212417602539,24.609060287475586,51.18785095214844,86.3907470703125,278.1501159667969,78.04383850097656,32.55115509033203,37.18192672729492,34.80342102050781,91.0895767211914,126.98211669921875
2018-06-22,93.3599853515625,43.69331359863281,100.23949432373047,58.09832000732422,85.83849334716797,64.15337371826172,91.24108123779297,46.97031784057617,34.54936218261719,87.09208679199219,25.175859451293945,44.628639221191406,97.7994613647461,39.43106460571289,138.9563446044922,34.54267120361328,25.23324966430664,165.44985961914062,126.28377532958984,118.83167266845703,118.97489166259766,54.3801383972168,326.1922607421875,148.3940887451172,59.99860763549805,54.57655715942383,57.166446685791016,41.989830017089844,160.07936096191406,77.46321868896484,246.53941345214844,88.0931625366211,24.337177276611328,53.762962341308594,43.98454284667969,191.56602478027344,93.08307647705078,39.058719635009766,7.986997604370117,49.2609748840332,25.431360244750977,53.28693389892578,86.60398864746094,276.91668701171875,78.690673828125,32.74063491821289,37.61031723022461,34.996910095214844,92.06774139404297,128.0193634033203
2018-06-25,91.4817886352539,43.043540954589844,100.03548431396484,56.92749786376953,85.05925750732422,64.4516372680664,89.42500305175781,46.67232131958008,34.81296920776367,87.59038543701172,25.086212158203125,43.10700607299805,96.0757827758789,39.59201431274414,134.95361328125,33.81503677368164,25.724111557006836,164.58665466308594,125.8338623046875,118.86468505859375,116.11827087402344,54.78402328491211,318.7716064453125,148.5624237060547,58.61933517456055,53.545650482177734,56.57242965698242,41.63192367553711,159.8678436279297,77.3280029296875,246.0369873046875,89.28005981445312,23.909034729003906,53.81592559814453,44.00084686279297,187.76890563964844,90.61601257324219,38.29177474975586,7.884159564971924,48.99138641357422,25.123001098632812,51.99761962890625,83.93810272216797,278.3897705078125,80.95858001708984,32.76934051513672,37.3920783996582,35.60831069946289,91.79698944091797,124.87189483642578
2018-06-26,92.12338256835938,43.57753372192383,99.83965301513672,57.56999969482422,85.11607360839844,64.6256332397461,90.55548858642578,46.39723587036133,34.61325454711914,86.8349380493164,25.086212158203125,42.22294616699219,96.27657318115234,39.708248138427734,135.88250732421875,34.02294158935547,25.578340530395508,164.56988525390625,126.33515930175781,118.8399429321289,115.23407745361328,54.80925369262695,318.86785888671875,147.9452667236328,63.17094421386719,53.580902099609375,55.28940963745117,41.81467819213867,159.04022216796875,76.73294830322266,246.29225158691406,88.98106384277344,23.95940399169922,53.14264678955078,43.568668365478516,187.80284118652344,89.79112243652344,38.1799201965332,7.897871494293213,48.50322723388672,24.840335845947266,52.941017150878906,83.4582290649414,274.5029602050781,80.52215576171875,32.212371826171875,37.367820739746094,35.64699935913086,92.42577362060547,124.87189483642578
2018-06-27,90.69148254394531,43.51374053955078,99.23580932617188,58.333885192871094,83.80110931396484,64.36880493164062,91.89749145507812,45.75538635253906,34.40556716918945,87.01172637939453,24.968992233276367,41.449371337890625,95.16896057128906,38.84989547729492,132.9353485107422,33.847023010253906,25.849061965942383,163.44680786132812,125.26831817626953,118.12197875976562,114.44338989257812,54.44746398925781,317.443359375,147.0957489013672,64.18244934082031,53.298946380615234,55.479496002197266,41.47962951660156,158.91146850585938,76.33624267578125,242.75125122070312,87.8485336303711,23.707550048828125,51.92471694946289,43.44634246826172,186.61624145507812,87.48294830322266,37.70057678222656,7.829314231872559,48.2773551940918,24.848899841308594,54.04166793823242,82.55181884765625,272.062744140625,80.58448028564453,32.14921569824219,37.40016555786133,35.3916015625,91.79698944091797,124.63037872314453
2018-06-28,91.70496368408203,43.830352783203125,99.55406188964844,58.51952362060547,85.17289733886719,64.66706848144531,91.64952850341797,46.0763053894043,34.725093841552734,87.34123229980469,25.072420120239258,41.86590576171875,96.94110870361328,39.198604583740234,132.00645446777344,34.33478546142578,25.542638778686523,163.60601806640625,125.94314575195312,118.1137466430664,115.65068817138672,54.632564544677734,322.09210205078125,146.9434356689453,63.5847053527832,53.98622512817383,52.097652435302734,42.111663818359375,156.1067657470703,77.0755615234375,243.13006591796875,87.85760498046875,24.068540573120117,53.20317840576172,43.73175811767578,189.3623809814453,87.54348754882812,38.57938003540039,7.733331203460693,43.49770736694336,24.352094650268555,53.7822380065918,80.64759826660156,273.0655212402344,81.46517944335938,32.89566421508789,37.33549880981445,34.5789794921875,92.32974243164062,125.28643798828125
2018-06-29,91.68636322021484,43.73820114135742,99.01547241210938,59.06211471557617,84.58035278320312,64.67535400390625,92.21111297607422,46.38194274902344,35.03664016723633,87.49393463134766,25.017263412475586,42.25693893432617,96.70573425292969,39.39530563354492,132.31890869140625,34.40674591064453,25.48016929626465,163.5138702392578,126.42515563964844,118.87293243408203,115.3446044921875,54.5316047668457,322.9198303222656,147.9452667236328,62.5732536315918,53.739505767822266,50.9650993347168,42.14213180541992,156.28150939941406,76.93130493164062,243.28652954101562,88.79082489013672,23.665578842163086,53.58897399902344,45.20769119262695,186.94683837890625,87.85377502441406,37.86834716796875,7.589361190795898,43.72721862792969,24.36922836303711,54.73350524902344,80.9142074584961,273.0477600097656,82.09642791748047,32.60856246948242,37.04450988769531,34.25394058227539,90.59178161621094,125.6279067993164
2018-07-02,92.98806762695312,44.2273063659668,99.21131134033203,58.36960220336914,85.29464721679688,64.73334503173828,90.62113952636719,46.19855880737305,34.948768615722656,88.02434539794922,25.051734924316406,42.67347717285156,96.8165054321289,40.19108581542969,132.4708709716797,34.230831146240234,24.989309310913086,162.6086883544922,125.65393829345703,119.50010681152344,115.8717041015625,54.338077545166016,323.4684753417969,148.50634765625,61.46984100341797,53.74831771850586,51.614532470703125,42.02789306640625,155.43551635742188,77.40913391113281,246.32525634765625,89.69683837890625,23.741140365600586,53.92183303833008,45.92526626586914,189.2267303466797,88.17918395996094,38.123992919921875,7.609928607940674,44.539615631103516,24.17221450805664,53.92375946044922,80.64759826660156,274.0859069824219,81.80805206298828,32.08031463623047,36.559532165527344,33.61931228637695,89.67475891113281,126.85002136230469
2018-07-03,92.09547424316406,43.45703125,100.1334228515625,58.71226119995117,84.10145568847656,64.54279327392578,90.97123718261719,46.389591217041016,35.1404914855957,87.43769073486328,25.065534591674805,42.05293655395508,96.61576080322266,39.98543167114258,132.1415252685547,34.11888885498047,25.120206832885742,162.27346801757812,125.8531494140625,119.60741424560547,113.78025817871094,54.41380310058594,320.4366455078125,148.84292602539062,61.46984100341797,53.580902099609375,51.08388900756836,42.378204345703125,156.557373046875,77.9951400756836,246.60528564453125,88.6458511352539,23.32138442993164,53.959651947021484,45.305538177490234,186.7857666015625,87.5813217163086,37.564762115478516,7.534514904022217,44.2700309753418,24.58336067199707,54.68632888793945,80.55619812011719,274.0593566894531,81.51972198486328,32.419090270996094,36.90709686279297,33.68898391723633,89.08089447021484,126.02326202392578
2018-07-05,92.7556381225586,43.806724548339844,102.00210571289062,58.76222229003906,84.64823913574219,65.62816619873047,90.42420959472656,47.100215911865234,35.67570114135742,88.0404281616211,25.424102783203125,43.14101028442383,97.9032974243164,40.60238265991211,132.85089111328125,34.296173095703125,25.158878326416016,162.935546875,126.82362365722656,119.59089660644531,115.463623046875,55.49919891357422,320.6772766113281,150.1654052734375,61.745704650878906,54.03908157348633,51.551170349121094,42.91510772705078,158.1482391357422,78.04023742675781,246.38284301757812,89.59152221679688,23.438915252685547,55.07924270629883,45.04460906982422,187.09083557128906,87.39972686767578,37.30910873413086,7.575649261474609,45.45037078857422,24.49770736694336,54.1910400390625,80.95989227294922,273.53570556640625,83.21090698242188,33.09089660644531,37.45674514770508,34.70281219482422,89.788330078125,125.53807067871094
2018-07-06,94.05731964111328,44.413978576660156,102.61412048339844,58.77651596069336,84.92572021484375,65.71099853515625,90.54090118408203,47.52812194824219,35.659725189208984,88.0484390258789,25.5895938873291,43.66804885864258,98.63016510009766,41.129905700683594,134.62423706054688,34.417049407958984,25.14103126525879,162.9941864013672,126.90074157714844,120.25106048583984,115.1235580444336,55.34775924682617,322.08251953125,153.09078979492188,63.676673889160156,54.770408630371094,52.65204620361328,43.38300704956055,158.25857543945312,78.7885513305664,246.38284301757812,89.58241271972656,23.531261444091797,56.89479064941406,45.57463455200195,187.98081970214844,87.40729522705078,37.62068557739258,7.582505226135254,46.12068176269531,24.943130493164062,54.757076263427734,80.7618637084961,272.7459716796875,83.27326965332031,33.469852447509766,37.75581359863281,34.85761260986328,89.95425415039062,125.78965759277344
2018-07-09,94.69886779785156,45.030670166015625,102.85889434814453,59.18346405029297,87.55364227294922,64.5096435546875,91.89019775390625,47.39057922363281,35.4680061340332,86.60188293457031,25.62407684326172,44.084590911865234,99.95231628417969,41.782630920410156,135.0634002685547,34.38481140136719,25.563465118408203,164.33522033691406,128.87367248535156,121.6539077758789,119.85055541992188,54.69146728515625,329.0893249511719,155.62342834472656,64.13644409179688,55.01713180541992,53.570770263671875,43.29863739013672,159.2884979248047,79.22130584716797,252.38624572753906,90.8463134765625,24.387544631958008,57.97655487060547,46.29222106933594,193.23573303222656,89.18570709228516,38.67523956298828,7.678483963012695,46.433982849121094,24.62619400024414,55.81843948364258,82.7117691040039,278.3719787597656,81.9483642578125,33.31483840942383,38.208473205566406,34.6698112487793,90.75770568847656,129.77952575683594
2018-07-10,94.94991302490234,44.9763298034668,103.9441909790039,59.72603225708008,87.0150146484375,66.13358306884766,93.0571517944336,47.60454559326172,35.923343658447266,90.72463989257812,25.81025505065918,44.3396110534668,100.17384338378906,42.01509475708008,135.63760375976562,34.537925720214844,25.944265365600586,165.6174774169922,129.48423767089844,122.16553497314453,120.08865356445312,55.30569839477539,334.1326904296875,156.84170532226562,65.14791870117188,55.343143463134766,54.04597854614258,43.09153366088867,159.5,79.38358306884766,254.32139587402344,90.8463134765625,24.20285987854004,58.05976486206055,46.16989517211914,192.2694854736328,89.8592300415039,38.427581787109375,7.712766170501709,46.04782485961914,24.64332389831543,56.400203704833984,82.65084838867188,279.63201904296875,81.64440155029297,33.7397346496582,38.75002670288086,34.96714401245117,91.52626037597656,129.89637756347656
2018-07-11,94.81976318359375,44.3927116394043,103.0139389038086,58.962127685546875,86.82728576660156,65.58672332763672,90.08870697021484,47.29888916015625,35.7795524597168,90.44334411621094,25.658552169799805,43.5235595703125,100.33306884765625,42.59629440307617,133.9486846923828,34.30421829223633,25.741958618164062,165.0642852783203,127.0420913696289,119.26078796386719,116.27131652832031,54.89340591430664,327.8188781738281,154.8059539794922,64.32035064697266,55.131675720214844,53.301483154296875,42.761714935302734,157.9735107421875,78.94180297851562,252.468505859375,91.20094299316406,24.076932907104492,57.50754165649414,45.72141647338867,191.2608642578125,89.5792236328125,38.14796447753906,7.589361190795898,46.38298797607422,23.95807456970215,55.07155990600586,81.75205993652344,276.65924072265625,81.92498016357422,33.69953918457031,38.677276611328125,34.96714401245117,90.6092758178711,127.08367919921875
2018-07-12,96.87458038330078,45.13699722290039,104.25428771972656,59.033531188964844,87.20269775390625,65.363037109375,90.6284408569336,47.87962341308594,35.683685302734375,89.63165283203125,25.872316360473633,44.50112533569336,101.37834167480469,43.052303314208984,134.3709259033203,35.11812210083008,25.73898696899414,165.90240478515625,128.09609985351562,122.04180908203125,118.53277587890625,54.834510803222656,333.0450744628906,155.5513153076172,64.32035064697266,55.529964447021484,53.84797668457031,43.57475662231445,159.04945373535156,80.15895080566406,258.0106506347656,91.97383880615234,24.152490615844727,58.70277404785156,45.68878936767578,192.5830841064453,90.73709106445312,38.363670349121094,7.575649261474609,46.543277740478516,23.940942764282227,56.17218780517578,82.66609191894531,285.85260009765625,81.93276977539062,33.30908966064453,38.71769332885742,34.88106918334961,90.68783569335938,126.52655029296875
2018-07-13,98.02750396728516,45.2078857421875,102.76100158691406,59.47615051269531,86.80278778076172,65.71099853515625,90.46797943115234,48.05537033081055,35.7396125793457,90.56389617919922,25.87921714782715,44.39061737060547,100.99763488769531,43.481475830078125,133.8557891845703,33.66762161254883,26.090028762817383,166.52264404296875,129.29144287109375,121.71995544433594,119.66356658935547,55.32251739501953,337.6264953613281,157.01805114746094,63.86058807373047,55.81318664550781,54.35484313964844,43.61310958862305,159.16896057128906,80.88021087646484,262.1775207519531,91.38278198242188,23.967803955078125,58.536354064941406,45.142452239990234,191.89654541015625,90.23003387451172,38.41161346435547,7.5276594161987305,47.48316955566406,24.02659797668457,56.6046028137207,83.00120544433594,285.4976806640625,82.31465148925781,33.59044647216797,38.45096206665039,35.1392822265625,90.81884002685547,123.63296508789062
2018-07-16,97.54402160644531,45.10865020751953,101.7491226196289,58.89075469970703,90.24684143066406,65.89328002929688,89.69487762451172,47.82614517211914,35.731624603271484,90.7808837890625,25.775779724121094,44.21210479736328,100.69302368164062,43.49942398071289,134.0837860107422,34.247825622558594,26.07217788696289,166.681884765625,129.24649047851562,120.81220245361328,117.39354705810547,55.2131462097168,342.7372131347656,156.19252014160156,63.90654754638672,54.68027877807617,54.04597854614258,43.283294677734375,158.48851013183594,80.30317687988281,262.737548828125,91.55554962158203,25.000394821166992,58.44557189941406,46.47160720825195,196.1597900390625,91.10033416748047,39.06671142578125,7.438534259796143,47.475887298583984,23.975208282470703,55.48823165893555,84.2808609008789,284.2554016113281,82.14320373535156,32.809532165527344,38.12763977050781,34.39596176147461,89.40403747558594,122.45575714111328
2018-07-17,98.51102447509766,45.236244201660156,105.35594177246094,58.76222229003906,90.18156433105469,66.30754852294922,88.91448211669922,47.780277252197266,36.147010803222656,92.32391357421875,25.961957931518555,43.99108123779297,99.32933807373047,43.89439392089844,134.9029083251953,34.118896484375,26.235801696777344,168.54246520996094,129.86338806152344,122.53691864013672,118.1332015991211,55.51798629760742,343.4879150390625,155.42306518554688,62.9410514831543,55.58305740356445,53.808380126953125,43.43669891357422,156.98037719726562,80.75395965576172,261.4611511230469,91.97383880615234,25.19347381591797,58.400177001953125,46.1209716796875,195.8038330078125,91.12303924560547,39.290409088134766,7.445390224456787,47.81833267211914,24.34352684020996,55.25236892700195,84.60076141357422,285.0273742675781,82.97711944580078,32.930118560791016,38.572200775146484,34.60722732543945,92.05899810791016,124.0103530883789
2018-07-18,97.7392807006836,44.9881477355957,104.28694915771484,58.69798278808594,91.02214813232422,66.05075073242188,88.63729858398438,48.09357452392578,36.04315948486328,92.28372192382812,25.968856811523438,43.96558380126953,100.04230499267578,43.661014556884766,133.36598205566406,34.01412582397461,26.20009994506836,168.43353271484375,129.9469757080078,123.08155822753906,119.97810363769531,54.882869720458984,346.71221923828125,154.5254669189453,63.21693420410156,57.30896759033203,53.776702880859375,43.62845230102539,163.45416259765625,81.16869354248047,263.33050537109375,93.63782501220703,25.294218063354492,58.33966064453125,46.129127502441406,195.99026489257812,92.43982696533203,40.39289474487305,7.452244758605957,48.20449447631836,24.10368537902832,55.30741500854492,85.43101501464844,287.2547302246094,80.97418212890625,32.9760627746582,38.24080276489258,33.71523666381836,93.22928619384766,125.09773254394531
2018-07-19,97.0698013305664,45.33783721923828,102.7691421508789,58.54806900024414,89.68372344970703,65.82246398925781,88.73942565917969,47.76499938964844,36.03517532348633,93.03915405273438,25.761985778808594,44.18659973144531,103.30967712402344,43.481475830078125,132.92691040039062,34.167236328125,26.09597396850586,169.8247833251953,129.5613555908203,121.75296783447266,119.25955200195312,55.67888259887695,341.99609375,153.69192504882812,63.1249885559082,56.450439453125,52.38277053833008,43.36765670776367,161.75296020507812,80.62775421142578,263.19049072265625,91.08272552490234,24.908039093017578,58.286712646484375,45.933441162109375,194.62570190429688,91.38033294677734,39.82567596435547,7.417965888977051,47.308311462402344,24.086563110351562,54.788536071777344,85.94894409179688,287.65399169921875,80.70140838623047,32.69469451904297,38.19229507446289,33.918670654296875,92.91487884521484,126.07723236083984
2018-07-20,98.80853271484375,45.23387908935547,102.69570922851562,58.112606048583984,90.81813049316406,65.78067016601562,89.17701721191406,47.77264404296875,36.17097473144531,93.23204040527344,25.741294860839844,44.12709426879883,101.3091049194336,43.55328369140625,133.39979553222656,33.852962493896484,26.197120666503906,169.67393493652344,129.7862548828125,126.36595153808594,117.03553771972656,55.84825897216797,341.5822448730469,152.6740264892578,60.3204460144043,56.04330062866211,51.68581008911133,43.498046875,163.7667999267578,79.76223754882812,265.6197814941406,91.06453704833984,25.294218063354492,58.52878189086914,45.9986572265625,196.37168884277344,90.70680236816406,40.161216735839844,7.341492652893066,47.344749450683594,24.10368537902832,55.2661247253418,85.3624496459961,287.4498596191406,81.58206176757812,33.096641540527344,38.08721923828125,33.92649459838867,91.70092010498047,123.26451110839844
2018-07-23,100.38919067382812,45.274044036865234,103.33219146728516,58.112606048583984,92.50747680664062,65.63854217529297,88.49144744873047,47.90254592895508,35.90736389160156,91.93012237548828,25.658552169799805,44.467132568359375,100.85916900634766,43.68793487548828,134.05853271484375,33.89326095581055,26.06920051574707,169.4895477294922,127.78760528564453,126.83629608154297,116.5736083984375,55.75510787963867,340.01336669921875,152.25721740722656,59.722747802734375,55.93709945678711,52.54116439819336,42.861427307128906,163.1506805419922,80.13188934326172,262.144775390625,92.03746795654297,25.814708709716797,58.536354064941406,47.29520034790039,198.12615966796875,91.80413818359375,40.536705017089844,7.278923034667969,47.60703659057617,24.232173919677734,55.24244689941406,85.84992980957031,281.00750732421875,82.17436981201172,33.067928314208984,38.17613983154297,33.55876922607422,91.18566131591797,121.79073333740234
2018-07-24,100.10094451904297,45.60246276855469,105.5599365234375,59.261993408203125,93.16041564941406,66.03982543945312,90.32939147949219,48.46034240722656,36.15499496459961,92.21138763427734,25.996431350708008,44.35661315917969,101.32990264892578,43.68793487548828,133.37442016601562,34.159175872802734,26.167373657226562,169.2884063720703,128.97010803222656,128.04112243652344,118.01925659179688,55.27240753173828,344.8257751464844,153.4033966064453,60.3204460144043,56.99920654296875,52.333683013916016,44.68694305419922,162.24032592773438,84.16189575195312,265.63623046875,92.48302459716797,25.881866455078125,58.740596771240234,47.580596923828125,199.92298889160156,91.79657745361328,40.72844696044922,7.348445415496826,47.730899810791016,23.94951057434082,55.9292106628418,85.644287109375,280.5638732910156,82.73550415039062,33.297611236572266,38.23270797729492,33.71523666381836,92.61792755126953,125.6638412475586
2018-07-25,103.04837036132812,46.03250503540039,104.9560775756836,59.67605209350586,94.00100708007812,66.441162109375,91.09520721435547,49.2779541015625,36.81802749633789,92.58910369873047,26.1964054107666,44.56914138793945,101.49604034423828,43.939273834228516,134.17669677734375,34.779666900634766,26.149526596069336,168.4586944580078,131.3479766845703,130.40121459960938,120.16630554199219,55.84825897216797,342.5639953613281,154.71775817871094,60.27447509765625,57.733829498291016,52.66087341308594,45.28522872924805,163.22430419921875,86.93876647949219,267.1103210449219,93.319580078125,26.083351135253906,59.70132064819336,47.482749938964844,200.6095428466797,94.45284271240234,40.7763786315918,7.313683986663818,48.597938537597656,24.223609924316406,56.45022201538086,91.55498504638672,262.2216491699219,82.8913803100586,33.21722412109375,38.18422317504883,34.07515335083008,95.43885803222656,126.9937973022461
2018-07-26,101.92333984375,45.88837432861328,106.31066131591797,60.140098571777344,93.73168182373047,66.95951080322266,90.40233612060547,48.91118240356445,36.93785858154297,92.42034149169922,26.31362533569336,44.3396110534668,101.55831909179688,43.86746597290039,131.85443115234375,35.07781982421875,26.247699737548828,167.11769104003906,133.64866638183594,131.30902099609375,121.96260833740234,56.686622619628906,345.8363952636719,155.5272979736328,60.458377838134766,58.114402770996094,52.94016647338867,44.4261474609375,163.62889099121094,85.81181335449219,265.9410095214844,93.20136260986328,25.974212646484375,59.12641143798828,47.54799270629883,200.96546936035156,92.02359771728516,40.73644256591797,6.875696182250977,49.20996856689453,24.531972885131836,56.679161071777344,90.54194641113281,262.05303955078125,84.21625518798828,32.212371826171875,38.56412124633789,34.56026077270508,96.64405822753906,128.26083374023438
2018-07-27,100.11953735351562,45.12519454956055,107.3470230102539,58.48381805419922,94.6947021484375,67.36917877197266,91.8756103515625,48.51384353637695,36.91389846801758,91.84171295166016,26.48602294921875,40.53129959106445,100.47843170166016,43.652034759521484,132.98602294921875,34.30421829223633,26.21794891357422,165.22360229492188,133.30169677734375,131.49053955078125,121.94551849365234,56.44950866699219,347.1164855957031,154.23692321777344,60.04458236694336,57.76035690307617,53.20351791381836,43.65913009643555,162.99436950683594,87.09202575683594,266.8880310058594,94.42890167236328,26.074953079223633,58.10516357421875,47.80892562866211,201.41470336914062,90.06356048583984,40.784366607666016,6.903504848480225,50.011436462402344,24.58336067199707,56.402835845947266,90.38199615478516,267.678955078125,84.20068359375,33.24592971801758,38.48329162597656,35.19404602050781,95.57858276367188,126.52655029296875
2018-07-30,97.97174835205078,44.87236785888672,107.85292053222656,58.35531234741211,95.26600646972656,67.05147552490234,93.2322006225586,49.52246856689453,36.92985916137695,91.76133728027344,26.610145568847656,40.53980255126953,100.71379089355469,42.844146728515625,133.965576171875,33.98189926147461,26.441064834594727,165.34091186523438,131.8235626220703,129.49349975585938,119.54187774658203,56.28013229370117,337.8863525390625,152.78623962402344,60.504356384277344,57.680702209472656,53.81001663208008,45.20084762573242,162.58056640625,88.37226867675781,263.6105041503906,91.70103454589844,26.284820556640625,57.73446273803711,47.694766998291016,202.52496337890625,88.83002471923828,40.9049186706543,7.00083589553833,50.39030838012695,25.457059860229492,57.050174713134766,90.42007446289062,261.6270751953125,84.17732238769531,33.56173324584961,38.273128509521484,35.929542541503906,95.84058380126953,124.19009399414062
2018-07-31,98.63188171386719,44.9621467590332,108.13853454589844,58.19112014770508,93.81331634521484,67.61998748779297,92.09440612792969,50.33244323730469,37.2494010925293,92.42034149169922,27.534156799316406,40.888328552246094,100.326171875,42.79926300048828,133.03668212890625,34.07859420776367,26.54518699645996,165.54205322265625,136.4507293701172,131.74639892578125,123.0062255859375,56.74589538574219,342.9296875,157.531005859375,62.66521453857422,58.008182525634766,51.759117126464844,45.06279754638672,164.98988342285156,89.08450317382812,268.5432434082031,90.49169158935547,25.923839569091797,58.87677001953125,46.716243743896484,201.2366943359375,90.11653137207031,40.631675720214844,6.979979991912842,49.26825714111328,24.840335845947266,56.97125244140625,91.31887817382812,266.649658203125,88.73646545410156,33.69380187988281,39.00868225097656,36.03908157348633,96.64405822753906,130.11203002929688
2018-08-01,98.81784057617188,47.610877990722656,108.23644256591797,57.391536712646484,94.39275360107422,67.42770385742188,91.45259094238281,50.042076110839844,37.05767822265625,91.30326843261719,27.768606185913086,41.49188232421875,99.33623504638672,42.5030517578125,132.5130615234375,33.73209762573242,26.250673294067383,164.51962280273438,133.0638885498047,129.46878051757812,118.50679016113281,55.95834732055664,339.5225524902344,156.9619598388672,60.87215805053711,57.33552169799805,51.144657135009766,45.7301025390625,168.2175750732422,88.98534393310547,267.5797424316406,90.42802429199219,26.234455108642578,58.92972946166992,47.00980758666992,200.05860900878906,88.74678039550781,40.32630157470703,6.882648468017578,48.40849304199219,24.57480239868164,56.68704605102539,90.91516876220703,267.0135192871094,87.55187225341797,33.34928894042969,38.887451171875,35.27229690551758,95.83182525634766,127.52400970458984
2018-08-02,100.01728820800781,49.00259017944336,107.10220336914062,57.048851013183594,94.7926254272461,68.55636596679688,90.26375579833984,49.83576583862305,36.889915466308594,92.17121124267578,27.57387924194336,42.061431884765625,98.96240997314453,42.99674606323242,131.2379608154297,34.271995544433594,26.405366897583008,163.98318481445312,132.08705139160156,128.6518096923828,118.053466796875,56.94065856933594,336.60626220703125,157.39474487304688,60.55031967163086,57.15851974487305,50.89726257324219,45.461639404296875,173.70741271972656,89.67955780029297,265.1833801269531,90.68263244628906,26.259647369384766,58.7254524230957,47.53167724609375,198.32107543945312,88.87541961669922,40.028953552246094,6.896553039550781,48.80196762084961,25.474193572998047,56.48970413208008,90.33626556396484,265.05224609375,89.91329193115234,33.77994155883789,39.881656646728516,35.788700103759766,95.47374725341797,127.68572235107422
2018-08-03,100.4542465209961,49.14434814453125,107.67339324951172,57.255882263183594,95.55978393554688,68.832275390625,90.47525024414062,50.37828826904297,37.241416931152344,93.46509552001953,28.19281768798828,42.18894577026367,102.24363708496094,43.50840377807617,131.91351318359375,34.51375961303711,26.65526008605957,163.96646118164062,133.2181396484375,127.94208526611328,118.4811782836914,57.16082763671875,335.3646240234375,158.68511962890625,60.41239547729492,57.733829498291016,51.78305435180664,45.377262115478516,174.02923583984375,90.68029022216797,263.9728088378906,91.64649963378906,26.452730178833008,58.952423095703125,47.97201156616211,198.4058380126953,88.84514617919922,40.10930633544922,6.979979991912842,48.9768180847168,25.636945724487305,56.27656173706055,90.75521087646484,263.7745361328125,90.94979858398438,34.29670715332031,40.374725341796875,36.96235275268555,96.89733123779297,128.82701110839844
2018-08-06,100.53795623779297,49.399539947509766,107.73052978515625,57.24161911010742,95.58428192138672,68.99111938476562,90.65760803222656,50.59988784790039,37.265377044677734,94.33304595947266,28.540531158447266,42.16327667236328,101.08759307861328,43.68793487548828,132.34423828125,34.89248275756836,26.67608642578125,164.00831604003906,132.83897399902344,127.88433837890625,119.31085205078125,57.05921936035156,333.5648193359375,158.38055419921875,60.22848892211914,57.7426643371582,51.90277099609375,45.553688049316406,172.7510986328125,91.96051788330078,260.9835510253906,91.76470184326172,26.46112632751465,58.90702438354492,48.02093505859375,199.96534729003906,89.71542358398438,40.173614501953125,6.973025798797607,49.12253189086914,25.61981201171875,56.6239013671875,91.0522689819336,262.1595458984375,90.87187957763672,34.57231521606445,40.463623046875,36.85280227661133,96.34711456298828,129.33920288085938
2018-08-07,101.23527526855469,48.93642044067383,107.2735595703125,58.019771575927734,95.93521118164062,69.0914535522461,91.29943084716797,50.874969482421875,37.14554977416992,91.7934799194336,28.40144920349121,42.50537872314453,101.76600646972656,43.51737976074219,131.7699737548828,35.11812210083008,26.70583724975586,165.1481475830078,134.0407257080078,129.03140258789062,121.79154205322266,56.93218994140625,337.59759521484375,160.61663818359375,60.504356384277344,57.30012512207031,52.22994613647461,45.23920822143555,173.1280975341797,91.90643310546875,261.3869934082031,92.71942901611328,26.452730178833008,59.29282760620117,47.96385955810547,201.5757293701172,90.32843017578125,40.28610610961914,7.00778865814209,48.852943420410156,25.6968994140625,57.5474967956543,91.4102554321289,262.0086975097656,88.8455810546875,34.1990966796875,40.617210388183594,36.367706298828125,96.03271484375,131.3072052001953
2018-08-08,101.80248260498047,48.969505310058594,107.03690338134766,57.6342658996582,96.13108825683594,68.84898376464844,90.35128784179688,50.959014892578125,36.865962982177734,91.20682525634766,28.7978458404541,42.72773361206055,101.68289947509766,43.43658447265625,134.20204162597656,35.3276252746582,26.789133071899414,165.9611358642578,133.1217041015625,128.0741424560547,119.50763702392578,56.39022445678711,334.72943115234375,157.25047302246094,59.99860763549805,57.388633728027344,54.40053176879883,46.151954650878906,174.2223663330078,92.20396423339844,259.6576843261719,93.4559555053711,26.696189880371094,58.18080520629883,48.26556396484375,200.33827209472656,90.58573150634766,40.278076171875,6.986932754516602,48.44493103027344,26.219406127929688,56.355499267578125,91.84443664550781,261.7335205078125,87.3882064819336,33.65359878540039,40.39088439941406,35.3818244934082,95.41265106201172,130.1300048828125
2018-08-09,101.9698257446289,49.35463333129883,107.0613784790039,57.3415641784668,95.38842010498047,68.05474853515625,89.36665344238281,50.431766510009766,37.02572250366211,91.37559509277344,28.512723922729492,42.881683349609375,101.298095703125,43.57123565673828,134.52293395996094,35.27928924560547,26.63353729248047,166.0113525390625,131.60501098632812,127.05087280273438,118.48973083496094,55.8313102722168,332.4564208984375,155.46316528320312,59.49286651611328,57.211605072021484,54.71974563598633,45.66107177734375,170.50729370117188,92.13182830810547,259.9870300292969,93.64690399169922,26.528287887573242,59.03561782836914,48.002716064453125,198.14306640625,89.97272491455078,39.73161697387695,6.8896026611328125,48.21177673339844,25.5427188873291,56.63969039916992,92.06532287597656,258.6099853515625,86.67119598388672,34.00387191772461,40.60912322998047,35.42094802856445,95.79861450195312,125.65486907958984
2018-08-10,101.34687042236328,49.2076301574707,106.69418334960938,57.28384780883789,94.44987487792969,68.0798110961914,89.95742797851562,50.485267639160156,36.81005096435547,90.70854187011719,28.46404266357422,41.778419494628906,101.09516143798828,43.373756408691406,133.9993896484375,35.27928924560547,26.98362159729004,164.51962280273438,129.7926483154297,126.33290100097656,116.26567077636719,55.407901763916016,328.28765869140625,155.82383728027344,58.71128463745117,56.671722412109375,55.10279083251953,45.49232864379883,168.5394287109375,92.1859359741211,257.8542785644531,92.36481475830078,26.184091567993164,58.04465103149414,47.68238067626953,194.60874938964844,88.64839172363281,38.88779067993164,6.771414756774902,48.44493103027344,25.81682014465332,56.78966522216797,90.84661102294922,258.51239013671875,85.79832458496094,33.90625,40.31005859375,35.35054016113281,94.26351165771484,123.1566390991211
2018-08-13,100.6123275756836,49.52537155151367,106.26170349121094,56.66355514526367,92.9482192993164,68.15505981445312,89.30101776123047,50.98194122314453,36.61033248901367,90.82909393310547,28.380584716796875,41.43633270263672,99.85665893554688,43.09549331665039,133.54336547851562,35.2551155090332,26.822050094604492,162.7092742919922,128.43026733398438,125.72227478027344,115.495849609375,55.509525299072266,327.27203369140625,156.77755737304688,57.24005126953125,56.14067077636719,55.46189498901367,45.57669448852539,167.1416473388672,92.35723114013672,258.2823791503906,92.57395935058594,25.588043212890625,58.37746810913086,47.320953369140625,192.27793884277344,88.22459411621094,38.05201721191406,6.57675313949585,48.43764877319336,25.60267448425293,56.102882385253906,90.00115203857422,259.1335144042969,86.53091430664062,33.8660774230957,39.86548614501953,35.57744216918945,93.05298614501953,123.03085327148438
2018-08-14,101.86753845214844,49.73401641845703,105.67416381835938,56.48323059082031,93.5684585571289,67.9794921875,89.40312194824219,50.78327178955078,36.65826416015625,90.89340209960938,28.31103515625,41.15409469604492,100.31147766113281,43.29296112060547,135.62075805664062,35.45658493041992,27.18410301208496,161.83766174316406,128.8673095703125,127.19114685058594,115.41026306152344,55.48411178588867,328.0264892578125,156.89779663085938,56.78028869628906,56.31767654418945,56.9621467590332,45.99088668823242,170.3969268798828,92.86762237548828,262.3587646484375,92.91038513183594,25.848291397094727,58.48337936401367,47.69880294799805,194.56639099121094,88.97380828857422,38.46187210083008,6.604561805725098,50.0260009765625,26.205093383789062,56.95545196533203,90.62572479248047,260.7662658691406,86.60884857177734,33.99812316894531,40.36662673950195,35.835636138916016,93.72842407226562,124.59446716308594
2018-08-15,100.48615264892578,49.8502082824707,106.4330825805664,55.49506759643555,92.79313659667969,68.80718231201172,86.01896667480469,51.478607177734375,36.81005096435547,91.17466735839844,28.623985290527344,40.589637756347656,100.69633483886719,42.94289016723633,135.0127410888672,35.343753814697266,26.995594024658203,162.58352661132812,129.4263916015625,126.40717315673828,112.92963409423828,55.74663543701172,320.8883361816406,156.49705505371094,56.1826057434082,56.17606735229492,57.169639587402344,46.22099685668945,170.56246948242188,93.67445373535156,261.62591552734375,92.3011703491211,25.487300872802734,56.61490249633789,47.633094787597656,194.3036346435547,87.39972686767578,38.13237762451172,6.569800853729248,50.077003479003906,25.869462966918945,53.53732681274414,91.44073486328125,258.6810302734375,90.76278686523438,34.555091857910156,40.23236083984375,36.172088623046875,93.88630676269531,121.94352722167969
2018-08-16,100.46748352050781,50.58049774169922,108.10588836669922,56.25962829589844,93.66641235351562,69.96928405761719,86.63749694824219,52.6095085144043,36.921875,91.817626953125,28.80480194091797,40.34162902832031,101.69693756103516,43.176273345947266,136.574951171875,36.391326904296875,29.51502799987793,163.75689697265625,130.55747985839844,127.78793334960938,116.55651092529297,56.500308990478516,334.64239501953125,158.51441955566406,56.5504035949707,56.78677749633789,58.414527893066406,46.87297058105469,173.05453491210938,94.60820770263672,268.3456726074219,93.33773040771484,25.789520263671875,57.182247161865234,48.183433532714844,197.48202514648438,88.02786254882812,38.81547546386719,6.611515045166016,50.7254638671875,26.273937225341797,54.79248046875,92.24812316894531,259.10693359375,92.16560363769531,34.928314208984375,40.81013488769531,36.46158981323242,94.64948272705078,123.42626190185547
2018-08-17,100.41150665283203,51.59060287475586,109.72975158691406,56.44717788696289,93.66641235351562,69.96928405761719,86.74058532714844,52.769981384277344,37.22542953491211,92.38819122314453,29.270751953125,40.28175735473633,102.20069885253906,43.40966796875,136.08518981933594,36.963478088378906,29.278640747070312,163.89935302734375,131.5985870361328,128.67523193359375,119.19115447998047,57.16082763671875,335.0485534667969,159.3052215576172,56.5504035949707,57.282413482666016,58.79759216308594,46.70420837402344,173.19244384765625,95.68701171875,267.82684326171875,93.68327331542969,25.80631446838379,55.16244888305664,48.34770965576172,197.80409240722656,87.49050903320312,38.8717155456543,6.63932466506958,51.31938552856445,26.979623794555664,55.07666778564453,93.47604370117188,261.2367248535156,93.17874145507812,35.025936126708984,41.13563537597656,36.93887710571289,95.10560607910156,126.33780670166016
2018-08-20,99.748779296875,51.08792495727539,111.6963882446289,56.84386444091797,93.54399108886719,69.92747497558594,86.70374298095703,53.61814498901367,37.32927703857422,92.29175567626953,29.43764305114746,39.768611907958984,102.51557922363281,43.463523864746094,136.53273010253906,37.24551773071289,28.725086212158203,165.8856964111328,131.4893798828125,128.92396545410156,118.61800384521484,57.29634094238281,339.24639892578125,159.41819763183594,56.5504035949707,57.211605072021484,59.5477294921875,46.267024993896484,172.77865600585938,95.9317626953125,266.9950866699219,94.41067504882812,25.915447235107422,54.73883056640625,48.48735046386719,199.83822631835938,87.55863189697266,38.80743408203125,6.757510662078857,51.31938552856445,27.022661209106445,55.66871643066406,94.05165100097656,263.99627685546875,92.04869842529297,35.02018737792969,41.314659118652344,37.22838592529297,96.25473022460938,126.28386688232422
2018-08-21,98.9181137084961,50.98833084106445,110.44786834716797,56.85829544067383,94.11526489257812,70.14486694335938,86.84367370605469,52.85403060913086,36.921875,91.39166259765625,29.319419860839844,40.72646713256836,102.13775634765625,43.45454025268555,135.99227905273438,36.890953063964844,28.749025344848633,167.81333923339844,132.18988037109375,130.1761474609375,119.74715423583984,57.0761604309082,342.1770935058594,159.21644592285156,58.067623138427734,57.30896759033203,58.80558395385742,46.08293533325195,171.08660888671875,95.25186920166016,267.13507080078125,95.30179595947266,26.041372299194336,55.465057373046875,48.429840087890625,202.27072143554688,87.94461822509766,39.00833511352539,6.854839324951172,51.51002883911133,26.988235473632812,55.96079635620117,94.40465545654297,264.5998229980469,91.13687133789062,34.41154479980469,41.290252685546875,36.0938606262207,97.43895721435547,129.24937438964844
2018-08-22,99.9261474609375,50.99070358276367,109.84400939941406,57.67334747314453,93.8296127319336,69.71846771240234,87.56526947021484,52.75468444824219,36.690208435058594,90.20223999023438,29.256824493408203,40.23899841308594,101.62698364257812,43.80461120605469,135.57852172851562,37.06016540527344,28.626344680786133,166.75729370117188,131.2708282470703,129.47128295898438,119.43921661376953,56.72895050048828,338.5596008300781,159.6440887451172,57.33200454711914,58.12324905395508,58.98112487792969,46.45877456665039,171.37171936035156,95.21558380126953,265.10107421875,96.229248046875,26.007795333862305,55.84329605102539,48.60234451293945,202.85556030273438,87.55107116699219,39.05656051635742,6.7366533279418945,51.0627555847168,27.31525993347168,56.837039947509766,93.52976989746094,263.7656555175781,90.35753631591797,34.061283111572266,41.094947814941406,35.79652404785156,97.01789093017578,128.15304565429688
2018-08-23,100.39281463623047,51.09503936767578,110.25202941894531,57.03861618041992,93.63375854492188,69.59307861328125,86.96147155761719,52.701202392578125,36.506500244140625,89.95311737060547,29.34722900390625,40.17913055419922,101.71791076660156,43.948246002197266,134.31182861328125,37.08434295654297,28.47972297668457,167.75462341308594,131.17376708984375,130.9473876953125,117.00987243652344,56.37327194213867,336.0932312011719,158.64353942871094,57.65383529663086,58.26487350463867,58.76567840576172,46.090606689453125,170.85678100585938,95.02523040771484,263.52813720703125,95.81098937988281,25.89026641845703,55.48017120361328,48.15057373046875,200.31285095214844,87.07430267333984,38.678855895996094,6.694940567016602,50.79879379272461,27.805795669555664,56.87651824951172,93.406982421875,264.0673828125,90.55238342285156,34.3483772277832,41.103084564208984,35.67133712768555,96.28982543945312,126.86799621582031
2018-08-24,101.17686462402344,51.25389862060547,110.93746948242188,57.42810821533203,93.59294891357422,69.69337463378906,87.63155364990234,52.75468444824219,36.4505615234375,90.12992858886719,29.486316680908203,40.76070022583008,102.18672180175781,44.217533111572266,134.59046936035156,37.32609939575195,28.410907745361328,168.71011352539062,132.81712341308594,130.6156463623047,118.22454071044922,56.63579559326172,337.93096923828125,158.67579650878906,57.46994400024414,58.50384521484375,59.11680221557617,45.998565673828125,170.78317260742188,95.88644409179688,264.58221435546875,96.16563415527344,25.932235717773438,55.66928482055664,48.208065032958984,199.27037048339844,87.33917999267578,38.686893463134766,6.729702949523926,50.747467041015625,26.850534439086914,57.31856918334961,94.19745635986328,265.54638671875,90.66925048828125,33.751216888427734,41.2577018737793,35.97648239135742,97.03545379638672,130.08505249023438
2018-08-27,102.29688262939453,51.67596435546875,110.83070373535156,57.990699768066406,95.24967193603516,69.7602767944336,88.61824798583984,52.716487884521484,36.498497009277344,90.33887481689453,28.916065216064453,41.35080337524414,102.64152526855469,44.280364990234375,135.5194091796875,37.54366683959961,28.28822135925293,169.27996826171875,134.78392028808594,132.14151000976562,121.50069427490234,56.81362533569336,342.1480407714844,160.2573699951172,58.71128463745117,59.15877914428711,59.81904983520508,46.02924346923828,171.960205078125,95.2881088256836,267.09393310546875,97.33859252929688,26.284820556640625,56.59975814819336,48.54484558105469,205.6185760498047,88.00513458251953,40.09324645996094,6.945216655731201,50.916107177734375,26.841930389404297,57.5001335144043,95.0493392944336,267.4085693359375,89.80418395996094,33.88328552246094,41.32278823852539,35.890419006347656,97.48281860351562,131.3791046142578
2018-08-28,102.91291046142578,52.0932731628418,110.33782958984375,57.90416717529297,94.78446960449219,69.79373168945312,88.25743865966797,52.44139862060547,36.24287414550781,89.34235382080078,28.860429763793945,41.5389518737793,102.57156372070312,43.661014556884766,136.49900817871094,37.833770751953125,28.74603271484375,169.2716064453125,135.49557495117188,132.763427734375,121.46652221679688,56.55112838745117,339.70098876953125,160.27352905273438,58.66530990600586,59.11454772949219,59.78712844848633,46.151954650878906,172.843017578125,95.3515853881836,267.09393310546875,97.54771423339844,26.251249313354492,56.68297576904297,48.520198822021484,205.4236602783203,88.156494140625,40.181644439697266,6.959123611450195,50.79879379272461,26.773090362548828,56.87651824951172,94.20512390136719,267.6579895019531,89.86652374267578,33.56173324584961,41.05426025390625,35.50702667236328,96.37754821777344,131.64871215820312
2018-08-29,104.55565643310547,52.870994567871094,110.78140258789062,58.322486877441406,94.47437286376953,69.80207824707031,88.52252197265625,52.57893753051758,36.21092224121094,90.04954528808594,28.860429763793945,41.692893981933594,103.23629760742188,43.88540267944336,137.74034118652344,38.2608757019043,28.61736488342285,169.8949737548828,136.16197204589844,132.9292449951172,121.34674072265625,56.70354461669922,338.71441650390625,161.18531799316406,59.63079833984375,59.415470123291016,59.41205978393555,46.880638122558594,175.1419219970703,95.48756408691406,267.07745361328125,97.02943420410156,26.142114639282227,57.2049446105957,48.429840087890625,205.2790985107422,87.98998260498047,40.14146041870117,6.931313991546631,50.34418487548828,26.403026580810547,58.052730560302734,94.75770568847656,264.7178039550781,89.71844482421875,33.54450607299805,41.01356887817383,35.741756439208984,97.9477310180664,131.19036865234375
2018-08-30,104.49030303955078,53.3570671081543,110.85533905029297,58.07006072998047,94.00916290283203,69.7352066040039,88.22061157226562,52.37263107299805,35.90736389160156,89.97724151611328,28.860429763793945,41.25673294067383,102.1097412109375,43.427616119384766,137.47860717773438,37.99493408203125,28.7550048828125,167.85638427734375,136.0066680908203,132.22438049316406,118.9516372680664,56.093833923339844,335.5322265625,161.66952514648438,58.71128463745117,59.318084716796875,59.47589874267578,46.55081558227539,174.53501892089844,95.6235580444336,265.0433349609375,96.59298706054688,26.03297996520996,57.7117805480957,48.01914978027344,203.5783233642578,87.33917999267578,39.61910629272461,6.743606090545654,49.7136116027832,26.71284294128418,58.068511962890625,94.28185272216797,266.12554931640625,89.1417236328125,33.69380187988281,40.99729919433594,35.71045684814453,97.07054901123047,128.79104614257812
2018-08-31,104.84498596191406,53.97355651855469,110.64175415039062,57.824798583984375,93.5113296508789,69.35059356689453,87.22657012939453,52.41084671020508,35.60380935668945,90.01741027832031,28.87433624267578,41.419212341308594,102.4946060180664,43.60714340209961,137.8524932861328,38.494564056396484,28.683191299438477,169.1283721923828,136.4595489501953,131.90101623535156,118.77198028564453,56.23780822753906,331.55694580078125,161.2338104248047,59.49286651611328,59.15877914428711,60.04249954223633,46.44343566894531,173.19244384765625,95.77767944335938,265.5074157714844,96.36566162109375,25.965816497802734,57.28816223144531,48.03556823730469,202.22621154785156,87.70242309570312,39.24139404296875,6.590658187866211,50.2708625793457,27.108715057373047,57.965904235839844,94.30491638183594,265.94732666015625,90.0457763671875,33.6019287109375,41.01356887817383,35.999961853027344,96.96528625488281,129.222412109375
2018-09-04,104.26628875732422,54.14664840698242,109.84494018554688,57.91136169433594,93.97652435302734,69.14159393310547,87.52847290039062,51.92179870605469,35.755592346191406,89.20572662353516,28.770021438598633,41.01725769042969,101.9348373413086,43.60714340209961,137.4190673828125,38.462318420410156,28.533584594726562,172.75917053222656,134.95860290527344,132.3819580078125,118.25019836425781,55.23854446411133,334.90350341796875,158.7484588623047,58.251522064208984,59.39774703979492,59.05295181274414,46.38973617553711,171.10499572753906,94.8438949584961,266.7503967285156,97.30224609375,26.142114639282227,56.19882583618164,48.298439025878906,202.09869384765625,87.14997100830078,39.14495086669922,6.583706855773926,49.58160400390625,27.45295524597168,57.7132568359375,95.42538452148438,265.198974609375,88.59619140625,33.940711975097656,40.753170013427734,35.929542541503906,96.3863296508789,127.3352279663086
2018-09-05,101.26083374023438,53.793357849121094,111.60285186767578,58.68313217163086,93.51948547363281,69.6348876953125,87.56526947021484,52.43376159667969,36.250850677490234,90.90945434570312,29.103839874267578,40.8120002746582,102.62055206298828,43.12241744995117,138.71066284179688,38.09164047241211,28.910598754882812,171.97569274902344,137.0482940673828,134.16488647460938,120.26038360595703,56.39022445678711,335.3194580078125,159.57150268554688,57.74578857421875,58.41533279418945,59.763179779052734,46.94199752807617,170.05667114257812,95.84111022949219,266.26971435546875,96.0928726196289,26.17569351196289,56.38039016723633,48.42163848876953,202.01365661621094,86.65052032470703,39.152984619140625,6.597609519958496,50.036216735839844,27.504589080810547,57.62643814086914,95.67098999023438,264.39715576171875,90.94202423095703,34.82497024536133,40.54973602294922,35.64004135131836,97.01789093017578,130.19293212890625
2018-09-06,101.49418640136719,52.899452209472656,112.4325180053711,58.03397750854492,93.11958312988281,69.09980010986328,84.84819030761719,53.01449203491211,36.56239700317383,91.96934509277344,29.05514907836914,40.41859817504883,102.4316177368164,42.82620620727539,139.13555908203125,38.099700927734375,28.859739303588867,173.44149780273438,137.63706970214844,136.0058135986328,121.0986557006836,56.73741912841797,339.7589416503906,158.2803955078125,57.515907287597656,58.26487350463867,60.70484161376953,46.742576599121094,170.28659057617188,95.52384185791016,272.5509033203125,95.83827209472656,26.02385139465332,55.13219451904297,47.583797454833984,199.42855834960938,85.71212768554688,38.518131256103516,6.555898189544678,49.88224411010742,28.020950317382812,55.68451690673828,94.93421173095703,268.7984619140625,91.22504425048828,34.90535354614258,40.20794677734375,36.78239440917969,98.24597930908203,130.39060974121094
2018-09-07,100.99949645996094,52.4726448059082,112.80219268798828,59.022151947021484,93.29914093017578,68.48114776611328,84.38428497314453,53.236083984375,36.522457122802734,91.35350799560547,29.34722900390625,39.72584533691406,101.77391052246094,42.915958404541016,139.27149963378906,37.914344787597656,28.67421531677246,173.72789001464844,137.527099609375,135.01071166992188,120.88481903076172,56.74589538574219,337.8342590332031,158.4014129638672,57.01017379760742,58.60118865966797,61.67841339111328,47.026371002197266,173.42234802246094,97.0287094116211,272.2360534667969,96.45655822753906,26.032289505004883,54.63291931152344,47.14847183227539,198.9098663330078,81.52719116210938,38.75117874145508,6.444664001464844,49.999576568603516,27.857433319091797,55.43190002441406,94.38932037353516,267.75604248046875,90.76910400390625,34.985740661621094,40.1265754699707,37.20491409301758,97.81614685058594,132.66415405273438
2018-09-10,102.09154510498047,51.768436431884766,112.71182250976562,58.93557357788086,92.80130767822266,68.87406921386719,84.29594421386719,53.15202331542969,36.7940559387207,92.02607727050781,29.2498722076416,39.59756851196289,101.91380310058594,43.85847854614258,140.2656707763672,37.93046569824219,28.994386672973633,177.48500061035156,137.7599639892578,135.47509765625,121.5092544555664,56.87290954589844,330.6573791503906,163.4044189453125,57.515907287597656,58.90213394165039,60.36170196533203,46.681209564208984,171.37171936035156,96.47570037841797,267.6122131347656,97.55683898925781,25.998544692993164,54.8522834777832,47.197757720947266,197.2090606689453,82.85149383544922,38.526145935058594,6.5211358070373535,50.44683074951172,27.323862075805664,56.16604232788086,95.42538452148438,270.8031311035156,90.94987487792969,34.78477096557617,40.443939208984375,37.11101150512695,98.32492065429688,133.54476928710938
2018-09-11,103.82760620117188,53.07727813720703,113.77970123291016,59.765052795410156,93.38890838623047,68.56473541259766,84.69356536865234,52.78525161743164,36.762107849121094,91.83158874511719,29.423730850219727,38.4258918762207,102.5016098022461,43.91233444213867,139.88327026367188,37.89824676513672,28.916587829589844,180.14703369140625,137.0159454345703,135.21803283691406,121.49213409423828,56.88985824584961,333.936279296875,160.95945739746094,56.68832778930664,58.946380615234375,60.43349838256836,46.39741516113281,170.0015411376953,95.76860046386719,267.0155334472656,98.4842758178711,26.02385139465332,54.640472412109375,47.13203048706055,195.7635040283203,83.4493637084961,38.46187210083008,6.47247314453125,50.40285110473633,27.0140438079834,56.41866683959961,94.45072174072266,269.9388732910156,90.51757049560547,34.14741516113281,40.48463439941406,36.578956604003906,98.76351165771484,133.5358123779297
2018-09-12,104.26628875732422,52.418113708496094,114.47795104980469,59.95979309082031,92.28716278076172,69.48436737060547,85.26052856445312,53.381248474121094,36.93785858154297,92.25294494628906,29.493276596069336,38.4258918762207,102.55756378173828,44.28934860229492,139.98529052734375,37.78541564941406,28.71610450744629,178.57168579101562,133.73583984375,135.90628051757812,123.41677856445312,57.567317962646484,341.8288879394531,160.98365783691406,57.97566604614258,59.27385711669922,61.70235824584961,46.27470016479492,171.85903930664062,96.06776428222656,269.5429992675781,98.09326934814453,25.6695613861084,55.95676040649414,45.94921875,194.01168823242188,83.34342193603516,38.156490325927734,6.493328094482422,51.605350494384766,27.306650161743164,56.81334686279297,94.62723541259766,270.4378356933594,91.42940521240234,36.421226501464844,40.59856033325195,37.17361831665039,98.27229309082031,132.7989501953125
2018-09-13,105.38633728027344,53.684288024902344,114.91332244873047,59.375553131103516,92.64624786376953,69.76863098144531,85.6360855102539,54.122467041015625,36.92173767089844,93.17670440673828,29.799272537231445,38.973243713378906,104.22289276123047,43.948246002197266,137.99691772460938,38.06746292114258,28.46177101135254,176.4404296875,135.2497100830078,137.41555786132812,124.49456024169922,57.719749450683594,343.8117370605469,163.7514190673828,58.4354248046875,60.62800979614258,61.51084518432617,46.62752151489258,177.67079162597656,96.62076568603516,274.51483154296875,98.80252075195312,25.4249267578125,56.505653381347656,45.17709732055664,194.1647491455078,83.14539337158203,38.3493537902832,6.514184474945068,51.67866897583008,24.595779418945312,57.27120590209961,91.86438751220703,270.3309326171875,91.22504425048828,35.74083709716797,40.68806076049805,37.2362060546875,99.07930755615234,133.7783966064453
2018-09-14,105.81566619873047,53.07490539550781,114.58475494384766,59.80831527709961,92.62991333007812,69.90241241455078,86.43131256103516,53.83782196044922,37.05064392089844,92.83637237548828,29.875764846801758,38.94757843017578,103.78907775878906,44.20855712890625,136.67129516601562,38.19639205932617,28.303184509277344,176.12034606933594,134.49276733398438,136.91798400878906,123.94715881347656,57.57578659057617,348.0094909667969,161.85511779785156,58.853145599365234,60.55721664428711,61.37519836425781,46.55081558227539,179.41796875,95.88644409179688,278.2603759765625,99.62088775634766,25.618940353393555,55.94150161743164,44.955322265625,194.93862915039062,84.05933380126953,38.72706985473633,6.569800853729248,51.53202438354492,23.924516677856445,58.02113723754883,92.39395141601562,273.83251953125,91.53944396972656,36.0955696105957,40.72060775756836,37.36140060424805,98.39508819580078,132.78094482421875
2018-09-17,104.66763305664062,51.66173553466797,114.9708023071289,60.1617431640625,92.90739440917969,70.43748474121094,86.52703094482422,54.17629623413086,37.31649398803711,93.50892639160156,29.910541534423828,38.84495162963867,103.51620483398438,44.14572525024414,134.3769989013672,37.96270751953125,28.372007369995117,175.555908203125,135.5602569580078,137.4486846923828,125.07625579833984,58.27018737792969,344.2953186035156,162.04071044921875,58.945980072021484,59.89341735839844,62.324806213378906,47.018707275390625,181.92837524414062,95.8320541381836,281.1937561035156,99.29354095458984,25.543020248413086,55.48408889770508,44.61032485961914,193.79063415527344,82.98542785644531,38.31721496582031,6.63932466506958,51.656673431396484,24.81954002380371,58.605289459228516,91.39624786376953,277.1112976074219,92.04251861572266,36.31074142456055,40.509033203125,37.37704849243164,99.1144027709961,133.93116760253906
2018-09-18,105.66634368896484,51.74708557128906,115.4472427368164,60.32042694091797,93.28282165527344,70.22846984863281,86.98355865478516,54.17629623413086,37.00230026245117,92.3582992553711,30.25826072692871,39.42650604248047,103.94998931884766,44.011070251464844,134.06263732910156,38.244747161865234,28.554533004760742,177.76303100585938,136.85427856445312,137.77212524414062,127.5141830444336,57.804443359375,351.6656188964844,163.2753448486328,58.76033401489258,60.548377990722656,62.73178482055664,47.156776428222656,183.97903442382812,96.8927230834961,284.4089050292969,99.6936264038086,25.48396873474121,56.1625862121582,44.76639175415039,194.6409454345703,83.2367935180664,38.453834533691406,6.6601786613464355,51.97196578979492,25.206804275512695,59.23685073852539,90.74392700195312,283.00054931640625,92.02681732177734,36.13628387451172,40.37883758544922,34.528968811035156,99.3600082397461,133.93116760253906
2018-09-19,104.25696563720703,51.77791213989258,115.38154602050781,61.04169845581055,95.99234771728516,70.22846984863281,87.99972534179688,53.83782196044922,37.026466369628906,92.18812561035156,30.084396362304688,39.46928024291992,104.29988098144531,44.37013626098633,135.26072692871094,38.099700927734375,28.497678756713867,178.3189697265625,137.88291931152344,137.4901580810547,130.6705780029297,57.524959564208984,353.25189208984375,163.96929931640625,59.688602447509766,60.62800979614258,63.01109313964844,46.635189056396484,183.16983032226562,95.8592529296875,281.1606140136719,100.11189270019531,26.150388717651367,56.32268524169922,45.35781478881836,200.3299560546875,84.46298217773438,39.45836639404297,6.799222469329834,52.2652702331543,24.853960037231445,59.623634338378906,90.75157928466797,278.21612548828125,91.30361938476562,35.96181869506836,40.63923263549805,34.638519287109375,100.92142486572266,136.94158935546875
2018-09-20,106.00234985351562,52.17152786254883,116.63013458251953,61.17876434326172,96.81661987304688,71.36549377441406,87.9334487915039,54.45328140258789,37.57429504394531,93.36307525634766,30.425153732299805,40.36727523803711,105.76227569580078,45.26778030395508,136.62884521484375,38.462318420410156,28.65027618408203,177.79669189453125,139.27391052246094,138.10377502441406,133.4420623779297,58.25324630737305,355.41845703125,165.5025177001953,57.832035064697266,60.884681701660156,63.354248046875,47.3638801574707,185.13772583007812,96.15841674804688,276.0478515625,101.0302734375,26.310667037963867,57.046913146972656,45.62886047363281,201.87759399414062,84.95042419433594,40.085208892822266,6.820080757141113,53.44578552246094,25.112138748168945,59.48943328857422,91.41926574707031,268.5489501953125,91.79098510742188,36.20606994628906,40.95661163330078,34.716758728027344,101.68457794189453,138.45127868652344
2018-09-21,106.6463851928711,51.60956573486328,117.3695068359375,61.43120574951172,96.1800537109375,71.75009155273438,89.19258880615234,54.699466705322266,37.525962829589844,93.11187744140625,30.6407413482666,39.905452728271484,105.9022216796875,45.86919021606445,140.4611358642578,39.131160736083984,28.69516372680664,178.91708374023438,139.959716796875,138.7672119140625,133.76712036132812,58.50729751586914,360.03216552734375,165.5025177001953,56.48603057861328,61.114830017089844,63.51385498046875,47.74737548828125,185.96531677246094,96.3941421508789,279.8016662597656,100.83932495117188,26.175695419311523,57.565303802490234,45.16887664794922,200.1258544921875,85.12557983398438,39.707496643066406,6.847887992858887,53.52644348144531,25.774795532226562,60.21566390991211,90.93578338623047,273.25335693359375,91.75169372558594,36.37471008300781,40.94847869873047,34.78718185424805,101.73722839355469,137.31900024414062
2018-09-24,107.029052734375,52.351715087890625,115.38975524902344,62.46262741088867,95.2578353881836,70.45421600341797,90.28974914550781,54.45328140258789,37.11509704589844,90.97269439697266,30.550336837768555,40.119258880615234,104.97862243652344,45.99485778808594,138.77012634277344,39.03445816040039,28.401927947998047,175.21055603027344,138.13523864746094,137.2082061767578,131.73126220703125,57.533451080322266,355.93109130859375,167.20516967773438,54.49022674560547,63.23017120361328,62.83553695678711,47.24113464355469,186.8940887451172,95.72327423095703,279.7352600097656,99.88458251953125,25.93106460571289,57.6491813659668,44.569252014160156,198.0509490966797,84.51631927490234,39.02442169189453,6.667131423950195,52.939842224121094,25.482192993164062,60.8314094543457,90.0455322265625,272.73651123046875,89.59782409667969,35.50823974609375,40.37883758544922,34.435089111328125,98.85124969482422,136.18679809570312
2018-09-25,106.82373809814453,52.68367004394531,113.8864974975586,62.39049530029297,94.98851013183594,69.49275970458984,90.84198760986328,54.353267669677734,36.800899505615234,90.72959899902344,30.452972412109375,39.264015197753906,104.19493865966797,46.425724029541016,141.40431213378906,39.05863571166992,28.455785751342773,174.76405334472656,136.2784423828125,137.29115295410156,131.80825805664062,56.855979919433594,355.1960144042969,166.5998992919922,52.308753967285156,63.90282440185547,61.93378448486328,47.41755676269531,185.29405212402344,95.822998046875,284.674072265625,99.90275573730469,25.872013092041016,57.16888427734375,44.54462432861328,197.71080017089844,84.0060043334961,38.799407958984375,6.528087615966797,52.947174072265625,25.180986404418945,61.6602897644043,89.22433471679688,280.1317443847656,88.44229125976562,35.304691314697266,40.39510726928711,34.255130767822266,97.84248352050781,135.95306396484375
2018-09-26,106.3850326538086,52.26398468017578,113.49221801757812,61.87118148803711,93.87042999267578,69.6097640991211,89.79637145996094,54.10707473754883,36.93785858154297,90.34873962402344,30.37647819519043,39.08442306518555,106.08415985107422,46.34492874145508,140.8520050048828,39.010284423828125,28.303184509277344,174.8146209716797,136.55662536621094,137.45703125,131.02125549316406,56.82209777832031,353.068115234375,166.89849853515625,52.86572265625,64.46927642822266,62.588165283203125,47.264156341552734,186.1492462158203,96.37598419189453,284.12725830078125,98.21149444580078,25.416486740112305,57.67205047607422,43.66572189331055,194.6324920654297,83.57949829101562,38.33328628540039,6.444664001464844,53.49710464477539,25.292861938476562,61.005069732666016,89.5620346069336,280.28314208984375,88.88247680664062,35.36284637451172,40.15913009643555,34.192527770996094,96.83368682861328,136.87869262695312
2018-09-27,106.78639221191406,53.338096618652344,113.54148864746094,61.86396789550781,93.46236419677734,69.27535247802734,90.17926788330078,54.40711212158203,37.06674575805664,89.98410034179688,30.529464721679688,39.238365173339844,106.00718688964844,46.39878463745117,141.5062713623047,38.945823669433594,28.16554069519043,174.2417755126953,135.9355010986328,137.1252899169922,130.42254638671875,56.5087776184082,355.35076904296875,168.5607452392578,53.515525817871094,64.62857055664062,62.85150146484375,47.51728057861328,189.75393676757812,96.7204818725586,286.7539978027344,98.06598663330078,25.25621795654297,58.38105010986328,43.386444091796875,193.6630401611328,83.85369873046875,38.38954162597656,6.416853427886963,54.120361328125,24.957231521606445,61.194557189941406,89.58506774902344,282.2344055175781,88.76456451416016,35.33959197998047,40.24051284790039,33.668296813964844,95.60559844970703,136.50857543945312
2018-09-28,106.7490463256836,53.525421142578125,113.50040435791016,61.323001861572266,92.0912857055664,69.58472442626953,90.03936767578125,54.576358795166016,37.211769104003906,90.59185028076172,30.647689819335938,40.44425582885742,105.80426788330078,46.2821044921875,142.152099609375,39.20368957519531,28.099714279174805,174.50291442871094,136.32373046875,137.9876708984375,130.43960571289062,56.69508743286133,359.7129821777344,167.26966857910156,52.40158462524414,64.92950439453125,62.819580078125,47.61698532104492,191.50115966796875,97.28252410888672,286.679443359375,96.8293685913086,24.851308822631836,58.861331939697266,43.17288589477539,190.68675231933594,83.15301513671875,37.42518615722656,6.430757522583008,53.453128814697266,25.051895141601562,61.099830627441406,89.60041809082031,282.7689208984375,89.33055877685547,35.072078704833984,40.90778350830078,33.58222579956055,95.7284164428711,135.7051544189453
2018-10-01,107.90644073486328,53.88582992553711,114.7490463256836,61.892822265625,92.62991333007812,69.95256805419922,91.59303283691406,55.03026580810547,37.24399185180664,89.7086181640625,30.786785125732422,39.72584533691406,107.05675506591797,46.49753189086914,141.62525939941406,39.3809700012207,28.246334075927734,174.88201904296875,137.28123474121094,139.5391082763672,130.25999450683594,56.79669952392578,369.76251220703125,166.9630126953125,56.114723205566406,65.60216522216797,63.44200134277344,47.632320404052734,193.96560668945312,97.5454330444336,288.3117980957031,98.11146545410156,25.011577606201172,59.4330940246582,42.918243408203125,191.61367797851562,83.6709213256836,37.473392486572266,6.479423522949219,53.1304817199707,24.742082595825195,63.06541442871094,90.14527893066406,283.7757873535156,89.29910278320312,35.083709716796875,40.777591705322266,33.38661193847656,96.27228546142578,136.18356323242188
2018-10-02,107.47708892822266,54.36478805541992,115.39799499511719,62.36163330078125,93.01349639892578,70.52945709228516,91.85076904296875,55.199520111083984,37.46955871582031,88.09609985351562,30.752012252807617,41.13698959350586,107.58150482177734,45.0882453918457,140.359130859375,39.49378967285156,28.470748901367188,172.4811248779297,139.55856323242188,139.19534301757812,132.43267822265625,57.067691802978516,373.70880126953125,167.57627868652344,57.182247161865234,65.32782745361328,63.23454284667969,48.169246673583984,193.65296936035156,97.8718032836914,289.25653076171875,98.5570068359375,24.95252799987793,59.974365234375,42.81968307495117,192.24295043945312,84.70671844482422,37.473392486572266,6.395996570587158,53.88572311401367,25.026077270507812,61.79450988769531,89.78459167480469,284.0163879394531,90.09304809570312,35.641990661621094,41.021705627441406,33.816959381103516,96.67578887939453,139.75833129882812
2018-10-03,107.4957504272461,55.026336669921875,114.20687103271484,62.1380615234375,93.8867416381836,69.41751861572266,92.27046966552734,54.90716552734375,36.95396423339844,87.12374877929688,31.16231346130371,41.70145034790039,107.210693359375,44.657379150390625,139.9173126220703,39.598548889160156,28.147592544555664,171.63035583496094,139.59092712402344,138.65042114257812,135.3410186767578,55.822837829589844,379.4444580078125,166.9549560546875,57.92487716674805,63.76120376586914,63.76123046875,48.05419158935547,195.25302124023438,98.47013854980469,287.90582275390625,98.61157989501953,25.30682373046875,60.22593688964844,43.246795654296875,193.6970672607422,85.13321685791016,37.8591423034668,6.34733247756958,54.1130256652832,25.284255981445312,62.02341079711914,90.39087677001953,283.00054931640625,88.46585845947266,35.39192199707031,41.05426025390625,33.64481735229492,95.37754821777344,142.81857299804688
2018-10-04,105.27433013916016,54.058921813964844,114.46974182128906,61.72691345214844,94.73323822021484,68.48948669433594,92.00537872314453,54.791778564453125,36.93785858154297,86.3863754272461,31.085819244384766,41.16264724731445,105.874267578125,44.406044006347656,140.8860321044922,39.249691009521484,28.18947982788086,167.51100158691406,138.34873962402344,138.0886993408203,134.08360290527344,54.976016998291016,377.2101745605469,164.18714904785156,58.76033401489258,63.56649398803711,63.354248046875,48.13910675048828,195.51966857910156,102.43177032470703,289.5796203613281,98.31953430175781,25.6695613861084,58.36581039428711,43.95321273803711,193.44192504882812,84.3868179321289,37.987728118896484,6.361235618591309,53.77573776245117,24.767908096313477,61.79450988769531,90.03018188476562,283.4104309082031,88.34795379638672,35.926937103271484,41.0623893737793,33.910850524902344,95.14070892333984,142.90882873535156
2018-10-05,104.65828704833984,53.181602478027344,114.2643814086914,61.55381774902344,94.19905090332031,68.68177795410156,92.28519439697266,54.64561462402344,36.962032318115234,86.28912353515625,31.23185920715332,40.221885681152344,104.27887725830078,44.29833221435547,141.540283203125,39.04686737060547,27.920181274414062,165.43028259277344,137.92822265625,137.55221557617188,131.1410369873047,54.79818344116211,373.8055114746094,164.63104248046875,61.17387008666992,63.35405731201172,62.779659271240234,48.177703857421875,198.370361328125,104.27210235595703,287.71514892578125,97.85415649414062,25.500843048095703,58.12185287475586,43.690364837646484,191.9368133544922,83.25962829589844,37.56983947753906,6.34037971496582,53.167144775390625,25.01747703552246,61.8813362121582,89.97645568847656,285.41522216796875,89.18120574951172,36.0955696105957,41.55879211425781,34.0282096862793,94.7547378540039,141.18466186523438
2018-10-08,103.46360778808594,53.05831527709961,114.5025634765625,62.12363052368164,94.7743148803711,68.89080047607422,91.92439270019531,54.97643280029297,37.44538879394531,87.6666488647461,31.489164352416992,40.221885681152344,103.83103942871094,44.30729675292969,142.55999755859375,38.55199432373047,28.33310890197754,167.1403350830078,138.69161987304688,138.21449279785156,131.1752471923828,55.34015655517578,373.1284484863281,165.8817596435547,63.1696662902832,63.23017120361328,63.681434631347656,48.55596160888672,195.77719116210938,104.67096710205078,289.96917724609375,97.6351318359375,25.53458595275879,58.24382400512695,44.08462905883789,191.6306915283203,83.19107055664062,37.78682327270508,6.437710762023926,54.369659423828125,25.258438110351562,61.79450988769531,91.1583480834961,284.2213134765625,89.82577514648438,36.73525619506836,42.14470672607422,34.7324104309082,96.12317657470703,138.85562133789062
2018-10-09,104.77964782714844,53.793357849121094,114.34649658203125,62.397708892822266,94.11685180664062,68.72360229492188,93.38235473632812,55.65343475341797,37.37289810180664,87.60990905761719,31.62130355834961,39.81136703491211,103.02639770507812,43.86746597290039,144.31040954589844,38.52766036987305,29.04824447631836,164.89959716796875,136.13607788085938,134.9280548095703,127.84776306152344,55.10304260253906,372.80926513671875,166.22877502441406,62.89118194580078,63.09739303588867,63.43402862548828,48.810707092285156,196.8255157470703,104.66191101074219,287.7980651855469,97.33396911621094,25.289947509765625,58.350555419921875,43.96963119506836,189.55577087402344,82.24669647216797,37.095699310302734,6.222191333770752,53.93705368041992,24.027786254882812,62.678619384765625,90.49832916259766,279.94464111328125,89.70001983642578,36.694549560546875,41.86801528930664,34.24979019165039,86.45645904541016,135.81349182128906
2018-10-10,99.08612060546875,51.30131912231445,113.13896179199219,60.96237564086914,91.61027526855469,68.08818817138672,90.2750015258789,54.199405670166016,36.800899505615234,86.97789001464844,30.953691482543945,38.31471252441406,99.8426742553711,42.54792785644531,143.06979370117188,37.018672943115234,28.653268814086914,163.17271423339844,130.78562927246094,131.30630493164062,122.93773651123047,54.05298614501953,355.42816162109375,162.3553924560547,61.63800811767578,60.99976348876953,62.97917938232422,46.91169357299805,193.08282470703125,102.74905395507812,279.0475769042969,94.51416778564453,24.665719985961914,57.00879669189453,43.06610107421875,182.7357635498047,77.34188842773438,35.85809326171875,6.131814956665039,53.0205078125,23.864273071289062,59.276283264160156,89.5236587524414,275.3560791015625,88.78031158447266,36.58406448364258,40.801998138427734,34.7640495300293,87.36874389648438,133.11441040039062
2018-10-11,98.85275268554688,50.84843444824219,109.94351959228516,58.85624313354492,88.86532592773438,65.93951416015625,87.20448303222656,52.59919357299805,35.96303939819336,85.13038635253906,29.771446228027344,37.827213287353516,97.27471923828125,41.99140548706055,138.4812469482422,35.79363250732422,28.102706909179688,159.8367462158203,127.27900695800781,128.79110717773438,120.58544158935547,52.799678802490234,346.3748474121094,156.4244842529297,59.03881072998047,60.521812438964844,58.406558990478516,44.38739776611328,189.43215942382812,97.82649230957031,270.35504150390625,92.69816589355469,23.923385620117188,55.270626068115234,42.252906799316406,181.1030731201172,75.0265884399414,34.949989318847656,6.124863624572754,51.986637115478516,23.012283325195312,57.46066665649414,87.30570983886719,265.1721496582031,84.99922943115234,35.54312515258789,39.60576629638672,33.901676177978516,84.54415893554688,132.2206573486328
2018-10-12,102.2688980102539,52.66470718383789,109.96817779541016,58.697566986083984,87.89552307128906,66.09838104248047,86.71849060058594,53.7070198059082,35.99527359008789,85.30866241455078,30.446012496948242,38.38312530517578,98.55517578125,42.52997970581055,139.20352172851562,37.08357238769531,28.369009017944336,162.13650512695312,128.2494659423828,130.95416259765625,121.52641296386719,52.96057891845703,348.3092956542969,159.28099060058594,57.182247161865234,61.61494827270508,59.51579666137695,44.39512252807617,190.4344482421875,100.15632629394531,271.48199462890625,93.99401092529297,24.00773811340332,56.10159683227539,42.803253173828125,181.86839294433594,76.32135009765625,34.90177917480469,6.006676197052002,53.89306640625,23.167192459106445,58.52687454223633,88.74853515625,269.40423583984375,85.79317474365234,34.926700592041016,39.735965728759766,34.099464416503906,83.41258239746094,133.98095703125
2018-10-15,100.43016052246094,51.53842544555664,110.03385925292969,58.29365158081055,87.39422607421875,66.99295043945312,86.1073226928711,53.43775177001953,36.180564880371094,85.5922622680664,29.987041473388672,38.08378982543945,98.75110626220703,42.466896057128906,139.07603454589844,36.239845275878906,28.072784423828125,161.04141235351562,128.70884704589844,130.96258544921875,121.29542541503906,52.96904754638672,347.11962890625,157.82852172851562,56.39320373535156,61.05503463745117,58.30281066894531,44.47231674194336,187.51942443847656,100.28324890136719,274.4816589355469,93.647216796875,23.552221298217773,55.48408889770508,43.73143005371094,183.01641845703125,76.67169189453125,34.93392562866211,6.124863624572754,54.787620544433594,23.666337966918945,58.08295440673828,88.84830474853516,272.2822570800781,86.69718170166016,35.72921371459961,39.906856536865234,34.4713249206543,84.3424301147461,134.00807189941406
2018-10-16,103.60359954833984,52.674190521240234,112.17787170410156,58.56772994995117,89.26803588867188,67.7286605834961,86.52703094482422,54.791778564453125,36.647823333740234,87.01838684082031,30.550336837768555,39.28968811035156,101.54296875,43.4672737121582,139.4159393310547,37.172813415527344,28.668228149414062,163.0715789794922,130.90206909179688,133.77110290527344,122.92920684814453,53.01985168457031,356.18255615234375,163.2753448486328,56.161128997802734,63.0546760559082,58.82950973510742,44.64215087890625,194.91282653808594,100.6549301147461,279.3623962402344,95.15296936035156,24.06679344177246,58.17520523071289,44.13391876220703,188.52685546875,77.65415954589844,36.918888092041016,6.117910861968994,55.93146896362305,23.408161163330078,58.50310134887695,90.16064453125,278.0645751953125,86.52423858642578,35.33959197998047,40.118431091308594,35.104251861572266,86.12313079833984,137.17657470703125
2018-10-17,103.33293914794922,52.44655990600586,114.56010437011719,58.78411102294922,90.26243591308594,68.4393081665039,86.36505126953125,55.25337219238281,36.9459114074707,87.76387786865234,30.995418548583984,39.246910095214844,93.7971420288086,43.13382339477539,141.7102508544922,37.270164489746094,28.892648696899414,155.9869842529297,131.290283203125,132.5052032470703,120.90193939208984,53.81587219238281,353.522705078125,163.62229919433594,56.57884979248047,62.41481018066406,59.340240478515625,45.4681510925293,194.2139129638672,102.97571563720703,276.2715759277344,95.21685028076172,24.37890625,57.6491813659668,44.7335319519043,194.1222381591797,78.18729400634766,37.923439025878906,6.090101718902588,56.44473648071289,23.485614776611328,57.45671463012695,90.56739807128906,275.75701904296875,85.5416259765625,35.25236129760742,39.89872360229492,34.8589973449707,86.07049560546875,136.88771057128906
2018-10-18,101.27018737792969,51.220703125,114.59293365478516,59.03654098510742,88.83244323730469,67.67768096923828,86.4975814819336,55.55342102050781,36.7445068359375,87.45594024658203,30.59902000427246,38.46009063720703,91.34809875488281,42.701210021972656,141.7442169189453,36.88075637817383,28.775955200195312,152.00242614746094,129.64047241210938,130.10743713378906,116.1630630493164,53.39815902709961,347.5741882324219,163.5819549560547,57.460723876953125,60.55735778808594,59.47589874267578,43.214027404785156,195.63003540039062,102.72187805175781,271.7968444824219,93.8479995727539,23.830591201782227,56.54376983642578,43.616424560546875,191.29054260253906,76.0471420288086,36.99121856689453,5.916297912597656,56.151432037353516,23.545860290527344,57.543907165527344,88.0501480102539,274.59881591796875,86.06045532226562,35.4326286315918,40.04519271850586,34.53462219238281,86.83364868164062,132.87965393066406
2018-10-19,101.41954040527344,52.000789642333984,114.22333526611328,59.12311553955078,88.68451690673828,73.63236999511719,86.99093627929688,55.66111755371094,37.32455062866211,89.3682861328125,30.94672966003418,37.63050842285156,90.33349609375,42.89048385620117,142.32205200195312,36.78340530395508,29.06918716430664,151.50543212890625,129.2975616455078,128.66537475585938,113.04674530029297,55.00077819824219,344.5854797363281,162.83961486816406,58.296173095703125,60.06856918334961,59.19660949707031,41.91714859008789,193.11041259765625,101.4617691040039,271.9128723144531,97.39788818359375,23.889644622802734,55.8576545715332,43.443939208984375,192.999755859375,76.20708465576172,37.30464553833008,5.909345626831055,56.716026306152344,23.717979431152344,57.46461868286133,89.4008560180664,274.1264343261719,86.65001678466797,36.02579116821289,40.3137321472168,35.23875427246094,88.93892669677734,131.7151641845703
2018-10-22,102.32488250732422,52.31852340698242,113.91934204101562,58.53166580200195,87.41064453125,73.0419692993164,86.30613708496094,55.830379486083984,37.03451919555664,88.6471176147461,30.856325149536133,38.49429702758789,90.97724914550781,43.20591735839844,141.5912628173828,37.1241340637207,29.066194534301758,150.5788116455078,130.2744903564453,127.94440460205078,110.79994201660156,54.25062942504883,344.3146667480469,159.7893524169922,57.460723876953125,60.89508056640625,58.127254486083984,39.27707290649414,192.00692749023438,101.56147766113281,270.7858581542969,95.37198638916016,23.096698760986328,55.14865493774414,42.4254035949707,188.44175720214844,75.70443725585938,36.25188064575195,5.951808452606201,56.93600082397461,24.07942008972168,57.1158332824707,88.74853515625,273.30682373046875,83.63932800292969,35.65361022949219,39.80105972290039,34.93021011352539,89.17576599121094,131.29086303710938
2018-10-23,100.89683532714844,52.81172180175781,114.1247329711914,57.586795806884766,86.4984130859375,73.51431274414062,83.50070190429688,55.46879577636719,37.34872055053711,89.23861694335938,30.668561935424805,38.05813217163086,91.80990600585938,43.250972747802734,150.5304718017578,36.84830093383789,29.26367950439453,150.39346313476562,124.57466125488281,126.25928497314453,102.42388153076172,54.04603958129883,338.5790100097656,159.48272705078125,58.899574279785156,60.93952178955078,58.21563720703125,39.09951400756836,193.42306518554688,100.0747299194336,266.2863464355469,95.25333404541016,22.79301643371582,54.63787841796875,42.351478576660156,185.85665893554688,74.5010757446289,35.77773666381836,6.079195976257324,56.65003204345703,24.466693878173828,54.87240982055664,87.67408752441406,270.9634704589844,81.86275482177734,35.9676399230957,39.92313766479492,35.19920349121094,88.27225494384766,126.04607391357422
2018-10-24,95.5019760131836,51.00019454956055,112.9254379272461,55.985565185546875,84.88761138916016,75.4542007446289,81.15177154541016,54.26863098144531,37.64679718017578,91.53177642822266,29.54195785522461,36.279239654541016,89.01103973388672,42.1424446105957,150.70040893554688,35.75307846069336,29.19187355041504,149.07928466796875,119.39241790771484,121.84943389892578,96.70783233642578,55.103084564208984,343.02825927734375,151.6070556640625,56.48603057861328,59.49090576171875,56.094337463378906,37.69455337524414,185.6802215576172,96.38506317138672,257.81756591796875,92.93544006347656,22.092859268188477,51.84767532348633,41.226158142089844,177.8801727294922,71.49272155761719,34.949989318847656,5.789036273956299,54.40632629394531,24.053606033325195,52.07410430908203,82.83143615722656,254.69427490234375,82.703857421875,36.235137939453125,38.85710144042969,35.460289001464844,85.77223205566406,120.8645248413086
2018-10-25,101.0835189819336,52.116981506347656,113.74685668945312,56.48323059082031,86.17790985107422,75.06623840332031,82.16056060791016,53.82242202758789,37.46955871582031,91.44265747070312,30.1887149810791,37.89563751220703,88.47926330566406,43.223934173583984,148.96697998046875,36.88887405395508,29.676603317260742,150.84837341308594,119.68358612060547,123.64352416992188,99.5400161743164,54.404052734375,351.8493957519531,151.78456115722656,54.76871109008789,60.13966751098633,56.785362243652344,37.987892150878906,193.45062255859375,97.80833435058594,253.90631103515625,94.54153442382812,22.430286407470703,52.31270217895508,42.597896575927734,181.98745727539062,72.74935913085938,35.801841735839844,6.362277030944824,55.53551483154297,24.09663963317871,53.921146392822266,82.74703216552734,240.54563903808594,82.20079040527344,36.72944641113281,38.97917175292969,35.18337631225586,90.9740219116211,123.4733657836914
2018-10-26,99.83280181884766,51.2870979309082,112.51470184326172,55.920650482177734,84.99446868896484,74.10470581054688,82.12373352050781,54.16093063354492,36.99424743652344,89.49791717529297,29.625410079956055,39.07586669921875,87.3177261352539,42.64714431762695,147.29299926757812,35.89912414550781,29.60479164123535,145.08633422851562,119.6576919555664,122.4362564086914,99.04072570800781,50.789634704589844,347.496826171875,150.07388305664062,52.44799041748047,59.535335540771484,56.34342575073242,38.929683685302734,190.066650390625,96.44852447509766,252.7793426513672,92.39702606201172,22.26156997680664,53.166542053222656,42.09683609008789,180.5843963623047,71.49272155761719,35.33574295043945,6.355198383331299,55.89479446411133,23.735187530517578,54.28582763671875,80.82072448730469,240.42088317871094,80.4242172241211,36.6887321472168,37.8073616027832,34.431758880615234,90.20208740234375,120.0611343383789
2018-10-29,96.9300308227539,50.324424743652344,112.99113464355469,55.574432373046875,86.1697006225586,74.42522430419922,80.2092514038086,54.96874237060547,37.429290771484375,91.47505950927734,30.06352424621582,38.82785415649414,83.71418762207031,42.37676239013672,147.19949340820312,35.56648254394531,29.86211585998535,145.9034881591797,120.20110321044922,122.04550170898438,98.1196060180664,49.3404541015625,324.59283447265625,151.8572235107422,51.79821014404297,59.819732666015625,56.68092346191406,38.38930892944336,190.232177734375,97.36412811279297,237.54879760742188,92.34228515625,22.447154998779297,54.050865173339844,42.90181350708008,182.3956298828125,71.41651916503906,35.31966018676758,6.567513465881348,56.32740020751953,24.294574737548828,53.39002227783203,80.68256378173828,228.35707092285156,80.41637420654297,37.56102752685547,38.254913330078125,34.92228698730469,90.25472259521484,117.85847473144531
2018-10-30,96.81806182861328,50.57575988769531,115.6197738647461,56.82223129272461,87.69009399414062,75.22647857666016,81.6230239868164,56.06119155883789,38.37186813354492,92.18812561035156,29.82707405090332,40.84621047973633,80.74737548828125,43.77369689941406,151.66908264160156,36.166831970214844,30.646068572998047,148.46438598632812,122.80196380615234,123.68940734863281,101.11537170410156,51.30963897705078,338.4435729980469,152.5753936767578,47.2496223449707,60.43294143676758,58.16743850708008,38.613189697265625,193.3494873046875,98.21629333496094,241.19482421875,93.15443420410156,22.590557098388672,54.91995620727539,43.2796630859375,186.4689483642578,73.2824935913086,36.007442474365234,6.6949005126953125,57.77922439575195,25.895278930664062,55.11023712158203,82.17141723632812,232.63381958007812,83.50567626953125,38.305397033691406,39.060543060302734,35.99828338623047,91.42138671875,119.84447479248047
2018-10-31,99.69279479980469,51.89410400390625,114.99545288085938,57.47138595581055,89.59672546386719,74.79634094238281,82.21212005615234,56.63047790527344,38.573265075683594,91.06181335449219,29.94530487060547,40.093597412109375,80.76835632324219,44.017032623291016,150.31805419921875,37.11602020263672,30.005752563476562,148.16111755371094,123.09310913085938,125.29867553710938,104.43827056884766,50.76405715942383,343.2313537597656,155.569091796875,46.8782958984375,61.2683219909668,58.16743850708008,39.01460266113281,196.61398315429688,98.30695343017578,243.49850463867188,93.74762725830078,23.19792366027832,51.977272033691406,43.72321319580078,191.64761352539062,73.86892700195312,36.946075439453125,6.7585930824279785,58.490474700927734,25.611286163330078,55.411468505859375,81.76469421386719,233.39109802246094,81.98854064941406,37.822715759277344,38.450225830078125,34.653289794921875,92.1845474243164,122.26373291015625
2018-11-01,98.86209106445312,52.69078826904297,115.67729187011719,58.18545150756836,89.56388092041016,75.56385040283203,81.858642578125,56.253509521484375,38.460487365722656,90.35686492919922,30.369524002075195,41.239627838134766,81.74797058105469,43.79173278808594,148.6016082763672,37.03490447998047,30.095516204833984,152.0193328857422,124.36116790771484,124.97856140136719,107.34791564941406,51.215877532958984,351.17236328125,155.65789794921875,44.46476364135742,62.34370040893555,59.790565490722656,40.24200439453125,198.8852996826172,97.78114318847656,248.1141357421875,94.94308471679688,23.459428787231445,53.60108184814453,43.994285583496094,193.0082550048828,74.65340423583984,37.132179260253906,6.574586868286133,58.58579635620117,25.241228103637695,55.157814025878906,82.51679229736328,243.37005615234375,83.34846496582031,37.02602005004883,39.646461486816406,35.064701080322266,93.6319351196289,126.96686553955078
2018-11-02,99.08612060546875,49.19577407836914,115.56228637695312,59.10867691040039,89.07078552246094,75.7494125366211,84.48003387451172,55.599571228027344,38.669944763183594,90.08134460449219,29.854900360107422,40.290306091308594,80.93630981445312,44.00804138183594,150.19058227539062,36.89698028564453,30.322912216186523,151.5727996826172,124.74286651611328,125.86971282958984,108.28623962402344,51.39488220214844,346.0266418457031,150.9453582763672,43.1187629699707,62.37923812866211,58.72990798950195,39.130401611328125,195.98866271972656,96.7748794555664,247.99801635742188,94.64192962646484,23.526912689208984,52.93783187866211,44.03534698486328,195.32125854492188,73.82322692871094,37.180728912353516,6.6382832527160645,58.145843505859375,25.96412467956543,53.7784538269043,81.34257507324219,243.94915771484375,82.9161148071289,37.02602005004883,39.060543060302734,33.363677978515625,93.78103637695312,127.93279266357422
2018-11-05,100.34616088867188,47.799198150634766,116.81085968017578,58.88508605957031,89.65426635742188,76.92181396484375,87.57999420166016,56.253509521484375,39.22582244873047,92.6905288696289,30.265209197998047,41.02581024169922,84.008056640625,44.179283142089844,153.2835693359375,37.43242263793945,30.792695999145508,153.47665405273438,125.0275650024414,127.3405532836914,108.81997680664062,51.3437385559082,350.11810302734375,153.25318908691406,43.07233428955078,62.55697250366211,59.21202850341797,40.164817810058594,198.16806030273438,99.84808349609375,251.25465393066406,96.01078796386719,23.670312881469727,53.0445671081543,44.076419830322266,194.4963836669922,74.19644927978516,37.075523376464844,6.7444376945495605,58.63711166381836,26.342792510986328,54.72179412841797,81.97956085205078,248.97425842285156,84.00877380371094,37.584285736083984,39.14191436767578,33.99661636352539,93.37752532958984,128.77227783203125
2018-11-06,100.54216766357422,48.316097259521484,117.11481475830078,59.13753128051758,90.07341766357422,77.18327331542969,87.55056762695312,56.39968490600586,39.564178466796875,93.3549575805664,29.910541534423828,40.66435623168945,86.14920043945312,44.38655471801758,155.25497436523438,37.7244758605957,30.918363571166992,153.32501220703125,126.35386657714844,128.4393768310547,111.33364868164062,51.582420349121094,354.4609069824219,153.9229736328125,43.72214126586914,63.063568115234375,62.59488296508789,39.63987731933594,197.0093994140625,96.00428009033203,254.03062438964844,95.80088806152344,23.796850204467773,53.63157272338867,43.9860725402832,194.05421447753906,75.49878692626953,36.99462127685547,6.751514434814453,59.09904861450195,26.532114028930664,55.0943717956543,83.3840103149414,251.9143829345703,84.09525299072266,37.7238655090332,38.51533126831055,34.66911697387695,94.17578887939453,131.31797790527344
2018-11-07,104.49961853027344,49.78144073486328,118.90559387207031,59.88766098022461,91.61846923828125,76.9977035522461,89.00113677978516,57.76139831542969,39.77364730834961,93.6790771484375,30.8771915435791,41.92945861816406,87.35270690917969,45.296817779541016,156.56356811523438,38.86028289794922,31.214590072631836,157.72232055664062,130.2292022705078,129.95346069335938,116.3007583618164,52.28144454956055,359.8290100097656,159.46658325195312,42.701026916503906,64.43218994140625,63.2939453125,40.9058952331543,202.57284545898438,99.46733093261719,256.73199462890625,97.92717742919922,24.07522201538086,55.255401611328125,44.010704040527344,196.67337036132812,77.30381774902344,37.71477508544922,6.793978214263916,60.05960464477539,26.95380973815918,55.5145263671875,85.28727722167969,254.73886108398438,84.49613952636719,38.01462173461914,39.304683685302734,34.69284439086914,96.07930755615234,133.99000549316406
2018-11-08,104.30361938476562,49.607730865478516,119.35733795166016,58.93557357788086,92.35811614990234,77.0567626953125,87.88926696777344,58.069149017333984,39.741432189941406,94.04370880126953,30.730018615722656,42.161834716796875,87.43067169189453,45.450035095214844,157.60873413085938,39.298377990722656,31.38214683532715,158.3709716796875,132.02783203125,130.25631713867188,113.10702514648438,51.914878845214844,360.2760009765625,158.17552185058594,42.23688507080078,64.84101104736328,64.3224868774414,40.76693344116211,202.7567138671875,99.81184387207031,255.68785095214844,99.01310729980469,24.353601455688477,54.797969818115234,44.01899337768555,196.98797607421875,76.0776138305664,37.569114685058594,6.6949005126953125,60.77468490600586,26.979623794555664,53.041221618652344,85.5712661743164,253.0638427734375,84.27601623535156,38.01462173461914,39.524383544921875,35.15964126586914,95.74449920654297,132.40121459960938
2018-11-09,102.2688980102539,48.65122985839844,119.39022064208984,58.9210205078125,91.46232604980469,77.94234466552734,87.99972534179688,57.59214401245117,40.02338790893555,95.1943588256836,31.031354904174805,41.40448760986328,87.5440673828125,45.61225891113281,157.99964904785156,38.21936798095703,31.585622787475586,156.67774963378906,130.1062774658203,130.0573272705078,109.25039672851562,54.38702392578125,358.886474609375,155.86764526367188,39.82334518432617,64.6899185180664,64.14569854736328,41.21467208862305,200.1451416015625,101.72467803955078,259.4664611816406,98.81236267089844,24.058349609375,54.26433563232422,43.91962814331055,189.3346710205078,75.00373840332031,37.00270462036133,6.6382832527160645,60.73781967163086,27.0140438079834,52.89854431152344,84.04402160644531,254.57852172851562,86.03685760498047,36.88064956665039,39.27212905883789,35.847957611083984,94.89868927001953,130.7222137451172
2018-11-12,99.748779296875,46.200469970703125,119.62023162841797,58.16328430175781,89.53921508789062,78.18697357177734,86.43869018554688,57.46135330200195,40.176456451416016,94.78111267089844,30.912221908569336,40.147979736328125,85.67325592041016,44.35951614379883,156.66552734375,37.010562896728516,31.07994842529297,151.15159606933594,127.47957611083984,128.16249084472656,107.60619354248047,52.29848098754883,346.9248962402344,154.5765838623047,37.08491134643555,62.70805740356445,64.55548095703125,40.797813415527344,199.93362426757812,102.62216186523438,252.83729553222656,97.17884826660156,23.4088134765625,53.73830795288086,43.34827423095703,175.21856689453125,72.7950668334961,35.70805740356445,6.71613073348999,60.31024169921875,26.99683952331543,51.63810348510742,82.67028045654297,247.29031372070312,86.76793670654297,35.58964538574219,39.011714935302734,36.14070129394531,92.86344146728516,130.50550842285156
2018-11-13,99.81414031982422,45.73887252807617,118.8480453491211,56.8299446105957,90.06520080566406,78.83641052246094,84.93656158447266,57.399810791015625,40.168399810791016,94.91885375976562,30.498754501342773,40.78483963012695,85.6307373046875,44.620872497558594,156.35964965820312,36.60492706298828,30.801671981811523,150.7893524169922,128.340087890625,127.77317810058594,108.4325942993164,52.73323440551758,339.6177673339844,154.56851196289062,39.96260452270508,61.757137298583984,64.92511749267578,40.597103118896484,195.91513061523438,101.88784790039062,253.35108947753906,98.42906188964844,23.417247772216797,54.06612777709961,43.67120361328125,174.36819458007812,73.0083236694336,36.15309143066406,6.751514434814453,60.39134216308594,27.005443572998047,50.5124397277832,83.95960998535156,243.806640625,86.44563293457031,34.89181137084961,39.07681655883789,35.982452392578125,91.903076171875,132.9067840576172
2018-11-14,98.39866638183594,44.44686508178711,118.49486541748047,56.38551330566406,88.20784759521484,78.85327911376953,85.20901489257812,56.9997673034668,40.08784866333008,94.52180480957031,30.071266174316406,40.52665328979492,85.17723846435547,44.017032623291016,156.2237091064453,35.964019775390625,30.3797664642334,151.54751586914062,128.1394805908203,127.64338684082031,107.69226837158203,53.25325393676758,334.96331787109375,153.60826110839844,38.61658477783203,61.68603515625,64.21800994873047,40.597103118896484,195.2714385986328,100.05010986328125,251.40386962890625,98.34693908691406,22.95329475402832,53.78403854370117,43.18266677856445,172.1912384033203,72.00298309326172,35.48149490356445,6.751514434814453,60.09645080566406,26.184221267700195,50.829532623291016,84.03634643554688,241.2050018310547,87.23957824707031,34.36843490600586,37.92128372192383,35.84004592895508,92.81938934326172,132.8977813720703
2018-11-15,100.56404113769531,45.543758392333984,118.70020294189453,56.96837615966797,90.4596939086914,79.14006042480469,86.95629119873047,57.576751708984375,40.071739196777344,94.64335632324219,30.281503677368164,41.40448760986328,86.05592346191406,45.630279541015625,155.97723388671875,37.94353103637695,29.784317016601562,149.4078826904297,132.57125854492188,128.56564331054688,111.41114044189453,53.193580627441406,331.9024963378906,156.3790740966797,37.92036056518555,62.85917282104492,64.15372467041016,41.12204360961914,195.68519592285156,102.22769165039062,253.13568115234375,100.01692199707031,23.53534507751465,53.1970329284668,43.73745346069336,173.2541961669922,73.16063690185547,35.84561538696289,6.588744640350342,60.664093017578125,25.959461212158203,51.69358825683594,84.76543426513672,242.65731811523438,87.09021759033203,33.3100471496582,37.538814544677734,35.78466033935547,94.3436279296875,132.42831420898438
2018-11-16,101.51081085205078,46.04820251464844,119.9241943359375,57.5294075012207,90.39392852783203,79.13160705566406,88.5251693725586,58.515357971191406,40.41814041137695,95.89932250976562,30.491741180419922,42.02412414550781,86.1480484008789,46.1169548034668,159.40167236328125,37.602806091308594,29.23076629638672,149.12142944335938,135.21739196777344,129.24423217773438,111.87600708007812,53.909645080566406,326.4415588378906,157.7848663330078,37.22416305541992,64.02337646484375,63.74391555786133,41.73959732055664,196.5312042236328,103.71282196044922,249.6222381591797,99.88916015625,23.4088134765625,52.7548713684082,43.836822509765625,171.87660217285156,73.01593017578125,35.70805740356445,6.404738903045654,60.83366012573242,26.140995025634766,52.41497802734375,85.19102478027344,242.91566467285156,87.46752166748047,33.019283294677734,37.74225616455078,34.95393753051758,94.42291259765625,133.48446655273438
2018-11-19,98.07057189941406,44.223209381103516,121.35350799560547,57.718841552734375,91.08428955078125,78.68460083007812,88.79283142089844,58.73845291137695,40.692054748535156,96.43413543701172,30.961273193359375,41.30982208251953,85.25519561767578,44.656925201416016,158.66241455078125,37.11602020263672,28.958471298217773,146.2320098876953,133.0047607421875,128.3045654296875,108.44981384277344,53.50898361206055,311.85638427734375,158.37806701660156,36.38869857788086,62.69028091430664,63.1171760559082,41.28413391113281,194.2047119140625,105.516845703125,244.11170959472656,98.78495788574219,23.4088134765625,51.84767532348633,44.15147018432617,168.56016540527344,72.32286071777344,35.934627532958984,6.546279430389404,60.39134216308594,26.417621612548828,52.66863250732422,86.11962890625,239.90415954589844,86.8229751586914,32.37959671020508,37.68528747558594,34.99350357055664,94.8898696899414,128.70008850097656
2018-11-20,95.3427734375,42.110321044921875,120.30207061767578,56.07950210571289,89.12830352783203,77.68089294433594,86.32429504394531,57.53059768676758,39.781707763671875,93.99510192871094,30.505767822265625,40.78483963012695,83.05133819580078,43.55741500854492,156.10472106933594,36.09381866455078,28.174524307250977,142.4075164794922,129.72454833984375,125.3290786743164,105.25606536865234,53.116859436035156,308.70806884765625,159.6212921142578,35.5068359375,61.3749885559082,60.68248748779297,41.31502914428711,191.0689239501953,104.52371978759766,243.50680541992188,96.81380462646484,23.096698760986328,51.512229919433594,43.50559616088867,162.70960998535156,70.06848907470703,34.87462615966797,6.4118170738220215,58.82109832763672,25.579105377197266,50.726478576660156,83.9683837890625,237.72128295898438,87.72694396972656,32.350521087646484,37.15633773803711,34.95393753051758,93.28633880615234,125.0440902709961
2018-11-21,96.65512084960938,42.06271743774414,116.63838958740234,56.50936508178711,88.4626235961914,77.09893035888672,87.41728973388672,57.53828811645508,39.2580451965332,93.41168975830078,30.20442008972168,40.475013732910156,84.02215576171875,43.81876754760742,155.26348876953125,36.4183235168457,28.17751121520996,142.6181182861328,129.4249725341797,125.37257385253906,106.6334457397461,52.784385681152344,308.3388366699219,156.63912963867188,36.249454498291016,60.90398025512695,60.336971282958984,41.06800079345703,192.84373474121094,102.25504302978516,243.86306762695312,97.18798828125,23.00390625,50.87947082519531,43.41450881958008,163.78109741210938,71.98014068603516,35.384395599365234,6.447202205657959,58.79898452758789,25.527238845825195,51.907649993896484,84.16958618164062,238.52310180664062,86.99588775634766,31.629419326782227,37.38178253173828,34.265625,94.10572052001953,128.07723999023438
2018-11-23,96.61760711669922,40.9943733215332,116.83552551269531,55.001190185546875,87.64900207519531,77.20856475830078,84.4654769897461,57.445960998535156,39.4916877746582,93.51702880859375,30.232458114624023,40.053314208984375,83.04425811767578,43.890872955322266,154.5922088623047,36.13437271118164,28.455785751342773,142.23904418945312,128.19383239746094,124.64173126220703,105.29910278320312,52.66505432128906,303.4803466796875,156.4766387939453,35.135528564453125,60.53069305419922,60.40928268432617,40.85957717895508,194.17713928222656,102.83814239501953,244.76637268066406,96.49441528320312,22.75084114074707,50.7651252746582,42.91767883300781,160.8048095703125,72.08675384521484,34.85844421386719,6.4613566398620605,59.57303237915039,25.665544509887695,50.57584762573242,84.10768127441406,237.52525329589844,88.68595886230469,31.239791870117188,37.05387496948242,34.3130989074707,94.52865600585938,128.94381713867188
2018-11-26,99.80475616455078,41.54878234863281,116.86857604980469,56.0868034362793,89.79399871826172,77.54595184326172,85.49153900146484,58.03836441040039,39.37083435058594,93.88166809082031,30.37261199951172,40.83647537231445,84.72369384765625,43.49430465698242,156.2577362060547,36.969993591308594,28.470748901367188,143.0561981201172,130.18710327148438,124.6069564819336,107.43401336669922,53.48340606689453,307.406005859375,157.8823699951172,35.18191909790039,61.15280532836914,62.546661376953125,40.705169677734375,198.8852996826172,102.39168548583984,244.68348693847656,100.08993530273438,23.2485408782959,51.03195571899414,43.78712844848633,165.26072692871094,73.08447265625,35.82943344116211,6.652437210083008,60.22914505004883,25.561811447143555,51.28929901123047,85.61663818359375,236.91050720214844,88.84320068359375,30.943220138549805,37.316200256347656,33.52983093261719,94.57270812988281,134.43234252929688
2018-11-27,100.43281555175781,41.45835876464844,118.3979721069336,56.13780212402344,90.17204284667969,78.2038345336914,85.66255187988281,58.73076629638672,39.77364730834961,94.35162353515625,30.884193420410156,41.37007141113281,85.05677795410156,42.755287170410156,156.88650512695312,37.41619873046875,28.43783187866211,145.92034912109375,130.72775268554688,124.31983947753906,107.26184844970703,53.909645080566406,309.02874755859375,160.1575469970703,34.53213119506836,61.952640533447266,63.88050842285156,39.485496520996094,199.36349487304688,104.06816101074219,244.69180297851562,100.48233032226562,23.40038299560547,51.41312789916992,44.0438346862793,164.67393493652344,72.25431823730469,35.6433219909668,6.567513465881348,61.57085037231445,25.968103408813477,51.74908447265625,86.28987884521484,231.9567108154297,90.75337982177734,31.280502319335938,37.7670783996582,33.585208892822266,93.21585083007812,133.43032836914062
2018-11-28,104.16366577148438,43.05254364013672,121.05992126464844,57.1578369140625,91.1746826171875,78.44841766357422,87.84110260009766,59.41548156738281,40.04755401611328,96.02086639404297,31.465858459472656,42.049957275390625,87.1613998413086,43.43122863769531,159.62266540527344,38.36539077758789,29.16194725036621,150.3608856201172,133.10528564453125,125.54658508300781,112.57328796386719,53.56013488769531,324.0608825683594,163.66786193847656,35.92455291748047,64.72547149658203,64.49925231933594,40.141658782958984,203.88778686523438,105.26172637939453,248.5449981689453,103.01927185058594,23.982433319091797,52.747249603271484,45.004364013671875,168.67074584960938,74.89710998535156,36.66286849975586,6.659513473510742,62.39650344848633,26.149639129638672,52.59730911254883,87.86851501464844,234.4513702392578,89.63713836669922,31.9550724029541,37.70969772338867,33.134246826171875,94.83700561523438,137.22171020507812
2018-11-29,103.29190826416016,42.72181701660156,120.5721664428711,57.60226821899414,90.45147705078125,78.28816986083984,88.3690185546875,59.93861770629883,39.771488189697266,95.83448028564453,31.893348693847656,41.0516357421875,86.08425903320312,43.169864654541016,160.82073974609375,38.40596008300781,29.1110782623291,148.86097717285156,133.2486114501953,126.79942321777344,112.10841369628906,53.73916244506836,332.8644714355469,164.4398193359375,36.85284423828125,65.10762023925781,64.28229522705078,40.0026969909668,204.62344360351562,106.60106658935547,250.60009765625,101.5774154663086,23.653444290161133,53.128414154052734,44.7476692199707,166.36541748046875,74.53915405273438,36.015541076660156,6.631206035614014,62.551326751708984,26.244728088378906,53.009517669677734,87.64410400390625,232.25064086914062,90.36032104492188,32.530792236328125,37.742496490478516,33.39533233642578,95.56828308105469,135.38014221191406
2018-11-30,103.94807434082031,42.49101638793945,121.44015502929688,57.9228515625,91.3801498413086,79.7136001586914,88.43592071533203,61.038761138916016,40.92451858520508,98.80831909179688,32.39792251586914,42.43724060058594,88.06134033203125,43.944942474365234,161.17129516601562,38.835933685302734,29.218791961669922,152.8100128173828,135.43728637695312,127.67823028564453,116.79145050048828,54.14833068847656,336.94561767578125,169.2177276611328,34.81061935424805,65.8096923828125,64.4429931640625,41.268714904785156,205.41429138183594,108.09532928466797,250.7753143310547,102.4534683227539,23.95712661743164,54.843719482421875,44.94640350341797,162.81353759765625,75.67395782470703,35.91844177246094,6.659513473510742,62.41862487792969,25.639612197875977,52.46253967285156,89.21495819091797,232.61766052246094,90.69049072265625,31.885292053222656,37.72609329223633,33.474449157714844,96.32598876953125,139.81246948242188
2018-12-03,105.07293701171875,43.97575759887695,120.86978149414062,59.176025390625,92.24308013916016,78.70989227294922,89.72222900390625,60.94645690917969,40.34800338745117,96.4098129272461,32.2297248840332,43.1429443359375,88.79830932617188,44.90927505493164,158.48667907714844,39.541751861572266,29.547941207885742,154.01336669921875,135.98443603515625,129.61837768554688,119.61502075195312,54.35291290283203,349.7720031738281,164.894775390625,36.249454498291016,66.0052261352539,63.8965950012207,41.129756927490234,206.7568817138672,107.98597717285156,247.7368927001953,102.5356216430664,24.07522201538086,54.02037811279297,44.91327667236328,163.61611938476562,75.8415298461914,36.7437858581543,6.793978214263916,63.17056655883789,25.726062774658203,54.78522872924805,89.19947814941406,234.04087829589844,88.97682189941406,32.4086799621582,38.3983154296875,32.8336067199707,97.40969848632812,146.429443359375
2018-12-04,101.72642517089844,42.041297912597656,120.72097778320312,57.87183380126953,88.12569427490234,78.70146179199219,87.17192077636719,60.16940689086914,40.2586784362793,95.45366668701172,31.634042739868164,41.094661712646484,86.16929626464844,43.93593215942383,158.20452880859375,38.41407775878906,28.668228149414062,148.55584716796875,131.71131896972656,124.13715362548828,111.32506561279297,53.77325439453125,332.80615234375,160.6938934326172,33.78950881958008,63.54347229003906,63.40643310546875,40.164817810058594,200.31988525390625,106.16373443603516,239.33963012695312,98.22828674316406,22.76770782470703,53.021705627441406,42.87628173828125,157.36622619628906,72.55895233154297,34.890811920166016,6.496741771697998,61.0548210144043,24.757875442504883,53.049156188964844,82.62191009521484,223.63087463378906,88.44229125976562,31.635236740112305,37.38998031616211,31.860456466674805,94.0352554321289,136.84259033203125
2018-12-06,102.35448455810547,41.572566986083984,120.62174224853516,57.11412048339844,86.44911193847656,78.90389251708984,86.18302917480469,60.29249954223633,40.096282958984375,95.42750549316406,31.521913528442383,41.62824630737305,87.80622863769531,42.07034683227539,158.55508422851562,39.25779724121094,28.511789321899414,149.11517333984375,132.0240020751953,123.16267395019531,110.50725555419922,53.90111541748047,322.50616455078125,161.7095947265625,34.114402770996094,63.57902145385742,61.52618408203125,41.106597900390625,197.05538940429688,105.5441665649414,239.02247619628906,98.78495788574219,22.292675018310547,53.509586334228516,42.304935455322266,157.1783905029297,72.24669647216797,34.478145599365234,6.383508205413818,61.143272399902344,25.553165435791016,52.80340576171875,83.60469818115234,230.04873657226562,89.55268859863281,31.635236740112305,37.32438659667969,31.4332218170166,93.20706176757812,139.37020874023438
2018-12-07,98.258056640625,40.09021759033203,120.22494506835938,56.56767272949219,84.88761138916016,77.97612762451172,85.8707275390625,59.02309036254883,39.86080551147461,94.59443664550781,30.779083251953125,39.795127868652344,84.56779479980469,41.457489013671875,156.42613220214844,37.675811767578125,28.036439895629883,146.42877197265625,129.1318359375,120.68304443359375,106.35795593261719,53.45783996582031,314.0718688964844,155.5583953857422,32.53633117675781,62.16594314575195,59.5334358215332,40.97535705566406,189.53326416015625,103.48505401611328,238.22940063476562,97.35224914550781,21.571638107299805,51.954402923583984,41.61764144897461,153.40452575683594,71.0433578491211,33.43433380126953,6.24196720123291,59.85316467285156,25.216035842895508,52.24850845336914,81.49986267089844,230.52317810058594,90.02059936523438,31.50729751586914,36.44723129272461,30.44426727294922,90.9515609741211,132.93380737304688
2018-12-10,100.85465240478516,40.35433578491211,120.08439636230469,55.7662239074707,83.3014907836914,78.46528625488281,85.46180725097656,59.56162643432617,39.98260498046875,94.89662170410156,31.115467071533203,40.62992477416992,85.83623504638672,42.06134033203125,157.87110900878906,38.016544342041016,28.2620849609375,145.4966278076172,129.18392944335938,120.02181243896484,106.22019958496094,54.16537094116211,317.1132507324219,157.71173095703125,32.165008544921875,63.02803039550781,58.930782318115234,40.589385986328125,189.50567626953125,103.94970703125,249.08082580566406,96.54008483886719,21.003297805786133,51.45124053955078,40.408695220947266,152.6873016357422,70.41121673583984,32.94075012207031,6.029655456542969,59.83106231689453,24.887540817260742,51.6856575012207,80.78795623779297,241.88192749023438,90.17131042480469,31.03045082092285,36.55381393432617,30.491727828979492,91.1541748046875,132.72618103027344
2018-12-11,101.79204559326172,40.12353515625,121.10948944091797,55.86820602416992,82.48788452148438,79.20753479003906,85.8558578491211,59.323143005371094,40.22620391845703,95.79507446289062,30.842144012451172,40.77622985839844,85.66617584228516,41.87206268310547,156.96481323242188,38.20314407348633,28.23500633239746,145.93728637695312,128.6237335205078,119.02999877929688,106.09109497070312,55.026363372802734,312.9155578613281,159.4099884033203,31.375967025756836,63.84563064575195,58.98704147338867,40.47359848022461,189.376953125,104.32328033447266,243.86380004882812,96.18415832519531,20.850605010986328,51.6265983581543,39.54753494262695,150.9540557861328,70.09132385253906,32.867916107177734,6.043809413909912,60.31024169921875,25.276540756225586,51.875919342041016,80.15339660644531,239.88584899902344,91.81310272216797,31.37354850769043,36.52101135253906,30.642057418823242,90.78414154052734,132.6991424560547
2018-12-12,102.2513656616211,40.2353630065918,121.60552978515625,55.38734817504883,83.02204132080078,79.30873107910156,85.96739959716797,60.015541076660156,39.966365814208984,95.55818939208984,30.947275161743164,41.16352081298828,85.85749053955078,42.64714431762695,156.8707733154297,38.470855712890625,28.01237678527832,147.63217163085938,130.15452575683594,120.31767272949219,107.9247055053711,55.64866638183594,317.4436340332031,159.59690856933594,31.143905639648438,64.4588394165039,59.862876892089844,41.253273010253906,190.98614501953125,104.17747497558594,244.1559600830078,98.08229064941406,20.799711227416992,51.94677734375,39.53097152709961,150.8686981201172,71.60693359375,33.02165603637695,6.1145806312561035,60.77468490600586,25.717416763305664,51.741153717041016,78.31942749023438,241.7744598388672,90.35374450683594,31.01300621032715,37.04567337036133,30.50756072998047,91.1541748046875,133.72821044921875
2018-12-13,102.59819793701172,40.675540924072266,122.21723175048828,56.0868034362793,83.10424041748047,81.38361358642578,86.20532989501953,60.78487014770508,40.16936111450195,96.66079711914062,31.23459243774414,41.55939483642578,85.55279541015625,42.56603240966797,159.3929443359375,38.51142120361328,27.96724510192871,147.34402465820312,131.6657257080078,120.77879333496094,108.3809585571289,55.81062698364258,316.2581787109375,160.50701904296875,33.41817855834961,64.14779663085938,58.95489501953125,41.40766525268555,194.90359497070312,104.65130615234375,243.93063354492188,97.37046813964844,20.69791030883789,51.77764892578125,38.94305419921875,150.20272827148438,71.5609130859375,32.85173416137695,6.015500545501709,60.68620681762695,25.726062774658203,52.42289733886719,77.98666381835938,239.7515869140625,93.90697479248047,31.356103897094727,36.8325309753418,30.159440994262695,88.89869689941406,133.8816680908203
2018-12-14,99.39231872558594,39.3740234375,109.94923400878906,55.0667839050293,82.42211151123047,81.51012420654297,84.63648223876953,59.25091552734375,40.06379699707031,93.06715393066406,30.69497299194336,41.1893310546875,84.96463775634766,41.99823760986328,156.7083282470703,37.172813415527344,27.63330078125,146.00503540039062,127.73779296875,118.70811462402344,109.12987518310547,55.55488204956055,309.7283630371094,156.0703582763672,32.95405578613281,62.88582229614258,57.75764083862305,40.23428726196289,188.85279846191406,101.98170471191406,240.1493682861328,96.45793151855469,20.765779495239258,50.40920639038086,38.537315368652344,147.5132293701172,70.57106018066406,32.074951171875,6.029655456542969,58.04704284667969,25.54452133178711,51.17039108276367,76.34616088867188,235.15074157714844,93.12970733642578,30.664081573486328,36.57020568847656,29.573972702026367,88.22909545898438,134.51356506347656
2018-12-17,96.44888305664062,39.007591247558594,106.75823211669922,53.944740295410156,81.37016296386719,78.24600219726562,83.61038208007812,58.28250503540039,39.243690490722656,92.1850814819336,30.2114315032959,40.51804733276367,82.2718505859375,41.214149475097656,154.5708770751953,35.85853576660156,27.30837631225586,142.34414672851562,125.60126495361328,116.91580963134766,107.1499252319336,53.63685607910156,307.1825256347656,154.4533233642578,33.18613815307617,61.988197326660156,56.801448822021484,39.30793380737305,182.68243408203125,98.72899627685547,233.0792236328125,92.33316040039062,20.757291793823242,50.06325149536133,38.595279693603516,143.4490203857422,69.8497543334961,32.04258346557617,6.015500545501709,56.189300537109375,24.999916076660156,50.03678894042969,74.96100616455078,230.25457763671875,90.5599594116211,30.44310188293457,35.5618782043457,29.067623138427734,85.57709503173828,131.8686065673828
2018-12-18,97.46125030517578,39.514408111572266,107.81637573242188,52.458431243896484,80.98389434814453,78.00982666015625,81.59542083740234,57.585269927978516,39.23556900024414,91.34382629394531,29.71385955810547,41.086055755615234,82.66159057617188,41.32230758666992,153.64755249023438,35.744964599609375,27.40164566040039,144.0983123779297,126.73470306396484,117.61181640625,106.97775268554688,53.244720458984375,318.7748718261719,152.03187561035156,33.78950881958008,62.2814826965332,55.89345169067383,39.80198669433594,176.61325073242188,97.03430938720703,233.279541015625,92.18714141845703,20.757291793823242,49.847991943359375,38.52075958251953,146.4288787841797,69.67327117919922,32.2772331237793,5.994270324707031,55.64377212524414,24.680068969726562,49.077598571777344,75.27826690673828,229.9860382080078,89.97303009033203,29.594070434570312,35.119197845458984,29.035972595214844,85.1982650756836,134.7122039794922
2018-12-19,97.19879150390625,38.28187561035156,105.49340057373047,51.569541931152344,79.95658874511719,77.39413452148438,80.1752700805664,57.15141296386719,38.894535064697266,89.87370300292969,29.412511825561523,39.218509674072266,82.50567626953125,41.86305618286133,153.17724609375,34.99858093261719,27.242189407348633,141.99668884277344,123.73828125,115.94136047363281,105.30772399902344,52.75029373168945,310.5057373046875,150.72361755371094,35.60213851928711,61.32167434692383,55.114013671875,38.898807525634766,177.75352478027344,99.41233825683594,228.68023681640625,90.13385772705078,20.511301040649414,49.35597610473633,37.8169059753418,144.50775146484375,67.83936309814453,31.79983139038086,5.888113498687744,54.02930450439453,24.40345001220703,48.57818603515625,72.98772430419922,226.77264404296875,90.32201385498047,29.890653610229492,34.75850296020508,30.4996337890625,84.96035766601562,131.8686065673828
2018-12-20,95.15528869628906,37.315853118896484,106.03899383544922,50.00307846069336,79.26624298095703,76.73624420166016,78.05622100830078,56.93449783325195,38.60221862792969,90.01255798339844,29.39850616455078,39.192691802978516,80.0892562866211,41.67379379272461,148.4920196533203,34.471256256103516,26.258405685424805,139.1154022216797,122.05770111083984,113.68795013427734,104.63626861572266,51.98306655883789,304.18963623046875,150.29298400878906,34.579627990722656,60.77066421508789,53.418582916259766,38.64406204223633,165.33929443359375,99.57633972167969,221.44320678710938,87.39617156982422,20.451913833618164,49.432857513427734,38.123294830322266,143.79058837890625,66.98763275146484,31.484270095825195,5.845651626586914,51.3164176940918,23.927997589111328,47.563507080078125,72.69367980957031,218.0633544921875,90.47270965576172,29.332372665405273,33.79936218261719,30.91105079650879,85.52423095703125,130.56869506835938
2018-12-21,92.08061981201172,35.86444091796875,105.89020538330078,49.631492614746094,77.3924560546875,76.7278060913086,77.4836654663086,56.47740173339844,38.62657165527344,89.36734771728516,29.38448715209961,38.59025955200195,78.61532592773438,39.654998779296875,148.89385986328125,33.952030181884766,26.213279724121094,135.99681091308594,119.69318389892578,112.61779022216797,103.36221313476562,51.07094955444336,295.9302062988281,146.4332733154297,33.23178482055664,59.78417205810547,51.18478012084961,38.458797454833984,166.71864318847656,99.69477081298828,214.14772033691406,83.34439086914062,19.824186325073242,48.14129638671875,37.36149597167969,136.65274047851562,66.58861541748047,30.489002227783203,5.697033882141113,49.58399963378906,23.685951232910156,47.40495300292969,72.35318756103516,210.56246948242188,91.96379852294922,28.547313690185547,33.446861267089844,30.70535659790039,84.86345672607422,129.07923889160156
2018-12-24,88.23725891113281,34.93647003173828,101.55011749267578,47.729881286621094,75.72413635253906,73.68299102783203,75.08950805664062,55.121646881103516,37.31925964355469,86.59859466552734,28.417381286621094,37.51447296142578,76.22723388671875,38.47435760498047,145.5851287841797,32.67832946777344,25.81916046142578,134.01382446289062,116.35150146484375,108.60694885253906,100.67633819580078,49.47684097290039,285.8343200683594,144.96250915527344,32.16278076171875,58.26447677612305,50.55802536010742,37.6405143737793,163.69326782226562,97.2620849609375,204.69036865234375,81.67439270019531,19.281299591064453,46.54222869873047,36.10285568237305,133.49365234375,65.18441009521484,29.94686508178711,5.399796009063721,48.10960388183594,22.994396209716797,45.19325256347656,69.5596694946289,202.49766540527344,84.74628448486328,28.115764617919922,32.47951889038086,29.74011993408203,84.22909545898438,124.01498413085938
2018-12-26,94.2647476196289,37.39675521850586,104.7493896484375,50.01036071777344,78.86357879638672,75.9855728149414,79.84811401367188,57.329593658447266,38.11500930786133,88.47708129882812,29.566696166992188,39.75209426879883,78.93421936035156,40.18673324584961,148.791259765625,34.45503234863281,27.2000732421875,142.60682678222656,121.32813262939453,112.73095703125,107.39958953857422,50.63618850708008,305.0447998046875,152.64939880371094,34.347251892089844,61.87266540527344,52.55881118774414,38.62090301513672,172.53955078125,101.21635437011719,210.03256225585938,85.63492584228516,20.451913833618164,48.602569580078125,37.750667572021484,139.1116943359375,68.79085540771484,31.79983139038086,5.555491924285889,49.92311477661133,23.971220016479492,48.75259017944336,74.75978088378906,208.2351837158203,87.8395004272461,28.63007354736328,33.34027862548828,30.39678955078125,87.46253967285156,129.33200073242188
2018-12-27,94.8459243774414,37.15406036376953,105.32807922363281,50.22895050048828,79.75112915039062,77.61341094970703,81.28313446044922,58.39873123168945,38.59409713745117,89.36734771728516,30.02922248840332,39.89840316772461,80.62781524658203,40.529205322265625,150.2276153564453,34.81199645996094,27.555078506469727,144.33566284179688,124.22035217285156,114.47099304199219,109.0438003540039,50.88340759277344,308.1639404296875,154.6564483642578,33.78950881958008,62.7702751159668,52.422203063964844,38.91424560546875,177.28453063964844,102.85638427734375,216.85218811035156,86.4014892578125,20.672466278076172,48.387306213378906,37.700992584228516,141.22915649414062,70.06461334228516,32.091129302978516,5.555491924285889,50.394935607910156,23.66866111755371,49.33127212524414,75.66519165039062,214.43821716308594,89.52095031738281,28.789697647094727,33.57802200317383,30.8794002532959,89.3568344116211,132.44638061523438
2018-12-28,94.10538482666016,37.173091888427734,105.21231842041016,49.66792678833008,79.57855987548828,76.90492248535156,80.78496551513672,58.39096450805664,38.32613754272461,90.13506317138672,30.106304168701172,40.23404312133789,80.09635162353516,40.39402389526367,150.09939575195312,34.69841003417969,27.71754264831543,144.25086975097656,123.35399627685547,113.7662582397461,108.13130950927734,50.82373809814453,307.4254455566406,154.98150634765625,34.90498352050781,63.1790657043457,52.38203430175781,39.3233757019043,175.31668090820312,104.04993438720703,218.07925415039062,86.16423034667969,20.689430236816406,47.572391510009766,37.90799331665039,139.19708251953125,70.08763122558594,31.856468200683594,5.527185440063477,50.16638946533203,23.841556549072266,48.88734436035156,74.69789123535156,216.83709716796875,89.79061889648438,28.902015686035156,33.430458068847656,30.66579246520996,89.1894302368164,131.8292999267578
2018-12-31,95.21150970458984,37.532379150390625,106.68382263183594,49.68250274658203,80.22781372070312,77.52909851074219,80.8890609741211,59.19668197631836,38.44793701171875,90.23307037353516,30.58986473083496,40.388954162597656,80.54986572265625,40.69144058227539,151.81785583496094,35.15272903442383,28.024412155151367,145.60678100585938,124.1160888671875,114.94952392578125,109.38815307617188,50.73847961425781,313.3722229003906,158.18304443359375,35.18385696411133,64.28108978271484,52.64719009399414,40.12622833251953,174.6453857421875,105.43484497070312,218.56346130371094,86.98551177978516,20.90150260925293,48.08747863769531,38.15641403198242,142.62945556640625,70.8396224975586,32.083030700683594,5.413951396942139,50.372798919677734,23.772396087646484,49.42639923095703,75.47173309326172,219.20909118652344,90.36959838867188,29.19759178161621,33.586219787597656,30.80819320678711,90.07048797607422,135.3591766357422
2019-01-02,94.78968811035156,37.57521057128906,105.6091079711914,50.775386810302734,81.61669921875,76.98926544189453,82.30180358886719,58.561405181884766,38.10688781738281,89.25298309326172,30.309547424316406,40.51804733276367,81.64116668701172,40.754520416259766,150.52688598632812,34.84444808959961,28.081575393676758,146.10675048828125,124.38320922851562,114.69721984863281,108.79414367675781,50.50831985473633,314.6451110839844,155.93218994140625,37.41478729248047,61.76602554321289,52.695411682128906,40.47359848022461,172.11654663085938,104.66947937011719,220.9757537841797,87.31404876708984,21.172950744628906,48.771697998046875,38.86853790283203,146.88140869140625,70.4713134765625,32.689903259277344,5.590876579284668,50.15902328491211,23.59950828552246,50.24290466308594,75.22409057617188,220.52484130859375,88.66436767578125,29.150300979614258,33.56983184814453,30.404706954956055,89.59471893310547,134.38821411132812
2019-01-03,91.30258178710938,33.83243179321289,103.93093872070312,49.99579620361328,80.45679473876953,76.44945526123047,80.72547912597656,57.3606071472168,37.87141036987305,88.41991424560547,29.461572647094727,38.289031982421875,80.01130676269531,40.35795593261719,149.5351104736328,33.577232360839844,27.937162399291992,142.88653564453125,119.6996841430664,113.16595458984375,104.601806640625,50.26963806152344,302.10052490234375,153.55947875976562,37.461265563964844,58.85102081298828,52.41417694091797,35.10512161254883,170.64523315429688,101.41680145263672,215.4248504638672,85.6097412109375,20.833641052246094,50.16318893432617,38.562164306640625,144.72979736328125,68.14628601074219,32.10731887817383,5.505953311920166,49.63560485839844,23.642732620239258,49.2916259765625,73.08829498291016,214.7515106201172,87.75228118896484,28.990686416625977,33.42226028442383,30.8794002532959,86.31717681884766,130.71319580078125
2019-01-04,95.5489730834961,35.2767219543457,105.67528533935547,51.83913040161133,83.42286682128906,78.00982666015625,82.3984375,59.08823013305664,38.62657165527344,90.23307037353516,30.134336471557617,40.63854217529297,83.13636779785156,42.097373962402344,152.42489624023438,35.0897102355957,28.111652374267578,147.1321563720703,124.62418365478516,117.12462615966797,110.31783294677734,50.73847961425781,317.82257080078125,158.80870056152344,38.25139236450195,60.53069305419922,53.69178009033203,36.48225021362305,173.51429748535156,104.46906280517578,221.23455810546875,89.46734619140625,21.698877334594727,52.46955108642578,39.704864501953125,149.45993041992188,70.57872009277344,33.41814422607422,5.718265056610107,51.28693771362305,23.910709381103516,50.53621292114258,75.63421630859375,221.89439392089844,88.7357406616211,29.73555564880371,34.19285202026367,31.504426956176758,88.02643585205078,137.63681030273438
2019-01-07,95.67082977294922,35.19820022583008,104.99738311767578,52.10869216918945,83.4808578491211,77.69779205322266,83.46910095214844,58.43747329711914,38.123138427734375,89.45716857910156,30.295515060424805,40.82786560058594,83.72453308105469,42.764305114746094,154.0835418701172,35.32680892944336,28.442588806152344,150.03038024902344,124.33757019042969,117.77714538574219,110.38672637939453,51.04537582397461,318.8233947753906,160.94573974609375,40.62177658081055,61.43718719482422,55.13011169433594,37.66486740112305,171.5004425048828,105.03396606445312,223.7720489501953,89.95299530029297,21.681909561157227,52.70787811279297,39.44816207885742,150.28810119628906,70.4789810180664,33.74990463256836,5.866884231567383,51.581809997558594,24.135465621948242,50.31425094604492,75.3788833618164,223.62188720703125,89.93336486816406,28.83698081970215,34.365013122558594,32.0265998840332,88.31718444824219,139.8871612548828
2019-01-08,96.36450958251953,35.86919021606445,107.43609619140625,52.48757553100586,83.32342529296875,77.98454284667969,83.10479736328125,58.87129592895508,38.553489685058594,90.31474304199219,30.43568229675293,41.086055755615234,84.9150390625,43.1518440246582,154.408447265625,35.61294937133789,28.641155242919922,150.750732421875,124.85871887207031,117.53353881835938,111.7124252319336,51.61651611328125,330.8919372558594,163.00967407226562,39.78517532348633,60.69955062866211,55.0658073425293,37.33810043334961,174.65455627441406,105.99972534179688,225.26620483398438,90.39280700683594,21.639503479003906,52.3465461730957,39.365360260009766,149.73312377929688,70.8396224975586,33.53952407836914,5.923498630523682,52.6138916015625,24.60227394104004,50.98806381225586,75.38660430908203,224.6333465576172,91.170654296875,29.002511978149414,35.00444030761719,32.50921630859375,89.0484619140625,142.3916473388672
2019-01-09,97.74247741699219,36.47831344604492,106.5846176147461,52.764434814453125,83.1825942993164,76.71095275878906,84.2200927734375,58.42197036743164,37.814571380615234,87.79105377197266,30.37261199951172,41.318424224853516,85.52442932128906,43.06172180175781,154.14340209960938,35.416744232177734,28.547889709472656,152.31002807617188,125.26254272460938,118.08165740966797,112.14287567138672,52.25586700439453,334.0985107421875,162.81466674804688,39.50629806518555,61.71271514892578,53.065032958984375,36.707881927490234,175.0408172607422,106.79241943359375,225.8254852294922,90.5577392578125,21.85157012939453,52.23123550415039,39.58065414428711,150.67233276367188,71.09282684326172,33.77418899536133,6.171196460723877,53.24787902832031,24.247844696044922,52.676570892333984,75.77352142333984,225.6985626220703,90.42512512207031,29.357208251953125,35.3077507019043,32.36509704589844,89.42733001708984,140.04147338867188
2019-01-10,97.11442565917969,36.59490203857422,107.22945404052734,52.4948616027832,83.17430877685547,76.89649200439453,84.35392761230469,57.70146942138672,38.22057342529297,88.33007049560547,29.65079116821289,41.79177474975586,86.30393981933594,43.0977668762207,155.22068786621094,35.35133361816406,28.568954467773438,151.74221801757812,126.10935974121094,119.84783935546875,114.45854187011719,52.69914627075195,342.6299743652344,164.69171142578125,41.55133819580078,61.39275360107422,52.67131042480469,37.128021240234375,176.35580444335938,105.63528442382812,231.6351318359375,90.03544616699219,21.82611656188965,52.30811309814453,39.53924560546875,150.27105712890625,70.81661224365234,33.709434509277344,6.1358113288879395,53.43218231201172,24.61956787109375,53.85772705078125,76.53961944580078,230.6305389404297,92.52691650390625,28.884273529052734,35.553672790527344,33.16580581665039,90.44054412841797,144.387939453125
2019-01-11,96.36450958251953,36.23562240600586,107.26251220703125,52.25442886352539,82.77662658691406,77.40254974365234,83.67733001708984,58.026851654052734,38.43982696533203,88.33821105957031,30.05024528503418,42.110198974609375,86.07008361816406,43.521366119384766,155.9217529296875,35.55571746826172,28.532854080200195,152.03883361816406,125.20393371582031,119.50852966308594,113.71820831298828,52.93783187866211,342.91180419921875,162.96905517578125,41.55133819580078,61.61494827270508,52.88022232055664,37.33810043334961,179.00418090820312,105.85395812988281,231.8271484375,90.30119323730469,22.080602645874023,52.40036392211914,39.63862609863281,151.06504821777344,69.2512435913086,33.77418899536133,6.24196720123291,52.86452865600586,24.576339721679688,52.629005432128906,75.76577758789062,229.18942260742188,92.95520782470703,28.907926559448242,35.381534576416016,33.4700813293457,89.74449920654297,143.62571716308594
2019-01-14,95.66149139404297,35.69074249267578,106.04725646972656,52.1888313293457,83.62999725341797,76.87962341308594,83.0676040649414,56.84151840209961,38.28553771972656,87.65218353271484,29.692834854125977,41.61103439331055,85.3118667602539,43.422210693359375,154.9385528564453,35.32680892944336,28.565942764282227,151.53036499023438,125.17786407470703,119.72602844238281,113.45999145507812,52.52012634277344,340.4436950683594,159.89755249023438,41.36542510986328,60.95423126220703,52.502559661865234,37.322532653808594,176.60409545898438,104.48728942871094,231.64344787597656,90.20039367675781,22.369014739990234,51.70075607299805,40.09404373168945,152.59339904785156,69.97252655029297,34.37295913696289,6.362277030944824,52.08311080932617,24.463958740234375,52.01069259643555,76.71758270263672,232.689208984375,92.20172882080078,28.529582977294922,35.12739181518555,33.46208190917969,89.83261108398438,142.83627319335938
2019-01-15,98.43616485595703,36.42121887207031,106.94010162353516,52.21798324584961,84.24309539794922,77.60498809814453,83.36503601074219,57.71696853637695,38.62657165527344,89.0161361694336,29.94512367248535,41.82619094848633,86.26142883300781,43.77509689331055,154.76754760742188,35.989036560058594,28.957046508789062,149.54736328125,123.07388305664062,119.86524963378906,112.5044174194336,53.04013442993164,342.2705078125,162.01023864746094,40.57529830932617,62.918487548828125,51.216915130615234,38.684104919433594,180.74217224121094,106.68307495117188,230.38304138183594,89.78801727294922,22.52170181274414,52.677120208740234,39.47299575805664,153.60946655273438,71.16956329345703,34.69661331176758,6.256122589111328,52.92351531982422,24.740585327148438,52.343631744384766,75.49493408203125,231.77622985839844,92.55863189697266,28.322668075561523,35.64385986328125,33.55015563964844,88.98677825927734,142.50961303710938
2019-01-16,98.78298950195312,36.86614990234375,105.84888458251953,52.196128845214844,84.92247772216797,77.065185546875,82.82969665527344,57.80218505859375,38.09877395629883,88.48524475097656,29.5106258392334,41.42169189453125,86.18346405029297,43.48556137084961,153.3397979736328,35.939971923828125,28.987140655517578,150.03038024902344,123.42561340332031,120.0827407836914,113.33944702148438,52.96340560913086,342.0955810546875,161.61204528808594,41.73725891113281,62.3381462097168,51.361549377441406,38.22505569458008,180.90769958496094,106.4188461303711,227.36972045898438,91.08919525146484,24.133434295654297,52.00059509277344,40.52463150024414,168.26939392089844,73.10323333740234,35.99935531616211,5.866884231567383,53.078330993652344,24.809736251831055,52.05031967163086,75.0538558959961,228.91195678710938,91.00408935546875,27.902936935424805,35.496299743652344,33.84641647338867,90.3436279296875,142.83627319335938
2019-01-17,99.47666931152344,37.085060119628906,106.71688079833984,52.55313491821289,85.27045440673828,77.05411529541016,83.2460708618164,58.56916427612305,38.21244812011719,89.20397186279297,29.762916564941406,41.71430206298828,86.58740997314453,43.956058502197266,154.84449768066406,36.14435958862305,29.10447120666504,148.1914520263672,124.87821197509766,121.70101928710938,115.81869506835938,52.85258865356445,348.9266357421875,164.07412719726562,42.480899810791016,62.96311950683594,50.91960906982422,38.59074020385742,178.85704040527344,108.56909942626953,232.7202911376953,91.1624984741211,24.591495513916016,52.777069091796875,40.7647590637207,169.9855499267578,72.69654846191406,34.413414001464844,5.916423320770264,53.07093048095703,25.00856590270996,53.160133361816406,77.05807495117188,236.37704467773438,90.71066284179688,27.8201847076416,35.58646774291992,34.406917572021484,94.59032440185547,145.25001525878906
2019-01-18,100.96713256835938,37.313472747802734,108.03958129882812,53.17973327636719,86.65404510498047,77.71721649169922,85.03799438476562,58.778324127197266,38.65904235839844,89.8982162475586,29.804964065551758,42.333953857421875,87.74246215820312,44.580387115478516,156.0927734375,36.81476593017578,29.40230941772461,152.1829071044922,127.58155059814453,123.41502380371094,118.34854125976562,53.38963317871094,354.4070129394531,165.6667938232422,42.10908126831055,63.766693115234375,52.64719009399414,38.99531173706055,179.1604766845703,106.22750854492188,236.1175994873047,92.06962585449219,24.854463577270508,53.18450927734375,41.41062545776367,172.9312286376953,74.1314468383789,35.35202407836914,6.072117805480957,53.39531326293945,25.44078826904297,53.82601547241211,78.6212158203125,239.66207885742188,92.69347381591797,28.559141159057617,36.28327941894531,34.807273864746094,92.88988494873047,149.36965942382812
2019-01-22,99.0642318725586,36.47592544555664,106.47715759277344,52.3782844543457,85.28700256347656,76.8841323852539,83.52860260009766,58.74734115600586,38.748374938964844,89.76751708984375,29.62274932861328,41.54219436645508,86.82122802734375,44.281795501708984,157.80270385742188,36.61037826538086,29.330102920532227,150.08975219726562,125.23648071289062,121.6488265991211,114.57109069824219,52.98628234863281,347.770263671875,164.12289428710938,40.24994659423828,63.82919692993164,52.16508102416992,38.684104919433594,177.55123901367188,106.68307495117188,233.37965393066406,91.47404479980469,24.67632293701172,52.700199127197266,41.286434173583984,168.7816925048828,72.48936462402344,34.316314697265625,6.015500545501709,52.77608108520508,25.3456974029541,52.12165832519531,79.45695495605469,236.95892333984375,91.39273071289062,26.584651947021484,35.709442138671875,34.62311935424805,91.93832397460938,144.13388061523438
2019-01-23,100.0297622680664,36.62344741821289,106.47715759277344,51.94841766357422,85.07160186767578,80.62458801269531,82.82225036621094,58.44520568847656,39.194969177246094,90.437255859375,29.54567527770996,41.2581787109375,94.16972351074219,44.553253173828125,159.102294921875,37.166316986083984,29.6971435546875,149.90330505371094,125.25604248046875,122.44922637939453,114.20721435546875,53.509788513183594,348.4601745605469,163.78160095214844,40.57529830932617,62.418495178222656,53.121273040771484,38.870826721191406,181.08236694335938,108.23198699951172,236.65187072753906,91.36408996582031,24.532123565673828,52.46955108642578,41.5017204284668,168.11569213867188,71.8371353149414,34.105926513671875,5.9022674560546875,52.86452865600586,25.276540756225586,52.2088623046875,78.09501647949219,241.88192749023438,88.94988250732422,26.42503547668457,35.8323974609375,35.23966598510742,89.91189575195312,143.0177764892578
2019-01-24,99.55166625976562,36.333160400390625,105.0139389038086,52.02127456665039,85.1213150024414,80.16553497314453,84.39852142333984,56.68660354614258,38.724002838134766,89.43266296386719,28.69770050048828,42.82450866699219,93.91461181640625,44.51704788208008,160.19662475585938,37.28894805908203,29.59185218811035,150.24224853515625,125.40585327148438,122.83204650878906,114.99559783935547,53.38106155395508,348.12982177734375,163.30223083496094,40.807682037353516,63.266685485839844,52.61119842529297,38.13948059082031,177.5420684814453,104.76972198486328,238.10421752929688,91.37326049804688,24.667842864990234,52.16972351074219,41.38579559326172,168.88418579101562,72.02130126953125,34.0250129699707,6.086273193359375,52.577030181884766,24.81838607788086,52.41497802734375,77.15092468261719,241.514892578125,88.38677978515625,25.615140914916992,35.79962158203125,34.847312927246094,90.06168365478516,143.7617645263672
2019-01-25,100.46095275878906,37.53714370727539,106.00592803955078,52.25442886352539,85.65985870361328,79.5704574584961,84.18291473388672,56.51613998413086,38.46418762207031,89.31015014648438,28.480459213256836,40.4836311340332,94.9350357055664,45.05995178222656,157.3153839111328,37.714088439941406,29.16463851928711,152.87779235839844,127.60757446289062,123.2931900024414,118.57379150390625,53.07210159301758,353.8919677734375,161.51458740234375,42.573856353759766,63.52562713623047,52.991737365722656,38.069454193115234,180.49388122558594,104.75150299072266,239.59841918945312,92.33535766601562,25.091981887817383,52.96926498413086,41.51001739501953,171.3943634033203,72.5507583618164,34.777523040771484,6.270276069641113,52.99723434448242,24.308361053466797,53.10464859008789,78.02536010742188,244.2181396484375,85.75357055664062,26.153095245361328,35.840606689453125,34.663150787353516,91.18943786621094,146.547607421875
2019-01-28,98.50178527832031,37.18974304199219,106.63423919677734,51.904685974121094,86.06581115722656,79.50245666503906,83.40220642089844,56.492897033691406,38.30177688598633,88.87730407714844,27.70256805419922,40.19962692260742,95.14762878417969,44.80659484863281,156.97340393066406,37.403404235839844,29.20074462890625,152.394775390625,125.84881591796875,122.22303009033203,107.75261688232422,53.84449768066406,352.69677734375,155.97283935546875,41.504852294921875,61.650672912597656,52.82170104980469,37.59485626220703,179.390380859375,104.80616760253906,240.2911834716797,91.97798919677734,25.134397506713867,52.208168029785156,41.253318786621094,170.52346801757812,72.47402954101562,34.5105094909668,6.128734588623047,52.76869201660156,24.394804000854492,51.80457305908203,77.63844299316406,245.5249481201172,85.69806671142578,26.779727935791016,36.209495544433594,34.871334075927734,91.36565399169922,142.00146484375
2019-01-29,96.49575805664062,36.80429458618164,107.74198150634766,52.101409912109375,86.30609130859375,79.51946258544922,83.1494140625,56.73305130004883,38.488525390625,89.0243148803711,28.57155990600586,40.053314208984375,95.19013977050781,44.88801574707031,155.75079345703125,37.575103759765625,29.09543800354004,152.27613830566406,128.29150390625,123.31925201416016,109.6240234375,54.659793853759766,354.5818786621094,156.10284423828125,41.36542510986328,62.222084045410156,53.064598083496094,37.59485626220703,182.4341583251953,105.42572021484375,243.7803497314453,92.50944519042969,24.930801391601562,53.499717712402344,41.27814483642578,171.189453125,71.16956329345703,34.38105010986328,6.199504852294922,52.70972442626953,24.273784637451172,51.76493453979492,78.38906860351562,250.7433624267578,85.77733612060547,27.140342712402344,36.24229049682617,34.895362854003906,92.05287170410156,145.62200927734375
2019-01-30,99.72039031982422,39.319305419921875,108.82493591308594,52.669715881347656,86.50494384765625,80.35256958007812,84.02677154541016,56.84151840209961,38.86204528808594,90.51074981689453,29.13920783996582,40.91393280029297,95.22557830810547,45.56664276123047,155.4087677001953,38.188270568847656,28.52081298828125,154.38621520996094,129.80276489257812,124.65913391113281,112.72566986083984,54.882930755615234,376.746337890625,150.211669921875,42.294979095458984,63.99883270263672,53.40465545654297,38.014991760253906,183.73072814941406,106.54641723632812,243.46319580078125,94.07630157470703,24.659358978271484,53.68423843383789,41.47688674926758,172.88003540039062,68.47622680664062,34.8699836730957,6.271507740020752,52.79081726074219,24.429380416870117,52.07410430908203,78.30393981933594,251.3609619140625,85.55528259277344,28.257648468017578,36.63578414916992,34.99945831298828,92.55506896972656,147.82704162597656
2019-01-31,97.89246368408203,39.60245132446289,110.015380859375,53.39102554321289,85.75098419189453,82.01029205322266,85.24620056152344,57.6627311706543,39.08128356933594,92.02169036865234,30.00871467590332,40.55247116088867,95.25391387939453,45.44901657104492,152.85240173339844,38.662452697753906,28.830692291259766,155.5302734375,130.4737091064453,124.96368408203125,115.36817169189453,55.509429931640625,374.7057189941406,152.03997802734375,47.22165298461914,65.1595458984375,53.07270812988281,38.41178894042969,183.73995971679688,109.20689392089844,241.81040954589844,94.10380554199219,24.150394439697266,53.8226203918457,40.86693572998047,169.0634002685547,71.71436309814453,34.47067642211914,6.336312294006348,53.27000045776367,24.489891052246094,53.659549713134766,81.56178283691406,246.64381408691406,88.33919525146484,29.1739444732666,36.80792999267578,35.583988189697266,92.89866638183594,148.81613159179688
2019-02-01,96.34575653076172,39.62147903442383,110.94124603271484,55.31447219848633,86.06581115722656,82.86039733886719,88.01213836669922,59.227684020996094,39.54411697387695,91.62972259521484,30.31268882751465,41.93807601928711,95.02717590332031,45.97380447387695,151.09112548828125,38.703330993652344,28.23801612854004,156.2421112060547,129.73109436035156,125.90331268310547,113.41876983642578,55.82698059082031,376.4644775390625,152.0074920654297,47.361080169677734,64.60597229003906,52.80551528930664,38.816375732421875,178.452392578125,110.14532470703125,242.55325317382812,94.43364715576172,24.074050903320312,53.853355407714844,40.86693572998047,167.808349609375,72.24380493164062,34.07952880859375,6.2787089347839355,52.989845275878906,24.265132904052734,54.44437026977539,82.09571075439453,244.32557678222656,88.62471771240234,29.085277557373047,36.79974365234375,35.42384338378906,93.18943786621094,148.70726013183594
2019-02-04,99.12045288085938,40.746917724609375,109.85002899169922,54.513031005859375,86.37234497070312,83.33646392822266,89.03076171875,59.55308151245117,39.990726470947266,92.36473846435547,30.00164031982422,42.359771728515625,95.799560546875,46.17285919189453,151.80075073242188,38.711517333984375,28.511789321899414,157.98785400390625,130.41506958007812,128.70477294921875,113.39281463623047,55.94712829589844,385.7636413574219,151.28427124023438,47.45403289794922,64.73097229003906,53.36417007446289,39.56328582763672,176.6224365234375,109.48932647705078,249.38967895507812,94.76354217529297,24.498188018798828,53.853355407714844,40.99225997924805,168.8158416748047,73.0264892578125,34.601070404052734,6.264308929443359,52.68022918701172,24.308361053466797,55.43526077270508,82.47489166259766,249.490234375,89.44163513183594,29.032073974609375,36.471839904785156,35.09553909301758,93.62115478515625,149.27891540527344
2019-02-05,100.50780487060547,41.44408416748047,109.85002899169922,55.074058532714844,85.99124908447266,82.83489990234375,88.83744049072266,59.76996612548828,39.998844146728516,92.20957946777344,29.768362045288086,43.03965377807617,96.0546646118164,46.36287307739258,151.81785583496094,38.63792419433594,28.761499404907227,157.95394897460938,131.00779724121094,129.3660888671875,114.36316680908203,55.5609245300293,398.5705871582031,153.0150604248047,49.40611267089844,65.27559661865234,53.169857025146484,39.018653869628906,171.45443725585938,109.72624969482422,249.96566772460938,95.20337677001953,24.413368225097656,52.031333923339844,41.167728424072266,169.0634002685547,72.58912658691406,34.59291076660156,6.300309658050537,52.56965637207031,24.463958740234375,54.90414047241211,83.3106460571289,249.24853515625,89.00540161132812,28.990686416625977,34.3076171875,35.72010803222656,94.28193664550781,149.00668334960938
2019-02-06,99.39231872558594,41.45835876464844,109.94923400878906,54.8336296081543,85.9498291015625,83.2429428100586,88.39131164550781,59.9559211730957,39.998844146728516,92.33207702636719,29.92388343811035,43.21720886230469,96.6003189086914,46.380977630615234,150.6294403076172,38.81779098510742,28.77353286743164,156.5387420654297,131.95233154296875,129.54873657226562,113.09823608398438,56.0672721862793,399.4742736816406,155.005859375,48.6624641418457,65.61486053466797,53.461326599121094,39.78892135620117,172.401611328125,108.6693115234375,250.2744140625,96.17465209960938,24.37094497680664,52.853939056396484,41.125953674316406,167.8766326904297,72.29753112792969,34.53587341308594,6.2787089347839355,52.6876106262207,24.4553165435791,54.78522872924805,84.2082748413086,250.9939422607422,90.54409790039062,29.126646041870117,34.32402038574219,35.11155319213867,93.48015594482422,148.52577209472656
2019-02-07,98.67988586425781,40.67316436767578,109.1639175415039,54.41105270385742,84.82304382324219,82.57987213134766,87.90805053710938,59.51434326171875,40.12876510620117,92.36473846435547,29.47852897644043,42.636940002441406,95.48198699951172,45.43995666503906,149.86000061035156,38.18009567260742,29.101459503173828,155.98789978027344,130.17405700683594,128.8962860107422,111.5733871459961,55.82698059082031,395.6802673339844,149.69976806640625,46.75687026977539,64.94523620605469,53.2346305847168,38.94084930419922,171.00387573242188,107.05663299560547,250.5249786376953,95.65234375,23.955289840698242,51.72381591796875,40.173423767089844,164.84559631347656,71.92921447753906,33.80245590209961,5.983494758605957,52.48855972290039,24.360231399536133,53.493064880371094,83.52731323242188,249.31117248535156,89.90958404541016,28.801517486572266,33.938724517822266,35.119564056396484,92.37886810302734,146.81982421875
2019-02-08,99.05484008789062,40.7209587097168,109.45320892333984,54.49944305419922,83.97795867919922,83.0644302368164,87.42471313476562,60.05662155151367,40.193721771240234,92.30757904052734,29.853199005126953,42.299171447753906,95.85477447509766,46.17285919189453,149.4068603515625,38.58069610595703,28.75547981262207,156.3861541748047,130.16102600097656,129.2964630126953,111.41746520996094,56.37623977661133,395.4263610839844,151.13803100585938,45.59492111206055,65.47201538085938,52.63549041748047,39.073123931884766,166.78302001953125,108.96998596191406,251.66845703125,95.77146911621094,23.997703552246094,51.869895935058594,39.814144134521484,163.65025329589844,70.88565826416016,33.25646209716797,6.041097164154053,51.692386627197266,24.057662963867188,52.76445770263672,83.6511001586914,251.1819305419922,91.75758361816406,28.87244987487793,34.23384094238281,35.19162368774414,92.38766479492188,147.68182373046875
2019-02-11,98.66112518310547,40.48678207397461,109.12255096435547,54.58784103393555,83.58028411865234,83.54048919677734,86.95629119873047,59.42910385131836,40.283042907714844,92.2667465209961,29.464393615722656,42.238548278808594,96.05549621582031,46.35383224487305,148.98793029785156,38.89955520629883,28.9420108795166,155.0133056640625,130.8710479736328,129.18333435058594,111.70333862304688,56.4620475769043,394.4888916015625,150.96737670898438,46.6174430847168,65.6595230102539,52.70835876464844,38.979759216308594,168.18077087402344,107.52130126953125,250.4497528076172,96.58697509765625,24.099496841430664,51.985225677490234,39.814144134521484,163.3599395751953,71.10816955566406,32.767520904541016,5.997894763946533,51.950408935546875,23.81561851501465,53.146663665771484,84.29338073730469,251.9427947998047,92.63001251220703,28.902015686035156,34.438777923583984,35.223663330078125,92.26429748535156,146.94686889648438
2019-02-12,100.19847869873047,40.83564376831055,110.90819549560547,55.5455322265625,85.00533294677734,84.38211059570312,88.27236938476562,60.83135223388672,40.32363510131836,92.93646240234375,29.598703384399414,43.31247329711914,97.53227996826172,46.34478759765625,148.73995971679688,39.15298843383789,29.173669815063477,157.2166748046875,134.5579376220703,130.8190155029297,114.94364166259766,56.65944290161133,401.1003112792969,153.11260986328125,46.38504409790039,67.01663970947266,54.25478744506836,38.67632293701172,170.23141479492188,108.86976623535156,253.84710693359375,98.04390716552734,24.337013244628906,50.27852249145508,40.983909606933594,166.05807495117188,74.49976348876953,33.533538818359375,6.091498851776123,52.75395202636719,24.70600700378418,53.712074279785156,85.63212585449219,254.2789764404297,92.0034408569336,29.357208251953125,34.70931625366211,35.90427017211914,94.81058502197266,149.89601135253906
2019-02-13,100.12347412109375,40.66600036621094,111.14790344238281,56.17171096801758,85.41130065917969,84.3650894165039,88.90435791015625,61.218727111816406,40.4292106628418,93.20601654052734,29.47852897644043,43.71087646484375,98.5860824584961,46.525733947753906,148.89385986328125,38.83414077758789,29.465497970581055,159.66574096679688,136.60977172851562,131.79347229003906,115.31619262695312,56.59078598022461,400.96356201171875,153.55947875976562,48.19768142700195,66.40950775146484,54.886322021484375,39.6644287109375,173.61546325683594,109.01553344726562,254.10586547851562,98.55701446533203,24.345497131347656,50.69365310668945,40.95884704589844,166.2288055419922,75.29779052734375,33.56613540649414,6.055498123168945,53.39531326293945,25.03449821472168,53.97483825683594,86.67680358886719,253.580810546875,92.07482147216797,28.967041015625,34.75850296020508,35.608009338378906,95.05728912353516,147.6365203857422
2019-02-14,100.20784759521484,40.81415557861328,111.03218078613281,56.18643569946289,84.8561782836914,83.70199584960938,88.7391357421875,61.1567268371582,37.01881790161133,91.95638275146484,29.669391632080078,44.005340576171875,97.84054565429688,46.58003616333008,150.3644256591797,39.5699462890625,29.63998794555664,159.0725555419922,134.4125213623047,130.95819091796875,114.90032196044922,56.170257568359375,400.22137451171875,152.86349487304688,46.66390609741211,66.04344940185547,54.805355072021484,39.547725677490234,176.76040649414062,110.61406707763672,251.25106811523438,97.69570922851562,24.082534790039062,51.02423095703125,40.54106521606445,164.38453674316406,74.69158935546875,33.18312454223633,6.062698841094971,53.48432159423828,25.156108856201172,55.0260009765625,86.51429748535156,251.1640625,92.67760467529297,29.0498104095459,34.627342224121094,35.65604782104492,94.50221252441406,147.38238525390625
2019-02-15,101.44523620605469,40.72333908081055,112.74344635009766,57.247257232666016,87.4494400024414,83.7190170288086,89.63284301757812,61.83073425292969,36.734619140625,94.6679458618164,29.97336769104004,44.74150085449219,98.95171356201172,46.79718780517578,153.8697967529297,40.41202163696289,30.082229614257812,163.03855895996094,136.99021911621094,133.39434814453125,118.00200653076172,57.05422592163086,408.18048095703125,154.2227325439453,46.896305084228516,67.18626403808594,56.29511260986328,40.2012825012207,181.9560089111328,112.1988525390625,256.4514465332031,98.39208221435547,24.69328498840332,51.96215057373047,41.125953674316406,169.48182678222656,74.87574768066406,34.218074798583984,6.149102687835693,54.463382720947266,25.62517738342285,55.88603591918945,85.79463195800781,256.8747863769531,93.93870544433594,28.813343048095703,34.70172882080078,36.06441116333008,96.13216400146484,144.26995849609375
2019-02-19,101.39834594726562,40.8452033996582,112.17301940917969,57.63032913208008,87.14286041259766,85.00267028808594,89.60281372070312,61.38915252685547,36.40170669555664,94.6843032836914,30.114755630493164,44.516334533691406,99.43204498291016,47.06863784790039,153.25421142578125,40.59189987182617,30.747127532958984,162.98770141601562,136.69508361816406,133.3595428466797,117.65544891357422,57.26019287109375,406.51055908203125,153.10096740722656,47.08221435546875,66.96307373046875,56.578487396240234,39.9600944519043,182.33306884765625,111.87820434570312,254.740234375,97.58573913574219,24.710250854492188,51.32406234741211,41.259639739990234,169.62701416015625,74.73762512207031,34.356597900390625,6.357912540435791,55.20508575439453,25.66861343383789,55.33656311035156,85.71723937988281,257.2059326171875,94.83493041992188,28.961135864257812,34.59426498413086,36.62491989135742,95.79737091064453,142.70016479492188
2019-02-20,100.87114715576172,41.10807800292969,112.71865844726562,57.85133361816406,87.5654296875,84.39909362792969,90.3312759399414,61.53635025024414,36.620948791503906,94.60260009765625,29.83197593688965,44.50765609741211,98.93020629882812,46.84243392944336,154.31439208984375,40.57554244995117,30.04914665222168,162.58096313476562,136.7737579345703,134.49057006835938,121.56281280517578,57.0799674987793,411.6766052246094,153.05999755859375,46.94277572631836,67.4451904296875,51.995872497558594,39.91340255737305,178.507568359375,112.36375427246094,256.4264221191406,97.84231567382812,24.94776725769043,51.49319839477539,41.61893081665039,169.56724548339844,75.33615112304688,34.568477630615234,6.4371161460876465,53.254390716552734,24.97369384765625,56.26031494140625,85.94939422607422,257.9847106933594,94.04973602294922,29.85970115661621,34.6934700012207,37.59379196166992,96.68721771240234,145.07760620117188
2019-02-21,102.99871063232422,40.87628173828125,111.9498062133789,57.328285217285156,87.38316345214844,84.82415008544922,89.4751205444336,61.84623336791992,37.23806381225586,94.8231430053711,29.789569854736328,44.524986267089844,98.81549835205078,47.15007400512695,156.29791259765625,40.395687103271484,29.901723861694336,162.55557250976562,136.2752685546875,133.4846954345703,120.32392120361328,57.243019104003906,407.79962158203125,151.897216796875,46.6174430847168,67.08802795410156,50.4818115234375,39.00309753417969,176.43850708007812,112.41869354248047,254.18096923828125,97.68653869628906,24.845975875854492,50.393821716308594,41.41004943847656,167.6546630859375,74.50743865966797,34.1936149597168,6.271507740020752,52.26792526245117,24.826019287109375,55.93380355834961,86.48334503173828,257.3401794433594,94.96183013916016,29.776935577392578,35.18944549560547,37.59379196166992,97.4571304321289,147.77261352539062
2019-02-22,104.46732330322266,41.33269119262695,112.92530059814453,57.770294189453125,86.99373626708984,85.22370147705078,89.66285705566406,62.57450485229492,36.76710510253906,95.36216735839844,30.36924171447754,45.460350036621094,99.82630157470703,47.484859466552734,156.60574340820312,40.96798324584961,29.94985580444336,163.03855895996094,137.31161499023438,134.00074768066406,120.150634765625,57.414669036865234,414.1180725097656,153.534912109375,47.268123626708984,67.97197723388672,50.15793991088867,39.6644287109375,178.18572998046875,113.59127044677734,256.36798095703125,98.44708251953125,24.667842864990234,50.539894104003906,40.95884704589844,167.3472900390625,75.23639678955078,34.055084228515625,6.271507740020752,52.2382698059082,24.773902893066406,55.71880340576172,85.39998626708984,259.5064392089844,94.46217346191406,30.444957733154297,35.12332534790039,37.297523498535156,98.61637878417969,150.603759765625
2019-02-25,105.05097198486328,41.63378143310547,113.34138488769531,57.8292350769043,87.90513610839844,84.64562225341797,89.83560180664062,62.2723388671875,36.49102783203125,94.79046630859375,30.454072952270508,45.988651275634766,99.97686004638672,47.55723571777344,156.12692260742188,41.523921966552734,29.820493698120117,160.99624633789062,138.11834716796875,134.75299072265625,122.51583862304688,57.08854293823242,416.8720397949219,155.42649841308594,50.2891845703125,68.62374114990234,49.57499694824219,39.40768814086914,176.20864868164062,113.49046325683594,255.39967346191406,97.9797592163086,24.829010009765625,50.240074157714844,41.493595123291016,169.60987854003906,75.2824478149414,34.381046295166016,6.3075103759765625,52.89095687866211,25.060556411743164,55.14546203613281,86.5396957397461,258.014404296875,93.41523742675781,30.645954132080078,35.0737190246582,36.99325180053711,99.39510345458984,149.59652709960938
2019-02-26,105.77587127685547,41.65767288208008,113.2664566040039,57.94710159301758,87.23401641845703,84.86666107177734,90.0759506225586,62.551239013671875,36.28802490234375,94.71694946289062,30.411664962768555,46.10124588012695,100.16325378417969,47.59342956542969,156.639892578125,41.842769622802734,29.69113540649414,159.57252502441406,137.33128356933594,134.63055419921875,119.5441665649414,57.06280517578125,416.77435302734375,155.64755249023438,51.52737808227539,68.52550506591797,49.129695892333984,39.02643585205078,173.0177459716797,114.20500946044922,255.32449340820312,97.98892211914062,24.845975875854492,50.18625259399414,41.43510818481445,169.8233642578125,75.58936309814453,34.56032180786133,6.39391565322876,53.01705551147461,25.121360778808594,54.882659912109375,86.68019104003906,257.5649108886719,93.40728759765625,30.799652099609375,34.9827880859375,37.52172088623047,98.64290618896484,148.63467407226562
2019-02-27,105.59698486328125,41.78670883178711,113.0667953491211,58.54380416870117,87.1263198852539,84.08456420898438,90.18106079101562,62.45827865600586,36.49102783203125,94.22692108154297,30.348037719726562,46.109920501708984,99.76895141601562,47.39437484741211,156.76820373535156,42.17797088623047,29.516639709472656,155.64889526367188,137.1016845703125,135.22531127929688,120.9303970336914,56.53071212768555,425.2413024902344,156.74484252929688,52.59078598022461,68.95409393310547,47.36465835571289,39.64886474609375,166.18528747558594,115.13023376464844,256.7435607910156,98.42875671386719,25.04956817626953,50.40920639038086,41.694129943847656,169.8233642578125,76.91685485839844,34.682559967041016,6.321910858154297,52.93546676635742,25.885774612426758,55.12157440185547,86.75045776367188,257.7627258300781,92.53485870361328,30.92970085144043,35.23076629638672,37.705894470214844,99.26235961914062,148.4440460205078
2019-02-28,105.46515655517578,41.37569808959961,113.7075424194336,58.219669342041016,86.46350860595703,83.77853393554688,89.80558013916016,62.97733688354492,36.81583786010742,95.21331024169922,30.64493751525879,45.867401123046875,99.0234146118164,47.16816329956055,158.17926025390625,42.32513427734375,29.781391143798828,156.89462280273438,136.02598571777344,134.76171875,118.9896469116211,56.53071212768555,429.6554260253906,155.64755249023438,50.22226333618164,69.30231475830078,46.82219696044922,40.1934928894043,160.410400390625,115.68902587890625,260.1316833496094,98.7219467163086,24.79378318786621,49.986366271972656,41.68576431274414,168.62315368652344,77.0626220703125,34.20990753173828,6.314711570739746,52.80195999145508,25.47751235961914,54.03059768676758,86.02446746826172,260.63006591796875,92.6617431640625,30.982912063598633,35.131587982177734,37.7379264831543,99.08538055419922,148.85243225097656
2019-03-01,105.93589782714844,41.810611724853516,115.13054656982422,58.93425369262695,86.5215072631836,83.68502044677734,91.6455307006836,63.25624465942383,36.84829330444336,95.65792083740234,30.652008056640625,46.16187286376953,99.79045104980469,47.51199722290039,159.22036743164062,42.03081130981445,29.462478637695312,156.92005920410156,136.09164428710938,136.20498657226562,119.102294921875,56.64228439331055,430.29998779296875,156.53196716308594,49.64221954345703,70.16835021972656,47.0650749206543,41.40724182128906,163.91397094726562,118.02497863769531,260.1822204589844,99.78485107421875,24.98988151550293,50.74747848510742,41.80274200439453,169.9090576171875,77.24678039550781,34.633670806884766,6.329110622406006,49.40495300292969,24.33957862854004,54.890625,87.53106689453125,257.96942138671875,91.74967193603516,31.18390464782715,35.0737190246582,37.80998611450195,99.78447723388672,148.19000244140625
2019-03-04,105.68173217773438,42.0208854675293,115.23872375488281,59.16260528564453,86.32266235351562,84.050537109375,91.71315002441406,63.039329528808594,37.067543029785156,95.64968872070312,30.447010040283203,46.71615219116211,99.23847198486328,47.08673858642578,155.38290405273438,41.826412200927734,29.438411712646484,155.76754760742188,135.6784210205078,135.13787841796875,119.86475372314453,56.66801452636719,422.55572509765625,155.4019317626953,50.1739387512207,70.19512176513672,45.308135986328125,41.27497100830078,157.8723907470703,116.76081848144531,256.16339111328125,99.87648010253906,24.751155853271484,50.31695556640625,41.86959457397461,168.00596618652344,76.37972259521484,34.22621154785156,6.343513011932373,48.01796340942383,24.878141403198242,55.663063049316406,86.2430648803711,254.46392822265625,92.3524169921875,31.01246452331543,34.91666793823242,37.45766830444336,98.54557800292969,150.4676513671875
2019-03-05,105.15452575683594,41.944427490234375,115.4800796508789,59.074222564697266,86.2563705444336,84.23758697509766,92.5918197631836,63.29497146606445,37.02693557739258,95.5344009399414,30.31975746154785,46.4909782409668,98.84417724609375,47.37627029418945,156.03683471679688,41.94087600708008,29.58583641052246,155.92857360839844,133.69761657714844,134.8317413330078,118.81641387939453,56.401981353759766,420.0458984375,154.61581420898438,47.80541229248047,69.83799743652344,44.49848937988281,41.858497619628906,156.4286346435547,117.70435333251953,257.0631103515625,99.73904418945312,24.79378318786621,49.502037048339844,41.68576431274414,168.02308654785156,75.8195571899414,34.144718170166016,6.314711570739746,47.024070739746094,25.121360778808594,54.954349517822266,85.84492492675781,254.25717163085938,92.54277038574219,31.260759353637695,34.92493438720703,37.48969268798828,98.00576782226562,146.5022735595703
2019-03-06,105.20159912109375,41.70307540893555,115.74636840820312,58.40385055541992,85.93325805664062,84.1015625,92.77203369140625,62.56672286987305,36.9051513671875,96.0531234741211,29.59162712097168,45.85874557495117,98.19896697998047,47.36722183227539,156.62188720703125,42.24337387084961,29.561765670776367,156.30992126464844,133.01548767089844,134.47311401367188,116.81503295898438,56.30757522583008,414.51849365234375,149.972900390625,44.035118103027344,69.37372589111328,43.721214294433594,41.15048599243164,151.64682006835938,116.04630279541016,255.01165771484375,99.8581771850586,24.589157104492188,48.371925354003906,41.62729263305664,166.94297790527344,75.24405670166016,33.916542053222656,6.177903175354004,45.31814956665039,24.70441246032715,54.3809814453125,84.97062683105469,252.09091186523438,92.10653686523438,32.318939208984375,34.82572937011719,37.4816780090332,97.82878112792969,143.5894317626953
2019-03-07,103.92130279541016,41.220375061035156,115.03900909423828,59.0521240234375,85.3118667602539,83.77853393554688,91.57795715332031,62.32655715942383,36.76710510253906,95.592041015625,29.259382247924805,45.555606842041016,97.03763580322266,47.57533264160156,155.32264709472656,41.932708740234375,29.318082809448242,154.6658935546875,131.08717346191406,133.37100219726562,115.0562744140625,56.07585525512695,412.6629943847656,148.5890655517578,45.67856979370117,68.5701675415039,42.39338684082031,40.076786041259766,150.63526916503906,115.73481750488281,254.75103759765625,98.83190155029297,24.341903686523438,48.07209777832031,41.51030731201172,165.25411987304688,73.87055206298828,33.549827575683594,6.105900287628174,44.346527099609375,22.24613380432129,54.1102294921875,83.41719818115234,248.47755432128906,92.17056274414062,32.360328674316406,34.85879135131836,37.15340042114258,97.20048522949219,143.38978576660156
2019-03-08,104.0342788696289,41.31835174560547,114.88922119140625,58.20493698120117,85.3449935913086,83.65950012207031,91.3376235961914,61.82300567626953,36.40981674194336,94.8757095336914,28.90591812133789,45.451690673828125,96.84407043457031,47.74724197387695,154.445068359375,41.752830505371094,29.36019515991211,153.5811309814453,131.7627410888672,132.59249877929688,113.80000305175781,56.08445358276367,412.6434631347656,148.10594177246094,46.35602569580078,68.41838836669922,42.85489273071289,39.98343276977539,150.05584716796875,116.06460571289062,253.01910400390625,98.9418716430664,24.427160263061523,48.61025619506836,41.61057662963867,167.37158203125,74.30793762207031,33.70466995239258,6.062698841094971,44.4281120300293,21.25586700439453,52.1035041809082,83.27669525146484,248.04608154296875,92.73075103759766,32.73276138305664,34.65214157104492,37.28150177001953,97.01464080810547,144.28810119628906
2019-03-11,106.21831512451172,42.749717712402344,115.3053207397461,58.77219009399414,86.4552230834961,84.65413665771484,92.83963775634766,62.65195846557617,37.497901916503906,95.9954833984375,29.337146759033203,46.205177307128906,98.72230529785156,47.64771270751953,155.80450439453125,42.44775390625,29.627960205078125,154.60658264160156,135.83584594726562,133.9920196533203,115.32484436035156,56.5135383605957,390.64111328125,150.78358459472656,47.904441833496094,69.47193145751953,43.51879119873047,39.6021842956543,150.50656127929688,113.13323211669922,255.919677734375,100.38961791992188,24.674421310424805,49.46359634399414,41.577152252197266,167.99732971191406,76.03441619873047,34.103965759277344,6.1995038986206055,45.00663375854492,21.42959976196289,52.45389175415039,84.95502471923828,250.97633361816406,94.09912109375,33.1110954284668,35.412620544433594,37.56175994873047,98.49247741699219,145.56756591796875
2019-03-12,106.9620361328125,43.23002243041992,115.82122802734375,58.93425369262695,86.19840240478516,85.05367279052734,93.04991149902344,62.93086242675781,37.39234924316406,95.97901916503906,29.499740600585938,46.39570999145508,99.13094329833984,47.77439880371094,156.4498291015625,42.63579559326172,29.594865798950195,155.92857360839844,134.98316955566406,134.26316833496094,114.77901458740234,56.41913986206055,366.6173400878906,150.8163299560547,47.22700881958008,69.85586547851562,44.24749755859375,39.19761276245117,151.122802734375,113.13323211669922,253.8346710205078,101.18677520751953,24.674421310424805,49.840309143066406,41.48523712158203,168.5631561279297,77.0626220703125,34.25065994262695,6.170704364776611,45.243980407714844,21.264554977416992,52.262752532958984,85.09553527832031,247.3360595703125,94.25118255615234,32.957393646240234,35.470497131347656,37.497703552246094,98.35974884033203,144.40609741210938
2019-03-13,107.79044342041016,43.42119598388672,116.01264953613281,59.457298278808594,86.48835754394531,86.0143051147461,93.6281967163086,63.21750259399414,37.530372619628906,95.98725128173828,29.69767189025879,47.08857727050781,99.33165740966797,48.009647369384766,156.64772033691406,42.99552536010742,29.79342269897461,154.64794921875,135.5472412109375,135.61013793945312,115.66277313232422,57.08854293823242,368.3067932128906,153.41209411621094,48.485107421875,70.19512176513672,45.80202102661133,39.656654357910156,154.5260467529297,113.87522888183594,255.12095642089844,102.75365447998047,24.972827911376953,50.54759216308594,41.71083450317383,169.0946807861328,77.7685775756836,34.56032180786133,6.14190149307251,45.91151428222656,21.481721878051758,53.632450103759766,86.5396957397461,250.9224395751953,94.8033447265625,33.18204116821289,35.7680778503418,37.6978874206543,98.51903533935547,144.89608764648438
2019-03-14,107.87519073486328,43.903873443603516,114.85592651367188,59.25837707519531,87.27545928955078,86.13333892822266,93.57561492919922,63.560699462890625,37.43208694458008,95.09801483154297,29.117996215820312,46.283119201660156,99.49652862548828,48.0006103515625,157.23280334472656,43.118167877197266,29.70873260498047,155.0492401123047,136.01947021484375,135.7938690185547,115.82738494873047,56.85683822631836,364.55670166015625,153.74786376953125,49.83998107910156,70.51657104492188,45.24336242675781,38.816375732421875,155.9609375,112.74848937988281,250.9676971435547,102.94608306884766,25.117780685424805,50.29143142700195,42.07012939453125,169.2832489013672,77.83814239501953,34.78850173950195,6.055498123168945,45.8521842956543,21.499088287353516,53.369632720947266,86.55532836914062,246.95851135253906,94.78731536865234,33.3416633605957,35.83420944213867,38.00214767456055,97.05888366699219,143.1538543701172
2019-03-15,109.11782836914062,44.474998474121094,114.50642395019531,59.04474639892578,88.27793884277344,87.08544921875,94.10884857177734,63.62311553955078,37.10445785522461,95.2297592163086,29.535079956054688,47.05393981933594,99.95536041259766,47.90106201171875,159.46127319335938,43.49423599243164,29.76922607421875,155.57852172851562,136.47860717773438,135.88131713867188,114.94364166259766,57.67213821411133,370.11346435546875,156.59744262695312,48.19477081298828,71.30226135253906,45.016666412353516,38.870826721191406,153.10040283203125,113.53629302978516,248.98355102539062,104.0181655883789,24.981355667114258,50.94346237182617,42.32915115356445,169.96051025390625,79.19883728027344,35.31004333496094,6.0698981285095215,46.45295715332031,21.160314559936523,53.82355499267578,85.49364471435547,243.77658081054688,96.17973327636719,33.548561096191406,35.693687438964844,38.04218673706055,97.36862182617188,143.50775146484375
2019-03-18,110.68055725097656,44.929019927978516,114.1485824584961,59.729862213134766,88.80819702148438,86.29485321044922,94.53691864013672,63.451499938964844,37.194549560546875,96.55537414550781,29.556289672851562,46.854740142822266,100.51453399658203,48.37156677246094,158.27392578125,43.747676849365234,30.144289016723633,156.59449768066406,136.74749755859375,137.2633056640625,116.18255615234375,56.89115524291992,363.5606384277344,156.65475463867188,49.35609436035156,70.38263702392578,45.88298416137695,38.79302215576172,153.7074432373047,114.72715759277344,250.23626708984375,104.04566955566406,25.424707412719727,50.46995544433594,43.22319030761719,173.56959533691406,79.51582336425781,35.88048553466797,6.170704364776611,46.7867317199707,21.325363159179688,53.839473724365234,86.40696716308594,247.0843505859375,95.68358612060547,33.87370681762695,35.11504364013672,38.13027572631836,98.18275451660156,145.4586639404297
2019-03-19,110.755859375,44.572967529296875,115.20545959472656,59.575172424316406,88.48507690429688,86.62639617919922,94.0863265991211,63.88828659057617,37.31741714477539,97.23053741455078,29.902679443359375,46.91536331176758,100.71524810791016,48.89636993408203,157.55116271972656,43.58417892456055,30.20176124572754,157.20065307617188,137.0951385498047,137.53445434570312,116.22586059570312,56.42772674560547,364.68365478515625,156.8021697998047,49.307701110839844,71.39152526855469,46.22304153442383,38.59074020385742,158.92266845703125,115.96383666992188,249.36195373535156,103.23930358886719,25.27977180480957,50.83479690551758,42.955814361572266,172.41224670410156,79.35346984863281,35.815284729003906,6.264308929443359,47.29851531982422,21.13425636291504,53.632450103759766,86.1415786743164,243.5968475341797,95.97967529296875,33.1110954284668,35.55315399169922,37.82599639892578,98.1385269165039,146.06668090820312
2019-03-20,110.63347625732422,44.962467193603516,114.2484359741211,59.90666198730469,86.5960464477539,86.4733657836914,93.6432113647461,64.02085876464844,37.29283905029297,97.41991424560547,29.810779571533203,46.61223220825195,100.07721710205078,47.6296272277832,159.15155029296875,43.54328536987305,29.83576774597168,158.882568359375,136.62289428710938,136.70352172851562,115.23821258544922,55.87847137451172,367.3497314453125,156.4991455078125,49.45287322998047,71.37370300292969,45.470062255859375,38.27174758911133,154.40646362304688,117.40205383300781,248.84060668945312,101.49834442138672,24.418636322021484,50.143951416015625,42.111907958984375,166.58291625976562,77.97730255126953,35.0655632019043,6.127501964569092,46.5716438293457,20.838918685913086,53.78374481201172,84.24466705322266,243.10243225097656,95.68358612060547,32.939666748046875,34.96625900268555,38.666751861572266,98.06769561767578,144.87796020507812
2019-03-21,113.17529296875,46.61845779418945,114.92250061035156,60.25290298461914,85.22900390625,87.12796020507812,94.52188110351562,64.69947814941406,37.276458740234375,98.34207153320312,29.93802261352539,47.32242202758789,101.39628601074219,48.89636993408203,160.35610961914062,44.0992317199707,29.962804794311523,162.18653869628906,137.482177734375,138.5928192138672,116.14791107177734,56.49638366699219,363.9707946777344,157.12969970703125,49.69480895996094,71.48081970214844,46.474029541015625,38.06167984008789,155.32627868652344,117.53946685791016,251.38804626464844,102.46045684814453,24.026439666748047,50.392330169677734,41.66070556640625,166.8057861328125,79.09834289550781,35.147064208984375,6.257107257843018,47.17241287231445,21.125568389892578,54.261539459228516,85.71224212646484,244.9180908203125,97.1960220336914,33.65497589111328,35.44569396972656,40.06801986694336,99.67829132080078,144.9414520263672
2019-03-22,110.19103240966797,45.65305709838867,113.9322509765625,59.287845611572266,82.65235137939453,86.42236328125,92.44161224365234,64.1846923828125,37.620487213134766,99.3959732055664,29.584566116333008,46.127227783203125,99.96968841552734,47.74724197387695,160.73471069335938,43.118167877197266,29.726871490478516,161.1449432373047,134.23545837402344,136.3011932373047,112.43110656738281,56.64228439331055,353.6874084472656,152.8798828125,48.29155349731445,69.61480712890625,45.37289810180664,37.470359802246094,152.76927185058594,117.53031158447266,247.18441772460938,100.2979736328125,23.028888702392578,49.49969482421875,40.365596771240234,161.9879608154297,76.35375213623047,33.9980354309082,6.149102687835693,46.28978729248047,21.1429443359375,52.61314392089844,83.79969024658203,241.21487426757812,97.66815185546875,33.529048919677734,35.23076629638672,40.628517150878906,94.4129638671875,141.50238037109375
2019-03-25,110.7652816772461,45.10106658935547,113.68257141113281,58.87532043457031,81.96467590332031,86.67739868164062,92.29141235351562,64.23149871826172,37.70238494873047,99.50300598144531,29.612829208374023,45.711517333984375,99.7761459350586,47.7201042175293,159.79684448242188,43.109989166259766,29.6936092376709,161.93896484375,133.28443908691406,136.38858032226562,113.82601928710938,56.86542510986328,361.7832336425781,152.789794921875,47.80766296386719,69.84693908691406,44.490394592285156,36.94908142089844,150.6353302001953,118.96851348876953,247.27688598632812,99.91313171386719,22.883947372436523,49.515220642089844,40.173423767089844,161.60223388671875,75.936279296875,33.61502456665039,6.127501964569092,45.75575637817383,20.977901458740234,53.409461975097656,83.44841766357422,241.4305877685547,97.5561294555664,33.906795501708984,35.00758361816406,40.90877151489258,94.74039459228516,142.76365661621094
2019-03-26,111.00064086914062,44.635093688964844,115.31364440917969,59.64146041870117,82.78489685058594,87.57849884033203,93.22264099121094,64.67607879638672,38.20201873779297,100.46633911132812,29.987503051757812,46.283119201660156,100.52168273925781,48.20869445800781,161.31118774414062,43.51876449584961,29.738983154296875,161.64869689941406,135.9276580810547,137.74436950683594,114.22454833984375,57.43184280395508,361.7051086425781,154.16543579101562,48.87221145629883,70.534423828125,44.84663391113281,37.61040496826172,147.84832763671875,120.02198791503906,247.949462890625,100.33465576171875,23.199411392211914,49.86452102661133,40.95048904418945,163.47103881835938,77.2273941040039,34.128421783447266,6.3075103759765625,45.926353454589844,21.25586700439453,54.59599304199219,84.6271743774414,238.95875549316406,98.49240112304688,34.1945915222168,34.95798110961914,41.47727966308594,95.89080047607422,143.0087127685547
2019-03-27,109.92743682861328,45.03655242919922,115.42182922363281,59.1847038269043,82.50321960449219,87.47650146484375,92.21631622314453,64.1846923828125,38.17744827270508,100.35930633544922,29.704744338989258,46.04061508178711,99.81915283203125,47.783443450927734,161.33702087402344,43.445186614990234,29.403236389160156,161.5718536376953,135.87521362304688,137.4207305908203,113.67005920410156,57.50908279418945,365.44537353515625,152.56869506835938,48.19477081298828,70.29335021972656,43.76169967651367,37.330318450927734,146.97450256347656,117.96085357666016,247.13400268554688,99.8581771850586,23.04594612121582,49.414310455322266,40.74995422363281,162.9052734375,76.60888671875,33.71281814575195,6.2067060470581055,46.15627670288086,21.082141876220703,54.07837677001953,85.0721206665039,237.2239532470703,98.70846557617188,33.75690841674805,35.12332534790039,41.0769157409668,97.41287231445312,143.61671447753906
2019-03-28,110.07806396484375,45.096290588378906,115.57160949707031,59.4793701171875,83.43943786621094,88.02906799316406,92.38903045654297,64.44989776611328,38.15288162231445,100.318115234375,29.895612716674805,45.99732208251953,100.3066177368164,48.12726593017578,162.95458984375,43.62504577636719,29.379043579101562,162.26336669921875,136.7737579345703,138.6715545654297,114.68370819091797,57.81803894042969,365.6700134277344,153.65774536132812,47.856056213378906,70.9272689819336,43.203041076660156,37.22140121459961,146.88253784179688,118.12574768066406,248.52117919921875,100.0230941772461,23.301721572875977,49.43758773803711,41.017333984375,163.8910675048828,76.60888671875,34.16916275024414,6.314711570739746,46.36395263671875,21.229812622070312,53.656333923339844,86.10253143310547,239.99244689941406,99.14059448242188,33.996734619140625,35.31343460083008,41.229068756103516,98.86415100097656,144.13636779785156
2019-03-29,111.02888488769531,45.39020919799805,116.328857421875,59.52360153198242,83.8702621459961,88.45411682128906,92.50920867919922,64.87107849121094,38.382232666015625,100.9027099609375,30.022855758666992,46.508296966552734,101.15254974365234,48.59777069091797,163.39337158203125,44.140113830566406,29.50002098083496,163.82574462890625,136.2818603515625,139.00390625,117.38685607910156,58.82216262817383,372.486572265625,155.565673828125,48.339935302734375,71.37370300292969,43.664546966552734,37.1202392578125,147.9219207763672,118.86774444580078,252.35496520996094,100.15137481689453,23.52339744567871,50.46221160888672,40.37395477294922,164.58551025390625,77.40522003173828,34.389183044433594,6.321910858154297,46.92765808105469,21.368797302246094,53.146663665771484,87.22662353515625,242.3294677734375,99.14859008789062,34.43444061279297,35.652347564697266,41.4372444152832,99.8818359375,145.74111938476562
2019-04-01,112.04557037353516,45.69845962524414,115.65483856201172,60.20869827270508,86.69549560546875,88.1055908203125,93.83097839355469,64.97246551513672,38.26755905151367,100.44986724853516,30.284420013427734,47.20981979370117,102.72970581054688,49.38497543334961,162.09417724609375,44.949501037597656,29.587739944458008,167.0272979736328,139.01034545898438,141.234375,121.51087951660156,58.61615753173828,382.3695373535156,157.0314178466797,48.87221145629883,71.12368774414062,43.87504959106445,36.63786315917969,148.88772583007812,118.21735382080078,255.82717895507812,102.35047149658203,24.3333740234375,51.137516021728516,40.78337860107422,168.65745544433594,79.8637466430664,35.4730224609375,6.465917587280273,47.09083938598633,21.264554977416992,53.9031867980957,89.32650756835938,246.38316345214844,98.24433898925781,34.614315032958984,35.28036880493164,40.82870101928711,101.07647705078125,147.62850952148438
2019-04-02,112.20561218261719,46.362770080566406,114.59796142578125,59.95086669921875,87.10973358154297,88.1990737915039,93.8234634399414,64.90228271484375,38.14468765258789,100.18639373779297,30.333898544311523,47.07991409301758,102.5146484375,48.99589538574219,162.05978393554688,45.202945709228516,29.321563720703125,165.89181518554688,139.13497924804688,140.85826110839844,121.45890045166016,58.676239013671875,381.5980224609375,157.57188415527344,49.54964065551758,71.08798217773438,42.20716857910156,36.33442687988281,145.8983917236328,118.46466827392578,254.82664489746094,101.7091064453125,24.6147403717041,51.41695785522461,40.282047271728516,169.30902099609375,79.8405532836914,35.611568450927734,6.487518310546875,41.06077575683594,20.63912582397461,52.83611297607422,88.74103546142578,245.68215942382812,98.1482925415039,33.9907341003418,34.933189392089844,40.820682525634766,101.09417724609375,147.81997680664062
2019-04-03,112.93993377685547,46.68059539794922,114.1485824584961,59.597251892089844,87.28372192382812,88.14810180664062,93.04240417480469,64.87886810302734,37.82525634765625,100.08758544921875,30.284420013427734,48.04991912841797,102.96627044677734,48.914466857910156,162.05978393554688,45.48090744018555,29.39718246459961,169.5629119873047,139.79087829589844,140.20223999023438,120.65313720703125,58.2042236328125,375.7287902832031,157.97312927246094,48.87221145629883,70.98085021972656,42.74154281616211,36.474483489990234,146.24789428710938,116.3852310180664,249.92518615722656,101.30591583251953,24.589157104492188,51.74297332763672,40.82514953613281,172.18939208984375,79.8637466430664,36.16569519042969,6.573922634124756,40.675086975097656,20.67387580871582,52.167205810546875,89.26404571533203,239.7767333984375,97.44408416748047,32.36585998535156,34.900123596191406,40.26819610595703,101.3950424194336,148.97804260253906
2019-04-04,112.36566925048828,46.761837005615234,112.81710815429688,60.444427490234375,88.1269302368164,87.92707061767578,93.72584533691406,63.84151077270508,38.07096481323242,100.01349639892578,30.21372413635254,48.43098449707031,102.35691833496094,48.69730758666992,163.36758422851562,45.36573028564453,29.675460815429688,171.13385009765625,141.03707885742188,140.884521484375,121.40690612792969,57.97251510620117,386.58831787109375,157.489990234375,48.53350067138672,70.19512176513672,43.23542022705078,36.63145065307617,148.52896118164062,115.06610107421875,251.94305419921875,101.25994110107422,24.85346794128418,51.88268280029297,41.084163665771484,173.3638153076172,79.63951873779297,36.61390686035156,6.6531291007995605,40.163307189941406,20.569637298583984,51.888492584228516,88.96742248535156,243.5968475341797,97.62012481689453,32.73759841918945,35.32169723510742,40.244171142578125,101.7667236328125,149.75302124023438
2019-04-05,112.8646011352539,47.07487869262695,113.32473754882812,60.768558502197266,87.918212890625,88.11410522460938,94.94245910644531,63.29549026489258,38.06277084350586,100.13699340820312,30.390457153320312,48.15384292602539,102.71538543701172,48.79684066772461,164.09036254882812,45.42332077026367,29.893238067626953,172.50836181640625,141.2863311767578,141.435546875,121.60617065429688,58.290035247802734,382.7503662109375,160.01206970214844,48.436710357666016,70.534423828125,43.769798278808594,36.60790252685547,152.80604553222656,116.33025360107422,254.3895721435547,102.0323486328125,24.79378318786621,52.426048278808594,40.7583122253418,173.49244689941406,80.74510192871094,36.58945083618164,6.6603264808654785,40.56382751464844,20.760732650756836,52.652950286865234,89.24845123291016,248.35171508789062,97.56414794921875,32.839534759521484,35.487030029296875,40.74061584472656,101.7313232421875,150.4733123779297
2019-04-08,112.90227508544922,47.815635681152344,113.2914810180664,61.144290924072266,88.20205688476562,89.2362289428711,95.1377182006836,63.139503479003906,38.128299713134766,100.44986724853516,30.496498107910156,48.223140716552734,102.7942123413086,48.60683059692383,163.3504180908203,45.653690338134766,30.01422882080078,173.7804412841797,141.030517578125,141.75038146972656,121.1383285522461,58.375877380371094,365.74810791015625,159.57809448242188,45.92051696777344,70.1058578491211,43.842674255371094,36.72563552856445,153.9741668701172,116.48599243164062,256.97894287109375,101.79325866699219,24.87052345275879,52.301849365234375,40.84185791015625,173.62960815429688,80.79149627685547,36.65464401245117,6.696329116821289,40.8382568359375,20.725994110107422,52.99537658691406,88.96742248535156,248.89105224609375,97.34005737304688,33.14531707763672,35.61928939819336,41.084922790527344,101.23577117919922,150.44601440429688
2019-04-09,112.29035949707031,47.67226028442383,112.81710815429688,60.35602951049805,87.5508804321289,88.97269439697266,94.28158569335938,63.022525787353516,38.226593017578125,100.58982849121094,30.284420013427734,47.911346435546875,101.87662506103516,48.70635986328125,163.5482177734375,45.39863204956055,29.850893020629883,171.5180206298828,139.02346801757812,140.6920623779297,118.13196563720703,58.453121185302734,360.3965148925781,158.02223205566406,44.61404800415039,70.23980712890625,43.4945182800293,36.08987045288086,155.5654296875,116.55927276611328,254.47349548339844,101.01165008544922,24.63178825378418,51.30052185058594,40.223548889160156,171.98362731933594,80.26576232910156,36.06791305541992,6.631525993347168,40.42290115356445,20.795482635498047,52.31849670410156,88.13996124267578,245.80801391601562,97.10000610351562,33.04339599609375,35.363033294677734,41.254695892333984,101.1295394897461,144.8201904296875
2019-04-10,113.14703369140625,47.93989562988281,112.82544708251953,60.08346176147461,87.94326782226562,88.96420288085938,94.2440185546875,63.03812026977539,38.20201873779297,100.4828109741211,30.206653594970703,48.283756256103516,102.52898406982422,49.05173110961914,162.8083038330078,45.92518997192383,30.12614631652832,170.26295471191406,139.12185668945312,139.92237854003906,119.15428924560547,58.453121185302734,356.39251708984375,158.7674102783203,44.32371139526367,70.50762939453125,43.615962982177734,36.019229888916016,154.7100067138672,116.51349639892578,251.4805450439453,101.29669952392578,24.78525733947754,52.31736755371094,39.93110656738281,174.0067901611328,80.44357299804688,36.22273635864258,6.717929363250732,40.430320739746094,21.698883056640625,53.329837799072266,88.27265167236328,243.1653594970703,97.3560791015625,33.22926712036133,35.7432861328125,41.67509460449219,101.67822265625,144.63787841796875
2019-04-11,113.2788314819336,47.54084014892578,112.51753997802734,60.370765686035156,88.686279296875,89.04920196533203,94.61952209472656,62.27372741699219,38.25936508178711,100.17816162109375,29.88146209716797,48.32706069946289,103.07380676269531,48.88813018798828,162.51577758789062,45.74418640136719,30.48910140991211,172.01321411132812,140.05322265625,140.7357940673828,120.31525421142578,58.435943603515625,361.4902648925781,157.30984497070312,44.13015365600586,70.09693145751953,42.66057205200195,36.176212310791016,150.85609436035156,114.64473724365234,256.92010498046875,101.01165008544922,24.78525733947754,51.4713020324707,39.88933563232422,173.87820434570312,80.98474884033203,36.50796127319336,6.761132717132568,39.63668441772461,22.359054565429688,52.85204315185547,88.59272003173828,249.3314666748047,98.08427429199219,33.565032958984375,35.78460693359375,41.683170318603516,101.3419418334961,146.03286743164062
2019-04-12,113.86247253417969,47.52172088623047,113.15830993652344,59.61198043823242,92.84384155273438,89.31275177001953,89.94075775146484,61.95393371582031,38.28392791748047,100.63922882080078,29.485599517822266,48.86403274536133,103.48243713378906,49.53343200683594,164.8561248779297,46.31187438964844,30.718978881835938,174.0365753173828,142.6046905517578,142.1090545654297,122.33395385742188,59.019535064697266,370.7482604980469,156.74484252929688,43.549495697021484,69.9355697631836,42.757728576660156,35.76805877685547,147.7195587158203,112.73015594482422,260.37554931640625,101.98637390136719,25.723127365112305,50.671783447265625,38.84489059448242,178.17306518554688,81.87387084960938,38.048133850097656,6.8043341636657715,39.64410400390625,22.298248291015625,53.64838409423828,89.34991455078125,254.4189453125,98.57242584228516,33.91279602050781,35.859004974365234,41.699344635009766,102.29767608642578,147.21826171875
2019-04-15,113.95662689208984,47.60774230957031,113.60769653320312,59.41309356689453,91.78359985351562,89.88231658935547,90.22614288330078,61.25194549560547,38.49690628051758,101.81663513183594,29.75423240661621,48.74278259277344,103.15984344482422,49.65157699584961,165.07122802734375,46.53401565551758,30.982131958007812,174.8988800048828,141.56178283691406,141.6979522705078,121.51087951660156,58.96803283691406,366.6661376953125,156.5646514892578,43.45271682739258,69.47834014892578,43.89934539794922,36.498016357421875,150.68133544921875,113.66455078125,259.543212890625,101.636962890625,25.44176483154297,50.78821563720703,39.0788459777832,171.375,81.13938903808594,37.55104064941406,6.717929363250732,40.23006057739258,22.1245174407959,52.82815170288086,88.70980834960938,251.8751983642578,98.4283676147461,34.14064407348633,35.825950622558594,41.81251907348633,103.06754302978516,148.1573486328125
2019-04-16,113.69303131103516,47.61252212524414,114.85592651367188,59.81825637817383,92.75201416015625,90.46891784667969,90.99967193603516,60.495384216308594,38.4559440612793,100.78744506835938,28.927125930786133,49.115196228027344,104.04877471923828,49.6152229309082,164.94215393066406,46.854881286621094,31.133371353149414,174.56585693359375,142.2636260986328,142.45018005371094,123.05303192138672,59.25126266479492,372.779541015625,153.9853057861328,44.226932525634766,68.47428131103516,43.6402587890625,36.12126541137695,138.9263153076172,109.890380859375,260.6781921386719,102.87833404541016,25.475866317749023,50.09737777709961,39.814144134521484,173.02947998046875,82.47688293457031,38.317054748535156,6.739530563354492,40.675086975097656,22.211381912231445,52.42998504638672,88.94400024414062,253.12461853027344,98.6844482421875,33.81086730957031,35.528358459472656,41.610416412353516,104.77547454833984,150.04476928710938
2019-04-17,114.63442993164062,48.53968048095703,115.27201843261719,59.987701416015625,95.42353057861328,90.61957550048828,90.32376098632812,57.656246185302734,38.72623825073242,104.57488250732422,28.191930770874023,50.717430114746094,99.7259750366211,49.5152473449707,164.86471557617188,46.32832717895508,31.202945709228516,176.3416748046875,142.7489776611328,142.47640991210938,123.66815185546875,59.311702728271484,368.6778564453125,149.41610717773438,44.13015365600586,65.3365249633789,42.53913879394531,35.948577880859375,133.82142639160156,106.72080993652344,261.048095703125,102.76798248291016,25.603757858276367,49.0960578918457,39.730587005615234,178.2244873046875,82.02075958251953,39.32752990722656,6.840336799621582,40.8975944519043,22.18532943725586,52.38220977783203,89.37334442138672,250.5719451904297,98.78849792480469,33.6849479675293,35.57796096801758,41.83677673339844,103.88168334960938,150.8562774658203
2019-04-18,116.14065551757812,48.71413040161133,114.43984985351562,59.766693115234375,94.72225952148438,90.79078674316406,90.01585388183594,57.08685302734375,38.89006042480469,104.64076232910156,27.838481903076172,50.65681457519531,100.60054016113281,49.551605224609375,167.70413208007812,46.402374267578125,31.20899772644043,175.5818634033203,143.56228637695312,147.87313842773438,124.95821380615234,59.89031219482422,371.1681823730469,145.3218536376953,45.243080139160156,66.26889038085938,42.61199951171875,35.72882080078125,137.0498809814453,105.52995300292969,264.20928955078125,104.52432250976562,25.603757858276367,48.863189697265625,39.75564193725586,176.51853942871094,81.87387084960938,38.748958587646484,6.876338005065918,40.519325256347656,22.393802642822266,52.47776794433594,89.10791015625,252.72012329101562,98.8685073852539,32.599700927734375,35.346500396728516,41.81251907348633,106.06746673583984,154.13876342773438
2019-04-22,116.5078353881836,48.874229431152344,114.69783782958984,61.07061767578125,94.83912658691406,90.75653076171875,91.54789733886719,57.29743576049805,38.82453155517578,104.10558319091797,27.555706024169922,50.94261932373047,99.5682373046875,49.64249038696289,166.85231018066406,46.353023529052734,30.9639835357666,174.83059692382812,143.33926391601562,147.1559600830078,124.10398864746094,60.106231689453125,366.3829650878906,144.4129638671875,45.09792709350586,66.79782104492188,42.857208251953125,35.5090446472168,136.1209259033203,105.77728271484375,265.050048828125,103.2921371459961,25.620811462402344,48.02486038208008,39.4882698059082,175.3955841064453,82.33001708984375,38.53709030151367,6.840336799621582,40.126224517822266,22.15057945251465,53.32187271118164,88.69419860839844,254.2751922607422,104.23004150390625,32.74359130859375,35.26383590698242,41.83677673339844,103.74897766113281,154.2299041748047
2019-04-23,118.08938598632812,49.579158782958984,116.42041015625,61.424217224121094,94.95600128173828,88.31664276123047,91.63802337646484,58.18663024902344,39.48798370361328,104.64076232910156,27.86675262451172,50.9079704284668,100.67939758300781,49.93332290649414,168.00521850585938,46.64097213745117,31.17571258544922,175.91482543945312,143.9689483642578,150.2785186767578,123.79891967773438,59.5966911315918,365.2598571777344,147.1969757080078,45.14631652832031,68.2232666015625,43.29045867919922,35.57183837890625,141.4833221435547,107.6277084350586,280.04876708984375,104.80018615722656,25.63786506652832,48.93304443359375,39.563472747802734,175.0011749267578,83.11084747314453,38.58597183227539,6.950075149536133,39.47352600097656,21.90735626220703,52.91573715209961,88.67859649658203,263.0119323730469,100.52497863769531,32.86951446533203,35.296905517578125,41.238525390625,104.0852279663086,152.96250915527344
2019-04-24,117.6845703125,49.502685546875,115.837890625,60.230812072753906,94.79740142822266,88.7703628540039,88.82925415039062,58.288021087646484,39.299598693847656,104.50077819824219,27.831403732299805,50.85600662231445,100.32811737060547,50.15146255493164,170.04443359375,46.797298431396484,31.31485366821289,176.48683166503906,143.69346618652344,149.82369995117188,120.05082702636719,59.4671516418457,366.6661376953125,146.0015106201172,45.09792709350586,68.80596160888672,43.26593780517578,35.02240753173828,141.85122680664062,108.09491729736328,277.5433044433594,104.84613800048828,25.595233917236328,48.74675369262695,39.67209243774414,171.9150390625,84.85813903808594,38.61042022705078,7.001286029815674,39.65895080566406,22.211381912231445,51.522186279296875,89.32650756835938,251.67742919921875,99.54871368408203,32.803550720214844,35.363033294677734,40.97174835205078,103.21800231933594,150.72865295410156
2019-04-25,121.58198547363281,49.0534553527832,116.21237182617188,60.569664001464844,94.84748840332031,88.41935729980469,88.54386901855469,59.54380798339844,39.184932708740234,103.85035705566406,28.001066207885742,49.89466094970703,99.38182830810547,49.996944427490234,170.3025360107422,46.344791412353516,31.311830520629883,176.29898071289062,125.09226989746094,149.06272888183594,118.65625,59.32034683227539,373.834228515625,147.7865753173828,44.13015365600586,70.02520751953125,43.511146545410156,35.82300567626953,144.23350524902344,108.30560302734375,276.4923400878906,106.5564956665039,25.64638900756836,49.78688430786133,39.697147369384766,172.6522674560547,83.23457336425781,38.53709030151367,6.876915454864502,39.07300567626953,22.385116577148438,50.940853118896484,82.06671905517578,250.94943237304688,99.2365951538086,30.82491111755371,34.48680877685547,40.599876403808594,102.23572540283203,147.53736877441406
2019-04-26,122.27861022949219,48.819271087646484,116.82817077636719,59.29521179199219,95.56546020507812,90.62812805175781,87.94306182861328,59.769989013671875,39.5289306640625,104.0726547241211,28.255552291870117,45.408390045166016,99.96250915527344,50.36050033569336,169.86373901367188,45.97456741333008,30.709909439086914,173.8316650390625,125.71538543701172,150.66339111328125,121.18400573730469,61.574310302734375,371.8713073730469,148.5972442626953,46.30762481689453,70.42864227294922,43.75637435913086,36.019229888916016,148.0323028564453,109.80793762207031,276.038330078125,108.13812255859375,25.87659454345703,50.57088088989258,40.07314682006836,174.09255981445312,83.53609466552734,39.026023864746094,7.615817070007324,39.199092864990234,21.716257095336914,49.99324035644531,81.14559173583984,254.49087524414062,100.62101745605469,31.65234375,33.81724548339844,41.303199768066406,104.25335693359375,150.45510864257812
2019-04-29,122.1656494140625,48.89334487915039,116.37045288085938,58.91213607788086,96.94296264648438,89.70353698730469,88.40868377685547,59.886985778808594,39.659996032714844,104.3114013671875,27.986921310424805,44.26516342163086,99.68293762207031,50.060577392578125,169.60565185546875,46.18023681640625,30.718978881835938,172.59373474121094,124.75776672363281,150.92578125,121.17528533935547,61.64341354370117,370.17205810546875,148.3516082763672,47.081844329833984,70.16864013671875,44.13239288330078,36.35673904418945,147.783935546875,109.56060791015625,276.257080078125,107.36570739746094,26.23468780517578,50.392330169677734,40.33218002319336,177.38441467285156,82.94078826904297,39.739463806152344,7.549973964691162,39.7257080078125,22.211381912231445,49.88972091674805,81.84034729003906,257.070556640625,100.22888946533203,32.08404541015625,35.7680778503418,41.181941986083984,103.6339340209961,151.6221466064453
2019-04-30,122.94705963134766,47.951847076416016,117.502197265625,59.14052963256836,96.88453674316406,91.158935546875,90.1660385131836,61.392356872558594,40.18419647216797,105.43120574951172,28.707984924316406,44.20453643798828,100.55754852294922,50.28778839111328,169.99282836914062,46.03214645385742,31.10614776611328,173.90853881835938,124.29864501953125,151.87046813964844,121.52393341064453,62.8610725402832,368.8438720703125,146.83673095703125,49.21092987060547,71.32511901855469,44.4511833190918,36.44307327270508,146.10072326660156,107.21549224853516,280.2420654296875,107.79786682128906,26.07269287109375,50.48549270629883,40.449153900146484,176.52711486816406,83.11084747314453,39.567264556884766,7.645080089569092,39.73311996459961,22.393802642822266,50.263973236083984,82.91759490966797,260.58502197265625,102.7336196899414,32.57571792602539,36.86749267578125,41.610416412353516,103.97905731201172,151.02041625976562
2019-05-01,120.38640594482422,50.30559539794922,118.12633514404297,57.95446014404297,96.14153289794922,89.83194732666016,88.47628021240234,61.400150299072266,39.79923629760742,104.76426696777344,28.821094512939453,43.962039947509766,100.76543426513672,49.8787956237793,167.06739807128906,45.72772979736328,30.658483505249023,169.72515869140625,122.04237365722656,149.51756286621094,120.41696166992188,61.56568908691406,367.9747619628906,144.2327423095703,48.87221145629883,70.59001159667969,46.862579345703125,36.560813903808594,149.00729370117188,108.25980377197266,278.9978332519531,107.60477447509766,25.79985809326172,50.35353088378906,40.29875564575195,175.50698852539062,82.00530242919922,39.00962448120117,7.535344123840332,39.81470489501953,22.220073699951172,49.905635833740234,81.66860961914062,260.04571533203125,100.40493774414062,32.0120964050293,36.42937088012695,41.48106384277344,102.1826400756836,150.02655029296875
2019-05-02,118.81427001953125,49.978214263916016,117.56880950927734,56.93785095214844,96.3502197265625,90.37128448486328,87.40233612060547,62.024147033691406,39.635414123535156,104.42671203613281,28.990751266479492,43.780155181884766,100.07005310058594,49.62431716918945,167.4459686279297,45.201175689697266,30.594972610473633,171.6118927001953,121.17659759521484,149.90243530273438,117.81945037841797,62.02338409423828,366.9981994628906,144.52752685546875,49.5980339050293,70.6258544921875,46.37211608886719,36.79629135131836,145.53045654296875,108.51629638671875,279.5863037109375,107.81626892089844,26.004486083984375,50.687313079833984,40.357242584228516,175.72987365722656,81.37906646728516,39.206443786621094,7.564606666564941,39.896297454833984,22.393802642822266,48.80671310424805,82.36335754394531,260.60308837890625,101.83735656738281,31.874191284179688,35.991268157958984,41.44063949584961,103.32420349121094,149.64361572265625
2019-05-03,121.34661865234375,50.59950637817383,118.17627716064453,57.07044982910156,96.94296264648438,90.81647491455078,88.07073974609375,62.398521423339844,39.90571594238281,105.1183090209961,29.259382247924805,44.819454193115234,100.54319763183594,49.796993255615234,169.9497833251953,45.201175689697266,30.876272201538086,171.227783203125,121.48489379882812,151.79176330566406,121.21015167236328,62.135658264160156,367.6426696777344,145.1908416748047,50.807743072509766,70.54518127441406,46.31488800048828,38.162010192871094,140.57272338867188,107.09640502929688,280.86419677734375,109.74729919433594,26.18353271484375,52.107791900634766,40.649688720703125,177.8987274169922,82.61605834960938,39.411460876464844,7.615817070007324,40.11138153076172,22.359054565429688,49.38005828857422,83.25324249267578,262.49969482421875,102.02942657470703,32.233951568603516,36.09872817993164,41.37596893310547,104.09406280517578,152.18753051757812
2019-05-06,120.64057159423828,49.818115234375,118.24287414550781,56.81998062133789,96.08306884765625,90.4740219116211,88.91937255859375,61.99294662475586,39.7009391784668,104.78897857666016,29.443178176879883,44.632110595703125,100.63639831542969,49.851531982421875,171.13714599609375,44.9132080078125,30.9912052154541,170.43377685546875,120.05501556396484,150.978271484375,119.20539093017578,61.91112518310547,362.89654541015625,144.98606872558594,50.46902847290039,70.8858413696289,46.2658576965332,37.75386428833008,146.0639190673828,106.85822296142578,282.2515563964844,109.73812103271484,25.97890853881836,52.542484283447266,40.465858459472656,176.96432495117188,81.75016784667969,39.12443542480469,7.586554527282715,39.99270248413086,22.332996368408203,49.276546478271484,81.66860961914062,261.87042236328125,102.34951782226562,32.09603500366211,35.61928939819336,41.59423828125,102.90827941894531,146.0511474609375
2019-05-07,118.16470336914062,48.475162506103516,116.4786605834961,56.51793670654297,94.5135498046875,89.63504028320312,88.82173919677734,60.76057052612305,39.31597900390625,103.72684478759766,28.86351776123047,43.98728561401367,98.672119140625,49.07899475097656,170.39720153808594,43.97529602050781,30.64034652709961,166.28453063964844,117.48388671875,148.56414794921875,116.51200866699219,60.892093658447266,348.8631286621094,142.3739471435547,48.92060089111328,68.94940948486328,45.244075775146484,37.06315612792969,142.71588134765625,105.29176330566406,278.19903564453125,108.7082290649414,25.509977340698242,51.541160583496094,39.413055419921875,173.70672607421875,79.8637466430664,38.304378509521484,7.593870162963867,39.265838623046875,22.385116577148438,48.57577133178711,79.69363403320312,259.2098083496094,100.97310638427734,31.74228286743164,35.305171966552734,41.3840446472168,101.28884887695312,143.8445587158203
2019-05-08,118.15526580810547,48.4847297668457,116.328857421875,56.60634994506836,94.01264953613281,89.9518051147461,88.24345397949219,60.97896194458008,39.193111419677734,103.75978088378906,28.948335647583008,42.90677261352539,98.93020629882812,49.06990051269531,170.38858032226562,43.991764068603516,30.33786964416504,166.6260528564453,117.13626098632812,149.01023864746094,115.01277923583984,61.306610107421875,351.3240966796875,140.96551513671875,49.16254425048828,68.33081817626953,45.562870025634766,37.24367904663086,143.95758056640625,106.4917984008789,280.9567565917969,108.0369644165039,25.40765953063965,51.28499221801758,39.271018981933594,172.26654052734375,79.62406921386719,38.156776428222656,7.564606666564941,39.681190490722656,21.959476470947266,48.9182014465332,79.50630950927734,261.1693115234375,101.54127502441406,31.154685974121094,35.065452575683594,41.12535095214844,100.89949035644531,141.8660125732422
2019-05-09,118.14585876464844,47.96379089355469,115.4467544555664,56.55478286743164,93.9375,89.24124145507812,91.01468658447266,61.095943450927734,38.82453155517578,103.78446197509766,28.98400115966797,40.623748779296875,98.17576599121094,49.30622100830078,170.13043212890625,43.53925323486328,30.267929077148438,166.12232971191406,114.96525573730469,149.0364990234375,114.35907745361328,61.185707092285156,347.82257080078125,141.55508422851562,48.58187484741211,68.51012420654297,45.244075775146484,37.07099914550781,143.35971069335938,106.07958984375,285.3117370605469,107.82548522949219,25.3309268951416,51.33156967163086,39.43131637573242,172.84951782226562,79.50810241699219,38.09117126464844,7.462184906005859,39.7257080078125,22.028968811035156,49.005802154541016,78.6476058959961,265.1602783203125,101.14916229248047,31.172670364379883,35.18116760253906,41.56190872192383,100.31298065185547,141.7657012939453
2019-05-10,119.68036651611328,47.2993278503418,115.71307373046875,57.046546936035156,93.92914581298828,90.75653076171875,91.61549377441406,60.986778259277344,39.47160720825195,105.39824676513672,29.041053771972656,40.25777053833008,98.1612777709961,49.669769287109375,172.0750274658203,43.901248931884766,30.988605499267578,166.12232971191406,115.34561157226562,150.12109375,114.48108673095703,61.747047424316406,348.35296630859375,140.7198486328125,49.017364501953125,68.53700256347656,45.08876037597656,36.89833068847656,145.73281860351562,106.46431732177734,286.98480224609375,108.92890930175781,25.220088958740234,50.89688491821289,39.77721405029297,173.20953369140625,81.63419342041016,38.000972747802734,7.593870162963867,39.621864318847656,22.43723487854004,49.55398941040039,78.5539321899414,270.37347412109375,101.98138427734375,31.244625091552734,35.0737190246582,41.6670036315918,99.74420928955078,142.2854461669922
2019-05-13,116.12187194824219,44.55032730102539,114.1735610961914,56.413211822509766,91.37449645996094,90.84215545654297,90.45146179199219,60.191192626953125,39.356929779052734,104.69841003417969,28.934072494506836,39.00299072265625,95.33220672607422,48.560943603515625,171.24900817871094,42.2064208984375,30.374351501464844,162.50244140625,114.17163848876953,145.91387939453125,109.21639251708984,61.79885482788086,331.361083984375,137.23973083496094,47.75926971435547,67.68535614013672,43.99343490600586,36.02707290649414,144.70265197753906,104.76962280273438,281.9571533203125,106.57489776611328,24.086122512817383,49.8101806640625,39.085426330566406,167.1400909423828,78.1860580444336,36.22966384887695,7.374395847320557,38.657649993896484,22.05503273010254,48.96978759765625,77.55473327636719,265.5915832519531,102.44554138183594,30.842899322509766,33.63539123535156,41.86911392211914,98.86444091796875,133.37721252441406
2019-05-14,117.42097473144531,45.25556564331055,113.8573226928711,56.487701416015625,92.10081481933594,90.4055404663086,91.3526382446289,60.386165618896484,39.881141662597656,104.90424346923828,28.998260498046875,39.36024856567383,96.7032241821289,49.197147369384766,170.3713836669922,42.79878616333008,30.495988845825195,163.59524536132812,114.91931915283203,147.08596801757812,111.10784149169922,61.44478225708008,336.93011474609375,137.4117431640625,49.936744689941406,68.16050720214844,43.29861831665039,36.0349235534668,142.83547973632812,105.29176330566406,282.6297607421875,107.5956039428711,24.40159034729004,50.51654052734375,39.22040557861328,168.2631378173828,79.78643798828125,36.09025192260742,7.491450309753418,38.99883270263672,22.055028915405273,49.87411117553711,77.87477111816406,265.7354736328125,102.06942749023438,31.11271095275879,34.060611724853516,42.01464080810547,99.13990020751953,134.13400268554688
2019-05-15,119.07453155517578,45.797691345214844,113.9322509765625,56.90497589111328,91.75019073486328,91.34725952148438,91.7281494140625,60.48756790161133,40.28248977661133,106.50157165527344,29.347728729248047,39.752376556396484,97.49391174316406,49.58796310424805,171.2834930419922,43.14434051513672,30.371318817138672,163.71475219726562,114.20443725585938,148.15304565429688,110.95966339111328,61.608882904052734,339.48382568359375,139.09854125976562,49.64642333984375,68.5908203125,43.15149688720703,36.600059509277344,142.81703186035156,105.91468048095703,280.9315185546875,108.19328308105469,24.120222091674805,50.687313079833984,38.67204284667969,168.36599731445312,80.3740005493164,36.000057220458984,7.579239368438721,39.11751174926758,22.02008819580078,49.650028228759766,79.26427459716797,264.7018737792969,102.9656753540039,31.256614685058594,34.16902160644531,42.3703498840332,99.47760772705078,132.06422424316406
2019-05-16,121.82413482666016,45.596195220947266,115.01402282714844,56.89752960205078,92.92730712890625,92.55438232421875,91.61438751220703,61.71992492675781,40.610130310058594,107.25906372070312,29.69719123840332,39.673954010009766,98.56752014160156,49.660675048828125,172.0750274658203,46.01569366455078,30.806154251098633,164.24411010742188,112.68929290771484,149.38633728027344,110.35823822021484,62.61064529418945,347.5082702636719,140.33741760253906,49.017364501953125,68.6714859008789,42.75094985961914,36.984657287597656,141.45571899414062,107.5313949584961,285.33697509765625,110.1978988647461,24.376005172729492,51.05988693237305,38.7226676940918,170.7148895263672,81.41773223876953,36.311676025390625,7.608503341674805,39.26708984375,21.539682388305664,50.07417297363281,79.08474731445312,273.8879699707031,103.00569152832031,31.196657180786133,34.40248107910156,42.11973190307617,100.34849548339844,133.11282348632812
2019-05-17,121.0115737915039,45.33711624145508,115.3469009399414,56.562232971191406,92.47650909423828,91.9893569946289,91.40202331542969,61.400150299072266,40.29887771606445,107.45665740966797,29.575946807861328,39.116275787353516,97.43586730957031,49.53343200683594,171.41249084472656,46.361236572265625,30.669313430786133,164.41482543945312,110.90526580810547,148.65162658691406,107.00242614746094,62.15293502807617,348.69671630859375,140.32916259765625,48.388328552246094,68.10670471191406,43.225067138671875,36.772735595703125,142.43988037109375,106.8681411743164,284.15997314453125,109.48983001708984,24.214014053344727,51.51010513305664,38.55393981933594,169.2489471435547,80.69869232177734,35.9836540222168,7.528027057647705,39.095062255859375,21.155357360839844,49.698055267333984,78.33607482910156,275.6676940917969,103.17375183105469,31.388511657714844,33.91887283325195,42.36225509643555,99.32655334472656,122.92804718017578
2019-05-20,119.2635269165039,43.91944122314453,115.18881225585938,56.55477523803711,92.96070098876953,91.88663482666016,91.64472198486328,61.52495574951172,40.0121955871582,107.02849578857422,29.66152572631836,37.95733642578125,98.01619720458984,48.769981384277344,171.21456909179688,46.08150863647461,30.870004653930664,163.02322387695312,109.04252624511719,147.48834228515625,106.71479034423828,61.919769287109375,346.5064697265625,139.07373046875,47.80766296386719,67.92739868164062,43.323143005371094,36.3488883972168,141.34536743164062,107.07080078125,287.53973388671875,110.1978988647461,24.214014053344727,51.12199783325195,38.3430290222168,169.0861358642578,80.50545501708984,35.97545623779297,7.520711421966553,39.08758544921875,21.024337768554688,49.9781379699707,77.64253997802734,282.75958251953125,104.11802673339844,31.376541137695312,33.201805114746094,42.61287307739258,95.74520111083984,123.42951965332031
2019-05-21,119.90604400634766,44.76142120361328,114.93913269042969,56.81557083129883,93.27796936035156,91.06475830078125,92.02392578125,62.00853729248047,39.80742263793945,106.25454711914062,29.718578338623047,38.741573333740234,98.98095703125,49.23349380493164,171.9459686279297,46.50110626220703,30.748380661010742,163.45010375976562,109.73123168945312,148.34552001953125,108.91131591796875,61.772945404052734,352.36029052734375,140.14747619628906,48.19477081298828,68.16050720214844,43.748207092285156,37.22798156738281,142.25596618652344,107.39321899414062,289.1707763671875,110.85076904296875,24.461265563964844,51.63429260253906,39.085426330566406,170.68917846679688,81.70377349853516,36.40187454223633,7.491450309753418,39.46155548095703,21.225231170654297,50.91448211669922,78.34394073486328,284.2517395019531,104.09402465820312,31.100717544555664,33.501976013183594,42.354183197021484,96.86493682861328,126.63908386230469
2019-05-22,120.63359832763672,43.84508514404297,115.47174835205078,56.30144500732422,92.51825714111328,91.36439514160156,91.43995666503906,63.162899017333984,40.6674690246582,107.09439849853516,29.946796417236328,38.340736389160156,98.908447265625,49.26076126098633,172.04922485351562,45.8182373046875,31.085893630981445,161.28155517578125,111.33158874511719,148.0918731689453,107.6997299194336,61.772945404052734,346.4966125488281,141.47714233398438,47.904441833496094,68.36669158935547,43.903507232666016,37.4713020324707,140.57272338867188,108.68287658691406,286.9427185058594,110.35420989990234,24.290748596191406,51.61878204345703,38.89139175415039,167.61163330078125,81.39453125,35.66382598876953,7.29392147064209,39.596187591552734,20.96319580078125,50.45832443237305,76.83869934082031,284.602294921875,104.81421661376953,31.676326751708984,33.285179138183594,42.61287307739258,96.40283203125,126.53875732421875
2019-05-23,119.2257080078125,43.096649169921875,116.328857421875,54.982566833496094,90.69827270507812,91.3986587524414,89.39228057861328,63.1941032409668,40.83127975463867,107.01202392578125,29.89689064025879,38.802574157714844,96.03585815429688,48.242835998535156,171.19741821289062,44.584129333496094,30.973400115966797,163.91964721679688,109.72413635253906,146.29002380371094,106.56661987304688,61.96294403076172,344.30633544921875,142.14613342285156,46.25924301147461,67.80191802978516,43.15149688720703,37.12594223022461,137.97891235351562,107.60508728027344,285.90869140625,108.90132904052734,23.66834259033203,52.13883972167969,38.435829162597656,164.56834411621094,79.46945190429688,35.024200439453125,7.2061285972595215,38.60141372680664,20.552663803100586,47.617286682128906,75.79054260253906,279.6227111816406,104.75819396972656,31.664331436157227,32.69319152832031,43.1949577331543,94.92765045166016,124.4325180053711
2019-05-24,119.28242492675781,42.93113327026367,116.3372573852539,55.21355438232422,91.59156036376953,91.33870697021484,90.02934265136719,63.311119079589844,40.634700775146484,106.62506103515625,29.91827964782715,38.83742904663086,95.95603942871094,47.96107482910156,170.16488647460938,44.73221206665039,31.219697952270508,165.277099609375,109.86966705322266,146.5009765625,107.12445831298828,61.48796081542969,348.578857421875,141.4606475830078,45.726959228515625,69.01217651367188,43.38036346435547,36.7413330078125,137.49143981933594,107.586669921875,284.8240966796875,109.89443969726562,24.026439666748047,51.92150115966797,38.95044708251953,165.45130920410156,80.2116470336914,35.22920608520508,7.191498279571533,38.72108840942383,20.7186222076416,47.92140579223633,75.53834533691406,280.50347900390625,104.53414916992188,31.41850471496582,32.65150451660156,42.6937255859375,95.75408172607422,126.6937484741211
2019-05-28,119.20684051513672,42.753623962402344,114.8458480834961,54.10332107543945,90.59809875488281,89.42958068847656,89.72598266601562,62.601322174072266,40.21696853637695,105.08538818359375,29.882619857788086,37.966041564941406,94.63583374023438,47.03404235839844,169.2184295654297,44.37021255493164,31.143678665161133,163.5354766845703,108.0571517944336,145.2528533935547,105.98260498046875,60.54664993286133,348.5592346191406,139.4536895751953,45.291473388671875,67.87361145019531,43.07792282104492,35.99568557739258,134.7412109375,106.6378173828125,284.0758361816406,108.6622314453125,23.787708282470703,49.65492630004883,38.46113586425781,162.39944458007812,78.81229400634766,34.58137512207031,7.154918670654297,38.6612548828125,20.63127326965332,48.05744934082031,74.13554382324219,277.05194091796875,102.9256591796875,29.90153694152832,32.16790771484375,41.303199768066406,95.54080963134766,125.4354476928711
2019-05-29,118.05406951904297,42.549720764160156,110.03654479980469,53.768028259277344,90.34764862060547,89.19841003417969,88.55804443359375,61.89933395385742,39.81563186645508,105.52998352050781,29.754240036010742,38.54115676879883,94.0772705078125,46.97950744628906,168.65914916992188,43.75315856933594,31.05245590209961,162.20359802246094,106.76720428466797,144.47061157226562,105.88672637939453,60.425750732421875,342.5874938964844,139.72622680664062,45.33986282348633,67.83776092529297,42.9307861328125,35.61893081665039,136.50723266601562,106.38910675048828,285.2948913574219,107.5956039428711,23.659818649291992,49.189205169677734,38.36833572387695,161.9344482421875,79.02103424072266,34.59777069091797,7.103706359863281,38.242408752441406,20.115936279296875,48.12948226928711,74.68721771240234,275.0565185546875,102.76564025878906,30.093408584594727,32.134552001953125,39.007232666015625,95.24755096435547,128.6814727783203
2019-05-30,118.80052947998047,42.77041244506836,110.69007110595703,53.62643814086914,89.37920379638672,90.17440032958984,87.50387573242188,62.14894104003906,40.3398323059082,105.89228057861328,29.882619857788086,38.97685241699219,93.99021911621094,47.00676727294922,171.42970275878906,44.074031829833984,31.073740005493164,163.1342010498047,106.22477722167969,145.41990661621094,106.20050048828125,61.185707092285156,343.638427734375,139.61058044433594,45.82374572753906,68.59976196289062,43.11879348754883,36.01138687133789,136.1209259033203,106.76678466796875,287.49761962890625,107.3473129272461,23.156782150268555,49.165916442871094,38.00556564331055,161.3489227294922,79.34575653076172,34.30256271362305,7.125654697418213,37.80860900878906,19.89756965637207,47.17713165283203,75.45956420898438,278.4721984863281,104.20603942871094,30.105403900146484,32.06784439086914,39.468048095703125,95.30087280273438,129.18292236328125
2019-05-31,116.86351013183594,41.99561309814453,109.88569641113281,52.732295989990234,88.46086120605469,88.10260772705078,86.343505859375,61.78235626220703,40.241539001464844,105.39002990722656,29.611602783203125,38.37559127807617,92.11869049072266,45.98883056640625,171.59414672851562,42.807010650634766,30.845678329467773,162.08412170410156,105.67570495605469,144.41787719726562,104.43106842041016,60.12349319458008,335.52557373046875,137.67799377441406,45.678565979003906,68.25016784667969,42.80818176269531,35.61107635498047,136.14849853515625,106.80364227294922,286.4653015136719,105.48064422607422,22.679317474365234,48.319828033447266,37.431907653808594,157.1466064453125,78.19379425048828,33.367706298828125,6.964705467224121,36.90357971191406,19.923768997192383,47.18513488769531,73.22924041748047,273.7420349121094,102.34150695800781,29.41587257385254,31.951112747192383,39.96928405761719,92.99922180175781,127.80615234375
2019-06-03,113.23513793945312,41.57102584838867,110.12867736816406,53.559391021728516,88.87831115722656,88.86454010009766,87.96649169921875,62.601322174072266,40.937767028808594,106.1969223022461,29.89689064025879,37.87019348144531,93.04720306396484,45.66164779663086,172.0355224609375,42.6013298034668,31.003808975219727,161.84507751464844,105.86756896972656,146.3163604736328,105.16325378417969,61.04753494262695,332.8540344238281,142.3526153564453,46.114078521728516,67.87361145019531,43.641944885253906,36.19976043701172,138.34681701660156,107.56824493408203,291.5677795410156,105.39789581298828,22.74753189086914,49.39101791381836,37.558448791503906,157.74942016601562,76.864013671875,33.400508880615234,7.030547618865967,37.32991027832031,20.054784774780273,47.55325698852539,74.18282318115234,277.07293701171875,104.854248046875,30.039445877075195,32.50142288208008,40.93939971923828,95.78076171875,130.6509246826172
2019-06-04,116.3721694946289,43.09185791015625,112.04740905761719,54.83353805541992,91.61658477783203,89.617919921875,88.95999145507812,63.240909576416016,40.95414733886719,106.27103424072266,30.117971420288086,39.02913284301758,96.25347900390625,47.2794303894043,172.7711944580078,43.79429626464844,31.186248779296875,166.6943359375,108.67896270751953,147.79298400878906,106.40970611572266,61.15979766845703,338.4819641113281,144.30999755859375,48.388328552246094,69.4424819946289,44.647361755371094,36.600059509277344,141.6948699951172,108.29597473144531,295.612548828125,107.44845581054688,23.804763793945312,49.92660903930664,38.53705978393555,163.5102996826172,79.51582336425781,34.83559036254883,7.257340908050537,38.519142150878906,20.640010833740234,47.29717254638672,76.96477508544922,281.8842468261719,105.17432403564453,30.231298446655273,33.04338455200195,41.1334342956543,99.2732162475586,132.77542114257812
2019-06-05,118.89500427246094,43.78750228881836,112.59200286865234,54.379024505615234,91.94219970703125,91.3729476928711,89.22544860839844,63.716697692871094,41.59302520751953,108.18122100830078,30.296266555786133,38.81999206542969,95.38300323486328,47.352142333984375,173.2039031982422,45.04486846923828,31.751834869384766,169.1016082763672,108.38788604736328,148.9004364013672,107.31620788574219,62.10973358154297,342.53839111328125,144.1613311767578,47.856056213378906,70.54518127441406,43.462100982666016,36.600059509277344,141.47415161132812,107.79852294921875,298.4472351074219,108.61625671386719,23.796236038208008,50.01976013183594,38.68891906738281,162.27029418945312,79.97197723388672,34.794578552246094,7.154918670654297,37.99559020996094,20.412906646728516,45.68059158325195,77.39823913574219,285.9464111328125,106.83081817626953,29.793615341186523,32.743221282958984,41.4567985534668,99.84194946289062,133.32247924804688
2019-06-06,120.77535247802734,44.43037414550781,114.51907348632812,55.37002182006836,92.142578125,91.9294204711914,91.52339172363281,63.521697998046875,42.10085678100586,109.46261596679688,30.460304260253906,39.299251556396484,95.91252899169922,47.7974853515625,175.7310333251953,45.33281707763672,31.961652755737305,169.51429748535156,108.96341705322266,149.64755249023438,107.55154418945312,63.13745880126953,344.394775390625,144.07875061035156,48.001216888427734,71.80028533935547,44.2304801940918,36.223304748535156,141.39132690429688,108.24071502685547,298.2948303222656,109.82088470458984,23.89910125732422,49.4686279296875,38.739532470703125,163.45004272460938,80.1961898803711,35.106204986572266,7.132970809936523,38.130218505859375,20.701152801513672,46.57691192626953,77.23274993896484,284.1861572265625,107.7259750366211,30.429180145263672,33.11009216308594,41.497230529785156,100.41070556640625,133.56869506835938
2019-06-07,124.15805053710938,45.612972259521484,116.08590698242188,55.57122039794922,91.13241577148438,93.11942291259766,92.13009643554688,64.3172607421875,42.17457580566406,110.69837188720703,30.61007308959961,40.10963439941406,96.7032241821289,48.40642166137695,177.83409118652344,46.01569366455078,32.25050354003906,169.6260528564453,110.21363067626953,151.4053955078125,108.48420715332031,63.89739227294922,347.4002685546875,144.95420837402344,48.29155349731445,72.38298034667969,44.07516098022461,36.69424057006836,144.8406524658203,109.02371978759766,300.5881042480469,111.36571502685547,23.599077224731445,50.72611999511719,38.49488067626953,163.45004272460938,81.71149444580078,35.01601028442383,7.140286445617676,38.87068557739258,20.90205192565918,47.18513488769531,77.41400909423828,287.3185119628906,108.79853820800781,30.806917190551758,33.00170135498047,41.885284423828125,101.29939270019531,135.59288024902344
2019-06-10,125.29188537597656,46.195892333984375,116.47969055175781,55.817100524902344,92.11750793457031,93.07660675048828,92.74440002441406,64.33289337158203,42.084468841552734,110.79791259765625,30.717050552368164,40.78061294555664,97.74053192138672,49.08808135986328,174.21646118164062,46.41883087158203,32.69446563720703,170.27085876464844,111.32501220703125,150.54405212402344,109.59990692138672,63.06834030151367,347.4984436035156,145.01202392578125,48.6302490234375,72.8581314086914,44.982505798339844,36.11341094970703,143.99435424804688,104.95203399658203,297.5163269042969,112.7909927368164,24.061969757080078,51.32381057739258,39.0348014831543,167.16148376464844,82.70111846923828,35.49983215332031,7.184182643890381,39.11003112792969,21.303848266601562,47.42521667480469,78.87982940673828,281.0177001953125,108.63727569580078,30.704992294311523,33.40191650390625,41.505313873291016,101.65486907958984,136.59584045410156
2019-06-11,124.8194351196289,46.73081588745117,117.116455078125,55.764949798583984,92.4013442993164,93.64165496826172,91.89498901367188,64.72286987304688,42.043521881103516,110.4744644165039,30.43177032470703,40.82416915893555,98.61827087402344,49.02446746826172,175.91278076171875,46.986515045166016,32.82218551635742,170.23646545410156,111.73512268066406,150.8692626953125,110.94221496582031,63.32743453979492,343.1080627441406,144.21914672851562,48.9689826965332,72.72364044189453,44.11604309082031,36.78842544555664,143.81964111328125,103.36759948730469,291.11932373046875,113.31513214111328,24.20769500732422,51.30828094482422,39.02637481689453,167.68675231933594,82.46915435791016,35.81144714355469,7.257340908050537,39.55131530761719,21.539682388305664,47.00107192993164,78.8167953491211,271.46722412109375,108.55660247802734,31.268600463867188,33.49363327026367,42.3380012512207,103.84100341796875,136.7690887451172
2019-06-12,124.2430648803711,46.58209228515625,118.70838928222656,55.16139602661133,91.2242202758789,93.89850616455078,91.15177154541016,65.29226684570312,42.29743957519531,110.42469787597656,30.72417640686035,40.36234664916992,97.83484649658203,48.733619689941406,177.35809326171875,45.958099365234375,33.08977127075195,171.0360107421875,111.80126190185547,151.96795654296875,110.78533172607422,63.08562088012695,340.8490295410156,145.02853393554688,49.74319839477539,73.4677505493164,43.86263656616211,37.38496398925781,143.5529022216797,106.15880584716797,292.3631286621094,112.2116928100586,23.959102630615234,51.83611297607422,37.88746643066406,163.80311584472656,81.8429183959961,34.95039367675781,7.2061285972595215,38.98287582397461,21.513479232788086,46.85701370239258,79.12416076660156,275.186279296875,109.92757415771484,30.93283462524414,33.95222854614258,42.532039642333984,103.96540069580078,135.6658172607422
2019-06-13,125.02734375,46.572486877441406,117.89571380615234,55.64573287963867,91.44963836669922,94.95153045654297,91.69781494140625,64.66047668457031,42.20663833618164,110.25881958007812,30.310531616210938,40.69346618652344,98.4804458618164,48.933570861816406,176.97731018066406,46.21315383911133,33.03807830810547,173.9677276611328,111.69541931152344,152.22286987304688,110.84635162353516,62.82654571533203,342.64642333984375,145.9453125,49.888370513916016,73.77256774902344,44.62284469604492,37.14949417114258,145.42926025390625,103.0083236694336,295.3839111328125,112.05535888671875,23.950532913208008,52.49435043334961,38.20805358886719,164.8623046875,82.6138687133789,35.221012115478516,7.359762191772461,39.55879211425781,21.504741668701172,47.26516342163086,80.40086364746094,277.69586181640625,110.74210357666016,31.18862533569336,34.19403076171875,42.8392448425293,103.8943099975586,138.1641387939453
2019-06-14,125.15016174316406,46.23427200317383,117.3761978149414,55.39982986450195,91.68338012695312,95.19978332519531,91.62196350097656,64.99811553955078,42.35521697998047,110.08466339111328,30.49595832824707,40.249061584472656,98.0379638671875,48.42459487915039,177.66964721679688,45.04486846923828,33.16578674316406,176.90802001953125,110.26657104492188,151.88885498046875,110.8986587524414,63.34470748901367,340.9767150878906,145.42494201660156,49.50126647949219,73.70980834960938,44.279537200927734,37.330013275146484,145.70523071289062,102.93461608886719,296.281005859375,112.18409729003906,24.036256790161133,52.00068664550781,38.46113586425781,165.04315185546875,82.49706268310547,35.11439895629883,7.301235675811768,39.3194465637207,21.190296173095703,47.073089599609375,80.08561706542969,279.3206481933594,111.00823211669922,30.975465774536133,34.01060104370117,43.17878723144531,103.57438659667969,138.14590454101562
2019-06-17,125.52814483642578,46.5101318359375,116.83161163330078,55.95121765136719,91.18250274658203,95.02000427246094,92.06184387207031,65.4063949584961,41.99200439453125,109.9104995727539,30.5815372467041,40.19677734375,97.89289855957031,48.28827667236328,176.38876342773438,45.57963562011719,33.19316482543945,177.9482879638672,110.32610321044922,151.4933319091797,110.97708129882812,63.396507263183594,348.578857421875,147.33277893066406,48.6302490234375,73.5573959350586,44.58198165893555,37.840206146240234,146.34902954101562,104.46379089355469,295.05401611328125,111.6783447265625,23.941957473754883,52.5805549621582,38.1911735534668,164.32838439941406,81.80402374267578,34.86018753051758,7.352446556091309,39.49896240234375,21.277639389038086,47.22514724731445,79.9122543334961,279.35675048828125,110.64532470703125,30.975465774536133,33.96889877319336,42.8311653137207,102.1347427368164,140.75363159179688
2019-06-18,127.71080780029297,47.60397720336914,117.49349212646484,56.4355583190918,92.42642211914062,93.82999420166016,93.22976684570312,66.34078216552734,41.80215835571289,109.52896881103516,30.717050552368164,41.27729034423828,98.9301986694336,48.07924270629883,176.99459838867188,46.11441421508789,33.342159271240234,178.37814331054688,113.68655395507812,154.47291564941406,113.60073852539062,62.94742965698242,367.29937744140625,149.99220275878906,50.42063903808594,74.78561401367188,44.680057525634766,37.51054763793945,147.0205078125,105.61530303955078,299.14105224609375,113.49903106689453,24.533443450927734,53.442527770996094,38.89139175415039,167.9020538330078,83.63398742675781,35.540836334228516,7.389026641845703,39.491477966308594,20.910783767700195,47.88138961791992,80.5033187866211,282.7147216796875,109.74210357666016,30.5247802734375,34.35244369506836,42.40269088745117,101.9125747680664,145.32171630859375
2019-06-19,128.21156311035156,47.464847564697266,117.67782592773438,56.12261199951172,91.758544921875,94.5320053100586,93.1994400024414,67.0239028930664,42.198387145996094,110.18419647216797,31.023719787597656,41.015872955322266,99.43798065185547,47.87928771972656,177.02920532226562,46.18023681640625,33.33304214477539,178.77362060546875,112.9522933959961,154.1740264892578,113.84477996826172,63.50014114379883,361.9955749511719,150.9502410888672,50.03351974487305,75.60140991210938,44.86806869506836,38.1541633605957,147.3516387939453,106.14959716796875,301.0110778808594,114.64846801757812,24.276275634765625,53.48954772949219,38.51176452636719,168.47039794921875,83.97660827636719,35.3768196105957,7.345130920410156,39.5662727355957,20.64875030517578,47.737327575683594,80.03834533691406,284.5201416015625,109.580810546875,30.390798568725586,33.94389343261719,43.10603332519531,102.78349304199219,145.83233642578125
2019-06-20,129.40213012695312,47.84626388549805,119.15250396728516,57.08381652832031,91.99229431152344,95.66207885742188,94.25361633300781,66.4271469116211,42.644134521484375,111.27069854736328,31.09503746032715,41.12043762207031,100.72193908691406,51.796512603759766,177.52252197265625,47.23334503173828,33.54589080810547,181.61935424804688,115.06249237060547,154.9475555419922,116.4771499633789,63.56059646606445,368.2030029296875,152.0321502685547,51.43679428100586,76.14827728271484,44.034305572509766,38.37393569946289,146.937744140625,106.45356750488281,306.9935607910156,114.86914825439453,24.23341178894043,53.73246383666992,38.68891906738281,168.52207946777344,85.3393783569336,35.63923263549805,7.345130920410156,39.55131530761719,20.20327377319336,48.5776252746582,81.48841094970703,292.3103942871094,109.92757415771484,30.61004638671875,34.435829162597656,43.67193603515625,102.36580657958984,148.40359497070312
2019-06-21,129.42103576660156,47.68313980102539,119.05194091796875,57.8885498046875,91.36616516113281,95.19978332519531,94.74656677246094,66.4035873413086,42.553340911865234,111.10481262207031,31.144954681396484,41.355709075927734,100.97582244873047,51.00579071044922,176.77821350097656,46.92069625854492,33.79218673706055,180.020263671875,114.67219543457031,153.2072296142578,116.70377349853516,62.9992561340332,365.2171325683594,154.53469848632812,50.710968017578125,76.20203399658203,43.85447692871094,38.72713088989258,148.22543334960938,106.38910675048828,304.0826416015625,114.6944351196289,24.104829788208008,54.367183685302734,39.557857513427734,168.728759765625,84.35042572021484,35.73763656616211,7.308550834655762,39.229698181152344,19.425891876220703,48.28153610229492,80.51908111572266,290.81201171875,109.346923828125,29.233631134033203,34.25239562988281,43.46982955932617,103.14781951904297,149.78955078125
2019-06-24,130.18637084960938,47.63515853881836,119.86463165283203,57.33715057373047,90.71498107910156,96.1672134399414,94.73141479492188,67.14167022705078,42.858768463134766,111.25408935546875,31.209150314331055,41.50385284423828,101.08464050292969,51.56929016113281,176.48402404785156,47.04412078857422,33.82564926147461,176.6759033203125,114.69206237792969,153.47093200683594,117.1221694946289,63.880130767822266,367.3288269042969,152.65162658691406,49.74319839477539,75.94208526611328,43.43758010864258,35.854400634765625,147.5907440185547,106.51805877685547,304.6073913574219,114.15192413330078,23.984821319580078,53.94403839111328,39.0348014831543,170.06350708007812,83.36922454833984,35.31941223144531,7.279288291931152,38.8557243347168,19.28614044189453,48.43358612060547,78.5882568359375,290.1981201171875,111.12112426757812,29.532052993774414,33.9605598449707,43.38898468017578,103.88542175292969,152.16014099121094
2019-06-25,126.07612609863281,46.91312789916992,120.85332489013672,56.830474853515625,89.9636001586914,95.64495849609375,93.76823425292969,66.9296646118164,42.72669219970703,110.98040008544922,31.209150314331055,40.82416915893555,100.36648559570312,50.96036148071289,178.0331573486328,46.13910675048828,33.66752243041992,176.02249145507812,113.79902648925781,152.88201904296875,116.54691314697266,63.82830047607422,362.74200439453125,152.32952880859375,49.45287322998047,75.52070617675781,43.87900161743164,35.92504119873047,147.24127197265625,106.26934051513672,305.09808349609375,113.25077056884766,23.796232223510742,53.66194152832031,38.925140380859375,168.83209228515625,82.48147583007812,34.983192443847656,7.198814392089844,39.603668212890625,19.085241317749023,47.83336639404297,76.54711151123047,289.90020751953125,110.34693908691406,29.70867347717285,33.70208740234375,43.41323471069336,103.32554626464844,151.64039611816406
2019-06-26,126.54859161376953,47.927799224853516,118.85086822509766,57.07637023925781,90.56470489501953,93.9412841796875,93.98816680908203,65.59485626220703,42.198387145996094,109.74462127685547,30.659996032714844,41.9918327331543,100.48255157470703,51.49659729003906,177.02920532226562,46.56691360473633,33.49724197387695,177.46681213378906,113.6998062133789,152.57444763183594,117.80203247070312,62.48109817504883,368.26190185546875,151.28060913085938,49.69480895996094,74.37322235107422,43.89533615112305,35.25786590576172,144.32550048828125,102.56612396240234,304.2012023925781,113.64615631103516,23.924819946289062,52.25143051147461,38.63829803466797,169.650146484375,83.23684692382812,35.25381088256836,7.25002384185791,39.17734909057617,18.718385696411133,50.21823501586914,78.7852783203125,287.6885986328125,107.5888671875,29.197084426879883,33.768798828125,41.48106384277344,102.66793823242188,151.46717834472656
2019-06-27,126.7564697265625,47.913414001464844,117.87894439697266,56.49517059326172,90.865234375,93.98408508300781,93.36627197265625,65.82255554199219,42.165374755859375,109.22208404541016,30.97379493713379,41.355709075927734,100.48255157470703,51.59656524658203,178.5177764892578,45.85114288330078,33.479000091552734,177.98268127441406,113.44843292236328,152.7941131591797,118.10709381103516,62.29975891113281,357.5364074707031,151.9826202392578,50.32386016845703,75.02767181396484,44.74545669555664,35.399147033691406,145.2268524169922,102.68588256835938,303.8542785644531,113.9679946899414,24.181983947753906,52.564876556396484,39.05168533325195,171.6393585205078,84.521728515625,35.66382598876953,7.462184906005859,40.77794647216797,18.683446884155273,49.0338020324707,80.14866638183594,287.3095397949219,108.00016784667969,29.172725677490234,33.82715606689453,42.21675109863281,102.98788452148438,150.97256469726562
2019-06-28,126.57694244384766,47.47683334350586,116.69754791259766,57.09870147705078,93.33641052246094,93.87279510498047,94.37496185302734,65.83824157714844,42.033287048339844,108.75764465332031,30.895341873168945,41.712982177734375,100.03282165527344,51.77834701538086,179.72079467773438,45.028411865234375,33.59758758544922,178.79945373535156,114.66561889648438,153.4533233642578,118.79568481445312,61.89385223388672,357.5265808105469,152.19732666015625,50.85664367675781,75.39523315429688,44.54108810424805,35.59537124633789,144.91416931152344,102.05947875976562,307.6197509765625,113.50823974609375,24.85917854309082,52.94101333618164,39.920616149902344,176.1861114501953,85.43280029296875,35.92625045776367,7.484133243560791,40.89013671875,18.962955474853516,48.81771469116211,81.3859634399414,291.66943359375,107.48404693603516,28.837757110595703,34.01893615722656,42.45927429199219,103.71656036376953,151.7877960205078
2019-07-01,128.20213317871094,48.34760665893555,116.76456451416016,57.046546936035156,94.90592956542969,94.59194946289062,94.67831420898438,66.54495239257812,42.5946159362793,109.37136840820312,31.216279983520508,41.86983108520508,101.46910858154297,52.72356033325195,178.54379272460938,45.03664016723633,33.637115478515625,180.78543090820312,115.43955993652344,155.40455627441406,119.06591033935547,62.247928619384766,350.111083984375,153.9070281982422,51.486297607421875,75.74482727050781,44.900760650634766,36.24685287475586,146.01792907714844,103.85580444335938,305.8681640625,114.86914825439453,25.21921157836914,53.152591705322266,40.23277282714844,178.13223266601562,84.91886901855469,36.04106140136719,7.425603866577148,40.87517547607422,18.86687660217285,49.818092346191406,81.14955139160156,287.544189453125,109.20984649658203,29.04482650756836,34.51920700073242,43.11412048339844,105.42279815673828,151.2656707763672
2019-07-02,129.05250549316406,48.630653381347656,117.32593536376953,56.420650482177734,95.0061264038086,95.43948364257812,93.22976684570312,67.14167022705078,42.90829086303711,109.8358154296875,31.537212371826172,41.93082046508789,101.71574401855469,53.13256072998047,181.38246154785156,45.91696548461914,33.93511199951172,180.66506958007812,115.11540985107422,155.23757934570312,118.41218566894531,62.81788635253906,347.85205078125,154.14646911621094,51.43784713745117,76.15721893310547,44.794490814208984,36.63930130004883,148.83248901367188,105.20075988769531,311.0299072265625,115.03466796875,24.987762451171875,53.94403839111328,39.84469223022461,177.37445068359375,84.56842041015625,35.94265365600586,7.403656959533691,41.10703659057617,18.72711944580078,48.09746170043945,80.38510131835938,292.1930236816406,109.73403930664062,29.59904670715332,34.59425354003906,43.291969299316406,104.94292449951172,151.25656127929688
2019-07-03,129.88406372070312,49.03365707397461,119.09378814697266,56.9571418762207,94.8547592163086,97.66536712646484,93.54829406738281,68.23310089111328,43.00734329223633,111.12969207763672,31.665592193603516,42.279380798339844,102.67326354980469,53.49611282348633,184.1779022216797,46.761451721191406,34.154048919677734,182.35015869140625,115.75043487548828,156.80209350585938,118.18555450439453,63.90603256225586,348.156494140625,155.74874877929688,51.389427185058594,76.77578735351562,45.121463775634766,36.86894607543945,151.61029052734375,105.40341186523438,313.40765380859375,116.09545135498047,24.902036666870117,54.06941223144531,40.20744705200195,177.42608642578125,85.43280029296875,36.0738525390625,7.462184906005859,41.27906036376953,18.823200225830078,48.41758728027344,81.330810546875,293.6012878417969,111.57276916503906,29.958383560180664,34.911102294921875,43.93063735961914,105.82272338867188,151.40309143066406
2019-07-05,129.506103515625,48.99047088623047,117.77838134765625,56.72615432739258,95.41807556152344,96.86923217773438,93.6924057006836,67.21234130859375,43.01560974121094,110.32516479492188,31.32326316833496,41.895973205566406,102.55718994140625,53.87782669067383,182.81912231445312,46.86079406738281,34.050655364990234,181.7998809814453,113.77918243408203,155.2112274169922,118.09841918945312,63.16334915161133,349.521728515625,153.568359375,50.85664367675781,76.57855987548828,45.423919677734375,36.338401794433594,150.331787109375,103.92949676513672,313.0184020996094,115.671142578125,25.082056045532227,53.70112228393555,40.300254821777344,179.0277862548828,85.9857177734375,36.254268646240234,7.462184906005859,41.27906036376953,18.997892379760742,47.937408447265625,80.7160873413086,293.5561828613281,110.53242492675781,29.70867347717285,34.96946334838867,43.80127716064453,104.82740783691406,149.69017028808594
2019-07-08,129.41163635253906,47.980587005615234,118.11351013183594,56.986942291259766,94.89683532714844,97.63970184326172,93.7378921508789,65.98746490478516,42.92479705810547,109.94366455078125,30.88107681274414,41.66941833496094,101.9696273803711,54.105045318603516,183.61534118652344,46.5213508605957,34.27568817138672,183.0465545654297,111.92034149169922,154.402587890625,117.53180694580078,63.37059783935547,344.8661804199219,150.5125732421875,49.403602600097656,76.2827377319336,45.21138381958008,36.24337387084961,148.75894165039062,102.73194885253906,312.3922119140625,115.16381072998047,25.030622482299805,52.878326416015625,40.0977783203125,177.1763153076172,84.8487777709961,35.66382598876953,7.462184906005859,41.45856857299805,19.041566848754883,47.92940139770508,80.3220443725586,292.4638671875,111.68563842773438,29.891387939453125,34.886077880859375,43.69618225097656,103.42332458496094,150.12066650390625
2019-07-09,128.93914794921875,48.27324676513672,118.48216247558594,56.94968032836914,95.30036926269531,96.66374206542969,93.54829406738281,66.63129425048828,42.58634948730469,109.26359558105469,30.930999755859375,41.60841369628906,101.07013702392578,54.168670654296875,183.55471801757812,46.64554977416992,34.324344635009766,182.2642059326172,109.6116714477539,154.27073669433594,117.05241394042969,63.13745880126953,346.8011169433594,149.97567749023438,49.64577102661133,76.444091796875,44.81902313232422,36.457176208496094,146.91934204101562,104.16901397705078,312.857666015625,116.1323471069336,25.15920639038086,53.08989715576172,40.350868225097656,178.91587829589844,85.51846313476562,35.90164566040039,7.418290138244629,41.510921478271484,18.962955474853516,47.92940139770508,80.17231750488281,294.1067810058594,110.37918090820312,29.446786880493164,34.827720642089844,43.49222183227539,103.03230285644531,149.62608337402344
2019-07-10,130.25254821777344,48.75059509277344,118.31461334228516,57.75440979003906,95.02294158935547,97.38288116455078,95.13334655761719,66.59989929199219,42.77621078491211,111.47804260253906,31.42310333251953,42.00925064086914,101.89710235595703,54.66853713989258,184.34231567382812,47.29961013793945,34.3547477722168,181.1894989013672,109.6116714477539,153.33909606933594,115.6142349243164,63.46558380126953,346.025146484375,150.537353515625,49.403602600097656,76.542724609375,45.26860046386719,36.393821716308594,147.63677978515625,105.50475311279297,311.52911376953125,117.04554748535156,24.876323699951172,52.86266326904297,39.77721405029297,177.3657989501953,85.23035430908203,35.51622772216797,7.396342754364014,41.56327438354492,18.91054344177246,48.985782623291016,80.08561706542969,292.5270690917969,111.12921905517578,29.842662811279297,34.85273361206055,44.46307373046875,102.56129455566406,147.29946899414062
2019-07-11,130.772216796875,48.395572662353516,117.39297485351562,57.79914093017578,95.9309310913086,97.92223358154297,95.12577819824219,63.60047912597656,42.95783233642578,111.42828369140625,30.652864456176758,42.34909439086914,102.45565795898438,54.523128509521484,184.07400512695312,47.44035720825195,34.64056396484375,184.0180206298828,111.82112884521484,153.409423828125,116.76477813720703,63.8110237121582,352.6058349609375,147.01068115234375,48.967681884765625,76.8923568725586,47.38571548461914,35.26146697998047,161.27737426757812,101.16590881347656,311.58837890625,117.40528106689453,25.167774200439453,51.867454528808594,39.76876449584961,181.9986572265625,85.12911987304688,36.22966384887695,7.454868316650391,41.600677490234375,19.006633758544922,49.185855865478516,81.43325805664062,293.3124084472656,110.82274627685547,30.00101089477539,34.79436492919922,43.69618606567383,103.08561706542969,147.71163940429688
2019-07-12,131.24465942382812,48.76738357543945,112.52497863769531,57.84383773803711,96.93986511230469,98.44444274902344,95.54290008544922,62.6032829284668,43.02385330200195,110.54081726074219,30.239206314086914,43.499305725097656,103.54375457763672,54.35953140258789,184.33367919921875,47.978511810302734,34.847354888916016,187.6202850341797,114.66561889648438,155.69461059570312,120.59998321533203,64.23420715332031,358.8230895996094,144.4751739501953,50.22698974609375,75.51557159423828,47.042396545410156,35.05558776855469,164.83700561523438,99.75648498535156,312.6207275390625,118.03254699707031,25.244922637939453,51.92231750488281,39.95436477661133,184.22900390625,86.13365173339844,36.795501708984375,7.674344062805176,41.69043731689453,19.12017822265625,49.42595291137695,83.46652221679688,297.4647521972656,111.90339660644531,30.14718246459961,34.95278549194336,43.59828567504883,104.00984954833984,151.47637939453125
2019-07-15,131.24465942382812,49.22555923461914,112.86849975585938,57.43402099609375,95.76280975341797,98.86396026611328,95.34571075439453,63.56906509399414,43.0321044921875,111.26239013671875,30.488826751708984,43.673583984375,103.96449279785156,54.105045318603516,185.38954162597656,48.06130599975586,34.962890625,188.02442932128906,114.33482360839844,153.8224639892578,121.71566772460938,63.90603256225586,355.1693420410156,145.45802307128906,49.74263381958008,75.41658782958984,46.95248031616211,34.99223709106445,162.8318634033203,99.92230224609375,311.1313781738281,118.59522247314453,25.047767639160156,53.34065628051758,39.406002044677734,182.1967010498047,85.9545669555664,36.434669494628906,7.623133659362793,41.8026237487793,19.28614044189453,48.537620544433594,83.37196350097656,293.61932373046875,112.29853820800781,30.17154312133789,34.80270004272461,43.33721923828125,104.605224609375,152.05343627929688
2019-07-16,129.5249786376953,49.055240631103516,111.0168228149414,56.577125549316406,96.78852844238281,99.21495819091797,94.61764526367188,64.06372833251953,43.040374755859375,110.97210693359375,30.560148239135742,42.84577560424805,104.1168441772461,53.48451232910156,184.96548461914062,47.70528793334961,34.8960075378418,186.78636169433594,116.74934387207031,153.62033081054688,121.23628234863281,64.33784484863281,356.2890319824219,146.572998046875,50.27542495727539,74.8316879272461,46.903446197509766,35.1981201171875,165.52685546875,100.24473571777344,309.1513366699219,118.1247787475586,24.85060691833496,52.455177307128906,38.21647262573242,185.58956909179688,85.93898010253906,36.434669494628906,7.688975811004639,41.742794036865234,19.181324005126953,47.817359924316406,83.23011016845703,292.31939697265625,111.70982360839844,30.092361450195312,34.035606384277344,43.12510299682617,104.72964477539062,152.19082641601562
2019-07-17,128.75961303710938,48.77938461303711,110.4805908203125,56.24182891845703,95.83845520019531,99.25775909423828,94.14742279052734,64.32283020019531,43.07338333129883,110.12615966796875,30.4816951751709,43.0374755859375,103.78313446044922,52.918731689453125,184.95680236816406,47.365840911865234,34.847354888916016,185.36782836914062,115.54540252685547,148.20611572265625,118.30754852294922,64.05987548828125,362.9384765625,146.2343292236328,48.33802795410156,77.17132568359375,45.96340560913086,34.94472885131836,164.16552734375,98.65105438232422,303.32965087890625,117.22081756591797,25.02204704284668,52.43950271606445,38.140560150146484,183.6778564453125,84.78648376464844,35.893455505371094,7.557290554046631,40.77794647216797,18.901809692382812,47.841365814208984,80.56634521484375,290.66754150390625,111.31465911865234,30.11672592163086,33.61035919189453,43.28010940551758,103.62771606445312,149.37872314453125
2019-07-18,128.90138244628906,49.333499908447266,110.65654754638672,55.764949798583984,96.4101791381836,99.46974182128906,94.55695343017578,64.92745208740234,42.94956588745117,110.20906829833984,30.709909439086914,43.5167350769043,108.54177856445312,53.03736114501953,186.86080932617188,47.80464553833008,34.88383102416992,184.36192321777344,114.4803695678711,152.82933044433594,117.57540130615234,64.17280578613281,354.67822265625,148.28257751464844,48.72551345825195,78.97102355957031,46.18410110473633,34.881370544433594,162.74903869628906,99.80253601074219,301.4172668457031,118.43838500976562,25.270647048950195,52.6667594909668,38.65517044067383,184.7284393310547,85.37051391601562,36.434669494628906,7.506080627441406,41.002323150634766,18.919282913208008,48.27353286743164,81.01556396484375,289.8911437988281,110.91952514648438,30.774484634399414,33.48530197143555,43.467750549316406,103.97428894042969,149.5253448486328
2019-07-19,129.09027099609375,48.59708023071289,109.181884765625,55.87671661376953,95.46009826660156,99.0992202758789,94.82998657226562,63.906700134277344,42.42125701904297,107.89507293701172,30.503089904785156,43.804298400878906,108.57803344726562,52.508079528808594,185.09530639648438,47.490028381347656,34.63449478149414,183.15829467773438,114.18273162841797,152.0470428466797,119.65709686279297,63.14784240722656,370.6387939453125,147.33277893066406,48.62864303588867,78.7280502319336,45.72635269165039,34.311241149902344,159.75973510742188,98.37469482421875,302.0519104003906,115.13614654541016,25.202064514160156,50.966304779052734,38.83232498168945,183.8673095703125,84.46720886230469,36.40187454223633,7.462184906005859,40.71810531616211,18.94548797607422,48.52690505981445,81.41749572753906,290.81201171875,109.4678955078125,30.774484634399414,33.560340881347656,43.05168151855469,104.42748260498047,151.69618225097656
2019-07-22,130.80056762695312,49.70772171020508,107.78265380859375,55.936336517333984,96.0738754272461,99.3490982055664,95.03477478027344,63.76536178588867,42.28093338012695,108.05265808105469,30.53875160217285,44.74537658691406,108.62158203125,52.56283187866211,186.07322692871094,47.79636764526367,34.306087493896484,181.63658142089844,115.52554321289062,152.56561279296875,118.78753662109375,62.84382629394531,366.76904296875,145.2679901123047,49.452030181884766,79.24996948242188,45.3503532409668,33.8677978515625,156.92674255371094,98.81684875488281,302.61883544921875,116.22459411621094,25.347787857055664,50.864437103271484,39.21196365356445,184.2806396484375,84.77870178222656,36.49207305908203,7.439911365509033,40.34414291381836,18.220504760742188,48.61537551879883,81.96915435791016,291.75079345703125,108.27435302734375,30.250717163085938,33.668731689453125,42.79875946044922,103.92987060546875,151.2656707763672
2019-07-23,131.61318969726562,50.096317291259766,107.95024871826172,56.159873962402344,97.83106994628906,98.09968566894531,95.42153930664062,64.40921020507812,44.848167419433594,108.4341812133789,30.73130989074707,45.09394073486328,109.0857925415039,52.42594909667969,185.47607421875,47.779808044433594,34.084110260009766,183.1927032470703,117.43069458007812,153.69064331054688,121.29959869384766,62.783023834228516,366.4252624511719,145.3671417236328,51.58317184448242,79.85287475585938,45.99610137939453,34.08951950073242,158.2972412109375,99.69200897216797,302.7627258300781,118.25391387939453,25.930696487426758,52.03202819824219,39.81937789916992,188.95651245117188,86.07135009765625,36.98411560058594,7.55128812789917,40.87517547607422,18.18556785583496,48.48667526245117,82.96214294433594,292.4638671875,108.91145324707031,30.476058959960938,33.80213928222656,42.74165725708008,105.71607971191406,154.2059783935547
2019-07-24,132.96435546875,50.05552673339844,108.73783874511719,56.152408599853516,98.22622680664062,97.0226058959961,95.96759796142578,64.1893539428711,44.394142150878906,107.16520690917969,30.588668823242188,46.11345291137695,108.83195495605469,53.02824020385742,184.1519012451172,47.38240432739258,34.05674743652344,184.59405517578125,118.68754577636719,152.8995819091797,115.86263275146484,61.91439437866211,354.9925537109375,145.16893005371094,51.72847366333008,79.7178955078125,46.17754364013672,34.23204803466797,157.54299926757812,99.96836853027344,312.1552429199219,118.02330780029297,26.290727615356445,52.2200927734375,40.873924255371094,191.1954803466797,88.20503997802734,37.31212615966797,7.67008638381958,41.28654479980469,18.552427291870117,48.3258056640625,90.1495132446289,309.5970458984375,108.5888671875,30.31770896911621,33.82715606689453,43.10879135131836,104.95181274414062,153.13429260253906
2019-07-25,132.46360778808594,49.659732818603516,109.86055755615234,55.832008361816406,97.28459167480469,97.16908264160156,95.27745056152344,64.1893539428711,43.80806350708008,106.98274230957031,30.43177032470703,45.45120620727539,109.09306335449219,53.19249725341797,185.58863830566406,46.87736129760742,34.1236457824707,185.3162841796875,117.83419799804688,152.7326202392578,118.32196807861328,62.4790153503418,341.8901672363281,143.79794311523438,50.517601013183594,79.18698120117188,45.723934173583984,35.95039367675781,153.1923828125,99.32351684570312,313.35687255859375,117.2853775024414,26.00784683227539,51.969329833984375,40.57020950317383,189.43014526367188,88.71121978759766,36.795501708984375,7.098358154296875,40.95743942260742,18.46508026123047,47.489280700683594,93.19154357910156,320.2036437988281,109.18563842773438,30.201995849609375,33.91887283325195,43.83488082885742,104.98735046386719,152.88699340820312
2019-07-26,133.55020141601562,49.83244705200195,109.53379821777344,55.742591857910156,97.71336364746094,98.85794830322266,93.82891845703125,63.938087463378906,44.71608352661133,108.83226776123047,30.73130989074707,44.95451736450195,109.79670715332031,53.3841438293457,186.57518005371094,46.8028450012207,34.366905212402344,186.4854736328125,115.08897399902344,152.59201049804688,116.74977111816406,64.00775146484375,338.8551940917969,144.8137969970703,50.90508270263672,78.9620132446289,45.8064079284668,35.92662811279297,153.88221740722656,99.7380599975586,312.62908935546875,116.9440689086914,26.376445770263672,52.43950271606445,41.59101104736328,191.29022216796875,89.70796203613281,37.50894546508789,7.105782985687256,41.17435836791992,18.762054443359375,47.256011962890625,95.02780151367188,318.2177734375,110.62109375,30.36642837524414,33.84384536743164,43.76145553588867,104.80962371826172,156.07461547851562
2019-07-29,133.25729370117188,50.29781723022461,111.45248413085938,56.13751983642578,97.40227508544922,99.95223999023438,94.21568298339844,64.77040100097656,44.5675048828125,109.0893783569336,29.56167984008789,45.756187438964844,109.4485092163086,52.98261642456055,186.05592346191406,47.13401794433594,34.13883972167969,187.45697021484375,116.92796325683594,153.40060424804688,118.10240173339844,65.64073944091797,334.1504821777344,145.42494201660156,50.27542495727539,79.68191528320312,46.40023422241211,35.94246292114258,158.42601013183594,100.15258026123047,312.7644958496094,117.32227325439453,26.16214370727539,53.183929443359375,40.73050308227539,189.72293090820312,89.52106475830078,37.0907096862793,7.128058433532715,41.226707458496094,18.718385696411133,46.805572509765625,93.58558654785156,320.8446044921875,111.4920883178711,30.6404972076416,34.10231399536133,43.81040954589844,105.24506378173828,155.95550537109375
2019-07-30,132.61476135253906,50.08192443847656,110.66493225097656,56.14495086669922,97.1836929321289,103.75218200683594,94.29910278320312,65.38285064697266,44.34462356567383,108.2185287475586,27.66459083557129,45.05036926269531,108.6433334350586,52.462459564208984,183.77113342285156,46.753170013427734,34.074989318847656,186.87237548828125,117.50348663330078,152.85568237304688,116.7761001586914,64.9197998046875,341.2713623046875,145.7305450439453,50.953514099121094,79.46592712402344,46.62290573120117,35.28522491455078,158.43519592285156,100.12496948242188,309.6929016113281,116.65814971923828,26.47931480407715,52.57271194458008,40.95828628540039,190.65292358398438,89.83255767822266,36.91716003417969,7.0909318923950195,41.43614196777344,18.718385696411133,47.86732482910156,94.42097473144531,318.5697937011719,111.53239440917969,29.538145065307617,34.14400100708008,43.7940788269043,105.71607971191406,155.74484252929688
2019-07-31,128.75961303710938,51.103816986083984,109.10650634765625,55.407291412353516,97.52838897705078,101.71004486083984,93.36627197265625,65.16299438476562,43.44485092163086,106.00406646728516,27.70026206970215,44.04827117919922,107.53346252441406,51.37653350830078,182.36907958984375,45.867286682128906,33.56412887573242,183.7170867919922,115.57848358154297,151.5812530517578,115.65180969238281,62.313961029052734,335.10321044921875,154.09695434570312,50.614471435546875,78.37710571289062,46.07857894897461,35.166446685791016,156.29208374023438,100.36447143554688,306.46051025390625,114.72103881835938,26.29930305480957,51.34244155883789,40.84017562866211,189.55935668945312,88.29846954345703,36.826255798339844,7.0760817527771,40.7555046081543,18.482545852661133,47.521453857421875,94.15300750732422,311.9440612792969,109.39533233642578,28.6672306060791,34.25239562988281,43.32905960083008,104.32086181640625,151.73281860351562
2019-08-01,130.45098876953125,49.997962951660156,109.16514587402344,53.99155044555664,94.9556655883789,100.58126068115234,91.5688705444336,65.71261596679688,42.94956588745117,105.44837188720703,27.534692764282227,43.13332748413086,109.04228973388672,50.99325942993164,182.8277587890625,45.85900115966797,33.260066986083984,182.97776794433594,114.67880249023438,149.0235137939453,111.3655014038086,61.897056579589844,328.3359375,153.61793518066406,48.8223762512207,77.45927429199219,45.666202545166016,35.79201126098633,154.12135314941406,101.80155181884766,307.239013671875,114.46277618408203,25.27921485900879,51.303260803222656,39.70127487182617,182.2139434814453,86.02464294433594,35.479156494140625,6.912731647491455,40.44136047363281,18.7970027923584,47.29623031616211,92.19068145751953,311.4475402832031,109.06468200683594,29.160547256469727,34.310760498046875,44.063316345214844,102.79236602783203,147.66587829589844
2019-08-02,129.3549041748047,48.94010925292969,109.81868743896484,53.46251678466797,94.94725036621094,100.33138275146484,91.5613021850586,66.3250732421875,43.19721221923828,106.09528350830078,27.354726791381836,42.41879653930664,106.8153305053711,50.956748962402344,185.6232147216797,44.087242126464844,33.26614761352539,182.39312744140625,112.82000732421875,147.669921875,109.38921356201172,61.84492492675781,333.5120849609375,154.62554931640625,48.43490219116211,77.22529602050781,45.94660949707031,36.41758728027344,151.38035583496094,103.56105041503906,306.240478515625,114.66570281982422,25.18492317199707,50.89577102661133,40.021854400634766,180.29364013671875,85.69756317138672,34.80974197387695,6.890455722808838,40.149662017822266,19.425891876220703,45.42208480834961,92.36405944824219,307.9632568359375,109.57276153564453,29.190996170043945,33.4102668762207,43.81040954589844,101.45934295654297,145.36669921875
2019-08-05,124.92342376708984,46.378196716308594,109.05624389648438,52.367183685302734,92.12229919433594,97.43621826171875,90.05207061767578,65.26507568359375,42.63588333129883,103.17584991455078,26.606060028076172,40.928741455078125,102.1074447631836,49.058650970458984,182.13539123535156,42.530731201171875,32.17754364013672,176.19442749023438,108.956787109375,142.3963623046875,106.85079956054688,59.760276794433594,325.1634521484375,149.90135192871094,46.78811264038086,74.8316879272461,44.9569206237793,35.934547424316406,146.24789428710938,100.14337921142578,303.29583740234375,111.35423278808594,24.070541381835938,49.64984130859375,38.925140380859375,173.67156982421875,82.31795501708984,33.462642669677734,6.853329181671143,38.7958869934082,19.146387100219727,43.98228073120117,90.51203918457031,309.45257568359375,107.76628875732422,28.411434173583984,31.50086212158203,43.084312438964844,98.6067123413086,138.3685760498047
2019-08-06,127.26673126220703,47.25615310668945,109.56733703613281,52.873870849609375,92.84536743164062,98.47021484375,90.53746795654297,66.2308578491211,43.147674560546875,104.8760986328125,26.598873138427734,41.19631576538086,102.08568572998047,49.24115753173828,185.27699279785156,43.54907989501953,32.61845397949219,179.5130157470703,108.29529571533203,144.60244750976562,107.2284927368164,60.672325134277344,326.52874755859375,152.3460693359375,46.35219192504883,76.36145782470703,44.61052703857422,36.180023193359375,150.58935546875,102.62140655517578,310.36138916015625,113.04227447509766,24.361995697021484,50.13567352294922,39.59160614013672,177.40023803710938,83.52496337890625,34.06594467163086,7.0389556884765625,38.48175048828125,19.460834503173828,43.62031555175781,90.63024139404297,319.7793884277344,108.48401641845703,28.11299705505371,31.20069122314453,42.839561462402344,98.6244888305664,139.94412231445312
2019-08-07,127.82415771484375,47.74550247192383,109.09814453125,52.5311164855957,90.82752227783203,99.53864288330078,90.32510375976562,66.15232849121094,43.898860931396484,105.97917938232422,26.332521438598633,40.99454116821289,100.91056823730469,48.675376892089844,187.65701293945312,43.33382034301758,32.9012451171875,178.74786376953125,108.24897003173828,143.60928344726562,106.08662414550781,61.184776306152344,325.477783203125,151.58619689941406,45.819419860839844,76.12749481201172,47.93425750732422,36.61555099487305,153.12799072265625,102.36346435546875,312.4937744140625,113.95545959472656,23.907676696777344,50.057315826416016,38.646732330322266,177.16775512695312,83.35364532470703,33.520484924316406,7.0760817527771,39.25213623046875,20.875844955444336,42.888343811035156,90.95339965820312,326.25177001953125,109.78241729736328,28.1556396484375,31.083967208862305,43.17405319213867,100.29520416259766,138.53346252441406
2019-08-08,131.23524475097656,48.7985725402832,110.32978057861328,53.93194580078125,92.36611938476562,101.19306182861328,93.45730590820312,66.52922821044922,44.31986618041992,107.38084411621094,26.541278839111328,41.380531311035156,102.82613372802734,49.87082290649414,188.6782989501953,44.01272201538086,33.160987854003906,181.89450073242188,108.6326904296875,146.79104614257812,107.17578125,62.28791427612305,332.42071533203125,152.9820098876953,45.964725494384766,76.99134826660156,48.69302749633789,37.446998596191406,153.2383575439453,104.98888397216797,319.1532287597656,115.56968688964844,24.327709197998047,50.79391860961914,39.58517837524414,178.25274658203125,85.85332489013672,34.107261657714844,7.098358154296875,39.65602111816406,20.39543914794922,44.29598617553711,92.63988494873047,333.0580139160156,111.72594451904297,28.32008171081543,31.93444061279297,44.07147216796875,103.66326141357422,142.03253173828125
2019-08-09,130.12026977539062,48.39645004272461,110.63139343261719,52.78445816040039,92.2652359008789,100.62435150146484,92.84298706054688,67.14952087402344,44.09697723388672,106.65928649902344,26.166950225830078,40.33658218383789,99.9123764038086,49.1864013671875,191.3957977294922,43.40833282470703,32.782066345214844,180.5619354248047,108.13654327392578,146.49217224121094,104.85694122314453,62.122886657714844,333.606689453125,162.0834197998047,44.31793212890625,77.94520568847656,48.89921188354492,37.470760345458984,156.27366638183594,104.80462646484375,319.017822265625,116.38139343261719,24.284849166870117,51.1230354309082,39.499874114990234,178.16665649414062,84.60738372802734,34.29734420776367,7.01668119430542,39.48399353027344,20.369239807128906,43.443355560302734,91.22132873535156,334.4842529296875,111.58883666992188,28.11299705505371,31.984472274780273,43.989891052246094,102.94026947021484,141.8310546875
2019-08-12,128.30609130859375,48.27364730834961,110.53924560546875,52.5279655456543,90.53327178955078,99.97810363769531,92.18318939208984,66.75692749023438,43.915374755859375,106.45195007324219,25.47589111328125,40.00322341918945,98.10685729980469,48.59325408935547,187.942626953125,42.671485900878906,32.15259552001953,177.97409057617188,107.23027801513672,144.75186157226562,102.52056121826172,61.43668746948242,329.050537109375,169.95425415039062,43.83357620239258,76.18147277832031,48.45383834838867,36.829349517822266,152.3277130126953,104.64805603027344,319.00933837890625,114.33363342285156,23.693370819091797,50.13567352294922,38.75764465332031,173.53379821777344,83.018798828125,33.35519790649414,6.897879123687744,38.89311981201172,20.150867462158203,42.72748565673828,90.5435562133789,336.8945617675781,111.39535522460938,28.003385543823242,31.184017181396484,44.275421142578125,100.45891571044922,134.69552612304688
2019-08-13,130.96124267578125,50.317955017089844,111.78762817382812,53.17673873901367,91.92891693115234,101.02932739257812,92.82023620605469,67.58924865722656,44.16300964355469,107.76236724853516,25.339107513427734,41.09103012084961,99.662841796875,49.25028610229492,190.16685485839844,43.648433685302734,32.82179641723633,179.1089324951172,109.06924438476562,147.64361572265625,104.531982421875,62.27054214477539,328.9714660644531,170.23507690429688,45.286624908447266,78.18814849853516,49.36106872558594,36.813514709472656,155.87815856933594,106.58255004882812,319.195556640625,116.5197525024414,23.761947631835938,50.38644027709961,39.20980453491211,175.76417541503906,84.53729248046875,33.627933502197266,6.875604629516602,39.693424224853516,20.133399963378906,43.330745697021484,91.2844009399414,334.59259033203125,112.43566131591797,28.490610122680664,31.48418617248535,44.36517333984375,100.94091796875,134.80545043945312
2019-08-14,127.0173568725586,48.82024383544922,109.1399917602539,51.03429412841797,88.11187744140625,99.77131652832031,89.29369354248047,65.48490142822266,43.74203109741211,107.09056091308594,24.648048400878906,40.240081787109375,96.33071899414062,47.74457931518555,187.35411071777344,41.9015007019043,32.452056884765625,173.31434631347656,105.05390167236328,144.18060302734375,101.1942367553711,61.254268646240234,316.6767883300781,165.41087341308594,43.73672103881836,75.53357696533203,48.297149658203125,36.14043045043945,147.33326721191406,102.16844940185547,312.1891784667969,113.13446807861328,22.64756965637207,49.46175765991211,37.512081146240234,168.40150451660156,82.04541778564453,32.50397491455078,6.682554244995117,37.703887939453125,19.44733238220215,41.6496467590332,89.87369537353516,326.25177001953125,110.25016021728516,27.93638801574707,30.658729553222656,43.867515563964844,98.37922668457031,131.1414794921875
2019-08-15,126.73298645019531,48.57705307006836,109.37460327148438,50.73252487182617,88.44817352294922,101.14994812011719,88.6945571899414,65.53202819824219,44.468448638916016,108.41759490966797,24.820810317993164,40.0909538269043,96.82245635986328,47.990970611572266,188.90330505371094,38.291748046875,34.43522644042969,173.48626708984375,104.70010375976562,143.34141540527344,101.2293930053711,61.99259948730469,324.1682434082031,165.77687072753906,38.79635238647461,75.53357696533203,48.528076171875,36.227535247802734,146.8917694091797,102.11287689208984,316.0137939453125,112.88545227050781,22.50184440612793,49.26586151123047,37.008731842041016,168.93539428710938,82.12328338623047,32.313880920410156,6.578603744506836,36.866188049316406,19.55288314819336,40.949851989746094,89.76335906982422,329.6819763183594,112.3146743774414,27.7049560546875,30.65038299560547,44.32438278198242,97.84368896484375,131.63613891601562
2019-08-16,129.05569458007812,49.72320556640625,110.0616683959961,51.524635314941406,90.56689453125,102.69230651855469,88.73287963867188,66.7883529663086,44.914207458496094,109.28015899658203,24.943187713623047,40.792762756347656,98.17292022705078,48.90351486206055,189.07638549804688,38.87956237792969,34.52690887451172,175.0854034423828,107.8109130859375,145.7794647216797,102.26581573486328,62.783023834228516,326.58966064453125,169.6944580078125,42.57427215576172,76.28947448730469,49.71571350097656,37.20152282714844,148.30824279785156,102.38150787353516,319.00933837890625,114.96088409423828,23.170473098754883,49.47744369506836,37.870391845703125,171.72543334960938,83.6106185913086,33.00809097290039,6.652853012084961,37.75625228881836,19.931100845336914,41.400291442871094,91.6390609741211,332.1102294921875,113.4840316772461,28.307899475097656,31.55089569091797,44.887306213378906,98.82549285888672,136.69236755371094
2019-08-19,131.2172088623047,50.65025329589844,110.8073501586914,52.39217758178711,91.38243103027344,103.60567474365234,89.88214111328125,67.67560577392578,45.14533615112305,109.95195770263672,25.324718475341797,41.433162689208984,99.11236572265625,49.15902328491211,189.3446807861328,40.15457534790039,34.7774772644043,178.7822723388672,108.77888488769531,146.51260375976562,103.08270263671875,63.4778938293457,329.8807067871094,171.34132385253906,41.9930534362793,76.99134826660156,50.63117599487305,37.58161163330078,149.90869140625,104.24348449707031,321.945556640625,114.74872589111328,23.376205444335938,50.2375373840332,38.60407638549805,174.119384765625,85.36272430419922,33.36345672607422,6.704828262329102,38.61482238769531,20.221357345581055,43.38705062866211,92.82328796386719,334.0690612792969,115.11308288574219,28.4418888092041,31.70930290222168,45.034149169921875,99.62882995605469,139.5868682861328
2019-08-20,130.126953125,50.65266036987305,109.42489624023438,52.0753288269043,90.22216796875,102.4510498046875,88.97805786132812,67.25160217285156,44.47670364379883,109.52896881103516,24.91439437866211,40.880489349365234,97.61512756347656,48.34686279296875,189.07638549804688,39.682655334472656,34.239662170410156,186.64024353027344,107.48381042480469,144.40145874023438,102.47662353515625,63.00886917114258,327.87445068359375,168.98745727539062,40.58843994140625,76.07349395751953,50.77138900756836,37.71622848510742,148.22543334960938,102.8354263305664,323.028564453125,111.99991607666016,22.90473175048828,49.7125244140625,38.117794036865234,172.20767211914062,83.96104431152344,32.97504425048828,6.652853012084961,38.24496841430664,20.150991439819336,42.3976936340332,91.43242645263672,333.1031494140625,113.02435302734375,28.033836364746094,31.250722885131836,44.291751861572266,98.45063781738281,139.3212432861328
2019-08-21,131.577392578125,51.201663970947266,110.2040786743164,52.59585952758789,90.47438049316406,102.70956420898438,90.31887817382812,68.24095153808594,44.65830993652344,109.76119995117188,25.101558685302734,41.36298370361328,98.5325698852539,48.584129333496094,191.0150146484375,40.37812423706055,34.23050308227539,189.48594665527344,107.57726287841797,144.68409729003906,103.36377716064453,63.06965255737305,336.0181884765625,169.62789916992188,39.52287292480469,76.39744567871094,50.84562301635742,37.82707977294922,149.31997680664062,103.25227355957031,324.0864562988281,112.99613189697266,23.084747314453125,50.253211975097656,38.39079284667969,172.8104705810547,84.70081329345703,33.00809097290039,6.712254047393799,38.418575286865234,20.529205322265625,42.33335494995117,92.13978576660156,333.2205505371094,114.44374084472656,28.16781997680664,31.7220516204834,44.36517333984375,98.80765533447266,141.84938049316406
2019-08-22,130.619873046875,51.15831756591797,109.98625946044922,52.482696533203125,91.40764617919922,102.89913177490234,90.2039566040039,68.09175872802734,44.980247497558594,110.02660369873047,25.252727508544922,41.038394927978516,98.58390808105469,48.53849411010742,189.95913696289062,39.88964080810547,34.19689178466797,190.0189971923828,107.39701080322266,143.8979034423828,103.54822540283203,63.44317626953125,350.26971435546875,169.1953582763672,39.66817855834961,75.92050170898438,51.175506591796875,37.898353576660156,143.28611755371094,103.39124298095703,326.52337646484375,112.78398132324219,23.30762481689453,50.3237419128418,38.91973876953125,174.30880737304688,85.02010345458984,33.28082275390625,6.712254047393799,38.45630645751953,20.81947135925293,42.03573989868164,91.57547760009766,335.8201904296875,114.3388671875,28.374889373779297,31.924049377441406,44.609928131103516,98.27210998535156,142.31651306152344
2019-08-23,126.45806884765625,48.79376220703125,107.02021026611328,50.91358184814453,89.13755798339844,101.08963012695312,88.25016784667969,66.69412994384766,44.36112976074219,108.04438018798828,24.72003173828125,39.4417724609375,95.0976791381836,47.06929397583008,185.7789764404297,38.58979034423828,33.86686325073242,186.96694946289062,104.0392074584961,138.23561096191406,100.18416595458984,62.73958206176758,351.8510437011719,165.5855712890625,38.602603912353516,73.724853515625,49.68272399902344,36.88478088378906,141.00503540039062,101.44587707519531,318.916259765625,108.62388610839844,22.690431594848633,48.983760833740234,37.89597702026367,168.95265197753906,82.2400894165039,32.50397491455078,6.511777877807617,37.22600555419922,20.485227584838867,40.55571746826172,88.44402313232422,326.32391357421875,111.62113189697266,28.265262603759766,31.503219604492188,43.7532958984375,95.09456634521484,134.6680450439453
2019-08-26,128.41099548339844,49.720802307128906,107.88125610351562,51.185150146484375,89.85222625732422,102.81295776367188,88.67924499511719,67.43219757080078,45.021514892578125,110.92231750488281,25.0799617767334,39.9681282043457,95.40594482421875,47.57119369506836,187.72628784179688,38.99546432495117,34.221343994140625,187.98141479492188,104.21945190429688,138.6066131591797,100.50037384033203,63.20865249633789,354.84564208984375,170.85057067871094,38.99008560180664,74.79571533203125,50.1115837097168,38.0963249206543,140.6463165283203,103.54871368408203,321.8186340332031,109.33413696289062,22.95616340637207,49.36773681640625,38.37373733520508,171.92347717285156,83.05774688720703,33.189903259277344,6.548903465270996,37.76945877075195,21.03936195373535,41.31985092163086,90.8919448852539,330.9728088378906,113.10501098632812,28.697675704956055,31.823057174682617,44.038822174072266,95.65689086914062,138.13961791992188
2019-08-27,128.6859130859375,49.159759521484375,109.43445587158203,50.68726348876953,88.90217590332031,103.87278747558594,88.74819946289062,67.14952087402344,45.17009353637695,111.768310546875,24.72003173828125,40.1699104309082,96.27198791503906,47.80846405029297,186.98194885253906,38.73881530761719,34.35273742675781,187.6031494140625,103.97247314453125,139.11013793945312,99.58686828613281,63.79059982299805,350.58599853515625,171.74887084960938,38.40888214111328,75.27262878417969,48.816741943359375,37.95378875732422,134.53887939453125,102.57603454589844,321.539306640625,108.6146469116211,22.690431594848633,49.61065673828125,38.17752456665039,170.56292724609375,83.38480377197266,32.88412857055664,6.50435209274292,37.324127197265625,20.335704803466797,41.00616455078125,90.70915985107422,328.7431335449219,113.8227310180664,27.55878448486328,31.494810104370117,42.35005187988281,95.87110137939453,137.4892578125
2019-08-28,128.51524353027344,49.4896354675293,108.62406921386719,51.056907653808594,89.79339599609375,104.60519409179688,89.51436614990234,67.9032974243164,45.492034912109375,112.12493896484375,25.252727508544922,40.1699104309082,97.43897247314453,47.40693283081055,188.73020935058594,38.805057525634766,34.44440841674805,190.8185577392578,105.174072265625,140.93869018554688,100.88682556152344,64.27703857421875,355.7647705078125,172.6055908203125,38.45730972290039,75.7855453491211,49.055912017822266,38.531837463378906,135.62420654296875,102.79835510253906,322.3686218261719,109.8506851196289,23.016172409057617,49.86924362182617,38.791778564453125,172.5865478515625,83.92210388183594,33.37173080444336,6.682554244995117,37.70151901245117,20.67873764038086,41.786373138427734,92.45770263671875,328.4903564453125,114.47598266601562,27.92420768737793,31.621057510375977,43.33721923828125,97.31707763671875,139.88919067382812
2019-08-29,130.9422149658203,50.327598571777344,108.25267791748047,51.62269592285156,91.8280258178711,104.41563415527344,90.04305267333984,68.09175872802734,45.442501068115234,112.81334686279297,25.432697296142578,41.11735534667969,98.99494171142578,47.59856414794922,190.8678741455078,39.13622283935547,34.859989166259766,195.43536376953125,107.04988861083984,144.51626586914062,103.44281005859375,64.45072174072266,358.5024108886719,172.1564483642578,39.280704498291016,76.32544708251953,49.60848617553711,38.2230224609375,140.2692108154297,103.9841079711914,325.29644775390625,111.37266540527344,23.42763328552246,49.955440521240234,39.40602111816406,176.2866668701172,85.65086364746094,34.12379837036133,6.7716546058654785,38.04117965698242,20.81947135925293,42.05986785888672,94.07907104492188,332.1282653808594,114.38725280761719,26.949758529663086,31.75571060180664,43.524864196777344,98.3078384399414,143.33323669433594
2019-08-30,130.69573974609375,50.2625846862793,108.35395812988281,51.660430908203125,92.36611938476562,103.59705352783203,90.19630432128906,67.89546203613281,45.43425369262695,113.4022216796875,25.591062545776367,41.591064453125,99.47199249267578,47.50731658935547,189.64111328125,38.7553825378418,34.91498565673828,195.94259643554688,107.95777893066406,145.41726684570312,104.5232162475586,64.40730285644531,359.8366394042969,173.52052307128906,39.95878601074219,76.77538299560547,50.243553161621094,38.06464767456055,141.6212921142578,104.65108489990234,326.8963623046875,111.03137969970703,23.581933975219727,49.7908821105957,39.730220794677734,176.69390869140625,86.1414566040039,34.28907775878906,6.808781147003174,38.63745880126953,20.828266143798828,41.97138595581055,94.3095703125,332.0740661621094,113.79854583740234,26.639148712158203,32.025047302246094,43.89198684692383,98.88798522949219,141.89517211914062
2019-09-03,128.9703369140625,49.53057098388672,108.67473602294922,51.720767974853516,91.27313995361328,104.57073974609375,89.08531188964844,68.03681182861328,45.64888000488281,114.00764465332031,26.001386642456055,41.2138557434082,98.42245483398438,47.35218048095703,188.91029357910156,38.49871826171875,35.031097412109375,192.6411895751953,105.90169525146484,144.45440673828125,102.7928466796875,64.5462875366211,350.2796325683594,170.9420623779297,40.34626770019531,75.64155578613281,50.05385971069336,38.040889739990234,142.5594940185547,105.56817626953125,327.3901062011719,108.4762954711914,23.18761444091797,49.34422302246094,39.320709228515625,172.41329956054688,85.46398162841797,33.87586212158203,6.7568039894104,38.063819885253906,21.118520736694336,41.858768463134766,93.25248718261719,330.5935974121094,114.12113189697266,26.821853637695312,31.97455406188965,44.299896240234375,98.566650390625,138.14878845214844
2019-09-04,130.4777374267578,50.37093734741211,108.77603149414062,52.27147674560547,92.37454223632812,106.16478729248047,89.83617401123047,67.5656967163086,46.0368537902832,115.40933227539062,25.79262924194336,42.91573715209961,100.05181121826172,48.337738037109375,190.10223388671875,39.177616119384766,35.419189453125,193.88674926757812,106.85629272460938,147.64332580566406,104.61102294921875,65.03273010253906,352.3649597167969,171.60748291015625,42.62271499633789,75.7855453491211,50.8538703918457,38.104244232177734,140.6739501953125,104.91048431396484,331.1261291503906,109.2142105102539,23.564788818359375,49.579307556152344,39.67048645019531,174.80487060546875,86.42176818847656,34.32213592529297,6.831056118011475,38.818603515625,21.690244674682617,42.872257232666016,94.9533462524414,335.8564147949219,115.0646743774414,26.98020362854004,32.18496322631836,44.308067321777344,99.5395736694336,138.97315979003906
2019-09-05,132.77195739746094,51.35575866699219,108.5396728515625,53.010780334472656,94.4764175415039,105.77706146240234,90.13499450683594,67.60494232177734,45.50029373168945,113.55950927734375,26.159748077392578,43.95091247558594,103.46468353271484,49.13165283203125,190.96359252929688,40.088348388671875,35.27556228637695,197.3467254638672,109.63335418701172,150.49656677246094,108.02777862548828,64.52893829345703,356.09088134765625,172.71372985839844,42.67115020751953,77.29730224609375,51.761085510253906,38.413063049316406,138.88949584960938,106.16105651855469,327.781494140625,111.30809783935547,24.26370620727539,50.19835662841797,40.62599182128906,179.41481018066406,89.59113311767578,35.09899139404297,6.9350056648254395,39.4979133605957,21.83976936340332,42.98487091064453,96.32830810546875,332.57958984375,113.30195617675781,26.706144332885742,32.513206481933594,44.18568420410156,101.16405487060547,143.16839599609375
2019-09-06,131.87135314941406,51.350948333740234,108.22734832763672,53.5086669921875,94.67821502685547,105.87184143066406,90.61006164550781,67.97396850585938,45.591087341308594,114.72032928466797,26.274932861328125,44.670265197753906,103.1711196899414,48.5111198425293,191.43338012695312,40.436065673828125,35.05860137939453,199.9243927001953,109.43974304199219,151.1944122314453,107.77308654785156,64.88504791259766,358.7593688964844,172.78024291992188,42.186798095703125,77.42327880859375,51.32395935058594,38.2230224609375,141.4649200439453,105.65157318115234,328.9814147949219,110.86534118652344,23.92719078063965,50.79391860961914,40.22502517700195,179.55349731445312,90.03502655029297,34.85932540893555,6.9350056648254395,39.6715202331543,21.725425720214844,43.13770294189453,95.43814086914062,333.17755126953125,112.1403579711914,26.706144332885742,32.580535888671875,44.83836364746094,103.34192657470703,143.36988830566406
2019-09-09,130.37344360351562,51.570068359375,107.16370391845703,53.931129455566406,97.02394104003906,105.26866912841797,91.475830078125,65.53987884521484,45.00499725341797,113.9103012084961,26.512481689453125,45.25803756713867,104.66102600097656,49.770442962646484,189.02342224121094,40.22080612182617,35.54753112792969,201.42945861816406,110.77490997314453,149.8693389892578,111.76954650878906,63.57347869873047,354.5886535644531,168.297119140625,43.397666931152344,75.7855453491211,52.51985168457031,38.08048629760742,149.1544647216797,102.89099884033203,323.5773620605469,110.6163101196289,24.703765869140625,51.97716522216797,41.29996109008789,183.68679809570312,91.67031860351562,35.627906799316406,7.083508491516113,41.95851135253906,22.15641975402832,44.21554183959961,96.69390106201172,322.36065673828125,108.25747680664062,26.821853637695312,33.388526916503906,45.35233688354492,103.9935073852539,145.05532836914062
2019-09-10,129.00828552246094,52.179264068603516,109.35848236083984,54.36865997314453,98.25985717773438,103.29547882080078,93.36067199707031,64.14225006103516,44.90594482421875,113.45932006835938,26.908411026000977,45.459800720214844,106.45919036865234,50.61911392211914,182.42855834960938,40.742401123046875,35.46195602416992,201.54188537597656,112.72415161132812,149.8251953125,114.43972778320312,62.64405059814453,365.17352294921875,163.74740600585938,44.269500732421875,74.87667083740234,52.4538688659668,38.45265579223633,151.75747680664062,102.91879272460938,324.52203369140625,108.2087631225586,25.325021743774414,52.564876556396484,41.21466064453125,186.84962463378906,91.77155303955078,36.01634216308594,6.994405269622803,42.93218994140625,22.71054458618164,45.301414489746094,97.28206634521484,321.690185546875,106.53536224365234,26.94365882873535,33.91035461425781,44.487548828125,104.67184448242188,150.258056640625
2019-09-11,129.04620361328125,53.838314056396484,110.72598266601562,54.26305389404297,98.52890014648438,104.49319458007812,92.9239501953125,65.10802459716797,45.21137619018555,113.87689208984375,26.93000602722168,46.310752868652344,105.3949966430664,51.367393493652344,182.88099670410156,41.42129898071289,35.45279312133789,201.24786376953125,112.20348358154297,151.3003692626953,116.89908599853516,63.278141021728516,378.4664306640625,162.89068603515625,45.33506774902344,76.05549621582031,52.77552032470703,38.99112319946289,148.90606689453125,103.46533203125,324.7177429199219,108.84526062011719,25.419937133789062,53.34849548339844,41.67534255981445,187.86349487304688,93.5158920288086,36.31385803222656,6.994405269622803,43.82283020019531,22.49065399169922,46.009254455566406,97.63970947265625,325.0965270996094,107.15271759033203,27.235994338989258,34.550010681152344,44.31623077392578,105.03781127929688,151.27481079101562
2019-09-12,130.37344360351562,53.71792221069336,110.10134887695312,54.30078125,99.1342544555664,105.78569030761719,93.03121185302734,65.41427612304688,45.492034912109375,114.6535415649414,26.83641815185547,46.50374984741211,105.40963745117188,49.177276611328125,184.57749938964844,41.3385124206543,35.72781753540039,202.23388671875,113.87235260009766,148.9595184326172,115.72209167480469,62.791717529296875,371.2418212890625,161.3602752685547,44.85071563720703,76.67637634277344,52.7012939453125,39.28411102294922,146.2294921875,103.26154327392578,329.0411071777344,109.78611755371094,25.60114288330078,52.48638153076172,41.50471878051758,189.54454040527344,92.567626953125,36.62791061401367,6.986980438232422,41.93587112426758,22.50824546813965,45.325557708740234,97.40921783447266,330.8674011230469,108.50932312011719,27.07765007019043,34.88668441772461,44.12858200073242,105.51087188720703,149.5436248779297
2019-09-13,130.18385314941406,52.67288589477539,110.39678192138672,54.798667907714844,101.08484649658203,105.2256088256836,93.09249114990234,65.29568481445312,45.117855072021484,113.94368743896484,26.570077896118164,46.0914421081543,105.44635009765625,49.049530029296875,182.5416717529297,41.42129898071289,35.8836669921875,202.38961791992188,114.44647216796875,148.1468048095703,117.50513458251953,61.41929626464844,375.3235778808594,162.5829315185547,45.28710174560547,75.83052825927734,52.833255767822266,39.141571044921875,147.949462890625,102.72425842285156,327.53466796875,109.9521484375,26.032573699951172,52.61293029785156,41.73505783081055,190.5497283935547,93.21025085449219,37.32212448120117,7.01668119430542,42.26043701171875,23.071170806884766,46.12187194824219,97.49664306640625,329.47222900390625,107.55889129638672,26.078222274780273,35.038177490234375,44.03068161010742,106.55516815185547,151.52212524414062
2019-09-16,129.2453155517578,52.94979476928711,109.35002899169922,55.620948791503906,100.1852035522461,103.1834716796875,95.0999526977539,64.83726501464844,44.8683967590332,112.64090728759766,26.512481689453125,45.79317092895508,104.57294464111328,48.49287033081055,180.4448699951172,41.363346099853516,35.31529998779297,199.8032989501953,113.2648696899414,146.8218231201172,116.95178985595703,60.30747604370117,374.4241943359375,161.42677307128906,45.48106002807617,75.01167297363281,52.31365966796875,39.173255920410156,152.2265625,102.02023315429688,334.1728515625,108.51317596435547,25.998062133789062,52.106727600097656,41.78626251220703,188.22743225097656,91.57238006591797,36.98326873779297,6.9053053855896,41.76981735229492,22.851276397705078,50.29648971557617,97.41717529296875,336.4932861328125,104.61016082763672,25.705760955810547,35.31592559814453,44.495697021484375,102.9670639038086,150.76190185546875
2019-09-17,130.25018310546875,53.142425537109375,109.45976257324219,55.19849395751953,99.68913269042969,104.3984146118164,94.9237060546875,65.2166748046875,45.10123062133789,113.32569885253906,26.274932861328125,45.57384490966797,104.36744689941406,48.24646759033203,182.57644653320312,40.907989501953125,35.6025390625,199.12860107421875,112.19677734375,147.0426788330078,116.09099578857422,60.68098449707031,379.7117004394531,163.62265014648438,45.38407897949219,75.20963287353516,52.35490036010742,39.387062072753906,148.54736328125,102.93732452392578,335.2962951660156,109.8138198852539,25.834117889404297,52.336097717285156,41.598567962646484,187.09230041503906,92.42659759521484,36.53700256347656,6.890455722808838,41.39242172241211,22.56102180480957,49.2427864074707,97.27410888671875,339.24737548828125,107.16084289550781,25.643688201904297,35.1728515625,44.895477294921875,104.61831665039062,150.21231079101562
2019-09-18,131.3214569091797,53.640872955322266,110.0844497680664,54.93446731567383,100.68965148925781,104.61382293701172,95.14590454101562,65.6197738647461,45.09291458129883,113.15868377685547,26.188549041748047,45.38962936401367,104.38212585449219,47.963584899902344,183.08108520507812,40.85002899169922,35.80115509033203,199.66493225097656,111.77622985839844,148.37648010253906,115.12482452392578,61.45405197143555,381.8959045410156,162.22525024414062,45.48106002807617,75.26363372802734,52.1734619140625,39.482078552246094,147.57241821289062,104.41949462890625,337.9005126953125,109.52781677246094,25.885887145996094,51.98018264770508,41.743595123291016,188.10614013671875,91.77611541748047,36.66096496582031,6.8681793212890625,41.0678596496582,22.18280029296875,48.26949691772461,96.20113372802734,341.9198303222656,108.11125183105469,25.3519287109375,35.07184600830078,44.487548828125,106.59981536865234,151.4855194091797
2019-09-19,133.73895263671875,53.205039978027344,109.83120727539062,54.56481170654297,100.37016296386719,105.0360336303711,94.74748992919922,66.37066650390625,45.33403778076172,113.14197540283203,26.282127380371094,45.24048614501953,104.93257904052734,48.702754974365234,183.15936279296875,40.72584533691406,35.785884857177734,197.32077026367188,111.5291976928711,147.31651306152344,114.2903823852539,61.627769470214844,379.94891357421875,162.732666015625,45.674991607666016,74.8946762084961,52.478614807128906,39.64836502075195,151.49993896484375,105.92945861816406,334.8282165527344,108.65155029296875,25.73056983947754,52.170005798339844,41.72654342651367,186.50299072265625,90.90625,36.37997055053711,6.7568039894104,41.188629150390625,22.71054458618164,48.237327575683594,94.67516326904297,340.25299072265625,108.94793701171875,24.90497398376465,34.42377471923828,44.373329162597656,107.72444915771484,150.62449645996094
2019-09-20,132.19366455078125,52.42729187011719,111.13117218017578,54.376216888427734,99.96661376953125,105.3290023803711,95.2531967163086,67.31123352050781,44.82682800292969,112.49893951416016,26.411706924438477,44.49482345581055,104.13257598876953,48.79402160644531,182.17623901367188,41.0652961730957,35.74614334106445,194.33656311035156,111.322265625,148.67684936523438,112.56883239746094,61.627769470214844,374.9579162597656,163.80560302734375,45.43256378173828,75.20963287353516,53.03118896484375,40.04429626464844,148.43701171875,107.6061782836914,330.4197998046875,107.73834228515625,25.532115936279297,52.533836364746094,41.4876594543457,185.21189880371094,89.60535430908203,36.090721130371094,6.808781147003174,41.51319122314453,22.587404251098633,48.9210319519043,95.93091583251953,333.5489501953125,109.69528198242188,25.333309173583984,34.42377471923828,44.32438278198242,106.44807434082031,150.28555297851562
2019-09-23,131.9092559814453,52.66567611694336,111.20716857910156,54.41392135620117,99.94977569580078,106.17342376708984,95.69757843017578,66.67890930175781,45.018070220947266,113.10856628417969,26.0877685546875,44.65272521972656,104.27201843261719,49.2959098815918,184.04678344726562,40.91627883911133,35.94172286987305,195.70327758789062,111.322265625,147.64332580566406,112.79719543457031,62.10552215576172,372.6254577636719,164.48770141601562,45.28710174560547,74.8316879272461,52.2476806640625,40.004703521728516,147.30563354492188,105.77200317382812,329.9261474609375,109.06664276123047,25.47171401977539,51.98809051513672,41.76918411254883,184.9692840576172,89.9971923828125,35.999820709228516,6.801354885101318,40.999935150146484,22.622589111328125,48.40625,94.61951446533203,334.4095764160156,111.14930725097656,25.37676429748535,34.0029411315918,43.973575592041016,105.63582611083984,151.32977294921875
2019-09-24,130.2406768798828,52.415245056152344,111.04678344726562,53.667091369628906,98.64661407470703,106.50948333740234,94.80877685546875,66.07820129394531,45.15110778808594,113.04177856445312,25.92220687866211,43.70528030395508,103.98578643798828,48.68449401855469,184.4644317626953,40.66788864135742,36.1800651550293,194.97666931152344,109.97383117675781,146.42428588867188,110.66281127929688,62.96542739868164,377.1914978027344,163.48121643066406,43.49307632446289,74.18379974365234,51.90129470825195,39.600860595703125,145.2453155517578,104.91048431396484,331.2027282714844,109.00205993652344,24.971256256103516,51.06269073486328,41.50471878051758,180.02139282226562,89.55049133300781,35.15684127807617,6.764229774475098,40.47913360595703,22.701751708984375,47.69841766357422,93.77702331542969,334.75384521484375,111.93727111816406,25.283645629882812,33.60736846923828,44.202003479003906,103.74358367919922,152.0167694091797
2019-09-25,132.11781311035156,53.22188949584961,110.57405090332031,53.825504302978516,99.20989227294922,106.00109100341797,94.63256072998047,65.68299102783203,45.04302215576172,112.81629180908203,25.843017578125,44.75798797607422,105.07205963134766,49.13165283203125,184.9951629638672,41.073570251464844,36.20145797729492,197.3035125732422,109.47982025146484,147.45782470703125,111.20738983154297,62.748287200927734,381.6883544921875,163.07369995117188,44.41432571411133,74.5617446899414,51.620872497558594,39.46623611450195,142.77105712890625,103.18744659423828,332.27496337890625,109.87836456298828,25.23874282836914,50.7779541015625,42.02511978149414,181.9970703125,89.58968353271484,35.5700569152832,6.831056118011475,41.03012466430664,22.666568756103516,47.843196868896484,94.61951446533203,339.736572265625,111.758544921875,25.178117752075195,34.07027816772461,44.193843841552734,104.12739562988281,151.3114776611328
2019-09-26,132.2884521484375,52.947391510009766,108.767578125,53.538848876953125,98.3943862915039,107.11263275146484,92.06581115722656,66.29950714111328,45.225955963134766,113.34239196777344,25.756633758544922,44.670265197753906,105.3582534790039,49.24115753173828,184.96905517578125,40.427799224853516,36.149505615234375,198.76531982421875,109.3663558959961,147.546142578125,111.01415252685547,63.16520690917969,382.37030029296875,162.508056640625,43.735511779785156,74.38179016113281,50.79612731933594,39.56918716430664,137.77655029296875,103.58577728271484,334.3941345214844,109.68465423583984,25.135196685791016,50.06612014770508,41.69240188598633,180.42861938476562,87.7950668334961,35.222957611083984,6.786504745483398,40.81878662109375,22.67536735534668,46.39535140991211,94.14263916015625,346.2049865722656,113.8136978149414,25.24019432067871,34.390106201171875,44.862831115722656,104.12739562988281,152.42901611328125
2019-09-27,130.572509765625,52.68974304199219,108.55656433105469,53.923583984375,98.97450256347656,107.33665466308594,90.87055969238281,65.5328369140625,45.15943908691406,113.24217987060547,26.07337188720703,44.54745101928711,105.13074493408203,49.35979080200195,185.45626831054688,40.436065673828125,36.195350646972656,198.82583618164062,109.8336410522461,148.43832397460938,111.18982696533203,63.63426208496094,378.3873596191406,162.14212036132812,43.832489013671875,73.6438980102539,51.200260162353516,39.76713562011719,137.49143981933594,104.09529876708984,330.09637451171875,109.38947296142578,25.325021743774414,49.74974822998047,43.26216506958008,181.07858276367188,88.5787124633789,35.4047737121582,6.741955280303955,41.0678596496582,22.640180587768555,46.57231903076172,94.54003143310547,336.26678466796875,115.39771270751953,24.91118812561035,34.45744705200195,44.76493835449219,105.5197982788086,152.99026489257812
2019-09-30,131.8049774169922,53.929805755615234,109.21500396728516,53.26726150512695,98.94926452636719,107.17294311523438,90.87055969238281,66.5366439819336,45.26752471923828,114.49488067626953,25.864614486694336,45.20539474487305,106.73074340820312,50.21757888793945,186.80479431152344,40.907989501953125,36.265628814697266,200.6942138671875,109.7468490600586,149.4630126953125,110.94389343261719,63.85140609741211,376.0252685546875,160.9526824951172,43.347618103027344,75.29060363769531,52.016746520996094,40.15515899658203,139.6161651611328,103.59506225585938,331.9601745605469,109.10353088378906,25.16971206665039,50.129398345947266,43.03181838989258,179.57083129882812,89.53482055664062,35.264286041259766,6.801354885101318,41.74717330932617,22.67536735534668,45.832305908203125,95.23151397705078,339.5373229980469,115.3896484375,25.38917350769043,34.566856384277344,44.96889114379883,105.77864074707031,155.21713256835938
2019-10-01,129.9468231201172,54.079105377197266,109.72993469238281,52.01499557495117,97.15005493164062,106.71626281738281,88.88610076904297,66.08611297607422,45.4421501159668,114.72032928466797,25.504682540893555,44.52991485595703,105.43900299072266,49.09515380859375,181.85433959960938,39.52534866333008,36.01199722290039,199.88113403320312,105.72811126708984,145.0373992919922,107.48321533203125,62.30529022216797,370.55987548828125,160.68653869628906,41.747535705566406,73.6438980102539,51.42293167114258,40.107643127441406,138.36517333984375,102.7890853881836,326.9645080566406,107.64612579345703,24.539825439453125,50.00284957885742,41.85449981689453,175.63674926757812,87.3091812133789,34.19816970825195,6.608302593231201,41.286746978759766,22.50824546813965,44.360328674316406,92.04440307617188,333.19561767578125,115.07276916503906,25.55057144165039,33.944034576416016,44.373329162597656,104.31482696533203,152.29098510742188
2019-10-02,127.65257263183594,52.723453521728516,111.4266357421875,50.65709686279297,95.21630096435547,104.32947540283203,86.03585815429688,64.51319122314453,44.13667297363281,111.85589599609375,24.979177474975586,43.32805252075195,103.99312591552734,48.50200271606445,179.4617156982422,38.54839324951172,35.48335647583008,195.09779357910156,103.90569305419922,142.2902374267578,105.36639404296875,61.254268646240234,363.06842041015625,157.37612915039062,41.26265335083008,71.56523132324219,50.721900939941406,38.967376708984375,137.27066040039062,99.12071228027344,321.8326721191406,104.10404205322266,24.02210235595703,48.73734664916992,41.351158142089844,171.7893829345703,85.459716796875,33.24776077270508,6.392975330352783,39.87530517578125,22.033275604248047,42.68726348876953,91.59136962890625,328.4032287597656,113.55377197265625,24.960844039916992,33.43061828613281,43.165897369384766,102.1191177368164,150.22052001953125
2019-10-03,129.19790649414062,53.17133331298828,110.74288940429688,51.28322982788086,95.08070373535156,104.89816284179688,86.69480895996094,65.39846801757812,44.768619537353516,115.1880111694336,25.519079208374023,43.88950729370117,104.23533630371094,49.149906158447266,182.7330780029297,39.25747299194336,35.54140853881836,196.18765258789062,103.62532043457031,142.6788787841797,105.43665313720703,61.55828857421875,367.7234191894531,160.2124481201172,42.23240280151367,72.95101928710938,50.4909782409668,39.566261291503906,136.6912078857422,99.38937377929688,323.4497375488281,104.21517181396484,23.996217727661133,49.21981430053711,41.359676361083984,170.9141845703125,85.83586120605469,33.2642936706543,6.467226028442383,39.70170593261719,21.628673553466797,43.16183090209961,92.11592864990234,330.0610656738281,113.49691009521484,25.333309173583984,33.27069854736328,43.54118347167969,102.2886962890625,151.6744384765625
2019-10-04,130.9422149658203,54.66181182861328,112.82791137695312,52.03007125854492,97.14012145996094,106.84551239013672,87.23111724853516,67.1847915649414,45.35068893432617,117.1505355834961,25.864614486694336,44.670265197753906,104.94727325439453,50.31796646118164,184.1772918701172,39.64120101928711,36.106727600097656,197.1564483642578,104.01919555664062,144.5427703857422,106.31501770019531,62.60063171386719,371.31103515625,162.6827392578125,41.5535774230957,73.77886962890625,51.33221435546875,40.52446746826172,138.65036010742188,100.23233795166016,327.6112976074219,105.93740844726562,24.47942352294922,49.48082733154297,41.98246765136719,173.99900817871094,86.9721908569336,33.702301025390625,6.489501476287842,39.98097229003906,21.804588317871094,43.03313064575195,93.37964630126953,334.27374267578125,115.02408599853516,25.85474967956543,33.960853576660156,44.299896240234375,104.09169006347656,154.30613708496094
2019-10-07,129.99424743652344,54.67385482788086,112.40584564208984,51.31340408325195,96.92826080322266,105.84597778320312,86.7790756225586,66.70262908935547,44.79356002807617,115.53042602539062,25.79262924194336,44.40708541870117,103.69219207763672,50.0077018737793,184.37744140625,39.84975051879883,35.822547912597656,196.12713623046875,102.48379516601562,144.145263671875,105.6211166381836,62.20974349975586,372.1412048339844,163.99691772460938,41.50510025024414,72.92401123046875,51.126033782958984,40.62827682495117,137.23385620117188,99.88959503173828,326.6156311035156,105.2336654663086,24.42765235900879,49.61528015136719,41.64121627807617,173.65240478515625,86.14933776855469,33.61966323852539,6.44495153427124,39.82246780395508,21.84856605529785,43.91793441772461,91.85365295410156,333.31341552734375,113.85436248779297,26.177539825439453,33.48112106323242,44.46307373046875,103.27944946289062,153.25714111328125
2019-10-08,128.61959838867188,54.033348083496094,111.29158020019531,50.31760025024414,94.76715087890625,104.20022583007812,85.59148406982422,65.83317565917969,44.55244064331055,114.61180114746094,25.504682540893555,43.626319885253906,101.56375885009766,49.32329177856445,183.67274475097656,38.69853973388672,35.929500579833984,196.06655883789062,100.62797546386719,140.1171417236328,103.61848449707031,61.393245697021484,369.7297058105469,163.09033203125,40.147457122802734,70.64739990234375,49.798187255859375,40.21304702758789,135.38507080078125,99.2967300415039,325.202880859375,104.20588684082031,23.84090232849121,48.79270553588867,40.79662322998047,171.02682495117188,84.43309020996094,32.908912658691406,6.341001033782959,39.316768646240234,21.514324188232422,43.354888916015625,89.60440063476562,333.7845764160156,111.37677001953125,26.072010040283203,32.319637298583984,44.177528381347656,100.28040313720703,151.80323791503906
2019-10-09,131.05601501464844,54.666648864746094,109.07992553710938,50.8758659362793,95.4535903930664,105.10496520996094,86.68712615966797,66.5366439819336,44.76030731201172,115.1212158203125,25.69184112548828,44.284278869628906,102.51054382324219,49.98325729370117,185.16915893554688,39.073944091796875,36.3420295715332,198.03005981445312,100.79486846923828,141.1948699951172,104.9096450805664,61.349815368652344,370.57965087890625,163.59767150878906,40.48686218261719,71.5382308959961,50.14458084106445,40.588348388671875,137.59259033203125,99.39864349365234,327.3218994140625,105.48369598388672,24.065248489379883,49.02208709716797,41.078163146972656,170.57623291015625,84.68387603759766,33.42131423950195,6.3558502197265625,39.305450439453125,21.575897216796875,44.191410064697266,90.49457550048828,333.05072021484375,111.57173919677734,26.357561111450195,32.76570129394531,44.58917236328125,102.27083587646484,153.146728515625
2019-10-10,131.87135314941406,55.4034538269043,108.9448471069336,51.48691177368164,96.79264831542969,105.07049560546875,87.79811096191406,66.20466613769531,44.618953704833984,115.15461730957031,25.763826370239258,44.83694076538086,103.58211517333984,50.86320877075195,184.23818969726562,38.49834060668945,36.549800872802734,200.33956909179688,101.67604064941406,142.1930694580078,107.76426696777344,61.47141647338867,366.6659240722656,165.2528533935547,40.971736907958984,72.11414337158203,51.24974060058594,40.54841995239258,138.733154296875,99.0466079711914,329.25384521484375,106.50221252441406,24.54844856262207,50.03447723388672,41.50471878051758,173.19313049316406,85.0365219116211,33.925437927246094,6.400402545928955,39.95078659057617,20.968994140625,44.947509765625,91.62316131591797,334.0653381347656,112.01039123535156,26.680360794067383,33.47270202636719,44.959651947021484,103.23484802246094,154.40737915039062
2019-10-11,132.4211883544922,56.87709426879883,110.861083984375,52.03762435913086,98.42831420898438,104.33808898925781,88.9933853149414,66.66310119628906,44.319602966308594,114.94583129882812,25.994186401367188,45.69667053222656,104.7784652709961,52.14647674560547,181.85433959960938,38.84036636352539,36.74232482910156,202.97781372070312,105.54120635986328,144.45440673828125,112.77963256835938,61.24559020996094,370.5401306152344,167.01620483398438,42.668792724609375,71.94247436523438,51.90953826904297,41.211181640625,140.17721557617188,100.38058471679688,324.6496276855469,107.780029296875,24.94536781311035,50.61186599731445,41.98246765136719,177.36114501953125,86.94084167480469,34.6527099609375,6.519202709197998,40.750850677490234,21.329612731933594,45.38990020751953,92.21129608154297,328.1495666503906,111.79916381835938,26.425846099853516,34.05344009399414,44.74559783935547,106.36773681640625,157.30596923828125
2019-10-14,132.2979278564453,56.79521942138672,110.34614562988281,52.18849182128906,98.69103240966797,103.44197082519531,89.01637268066406,66.93972778320312,44.319602966308594,114.78714752197266,26.130962371826172,45.30189895629883,104.25003051757812,51.7523307800293,181.2974853515625,38.4149169921875,36.415367126464844,202.5625762939453,107.1500473022461,143.96856689453125,112.76207733154297,60.29014205932617,368.8204345703125,168.75457763671875,42.2808837890625,72.11415100097656,51.95077896118164,41.171260833740234,139.4229736328125,99.95443725585938,325.6198425292969,107.7707748413086,25.143827438354492,51.02314376831055,42.03365707397461,178.34901428222656,86.4549560546875,34.917179107666016,6.548903465270996,40.50933074951172,21.19768714904785,45.14860153198242,92.09207916259766,331.9544677734375,109.74400329589844,26.518966674804688,33.83461380004883,44.46567916870117,104.61831665039062,155.44720458984375
2019-10-15,134.21299743652344,56.66278839111328,112.13570404052734,52.36953353881836,101.6657485961914,100.98623657226562,89.11598205566406,67.21638488769531,44.49420928955078,113.85183715820312,26.274932861328125,46.18793487548828,104.9546127319336,51.65149688720703,180.28829956054688,38.673519134521484,36.52537155151367,203.8081512451172,108.79891204833984,144.55157470703125,115.08966827392578,59.412818908691406,366.6263732910156,170.22679138183594,43.10517120361328,74.06562805175781,53.46830368041992,41.38685989379883,147.3148651123047,101.62191009521484,325.7389221191406,108.88191223144531,25.652915954589844,51.64799880981445,42.75028991699219,178.903564453125,87.28567504882812,35.14858627319336,6.734527111053467,41.147117614746094,21.382394790649414,45.003822326660156,92.57691192626953,327.8958740234375,108.74485778808594,26.95970344543457,33.944034576416016,44.1363639831543,105.51087188720703,158.861083984375
2019-10-16,133.1132354736328,56.43403625488281,114.10253143310547,51.471832275390625,101.4284439086914,101.27058410644531,88.19651794433594,66.75006866455078,44.47758865356445,113.927001953125,26.159748077392578,46.01248550415039,104.30140686035156,51.22069549560547,181.22787475585938,39.03223419189453,36.491764068603516,204.05038452148438,108.26486206054688,144.5427703857422,114.35189819335938,58.93509292602539,368.0792236328125,169.0207061767578,43.153663635253906,73.88492584228516,53.94666290283203,41.1313362121582,148.51980590820312,100.0007553100586,325.81561279296875,108.71522521972656,26.032573699951172,51.68753433227539,42.30665588378906,179.7354278564453,87.04271697998047,35.36344909667969,6.734527111053467,41.25655746459961,21.558305740356445,44.258201599121094,93.38758850097656,330.38726806640625,109.41908264160156,27.009361267089844,33.41378402709961,43.34601974487305,106.18030548095703,157.4072265625
2019-10-17,132.43069458007812,56.65314865112305,114.94668579101562,51.40392303466797,101.99628448486328,101.13703155517578,88.38041687011719,66.23627471923828,44.72703552246094,114.37796020507812,26.246139526367188,45.494895935058594,98.53990173339844,50.46906280517578,179.9663848876953,39.23242950439453,36.62010192871094,204.80291748046875,109.1727523803711,147.97900390625,116.00315856933594,59.134891510009766,364.74859619140625,169.3118133544922,43.832489013671875,74.42701721191406,54.84563446044922,41.857975006103516,151.55508422851562,100.47319793701172,320.8965148925781,110.28007507324219,26.1102352142334,51.59262466430664,42.323726654052734,178.903564453125,86.40010833740234,35.90064239501953,6.764229774475098,42.22268295288086,21.487943649291992,44.1933708190918,94.09495544433594,322.7591552734375,110.16642761230469,27.487356185913086,33.54003143310547,43.601234436035156,108.2153549194336,158.4010009765625
2019-10-18,130.2691650390625,56.92525100708008,107.79682159423828,51.00410079956055,102.17423248291016,101.86546325683594,87.91304016113281,66.93185424804688,45.55023956298828,113.78500366210938,26.246139526367188,45.056270599365234,98.41512298583984,50.0015754699707,181.40191650390625,38.96549987792969,36.40619659423828,205.8062744140625,108.87899780273438,146.2564697265625,115.71102905273438,59.09143829345703,339.9813537597656,168.61314392089844,43.444580078125,74.79740905761719,54.56523132324219,42.34507751464844,153.49591064453125,100.63993072509766,316.99871826171875,108.11339569091797,26.18788719177246,51.33952713012695,42.63085174560547,178.95556640625,85.74182891845703,36.082462310791016,6.897879123687744,41.739627838134766,21.056949615478516,43.72332000732422,93.26838684082031,316.7347106933594,111.46611785888672,27.518390655517578,33.363285064697266,43.26367950439453,110.88412475585938,160.03892517089844
2019-10-21,131.2361602783203,57.9124870300293,108.06695556640625,51.85654830932617,104.70826721191406,103.26160430908203,89.34584045410156,66.80537414550781,45.09291458129883,113.67643737792969,26.246139526367188,45.73176193237305,97.30685424804688,50.533241271972656,182.57644653320312,39.532745361328125,36.58953857421875,204.74237060546875,110.77490997314453,149.23338317871094,117.0566177368164,59.325958251953125,327.1924743652344,168.78778076171875,42.62030029296875,73.76746368408203,54.18584060668945,42.4808235168457,153.36712646484375,99.96370697021484,318.3349304199219,110.23381042480469,26.766014099121094,51.576805114746094,43.04888153076172,181.3211669921875,86.94084167480469,37.17335891723633,6.814863681793213,41.20372772216797,21.20647430419922,45.3523063659668,94.19827270507812,317.4323425292969,113.06637573242188,28.281930923461914,34.0029411315918,43.230751037597656,111.28581237792969,160.14016723632812
2019-10-22,129.28321838378906,57.780052185058594,109.06304931640625,52.12059783935547,105.75916290283203,105.94978332519531,90.25759887695312,64.26026153564453,44.77693557739258,114.1274185180664,26.22454833984375,45.626487731933594,98.31969451904297,49.5982666015625,173.37149047851562,39.66621398925781,36.540645599365234,205.17481994628906,111.84297943115234,149.23338317871094,118.34908294677734,58.617916107177734,333.0631103515625,170.36814880371094,43.92945098876953,72.76464080810547,54.895103454589844,43.45500564575195,156.71519470214844,101.75159454345703,318.01995849609375,109.82637786865234,26.921321868896484,52.09089660644531,43.18539047241211,181.62448120117188,84.78575134277344,37.50394058227539,6.845050811767578,41.754722595214844,21.857362747192383,45.82237243652344,92.27488708496094,319.2351379394531,105.09757232666016,28.76611328125,34.13761520385742,42.06168746948242,111.81243896484375,161.17076110839844
2019-10-23,130.1079864501953,58.55539321899414,109.6539306640625,52.61848831176758,106.03884887695312,106.66087341308594,90.39552307128906,65.50119018554688,45.43381881713867,114.78714752197266,26.469295501708984,45.37208557128906,98.62796783447266,49.616607666015625,173.3192901611328,39.249122619628906,36.47035598754883,202.98643493652344,112.65742492675781,150.03721618652344,119.80973052978516,59.03750228881836,336.522216796875,169.11219787597656,44.31735610961914,73.42414093017578,54.51286697387695,43.73447799682617,159.04226684570312,99.49125671386719,317.517822265625,107.86335754394531,27.111156463623047,52.66037368774414,43.449851989746094,183.1149139404297,84.93464660644531,37.941951751708984,6.950708389282227,41.181087493896484,21.971710205078125,45.58733367919922,91.51985168457031,319.9779968261719,109.0860366821289,29.02063751220703,34.28068542480469,42.13578796386719,111.09837341308594,161.03273010253906
2019-10-24,132.66761779785156,58.651710510253906,107.62798309326172,52.12059783935547,105.96255493164062,108.21308135986328,90.08902740478516,65.27197265625,45.40888977050781,115.15461730957031,26.19574737548828,45.819488525390625,98.40045166015625,49.73576354980469,170.54391479492188,38.715232849121094,36.39397430419922,202.311767578125,108.07125854492188,151.4593963623047,118.49071502685547,59.73679733276367,340.52490234375,168.89593505859375,43.39609146118164,73.50547790527344,53.881309509277344,43.415077209472656,156.4668426513672,99.89886474609375,318.9220275878906,107.7892837524414,27.059375762939453,52.20164108276367,43.594886779785156,182.88092041015625,88.82949829101562,37.81797790527344,6.490346431732178,41.098052978515625,21.927730560302734,45.51439666748047,90.6137924194336,323.33905029296875,109.8171157836914,29.150997161865234,34.12077713012695,42.07815170288086,110.30398559570312,158.3733673095703
2019-10-25,133.41661071777344,59.374088287353516,108.34552001953125,52.24130630493164,106.81004333496094,106.87764739990234,90.92417907714844,65.01904296875,44.69377899169922,114.11071014404297,26.469295501708984,49.530311584472656,99.40595245361328,49.65326690673828,169.31716918945312,39.12398910522461,36.37563705444336,202.73558044433594,110.875,151.6095733642578,123.69599151611328,59.79799270629883,335.86004638671875,168.88766479492188,43.638545989990234,73.76746368408203,54.09736251831055,43.90217971801758,157.73617553710938,102.08507537841797,315.5093994140625,109.50228881835938,27.370010375976562,50.08193588256836,43.99584197998047,185.63650512695312,89.11163330078125,38.32211685180664,6.580909729003906,41.830196380615234,22.235576629638672,45.66836929321289,91.97286224365234,312.5491943359375,109.012939453125,29.051673889160156,34.516353607177734,41.58418655395508,110.71456909179688,159.29354858398438
2019-10-28,136.69677734375,59.96883773803711,109.04615783691406,51.781124114990234,107.21685791015625,107.07709503173828,90.7785873413086,64.97161865234375,44.54411315917969,114.0522689819336,26.83641815185547,49.79348373413086,99.79493713378906,50.084068298339844,166.85496520996094,39.34922409057617,36.43064498901367,204.828857421875,112.85767364501953,152.53709411621094,123.9881362915039,58.871421813964844,336.89776611328125,170.51788330078125,43.97795104980469,74.67998504638672,54.745540618896484,44.38925552368164,160.77151489257812,104.66961669921875,316.4540710449219,109.79859161376953,27.47355842590332,50.406219482421875,44.06410598754883,188.68666076660156,91.75260925292969,38.710548400878906,6.497893333435059,42.11701965332031,22.279558181762695,45.12538528442383,92.39410400390625,313.9354248046875,107.12834930419922,28.548856735229492,34.760433197021484,41.16429138183594,110.4200439453125,159.51441955566406
2019-10-29,135.407470703125,58.58188247680664,108.99549865722656,51.63025665283203,107.14905548095703,107.1811752319336,90.51042938232422,67.26380920410156,44.411067962646484,113.64305114746094,27.50589370727539,49.425045013427734,98.21695709228516,50.230743408203125,167.58578491210938,39.40761184692383,35.798099517822266,202.52796936035156,112.6907958984375,152.96107482910156,125.11236572265625,59.36967468261719,344.8537292480469,173.82826232910156,43.97795104980469,75.3936996459961,54.75385284423828,44.532997131347656,163.70562744140625,103.44681549072266,315.82427978515625,108.72449493408203,27.67201042175293,50.18475341796875,44.50773239135742,188.59136962890625,92.28550720214844,38.7022819519043,6.520534515380859,42.471771240234375,21.663856506347656,46.26811599731445,92.91865539550781,314.5151672363281,107.9894027709961,28.79095458984375,34.93718719482422,41.54301452636719,111.61605072021484,160.21377563476562
2019-10-30,137.094970703125,58.57465744018555,112.13570404052734,51.08708572387695,106.55583190917969,108.34317016601562,89.15428924560547,68.1490707397461,44.851768493652344,114.32785034179688,27.70025634765625,49.65312194824219,99.26651000976562,50.276573181152344,171.30081176757812,39.67456817626953,36.08839416503906,204.344482421875,112.3970718383789,154.23312377929688,124.23602294921875,59.94658279418945,342.01727294921875,175.40028381347656,49.02061462402344,75.8996353149414,55.71779251098633,45.41135787963867,162.28916931152344,104.41949462890625,322.2412109375,109.32635498046875,27.283729553222656,49.94748306274414,44.38829040527344,187.005615234375,92.1366195678711,38.51908874511719,6.445065975189209,42.16230392456055,21.760608673095703,44.606689453125,92.89482879638672,320.7752685546875,108.5823974609375,28.530223846435547,34.11234664916992,41.748836517333984,112.44617462158203,159.9468994140625
2019-10-31,135.91941833496094,59.899017333984375,111.46038818359375,50.97393035888672,105.86933898925781,107.97027587890625,88.98570251464844,68.49685668945312,45.25921630859375,114.5533218383789,27.621070861816406,49.59171676635742,98.15087890625,49.94657897949219,171.13552856445312,39.63285446166992,35.83171463012695,202.90859985351562,110.14068603515625,152.5812225341797,121.98744201660156,59.964046478271484,335.9391174316406,177.3715362548828,48.39028549194336,75.53825378417969,55.169342041015625,45.81061935424805,164.14720153808594,105.55892944335938,320.5730895996094,108.59486389160156,26.981718063354492,50.39039993286133,44.04704666137695,184.8999786376953,90.74949645996094,38.34423065185547,6.4828009605407715,41.34713363647461,21.67264747619629,44.73637771606445,91.5357437133789,319.32568359375,107.94068145751953,27.803932189941406,35.38325500488281,41.87234115600586,111.67853546142578,160.24134826660156
2019-11-01,136.25125122070312,61.598995208740234,110.7513198852539,52.505332946777344,108.31011962890625,107.41529083251953,89.03936004638672,67.1373519897461,44.818504333496094,114.3529052734375,27.635461807250977,49.57417297363281,99.47199249267578,50.4140625,168.7342071533203,39.23242950439453,35.94172286987305,205.2959442138672,113.54525756835938,155.5758056640625,127.9097671508789,58.3994026184082,341.1574401855469,181.28079223632812,50.32977294921875,74.67998504638672,55.875701904296875,45.64292526245117,165.11293029785156,104.22496795654297,322.6922607421875,110.31710052490234,27.439037322998047,51.14179229736328,44.51626205444336,188.37474060058594,91.66639709472656,39.410037994384766,6.709208011627197,43.30957794189453,21.980501174926758,46.316734313964844,94.98512268066406,319.00860595703125,107.2583236694336,27.971546173095703,35.711509704589844,42.13578796386719,111.96417236328125,162.05409240722656
2019-11-04,137.03807067871094,62.00351333618164,109.93247985839844,54.06691360473633,109.17457580566406,103.25291442871094,93.14614868164062,66.3153305053711,44.186553955078125,112.87474822998047,27.376323699951172,50.539161682128906,101.04265594482422,50.826541900634766,164.14047241210938,39.60782241821289,35.92643737792969,203.2026824951172,116.75623321533203,159.0032196044922,130.0609130859375,57.175655364990234,346.9884948730469,178.33639526367188,52.99658966064453,74.2824478149414,56.540470123291016,45.227691650390625,168.43341064453125,104.7807846069336,318.7007751464844,110.7615737915039,27.956762313842773,51.576805114746094,44.97695541381836,190.52371215820312,92.88893127441406,40.65904998779297,6.792223930358887,45.02294158935547,21.980501174926758,47.00560760498047,97.77481079101562,308.62664794921875,105.0813217163086,28.3067626953125,36.24174880981445,42.30044174194336,114.32947540283203,164.8054656982422
2019-11-05,136.95274353027344,61.91443634033203,110.09288024902344,55.13813781738281,109.4118881225586,103.10548400878906,93.42963409423828,65.54071807861328,43.58787536621094,111.91436004638672,26.98040008544922,50.48652648925781,101.20413208007812,51.028202056884766,167.20291137695312,39.84140396118164,36.32062911987305,200.8498992919922,117.00322723388672,159.6038818359375,129.57400512695312,57.65639114379883,354.1044006347656,178.89361572265625,53.190528869628906,74.39086151123047,55.9421501159668,45.02808380126953,167.26528930664062,103.05774688720703,317.9773864746094,109.97451782226562,28.31916618347168,51.71916961669922,45.47176742553711,189.45790100097656,93.35913848876953,40.59242630004883,6.807317733764648,46.20039749145508,24.478483200073242,47.41892623901367,96.47933959960938,306.07183837890625,105.9017333984375,28.71025276184082,36.1660041809082,42.47332763671875,115.04353332519531,164.63983154296875
2019-11-06,136.5735321044922,61.94090270996094,110.54873657226562,53.931129455566406,109.58139038085938,104.33688354492188,91.8666000366211,65.80155944824219,43.903846740722656,112.2734603881836,27.0739803314209,50.8084831237793,101.85735321044922,51.055694580078125,168.9430389404297,40.266849517822266,36.51620101928711,202.41555786132812,116.1554183959961,159.71871948242188,128.79502868652344,58.14590835571289,350.05230712890625,179.9915771484375,53.43296432495117,75.0955810546875,58.94203186035156,45.483211517333984,168.44259643554688,105.4384994506836,323.2198486328125,110.8263931274414,28.29327964782715,51.7349853515625,45.89833068847656,189.2672576904297,94.08797454833984,40.43422317504883,6.73184871673584,44.90216827392578,23.748443603515625,46.705753326416016,96.92439270019531,311.6614990234375,106.99837493896484,28.499191284179688,36.09025573730469,43.19782638549805,115.82901763916016,161.92532348632812
2019-11-07,136.7631378173828,62.65578079223633,110.9454574584961,55.07780838012695,110.17464447021484,103.7298583984375,93.39131927490234,65.50910949707031,43.479774475097656,111.33810424804688,26.826866149902344,51.205421447753906,102.25091552734375,51.31235122680664,167.98599243164062,40.3919792175293,36.73926544189453,201.49002075195312,116.5025634765625,158.702880859375,130.14060974121094,58.45185089111328,355.1966857910156,181.31407165527344,54.74211120605469,75.33948516845703,59.648372650146484,45.97830581665039,170.47535705566406,104.46578979492188,322.3346862792969,112.29863739013672,28.672935485839844,50.588138580322266,46.509849548339844,193.48721313476562,94.33875274658203,40.51749038696289,6.709208011627197,44.28325653076172,23.62530517578125,48.25368881225586,98.14838409423828,311.1268615722656,107.0308609008789,28.542652130126953,36.6457405090332,42.794410705566406,115.88256072998047,163.69204711914062
2019-11-08,138.37481689453125,62.8272705078125,112.27076721191406,54.03181457519531,110.4966812133789,103.79923248291016,92.65577697753906,66.0702896118164,43.41324996948242,111.179443359375,26.928607940673828,51.39948654174805,102.1915283203125,51.779823303222656,168.4471435546875,40.7339973449707,36.497867584228516,201.40350341796875,115.5879898071289,160.07208251953125,131.1586456298828,58.24205017089844,348.92401123046875,183.9091339111328,55.85732650756836,75.65570831298828,60.221744537353516,46.32964324951172,173.10598754882812,105.16985321044922,324.9815368652344,112.47456359863281,28.69882583618164,51.71125793457031,46.595970153808594,193.15797424316406,93.7117919921875,40.92549514770508,6.82241153717041,44.713478088378906,23.76603126525879,47.94571304321289,98.79214477539062,317.1786193847656,106.78717041015625,28.809572219848633,36.45215606689453,43.22251510620117,115.52412414550781,164.12454223632812
2019-11-11,138.51699829101562,63.324771881103516,111.40975189208984,53.703514099121094,110.10684967041016,103.4783935546875,92.56383514404297,65.82527160644531,43.10559844970703,110.56143951416016,26.841398239135742,51.47006607055664,100.60231018066406,51.724830627441406,167.60317993164062,40.12503433227539,36.37563705444336,200.5039520263672,113.55862426757812,159.73638916015625,131.01699829101562,58.16339874267578,364.78961181640625,183.5680694580078,55.033042907714844,75.67378997802734,59.60683059692383,46.433448791503906,172.1494140625,104.49362182617188,324.5730285644531,111.94676971435547,28.62978744506836,51.12596893310547,46.552921295166016,189.79583740234375,94.37008666992188,40.87553787231445,6.852599143981934,46.985382080078125,23.405410766601562,47.74311065673828,97.8702163696289,317.0789794921875,106.57598114013672,28.809572219848633,36.6373291015625,43.10725784301758,115.77500915527344,165.44961547851562
2019-11-12,139.42715454101562,63.26681137084961,110.87794494628906,52.96294403076172,109.4627456665039,103.42634582519531,92.67876434326172,66.48925018310547,42.997493743896484,110.21906280517578,26.870468139648438,51.337745666503906,100.69144439697266,51.87148666381836,168.16001892089844,40.35026550292969,36.40007400512695,201.645751953125,114.04590606689453,160.7787628173828,129.54747009277344,58.250797271728516,360.7337341308594,184.07545471191406,55.37245559692383,76.19778442382812,60.122039794921875,46.625083923339844,173.81422424316406,104.83636474609375,328.76025390625,111.93751525878906,28.55213165283203,50.87287139892578,46.6993408203125,190.99163818359375,95.00487518310547,40.80891418457031,6.82241153717041,47.34013748168945,23.748443603515625,47.19200897216797,97.76686096191406,318.61004638671875,106.69781494140625,29.17582893371582,36.393253326416016,43.10725784301758,116.71592712402344,162.31178283691406
2019-11-13,139.65469360351562,63.87303161621094,110.8104248046875,52.52775955200195,108.88643646240234,104.62303924560547,93.69013977050781,67.0425033569336,43.579551696777344,111.31307220458984,26.601545333862305,51.06429672241211,99.86711883544922,51.523170471191406,169.656494140625,40.42533874511719,36.96845626831055,203.09890747070312,113.85236358642578,160.72567749023438,127.9097671508789,58.46057891845703,360.3559875488281,182.71141052246094,54.74211120605469,76.0893783569336,60.512603759765625,46.94449996948242,174.99156188964844,104.48434448242188,329.9432067871094,111.35418701171875,28.29327964782715,50.08983612060547,45.89833068847656,190.047119140625,94.50330352783203,40.29266357421875,6.64883279800415,46.985382080078125,23.80120849609375,46.64901351928711,97.77481079101562,320.44903564453125,107.56700897216797,29.070293426513672,36.039756774902344,43.304847717285156,116.77867889404297,161.6492462158203
2019-11-14,140.36573791503906,63.43103790283203,110.54873657226562,52.298702239990234,108.98815155029297,104.49295806884766,93.44496154785156,66.8290786743164,43.76248550415039,111.34646606445312,26.565202713012695,50.993736267089844,99.51067352294922,51.413169860839844,168.7864227294922,37.46392822265625,36.867610931396484,204.6126251220703,114.10601806640625,159.4828643798828,126.98023986816406,58.250797271728516,365.26678466796875,182.94581604003906,54.74211120605469,75.99903106689453,60.61231994628906,46.720916748046875,174.48570251464844,103.78092193603516,332.04522705078125,111.97455596923828,28.215618133544922,50.46949768066406,46.070587158203125,190.14244079589844,94.75408172607422,40.47585678100586,6.633738040924072,46.75139236450195,23.8100643157959,46.39777755737305,98.61730194091797,322.2337951660156,107.54261016845703,28.946138381958008,36.00607681274414,43.247222900390625,116.26787567138672,160.4622344970703
2019-11-15,142.1764373779297,64.1845703125,113.9084243774414,52.82551956176758,109.77627563476562,104.52763366699219,93.34437561035156,67.10572052001953,43.79574966430664,111.7473373413086,27.095779418945312,51.126041412353516,99.80772399902344,51.71567153930664,168.76034545898438,37.61408996582031,36.32368850708008,205.252685546875,114.74020385742188,161.34715270996094,128.6357421875,58.0147819519043,369.481689453125,184.92181396484375,55.85732650756836,77.43550109863281,61.734169006347656,46.7848014831543,180.28958129882812,105.45796203613281,334.9302978515625,111.81716918945312,28.414077758789062,51.46607208251953,46.33759689331055,190.85301208496094,95.18509674072266,40.792259216308594,6.754489421844482,47.25135803222656,23.668500900268555,47.20820999145508,99.10588836669922,323.1124572753906,106.92527770996094,29.777971267700195,36.08182907104492,43.271915435791016,116.04385375976562,160.55422973632812
2019-11-18,142.5272216796875,64.50819396972656,113.8155517578125,52.31397247314453,110.7000732421875,105.69831848144531,91.72724151611328,66.49711608886719,44.0950927734375,111.95610809326172,27.05217933654785,51.38185119628906,99.74089050292969,51.50483322143555,169.030029296875,37.66413879394531,36.74537658691406,206.60208129882812,113.84567260742188,159.61605834960938,127.113037109375,58.67912673950195,367.2748107910156,184.76275634765625,55.469425201416016,76.12551879882812,62.4072380065918,46.034202575683594,182.46951293945312,106.2778549194336,334.2580261230469,110.79859924316406,28.439966201782227,50.84914016723633,46.509849548339844,190.4024200439453,95.10671997070312,40.8255729675293,6.754489421844482,47.09928512573242,23.898544311523438,45.95204162597656,98.33695983886719,323.1487731933594,107.64823913574219,30.007654190063477,36.05658721923828,43.54360580444336,115.52412414550781,160.9499053955078
2019-11-19,142.57460021972656,64.31256103515625,113.80712890625,51.7795524597168,110.66615295410156,105.29075622558594,90.10237884521484,66.90814208984375,44.13667297363281,112.38204193115234,27.371973037719727,51.47006607055664,99.8968276977539,51.57817840576172,168.29922485351562,37.93109130859375,36.635379791259766,195.36587524414062,113.93912506103516,159.90011596679688,126.7501220703125,58.7053337097168,364.8293762207031,187.9695281982422,55.76034927368164,76.15259552001953,62.6150016784668,45.09993362426758,183.97804260253906,107.23748779296875,332.598388671875,111.11345672607422,28.42270278930664,51.41070556640625,46.535675048828125,190.67105102539062,95.58478546142578,41.07537841796875,6.71675443649292,46.7266845703125,23.77467155456543,46.33293533325195,96.55075073242188,320.2860107421875,107.9894027709961,29.13237762451172,36.25858688354492,43.56006622314453,115.40764617919922,159.79051208496094
2019-11-20,142.32730102539062,63.56387710571289,114.75255584716797,51.939857482910156,109.86103820800781,106.04518127441406,90.79100799560547,67.39818572998047,44.25308609008789,111.68885040283203,26.928607940673828,51.0731201171875,98.91658020019531,51.5506706237793,168.8995361328125,37.605751037597656,36.40313720703125,191.0755615234375,111.99652862548828,157.3257293701172,125.28060913085938,58.74906539916992,368.71624755859375,188.81515502929688,55.22698974609375,75.79121398925781,62.257659912109375,45.04404830932617,183.8768310546875,106.78096771240234,334.2069091796875,110.46528625488281,28.206989288330078,51.3157958984375,46.1136589050293,188.82534790039062,94.76974487304688,40.88385772705078,6.5884575843811035,46.643043518066406,23.526927947998047,48.10780715942383,95.32526397705078,319.79681396484375,109.33788299560547,30.075929641723633,36.063419342041016,43.77412033081055,113.35557556152344,158.33657836914062
2019-11-21,142.19407653808594,63.27890396118164,115.17459106445312,53.191986083984375,110.11529541015625,104.35421752929688,91.89746856689453,67.5483627319336,44.036888122558594,111.83084106445312,27.430118560791016,51.355384826660156,99.39183807373047,51.541507720947266,167.35089111328125,37.40553665161133,36.62621307373047,189.03421020507812,111.19525146484375,156.71315002441406,126.9094467163086,58.34695816040039,364.2726745605469,190.74929809570312,55.90580749511719,75.60150146484375,62.2743034362793,45.395381927490234,185.07254028320312,106.9113998413086,332.13037109375,110.00231170654297,28.3364200592041,51.98809051513672,46.130882263183594,189.1026153564453,94.06443786621094,40.66737365722656,6.573362350463867,46.095550537109375,23.624250411987305,48.79667663574219,95.73373413085938,315.4664306640625,108.33058166503906,30.30561637878418,36.334957122802734,43.090797424316406,112.62077331542969,161.9805145263672
2019-11-22,142.29873657226562,63.22334289550781,116.5505599975586,52.96294403076172,110.8441390991211,104.31086730957031,91.78914642333984,67.54047393798828,44.0950927734375,111.9644775390625,27.858943939208984,50.81731033325195,99.7631607055664,51.68817138671875,168.03819274902344,37.413875579833984,36.47343063354492,188.59304809570312,112.8516616821289,156.9439697265625,127.36975860595703,58.311988830566406,369.1437072753906,193.19415283203125,56.00278091430664,75.65570831298828,62.58176040649414,45.07597732543945,185.66122436523438,108.26235961914062,332.5388488769531,110.24307250976562,28.62978744506836,51.61634826660156,46.75101089477539,190.8789825439453,94.84028625488281,41.008766174316406,6.709208011627197,46.08033752441406,23.933937072753906,48.54544448852539,95.57354736328125,316.31793212890625,108.46868896484375,30.417348861694336,36.250099182128906,43.378944396972656,112.37882995605469,161.3824005126953
2019-11-25,143.8588104248047,64.3318862915039,116.60157012939453,52.61172866821289,111.43739318847656,104.50164031982422,91.59571838378906,67.7380599975586,44.25308609008789,111.76405334472656,28.113323211669922,51.875823974609375,100.97360229492188,51.843994140625,166.95065307617188,37.91440200805664,36.33896255493164,188.91310119628906,114.62931060791016,156.69541931152344,129.61830139160156,58.547996520996094,370.9231262207031,196.3758087158203,56.14823913574219,76.33328247070312,63.63713455200195,44.85239028930664,187.5192413330078,109.4455795288086,331.8921203613281,111.66899871826172,28.880023956298828,53.16657638549805,46.69071578979492,193.0193328857422,96.06281280517578,41.59996032714844,6.792223930358887,46.133575439453125,23.889694213867188,49.477455139160156,96.35852813720703,316.8525390625,108.32246398925781,30.578746795654297,36.55558395385742,43.40364074707031,114.51151275634766,162.5142364501953
2019-11-26,144.61981201171875,63.829551696777344,116.59307861328125,52.48194122314453,111.58995056152344,106.01917266845703,91.13919830322266,69.03433990478516,44.818504333496094,113.32569885253906,27.82986831665039,51.95521545410156,100.32012939453125,51.79815673828125,168.79513549804688,37.7976188659668,36.421478271484375,190.9544677734375,113.94920349121094,158.47975158691406,129.32618713378906,59.25603103637695,371.3008728027344,196.25022888183594,55.033042907714844,77.17353057861328,62.2743034362793,45.299564361572266,184.2999267578125,109.09154510498047,334.03668212890625,110.91897583007812,28.77646827697754,53.21403503417969,46.34619903564453,192.7593536376953,96.25874328613281,41.14198303222656,6.799770832061768,45.34276580810547,23.925090789794922,48.715641021728516,97.07940673828125,320.56689453125,109.31346893310547,30.553913116455078,36.27555465698242,43.88114547729492,116.2320327758789,162.551025390625
2019-11-27,144.8956756591797,64.68692016601562,117.08607482910156,52.45140075683594,111.92047882080078,105.58558654785156,91.35584259033203,69.24774932861328,44.86008071899414,113.50109100341797,28.07698631286621,51.61118698120117,99.33988189697266,51.889827728271484,170.7875518798828,37.73921585083008,36.290069580078125,192.8920135498047,114.87841033935547,159.27871704101562,128.9720916748047,59.15988540649414,365.8234558105469,196.3758087158203,54.74211120605469,77.17353057861328,62.357383728027344,45.99427032470703,183.98721313476562,109.41764068603516,335.5175476074219,111.41899108886719,28.836877822875977,53.087493896484375,46.80268859863281,193.19261169433594,96.9483642578125,41.450069427490234,6.867692947387695,45.70775604248047,24.093198776245117,48.90203094482422,96.01410675048828,319.6880798339844,110.6863021850586,30.882917404174805,36.43678283691406,44.02933883666992,115.76606750488281,155.56680297851562
2019-11-29,144.0015106201172,64.54441833496094,116.86505889892578,52.01621627807617,111.66622161865234,105.8457260131836,90.62853240966797,68.9078598022461,44.73442840576172,113.43428039550781,27.997039794921875,51.205421447753906,99.84485626220703,51.45899963378906,170.2884063720703,37.7976188659668,36.390907287597656,190.73825073242188,114.31281280517578,158.50640869140625,128.12225341796875,59.28225326538086,364.01422119140625,196.5265350341797,54.64514923095703,77.20062255859375,62.548526763916016,45.46725845336914,183.88600158691406,109.33378601074219,334.823974609375,111.22455596923828,28.750587463378906,53.1823844909668,46.906044006347656,192.88763427734375,96.83081817626953,41.200279235839844,6.837506294250488,45.319942474365234,24.190532684326172,48.577857971191406,95.90196228027344,319.8789978027344,110.75123596191406,30.851884841918945,36.42829895019531,43.897613525390625,115.4524154663086,154.63746643066406
2019-12-02,142.2606658935547,63.798152923583984,116.75457000732422,52.237632751464844,111.42044830322266,106.4180679321289,90.3731918334961,68.79720306396484,45.02762985229492,113.47602844238281,27.82986831665039,50.86143112182617,98.70121765136719,50.80821228027344,170.90133666992188,37.28874969482422,36.448978424072266,188.23843383789062,113.30278778076172,154.751220703125,126.55537414550781,59.063724517822266,353.07928466796875,195.48829650878906,54.11177444458008,76.35135650634766,62.78120422363281,45.84255599975586,181.14503479003906,108.76547241210938,328.4790344238281,108.57636260986328,28.84550666809082,52.29655075073242,46.182552337646484,189.65469360351562,95.81204223632812,40.86720657348633,6.799770832061768,45.069007873535156,24.544450759887695,48.926353454589844,94.69245910644531,310.749267578125,110.71880340576172,31.41056251525879,36.7337646484375,44.02933883666992,115.14776611328125,152.09771728515625
2019-12-03,142.03236389160156,62.66061782836914,116.58457946777344,51.82535171508789,109.98816680908203,106.61750030517578,89.66909790039062,69.06595611572266,45.06951904296875,113.12528228759766,27.65542984008789,49.45888900756836,98.11454010009766,50.03825378417969,169.09754943847656,36.938385009765625,36.26258087158203,185.10719299316406,111.21543884277344,153.17994689941406,123.9881362915039,58.827720642089844,349.99761962890625,194.89382934570312,53.28749084472656,76.21586608886719,62.08315658569336,46.114044189453125,179.66415405273438,109.57601928710938,326.7665710449219,107.93742370605469,28.3364200592041,52.25701141357422,45.28681182861328,184.94903564453125,94.66004180908203,40.05952072143555,6.709208011627197,44.85610580444336,24.234766006469727,47.726898193359375,93.6592025756836,312.0405578613281,110.49945068359375,31.10019302368164,36.4198112487793,44.169288635253906,114.66386413574219,150.45053100585938
2019-12-04,142.54608154296875,63.213687896728516,118.4715805053711,52.41324234008789,112.15777587890625,107.98761749267578,90.48151397705078,70.08558654785156,45.47999572753906,114.66189575195312,27.720840454101562,49.4147834777832,98.01800537109375,49.873260498046875,170.13954162597656,36.61305236816406,36.26868438720703,186.3781280517578,112.54194641113281,153.765869140625,124.0412368774414,59.50954055786133,346.7767639160156,195.82318115234375,52.85111618041992,76.95667266845703,62.324153900146484,47.03232955932617,180.96107482910156,110.56360626220703,329.301025390625,109.20599365234375,28.603906631469727,52.79484558105469,45.85527038574219,188.17327880859375,95.38887023925781,40.66737365722656,6.754489421844482,44.795265197753906,24.455970764160156,49.137062072753906,93.29076385498047,312.0950927734375,111.68543243408203,31.106401443481445,36.42829895019531,43.88114547729492,115.68544006347656,152.0792999267578
2019-12-05,142.6221466064453,64.1410903930664,118.62454986572266,52.2299919128418,112.76795959472656,108.06566619873047,90.0095443725586,70.14879608154297,45.396240234375,114.65766906738281,27.640897750854492,49.46772003173828,97.9586181640625,50.120750427246094,170.052001953125,36.304386138916016,36.422142028808594,185.42056274414062,110.67675018310547,154.47605895996094,124.86454010009766,59.28225326538086,343.6354675292969,195.42971801757812,52.3177490234375,77.01089477539062,61.89204788208008,47.49547576904297,179.90328979492188,111.58849334716797,330.465576171875,109.52080535888672,28.708011627197266,52.146270751953125,45.846656799316406,189.21897888183594,96.39196014404297,40.858882904052734,6.739396095275879,44.939735412597656,23.712738037109375,48.496822357177734,92.12132263183594,313.1863098144531,111.73455810546875,31.143640518188477,36.6149787902832,44.375118255615234,117.50448608398438,151.44432067871094
2019-12-06,144.35345458984375,65.38005828857422,119.32157135009766,53.06982421875,114.4460220336914,107.69280242919922,91.3094253540039,70.22784423828125,45.58891296386719,115.51548767089844,27.82986831665039,50.111637115478516,98.93144226074219,50.25823974609375,171.05020141601562,36.571346282958984,36.76592254638672,186.53480529785156,115.4574966430664,155.7632598876953,126.34288024902344,59.64937973022461,351.9957275390625,195.7311248779297,53.820865631103516,77.22772979736328,62.62331008911133,47.87077331542969,182.97543334960938,111.46734619140625,331.25341796875,111.67827606201172,29.211204528808594,53.055843353271484,46.82852554321289,195.7284393310547,97.09725952148438,41.46672821044922,6.807317733764648,44.58235168457031,24.323246002197266,50.22306442260742,94.1397933959961,313.504638671875,112.11103057861328,31.29262351989746,37.25988006591797,43.88937759399414,118.76798248291016,152.02406311035156
2019-12-09,143.9824676513672,64.46472930908203,119.42353057861328,53.18435287475586,113.91207885742188,108.28243255615234,90.76007080078125,70.1250991821289,45.29570388793945,115.34728240966797,27.851673126220703,49.864654541015625,99.45125579833984,50.698219299316406,170.46351623535156,36.62138366699219,36.63702392578125,188.4934844970703,114.35317993164062,154.9021453857422,126.4402847290039,59.964046478271484,349.13275146484375,194.93569946289062,53.28749084472656,75.77316284179688,62.31584930419922,48.93278503417969,180.2344207763672,112.0263671875,328.2393798828125,111.53939056396484,29.0723934173584,52.93721008300781,46.44094467163086,193.28848266601562,97.56747436523438,41.300193786621094,6.799770832061768,44.6431884765625,24.632932662963867,50.10959243774414,94.6283950805664,311.94952392578125,112.11103057861328,31.367115020751953,37.39563751220703,43.76588439941406,119.16223907470703,154.49940490722656
2019-12-10,143.76368713378906,64.84149169921875,118.99004364013672,52.726261138916016,113.98834991455078,107.76215362548828,91.2165756225586,70.42545318603516,45.04438781738281,114.59883117675781,27.967960357666016,49.917579650878906,99.4438247680664,51.165687561035156,170.69993591308594,36.78822326660156,36.569496154785156,187.94505310058594,112.89205932617188,154.50267028808594,126.4756851196289,59.37840270996094,345.84234619140625,195.78970336914062,53.38447189331055,76.39655303955078,60.811767578125,49.57958221435547,176.33447265625,112.40837860107422,329.18121337890625,111.94676971435547,29.089740753173828,53.055843353271484,46.24284744262695,193.3494873046875,95.882568359375,41.35847854614258,6.845050811767578,44.41505813598633,24.65947151184082,50.05286407470703,94.94878387451172,313.2499694824219,111.40715789794922,31.06915283203125,37.33625030517578,43.83175277709961,118.70524597167969,156.33981323242188
2019-12-11,144.30589294433594,65.39453887939453,119.83152770996094,52.64992141723633,113.71717071533203,108.10035705566406,89.93215942382812,70.33060455322266,45.19517517089844,115.29683685302734,27.778993606567383,50.340980529785156,99.33243560791016,51.614837646484375,170.49855041503906,36.938385009765625,36.526512145996094,184.550048828125,113.6192626953125,156.25148010253906,127.4759750366211,58.967567443847656,347.929931640625,195.9320526123047,53.190528869628906,76.71275329589844,60.953033447265625,49.835113525390625,176.37124633789062,112.52947235107422,330.722412109375,111.70604705810547,29.185178756713867,53.60950469970703,45.79497146606445,192.7482147216797,96.87003326416016,41.17530059814453,6.875239849090576,44.11090087890625,24.79219627380371,49.988037109375,93.54706573486328,317.0964050292969,112.04554748535156,31.224340438842773,37.53140640258789,42.465091705322266,118.56188201904297,156.15573120117188
2019-12-12,145.77084350585938,65.56119537353516,120.13752746582031,53.703514099121094,116.97154998779297,108.02230834960938,91.92841339111328,70.79696655273438,45.35434341430664,115.36407470703125,28.011573791503906,50.76438903808594,100.49092864990234,51.76150131225586,171.89076232910156,38.09791564941406,36.759788513183594,184.5848388671875,113.4980697631836,157.47659301757812,129.93701171875,58.76652908325195,344.24188232421875,197.58987426757812,55.469425201416016,77.67042541503906,61.7092399597168,51.05683135986328,178.0360870361328,113.38663482666016,328.8472900390625,113.55795288085938,30.08745574951172,53.99271011352539,46.819908142089844,196.98329162597656,98.23359680175781,42.20779800415039,7.033725738525391,44.544334411621094,24.95146369934082,50.72553253173828,93.67523193359375,314.54119873046875,111.24349975585938,30.99465560913086,38.10842514038086,42.53095626831055,119.86116790771484,159.9468994140625
2019-12-13,146.99798583984375,66.45236206054688,120.17151641845703,52.85605239868164,115.94609069824219,108.8027572631836,91.2707290649414,70.97998046875,45.58891296386719,116.00324249267578,27.858943939208984,50.97608947753906,99.66661834716797,49.96493148803711,172.6000213623047,37.78926467895508,36.9224853515625,186.3607635498047,113.65292358398438,157.1126251220703,128.83045959472656,60.042720794677734,339.6492004394531,198.21786499023438,54.98454666137695,78.01373291015625,61.15245056152344,50.96101379394531,174.6420440673828,113.22825622558594,330.9194030761719,115.48388671875,29.879236221313477,52.507774353027344,46.3289909362793,196.068359375,97.15342712402344,41.83310317993164,6.9658026695251465,44.01205825805664,24.8541316986084,50.81468200683594,95.01286315917969,313.4046325683594,111.25985717773438,31.137435913085938,38.35449981689453,42.48155975341797,119.18914031982422,158.73223876953125
2019-12-16,147.94924926757812,67.58989715576172,120.51998901367188,53.443931579589844,116.39524841308594,108.88079071044922,92.3539810180664,71.05955505371094,45.58891296386719,115.2632064819336,28.447662353515625,50.89670181274414,99.60720825195312,49.48828125,173.26548767089844,38.35653305053711,36.99922180175781,187.6229705810547,114.97269439697266,156.59776306152344,128.679931640625,60.2000732421875,325.0659484863281,203.62669372558594,54.16025924682617,78.05892181396484,61.8255615234375,50.70549392700195,179.4801788330078,114.45806884765625,330.47412109375,114.52091979980469,30.104814529418945,52.78718948364258,46.6993408203125,198.7174072265625,97.16918182373047,42.23277282714844,7.08655309677124,43.95121383666992,25.04878807067871,50.91193771362305,95.41336059570312,313.4408874511719,111.16165924072266,31.41056251525879,39.01636505126953,43.123722076416016,119.40422058105469,159.05433654785156
2019-12-17,147.1501922607422,67.72273254394531,122.02446746826172,53.19962692260742,117.10713958740234,108.66400909423828,91.76594543457031,70.8447036743164,45.58891296386719,114.51473236083984,28.273229598999023,50.543861389160156,99.67403411865234,48.434165954589844,172.07464599609375,38.74024963378906,37.22635269165039,189.52940368652344,114.42054748535156,156.864013671875,129.57400512695312,59.29973220825195,325.0659484863281,203.32525634765625,53.820865631103516,78.65519714355469,60.953033447265625,51.19258499145508,177.99932861328125,116.76866912841797,331.279052734375,115.69686126708984,30.399789810180664,52.85106658935547,46.80268859863281,201.42750549316406,96.9957046508789,42.38266372680664,7.08655309677124,43.411338806152344,25.393861770629883,51.4792366027832,96.35051727294922,314.48663330078125,110.66239166259766,31.55333709716797,39.2115364074707,42.950836181640625,119.26976776123047,159.96530151367188
2019-12-18,146.8457489013672,67.5609359741211,121.71002197265625,53.34468078613281,116.9885025024414,107.53668212890625,91.72724151611328,71.32219696044922,45.16167449951172,114.34652709960938,28.265958786010742,50.42919158935547,99.81513214111328,48.938316345214844,171.29534912109375,38.90709686279297,36.790496826171875,189.7731475830078,113.8145523071289,155.0353240966797,130.23802185058594,59.67561721801758,328.72418212890625,202.57167053222656,53.14202880859375,78.53775024414062,60.89484786987305,50.4260139465332,182.30398559570312,120.63517761230469,325.86749267578125,115.0579605102539,30.460519790649414,52.4359130859375,46.22562789916992,200.81753540039062,96.50688934326172,42.18281555175781,7.1997575759887695,43.4949836730957,25.066486358642578,51.21990203857422,94.47618103027344,307.9939880371094,110.64601135253906,31.882349014282227,38.44784164428711,43.782352447509766,117.97045135498047,158.83348083496094
2019-12-19,148.12039184570312,67.62855529785156,123.54603576660156,52.97821807861328,116.40371704101562,108.32582092285156,91.40227508544922,71.61666870117188,45.505126953125,114.76703643798828,28.324106216430664,51.126041412353516,99.9265365600586,48.800811767578125,172.54745483398438,39.94150924682617,36.85801315307617,191.70565795898438,115.91537475585938,156.68650817871094,128.3789825439453,59.73679733276367,331.5274963378906,202.48793029785156,53.52993392944336,78.91718292236328,61.57626724243164,50.18645095825195,182.7822723388672,121.91159057617188,328.0765686035156,115.58575439453125,30.321697235107422,52.12456512451172,46.1911735534668,200.3731231689453,96.60150909423828,42.3493537902832,7.101647853851318,43.9131965637207,25.44694709777832,51.2118034362793,94.96479797363281,311.18572998046875,111.91463470458984,31.528514862060547,38.72786331176758,43.7988166809082,118.66041564941406,158.97149658203125
2019-12-20,149.73760986328125,67.48844909667969,124.14946746826172,53.39812469482422,116.31050109863281,108.70736694335938,92.60157012939453,72.88200378417969,46.049659729003906,115.9864273071289,28.513084411621094,51.99931335449219,100.69144439697266,49.13080978393555,172.61753845214844,39.582794189453125,36.9224853515625,192.5500946044922,118.08352661132812,156.6066436767578,130.63633728027344,60.182594299316406,326.0600280761719,203.50946044921875,53.529937744140625,78.29381561279297,61.97512435913086,50.71347427368164,188.18148803710938,123.3836669921875,330.9194030761719,116.45613098144531,30.33037567138672,53.369991302490234,45.93280029296875,199.4929656982422,96.61726379394531,42.20779800415039,7.15447473526001,44.39985275268555,25.65930938720703,51.64134216308594,94.03565216064453,314.55023193359375,112.95402526855469,31.739572525024414,38.85515213012695,43.864688873291016,118.70524597167969,160.71066284179688
2019-12-23,149.73760986328125,68.58975982666016,124.47247314453125,53.665348052978516,116.276611328125,108.30846405029297,93.10452270507812,73.00934600830078,45.999393463134766,115.24639129638672,28.5784912109375,52.24629592895508,100.66172790527344,49.231632232666016,171.79444885253906,40.12503433227539,36.53572082519531,190.8264923095703,120.1708755493164,156.62437438964844,131.45962524414062,60.0689697265625,335.5535583496094,203.4843292236328,54.16083526611328,78.91718292236328,61.80894470214844,50.47391891479492,189.91070556640625,122.19112396240234,335.56890869140625,115.27094268798828,30.512561798095703,53.29016876220703,46.34619903564453,199.63238525390625,95.89188385009766,42.23277282714844,7.124288082122803,44.5367317199707,25.56197166442871,52.354515075683594,95.26918029785156,316.55999755859375,112.10287475585938,32.000301361083984,39.05031967163086,43.40364074707031,119.18914031982422,161.07879638671875
2019-12-24,149.70904541015625,68.65496826171875,124.03900909423828,53.45920944213867,116.59864807128906,108.58596801757812,93.11222839355469,72.77059173583984,45.831844329833984,115.12022399902344,28.55667495727539,52.40507888793945,100.23844146728516,48.98413848876953,172.20599365234375,39.858089447021484,36.683067321777344,192.09744262695312,118.9655990600586,156.5178680419922,130.55667114257812,59.920345306396484,331.03045654296875,202.89822387695312,54.30643844604492,78.85395050048828,61.91698455810547,50.43400192260742,187.64801025390625,122.1538314819336,334.0875549316406,115.5024185180664,30.55594253540039,53.26620864868164,46.35481262207031,200.3470001220703,96.34921264648438,42.20779800415039,7.146928787231445,44.36943435668945,25.747783660888672,52.4112434387207,94.78058624267578,315.6141662597656,112.3156509399414,31.728939056396484,39.101234436035156,43.61770248413086,119.66407775878906,160.57266235351562
2019-12-26,150.93621826171875,70.0171127319336,123.9539566040039,53.54318618774414,117.83598327636719,108.58596801757812,93.31340789794922,72.69103240966797,46.091548919677734,114.95203399658203,28.62210464477539,52.76673889160156,100.18644714355469,49.103302001953125,172.54745483398438,39.916481018066406,36.68613052368164,192.22802734375,118.90497589111328,157.02389526367188,131.21176147460938,59.94658279418945,327.96868896484375,202.5381622314453,54.500553131103516,78.85395050048828,61.89204788208008,51.07279968261719,187.9883575439453,122.18179321289062,335.9114074707031,116.122802734375,30.816213607788086,53.00273513793945,46.63904571533203,201.4798126220703,96.8774642944336,42.55752182006836,7.131834983825684,44.78766632080078,25.56197166442871,52.6786994934082,95.34927368164062,316.4144592285156,112.3156509399414,31.804672241210938,39.20305633544922,43.15665817260742,119.50276947021484,160.8486785888672
2019-12-27,151.21205139160156,69.99053955078125,123.88597869873047,53.35995101928711,117.92074584960938,109.34039306640625,93.08129119873047,72.81836700439453,46.36799240112305,115.66683959960938,28.5784912109375,52.99607849121094,100.45380401611328,49.00246810913086,173.51942443847656,39.84975051879883,36.70762634277344,191.4880828857422,119.35612487792969,156.66876220703125,131.26490783691406,60.471046447753906,328.1874084472656,202.2283935546875,54.257904052734375,78.96239471435547,61.8255615234375,51.2165412902832,187.6387939453125,122.53583526611328,337.02459716796875,115.91910552978516,30.668731689453125,52.65147018432617,46.44094467163086,201.0005340576172,96.83805084228516,42.54086685180664,7.063913822174072,44.87891387939453,25.44694709777832,52.662498474121094,95.26918029785156,315.0322570800781,113.0031509399414,31.804672241210938,39.28791427612305,43.79058074951172,119.45794677734375,161.778076171875
2019-12-30,149.9087677001953,70.40594482421875,123.50350189208984,53.04692077636719,117.48848724365234,107.93559265136719,92.7331314086914,72.44432067871094,46.30097198486328,115.05293273925781,28.280494689941406,52.59031295776367,98.62696838378906,48.30583572387695,172.41616821289062,39.69959259033203,36.649295806884766,189.1724853515625,118.39321899414062,156.6155242919922,130.59207153320312,60.13014602661133,324.4695129394531,201.1734161376953,53.77259826660156,78.4202880859375,61.24386978149414,50.88914108276367,186.69143676757812,122.33085632324219,335.56890869140625,115.09501647949219,30.495222091674805,51.8371467590332,46.16533660888672,200.25115966796875,96.04168701171875,42.432621002197266,6.980896949768066,44.795265197753906,25.712392807006836,52.36262130737305,93.26673126220703,317.4237976074219,112.03739929199219,31.482831954956055,39.135169982910156,43.42011642456055,119.10848999023438,160.95556640625
2019-12-31,150.013427734375,70.92037200927734,123.98798370361328,53.275962829589844,118.14109802246094,108.30846405029297,93.2437973022461,72.38064575195312,46.36799240112305,114.9352035522461,28.47673988342285,52.7932014465332,99.54035186767578,48.5624885559082,173.02903747558594,40.008235931396484,36.47740173339844,190.10394287109375,118.79049682617188,157.13040161132812,130.7337188720703,60.17384338378906,323.83331298828125,201.84327697753906,54.16083526611328,78.47449493408203,61.734169006347656,51.2564697265625,188.08946228027344,122.45197296142578,333.4111633300781,115.27094268798828,30.55594253540039,51.8770751953125,46.33759689331055,200.3643798828125,96.06533813476562,42.56584167480469,7.018631935119629,44.83328628540039,25.650453567504883,52.70301055908203,93.76333618164062,312.7862548828125,112.57757568359375,31.495460510253906,39.33033752441406,44.09520721435547,119.6192626953125,160.123779296875
2020-01-02,152.79115295410156,72.53850555419922,124.072998046875,54.13107681274414,119.5733413696289,107.01640319824219,93.95561981201172,73.24810791015625,46.06640625,114.22041320800781,28.447662353515625,53.666465759277344,100.56517791748047,49.45161819458008,175.81350708007812,40.68891525268555,36.50811004638672,191.2182159423828,121.20108032226562,160.4949188232422,133.25669860839844,59.54449462890625,331.34857177734375,201.03109741210938,57.89773941040039,78.5558090209961,61.626136779785156,50.9348030090332,188.5033416748047,123.17870330810547,341.9651794433594,116.93412017822266,30.92032241821289,52.076663970947266,46.294525146484375,204.1898956298828,98.68303680419922,43.33189392089844,7.109193801879883,44.924537658691406,25.358470916748047,53.05149459838867,93.54706573486328,323.4527587890625,111.16980743408203,31.078964233398438,39.126686096191406,42.91791534423828,117.92562866210938,163.45086669921875
2020-01-03,150.8886260986328,71.83328247070312,122.6364974975586,53.695892333984375,117.99542999267578,106.29666137695312,93.63065338134766,72.61939239501953,45.81509780883789,114.06059265136719,28.295032501220703,53.01372146606445,99.7631607055664,49.2774543762207,175.1918182373047,40.02504348754883,36.18581008911133,190.58270263671875,120.15739440917969,158.7815704345703,131.40650939941406,59.45708465576172,330.7919006347656,199.6663055419922,58.09187316894531,77.59814453125,61.13583755493164,50.48447799682617,186.8845672607422,122.7687759399414,354.2696228027344,115.77267456054688,30.2783260345459,51.94892501831055,46.010292053222656,201.80221557617188,98.3597640991211,42.63245391845703,6.950708389282227,44.924537658691406,25.393861770629883,53.24598693847656,93.49099731445312,341.0121765136719,111.1370849609375,31.318763732910156,39.05031967163086,42.761478424072266,116.214111328125,162.24017333984375
2020-01-06,151.2786102294922,72.40567779541016,122.4835205078125,54.10816955566406,117.90160369873047,106.44408416748047,93.31340789794922,72.92977142333984,45.79833984375,114.49791717529297,28.258695602416992,52.863773345947266,99.58493041992188,49.53411102294922,177.16195678710938,40.16791534423828,36.11214828491211,191.4793701171875,120.27184295654297,157.58309936523438,131.31797790527344,59.86790084838867,331.7660827636719,201.19851684570312,58.916900634765625,78.00469970703125,61.37681198120117,50.64530944824219,190.32460021972656,123.22530364990234,353.7301940917969,115.27093505859375,30.23494529724121,52.411964416503906,45.73468017578125,203.86744689941406,98.96684265136719,42.48258590698242,6.912975311279297,45.31234359741211,25.482341766357422,53.87815856933594,93.07447052001953,341.7577819824219,111.38260650634766,31.444969177246094,38.744834899902344,43.2966194152832,115.67645263671875,163.4046173095703
2020-01-07,149.89930725097656,72.06513977050781,123.23149108886719,53.665348052978516,115.89720916748047,105.78501892089844,92.12186431884766,70.9879379272461,45.44648742675781,112.6982192993164,28.164196014404297,51.9816780090332,99.65176391601562,49.64411163330078,177.4246368408203,39.90740203857422,35.77756881713867,190.22584533691406,119.78706359863281,157.67193603515625,129.58291625976562,59.04624938964844,335.28515625,199.3062744140625,58.48011779785156,77.571044921875,61.14414978027344,51.40925598144531,191.2535858154297,123.45819091796875,354.92047119140625,114.66699981689453,30.035400390625,51.98884201049805,45.35572814941406,205.20947265625,99.361083984375,42.39931106567383,6.980896949768066,45.08422088623047,25.29653549194336,53.87815856933594,92.91429138183594,340.97576904296875,111.28438568115234,31.28090476989746,38.27812957763672,43.00022888183594,114.77140808105469,160.5673828125
2020-01-08,152.28695678710938,73.22441101074219,123.2144775390625,52.85605239868164,116.80130004882812,106.23595428466797,91.0695571899414,70.51043701171875,45.530269622802734,113.27851867675781,28.38951873779297,52.0169563293457,100.48350524902344,49.83745193481445,180.296630859375,39.932613372802734,35.654788970947266,193.0724334716797,121.62522888183594,157.80503845214844,130.7337188720703,60.54971694946289,329.41009521484375,199.45701599121094,57.94628143310547,77.88723754882812,60.37965774536133,51.35295867919922,194.4545135498047,124.57626342773438,351.9491882324219,116.64608764648438,30.33905792236328,52.53171920776367,45.49352264404297,207.18751525878906,100.30724334716797,42.940547943115234,6.980896949768066,42.45322799682617,25.1461181640625,52.63006591796875,93.44292449951172,336.7200622558594,112.36475372314453,31.602745056152344,37.853858947753906,43.61770248413086,115.06710815429688,162.5635986328125
2020-01-09,154.18948364257812,74.77974700927734,123.57996368408203,53.26069641113281,117.22779846191406,107.39794158935547,90.92256927490234,71.13121032714844,46.35961151123047,113.35417938232422,28.265958786010742,52.308040618896484,101.54545593261719,50.06763458251953,182.43310546875,39.764549255371094,36.023128509521484,196.0321807861328,122.00907135009766,158.968017578125,130.40621948242188,61.065433502197266,334.3507080078125,200.05145263671875,57.80068588256836,78.09503936767578,60.545841217041016,52.63157272338867,193.9394073486328,126.63528442382812,355.2886047363281,118.7552490234375,30.3911075592041,52.56365203857422,45.416011810302734,211.40521240234375,101.14300537109375,43.34855270385742,6.988442897796631,41.57876205444336,25.163816452026367,53.545867919921875,93.6592025756836,338.6024169921875,114.14080810546875,31.911941528320312,37.46351623535156,43.52628707885742,115.2911605834961,164.134765625
2020-01-10,153.4760284423828,74.94879913330078,123.29950714111328,52.78733825683594,116.05924224853516,107.50201416015625,90.09464263916016,71.25055694580078,46.51878356933594,113.13556671142578,28.702056884765625,51.99049758911133,101.50831604003906,50.132083892822266,181.4874267578125,39.60488510131836,35.72231674194336,195.18777465820312,121.51753234863281,158.62179565429688,129.3616180419922,61.31893539428711,327.96868896484375,199.49050903320312,56.635929107666016,77.11932373046875,59.9225959777832,52.454654693603516,193.4151153564453,128.57318115234375,354.3466796875,118.26280212402344,30.139516830444336,51.9169921875,45.2179069519043,210.97821044921875,100.49647521972656,43.47344207763672,6.980896949768066,41.22898864746094,25.093027114868164,53.01907730102539,92.81014251708984,340.4483337402344,114.77100372314453,31.691078186035156,37.29381561279297,43.41826629638672,114.78034210205078,160.28086853027344
2020-01-13,155.3214569091797,76.55003356933594,123.84346771240234,53.291236877441406,117.02308654785156,108.29113006591797,90.26488494873047,71.2346420288086,47.02141189575195,114.81746673583984,28.64390754699707,52.56385803222656,101.44145965576172,50.25177001953125,180.82199096679688,40.310768127441406,35.568851470947266,194.42172241210938,121.8205795288086,160.92103576660156,129.97247314453125,61.310184478759766,328.26690673828125,198.36854553222656,58.81984329223633,76.9024887084961,60.46271896362305,53.19445037841797,187.18809509277344,129.44895935058594,358.79071044921875,119.43354034423828,30.417142868041992,51.342166900634766,44.88200378417969,213.67958068847656,103.31124877929688,43.94806671142578,6.9733500480651855,41.10731506347656,25.1461181640625,52.7840576171875,93.51502990722656,342.6671447753906,115.3193588256836,32.031837463378906,37.69264221191406,44.091346740722656,115.79293060302734,161.49159240722656
2020-01-14,154.22747802734375,75.51637268066406,124.54048919677734,52.83314895629883,118.3877944946289,108.12638854980469,89.98634338378906,71.56890869140625,46.91251754760742,115.08659362792969,29.123613357543945,52.42271423339844,100.86222839355469,50.52797317504883,181.53125,40.15950393676758,35.66093063354492,193.96035766601562,122.12353515625,160.19309997558594,129.8484649658203,61.441314697265625,330.3843078613281,200.9473876953125,58.3830680847168,77.79161834716797,61.35190963745117,53.42767333984375,188.7333526611328,131.04214477539062,356.3246765136719,119.67511749267578,30.642711639404297,51.25436019897461,42.46177291870117,214.07174682617188,102.28624725341797,44.01468276977539,7.011083126068115,41.533138275146484,25.51773452758789,52.79216766357422,93.9315414428711,340.7029113769531,115.39303588867188,32.10125732421875,37.7605094909668,44.04148864746094,116.42916107177734,160.50270080566406
2020-01-15,155.22634887695312,75.19274139404297,124.95697021484375,52.74916076660156,116.61369323730469,109.2276611328125,89.85478973388672,72.85015869140625,47.49891662597656,117.0628662109375,29.559703826904297,51.99049758911133,101.45633697509766,50.417476654052734,183.6764373779297,40.34437942504883,35.38468551635742,195.50987243652344,121.05292510986328,160.441650390625,128.86585998535156,61.88711929321289,327.8493957519531,202.37074279785156,57.60655975341797,79.27960205078125,62.548526763916016,53.540245056152344,191.52952575683594,131.4707794189453,360.4432067871094,120.62284851074219,30.078781127929688,51.17451858520508,41.61770248413086,213.67958068847656,102.61740112304688,44.081295013427734,6.935614585876465,41.3886604309082,25.03109359741211,52.6786994934082,94.4601821899414,345.78619384765625,116.35060119628906,32.34104919433594,37.66717529296875,44.34894943237305,117.15498352050781,159.8095703125
2020-01-16,158.07064819335938,76.1346435546875,125.96843719482422,52.543033599853516,117.06571197509766,109.32304382324219,90.44284057617188,72.56367492675781,47.59944534301758,117.40766143798828,29.51609230041504,52.62559509277344,102.46629333496094,51.03436279296875,184.6221466064453,41.218318939208984,35.57498550415039,199.19219970703125,121.8811264038086,161.79991149902344,130.90191650390625,61.84339904785156,330.036376953125,201.36602783203125,57.460960388183594,80.0961685180664,63.196693420410156,53.70107650756836,194.0313720703125,131.7688751220703,364.5106506347656,121.30115509033203,30.12215805053711,50.455997467041016,42.418701171875,217.6096649169922,104.09180450439453,46.99562072753906,6.9205217361450195,41.381065368652344,24.845285415649414,52.73542022705078,95.00486755371094,348.98712158203125,117.39000701904297,32.240089416503906,38.47330093383789,44.63978958129883,114.1710205078125,162.16624450683594
2020-01-17,158.95526123046875,76.97752380371094,126.79290771484375,52.34450912475586,117.87601470947266,109.61788940429688,89.42923736572266,72.39656066894531,47.69997024536133,118.79525756835938,29.44340705871582,52.57267761230469,102.71134948730469,50.758148193359375,185.61155700683594,41.19310760498047,35.28645706176758,201.88209533691406,122.11006927490234,162.66104125976562,131.7398681640625,62.219268798828125,322.2328186035156,202.1949005126953,57.31537628173828,80.74944305419922,63.17177963256836,53.6528434753418,195.47544860839844,130.04527282714844,364.4763488769531,122.20244598388672,30.113483428955078,50.280364990234375,42.35841369628906,217.3831329345703,104.28105926513672,47.886558532714844,6.912975311279297,41.37345504760742,24.9072208404541,52.73542022705078,94.99683380126953,345.5224914550781,118.26578521728516,32.1959114074707,38.396934509277344,44.74781799316406,115.1387939453125,162.84088134765625
2020-01-21,158.384521484375,76.45587921142578,126.8779525756836,51.596290588378906,116.71600341796875,109.34039306640625,87.67280578613281,71.6007080078125,47.892642974853516,119.29985809326172,29.319847106933594,53.41065216064453,103.34999084472656,50.84101104736328,184.89356994628906,41.00823211669922,35.479835510253906,202.78741455078125,120.79035186767578,160.61923217773438,130.0194091796875,62.3154296875,311.5165710449219,198.9379119873047,56.58740234375,81.41175842285156,61.98344421386719,54.22377395629883,195.91697692871094,131.28440856933594,364.8959045410156,121.2825698852539,29.72307586669922,50.00094223022461,42.151710510253906,214.1065673828125,104.31257629394531,46.56262969970703,6.950708389282227,40.96284484863281,25.137269973754883,51.89257049560547,94.02764129638672,343.84930419921875,118.33941650390625,32.240089416503906,38.28662109375,45.154998779296875,112.80894470214844,159.47686767578125
2020-01-22,157.62353515625,76.72875213623047,126.01094818115234,51.298545837402344,116.57953643798828,109.53118896484375,87.3555908203125,71.3460693359375,48.26123809814453,120.57810974121094,29.21082878112793,55.333621978759766,106.85514831542969,50.38066101074219,185.13873291015625,41.23513412475586,35.63637161254883,202.743896484375,119.87458801269531,159.83804321289062,127.14884185791016,62.02520751953125,307.17242431640625,198.22621154785156,55.18000411987305,83.34428405761719,61.91653060913086,54.22377395629883,194.31651306152344,131.88999938964844,363.41455078125,122.17456817626953,29.809837341308594,50.61568069458008,41.82441711425781,215.28298950195312,104.54124450683594,46.51268768310547,6.912975311279297,40.62065505981445,25.10188102722168,51.0659294128418,93.92353820800781,341.2941589355469,118.17574310302734,32.20222854614258,38.12539291381836,44.85585021972656,113.05089569091797,158.18301391601562
2020-01-23,158.59381103515625,77.09830474853516,126.24896240234375,50.97787857055664,116.46015930175781,109.03045654296875,87.51033782958984,70.47859954833984,48.44554138183594,120.80518341064453,29.588769912719727,55.854061126708984,106.09770202636719,50.62004852294922,186.87242126464844,41.176300048828125,35.547359466552734,203.39678955078125,119.67932891845703,159.42076110839844,127.25582885742188,62.0955696105957,315.9104309082031,196.79443359375,57.12124252319336,82.31903839111328,61.51494216918945,53.77345657348633,195.6410369873047,131.5638885498047,367.1478576660156,122.06304168701172,29.601612091064453,51.04677963256836,41.531578063964844,214.0019989013672,105.03009796142578,46.23789978027344,6.897881031036377,40.52940368652344,25.163816452026367,51.17127227783203,93.6592025756836,346.9137878417969,118.38855743408203,31.9056339263916,38.159339904785156,45.071903228759766,113.14051055908203,159.01475524902344
2020-01-24,156.99569702148438,76.87608337402344,126.07048797607422,50.63431167602539,113.56868743896484,109.16130065917969,86.54318237304688,68.42536163330078,48.31988525390625,120.19127655029297,28.941896438598633,60.39683151245117,104.38224792480469,49.78220748901367,184.963623046875,41.050254821777344,35.1053581237793,201.96044921875,119.9554214477539,157.24578857421875,125.14312744140625,61.822959899902344,321.1393127441406,188.8821563720703,56.830055236816406,82.01963806152344,59.75810241699219,51.594207763671875,189.4875946044922,129.57008361816406,370.3330993652344,125.53809356689453,29.098424911499023,50.41608810424805,40.97173309326172,210.81263732910156,103.42951202392578,45.42189025878906,6.792223930358887,39.57130432128906,24.942611694335938,50.749839782714844,93.44292449951172,347.0411071777344,117.38185119628906,31.710006713867188,37.59080123901367,44.63147735595703,112.73726654052734,157.2218780517578
2020-01-27,154.3701934814453,74.61552429199219,126.43595123291016,49.428009033203125,112.61341094970703,109.64108276367188,85.41351318359375,68.52088165283203,48.15234375,119.53530883789062,29.189023971557617,57.944618225097656,102.94154357910156,48.51164245605469,183.2999725341797,39.890602111816406,35.56270980834961,201.25531005859375,118.25857543945312,154.0587921142578,120.9977798461914,61.647064208984375,314.72747802734375,186.67172241210938,55.51972961425781,81.28472900390625,59.373260498046875,51.22429275512695,183.9136199951172,128.8620147705078,370.23040771484375,121.384765625,28.499794006347656,50.95896530151367,40.566925048828125,207.51869201660156,101.34799194335938,44.22284698486328,6.709208011627197,39.71577453613281,25.066486358642578,49.4693489074707,92.04922485351562,344.7040710449219,117.82382202148438,31.4071102142334,36.93741989135742,44.22431182861328,110.18341827392578,150.9004669189453
2020-01-28,157.3951873779297,76.72635650634766,127.0733871459961,49.35929870605469,114.66043853759766,109.93766021728516,85.97832489013672,68.6402587890625,47.75861358642578,119.78759002685547,27.720840454101562,59.37360763549805,103.6322021484375,49.220584869384766,184.21934509277344,40.1427001953125,35.789852142333984,203.57958984375,111.49153137207031,155.7632598876953,121.89817810058594,61.30409240722656,314.6877136230469,188.2541961669922,56.9271240234375,81.23937225341797,60.08436965942383,52.11689758300781,188.86212158203125,129.7471160888672,374.3318786621094,123.06654357910156,28.83815574645996,51.38209533691406,40.799476623535156,211.38778686523438,103.52413177490234,44.98058319091797,6.769585132598877,40.134002685546875,25.066486358642578,49.58281707763672,92.40968322753906,347.222900390625,118.58499145507812,31.659526824951172,37.26835632324219,44.049800872802734,111.14224243164062,150.6232147216797
2020-01-29,159.84947204589844,78.3324203491211,127.95743560791016,48.9470100402832,114.48986053466797,109.09151458740234,85.39803314208984,69.42813110351562,47.75861358642578,119.19054412841797,27.31382942199707,58.509159088134766,102.25091552734375,48.981201171875,187.76556396484375,39.53765869140625,35.57191467285156,203.71885681152344,109.0809555053711,155.94972229003906,121.0423812866211,60.53020095825195,320.1153869628906,190.18829345703125,62.799415588378906,80.87642669677734,59.021915435791016,51.578125,186.29586791992188,130.362060546875,371.48046875,122.35110473632812,28.638607025146484,51.334190368652344,40.71334457397461,209.24411010742188,107.3244857788086,44.697471618652344,6.800284385681152,39.75380325317383,24.287858963012695,49.023597717285156,92.7220458984375,347.95953369140625,117.2017822265625,31.62166976928711,37.06470489501953,44.06642532348633,110.59561920166016,148.0169677734375
2020-01-30,164.3584442138672,78.21891784667969,127.80447387695312,49.4661865234375,115.90574645996094,109.86788177490234,86.19497680664062,68.83920288085938,49.30839920043945,120.95654296875,27.218372344970703,58.63264465332031,101.5677261352539,49.082489013671875,189.2891082763672,39.69731521606445,35.78371047973633,202.64817810058594,109.42436218261719,158.3199462890625,120.67688751220703,61.09303665161133,321.3878173828125,189.3510284423828,61.780235290527344,80.89458465576172,58.31915283203125,51.31275177001953,181.19102478027344,132.9241943359375,373.244384765625,123.78199005126953,29.046367645263672,51.118629455566406,41.26457595825195,212.7384796142578,107.67930603027344,45.108154296875,6.784933090209961,39.50286865234375,24.376338958740234,49.347782135009766,86.50641632080078,349.97821044921875,118.37215423583984,30.290164947509766,38.86363983154297,44.64810562133789,110.31782531738281,148.89498901367188
2020-01-31,161.9327392578125,74.75077056884766,126.5379409790039,47.42768096923828,112.89483642578125,108.70771789550781,82.89884948730469,67.99564361572266,48.923057556152344,119.43439483642578,27.343202590942383,56.39213180541992,106.73632049560547,48.290679931640625,187.35401916503906,38.630096435546875,35.14219284057617,198.56541442871094,106.83201599121094,153.7747344970703,117.09323120117188,64.88331604003906,316.3875732421875,180.89443969726562,60.4213752746582,79.06185150146484,56.737979888916016,50.62118148803711,176.9507293701172,130.10118103027344,366.58270263671875,120.66931915283203,28.48244857788086,50.455997467041016,40.42911911010742,207.17884826660156,105.28236389160156,43.800662994384766,6.7695841789245605,38.66642379760742,23.765827178955078,48.16453170776367,82.91799926757812,340.61199951171875,117.23452758789062,29.993566513061523,37.98114013671875,43.393333435058594,107.3875961303711,146.55679321289062
2020-02-03,165.88046264648438,74.54549407958984,127.64295196533203,46.36642837524414,113.75631713867188,109.13512420654297,82.2334213256836,69.50770568847656,49.07384490966797,119.84645080566406,27.541444778442383,56.824363708496094,108.62258911132812,48.87991714477539,188.4134979248047,39.10068130493164,35.07465744018555,201.5600128173828,105.4382095336914,152.0880126953125,115.68470001220703,65.8946533203125,314.1310119628906,181.5894317626953,59.4992790222168,78.98926544189453,55.993431091308594,51.1277961730957,176.3896484375,131.3682403564453,362.93499755859375,121.7192611694336,28.603906631469727,52.97880172729492,40.58415222167969,208.27682495117188,106.06295776367188,44.08563232421875,6.892386436462402,38.74246597290039,23.871997833251953,47.96192932128906,81.72450256347656,330.7729797363281,117.67648315429688,29.192140579223633,38.15085220336914,44.033180236816406,108.73174285888672,146.2887725830078
2020-02-04,171.34068298339844,77.00651550292969,128.85842895507812,45.78618621826172,115.39396667480469,109.61491394042969,82.67445373535156,70.3194808959961,49.29164505004883,120.44354248046875,27.673606872558594,57.74173355102539,110.73161315917969,49.75459289550781,187.92315673828125,40.01664733886719,35.38161087036133,204.5719757080078,105.87589263916016,155.5413360595703,119.01874542236328,66.30796813964844,316.0595397949219,185.71722412109375,61.052268981933594,80.05079650878906,56.788177490234375,51.6987419128418,181.07138061523438,133.64158630371094,368.8603515625,122.50904083251953,29.167823791503906,53.80909729003906,40.70472717285156,210.83006286621094,107.86848449707031,45.27578353881836,7.045892238616943,39.7994270324707,24.234766006469727,45.781837463378906,82.80583953857422,329.0088806152344,117.3490982055664,29.35621452331543,38.49876022338867,43.66755294799805,109.798095703125,151.96322631835938
2020-02-05,171.1313934326172,77.63443756103516,130.88995361328125,47.89339828491211,117.35569763183594,110.61807250976562,85.32837677001953,68.30602264404297,49.300025939941406,121.3518295288086,28.026042938232422,59.400062561035156,116.09332275390625,50.399070739746094,187.70428466796875,40.71411895751953,35.85430145263672,207.279296875,109.30316925048828,157.04164123535156,122.5221939086914,66.59819030761719,327.6008605957031,194.1989288330078,62.41114807128906,81.25749969482422,59.0135383605957,52.74413299560547,189.91990661621094,137.2845001220703,372.63641357421875,124.13507843017578,30.113483428955078,52.587608337402344,41.60909652709961,212.88661193847656,108.75945281982422,46.08876419067383,6.378145217895508,40.28609085083008,24.845285415649414,47.63774871826172,84.93647766113281,334.4558410644531,118.73230743408203,29.20475959777832,39.092742919921875,43.675865173339844,111.88599395751953,155.58604431152344
2020-02-06,174.67958068847656,78.54253387451172,130.49891662597656,47.24443817138672,117.3727798461914,110.90592956542969,84.71712493896484,68.1866226196289,49.417301177978516,121.37702941894531,28.092121124267578,59.470977783203125,116.41262817382812,50.37145233154297,186.390869140625,40.915802001953125,35.70083236694336,207.91476440429688,109.68023681640625,156.55337524414062,122.35282135009766,67.10823822021484,339.4106140136719,193.78863525390625,62.84792709350586,81.17585754394531,59.26450729370117,53.958404541015625,194.86842346191406,137.2378692626953,375.8731689453125,123.80986022949219,30.078781127929688,54.45576095581055,41.765785217285156,210.72549438476562,108.62545013427734,46.105525970458984,6.332092761993408,40.67388916015625,24.818740844726562,47.33788299560547,85.31294250488281,330.7729797363281,118.29031372070312,29.44455909729004,39.01636505126953,42.969539642333984,111.43794250488281,156.05738830566406
2020-02-07,174.92686462402344,77.47493743896484,129.1049041748047,46.9314079284668,116.99747467041016,109.98127746582031,84.29158020019531,67.70911407470703,49.5848388671875,122.25161743164062,27.93793487548828,58.52249526977539,115.1145248413086,50.38066101074219,185.28758239746094,40.310768127441406,35.743804931640625,206.57418823242188,107.78814697265625,155.60345458984375,118.89396667480469,66.86199951171875,334.75830078125,192.01356506347656,62.26556396484375,79.72415924072266,59.866851806640625,53.27488327026367,192.1641845703125,136.40866088867188,376.0443420410156,122.48119354248047,30.0267276763916,54.982669830322266,41.64391326904297,207.39669799804688,108.99600219726562,46.122283935546875,6.224639415740967,40.4837760925293,24.739105224609375,46.99750900268555,82.59760284423828,328.65423583984375,118.52767944335938,29.166906356811523,38.787261962890625,43.1274299621582,109.86978912353516,154.75428771972656
2020-02-10,179.50244140625,77.84290313720703,129.07940673828125,46.43576431274414,117.48365783691406,110.0597915649414,84.9492416381836,68.17072296142578,50.05397033691406,122.4955062866211,27.7617130279541,58.85047149658203,115.87987518310547,50.629249572753906,186.6885528564453,41.06706237792969,35.37546920776367,209.45558166503906,107.83527374267578,157.08599853515625,119.74087524414062,68.02281188964844,342.6314697265625,190.4143829345703,62.653804779052734,80.11431884765625,61.280704498291016,53.80561447143555,193.45191955566406,135.5701446533203,376.549560546875,122.87139892578125,30.09613037109375,55.07847213745117,41.582977294921875,206.83895874023438,109.18522644042969,46.39048385620117,6.186263084411621,40.62065505981445,24.89837074279785,46.9002571105957,82.55756378173828,330.3545837402344,119.6653060913086,29.154277801513672,38.761802673339844,43.509674072265625,108.3285140991211,155.48439025878906
2020-02-11,175.45010375976562,77.37324523925781,129.18991088867188,46.877201080322266,117.70541381835938,108.30644989013672,86.04798126220703,67.84441375732422,49.9199333190918,122.84872436523438,27.967302322387695,59.754634857177734,115.16703033447266,50.776573181152344,188.89508056640625,41.28554916381836,35.421512603759766,210.35220336914062,109.38395690917969,159.03904724121094,121.40786743164062,66.93235778808594,342.3829345703125,191.7038116455078,62.36261749267578,80.90367889404297,61.782657623291016,53.86994934082031,197.92213439941406,134.396240234375,376.6266784667969,123.23381805419922,30.165542602539062,54.09648895263672,41.774478912353516,206.0546875,109.28772735595703,46.75088882446289,6.216963291168213,40.29368209838867,25.163816452026367,47.58101272583008,83.99932098388672,334.6739501953125,118.87958526611328,28.756715774536133,39.135169982910156,43.84205627441406,109.27835083007812,157.35121154785156
2020-02-12,175.70697021484375,79.210693359375,128.4249267578125,47.45028305053711,117.70541381835938,107.68708801269531,86.69019317626953,66.25276184082031,49.769142150878906,122.84872436523438,27.7103271484375,59.79895782470703,116.54019165039062,51.310569763183594,190.409912109375,41.95781326293945,35.55963134765625,210.30870056152344,110.2929916381836,160.8411102294922,124.4388427734375,66.7916488647461,345.39501953125,190.06271362304688,63.867095947265625,80.55888366699219,61.699012756347656,53.87799072265625,204.71022033691406,133.706787109375,373.8438415527344,123.80056762695312,30.295673370361328,53.449825286865234,41.60039520263672,207.96311950683594,109.18522644042969,47.08613586425781,6.3244171142578125,41.4190788269043,25.385013580322266,48.43197250366211,84.53597259521484,334.3921813964844,118.09390258789062,28.649446487426758,39.006893157958984,43.98332595825195,109.64574432373047,158.80218505859375
2020-02-13,174.7556610107422,78.64661407470703,127.5749740600586,47.18697738647461,117.60310363769531,109.00428771972656,86.39616394042969,65.23410034179688,49.93668746948242,123.17668914794922,27.115581512451172,59.7812385559082,115.78982543945312,50.92387390136719,190.37489318847656,39.764549255371094,36.04768753051758,210.97900390625,108.54682159423828,159.90011596679688,124.55472564697266,67.16099548339844,342.82000732421875,188.0727081298828,62.799415588378906,80.4590835571289,60.23497009277344,53.138160705566406,204.09397888183594,132.7983856201172,372.2169189453125,124.93415069580078,30.286998748779297,53.3300666809082,41.88764572143555,207.70167541503906,107.56103515625,46.8765983581543,6.332092761993408,40.73472595214844,25.473989486694336,48.007572174072266,84.2956771850586,334.63763427734375,118.46216583251953,28.807207107543945,38.71611022949219,44.033180236816406,107.94317626953125,157.8133087158203
2020-02-14,176.3157958984375,78.66600799560547,127.60893249511719,46.97013473510742,117.24485778808594,110.03360748291016,86.1691665649414,65.77526092529297,50.22151565551758,123.61400604248047,26.807199478149414,59.63053894042969,113.08098602294922,51.071189880371094,190.08595275878906,39.470436096191406,36.18581008911133,213.3032989501953,109.39608764648438,160.51268005371094,123.01250457763672,67.44241333007812,340.489990234375,188.44375610351562,62.26556396484375,81.34823608398438,59.70792007446289,53.37941360473633,202.66827392578125,132.16152954101562,374.9141540527344,126.2442626953125,30.23494529724121,53.93682098388672,41.974700927734375,206.59500122070312,108.32583618164062,46.80117416381836,6.216963291168213,40.18722915649414,25.11808204650879,47.84432601928711,84.86438751220703,337.3111877441406,119.13330078125,28.504302978515625,38.28850173950195,44.29908752441406,107.66539001464844,155.32725524902344
2020-02-18,178.1041259765625,77.2255859375,126.7674331665039,46.37379837036133,115.6925048828125,108.92577362060547,86.29438018798828,65.62405395507812,49.86967086791992,122.44506072998047,26.66769027709961,58.628868103027344,113.3811264038086,51.052772521972656,189.2628631591797,39.15110397338867,36.71989822387695,212.3544464111328,107.94889831542969,159.27871704101562,121.75554656982422,66.89717102050781,338.8800048828125,186.9343719482422,61.87730407714844,80.64054107666016,60.23497009277344,53.130126953125,204.149169921875,132.05850219726562,372.9447326660156,125.99335479736328,29.731752395629883,53.49773406982422,40.90400314331055,203.22264099121094,108.63330078125,46.5329704284668,6.186263084411621,39.77878189086914,26.434934616088867,47.58315658569336,85.24085235595703,338.65704345703125,117.7256088256836,28.535860061645508,38.01483154296875,44.490211486816406,106.93061065673828,153.6914520263672
2020-02-19,178.63827514648438,78.34403228759766,126.59745788574219,46.73005676269531,117.27043914794922,109.42301940917969,86.6857681274414,65.25798034667969,50.07073211669922,122.38618469238281,26.601608276367188,59.488712310791016,113.20103454589844,51.04357147216797,188.80751037597656,38.89900588989258,36.1213493347168,212.09326171875,108.261474609375,160.5570831298828,122.0051498413086,66.43109130859375,338.29998779296875,188.0052947998047,61.1978759765625,81.07604217529297,60.0509147644043,52.84063720703125,203.68006896972656,131.8899688720703,372.0285339355469,127.22915649414062,30.12215805053711,53.76917266845703,40.99105453491211,206.81285095214844,109.6425552368164,47.19510269165039,6.140212059020996,39.93986129760742,26.283679962158203,48.3666877746582,85.51316833496094,332.955322265625,117.6683120727539,28.485368728637695,37.60430908203125,44.24092483520508,107.10086059570312,152.42535400390625
2020-02-20,175.91026306152344,77.5403060913086,126.11297607421875,46.35832214355469,117.27043914794922,110.41743469238281,85.95780181884766,65.6479263305664,50.02884292602539,122.07503509521484,26.322601318359375,58.01723098754883,113.47118377685547,51.10801696777344,188.325927734375,39.36959457397461,36.124420166015625,215.03561401367188,107.73149871826172,160.4150390625,122.06755065917969,66.09690856933594,336.2799987792969,187.31382751464844,60.80962371826172,80.25946807861328,60.184776306152344,52.406402587890625,202.732666015625,132.9856414794922,364.74176025390625,126.9039535522461,30.23494529724121,53.48976135253906,41.20867156982422,202.8043670654297,108.60176086425781,45.04948043823242,6.16323709487915,39.78645706176758,26.497220993041992,48.056541442871094,85.28889465332031,330.31829833984375,116.35877227783203,28.750411987304688,37.8266716003418,44.980491638183594,107.41584014892578,153.25709533691406
2020-02-21,170.34921264648438,75.78517150878906,127.43892669677734,45.7929801940918,115.83747100830078,110.52212524414062,85.3315658569336,65.52854919433594,50.3723030090332,122.65534210205078,26.22715187072754,57.03327560424805,112.43563079833984,50.34383010864258,189.01768493652344,38.90739822387695,36.397613525390625,213.57315063476562,106.62401580810547,159.68707275390625,122.31717681884766,67.07304382324219,330.3800048828125,187.8619384765625,59.450748443603516,79.34310150146484,59.82504653930664,52.77629852294922,199.7709197998047,133.0231170654297,366.3087158203125,125.34295654296875,29.809837341308594,55.645301818847656,41.52204513549805,200.96566772460938,107.44276428222656,43.934776306152344,6.055783271789551,39.46429443359375,26.968795776367188,47.69742202758789,82.45342254638672,333.1292724609375,115.68763732910156,28.95865249633789,37.54445266723633,44.80598831176758,107.01087951660156,163.97760009765625
2020-02-24,163.00457763671875,72.18533325195312,124.81281280517578,43.64775848388672,112.72427368164062,107.55626678466797,81.96558380126953,64.72478485107422,49.13248062133789,119.95578002929688,25.456193923950195,54.74626922607422,109.87689971923828,48.47481918334961,186.95999145507812,36.974639892578125,35.703895568847656,208.6634063720703,103.64807891845703,155.59461975097656,117.82421112060547,65.4461441040039,317.8999938964844,183.72164916992188,57.55802917480469,76.7845230102539,56.821651458740234,51.4414176940918,184.29074096679688,129.3800811767578,359.07330322265625,119.10832977294922,28.395689010620117,58.200035095214844,40.3817138671875,195.66746520996094,103.87892150878906,41.63829803466797,5.81017541885376,37.6080436706543,26.933204650878906,46.01609802246094,79.67073059082031,328.0000915527344,114.68096923828125,27.6397705078125,36.62080764770508,44.63978958129883,103.73511505126953,158.82997131347656
2020-02-25,160.31468200683594,69.74026489257812,123.73501586914062,41.9749641418457,107.69193267822266,105.92501068115234,78.8344497680664,63.88119888305664,48.437164306640625,118.66070556640625,24.912851333618164,52.94681167602539,106.33513641357422,46.9188346862793,185.7166748046875,35.91581726074219,35.11149978637695,206.6438446044922,99.77530670166016,148.96315002441406,114.99827575683594,64.90087890625,304.1400146484375,177.39752197265625,54.937339782714844,73.60900115966797,53.81827926635742,49.96982955932617,176.38047790527344,126.81403350830078,342.8128662109375,112.33479309082031,26.964189529418945,55.96465301513672,39.276187896728516,189.6285400390625,99.7710952758789,40.2553825378418,5.5492167472839355,36.4421501159668,26.39934730529785,43.934852600097656,75.95777130126953,310.2762145996094,113.74793243408203,26.813106536865234,34.57681655883789,43.650936126708984,98.65950012207031,154.0149383544922
2020-02-26,162.31777954101562,70.84658813476562,122.90524291992188,41.053367614746094,108.01606750488281,104.81719207763672,76.744384765625,63.61856460571289,48.25286865234375,119.40072631835938,25.492904663085938,52.87590026855469,104.86441802978516,47.92239761352539,183.96543884277344,35.42842102050781,34.92426300048828,204.81568908691406,101.20890045166016,148.4127655029297,114.32969665527344,64.12701416015625,305.5899963378906,180.90530395507812,53.14168167114258,73.81766510009766,52.412784576416016,49.889404296875,173.7682647705078,125.0533218383789,343.2752990722656,110.10484313964844,26.57378387451172,59.63706970214844,38.423118591308594,188.03387451171875,99.82627868652344,39.59326171875,5.533865928649902,36.564876556396484,25.580764770507812,41.763797760009766,75.82026672363281,305.11981201171875,113.15866088867188,26.57961082458496,34.09788131713867,43.32685089111328,98.17353057861328,154.2644500732422
2020-02-27,150.8810272216797,66.21549224853516,119.00458526611328,38.5828857421875,103.52108001708984,99.00757598876953,73.68370056152344,62.13833236694336,46.016151428222656,114.68289947509766,25.03767204284668,49.48971176147461,99.88194274902344,46.75311279296875,175.9973602294922,33.64692306518555,33.88678741455078,195.6317138671875,102.02423858642578,142.40594482421875,109.89020538330078,61.69103240966797,287.760009765625,171.5961151123047,50.42393493652344,71.84884643554688,49.63528823852539,47.91120529174805,167.3388214111328,120.98885345458984,329.3182373046875,104.81792449951172,25.272424697875977,58.0084342956543,36.96941375732422,179.24130249023438,94.48843383789062,38.05948257446289,5.349658489227295,35.46800231933594,25.233755111694336,38.46644592285156,72.99710845947266,302.6100769042969,109.68022155761719,25.431110382080078,32.173622131347656,41.6649169921875,93.22392272949219,147.85989379882812
2020-02-28,154.53433227539062,66.17675018310547,115.03551483154297,39.837486267089844,99.03461456298828,98.77205657958984,73.06529235839844,60.92866134643555,44.8098258972168,111.03308868408203,24.53839111328125,49.21492004394531,97.6608657836914,45.53778839111328,171.0809326171875,33.55447769165039,33.05189895629883,189.63385009765625,101.39913940429688,144.74440002441406,110.75492095947266,59.422142028808594,275.1099853515625,168.4171600341797,52.801963806152344,69.88907623291016,49.50979232788086,47.49304962158203,168.26783752441406,118.12310028076172,318.69415283203125,102.14198303222656,24.72585105895996,55.373863220214844,35.55923080444336,176.02365112304688,93.04556274414062,37.74099349975586,5.341984272003174,35.09982681274414,25.029104232788086,39.519317626953125,73.19933319091797,300.1183776855469,107.37223815917969,25.47528648376465,32.199283599853516,40.71760559082031,93.99784851074219,144.61602783203125
2020-03-02,164.81686401367188,72.33783721923828,119.77446746826172,41.72713851928711,103.64901733398438,104.29379272460938,75.60933685302734,64.75660705566406,46.845489501953125,115.70049285888672,25.610382080078125,51.572837829589844,100.77488708496094,46.863590240478516,178.4644317626953,34.59649658203125,35.568851470947266,200.1671600341797,103.9674072265625,146.5919952392578,113.7502212524414,63.70491027832031,289.2699890136719,178.93215942382812,54.40349578857422,74.04449462890625,53.56728744506836,48.5223503112793,178.7535400390625,124.40716552734375,328.5858459472656,105.80284881591797,25.480636596679688,60.1959228515625,36.78660202026367,183.6512908935547,98.9353256225586,38.956275939941406,5.526190280914307,36.902374267578125,26.40824317932129,40.180423736572266,75.02752685546875,306.6439208984375,115.48307800292969,26.548065185546875,33.21700668334961,42.72024917602539,94.77179718017578,151.49191284179688
2020-03-03,156.9189453125,70.04047393798828,115.9850082397461,39.72906494140625,99.7596206665039,103.081298828125,73.8872299194336,62.973915100097656,46.96277618408203,114.01854705810547,25.184526443481445,49.61381912231445,96.7228775024414,44.976165771484375,175.78591918945312,33.64692306518555,34.657222747802734,198.42613220214844,98.681396484375,144.49447631835938,110.87972259521484,63.12446975708008,280.6199951171875,172.37188720703125,52.801963806152344,70.76007843017578,52.320762634277344,47.605628967285156,174.07174682617188,122.03777313232422,325.182373046875,100.35799407958984,24.075170516967773,59.24587631225586,35.280677795410156,178.35577392578125,97.36630249023438,37.21296310424805,5.349658489227295,35.37595748901367,26.105724334716797,39.27445602416992,73.85456085205078,300.6112365722656,115.22933959960938,26.440784454345703,32.54993438720703,42.91968536376953,93.94385528564453,145.8174591064453
2020-03-04,162.68023681640625,73.28926849365234,122.73418426513672,40.596439361572266,102.22460174560547,108.60301208496094,77.1279525756836,66.02992248535156,49.358665466308594,119.74555206298828,26.7264347076416,52.016056060791016,100.71485137939453,46.532142639160156,182.40292358398438,34.78136444091797,35.84203338623047,209.86473083496094,104.61967468261719,152.79518127441406,113.57194519042969,66.2815933227539,283.1199951171875,181.38597106933594,53.14168167114258,74.4800033569336,55.24884796142578,49.43909454345703,192.73446655273438,131.468505859375,346.4044189453125,107.50318908691406,24.630420684814453,60.682926177978516,36.03800582885742,183.0113067626953,101.52144622802734,37.9169921875,5.43408727645874,37.34725570678711,27.547142028808594,40.34365463256836,77.51090240478516,316.66497802734375,121.33495330810547,27.721805572509766,33.670265197753906,45.013729095458984,97.15660858154297,150.70640563964844
2020-03-05,158.59774780273438,70.91194152832031,121.47673034667969,38.807472229003906,97.20934295654297,106.09949493408203,76.07901763916016,64.92372131347656,47.53242874145508,116.92198181152344,26.036243438720703,50.49138259887695,97.21063995361328,44.19357681274414,174.73744201660156,33.2519645690918,35.58112335205078,204.4065704345703,102.87354278564453,147.1989288330078,108.7313232421875,63.61696243286133,260.3699951171875,178.86471557617188,48.91947555541992,73.05553436279297,53.843360900878906,48.65102005004883,184.81504821777344,131.25308227539062,331.4723205566406,103.08042907714844,23.381874084472656,60.77873611450195,33.861785888671875,174.28765869140625,96.19937896728516,35.69593811035156,5.173128128051758,37.416290283203125,29.780454635620117,38.93168258666992,75.22164916992188,299.1510314941406,118.14454650878906,27.235904693603516,32.78083801269531,45.12175369262695,92.37797546386719,147.00967407226562
2020-03-06,154.11460876464844,69.97025299072266,121.49382781982422,36.933319091796875,92.18553161621094,106.12567138671875,74.6152114868164,65.41712951660156,46.29259490966797,116.21078491210938,25.71318244934082,49.43653106689453,95.84495544433594,43.613521575927734,175.21316528320312,33.34440231323242,35.98323440551758,198.9223175048828,104.39546966552734,146.40451049804688,108.23211669921875,63.76646041870117,262.3299865722656,177.6251678466797,45.66465759277344,74.1624526977539,53.667686462402344,48.498233795166016,179.8389129638672,132.47996520996094,329.55084228515625,100.57169342041016,22.44764518737793,64.04399108886719,32.286216735839844,169.07986450195312,92.05211639404297,35.067352294921875,4.981245994567871,38.74327087402344,28.508092880249023,36.99733352661133,76.03865814208984,300.2279357910156,120.74140930175781,26.59854507446289,32.19072723388672,45.5123176574707,91.29804992675781,151.60281372070312
2020-03-09,143.6698455810547,64.4361572265625,116.71209716796875,32.418296813964844,79.69852447509766,101.24069213867188,63.14738082885742,62.83866500854492,43.4443359375,110.19961547851562,24.78803825378418,45.075260162353516,88.40127563476562,42.361366271972656,164.64015197753906,31.899028778076172,35.961734771728516,183.20945739746094,97.8796615600586,136.43475341796875,92.7741928100586,61.55033874511719,227.1699981689453,167.27037048339844,39.88370132446289,69.87999725341797,51.28337860107422,46.36723709106445,167.06948852539062,127.10433197021484,303.3226013183594,91.32662963867188,19.147293090820312,58.69500732421875,28.27328872680664,151.50994873046875,81.7154769897461,31.42987632751465,4.528405666351318,37.15550231933594,27.805179595947266,27.807172775268555,70.52181243896484,285.9173583984375,116.50399017333984,25.456357955932617,30.18950080871582,44.988792419433594,87.66233825683594,138.6273193359375
2020-03-10,153.49461364746094,69.07694244384766,121.16021728515625,33.61868667602539,85.89083862304688,105.15738677978516,66.5212173461914,65.27387237548828,44.95224380493164,113.56925964355469,25.39745330810547,47.84980773925781,93.62385559082031,44.727569580078125,176.0943145751953,33.6805419921875,36.76900100708008,196.4761199951172,104.15766143798828,144.3159637451172,94.9315185546875,63.15085983276367,231.00999450683594,174.3787841796875,42.992774963378906,73.38216400146484,52.37095260620117,46.58435821533203,181.94569396972656,132.22706604003906,316.3678283691406,95.98168182373047,20.614120483398438,57.75294876098633,30.536548614501953,161.62754821777344,88.92982482910156,33.10612869262695,4.804716110229492,37.7077751159668,29.00636100769043,28.468273162841797,75.08414459228516,305.6400451660156,116.25665283203125,26.59854507446289,31.74601173400879,44.94725799560547,91.77503967285156,143.2389678955078
2020-03-11,146.541015625,66.6778793334961,112.74298858642578,32.51123046875,81.84793090820312,97.3414535522461,64.99475860595703,63.0694694519043,43.73754119873047,109.85248565673828,23.620586395263672,45.79327392578125,88.52131652832031,41.173675537109375,165.8648681640625,31.134328842163086,35.12377166748047,186.564697265625,100.040283203125,136.90782165527344,89.76107025146484,60.591766357421875,189.0800018310547,167.50645446777344,39.88370132446289,70.8508071899414,51.291744232177734,45.44247055053711,172.24899291992188,131.13137817382812,307.54461669921875,88.62275695800781,19.793394088745117,58.83872985839844,28.142717361450195,150.70333862304688,83.19776916503906,30.901851654052734,4.528405666351318,35.337608337402344,27.217937469482422,26.574743270874023,71.17704010009766,290.08831787109375,110.60128021240234,25.544696807861328,29.992795944213867,43.933467864990234,87.26637268066406,134.8197021484375
2020-03-12,132.643310546875,60.09312057495117,107.27693176269531,28.793888092041016,75.10121154785156,88.83639526367188,59.695308685302734,59.24946975708008,39.507041931152344,97.65229034423828,22.041961669921875,40.368289947509766,77.14569854736328,36.643829345703125,149.8995819091797,27.8990421295166,31.93768882751465,167.0222625732422,90.75917053222656,120.36003112792969,82.24606323242188,56.185882568359375,154.83999633789062,153.669189453125,35.1229133605957,67.81137084960938,45.67818069458008,42.41886901855469,151.12612915039062,118.02011108398438,268.2969665527344,77.61227416992188,17.907474517822266,55.26102066040039,23.677143096923828,132.10755920410156,72.3249740600586,26.24184799194336,4.106265544891357,31.464048385620117,25.909976959228516,23.016206741333008,69.70480346679688,265.12713623046875,100.83216857910156,22.98265838623047,26.973846435546875,41.54857635498047,80.90385437011719,120.50410461425781
2020-03-13,151.50106811523438,67.29277801513672,114.87296295166016,29.521862030029297,88.6287841796875,99.50479888916016,65.30005645751953,61.584468841552734,40.9605598449707,107.90518951416016,24.017078399658203,48.24870681762695,81.00260925292969,44.12911605834961,156.06710815429688,31.630123138427734,35.02247619628906,180.2375030517578,96.2625961303711,133.35552978515625,88.82503509521484,60.76764678955078,170.1999969482422,170.41558837890625,38.13483810424805,74.08079528808594,49.894630432128906,44.22016906738281,165.4779052734375,130.52261352539062,283.1258239746094,92.54380798339844,21.09432601928711,57.009578704833984,26.889219284057617,155.33248901367188,85.46337127685547,31.42987632751465,4.321173667907715,35.42965316772461,27.3247013092041,25.611656188964844,76.2247085571289,287.0309753417969,110.61778259277344,25.285972595214844,29.62505531311035,44.44035339355469,84.76454162597656,128.42433166503906
2020-03-16,129.17127990722656,58.63576889038086,108.74822235107422,26.710634231567383,75.36558532714844,94.6460189819336,54.56022262573242,56.10405349731445,38.24787521362305,95.7473373413086,22.15944480895996,39.54389572143555,74.34680938720703,39.332271575927734,131.29095458984375,28.327611923217773,32.769500732421875,144.56158447265625,88.94506072998047,120.73489379882812,83.271240234375,54.82279586791992,129.61000061035156,159.09951782226562,32.353885650634766,66.83148193359375,43.75400924682617,41.100059509277344,138.6327362060547,121.16682434082031,248.10012817382812,79.78652954101562,17.846355438232422,55.51887512207031,23.067800521850586,135.5970458984375,77.67586517333984,26.526811599731445,3.845308542251587,34.5782356262207,27.671710968017578,21.285913467407227,70.42475128173828,257.9080505371094,111.05473327636719,24.11854362487793,27.948808670043945,44.357269287109375,74.17237854003906,110.94805145263672
2020-03-17,139.8067626953125,61.21398162841797,116.84040069580078,28.50734519958496,79.97146606445312,103.14234924316406,55.33518981933594,59.76301193237305,39.870418548583984,108.13375854492188,23.613243103027344,44.39270782470703,80.02713012695312,43.14397048950195,130.0662384033203,29.83181381225586,36.606327056884766,152.16824340820312,91.3434829711914,117.63774871826172,89.3242416381836,61.735015869140625,124.13999938964844,175.22198486328125,34.39422607421875,72.12102508544922,48.522613525390625,43.49641799926758,142.68064880371094,134.10952758789062,274.7161560058594,80.44621276855469,19.190946578979492,60.04740905761719,25.79241180419922,139.11277770996094,86.08448028564453,28.32041358947754,3.845308542251587,38.04526138305664,29.362272262573242,21.42466163635254,78.29556274414062,291.4390563964844,118.77107238769531,25.147136688232422,30.15529441833496,49.58407211303711,74.35234832763672,117.1031265258789
2020-03-18,133.92147827148438,59.71546936035156,115.44610595703125,25.64963722229004,71.55294799804688,102.45321655273438,43.092403411865234,57.47614669799805,37.901397705078125,102.37657165527344,23.760089874267578,42.203208923339844,77.70097351074219,43.521453857421875,120.97342681884766,31.19314956665039,37.62538146972656,136.38528442382812,93.09642791748047,106.75758361816406,89.25293731689453,59.52767562866211,101.88999938964844,172.75978088378906,32.06241226196289,71.91234588623047,47.83659744262695,40.40044403076172,131.4752197265625,134.00645446777344,287.27886962890625,68.52515411376953,18.151948928833008,63.99577713012695,24.477989196777344,122.76153564453125,86.32334899902344,25.77249526977539,3.4538683891296387,40.50747299194336,30.171951293945312,18.502748489379883,80.2935791015625,294.78857421875,110.7579116821289,24.181642532348633,28.23958396911621,47.98861312866211,65.6230239868164,105.55082702636719
2020-03-19,136.12489318847656,59.25791931152344,108.6797866821289,26.664161682128906,72.755615234375,96.67851257324219,44.92411804199219,56.75398254394531,35.34928894042969,99.34557342529297,22.335668563842773,40.722862243652344,75.29228210449219,41.49591827392578,131.7227020263672,31.688949584960938,36.826873779296875,141.2052001953125,93.42935943603516,106.17744445800781,91.8292465209961,58.61306381225586,97.70999908447266,167.59922790527344,31.479469299316406,67.5936279296875,46.33072280883789,39.234432220458984,134.79638671875,124.64127349853516,270.726806640625,71.60994720458984,18.509920120239258,63.29473114013672,24.625967025756836,131.0642547607422,81.70500946044922,25.914974212646484,3.4308419227600098,37.2398681640625,30.41219711303711,20.885982513427734,77.8587417602539,270.977294921875,104.21219635009766,23.41176986694336,28.615875244140625,44.6065559387207,68.89875030517578,110.58761596679688
2020-03-20,131.01222229003906,55.49589538574219,102.55508422851562,25.355356216430664,71.2203140258789,89.35106658935547,46.48969268798828,57.259517669677734,32.36618423461914,87.99207305908203,21.30038070678711,40.625362396240234,71.57794952392578,42.0299186706543,130.83279418945312,29.915843963623047,35.13737106323242,133.3356170654297,84.85486602783203,100.41159057617188,85.13438415527344,54.59415054321289,95.01000213623047,158.7369842529297,31.67378044128418,61.69618225097656,45.761844635009766,38.92081832885742,130.72084045410156,114.6299057006836,250.9263458251953,68.86895751953125,17.17406463623047,59.032108306884766,23.067800521850586,121.34999084472656,71.93479919433594,24.86731719970703,3.3233885765075684,35.606075286865234,28.26785659790039,21.906206130981445,75.60185241699219,259.213134765625,97.50984191894531,21.63222312927246,26.17848777770996,44.34894943237305,71.74254608154297,103.16643524169922
2020-03-23,129.70541381835938,54.31694412231445,95.07022857666016,24.3563175201416,67.4076919555664,85.22501373291016,42.44269561767578,53.27957534790039,31.7408447265625,89.05036926269531,20.91857147216797,43.949485778808594,71.11270141601562,40.685699462890625,120.79720306396484,29.075510025024414,35.23295211791992,142.30938720703125,80.0852279663086,92.69994354248047,81.88056945800781,53.178279876708984,105.62000274658203,156.78065490722656,29.682024002075195,56.99637985229492,44.4149169921875,37.312522888183594,119.65340423583984,111.49256896972656,238.50155639648438,64.07450866699219,15.785819053649902,58.50835037231445,21.979700088500977,118.33397674560547,68.01715850830078,23.308393478393555,3.0777816772460938,33.45069122314453,27.65390968322754,20.037158966064453,74.33992767333984,246.2898712158203,92.61289978027344,19.802188873291016,25.066692352294922,39.28833770751953,65.24504852294922,102.72282409667969
2020-03-24,141.49508666992188,59.76631164550781,101.9477310180664,27.44635009765625,75.42530059814453,90.08380889892578,52.09444808959961,55.40596389770508,33.33803176879883,96.38231658935547,21.8070068359375,46.44924545288086,79.14917755126953,44.04624938964844,142.69224548339844,32.43684005737305,35.464168548583984,161.87814331054688,90.17484283447266,106.6683349609375,90.34051513671875,53.802677154541016,127.68000030517578,170.6179962158203,34.05417251586914,63.229515075683594,45.46903991699219,39.59630584716797,135.42198181152344,115.08879089355469,248.93589782714844,78.095458984375,18.361492156982422,59.59617233276367,25.17437171936035,134.66769409179688,71.26593017578125,27.84267807006836,3.799255609512329,34.70863723754883,26.82642936706543,25.089296340942383,77.0578842163086,256.7123718261719,96.76786804199219,20.995250701904297,27.64092254638672,40.0777587890625,73.83938598632812,116.44692993164062
2020-03-25,140.14060974121094,59.43706512451172,102.13593292236328,28.87908363342285,78.239990234375,88.03386688232422,54.2236213684082,54.739967346191406,35.163368225097656,95.24781799316406,21.843721389770508,45.43870162963867,79.42681884765625,42.29692840576172,143.5997772216797,31.655332565307617,33.72842788696289,159.28411865234375,89.37311553955078,115.71874237060547,93.30908966064453,52.668235778808594,158.72999572753906,162.8603057861328,36.72602844238281,64.19126892089844,44.87504959106445,39.684757232666016,144.27224731445312,114.19910430908203,275.4399719238281,83.78187561035156,18.422611236572266,56.13127517700195,25.2178955078125,136.00909423828125,74.044921875,28.488037109375,4.136966705322266,31.78620147705078,24.860055923461914,25.25253677368164,76.44312286376953,263.1740417480469,95.9269790649414,22.285568237304688,27.96591567993164,39.59579849243164,77.13314056396484,118.74815368652344
2020-03-26,148.90655517578125,62.56483459472656,108.26921844482422,30.063980102539062,83.69025421142578,93.66902160644531,59.78925323486328,59.00072479248047,37.428165435791016,101.81780242919922,23.312204360961914,49.23264694213867,84.70943450927734,46.476890563964844,147.4501190185547,34.10070037841797,33.857913970947266,171.07090759277344,92.52571105957031,122.6360092163086,98.50628662109375,56.124332427978516,180.5500030517578,167.37156677246094,39.44648742675781,68.78217315673828,48.781959533691406,42.016788482666016,155.97442626953125,125.82130432128906,301.8577880859375,86.68084716796875,19.837047576904297,59.51558303833008,26.897924423217773,145.35519409179688,80.69375610351562,29.92961883544922,4.029512882232666,35.03079605102539,25.803205490112305,26.191137313842773,80.71424102783203,293.1365661621094,102.23365020751953,23.757442474365234,29.471111297607422,41.54857635498047,80.77786254882812,128.54446411132812
2020-03-27,142.79232788085938,59.97450256347656,105.35224151611328,28.615768432617188,77.72823333740234,96.10275268554688,53.84006118774414,57.55640411376953,36.177467346191406,101.98712158203125,22.688100814819336,46.42264175415039,81.06262969970703,45.87845230102539,144.50730895996094,32.6217155456543,33.78391647338867,166.9871826171875,90.52815246582031,117.16468048095703,93.99549865722656,57.39069747924805,162.0,167.1860809326172,37.01751708984375,67.64806365966797,49.02457046508789,42.45103454589844,148.3845672607422,125.59654998779297,300.1775817871094,82.44390869140625,18.859163284301758,58.70174026489258,26.35822868347168,138.8234405517578,78.37659454345703,28.504789352416992,3.983461618423462,33.74983596801758,25.918867111206055,23.873197555541992,78.88606262207031,284.88616943359375,102.9591064453125,23.757442474365234,28.65009307861328,43.060943603515625,76.49417877197266,124.8662338256836
2020-03-30,152.83644104003906,61.68605041503906,113.77803039550781,29.041709899902344,79.74967956542969,100.31607055664062,56.32148742675781,61.74493408203125,38.02816390991211,106.23729705810547,23.987709045410156,49.188323974609375,84.73944854736328,46.36642837524414,148.1373748779297,33.88222122192383,35.51350021362305,171.8508758544922,93.58561706542969,117.5931167602539,99.5849609375,58.551513671875,152.27999877929688,175.79537963867188,38.32916259765625,71.98491668701172,49.9281005859375,43.737674713134766,163.99671936035156,129.6516571044922,300.5825500488281,83.87479400634766,19.24333381652832,61.1835823059082,26.044858932495117,139.9456787109375,78.69512176513672,29.2004451751709,3.8606579303741455,34.639610290527344,26.381546020507812,23.905841827392578,79.1449203491211,286.31903076171875,109.1750717163086,24.191875457763672,30.642776489257812,44.9555549621582,77.32213592529297,131.2606201171875
2020-03-31,150.4327392578125,61.5601692199707,112.16987609863281,29.40570831298828,76.78999328613281,95.95447540283203,56.72071838378906,61.73693084716797,37.39434814453125,101.68232727050781,23.965679168701172,47.97390365600586,83.23872375488281,44.49738693237305,145.6879425048828,33.03348159790039,35.02946472167969,163.62205505371094,92.74991607666016,119.41390228271484,103.4449691772461,58.358055114746094,149.13999938964844,170.94683837890625,38.57205581665039,71.59480285644531,49.63528823852539,44.82328796386719,163.00314331054688,129.91392517089844,292.0523376464844,79.54492950439453,18.536115646362305,60.240787506103516,24.982864379882812,135.53565979003906,77.7555160522461,28.496421813964844,3.7071526050567627,35.09215545654297,26.79974365234375,25.138273239135742,75.56948852539062,276.1246643066406,105.41581726074219,25.073698043823242,30.08686637878418,43.850372314453125,75.23429107666016,128.40731811523438
2020-04-01,145.0911407470703,58.321048736572266,110.18534088134766,29.064943313598633,71.9538345336914,95.3700180053711,53.667842864990234,59.21738052368164,35.594356536865234,100.00598907470703,23.312204360961914,45.98828887939453,78.89405822753906,44.84726333618164,139.3617401123047,32.209957122802734,35.189781188964844,156.54115295410156,90.46021270751953,115.77230072021484,99.26399993896484,57.64571762084961,130.6999969482422,166.79818725585938,34.19990158081055,69.47172546386719,48.80705261230469,44.08345413208008,159.22201538085938,127.7598648071289,291.6818542480469,72.32539367675781,17.261377334594727,58.427772521972656,23.128734588623047,127.38196563720703,74.7456283569336,26.501667022705078,3.3771166801452637,33.00580596923828,27.137853622436523,24.175180435180664,73.11846160888672,280.1768493652344,103.59391784667969,24.386398315429688,28.96652603149414,44.14121627807617,71.8955307006836,124.23423767089844
2020-04-02,148.0957794189453,59.29423141479492,113.89779663085938,31.287609100341797,74.64059448242188,99.79266357421875,59.585716247558594,61.680755615234375,37.14083480834961,104.86572265625,24.134559631347656,48.17778778076172,82.54086303710938,45.850833892822266,142.29576110839844,33.76233673095703,36.580238342285156,158.88980102539062,93.70112609863281,118.53919219970703,104.06898498535156,59.94978332519531,123.2699966430664,176.13267517089844,33.519798278808594,72.0756607055664,46.3558235168457,44.764522552490234,155.3028564453125,133.1542510986328,304.985595703125,71.62467193603516,17.95986557006836,62.029640197753906,23.69454574584961,131.45004272460938,77.34941864013672,28.412607192993164,3.346414804458618,30.9271183013916,28.11659049987793,27.635778427124023,75.2621078491211,286.83929443359375,106.57821655273438,23.4851131439209,29.359933853149414,45.60371398925781,72.65148162841797,129.54116821289062
2020-04-03,146.73178100585938,58.44209671020508,114.77032470703125,30.366018295288086,72.43438720703125,100.38583374023438,58.79509353637695,61.18325424194336,37.03943634033203,105.4837875366211,24.699922561645508,47.9827766418457,79.79450225830078,45.482540130615234,141.26487731933594,33.134613037109375,36.83612060546875,156.60256958007812,90.9018325805664,113.75513458251953,102.2236557006836,59.46611404418945,124.5199966430664,173.20663452148438,32.693946838378906,72.08473205566406,46.61516571044922,45.02399444580078,150.7305450439453,130.79428100585938,302.0043029785156,68.76565551757812,17.488386154174805,63.0207633972168,22.832767486572266,128.81982421875,75.79669952392578,28.370698928833008,3.2543118000030518,31.23394012451172,28.73053550720215,26.860401153564453,72.802978515625,286.2186279296875,107.10582733154297,24.2567138671875,29.63360023498535,47.12439727783203,72.38152313232422,125.95365142822266
2020-04-06,157.6439208984375,63.540443420410156,119.55205535888672,31.341819763183594,77.09671020507812,102.76726531982422,62.928226470947266,64.4410171508789,39.43943405151367,111.04625701904297,25.382770538330078,51.79444122314453,86.15765380859375,47.406803131103516,155.98782348632812,35.14507293701172,38.86784744262695,167.6707305908203,95.59675598144531,119.60134887695312,107.35848236083984,61.99882125854492,148.77000427246094,178.4093780517578,35.1229133605957,75.06066131591797,47.033470153808594,46.92127990722656,159.60841369628906,132.62042236328125,317.0398864746094,78.36106872558594,18.675813674926758,62.633995056152344,24.92192840576172,138.72702026367188,81.77665710449219,31.019180297851562,3.4768946170806885,32.69898223876953,29.033052444458008,26.7706241607666,77.39765167236328,303.3036804199219,109.76863861083984,24.17242431640625,30.599994659423828,47.947059631347656,77.96107482910156,133.361083984375
2020-04-07,155.946044921875,62.80447769165039,117.6017074584961,31.93814468383789,78.11365509033203,98.37077331542969,63.34310531616211,63.03682327270508,39.30421829223633,110.47053527832031,24.677892684936523,51.767852783203125,86.24769592285156,46.73469161987305,154.71029663085938,34.47490692138672,37.60996627807617,168.5120086669922,98.2465591430664,120.70811462402344,108.6867446899414,60.71487808227539,141.5800018310547,176.04835510253906,34.151329040527344,74.33480072021484,47.57725143432617,46.13479232788086,162.99392700195312,132.87332153320312,306.1228942871094,81.82740020751953,19.330642700195312,60.16826629638672,25.043800354003906,145.55679321289062,81.1396484375,30.960514068603516,3.6150496006011963,32.83706283569336,28.34793472290039,27.15422821044922,75.15694427490234,297.08843994140625,108.31770324707031,24.950502395629883,30.771055221557617,46.90003204345703,81.97479248046875,132.7383575439453
2020-04-08,157.51034545898438,64.41194152832031,122.54598236083984,33.959442138671875,81.26785278320312,100.40328216552734,67.30400085449219,65.49217987060547,40.41126251220703,112.27388763427734,25.40479278564453,52.281982421875,89.5118179321289,48.22407150268555,156.3843536376953,35.408050537109375,37.56372833251953,170.72918701171875,101.22930908203125,124.28718566894531,113.57194519042969,61.75259780883789,146.8699951171875,184.82630920410156,35.462982177734375,77.07486724853516,49.70221710205078,47.22937774658203,171.31982421875,136.9377899169922,311.40472412109375,86.03182220458984,20.47441864013672,60.42612075805664,26.35822868347168,155.14842224121094,84.01419067382812,32.99716567993164,3.8606579303741455,33.05182647705078,27.60053253173828,29.121213912963867,79.91340637207031,300.8759765625,109.34821319580078,26.020366668701172,31.198659896850586,46.71561813354492,84.00861358642578,136.40948486328125
2020-04-09,157.51986694335938,64.87673950195312,120.80950927734375,33.4018440246582,88.5586929321289,100.01944732666016,65.99674224853516,66.19026947021484,41.408447265625,113.1374740600586,25.984848022460938,50.65095138549805,91.1701431274414,49.19539260864258,161.85589599609375,34.94996643066406,37.5513916015625,176.6094207763672,100.40718841552734,128.01805114746094,111.45919036865234,61.47997283935547,151.83999633789062,183.9999542236328,34.68569564819336,78.0638198852539,50.5890007019043,47.76450729370117,167.28106689453125,136.47885131835938,319.66778564453125,88.59184265136719,21.705501556396484,59.23355484008789,28.900039672851562,161.54859924316406,83.73548889160156,34.43037033081055,4.121617317199707,33.7344856262207,27.636119842529297,28.345842361450195,79.83251190185547,307.2463073730469,108.400146484375,26.526121139526367,32.13942337036133,48.11549377441406,87.44635009765625,135.4615020751953
2020-04-13,157.87278747558594,66.1501235961914,119.56062316894531,33.11530303955078,84.62025451660156,101.14473724365234,66.4664306640625,64.62556457519531,39.65915298461914,110.81764221191406,25.801288604736328,52.03378677368164,90.90750885009766,49.00111389160156,158.70164489746094,34.96692657470703,38.63045883178711,174.20828247070312,99.46955108642578,123.11798858642578,101.75118255615234,61.11060333251953,147.3300018310547,184.050537109375,34.10275650024414,77.89141082763672,49.325748443603516,47.77261734008789,163.2791748046875,135.25204467773438,318.7545166015625,84.39677429199219,20.884782791137695,60.659812927246094,27.35928726196289,157.09478759765625,81.41039276123047,33.173194885253906,3.9604361057281494,33.834205627441406,27.876358032226562,27.99489402770996,79.61409759521484,309.2541809082031,109.4059066772461,26.221372604370117,30.8480224609375,48.34182357788086,84.30558776855469,129.93148803710938
2020-04-14,165.68487548828125,69.49091339111328,124.91549682617188,32.85972595214844,82.30199432373047,105.51502990722656,66.23158264160156,66.47109985351562,41.34083557128906,117.17596435546875,26.75580596923828,53.771202087402344,92.9785385131836,49.95394515991211,162.1114501953125,36.29029083251953,39.77117156982422,181.55201721191406,102.0106430053711,125.48323059082031,103.83719635009766,64.29410552978516,141.0,191.2432098388672,33.66553497314453,81.21700286865234,51.50089645385742,48.68071746826172,170.76783752441406,141.51734924316406,327.4484558105469,82.5842056274414,20.718891143798828,62.650108337402344,26.27117919921875,156.2618408203125,81.16353607177734,33.40785598754883,4.060214996337891,35.57538986206055,28.552576065063477,27.815336227416992,82.0246810913086,318.32598876953125,115.48997497558594,27.310680389404297,31.848644256591797,49.330955505371094,83.50463104248047,128.37939453125
2020-04-15,163.94886779785156,68.85664367675781,126.30980682373047,31.349563598632812,78.24291229248047,105.74185180664062,64.57206726074219,65.8532485961914,40.233795166015625,114.32278442382812,26.410707473754883,52.18447494506836,89.06159973144531,49.176883697509766,156.69273376464844,35.2214241027832,39.697181701660156,173.93655395507812,98.62705993652344,120.35108184814453,99.42446899414062,63.88956832885742,145.97999572753906,187.02711486816406,31.576622009277344,82.85701751708984,50.664310455322266,48.21044921875,167.98948669433594,141.58290100097656,322.5801696777344,78.2863540649414,19.37430191040039,60.136051177978516,24.756540298461914,156.51609802246094,78.8145523071289,32.18418884277344,3.8606579303741455,33.320289611816406,28.499189376831055,26.280920028686523,80.8274917602539,314.2189636230469,113.49492645263672,26.526121139526367,30.351991653442383,49.49860382080078,79.62593841552734,125.7584457397461
2020-04-16,168.87081909179688,69.40376281738281,128.02914428710938,30.31955337524414,75.26109313964844,105.98609161376953,62.61508560180664,66.59947967529297,39.80280685424805,114.83922576904297,26.344621658325195,53.886444091796875,86.84048461914062,49.67643356323242,158.15533447265625,35.20445251464844,40.797821044921875,175.13720703125,98.45037078857422,118.11079406738281,100.93104553222656,64.05665588378906,134.24000549316406,194.700439453125,30.31355094909668,87.46727752685547,52.337486267089844,48.291526794433594,179.71932983398438,144.90757751464844,325.5958557128906,76.00659942626953,18.702007293701172,61.67510223388672,23.407289505004883,155.2185516357422,79.2604751586914,32.150657653808594,3.7915806770324707,33.159210205078125,28.42801284790039,25.35863494873047,82.68800354003906,315.9986877441406,115.19318389892578,26.195432662963867,30.497377395629883,50.87333679199219,80.00391387939453,120.77685546875
2020-04-17,170.3588104248047,68.4620361328125,130.03936767578125,33.47154998779297,82.0262222290039,108.76876831054688,68.23548889160156,66.96858215332031,40.614078521728516,116.45634460449219,27.10089874267578,53.50526809692383,90.13461303710938,50.527496337890625,163.97056579589844,36.035789489746094,40.73308563232422,183.5238037109375,99.51030731201172,123.45716094970703,104.62859344482422,64.9591293334961,154.0,198.13241577148438,33.22831726074219,87.47638702392578,53.006771087646484,49.13475799560547,178.59693908691406,147.30502319335938,345.9564514160156,81.64987182617188,20.325986862182617,67.67822265625,24.704309463500977,160.87351989746094,82.40570068359375,32.762489318847656,3.929734945297241,34.13335418701172,28.410215377807617,28.778419494628906,83.11672973632812,325.1799621582031,117.01512908935547,26.48720932006836,31.80587387084961,50.8565673828125,83.97261047363281,128.68612670898438
2020-04-20,166.982177734375,67.0409927368164,129.73997497558594,31.891677856445312,79.03578186035156,105.20100402832031,65.41747283935547,66.67972564697266,39.32111740112305,113.91638946533203,26.491477966308594,52.45927429199219,90.35224151611328,49.870689392089844,160.04965209960938,36.08668899536133,40.033233642578125,180.570556640625,97.61467742919922,121.11865234375,103.09918212890625,63.844337463378906,143.61000061035156,199.5067901611328,31.625198364257812,89.28951263427734,52.1534423828125,50.01043701171875,173.6013641357422,147.77330017089844,330.18841552734375,78.49189758300781,19.64496421813965,65.4784164428711,24.094972610473633,158.1643829345703,80.5424575805664,32.150657653808594,3.822281837463379,32.86773681640625,28.410215377807617,28.215261459350586,81.8628921508789,313.8721618652344,115.18494415283203,25.333057403564453,31.078935623168945,50.932010650634766,81.98377227783203,127.60803985595703
2020-04-21,160.0762481689453,64.96873474121094,128.03773498535156,31.721288681030273,76.7433853149414,104.3984603881836,63.90668869018555,63.03682327270508,38.34929275512695,110.8599853515625,26.153724670410156,49.95952224731445,87.61337280273438,47.46551513671875,156.4636688232422,34.3985710144043,39.8359260559082,175.80320739746094,96.2286376953125,117.81625366210938,98.82589721679688,62.472938537597656,136.3300018310547,194.573974609375,31.479469299316406,85.69058990478516,50.40494918823242,49.12666320800781,163.6747589111328,142.9783477783203,321.770263671875,76.1654281616211,18.894092559814453,63.27861404418945,23.363765716552734,152.38665771484375,78.71102905273438,30.968894958496094,3.6611008644104004,32.63762283325195,28.623760223388672,27.088932037353516,81.39373016357422,304.53570556640625,114.97885131835938,24.483646392822266,29.93293571472168,50.11052322387695,79.2029800415039,124.59669494628906
2020-04-22,165.51319885253906,66.84007263183594,130.869140625,32.62739944458008,76.99330139160156,104.15423583984375,66.0985107421875,64.17621612548828,38.602806091308594,112.2823486328125,26.616294860839844,53.27479934692383,89.52680969238281,48.35357666015625,164.30535888671875,35.425018310546875,40.56968307495117,178.9230194091797,97.57392120361328,118.73554992675781,99.53660583496094,63.003787994384766,134.97000122070312,193.34288024902344,31.23655891418457,86.99349212646484,50.91111755371094,49.4023323059082,167.9803009033203,146.76185607910156,327.7672119140625,77.11844635009766,19.03378677368164,65.51870727539062,23.32894515991211,154.2891845703125,80.12838745117188,31.689697265625,3.6611008644104004,33.22057342529297,28.748329162597656,28.54989242553711,78.95887756347656,312.1381530761719,117.72407531738281,24.51607322692871,30.275020599365234,50.45420455932617,81.05683898925781,126.59496307373047
2020-04-23,163.51014709472656,66.5810317993164,133.02474975585938,33.64966583251953,77.03639221191406,104.84883117675781,67.94588470458984,64.89839172363281,38.08732223510742,110.2842788696289,26.939363479614258,52.33517837524414,91.05757904052734,48.076053619384766,160.39329528808594,35.306243896484375,39.62627029418945,177.30174255371094,98.0631332397461,120.20826721191406,101.57879638671875,63.021480560302734,137.74000549316406,196.04116821289062,31.67378044128418,85.59038543701172,51.69565963745117,49.41854476928711,169.53506469726562,149.77745056152344,324.60504150390625,77.04369354248047,19.094905853271484,62.674278259277344,23.093921661376953,153.47384643554688,78.95787811279297,31.40472984313965,3.753204107284546,33.366310119628906,29.2554931640625,29.52931022644043,80.4472885131836,306.4978942871094,115.71255493164062,24.931053161621094,30.565793991088867,50.051856994628906,81.4617919921875,127.43138122558594
2020-04-24,166.49569702148438,68.50321197509766,132.46875,33.866519927978516,78.1739730834961,104.30438232421875,68.11026000976562,65.3397216796875,38.39154052734375,113.75552368164062,27.44599151611328,52.53017807006836,93.58633422851562,49.03811264038086,162.13787841796875,36.06971740722656,39.90682601928711,185.94252014160156,99.8772201538086,120.9580078125,102.59540557861328,63.17190933227539,128.97999572753906,199.2370147705078,30.41071319580078,85.69970703125,52.5645637512207,50.47259521484375,173.14138793945312,152.58700561523438,328.9476318359375,77.70706939697266,19.365571975708008,64.17304229736328,23.43340492248535,155.18344116210938,79.89747619628906,31.82378387451172,3.737854242324829,33.5504035949707,29.326675415039062,29.455848693847656,81.03779602050781,309.67401123046875,116.78423309326172,25.55999755859375,30.779605865478516,50.697303771972656,83.45967102050781,128.8441162109375
2020-04-27,166.0187530517578,68.55162048339844,131.9811553955078,34.02915573120117,81.54362487792969,103.13646697998047,70.22379302978516,67.38584899902344,39.53239059448242,113.84019470214844,28.14352035522461,52.71634292602539,94.48678588867188,49.371150970458984,163.7855224609375,36.52779769897461,39.555355072021484,190.83253479003906,104.39546966552734,124.84950256347656,103.63899230957031,62.84452438354492,128.67999267578125,204.42283630371094,31.23655891418457,86.51060485839844,53.568443298339844,50.72393798828125,177.38253784179688,151.05113220214844,326.19049072265625,79.472900390625,20.491880416870117,64.382568359375,24.730424880981445,160.9173583984375,84.80247497558594,32.94688415527344,3.968111038208008,34.07965850830078,29.61139678955078,30.320995330810547,82.9549560546875,314.6936340332031,115.71255493164062,25.77396583557129,31.24997329711914,50.278175354003906,86.39342498779297,129.83859252929688
2020-04-28,161.97442626953125,67.44044494628906,129.50048828125,34.826812744140625,82.12103271484375,102.64472961425781,70.38035583496094,65.13910675048828,39.498592376708984,115.41496276855469,27.835140228271484,52.07810592651367,94.7494125366211,49.213890075683594,163.82073974609375,36.044273376464844,39.46287155151367,190.7185821533203,107.08602142333984,127.42002868652344,103.87287902832031,62.91532516479492,131.3000030517578,200.40904235839844,33.033992767333984,83.3307876586914,53.3491096496582,50.38340377807617,174.42018127441406,147.31442260742188,331.4981689453125,82.3973388671875,20.85858726501465,63.39144515991211,25.13084602355957,163.9596710205078,90.6868896484375,33.6341438293457,4.1292924880981445,34.248409271240234,28.792816162109375,31.406517028808594,78.00434875488281,314.4380187988281,116.24019622802734,26.39643669128418,31.788774490356445,51.09965896606445,82.33474731445312,131.56724548339844
2020-04-29,169.24278259277344,69.65554809570312,128.51673889160156,36.75519943237305,84.33586120605469,102.81157684326172,74.0672836303711,64.81011962890625,39.819705963134766,112.90888214111328,27.98933219909668,54.78174591064453,96.56531524658203,49.84294509887695,165.48597717285156,36.76532745361328,38.10633850097656,194.38168334960938,106.16881561279297,130.4547119140625,108.01124572753906,62.07480239868164,139.0,198.73953247070312,31.965259552001953,84.07791900634766,52.81764221191406,49.96989059448242,180.19769287109375,145.3102569580078,334.2381591796875,89.80644226074219,21.635652542114258,66.99332427978516,26.1144962310791,166.60743713378906,93.09959411621094,34.48811721801758,4.037189483642578,34.79301452636719,28.04541778564453,34.45085906982422,77.74549102783203,302.8472595214844,114.55843353271484,26.24082374572754,32.8492546081543,50.546417236328125,86.28543853759766,136.71624755859375
2020-04-30,170.940673828125,71.125,128.3456573486328,35.98849868774414,82.52606964111328,103.50528717041016,72.01634979248047,63.662689208984375,38.7802734375,112.0029525756836,28.165557861328125,53.168426513671875,94.21662902832031,49.00111389160156,165.25692749023438,35.950958251953125,37.47431564331055,192.64649963378906,103.22003936767578,126.65243530273438,104.70055389404297,62.1721076965332,141.02000427246094,201.71607971191406,33.033992767333984,83.90482330322266,51.92342758178711,49.30504608154297,180.11489868164062,144.82327270507812,335.22906494140625,85.25633239746094,20.9982852935791,67.68629455566406,25.287532806396484,160.8121795654297,92.07240295410156,33.338233947753906,3.9067094326019287,33.20523452758789,28.125492095947266,34.36106872558594,76.57256317138672,301.7886657714844,114.16268920898438,25.449769973754883,31.76311492919922,50.202735900878906,81.74078369140625,134.82022094726562
2020-05-01,166.51475524902344,69.97994232177734,126.84867858886719,33.40958786010742,80.36295318603516,102.58325958251953,70.01244354248047,62.322669982910156,38.53520202636719,110.18265533447266,27.636892318725586,50.9434700012207,91.4477767944336,47.9095344543457,160.93960571289062,34.71243667602539,37.89668655395508,191.54234313964844,100.96428680419922,122.50213623046875,99.75251770019531,60.63264083862305,133.3699951171875,194.7678680419922,31.576622009277344,81.8639144897461,50.36277389526367,48.859092712402344,172.12020874023438,143.87741088867188,330.4125671386719,82.51879119873047,20.1513729095459,64.4228286743164,24.016624450683594,155.27113342285156,87.93977355957031,32.46735763549805,3.7762298583984375,31.954946517944336,28.43691062927246,31.945205688476562,74.33992767333984,299.4065856933594,112.76119995117188,24.580913543701172,30.035564422607422,49.94287872314453,79.1939926147461,128.4352264404297
2020-05-04,170.58775329589844,70.97007751464844,126.83161926269531,34.75712966918945,79.4063491821289,101.66120910644531,71.5780029296875,61.672725677490234,38.14646911621094,110.84307098388672,27.622211456298828,51.4044189453125,91.30519104003906,47.872528076171875,160.24351501464844,35.07720184326172,38.13715744018555,194.407958984375,100.82841491699219,120.6723861694336,96.9096450805664,61.47315979003906,131.4600067138672,194.7089080810547,30.167816162109375,81.8456802368164,50.57367706298828,48.7861213684082,169.838623046875,143.5496063232422,327.56048583984375,80.70621490478516,20.020404815673828,64.66458129882812,23.807710647583008,154.33303833007812,87.18331146240234,32.20524978637695,3.7301783561706543,32.5609245300293,28.944072723388672,32.940921783447266,73.15890502929688,294.386962890625,111.89559936523438,24.645753860473633,29.72767448425293,50.0686149597168,78.14105987548828,123.55577850341797
2020-05-05,172.4191131591797,72.03524017333984,127.88374328613281,34.7183952331543,79.28571319580078,101.87196350097656,72.71305084228516,62.595497131347656,38.366188049316406,111.47802734375,28.27569007873535,52.07810592651367,91.98052978515625,48.15005874633789,157.92623901367188,35.17052459716797,38.454715728759766,197.7117919921875,100.16938781738281,120.37784576416016,97.980224609375,61.50855255126953,125.4000015258789,199.3044891357422,30.119239807128906,84.7612533569336,51.63660430908203,49.750980377197266,175.15615844726562,147.86695861816406,336.2974853515625,81.04256439208984,19.7846622467041,63.770145416259766,22.911113739013672,156.3232421875,87.32662200927734,32.112247467041016,3.8146064281463623,32.2310905456543,29.193214416503906,33.397979736328125,74.99514770507812,300.02716064453125,113.04974365234375,23.861188888549805,29.898723602294922,50.13568115234375,79.43696594238281,125.60973358154297
2020-05-06,174.11697387695312,72.77843475341797,126.66907501220703,34.067874908447266,77.79478454589844,99.31661224365234,70.48994445800781,61.881343841552734,37.816898345947266,110.72454071044922,28.27569007873535,52.7556037902832,92.42326354980469,47.974281311035156,155.92617797851562,34.90754699707031,38.01384353637695,196.23077392578125,99.33367156982422,118.74449920654297,96.86467742919922,60.022151947021484,121.86000061035156,199.49839782714844,29.050491333007812,82.98458099365234,50.96173095703125,49.56450271606445,168.75306701660156,146.73377990722656,326.1990661621094,78.48253631591797,19.51399803161621,62.424495697021484,22.293075561523438,155.1133575439453,86.15614318847656,31.53730583190918,3.737854242324829,31.60211944580078,29.166515350341797,33.04703140258789,75.17312622070312,294.81591796875,111.10417938232422,23.16739273071289,29.419797897338867,49.43154525756836,79.91393280029297,122.80294799804688
2020-05-07,175.1280975341797,73.53134155273438,126.24991607666016,34.2614860534668,78.6048812866211,98.49996948242188,72.51734924316406,60.661705017089844,37.690128326416016,111.37643432617188,27.40805435180664,52.74668502807617,92.1875228881836,48.65884017944336,159.58270263671875,35.094173431396484,37.74444580078125,201.0769500732422,99.02111053466797,118.52134704589844,96.52278137207031,60.87153244018555,128.64999389648438,196.74949645996094,29.682024002075195,85.63594818115234,51.839073181152344,49.49152755737305,169.44308471679688,143.25929260253906,324.4413146972656,81.03323364257812,19.941823959350586,62.53729248046875,22.408536911010742,159.84776306152344,88.65641021728516,32.81401443481445,3.737854242324829,31.187917709350586,29.07754135131836,34.622257232666016,75.09223175048828,295.8289794921875,112.69525146484375,22.758901596069336,29.72767448425293,49.263893127441406,81.31783294677734,126.39978790283203
2020-05-08,176.15821838378906,75.28150177001953,127.19943237304688,35.7639045715332,79.88896942138672,101.81925964355469,74.73263549804688,61.303627014160156,38.96619415283203,113.64546203613281,27.600860595703125,53.19240951538086,93.52589416503906,49.55617141723633,159.6796417236328,36.46842575073242,38.06958770751953,205.44113159179688,100.90316009521484,122.19863891601562,100.85907745361328,61.37583541870117,133.44000244140625,198.00588989257812,30.556447982788086,85.37171173095703,53.24788284301758,49.499629974365234,174.12582397460938,143.76502990722656,326.0440368652344,83.62127685546875,20.579193115234375,62.440608978271484,22.586172103881836,162.5393524169922,90.82225036621094,33.88780212402344,4.0218377113342285,31.96262550354004,29.664785385131836,35.51254653930664,76.7100830078125,299.03240966796875,114.18739318847656,23.822284698486328,31.121692657470703,50.09376525878906,83.24557495117188,127.32915496826172
2020-05-11,178.1232147216797,76.4660873413086,127.55012512207031,35.42314910888672,77.53623962402344,101.25726318359375,73.08880615234375,62.5152473449707,38.48450469970703,113.77246856689453,28.253440856933594,53.602474212646484,93.22171783447266,49.51915740966797,159.3712615966797,36.748355865478516,38.295631408691406,207.3077392578125,99.01432037353516,119.85123443603516,97.71034240722656,61.384681701660156,128.91000366210938,204.6842498779297,30.07065773010254,87.53106689453125,53.85526657104492,50.805023193359375,173.86822509765625,148.4850616455078,324.45849609375,79.72518920898438,19.71480941772461,65.1077651977539,22.008859634399414,160.58419799804688,89.71546936035156,33.67642593383789,3.929734945297241,31.993309020996094,30.011798858642578,34.84482955932617,75.96586608886719,298.8680725097656,114.23689270019531,23.614791870117188,30.300676345825195,50.97393035888672,81.83370208740234,125.3681411743164
2020-05-12,174.08839416503906,75.59220123291016,125.86499786376953,34.831050872802734,75.00255584716797,100.58988952636719,71.31185150146484,61.937496185302734,37.87605667114258,112.55329132080078,27.704683303833008,52.051361083984375,91.44989776611328,48.35357666015625,155.5473175048828,36.663543701171875,38.32969665527344,204.100341796875,96.1539077758789,113.88009643554688,94.46260070800781,60.80961227416992,125.22000122070312,200.0211944580078,29.147647857666016,85.46284484863281,53.44191360473633,51.364471435546875,174.392578125,147.707763671875,319.76263427734375,77.67903900146484,19.094905853271484,62.81126403808594,21.351612091064453,155.36756896972656,89.7791519165039,32.48426055908203,3.822281837463379,31.088199615478516,29.851640701293945,34.276031494140625,75.10839080810547,297.0792541503906,113.61856842041016,23.394338607788086,29.7105770111084,52.398948669433594,79.30863189697266,120.86978149414062
2020-05-13,171.4557342529297,74.67951965332031,125.85645294189453,33.10213088989258,72.41716003417969,100.03668212890625,69.43318939208984,62.499202728271484,37.132381439208984,112.57022857666016,27.474803924560547,51.471927642822266,88.00513458251953,47.780025482177734,152.2696990966797,35.58618927001953,38.30801773071289,201.6466064453125,92.48493194580078,109.75654602050781,93.99480438232422,60.42914581298828,121.5,199.7007598876953,28.127479553222656,83.96858978271484,51.58599090576172,51.299617767333984,166.5266876220703,147.90443420410156,313.79144287109375,72.90467834472656,18.22179412841797,62.09412384033203,20.010478973388672,150.62440490722656,85.94912719726562,31.27519989013672,3.622724771499634,29.41604232788086,30.34100914001465,32.88290023803711,73.40158081054688,292.4703369140625,112.95081329345703,23.569406509399414,28.94087791442871,53.279117584228516,76.24054718017578,116.93836975097656
2020-05-14,172.19972229003906,75.13829803466797,126.29268646240234,33.39423370361328,75.42485046386719,99.9400634765625,70.48994445800781,64.23240661621094,36.929569244384766,112.6718521118164,28.119958877563477,52.66646194458008,88.932861328125,48.945613861083984,154.5516815185547,37.197959899902344,38.21821594238281,205.48492431640625,92.39661407470703,114.23419952392578,95.53318786621094,59.332035064697266,122.5199966430664,200.67047119140625,27.690261840820312,83.62236022949219,52.5645637512207,51.70501708984375,169.70065307617188,149.0241241455078,306.9844970703125,78.30501556396484,18.955204010009766,62.23108673095703,21.36937713623047,152.94776916503906,89.63582611083984,31.968509674072266,3.753204107284546,29.799564361572266,29.304019927978516,32.915870666503906,74.17005157470703,284.6854553222656,112.60456085205078,23.504568099975586,29.21454429626465,52.14748001098633,77.80625915527344,117.84918975830078
2020-05-15,174.70840454101562,74.694091796875,128.68785095214844,33.15739059448242,74.0287094116211,100.64257049560547,69.79325103759766,64.01576232910156,36.5577392578125,115.10169219970703,28.001306533813477,51.953304290771484,88.95568084716797,48.954872131347656,153.14193725585938,37.55424499511719,38.99856948852539,209.73521423339844,94.23108673095703,112.75963592529297,97.0895767211914,61.00422668457031,120.0,203.91339111328125,26.670093536376953,81.90035247802734,53.30692672729492,51.964481353759766,174.93536376953125,149.8238983154297,310.5344543457031,76.81945037841797,18.719470977783203,61.44948959350586,20.747657775878906,150.685791015625,90.38431549072266,31.52885627746582,3.7608792781829834,29.45440101623535,29.062641143798828,33.69074630737305,73.63616180419922,293.53814697265625,114.2945785522461,23.725017547607422,29.180328369140625,52.3821907043457,78.66605377197266,117.1149673461914
2020-05-18,176.3776092529297,76.45394134521484,128.75628662109375,35.794193267822266,77.9499282836914,102.0475845336914,73.51048278808594,63.96760177612305,38.002811431884766,114.73764038085938,28.231189727783203,53.41526794433594,92.4384536743164,49.167640686035156,158.44610595703125,38.22440719604492,39.53118133544922,215.0107879638672,101.41952514648438,122.31733703613281,103.47705078125,62.12790298461914,135.44000244140625,197.96240234375,30.45929718017578,82.24658203125,53.76247024536133,51.567176818847656,178.02650451660156,148.62892150878906,325.30291748046875,82.60287475585938,20.020404815673828,60.240787506103516,22.568403244018555,159.4619903564453,93.33847045898438,34.0568962097168,4.075564861297607,31.341327667236328,28.839155197143555,35.94119644165039,77.73741912841797,302.2449035644531,113.54434967041016,24.379907608032227,30.617109298706055,51.619384765625,83.1279067993164,128.1656494140625
2020-05-19,175.15667724609375,76.01216888427734,127.47315216064453,34.688941955566406,76.41590881347656,98.73704528808594,71.1832275390625,62.226375579833984,37.639427185058594,111.52883911132812,27.941978454589844,53.745094299316406,91.47270202636719,48.41832733154297,158.21702575683594,37.8426628112793,38.691993713378906,208.6573486328125,100.81482696533203,118.63992309570312,100.83210754394531,61.26966857910156,130.44000244140625,193.072509765625,30.167816162109375,80.37877655029297,53.66123580932617,50.84555435180664,176.43495178222656,147.44334411621094,320.0814208984375,81.5284194946289,19.39176368713379,58.290775299072266,21.271677017211914,155.91119384765625,90.92578125,33.25367736816406,4.06788969039917,30.850669860839844,28.39217185974121,35.174556732177734,78.00434875488281,298.46649169921875,111.51637268066406,24.068674087524414,30.081483840942383,50.906864166259766,84.36781311035156,126.53916931152344
2020-05-20,177.58627319335938,77.49048614501953,126.3268814086914,35.817874908447266,78.70828247070312,99.47466278076172,73.86790466308594,61.69679641723633,38.7802734375,111.13092041015625,27.9049015045166,56.25005340576172,92.30158233642578,48.936378479003906,162.20835876464844,38.5467529296875,38.84682083129883,208.7362060546875,101.69808959960938,122.30836486816406,104.07982635498047,62.349082946777344,133.32000732421875,193.44607543945312,31.187984466552734,82.08258056640625,53.33224105834961,50.01043701171875,173.20578002929688,144.08425903320312,312.3525085449219,84.77049255371094,20.00293731689453,59.53976058959961,21.777935028076172,159.0762481689453,91.44335174560547,34.71639633178711,4.213719844818115,31.137693405151367,28.874914169311523,36.39458465576172,78.61104583740234,292.41558837890625,112.81892395019531,24.490137100219727,30.53935432434082,51.07452392578125,86.87476348876953,132.2643280029297
2020-05-21,175.4531707763672,76.91273498535156,125.4971694946289,35.17841720581055,77.70860290527344,98.01697540283203,73.10540771484375,61.42396926879883,38.17182540893555,110.241943359375,27.630529403686523,55.25164031982422,90.5830078125,48.307315826416016,163.07180786132812,37.86811828613281,38.70438766479492,211.0935516357422,100.05128479003906,123.8009033203125,102.61339569091797,62.16328430175781,139.0,190.8228759765625,31.479469299316406,82.35592651367188,53.433467864990234,49.57259750366211,173.58297729492188,143.2844696044922,317.7895812988281,83.92961120605469,19.99420738220215,59.22551345825195,21.724639892578125,157.90138244628906,91.29206848144531,34.073814392089844,4.321173667907715,30.835153579711914,28.714000701904297,36.04011917114258,78.71619415283203,299.4521789550781,113.32183074951172,24.341007232666016,30.34066390991211,50.25303649902344,86.06022644042969,132.72901916503906
2020-05-22,175.52980041503906,77.4079360961914,124.3515396118164,35.209991455078125,77.10535430908203,98.87753295898438,71.70745849609375,61.279541015625,38.05351257324219,110.47053527832031,27.808502197265625,55.50124740600586,90.02790069580078,48.67734909057617,162.4815216064453,38.088680267333984,38.50001525878906,211.9698944091797,100.48357391357422,125.140625,101.18294525146484,62.59680938720703,137.52999877929688,192.22361755371094,31.139408111572266,83.33990478515625,53.42502975463867,49.288818359375,173.87741088867188,142.2306671142578,317.9445495605469,83.46244812011719,19.7846622467041,59.09656524658203,21.467073440551758,157.75230407714844,91.64242553710938,33.93007278442383,4.33652400970459,30.718799591064453,28.93748664855957,35.67741775512695,79.05950927734375,297.44427490234375,115.2014389038086,24.464202880859375,30.565279006958008,50.26140213012695,87.04672241210938,130.7772979736328
2020-05-26,173.67408752441406,76.88361358642578,124.51522064208984,36.24418258666992,82.5777816772461,98.37701416015625,74.10618591308594,61.99369430541992,38.94928741455078,109.85248565673828,27.801082611083984,55.57256317138672,92.59056091308594,48.825347900390625,162.8603973388672,38.03777313232422,38.35447311401367,212.49569702148438,104.35358428955078,130.319580078125,105.62720489501953,61.428924560546875,144.72999572753906,188.80239868164062,33.033992767333984,81.52680206298828,54.530147552490234,48.90774154663086,180.24368286132812,139.21969604492188,320.70184326171875,88.12470245361328,21.199100494384766,58.967647552490234,23.323347091674805,171.89414978027344,95.5918960571289,36.940067291259766,4.482354640960693,32.70466995239258,28.043533325195312,35.99890899658203,79.34559631347656,295.8745422363281,112.11817932128906,24.820817947387695,32.07713317871094,50.227874755859375,90.50396728515625,137.5806121826172
2020-05-27,173.90367126464844,77.21858978271484,124.79946899414062,36.50471115112305,87.36078643798828,100.01032257080078,74.58274841308594,62.226375579833984,39.490135192871094,110.74991607666016,27.74176025390625,56.660125732421875,95.4649887084961,49.213890075683594,165.39791870117188,38.987876892089844,37.9271354675293,216.77223205566406,108.51868438720703,133.6014404296875,110.1344223022461,62.455238342285156,149.52000427246094,190.8483428955078,35.414390563964844,82.69302368164062,55.65212631225586,48.97261047363281,183.50045776367188,137.09317016601562,342.173828125,94.58081817626953,22.683385848999023,60.35360336303711,24.824357986450195,183.81793212890625,97.51089477539062,39.620323181152344,4.628185749053955,33.3330078125,29.750995635986328,36.823238372802734,81.42998504638672,313.0234375,114.11319732666016,25.320087432861328,33.692649841308594,50.9823112487793,92.63081359863281,142.53433227539062
2020-05-28,173.51150512695312,77.25257873535156,126.5910415649414,35.55734634399414,86.05947875976562,101.9158706665039,72.17609405517578,63.42196273803711,39.79436111450195,112.0029525756836,28.31275749206543,55.002044677734375,94.69696044921875,49.602413177490234,166.2877655029297,38.6824836730957,38.301822662353516,214.82681274414062,107.60607147216797,132.67530822753906,108.6230239868164,63.78237533569336,149.82000732421875,190.27105712890625,32.93684005737305,83.91392517089844,56.149845123291016,48.49422836303711,184.52162170410156,141.75076293945312,343.31121826171875,91.61903381347656,21.705501556396484,60.69205093383789,24.175989151000977,176.4181365966797,96.07762145996094,37.540374755859375,4.490029811859131,32.44867706298828,28.660362243652344,35.454830169677734,81.51173400878906,312.7952880859375,116.0752944946289,25.164478302001953,33.692649841308594,51.89599609375,92.89326477050781,142.3484649658203
2020-05-29,175.28103637695312,77.17730712890625,128.12420654296875,35.89682388305664,83.86186218261719,101.79293823242188,72.83533477783203,64.77001190185547,39.44788360595703,111.37643432617188,28.3201847076416,56.0985107421875,94.97830963134766,49.741180419921875,165.2589111328125,40.56570816040039,38.41640090942383,217.75375366210938,107.34532928466797,131.1377716064453,108.07420349121094,63.99473571777344,145.85000610351562,194.99961853027344,31.916671752929688,86.48326873779297,55.314693450927734,48.42125701904297,181.5316925048828,143.91485595703125,336.7230224609375,88.8254165649414,21.05940055847168,62.714569091796875,23.509862899780273,173.3480682373047,96.26873016357422,37.371273040771484,4.382575511932373,33.309730529785156,29.16097640991211,34.770633697509766,81.5035400390625,307.22271728515625,116.60289764404297,25.320087432861328,33.96046447753906,52.843223571777344,92.015380859375,141.3818817138672
2020-06-01,174.8793182373047,78.1264419555664,126.78058624267578,36.53628158569336,84.9736099243164,102.96085357666016,73.70111846923828,63.83921432495117,39.70984649658203,112.59564208984375,26.29572296142578,55.1446647644043,94.970703125,49.084373474121094,166.22569274902344,39.276283264160156,38.385433197021484,216.7108917236328,106.75521850585938,131.43450927734375,108.40708923339844,64.34864807128906,151.38999938964844,192.63111877441406,32.83967971801758,84.74303436279297,55.37374496459961,48.883419036865234,182.24923706054688,143.44444274902344,337.1737976074219,90.39506530761719,21.487224578857422,60.56311798095703,24.060527801513672,176.38284301757812,97.0411148071289,37.794029235839844,4.5053791999816895,33.5889892578125,29.044769287109375,35.76808166503906,81.15204620361328,303.0708312988281,116.47097778320312,25.404388427734375,33.59762191772461,53.262351989746094,93.553955078125,138.61221313476562
2020-06-02,176.8688507080078,78.48812103271484,127.69357299804688,37.34943389892578,85.25800323486328,103.672119140625,75.21025085449219,64.86629486083984,39.63380432128906,112.29082489013672,26.814809799194336,55.37643814086914,95.81478118896484,49.28790283203125,166.3853302001953,39.77678680419922,38.379241943359375,221.46070861816406,108.16873168945312,133.38563537597656,110.944091796875,64.09205627441406,153.30999755859375,189.92300415039062,34.24848175048828,84.38771057128906,56.38606643676758,49.17530822753906,185.20240783691406,144.77113342285156,337.8760070800781,92.56266784667969,21.68804168701172,59.032108306884766,24.335865020751953,180.0970458984375,97.9090347290039,38.53807830810547,4.528405666351318,33.782928466796875,29.500680923461914,36.43581008911133,82.69696044921875,299.7621154785156,117.10579681396484,25.715618133544922,34.27146530151367,53.16175842285156,97.30988311767578,142.15325927734375
2020-06-03,177.29928588867188,78.92020416259766,128.0380859375,38.87309265136719,89.8600082397461,104.08486938476562,77.18799591064453,65.84521484375,40.47887420654297,112.45171356201172,26.814809799194336,55.20708084106445,98.13410949707031,49.4821662902832,171.4410400390625,39.8192024230957,38.23370361328125,221.2755889892578,110.61837768554688,137.88128662109375,114.33573913574219,63.39309310913086,173.16000366210938,187.61390686035156,35.75444030761719,83.27613830566406,56.39450454711914,48.81855010986328,185.24842834472656,143.51971435546875,349.02374267578125,98.4769058227539,22.69211769104004,59.95071792602539,25.605947494506836,185.769775390625,101.53206634521484,39.662593841552734,4.750988006591797,33.829471588134766,29.214616775512695,37.19419479370117,84.72413635253906,307.91925048828125,116.78423309326172,26.072233200073242,34.99714660644531,51.52717590332031,101.07482147216797,147.1720428466797
2020-06-04,174.9654083251953,78.24054718017578,126.38433074951172,38.762569427490234,91.7301254272461,101.90709686279297,76.47312927246094,65.43600463867188,40.495765686035156,111.4048080444336,26.70357894897461,56.13417053222656,98.012451171875,48.89011001586914,171.39669799804688,39.75133514404297,37.81256866455078,219.46832275390625,111.5378646850586,140.1830291748047,116.0180892944336,62.59680938720703,184.3000030517578,187.51202392578125,37.600467681884766,80.4061050415039,56.12453842163086,49.369903564453125,186.19601440429688,141.80722045898438,349.9253845214844,99.54203033447266,23.544940948486328,62.48090362548828,26.840503692626953,189.5192413330078,100.60841369628906,41.16759490966797,5.042648792266846,34.28715133666992,29.599021911621094,36.85620880126953,84.3563003540039,307.7176208496094,114.40026092529297,26.409406661987305,35.54142379760742,50.932010650634766,100.5680160522461,149.76510620117188
2020-06-05,179.05926513671875,80.46890258789062,126.87529754638672,41.90462875366211,95.858154296875,103.90924072265625,80.07122039794922,66.00570678710938,41.4844970703125,113.00032043457031,26.688743591308594,57.35544967651367,100.42303466796875,49.93544387817383,174.8735809326172,40.57419967651367,37.64225387573242,224.71372985839844,114.8726806640625,145.09225463867188,121.55988311767578,64.0566635131836,205.42999267578125,191.5784149169922,38.280574798583984,81.8730239868164,57.65988540649414,49.726661682128906,192.7187042236328,140.39585876464844,356.06268310546875,102.52249145507812,24.714271545410156,61.84431076049805,28.12835121154785,192.25405883789062,102.14518737792969,41.877811431884766,5.633643627166748,35.179237365722656,29.035825729370117,40.05465316772461,87.17634582519531,313.546875,115.69607543945312,27.174516677856445,36.73362731933594,51.13318634033203,103.12926483154297,154.95127868652344
2020-06-08,180.1688232421875,80.94466400146484,126.41878509521484,43.21513748168945,97.7713394165039,104.54149627685547,82.00131225585938,66.51924896240234,42.12675476074219,112.80406951904297,27.133682250976562,56.758174896240234,103.2290267944336,50.97153091430664,179.7429962158203,40.828678131103516,37.54316711425781,226.3622589111328,114.50212860107422,146.48594665527344,123.89896392822266,65.03874969482422,230.5,191.64633178710938,41.098182678222656,84.33304595947266,59.57484436035156,49.8077278137207,198.56980895996094,140.39585876464844,359.14007568359375,106.20370483398438,25.092327117919922,62.0215950012207,29.593835830688477,194.80374145507812,104.12789916992188,42.40202713012695,5.779474258422852,36.474693298339844,29.50963020324707,41.472511291503906,90.28248596191406,319.6784362792969,115.39705657958984,27.771053314208984,37.05326843261719,52.08880615234375,102.63150024414062,156.89369201660156
2020-06-09,181.5461883544922,83.5007553100586,125.72107696533203,42.25199508666992,95.26351165771484,103.91801452636719,80.64309692382812,66.00570678710938,41.408447265625,113.45252227783203,26.851892471313477,56.19657516479492,100.2785415649414,50.12046432495117,176.966796875,40.76082229614258,37.57722473144531,226.35345458984375,114.385498046875,142.15213012695312,120.72323608398438,64.83524322509766,216.74000549316406,190.92471313476562,38.960693359375,82.24658203125,58.52037811279297,49.4023323059082,197.3370361328125,140.32057189941406,354.164306640625,103.20454406738281,24.81098747253418,62.52117919921875,28.98099136352539,192.41287231445312,102.43184661865234,42.613407135009766,5.556891441345215,35.124935150146484,29.429168701171875,40.08761978149414,88.14087677001953,313.9409484863281,115.11461639404297,27.349586486816406,36.612674713134766,52.658809661865234,100.83953857421875,153.17605590820312
2020-06-10,188.2800750732422,85.64900970458984,127.3059310913086,39.98624038696289,91.40261840820312,104.69953918457031,77.50570678710938,65.61251068115234,41.08732223510742,114.44225311279297,26.636838912963867,56.93647003173828,98.75765991210938,50.055702209472656,173.66729736328125,40.22639083862305,37.51839065551758,224.3170166015625,112.46420288085938,138.57357788085938,119.14885711669922,65.7907943725586,203.41000366210938,192.80935668945312,36.968936920166016,83.96858978271484,56.951271057128906,48.77800750732422,192.27711486816406,142.08006286621094,350.01202392578125,99.18698120117188,23.386682510375977,62.10218811035156,26.387535095214844,188.372314453125,101.80278015136719,41.16759490966797,5.22685432434082,34.34920883178711,29.11627960205078,37.845428466796875,87.1600112915039,312.7678527832031,115.05647277832031,27.116165161132812,35.714210510253906,52.625274658203125,98.685546875,149.635009765625
2020-06-11,178.1697540283203,81.5369644165039,121.33685302734375,36.45733642578125,83.77571105957031,102.09151458740234,70.98467254638672,62.0659065246582,38.48450469970703,109.07549285888672,24.693952560424805,53.21915054321289,89.7389144897461,47.46551513671875,166.3143768310547,37.045265197753906,37.18705368041992,211.1110076904297,104.55945587158203,128.97088623046875,109.35173797607422,64.67599487304688,170.0,185.83119201660156,33.76268768310547,79.9778823852539,53.281620025634766,45.980735778808594,176.23255920410156,135.56886291503906,332.77008056640625,92.12356567382812,21.039222717285156,59.216156005859375,23.79408073425293,171.26600646972656,94.85137939453125,37.68411636352539,4.704936981201172,31.610891342163086,29.23249626159668,34.72117614746094,82.12477111816406,294.1986999511719,113.7772445678711,25.475709915161133,33.347084045410156,50.781124114990234,90.10575866699219,140.424560546875
2020-06-12,179.57577514648438,82.24092102050781,122.43939208984375,37.23890686035156,86.06808471679688,101.52947998046875,73.38339233398438,61.71003723144531,38.88528823852539,110.06524658203125,25.027652740478516,52.88931655883789,92.7046127319336,47.974281311035156,167.7867431640625,38.23288345336914,36.45935821533203,213.73806762695312,106.26802825927734,129.93292236328125,110.7911376953125,64.40174102783203,189.50999450683594,184.98220825195312,35.2200813293457,81.10767364501953,54.116783142089844,45.54290771484375,174.8157958984375,135.0607452392578,331.02777099609375,95.00126647949219,21.786540985107422,59.50882339477539,24.84212303161621,178.01498413085938,97.02568054199219,39.12992477416992,4.958220481872559,32.115108489990234,28.839155197143555,36.04836654663086,82.95035552978516,291.1650085449219,112.92164611816406,25.926254272460938,34.06412124633789,50.42067337036133,91.97918701171875,144.0306854248047
2020-06-15,180.7235870361328,83.25800323486328,121.66421508789062,37.21522521972656,87.25736999511719,102.4690933227539,72.4620132446289,59.86601257324219,39.482215881347656,111.3280029296875,24.738445281982422,53.57572937011719,92.50689697265625,49.26014709472656,168.0706024169922,38.47041320800781,36.56464767456055,212.7771759033203,108.23049926757812,131.83912658691406,111.20497131347656,64.49019622802734,190.94000244140625,186.57821655273438,35.17149353027344,81.590576171875,53.41659927368164,44.67533874511719,172.1570281982422,133.1601104736328,323.58154296875,97.12216186523438,22.11185073852539,60.13479995727539,25.055280685424805,182.011474609375,99.13581848144531,40.076900482177734,4.988922119140625,32.18492889404297,28.67824363708496,35.735111236572266,86.35076141357422,287.4439392089844,115.55487823486328,26.708080291748047,34.12459945678711,51.02421569824219,93.40010833740234,144.49539184570312
2020-06-16,185.15225219726562,85.46451568603516,124.42911529541016,38.05204772949219,87.95541381835938,103.73360443115234,74.68599700927734,62.25192642211914,39.88301467895508,112.34333038330078,24.768104553222656,53.843162536621094,95.16842651367188,50.499752044677734,168.80677795410156,39.428985595703125,37.05080032348633,220.3498992919922,109.56166076660156,134.06893920898438,117.05268096923828,65.05644989013672,197.77000427246094,192.59713745117188,36.28883361816406,81.76368713378906,55.32313537597656,46.264522552490234,177.57577514648438,154.03927612304688,331.8079528808594,98.68245697021484,22.683324813842773,60.663238525390625,25.330615997314453,184.9051971435547,100.1868667602539,41.057682037353516,5.027298450469971,32.69690704345703,29.080520629882812,37.185943603515625,86.5060806274414,297.63580322265625,116.8257827758789,27.22488784790039,35.20450210571289,51.79541778564453,94.81195831298828,147.1256103515625
2020-06-17,185.7931365966797,85.3455810546875,124.05012512207031,36.812599182128906,85.73197174072266,103.55797576904297,72.70826721191406,61.70193862915039,39.72099304199219,112.42011260986328,24.886754989624023,53.923397064208984,94.40798950195312,47.65977096557617,169.2236328125,39.166011810302734,36.85881805419922,221.14334106445312,109.25289154052734,133.37661743164062,115.36134338378906,65.3041763305664,192.5399932861328,191.83306884765625,35.17149353027344,82.82058715820312,54.833839416503906,46.17532730102539,176.45335388183594,150.52020263671875,331.23577880859375,97.13150024414062,21.979969024658203,59.964080810546875,24.380271911621094,181.90560913085938,100.54791259765625,40.38127136230469,4.8584418296813965,32.69690704345703,29.330835342407227,36.287418365478516,87.45426177978516,295.3902282714844,117.9970474243164,27.072490692138672,34.96259689331055,51.80379867553711,94.9115219116211,144.5325469970703
2020-06-18,187.7826690673828,85.37957000732422,123.52471160888672,37.041542053222656,85.2666015625,104.74346160888672,73.02596282958984,61.64535140991211,40.070613861083984,113.29039001464844,24.649456024169922,53.55790328979492,94.41559600830078,49.667179107666016,168.0706024169922,38.877593994140625,36.536766052246094,219.6975860595703,109.24604034423828,133.2777099609375,114.78557586669922,65.12721252441406,192.2899932861328,195.5259552001953,35.365814208984375,82.25568389892578,54.40361404418945,45.38074493408203,174.7789764404297,151.55526733398438,328.01116943359375,95.44972229003906,22.015132904052734,60.19171905517578,24.46908950805664,179.8323974609375,100.75652313232422,40.22908401489258,4.8584418296813965,32.565040588378906,28.436872482299805,36.641883850097656,87.93653106689453,291.3024597167969,118.29610443115234,27.47665786743164,35.0576286315918,51.770263671875,94.50422668457031,143.93772888183594
2020-06-19,186.66355895996094,84.89166259765625,123.88645935058594,36.2994384765625,84.29276275634766,104.42732238769531,71.98545837402344,63.004093170166016,39.24344253540039,112.01058959960938,24.782936096191406,53.1478385925293,93.13046264648438,50.323970794677734,165.4717559814453,38.44496154785156,37.112735748291016,217.44070434570312,108.51868438720703,130.70623779296875,114.66860961914062,64.90604400634766,187.02000427246094,202.6399688720703,34.734275817871094,82.6201400756836,54.40361404418945,45.737491607666016,176.08535766601562,150.4919891357422,322.6452941894531,94.30985260009766,22.19976234436035,62.98017120361328,24.51349639892578,177.88265991210938,103.18758392333984,39.67951202392578,4.781689643859863,34.23284912109375,28.82127571105957,36.02363586425781,88.09184265136719,286.5639953613281,119.58362579345703,26.95985221862793,34.76390838623047,51.619384765625,93.87071990966797,143.93772888183594
2020-06-22,191.8478546142578,87.11273193359375,123.50747680664062,36.646812438964844,83.37925720214844,103.3999252319336,72.74797821044922,62.073997497558594,39.00468063354492,111.81433868408203,24.553050994873047,53.566810607910156,92.06584930419922,50.990028381347656,166.27008056640625,38.309234619140625,37.67940902709961,219.65342712402344,107.5168685913086,130.319580078125,113.16620635986328,64.67599487304688,188.52000427246094,198.81130981445312,34.19990158081055,82.31034088134766,54.24332809448242,46.66991424560547,175.14694213867188,150.97186279296875,325.9046936035156,92.90838623046875,21.6458683013916,61.516822814941406,24.29145050048828,179.4618377685547,100.6201171875,40.05997848510742,4.820065975189209,33.54246139526367,28.66930389404297,35.90821838378906,87.38069915771484,289.22198486328125,118.00535583496094,26.53581428527832,34.556556701660156,51.5690803527832,93.82548522949219,143.6496124267578
2020-06-23,193.12960815429688,88.97213745117188,123.05094146728516,36.867862701416016,84.39617919921875,103.38235473632812,72.62882232666016,62.373233795166016,38.919410705566406,112.0788345336914,24.300922393798828,53.41526794433594,90.80354309082031,51.05478286743164,165.52500915527344,38.572200775146484,37.490516662597656,220.6672821044922,108.30597686767578,130.24766540527344,113.58004760742188,64.51673889160156,187.8800048828125,200.13565063476562,34.00559616088867,83.18502807617188,54.35298538208008,47.33478546142578,176.92254638671875,149.92739868164062,322.2118225097656,92.88970947265625,21.79533576965332,61.012821197509766,24.18487548828125,180.6616973876953,100.78059387207031,40.49119186401367,4.720287322998047,33.208892822265625,28.696121215820312,36.114315032958984,90.41326141357422,281.4681091308594,116.75934600830078,26.727956771850586,34.496089935302734,51.13318634033203,93.84357452392578,143.0919647216797
2020-06-24,189.23658752441406,87.401611328125,120.4324951171875,35.131046295166016,81.57810974121094,102.23201751708984,69.61058044433594,61.362247467041016,38.0751838684082,110.54303741455078,23.87082290649414,52.675376892089844,88.52982330322266,50.36098098754883,163.4583740234375,37.96142578125,37.2520751953125,216.9822998046875,104.44966888427734,124.39434814453125,109.81053161621094,63.72931671142578,176.69000244140625,197.38514709472656,31.722360610961914,79.54056549072266,53.29849624633789,46.83208465576172,169.2498321533203,147.75389099121094,311.9135437011719,89.20848083496094,20.9337215423584,61.728206634521484,23.199007034301758,174.69784545898438,97.11395263671875,39.6964111328125,4.566781997680664,31.936697006225586,29.339771270751953,33.7896728515625,89.5059585571289,276.7112121582031,114.55806732177734,26.125022888183594,33.96909713745117,50.53803634643555,92.20542907714844,139.86691284179688
2020-06-25,191.62783813476562,88.56192016601562,120.30329132080078,35.65998458862305,84.42202758789062,103.5228500366211,70.85758972167969,61.928409576416016,38.31395721435547,112.12149810791016,23.967220306396484,52.15833282470703,90.51456451416016,50.444236755371094,162.101318359375,38.36012649536133,37.069374084472656,216.32110595703125,106.13077545166016,128.08975219726562,112.194580078125,64.26901245117188,174.8800048828125,199.5923309326172,32.451045989990234,81.65434265136719,54.007110595703125,47.17262268066406,170.63902282714844,153.23947143554688,314.51409912109375,91.42282104492188,21.733789443969727,61.3704948425293,24.309219360351562,182.70846557617188,98.30941009521484,41.25214767456055,4.628185749053955,32.61157989501953,29.304019927978516,34.67171096801758,90.33971405029297,276.5645446777344,115.2890396118164,26.27741241455078,34.51336669921875,50.571571350097656,93.01093292236328,143.54739379882812
2020-06-26,187.79222106933594,85.84076690673828,118.7011947631836,34.436309814453125,79.7941665649414,101.18702697753906,68.6733169555664,60.81229782104492,37.15421676635742,110.00553131103516,23.759584426879883,51.257972717285156,89.1153564453125,50.12046432495117,159.42269897460938,39.2847785949707,36.63895034790039,212.4685821533203,104.65550994873047,124.26848602294922,110.10742950439453,63.278079986572266,170.00999450683594,197.66529846191406,31.526657104492188,80.82522583007812,53.52626419067383,46.65370178222656,170.2526092529297,153.2112579345703,309.26092529296875,87.28379821777344,20.35344886779785,60.622562408447266,22.506229400634766,166.90782165527344,95.4290771484375,39.78096008300781,4.536080360412598,31.936697006225586,29.214616775512695,33.2620964050293,87.7239990234375,276.6654357910156,113.71077728271484,25.30344009399414,33.63217544555664,49.63272476196289,92.44076538085938,138.51930236816406
2020-06-29,189.8104705810547,87.81912231445312,119.76066589355469,34.98894119262695,80.14749908447266,103.32088470458984,69.63439178466797,61.56447219848633,37.82788848876953,111.83993530273438,24.204519271850586,51.94438934326172,91.06207275390625,50.65699005126953,162.13681030273438,39.14905548095703,36.86810302734375,216.9735107421875,106.74835205078125,128.79107666015625,112.68040466308594,64.08321380615234,194.49000549316406,196.57862854003906,33.08352279663086,81.09857177734375,54.34455108642578,46.86451721191406,172.5434112548828,153.10775756835938,318.571044921875,88.31155395507812,20.5644588470459,60.61444854736328,22.825977325439453,170.68373107910156,96.93743133544922,39.941619873046875,4.6128339767456055,32.82877731323242,30.510866165161133,34.04522705078125,89.48961639404297,283.22784423828125,115.83729553222656,25.992511749267578,34.26282501220703,50.915252685546875,94.06983184814453,143.5918731689453
2020-06-30,194.66000366210938,88.55219268798828,121.1301498413086,35.30472183227539,81.06100463867188,104.99810028076172,70.87346649169922,62.543087005615234,38.10076141357422,112.84673309326172,24.249013900756836,53.33503723144531,91.83772277832031,51.12879180908203,163.61801147460938,39.56471252441406,37.0910530090332,220.84356689453125,107.03653717041016,130.00485229492188,113.80496978759766,64.81755065917969,183.3000030517578,200.2290496826172,33.22947692871094,83.30347442626953,54.80854415893555,47.67532730102539,172.63540649414062,154.4815216064453,316.3345642089844,88.94688415527344,20.88096809387207,62.549312591552734,22.737157821655273,174.344970703125,99.08768463134766,40.837852478027344,4.666561126708984,32.883087158203125,30.260547637939453,34.63874816894531,90.87921142578125,281.7797546386719,117.41558837890625,26.005760192871094,34.47016906738281,51.67805099487305,95.9885025024414,146.80538940429688
2020-07-01,195.7982635498047,88.38468933105469,120.91484069824219,34.507381439208984,80.37157440185547,105.35814666748047,69.59469604492188,63.1820182800293,38.220149993896484,112.93204498291016,25.020235061645508,52.42577362060547,90.14192962646484,51.33230972290039,163.7865447998047,39.07270812988281,37.06318664550781,218.7630615234375,106.65229034423828,129.57330322265625,113.40909576416016,64.61405944824219,180.32000732421875,216.5794677734375,32.79161071777344,83.49480438232422,54.462650299072266,48.186119079589844,175.25735473632812,153.65350341796875,312.4336242675781,88.27112579345703,20.450162887573242,61.83388900756836,22.284189224243164,174.30084228515625,98.29338073730469,40.254451751708984,4.589807510375977,31.711734771728516,30.010242462158203,33.58359146118164,93.52758026123047,282.4212951660156,117.86415100097656,25.999135971069336,34.04684066772461,50.6553955078125,96.25098419189453,146.52513122558594
2020-07-02,197.29042053222656,88.38468933105469,121.42301940917969,34.79948043823242,80.63263702392578,106.14845275878906,70.14274597167969,63.7158203125,38.27131271362305,113.35013580322266,25.59123420715332,52.71103286743164,91.02406311035156,51.74858474731445,162.77542114257812,39.012855529785156,36.91455078125,219.0716094970703,107.75703430175781,130.3915252685547,114.90251922607422,64.83524322509766,180.80999755859375,219.22811889648438,33.18083190917969,84.03236389160156,54.58076477050781,48.31685256958008,175.24815368652344,154.1898651123047,313.8033447265625,88.53388977050781,20.476539611816406,62.069664001464844,22.506229400634766,174.15086364746094,98.46987915039062,40.40663528442383,4.643535614013672,32.565040588378906,29.947660446166992,34.44089889526367,93.47855377197266,284.0986022949219,118.95230865478516,26.105140686035156,34.17643737792969,51.535552978515625,98.71266174316406,147.50601196289062
2020-07-06,201.53732299804688,90.74903106689453,123.1543197631836,35.04420471191406,82.66889190673828,106.80706787109375,70.34925079345703,64.36283874511719,38.56977844238281,113.73407745361328,25.59123420715332,53.07652282714844,91.39666748046875,52.359134674072266,167.19244384765625,39.68830108642578,36.81547164916992,219.99728393554688,108.48438262939453,132.36961364746094,116.4408950805664,64.9856948852539,187.91000366210938,217.5387420654297,34.056575775146484,84.70659637451172,54.7747917175293,49.1746826171875,174.1809844970703,157.0314178466797,314.3147277832031,90.64566040039062,20.801843643188477,62.40296173095703,22.639455795288086,182.9377899169922,100.49979400634766,41.27750778198242,4.750988006591797,33.48039245605469,30.153276443481445,34.31725311279297,94.29594421386719,286.32568359375,118.5619125366211,26.23765754699707,34.27146530151367,52.13070297241211,99.44575500488281,149.67330932617188
2020-07-07,199.19387817382812,90.46745300292969,123.0423355102539,34.136329650878906,80.33675384521484,107.3251724243164,68.5541763305664,63.66728973388672,38.55271911621094,113.9644546508789,25.23529624938965,51.980045318603516,89.41192626953125,52.09086608886719,164.8154754638672,39.012855529785156,39.31132888793945,218.05780029296875,106.23372650146484,130.3465576171875,114.43470001220703,65.44573211669922,178.8800048828125,214.90707397460938,32.888916015625,84.24192810058594,53.92275619506836,49.256385803222656,167.4834747314453,156.89968872070312,306.23565673828125,87.29501342773438,20.230361938476562,62.12655258178711,21.724639892578125,175.88003540039062,98.6544189453125,40.15298843383789,4.697261333465576,32.75120544433594,30.10858154296875,33.501155853271484,93.55210876464844,279.0575866699219,118.38746643066406,26.462928771972656,33.88271713256836,52.792930603027344,98.12439727783203,148.25338745117188
2020-07-08,203.57473754882812,92.57440185546875,123.4040756225586,34.057376861572266,81.18958282470703,107.91351318359375,68.58594512939453,63.020263671875,38.4333381652832,114.51905059814453,25.027652740478516,52.24748229980469,89.51078033447266,52.414642333984375,164.84205627441406,39.166751861572266,38.53407669067383,219.6622772216797,106.06903076171875,130.90402221679688,115.27139282226562,65.90581512451172,180.0800018310547,213.582763671875,33.37544250488281,84.35125732421875,53.26474380493164,48.65998458862305,165.67112731933594,159.13909912109375,303.6003723144531,87.1917953491211,20.309486389160156,61.46804428100586,21.804576873779297,178.4296417236328,99.66533660888672,41.353599548339844,4.6742353439331055,32.80551528930664,28.982187271118164,33.83088684082031,93.5684585571289,275.9688415527344,119.07691192626953,26.41655158996582,33.416202545166016,52.7593994140625,96.35958862304688,147.95440673828125
2020-07-09,204.9998779296875,92.97251892089844,122.7322769165039,32.65213394165039,79.4317626953125,107.55348205566406,65.71858978271484,62.025474548339844,37.44414520263672,113.2306900024414,24.81260108947754,52.078102111816406,87.98991394042969,53.21945571899414,163.49388122558594,39.92768478393555,39.559043884277344,218.5955810546875,103.92131042480469,127.10969543457031,113.11225128173828,64.87064361572266,173.27999877929688,213.64215087890625,32.0131721496582,85.34437561035156,51.69565963745117,47.47535705566406,159.985595703125,156.61740112304688,294.6977233886719,85.00495910644531,20.01935577392578,60.73638916015625,21.351612091064453,173.6479949951172,98.55011749267578,40.16989517211914,4.482354640960693,30.261119842529297,29.2861328125,31.613412857055664,93.55210876464844,262.08331298828125,118.1382827758789,25.575088500976562,32.66459655761719,52.843875885009766,95.1015853881836,147.27247619628906
2020-07-10,204.37818908691406,93.1351547241211,122.62891387939453,33.67055130004883,83.77404022216797,108.79164123535156,67.69635772705078,62.05784606933594,38.50156021118164,114.72380065917969,25.08698081970215,53.06760025024414,89.99745178222656,53.08994674682617,163.98171997070312,39.89348602294922,40.46635055541992,220.49095153808594,104.88195037841797,128.08079528808594,115.16341400146484,65.18915557861328,178.44000244140625,211.41795349121094,32.54834747314453,84.77037811279297,52.851383209228516,46.91979217529297,161.494384765625,153.70997619628906,302.75079345703125,87.50150299072266,21.118350982666016,62.04525375366211,22.621700286865234,181.34979248046875,102.1124496459961,42.10609817504883,4.681910991668701,31.122180938720703,29.894031524658203,32.7180290222168,94.05890655517578,267.62835693359375,118.98556518554688,26.681575775146484,34.020938873291016,53.6887092590332,96.87545013427734,148.61770629882812
2020-07-13,198.06521606445312,92.70552062988281,125.07511138916016,33.67844009399414,84.97492980957031,108.93214416503906,67.8313980102539,62.55926513671875,38.58682632446289,115.10774993896484,26.11033058166504,52.22073745727539,90.64382934570312,52.73841857910156,164.0171356201172,39.26934051513672,40.10714340209961,220.0589599609375,106.21998596191406,129.01583862304688,117.4665298461914,64.9945068359375,175.64999389648438,212.26686096191406,32.59700393676758,84.81591796875,52.826080322265625,47.18122863769531,163.17796325683594,152.50550842285156,306.0534973144531,87.81123352050781,21.267812728881836,62.337913513183594,22.568403244018555,184.27877807617188,102.80245971679688,42.461219787597656,4.651209354400635,30.703290939331055,29.750995635986328,32.69329833984375,92.98811340332031,267.94915771484375,118.07182312011719,26.641830444335938,34.34922409057617,53.69716262817383,98.99324798583984,153.04562377929688
2020-07-14,199.28952026367188,94.2396469116211,127.40933227539062,34.79157257080078,85.46223449707031,109.84538269042969,70.17450714111328,63.28718185424805,39.11553192138672,115.62823486328125,26.125160217285156,52.57731628417969,91.70845031738281,53.13788604736328,169.1615447998047,39.55149459838867,40.878196716308594,227.26148986816406,108.78629302978516,133.16087341308594,123.14326477050781,66.22433471679688,179.9600067138672,214.85610961914062,33.47275161743164,86.72752380371094,53.73716354370117,47.29560852050781,167.59390258789062,154.1992645263672,308.3074951171875,89.01258850097656,21.22385597229004,62.75255584716797,21.538127899169922,188.80459594726562,104.81632995605469,42.69795608520508,4.881468296051025,31.114421844482422,30.609193801879883,34.05345916748047,94.27143859863281,270.8820495605469,119.58362579345703,27.20500373840332,34.93667984008789,55.057315826416016,101.11103820800781,158.3984832763672
2020-07-15,198.99301147460938,94.88775634765625,127.70219421386719,35.23367691040039,86.78497314453125,109.32728576660156,70.60340881347656,64.24960327148438,39.56748580932617,114.06682586669922,26.488525390625,52.621891021728516,93.53348541259766,52.59907531738281,170.0928497314453,39.67119216918945,40.875099182128906,227.270263671875,109.328369140625,136.60450744628906,124.47472381591797,66.082763671875,187.94000244140625,215.0428924560547,34.737693786621094,88.47456359863281,54.47952651977539,48.423065185546875,166.5543212890625,155.676513671875,316.0224304199219,91.37773132324219,21.62828254699707,62.313541412353516,22.515113830566406,191.35421752929688,105.95561218261719,43.41664123535156,5.173128128051758,31.556594848632812,30.18903350830078,34.308998107910156,97.4429702758789,275.6572265625,119.018798828125,27.165252685546875,35.334075927734375,54.575775146484375,104.64068603515625,161.0421905517578
2020-07-16,195.0521697998047,93.72016906738281,128.5548858642578,34.95736312866211,87.02861785888672,109.55561828613281,70.18244934082031,64.21726989746094,39.35430908203125,114.22894287109375,26.399538040161133,52.71995162963867,94.30152130126953,51.85588455200195,169.33895874023438,39.141109466552734,40.93702697753906,227.51712036132812,110.13119506835938,137.63845825195312,124.65465545654297,66.33935546875,178.6999969482422,216.6473846435547,34.29983139038086,88.1727066040039,54.825408935546875,48.46389389038086,165.59750366210938,155.25306701660156,317.166748046875,90.4016342163086,21.039222717285156,62.30540466308594,22.61281394958496,189.38681030273438,105.96363830566406,44.5073356628418,5.265231132507324,32.07632827758789,30.153276443481445,34.284278869628906,97.87619018554688,278.30596923828125,119.3510513305664,27.483285903930664,35.38591766357422,54.65180969238281,104.31488800048828,162.00439453125
2020-07-17,194.05740356445312,93.53083038330078,128.6410369873047,34.357383728027344,85.41873931884766,110.31956481933594,69.25314331054688,64.59739685058594,39.92564392089844,114.89444732666016,26.88155174255371,53.48658752441406,95.13801574707031,51.00121307373047,169.8356170654297,39.970436096191406,40.794593811035156,229.5447540283203,109.67147064208984,139.36483764648438,124.0836410522461,66.92672729492188,175.66000366210938,219.4148712158203,34.39714050292969,90.77945709228516,55.13753890991211,49.33808135986328,165.4227294921875,156.15638732910156,319.4378662109375,89.33168029785156,20.414989471435547,63.0126953125,22.15984344482422,186.51080322265625,107.3276138305664,44.3128662109375,5.219181060791016,32.1306266784668,30.260547637939453,33.27665710449219,96.90348815917969,281.229736328125,119.92424011230469,27.52303695678711,35.56733703613281,54.60956573486328,101.25582885742188,164.89102172851562
2020-07-20,202.39822387695312,95.50189971923828,128.8563995361328,33.5521240234375,84.67035675048828,109.97711944580078,67.7281265258789,64.225341796875,39.328712463378906,113.57193756103516,27.066940307617188,54.511749267578125,96.0961685180664,51.465721130371094,169.95095825195312,40.158538818359375,40.71098327636719,229.35964965820312,107.29728698730469,137.91722106933594,122.02617645263672,66.03673553466797,174.4199981689453,221.52870178222656,33.42409896850586,90.62399291992188,53.914306640625,48.57827377319336,161.78875732421875,157.1725311279297,316.8632507324219,88.22418975830078,20.73150062561035,63.47608184814453,21.82234001159668,186.77549743652344,107.68865203857422,43.84783935546875,5.1117262840271,31.38591957092285,30.52873992919922,32.75201416015625,96.74000549316406,276.3262939453125,118.5286636352539,27.07912254333496,34.746620178222656,53.76475143432617,99.00228881835938,162.3687286376953
2020-07-21,199.672119140625,94.18380737304688,128.97695922851562,35.24946975708008,86.50650787353516,109.82783508300781,72.58910369873047,63.804771423339844,40.24968719482422,114.6982192993164,27.20783805847168,54.110591888427734,95.86041259765625,51.93949508666992,171.16607666015625,40.20127487182617,40.97727966308594,231.3431396484375,108.27851867675781,139.14901733398438,123.15007019042969,65.89437866210938,178.6300048828125,218.947998046875,34.25117874145508,89.80994415283203,54.42890930175781,48.856056213378906,164.03355407714844,155.53530883789062,325.1764831542969,90.41102600097656,21.47003173828125,62.419219970703125,23.270063400268555,187.0489501953125,108.27434539794922,44.287498474121094,5.127076625823975,31.347143173217773,31.100872039794922,34.69232177734375,97.30400848388672,282.4671630859375,119.45074462890625,27.311016082763672,35.29951858520508,54.49129104614258,99.69918823242188,164.08758544921875
2020-07-22,202.5416259765625,94.44840240478516,129.20948791503906,34.42843246459961,85.87995910644531,110.7674331665039,72.31111145019531,63.7158203125,41.34120178222656,116.0462875366211,28.59455680847168,54.422603607177734,97.84515380859375,52.03239440917969,176.16854858398438,40.09867858886719,41.07948303222656,233.7674560546875,108.90293884277344,139.01416015625,124.1561050415039,65.98334503173828,179.7899932861328,218.1584930419922,34.34848403930664,91.63925170898438,54.22486877441406,48.89690399169922,162.77316284179688,155.1025390625,341.61212158203125,90.60811614990234,21.373315811157227,61.988365173339844,23.323347091674805,181.73797607421875,109.27723693847656,43.12071228027344,5.249881267547607,31.564342498779297,31.431642532348633,34.05110168457031,97.04243469238281,289.625244140625,119.8660888671875,27.39052963256836,35.5587043762207,54.677146911621094,101.07482147216797,163.93817138671875
2020-07-23,193.73216247558594,90.14945983886719,128.86497497558594,34.49947738647461,86.13231658935547,111.4841079711914,72.28727722167969,63.13348388671875,41.170658111572266,116.9592514038086,28.483320236206055,53.843162536621094,96.826171875,51.80014419555664,175.21949768066406,40.534732818603516,40.76362609863281,232.56858825683594,109.30091857910156,138.2229461669922,123.81170654296875,66.0634536743164,176.4499969482422,214.1345672607422,34.25117874145508,92.21546936035156,54.23337173461914,48.913238525390625,164.78793334960938,151.97865295410156,336.01226806640625,90.73013305664062,21.57553482055664,61.427425384521484,23.40328598022461,179.1089324951172,107.56829833984375,42.74868392944336,5.357334613800049,31.292837142944336,31.40481948852539,33.693016052246094,96.5683364868164,286.93072509765625,122.38299560546875,27.549541473388672,36.50900650024414,54.90525817871094,100.30554962158203,165.09652709960938
2020-07-24,192.54612731933594,89.9261245727539,127.58158874511719,34.286319732666016,85.52314758300781,111.30735778808594,71.58831787109375,62.35707473754883,41.3497314453125,116.08894348144531,27.927148818969727,45.09809875488281,95.65509796142578,51.697959899902344,176.25721740722656,39.67119216918945,40.63975524902344,233.890869140625,109.67833709716797,134.356689453125,124.69999694824219,66.14356231689453,173.75999450683594,210.51806640625,33.37544250488281,90.50506591796875,53.85078811645508,47.26292419433594,166.535888671875,150.11557006835938,334.7899475097656,89.47248077392578,21.40848731994629,59.86651611328125,23.323347091674805,177.7415313720703,107.48804473876953,42.427398681640625,5.280582427978516,31.424718856811523,31.02936363220215,33.54312515258789,96.74000549316406,286.5914306640625,122.39129638671875,27.728435516357422,36.36214065551758,54.26319122314453,100.06118774414062,163.80735778808594
2020-07-27,194.9852294921875,92.0573959350586,126.7719497680664,34.79157257080078,84.3222885131836,111.62548065185547,72.31111145019531,63.837127685546875,41.34120178222656,117.4626693725586,27.838163375854492,44.1888313293457,95.9744873046875,51.409969329833984,178.50128173828125,40.346622467041016,40.630470275878906,235.75103759765625,112.0113296508789,135.5525360107422,126.79369354248047,66.43726348876953,170.2100067138672,215.33154296875,32.645660400390625,91.45631408691406,53.19614791870117,47.426326751708984,161.45758056640625,151.01889038085938,331.218505859375,89.90421295166016,21.22385597229004,60.59819412231445,22.639455795288086,179.1089324951172,107.672607421875,43.39126968383789,5.318957805633545,30.90498161315918,31.074052810668945,33.11842727661133,98.914306640625,282.3112487792969,122.42453002929688,27.913957595825195,36.396697998046875,54.1364631652832,99.76251220703125,164.41458129882812
2020-07-28,193.2348175048828,90.54510498046875,126.47046661376953,34.38105392456055,84.6877670288086,113.0040054321289,70.77816009521484,64.4518051147461,41.085391998291016,117.2152099609375,28.93568229675293,43.89466094970703,94.6513442993164,51.419254302978516,174.05758666992188,39.56858825683594,40.80077362060547,233.8644256591797,106.58367919921875,136.67642211914062,125.10784912109375,67.38063049316406,170.83999633789062,216.70684814453125,33.521400451660156,91.33740997314453,53.79127883911133,48.553768157958984,161.68756103515625,153.04185485839844,335.1800231933594,88.61839294433594,21.417280197143555,59.93968963623047,22.674983978271484,177.8738250732422,107.45597076416016,42.49503707885742,5.380360126495361,31.556594848632812,31.494213104248047,32.44390869140625,97.77811431884766,286.7564392089844,125.24883270263672,28.172359466552734,36.79410171508789,54.52508544921875,98.26921844482422,164.2183837890625
2020-07-29,195.18609619140625,92.28071594238281,126.22066497802734,34.7599983215332,86.74142456054688,113.38398742675781,71.5406723022461,64.1768569946289,40.948944091796875,117.68448638916016,29.113645553588867,42.8516731262207,95.29768371582031,51.74440383911133,174.03099060058594,39.93623352050781,40.469451904296875,233.3179168701172,107.2149429321289,138.98719787597656,127.37379455566406,67.81671905517578,166.00999450683594,211.2566680908203,32.061832427978516,93.7703857421875,54.59894943237305,48.325008392333984,167.2534942626953,152.19503784179688,335.73480224609375,90.7489242553711,22.217348098754883,59.354366302490234,22.897029876708984,178.72076416015625,108.97238159179688,42.7740478515625,5.311282634735107,31.92893409729004,31.386940002441406,33.25999450683594,101.09676361083984,288.9469909667969,126.29549407958984,27.582674026489258,37.079193115234375,54.38146209716797,99.92543029785156,168.38479614257812
2020-07-30,195.03305053710938,93.39733123779297,126.47907257080078,33.054771423339844,84.42672729492188,116.1322021484375,68.52240753173828,63.88566970825195,40.66754150390625,117.47970581054688,29.008817672729492,42.78034973144531,93.45745849609375,51.32636642456055,173.3213653564453,39.70539474487305,40.29294204711914,234.77252197265625,104.38105010986328,134.11390686035156,123.92952728271484,68.41300964355469,161.9499969482422,208.95606994628906,30.456302642822266,92.86488342285156,54.41191482543945,48.09626007080078,164.18992614746094,143.9619903564453,330.8977355957031,88.83425903320312,21.83929443359375,58.80154037475586,21.893396377563477,176.02999877929688,107.88922119140625,41.675758361816406,5.173128128051758,31.52555274963379,30.76116943359375,31.344680786132812,115.6302719116211,298.7997741699219,126.22903442382812,27.549541473388672,37.45930480957031,53.62957000732422,97.92530059814453,166.3203125
2020-07-31,196.09478759765625,103.17495727539062,125.54883575439453,33.22054672241211,84.0960464477539,115.8670883178711,66.67173767089844,64.89664459228516,40.28379821777344,117.45411682128906,28.814123153686523,42.548580169677734,93.48786163330078,51.51216506958008,172.3191375732422,40.26968002319336,40.069984436035156,234.04962158203125,103.24884796142578,134.3026885986328,120.43997955322266,68.70670318603516,158.0,207.7081298828125,29.53191375732422,92.05084228515625,53.51071548461914,47.9246940612793,158.87242126464844,141.4120330810547,328.5139465332031,87.58598327636719,21.874460220336914,56.52525329589844,21.547006607055664,174.64491271972656,110.80170440673828,41.616153717041016,5.07335090637207,31.579862594604492,31.100872039794922,31.136489868164062,116.6928939819336,297.8831787109375,126.29549407958984,27.264636993408203,37.00143814086914,53.452152252197266,97.42752838134766,164.7041473388672
2020-08-03,207.1233673095703,105.77471923828125,126.9183120727539,33.3547477722168,83.6261215209961,116.01731872558594,67.36274719238281,66.75684356689453,39.482215881347656,116.63501739501953,28.716781616210938,43.05669403076172,94.5296630859375,52.00452423095703,172.4255828857422,40.320980072021484,40.03901290893555,234.65789794921875,103.20768737792969,133.54742431640625,119.44296264648438,68.14601135253906,162.27000427246094,209.99176025390625,29.726520538330078,92.0874252319336,54.29289245605469,48.28417205810547,159.15760803222656,143.81137084960938,326.8928527832031,87.79244232177734,21.971172332763672,58.31377029418945,21.573654174804688,175.90652465820312,110.24004364013672,42.109954833984375,5.13475227355957,31.86688995361328,31.37800407409668,30.570213317871094,116.2187728881836,296.581787109375,125.92994689941406,27.171878814697266,37.08782196044922,54.575775146484375,97.18315887451172,165.92791748046875
2020-08-04,204.01467895507812,106.48108673095703,126.806396484375,34.31789779663086,83.14749908447266,118.22648620605469,68.69713592529297,66.05318450927734,39.81478500366211,117.29198455810547,28.746728897094727,43.79659652709961,95.69310760498047,52.023101806640625,176.82485961914062,40.757022857666016,40.76362609863281,236.14773559570312,103.75662994384766,132.468505859375,119.20732116699219,68.32402801513672,165.07000732421875,206.79127502441406,29.872480392456055,91.40142059326172,55.24509811401367,48.586448669433594,159.61761474609375,145.70266723632812,327.6643981933594,87.46395111083984,21.988754272460938,57.62274169921875,21.51148796081543,177.8914794921875,109.99134826660156,41.93968200683594,5.265231132507324,31.75052261352539,31.63724708557129,31.344680786132812,118.29498291015625,297.8831787109375,129.83412170410156,27.562789916992188,36.90640640258789,55.53887939453125,97.5542221069336,166.3856658935547
2020-08-05,203.67991638183594,106.86705780029297,127.82276916503906,34.61790084838867,84.59205627441406,117.91722106933594,69.26109313964844,66.02891540527344,40.266746520996094,116.25108337402344,28.791658401489258,43.60939025878906,95.39653778076172,51.55861282348633,176.73619079589844,40.46632385253906,40.196937561035156,235.80389404296875,106.59739685058594,135.60650634765625,122.33434295654297,67.79891204833984,174.27999877929688,204.9915313720703,31.13743782043457,93.4228286743164,54.75198745727539,48.76618576049805,160.8780059814453,145.2227783203125,332.440673828125,89.5287857055664,22.32285499572754,56.094383239746094,21.671350479125977,180.43231201171875,111.49968719482422,42.373897552490234,5.341984272003174,31.657434463500977,31.369064331054688,31.66111946105957,118.58927917480469,302.1909484863281,129.4520263671875,27.6025390625,37.44203186035156,54.4237060546875,101.05673217773438,170.78562927246094
2020-08-06,206.941650390625,110.5955810546875,127.09064483642578,34.45210266113281,84.61815643310547,117.27217102050781,69.47554016113281,65.5517349243164,40.48845672607422,115.91832733154297,28.65687370300293,43.59144592285156,95.90605926513672,51.35422897338867,180.21307373046875,40.84252166748047,40.054508209228516,237.4701385498047,107.04341125488281,137.1889190673828,121.8086166381836,67.51412963867188,172.1999969482422,205.05941772460938,30.796871185302734,93.06610107421875,54.51394271850586,50.10606002807617,159.22201538085938,143.84901428222656,329.1813659667969,90.02621459960938,22.393186569213867,55.93991470336914,21.617841720581055,180.194091796875,110.84982299804688,42.10145568847656,5.318957805633545,31.719497680664062,31.315420150756836,31.686094284057617,118.90803527832031,299.1022033691406,129.975341796875,27.529664993286133,37.62345504760742,54.22093963623047,100.85762023925781,169.32833862304688
2020-08-07,203.2399139404297,108.08110046386719,127.99505615234375,34.29421615600586,86.48037719726562,118.01445007324219,68.9433822631836,65.52750396728516,40.7613410949707,116.66915130615234,28.791658401489258,43.1068000793457,96.26813507080078,51.30778884887695,181.4726104736328,40.551815032958984,40.24648666381836,239.4712371826172,108.64220428466797,139.46371459960938,122.28900909423828,67.8523178100586,170.02000427246094,204.32937622070312,31.13743782043457,92.59049987792969,55.228084564208984,49.85279083251953,163.93235778808594,143.8961181640625,334.2785339355469,93.06714630126953,22.95587158203125,56.37891387939453,22.358055114746094,183.7406463623047,112.02925109863281,42.86770248413086,5.265231132507324,32.20820617675781,31.503156661987305,31.894289016723633,128.25099182128906,301.78759765625,130.63156127929688,27.940458297729492,38.03813934326172,54.36457061767578,103.41317749023438,171.42088317871094
2020-08-10,199.19387817382812,109.65202331542969,127.5040512084961,35.138938903808594,87.57682800292969,118.50045776367188,71.27062225341797,65.43851470947266,40.69312286376953,116.02070617675781,28.746728897094727,44.17481994628906,97.92447662353516,51.038368225097656,181.04685974121094,40.808319091796875,40.83794403076172,242.19540405273438,110.77619934082031,143.34793090820312,128.7243194580078,68.21721649169922,179.41000366210938,202.1900634765625,32.451045989990234,91.50206756591797,55.86572265625,50.50638198852539,168.3574676513672,143.9619903564453,337.4339294433594,95.37599182128906,23.351511001586914,55.69602966308594,22.028078079223633,184.71990966796875,111.25099182128906,43.063533782958984,5.441762447357178,33.2476806640625,31.315420150756836,33.010162353515625,130.4498291015625,307.7085266113281,131.32106018066406,28.636154174804688,38.43553924560547,53.857662200927734,105.25936126708984,177.40890502929688
2020-08-11,194.53565979003906,106.3909912109375,126.5910415649414,35.50209426879883,90.34404754638672,117.73167419433594,71.1832275390625,65.43851470947266,40.872196197509766,115.28693389892578,28.297449111938477,43.25039291381836,97.64713287353516,50.415958404541016,181.827392578125,40.346622467041016,40.31771469116211,242.3628692626953,112.10740661621094,144.11216735839844,129.1865692138672,67.60311889648438,180.1300048828125,199.20184326171875,32.742958068847656,90.6056900024414,55.48314666748047,51.5766487121582,167.78707885742188,141.73191833496094,339.7744140625,96.91521453857422,23.66802978515625,55.36271667480469,22.58101463317871,186.20204162597656,111.49166870117188,44.085201263427734,5.5492167472839355,32.46418762207031,30.627071380615234,33.06846618652344,127.39270782470703,313.3177185058594,129.4105224609375,28.887924194335938,38.34913635253906,52.49750900268555,109.94300842285156,180.50103759765625
2020-08-12,200.09304809570312,109.92683410644531,128.9080810546875,35.49403762817383,89.57827758789062,119.7022476196289,72.05693817138672,66.87006378173828,41.2985725402832,117.57356262207031,28.701807022094727,44.14788818359375,97.60860443115234,50.323055267333984,182.73207092285156,41.12466049194336,40.841033935546875,248.234130859375,112.71124267578125,143.92340087890625,129.22280883789062,68.74230194091797,175.44000244140625,205.20379638671875,32.694305419921875,92.05998229980469,55.253597259521484,51.99330139160156,169.5718536376953,143.53851318359375,340.19049072265625,95.43231201171875,23.500980377197266,55.96430206298828,22.465076446533203,187.14602661132812,111.0824966430664,44.59603500366211,5.457112789154053,32.44091796875,30.93996238708496,34.69232177734375,128.97845458984375,311.0721130371094,131.9440460205078,28.463882446289062,38.40098190307617,53.274742126464844,110.03392791748047,179.6509246826172
2020-08-13,199.62429809570312,111.87226867675781,127.47822570800781,34.624610900878906,89.082275390625,119.9850082397461,71.34210205078125,67.56562042236328,41.25593185424805,117.82951354980469,28.581998825073242,43.58247756958008,96.32203674316406,50.1837158203125,183.14895629882812,36.52485656738281,40.99651336669922,248.30467224121094,113.8091049194336,143.75157165527344,127.50070190429688,68.51090240478516,174.72999572753906,204.1341552734375,32.11048126220703,92.47156524658203,55.007041931152344,51.66651153564453,166.40711975097656,142.26206970214844,337.41650390625,94.24970245361328,23.166889190673828,55.42774963378906,22.31346893310547,183.84649658203125,110.12773132324219,44.42575454711914,5.395710468292236,31.80483055114746,31.083742141723633,33.8345947265625,130.20458984375,310.3572692871094,131.62838745117188,28.205480575561523,38.383705139160156,53.198699951171875,108.05135345458984,177.02590942382812
2020-08-14,199.81558227539062,111.7725601196289,127.68494415283203,34.77755355834961,89.1170883178711,119.38414001464844,71.76306915283203,67.51709747314453,41.315616607666016,117.3687973022461,28.499631881713867,43.87864685058594,96.50694274902344,50.35091781616211,183.6279296875,36.33675765991211,41.22970199584961,247.3260955810547,113.97378540039062,144.92706298828125,126.85714721679688,68.57321166992188,178.0800018310547,204.86053466796875,32.40239715576172,91.45631408691406,55.831722259521484,51.60114669799805,168.72544860839844,141.91224670410156,339.3063049316406,94.24034118652344,23.27238655090332,55.68790054321289,22.563180923461914,183.4759521484375,109.87098693847656,44.527915954589844,5.403385639190674,32.5107307434082,31.802648544311523,33.99280548095703,131.3898468017578,313.5101623535156,131.43736267089844,28.18560791015625,38.52193069458008,53.452152252197266,108.20596313476562,178.5486297607422
2020-08-17,201.13560485839844,111.48076629638672,128.33099365234375,34.32674026489258,86.76753997802734,119.73760223388672,72.09664154052734,68.5523452758789,41.11096954345703,117.67591857910156,28.716781616210938,43.91455078125,95.86753845214844,50.15584182739258,185.0825653076172,35.98622131347656,42.16250228881836,254.1053924560547,113.02001190185547,143.55267333984375,125.7332534790039,68.71561431884766,172.00999450683594,207.68080139160156,31.478002548217773,92.1148681640625,55.17707443237305,51.97696304321289,167.6123046875,143.27377319335938,337.1737976074219,91.55606842041016,22.771240234375,56.2163200378418,21.822959899902344,179.15304565429688,110.70538330078125,43.65949249267578,5.357334613800049,31.94057273864746,32.35081100463867,33.89289093017578,131.0301971435547,311.4020690917969,131.08843994140625,28.510265350341797,38.34913635253906,54.30542755126953,108.15138244628906,180.28619384765625
2020-08-18,202.29298400878906,112.40970611572266,129.27847290039062,34.157684326171875,85.55796813964844,120.63009643554688,70.6060562133789,68.39056396484375,41.290042877197266,117.83805847167969,28.724273681640625,43.66324996948242,96.23731231689453,51.26133728027344,186.54598999023438,35.89216995239258,41.88576889038086,251.24917602539062,112.79357147216797,142.304931640625,125.41603088378906,69.10720825195312,170.22999572753906,206.3903045654297,31.332040786743164,92.34354400634766,55.415130615234375,51.49494171142578,167.37307739257812,144.7677001953125,338.30078125,90.73013305664062,22.445941925048828,56.14315414428711,21.439477920532227,177.60032653808594,110.11168670654297,43.35299301147461,5.288256645202637,31.981760025024414,32.56648254394531,33.58477020263672,130.7767791748047,309.4223937988281,130.9306182861328,28.636154174804688,38.593017578125,54.60112380981445,107.94222259521484,179.48280334472656
2020-08-19,201.06565856933594,112.55074310302734,129.5368194580078,33.7793083190918,85.75810241699219,119.97616577148438,69.60696411132812,68.77069091796875,40.394649505615234,116.42173767089844,28.64938735961914,43.376041412353516,95.40528869628906,52.20890426635742,185.82752990722656,35.79811477661133,41.17062759399414,249.36256408691406,112.51223754882812,141.82565307617188,125.09880828857422,69.3741683959961,169.27000427246094,205.5271453857422,31.040136337280273,91.90451049804688,55.500144958496094,51.54396057128906,166.7475128173828,143.99237060546875,338.11871337890625,90.93661499023438,22.419565200805664,53.4116096496582,21.466230392456055,179.1089324951172,110.03145599365234,43.73612594604492,5.272906303405762,31.581607818603516,32.54851531982422,33.01850509643555,131.0628662109375,309.70648193359375,130.70635986328125,28.921058654785156,38.375274658203125,54.45749282836914,107.896728515625,179.3520050048828
2020-08-20,205.74476623535156,115.0481948852539,130.42401123046875,33.264095306396484,84.73127746582031,120.93053436279297,68.33390045166016,68.77069091796875,40.37760543823242,116.6520767211914,28.993837356567383,44.12993240356445,94.87370300292969,51.33565902709961,186.15576171875,36.174312591552734,40.598514556884766,247.4407501220703,111.8260498046875,141.2107696533203,124.6093521118164,69.64120483398438,169.5800018310547,204.0230255126953,30.50495719909668,92.95634460449219,54.173858642578125,50.83317565917969,163.76673889160156,143.09410095214844,336.23760986328125,90.7770767211914,22.067880630493164,53.69614791870117,21.180849075317383,178.0767822265625,109.35749053955078,43.25083541870117,5.249881267547607,31.15790367126465,32.278926849365234,32.285675048828125,130.41712951660156,308.5700378417969,130.8891143798828,28.821672439575195,37.87881851196289,54.24628829956055,107.53297424316406,178.5205841064453
2020-08-21,204.24900817871094,120.97691345214844,131.57821655273438,33.014530181884766,84.6877670288086,121.45193481445312,68.55145263671875,68.73027801513672,40.31791305541992,116.43025207519531,29.113645553588867,44.228668212890625,94.88143157958984,51.2706184387207,187.6547088623047,36.12302017211914,40.928096771240234,249.68881225585938,111.97148132324219,142.4133758544922,125.47039794921875,70.03279113769531,167.5,203.09146118164062,30.699569702148438,93.66062927246094,54.36090087890625,50.80867385864258,164.03355407714844,141.12742614746094,337.7026672363281,90.24209594726562,21.962379455566406,54.06197738647461,21.08274269104004,178.58840942382812,108.1700439453125,43.506256103515625,5.1117262840271,30.96173667907715,32.26994323730469,31.7777042388916,130.82020568847656,309.6606750488281,130.664794921875,28.79517364501953,37.965919494628906,54.08576965332031,107.52385711669922,186.36761474609375
2020-08-24,204.8914031982422,122.42382049560547,131.92506408691406,33.98862075805664,87.07209777832031,122.39744567871094,70.25961303710938,69.08612823486328,40.90630340576172,117.43704223632812,29.083696365356445,44.103023529052734,96.82280731201172,52.03239440917969,188.58602905273438,36.063167572021484,40.834815979003906,252.79197692871094,113.23167419433594,144.10426330566406,128.41616821289062,70.42435455322266,178.27000427246094,201.32241821289062,32.256439208984375,92.7368392944336,54.30138397216797,50.988407135009766,163.46315002441406,141.37330627441406,342.4443359375,93.22669219970703,22.58661460876465,53.72053146362305,21.84079933166504,182.920166015625,109.06063079833984,44.58751678466797,5.357334613800049,31.18143653869629,32.40473937988281,32.36894989013672,131.9060821533203,315.6731872558594,130.76451110839844,29.179458618164062,38.71495056152344,54.178707122802734,110.11579132080078,191.8792724609375
2020-08-25,207.55694580078125,121.41950225830078,131.84701538085938,32.909881591796875,87.45500946044922,122.88349151611328,69.39746856689453,69.2964096069336,40.855140686035156,117.14694213867188,28.76170539855957,44.36329650878906,96.02159118652344,52.10671615600586,188.61260986328125,35.87507247924805,40.617164611816406,252.24534606933594,112.93392944335938,148.7699737548828,127.93579864501953,69.94377899169922,174.72999572753906,212.13331604003906,32.061832427978516,93.72466278076172,53.961307525634766,51.23349380493164,163.2147674560547,141.5245819091797,342.2709655761719,92.96390533447266,22.859163284301758,53.69614791870117,21.947818756103516,181.73797607421875,108.91620635986328,44.315086364746094,5.326633453369141,30.99312400817871,32.42271423339844,32.35231018066406,130.8284149169922,314.3716735839844,129.62646484375,28.834918975830078,38.58430099487305,53.984397888183594,108.96988677978516,192.0661163330078
2020-08-26,212.0442352294922,123.07068634033203,132.05511474609375,32.20949172973633,86.22799682617188,122.2913818359375,68.30974578857422,69.18318939208984,41.068328857421875,118.14520263671875,28.49213981628418,44.47099304199219,95.65951538085938,53.407291412353516,189.59716796875,36.12302017211914,40.6389274597168,257.35845947265625,113.48786926269531,149.4752655029297,128.55209350585938,69.99720001220703,171.89999389648438,213.8083953857422,31.526657104492188,94.38321685791016,53.30667495727539,50.88219451904297,160.16957092285156,141.12742614746094,342.7910461425781,92.35383605957031,22.472318649291992,53.330318450927734,21.439477920532227,182.81427001953125,109.26924133300781,44.025604248046875,5.234529972076416,30.341876983642578,32.68330764770508,31.278047561645508,130.7132568359375,312.9144287109375,129.5849609375,28.622901916503906,38.741085052490234,54.280086517333984,109.08812713623047,197.11997985839844
2020-08-27,217.25070190429688,121.5994644165039,132.6447296142578,31.992137908935547,89.06488037109375,122.13236999511719,68.41448211669922,69.4096450805664,41.128021240234375,118.08551025390625,28.349868774414062,44.336368560791016,96.02930450439453,53.11930847167969,188.20465087890625,36.15721130371094,42.482765197753906,254.44924926757812,113.61250305175781,150.0901336669922,129.9479522705078,70.36206817626953,174.1999969482422,216.05606079101562,31.526657104492188,101.79191589355469,53.8932991027832,51.07009506225586,162.91116333007812,140.853271484375,342.427001953125,95.29149627685547,22.903121948242188,53.28966522216797,21.929983139038086,185.3992156982422,110.83378601074219,44.79186248779297,5.303607940673828,30.867586135864258,32.49460220336914,31.769380569458008,131.7908935546875,319.86181640625,129.75106811523438,28.9873104095459,38.950111389160156,54.668697357177734,109.85205078125,196.0176544189453
2020-08-28,219.48472595214844,121.40247344970703,133.21701049804688,32.75692367553711,89.43035125732422,122.6272201538086,68.9946060180664,69.27215576171875,42.49241638183594,119.39944458007812,28.38730812072754,45.26079177856445,96.35289764404297,53.76960754394531,190.6171875,36.08026885986328,43.623878479003906,252.38641357421875,114.70652770996094,152.251220703125,130.18360900878906,70.63797760009766,175.8000030517578,216.3209686279297,32.15913772583008,101.33458709716797,53.740264892578125,50.955726623535156,166.655517578125,139.31207275390625,342.9210510253906,96.23945617675781,23.122922897338867,53.053897857666016,22.0191650390625,183.24656677246094,111.61205291748047,45.030242919921875,5.326633453369141,30.412494659423828,31.721771240234375,31.960901260375977,133.55947875976562,317.29400634765625,130.00025939941406,29.106576919555664,39.106895446777344,53.55352783203125,111.06163024902344,196.08306884765625
2020-08-31,216.2439422607422,125.51950073242188,133.01759338378906,32.15314483642578,87.18524169921875,122.23838806152344,67.62486267089844,68.9648208618164,42.23659133911133,119.50183868408203,28.297449111938477,45.72749328613281,94.99697875976562,53.15645980834961,190.49229431152344,36.09736251831055,43.17303466796875,251.28440856933594,112.8785400390625,149.69229125976562,128.9871826171875,70.54005432128906,171.82000732421875,216.4918975830078,30.845521926879883,100.12724304199219,52.81355667114258,50.81684112548828,163.17796325683594,140.30484008789062,340.3657531738281,95.34783172607422,22.630569458007812,54.265228271484375,21.537582397460938,181.8353271484375,111.69226837158203,44.493865966796875,5.234529972076416,29.83186149597168,32.06325912475586,31.5528621673584,134.5960235595703,315.3243713378906,131.0469207763672,28.980690002441406,38.984954833984375,54.02663040161133,109.49737548828125,196.23251342773438
2020-09-01,217.9122314453125,130.519287109375,131.3787841796875,31.74257469177246,87.14173126220703,122.10582733154297,66.94000244140625,68.28544616699219,41.886959075927734,118.75951385498047,27.616029739379883,45.58389663696289,95.06632232666016,53.565208435058594,189.7518310546875,35.93491744995117,45.890586853027344,252.07778930664062,114.1110610961914,151.88046264648438,132.37704467773438,69.498779296875,172.10000610351562,214.38951110839844,30.115741729736328,97.45643615722656,51.24921417236328,49.81194305419922,162.05552673339844,139.27423095703125,337.3567810058594,96.17376708984375,22.60419273376465,53.517295837402344,21.448392868041992,182.35899353027344,111.66820526123047,44.766319274902344,5.242205619812012,28.843215942382812,31.811643600463867,30.94495964050293,133.7980499267578,313.2719421386719,128.13954162597656,28.569896697998047,39.31592559814453,53.325435638427734,112.77137756347656,203.3602752685547
2020-09-02,222.1118927001953,127.81511688232422,133.38169860839844,31.54937171936035,88.45571899414062,124.16478729248047,67.02863311767578,70.30740356445312,43.65214920043945,122.25775146484375,27.855653762817383,46.89423370361328,98.74878692626953,54.83791732788086,192.9099884033203,36.26836395263672,45.91857147216797,254.5237579345703,117.37239074707031,155.94943237304688,135.2955780029297,70.72696685791016,174.77999877929688,220.5940399169922,31.332040786743164,100.09980010986328,51.784828186035156,50.326637268066406,166.830322265625,141.4016571044922,347.17718505859375,97.98519134521484,22.876745223999023,54.297733306884766,21.91214370727539,186.424072265625,113.24076080322266,45.33674621582031,5.3343095779418945,29.1649169921875,32.889991760253906,30.29541015625,136.3728485107422,320.616455078125,130.00856018066406,28.993940353393555,39.83850860595703,54.49129104614258,114.57209777832031,202.8184356689453
2020-09-03,208.35276794433594,117.58211517333984,129.670654296875,31.48496437072754,88.17725372314453,122.17652893066406,66.29542541503906,69.14273834228516,43.04669952392578,119.7681884765625,27.256607055664062,45.224884033203125,95.8752212524414,53.04499435424805,190.7420654296875,35.01153564453125,44.94224548339844,243.38394165039062,115.15660095214844,150.37042236328125,133.0205841064453,69.12500762939453,168.77000427246094,211.868408203125,30.748218536376953,96.52349090576172,51.39375305175781,49.060302734375,164.15313720703125,140.9005584716797,336.9032897949219,98.04148864746094,22.717391967773438,53.58232879638672,21.867555618286133,184.222900390625,108.3786392211914,44.911048889160156,5.234529972076416,29.10215187072754,32.449668884277344,29.97063446044922,129.98936462402344,314.9747009277344,127.34051513671875,28.682525634765625,39.89949035644531,53.198699951171875,111.67095947265625,196.93316650390625
2020-09-04,205.42832946777344,117.65995025634766,128.83827209472656,31.4608211517334,90.0829849243164,121.91143035888672,66.01341247558594,68.9405517578125,43.52423858642578,119.24396514892578,27.226654052734375,44.9466667175293,94.21888732910156,51.77227783203125,188.89529418945312,34.9003791809082,44.410545349121094,238.97940063476562,114.7827377319336,150.7230987548828,134.3076171875,68.71561431884766,171.0500030517578,212.28720092773438,31.234739303588867,95.27041625976562,51.215213775634766,48.978607177734375,164.3187255859375,142.68756103515625,335.7956237792969,99.17710876464844,23.496477127075195,53.663631439208984,22.108346939086914,187.22286987304688,106.12409973144531,44.87699508666992,5.295932292938232,28.945220947265625,31.874540328979492,29.862380981445312,132.25973510742188,312.0295104980469,127.32374572753906,28.815044403076172,40.49175262451172,53.350772857666016,111.50725555419922,197.42825317382812
2020-09-08,194.31558227539062,109.74201965332031,127.68506622314453,30.73628044128418,86.95028686523438,120.12641143798828,63.628440856933594,67.3957748413086,42.47535705566406,116.4854507446289,26.904666900634766,43.89659881591797,93.37916564941406,51.39138412475586,190.5458221435547,34.19931411743164,43.04866027832031,238.6249542236328,112.98237609863281,148.53489685058594,134.61581420898438,67.3183364868164,161.0800018310547,206.11683654785156,29.872480392456055,94.06307983398438,50.611576080322266,47.818477630615234,160.05917358398438,141.17471313476562,331.6180419921875,97.30003356933594,22.558032989501953,52.14339065551758,21.377052307128906,179.71405029296875,102.66605377197266,42.71445083618164,5.395710468292236,28.325355529785156,31.110702514648438,28.363433837890625,128.69789123535156,307.9154968261719,124.59709930419922,28.536762237548828,39.38560485839844,50.2840576171875,110.03392791748047,196.40066528320312
2020-09-09,202.59019470214844,114.11924743652344,129.8007049560547,30.551118850708008,87.7769546508789,122.07930755615234,64.48253631591797,68.64939880371094,42.79940414428711,117.82605743408203,27.091867446899414,44.5338134765625,94.18807983398438,52.9056396484375,192.44607543945312,34.310447692871094,43.49639892578125,245.51980590820312,114.73421478271484,149.87310791015625,138.39540100097656,69.03599548339844,160.77999877929688,209.86862182617188,29.969785690307617,96.77960205078125,50.611576080322266,48.26782989501953,160.10519409179688,143.68980407714844,335.987548828125,97.40325927734375,22.584590911865234,52.444183349609375,21.261112213134766,179.48330688476562,103.69305419921875,43.47219467163086,5.349658489227295,27.73688316345215,31.61393165588379,28.69652557373047,131.45359802246094,312.37921142578125,126.67137908935547,29.013818740844727,40.1085090637207,50.672672271728516,113.99004364013672,201.3331298828125
2020-09-10,196.91395568847656,110.39376068115234,127.3816146850586,29.78633689880371,86.8719711303711,120.79798126220703,62.96775436401367,67.58989715576172,42.63737869262695,115.80657958984375,26.694995880126953,43.941471099853516,92.87841796875,53.2586555480957,193.81109619140625,33.83165740966797,42.53873062133789,241.67356872558594,112.96855163574219,148.53489685058594,135.83035278320312,68.00360107421875,157.69000244140625,205.65528869628906,29.191349029541016,95.12408447265625,49.310791015625,47.62240219116211,156.15846252441406,138.25311279296875,330.64117431640625,96.455322265625,22.257022857666016,51.84258270263672,21.359214782714844,177.52182006835938,100.8046646118164,42.81662368774414,5.303607940673828,27.20332908630371,31.21854019165039,27.414093017578125,129.8824005126953,303.7370300292969,123.91129302978516,28.72228240966797,40.08238983154297,49.41388702392578,114.35382080078125,200.95013427734375
2020-09-11,195.62916564941406,108.94438171386719,128.13592529296875,29.705829620361328,87.95101928710938,122.07048797607422,62.597110748291016,68.32585906982422,43.54129409790039,116.70890808105469,27.00949478149414,44.228668212890625,93.57173919677734,52.95208740234375,194.48912048339844,34.096702575683594,42.50452423095703,244.89056396484375,115.05966186523438,150.5060577392578,139.42868041992188,68.30622100830078,160.22999572753906,207.85171508789062,28.948083877563477,95.76433563232422,48.80067825317383,48.194297790527344,155.808837890625,140.02122497558594,339.6592712402344,97.00908660888672,22.57573890686035,53.31404495239258,21.64459991455078,178.3295135498047,100.88490295410156,42.86770248413086,5.372684478759766,27.22687530517578,30.886037826538086,27.57232093811035,130.68858337402344,311.89141845703125,124.20398712158203,28.88129425048828,40.84013366699219,49.45612716674805,115.59065246582031,201.74415588378906
2020-09-14,196.95233154296875,112.21272277832031,128.63018798828125,29.512617111206055,89.16929626464844,122.50347137451172,62.274810791015625,68.5621109008789,43.59286880493164,117.44792938232422,27.71337890625,44.345340728759766,94.0571060180664,55.237388610839844,196.7730255126953,34.51564407348633,42.69731521606445,248.7190704345703,116.64527130126953,152.33258056640625,139.1386260986328,68.66220092773438,165.35000610351562,210.87709045410156,29.921131134033203,96.66986083984375,49.2852897644043,48.77436447143555,158.09962463378906,140.8816375732422,343.4094543457031,100.6788101196289,22.79707145690918,54.49698257446289,22.126184463500977,178.70220947265625,102.96175384521484,43.548824310302734,5.464787483215332,27.54857063293457,29.511138916015625,27.913747787475586,131.7333221435547,311.4956970214844,124.20398712158203,29.06380271911621,41.37143325805664,49.64198684692383,118.4190444946289,203.95814514160156
2020-09-15,200.18356323242188,112.3877944946289,129.09837341308594,29.198657989501953,86.39334869384766,122.50347137451172,61.517433166503906,68.60286712646484,43.885154724121094,116.54560852050781,27.675931930541992,44.8748664855957,94.32674407958984,56.61228561401367,198.38783264160156,34.71229553222656,42.709739685058594,253.08815002441406,115.33663177490234,152.17886352539062,134.68829345703125,68.47531127929688,163.49000549316406,212.2444610595703,29.677873611450195,97.48388671875,48.460609436035156,48.63547134399414,153.17770385742188,141.90280151367188,342.3629455566406,100.12506866455078,22.38096809387207,54.38197326660156,22.18860626220703,175.73777770996094,102.42031860351562,42.901763916015625,5.403385639190674,27.674114227294922,29.403297424316406,28.14691925048828,132.87673950195312,311.0999450683594,122.51451873779297,28.91509246826172,41.34531021118164,49.86164093017578,118.1552963256836,201.566650390625
2020-09-16,196.60716247558594,109.07083892822266,128.67352294921875,30.438425064086914,86.75884246826172,121.68167114257812,63.29808044433594,69.71082305908203,43.66165542602539,115.99560546875,27.541152954101562,45.20693588256836,95.69802856445312,56.13849639892578,200.56466674804688,34.55839157104492,42.36771774291992,249.5875701904297,117.37239074707031,153.71604919433594,136.96331787109375,68.44861602783203,167.4600067138672,211.74017333984375,32.840267181396484,96.67900085449219,48.86869812011719,48.57011032104492,155.1004638671875,142.73484802246094,345.0054931640625,99.46808624267578,22.66427230834961,53.93016815185547,22.92882537841797,178.11643981933594,103.583984375,43.548824310302734,5.388035774230957,28.466596603393555,28.77425193786621,29.21282958984375,131.51116943359375,316.1158752441406,123.57674407958984,28.225679397583008,41.51078414916992,49.633541107177734,117.35497283935547,201.2210235595703
2020-09-17,194.55526733398438,107.32968139648438,127.60704040527344,30.43036460876465,85.7668228149414,121.52263641357422,63.48343276977539,69.76782989501953,43.45532989501953,114.46598815917969,27.57110595703125,45.16205978393555,96.23731231689453,55.906253814697266,198.5751495361328,34.51564407348633,42.50141525268555,248.10748291015625,119.35958099365234,154.02346801757812,139.46493530273438,68.2706069946289,167.52999877929688,212.01370239257812,34.29983139038086,97.55705261230469,49.65937423706055,48.52926254272461,155.47763061523438,144.16253662109375,345.3195495605469,98.22918701171875,22.44293975830078,53.42906188964844,22.393728256225586,172.9241943359375,103.0021743774414,42.782562255859375,5.587592601776123,29.196311950683594,29.214582443237305,30.05390739440918,131.4124755859375,316.4564514160156,122.6316146850586,27.61736297607422,41.60660171508789,48.64509201049805,117.54596710205078,205.462158203125
2020-09-18,192.1390838623047,103.92516326904297,129.34986877441406,29.93929100036621,85.58407592773438,121.39006042480469,63.0161018371582,69.90632629394531,43.369361877441406,112.97930145263672,27.428834915161133,44.776145935058594,94.5732421875,55.506797790527344,196.5143280029297,34.036861419677734,42.06612014770508,243.8803253173828,117.40006256103516,152.54055786132812,138.12347412109375,67.4874267578125,161.13999938964844,211.7060089111328,33.47275161743164,97.739990234375,50.64557647705078,48.423065185546875,154.48406982421875,145.7699432373047,344.621826171875,97.08415985107422,22.31899642944336,53.437278747558594,22.41156578063965,172.95082092285156,103.4142837524414,42.63783264160156,5.5492167472839355,28.976608276367188,29.843626022338867,29.870704650878906,131.33843994140625,314.30279541015625,122.08797454833984,26.927946090698242,41.493370056152344,48.425437927246094,114.38111114501953,207.35853576660156
2020-09-21,194.20050048828125,107.0767822265625,125.81219482421875,29.32746696472168,82.93866729736328,120.80685424804688,61.477169036865234,67.7229995727539,42.20023727416992,112.78165435791016,26.972057342529297,44.62356948852539,92.63961029052734,56.50080490112305,193.07058715820312,33.378517150878906,42.619571685791016,241.3633270263672,111.72911071777344,145.91265869140625,131.72442626953125,66.91783905029297,156.35000610351562,207.83462524414062,30.894174575805664,96.90767669677734,50.05046081542969,47.19757080078125,151.76092529296875,142.9428253173828,331.0772705078125,92.13796997070312,21.663856506347656,52.747230529785156,21.439477920532227,172.18751525878906,100.80409240722656,41.173423767089844,5.272906303405762,28.082122802734375,30.06829071044922,28.613256454467773,132.49008178710938,299.9360046386719,122.00431823730469,26.238525390625,40.5091667175293,48.89008712768555,109.20635223388672,200.1093292236328
2020-09-22,198.87954711914062,108.75958251953125,125.04051208496094,28.60292625427246,82.03366088867188,121.91143035888672,60.85673141479492,67.5682373046875,42.690242767333984,113.56366729736328,27.1442813873291,44.82999801635742,92.83988189697266,56.315006256103516,193.07058715820312,33.617916107177734,43.00513458251953,242.214111328125,112.40769958496094,147.09713745117188,133.37405395507812,67.7010269165039,156.8000030517578,211.51800537109375,30.407649993896484,95.85579681396484,49.42982482910156,48.006385803222656,148.79856872558594,141.69473266601562,338.7608947753906,92.4289321899414,21.19463539123535,52.08184051513672,21.091665267944336,170.0751495361328,101.40209197998047,40.55191421508789,5.203828811645508,28.02720069885254,30.31991195678711,28.563291549682617,133.17286682128906,306.2955627441406,122.91596984863281,26.056032180786133,40.935951232910156,48.99147033691406,109.87934112548828,203.2575225830078
2020-09-23,192.33079528808594,104.1975326538086,125.23991394042969,27.685190200805664,80.70225524902344,120.45333099365234,57.97222137451172,67.315673828125,41.44375228881836,112.57540130615234,26.957077026367188,43.81581497192383,91.5456314086914,54.77289962768555,191.785888671875,32.72873306274414,42.283775329589844,236.2232208251953,110.44813537597656,143.5797882080078,130.86337280273438,66.87334442138672,151.17999267578125,207.32183837890625,29.726520538330078,93.96248626708984,48.80067825317383,48.194297790527344,147.6577606201172,141.6475067138672,334.2431640625,89.6883316040039,20.592615127563477,51.82717514038086,20.36036491394043,165.1934814453125,99.30907440185547,39.521724700927734,5.09637451171875,27.509342193603516,29.906530380249023,27.414093017578125,132.89317321777344,301.9331359863281,121.12612915039062,25.636978149414062,39.33333969116211,48.76336669921875,107.60572052001953,200.4269561767578
2020-09-24,194.82374572753906,105.26750946044922,125.43932342529297,27.628841400146484,80.63263702392578,120.99241638183594,57.85136795043945,67.73932647705078,41.86497497558594,113.07381439208984,26.777368545532227,44.12097930908203,90.97554779052734,55.08875274658203,192.8118438720703,32.36109161376953,42.50452423095703,235.46995544433594,111.07823181152344,143.55267333984375,131.55223083496094,67.42512512207031,146.0500030517578,205.38189697265625,29.483261108398438,92.30693817138672,48.21405792236328,47.589725494384766,148.0073699951172,140.70199584960938,330.3359375,89.58507537841797,20.663440704345703,51.13713455200195,20.797359466552734,173.1727294921875,99.74545288085938,39.683494567871094,5.1117262840271,27.485797882080078,30.04132652282715,27.980361938476562,131.9553985595703,298.85919189453125,122.51451873779297,25.90733528137207,39.60335159301758,49.59129333496094,108.17868041992188,202.26727294921875
2020-09-25,199.26312255859375,109.21674346923828,126.29773712158203,27.88644790649414,81.3375015258789,121.6109619140625,57.875545501708984,67.56008911132812,41.88217544555664,114.7667465209961,26.994518280029297,44.82101821899414,91.63806915283203,55.55323791503906,194.64968872070312,32.87408447265625,42.681758880615234,237.9957275390625,110.97437286376953,146.02117919921875,132.25015258789062,67.5942153930664,156.02999877929688,208.373046875,29.77565574645996,94.62102508544922,48.73267364501953,48.60279083251953,149.45176696777344,142.07298278808594,337.2608642578125,90.34532165527344,20.79623794555664,51.13713455200195,21.08274269104004,173.0306854248047,101.19196319580078,40.049583435058594,4.996596813201904,27.79965591430664,30.131187438964844,28.06364631652832,136.6525421142578,301.8779602050781,122.46435546875,25.86677360534668,40.134647369384766,50.4107780456543,109.36095428466797,204.81759643554688
2020-09-28,200.81640625,111.82363891601562,127.55499267578125,28.425825119018555,83.67832946777344,121.95561218261719,59.567569732666016,67.42160034179688,42.36356735229492,118.56510162353516,27.249113082885742,46.15827560424805,93.77975463867188,55.3488655090332,196.50538635253906,33.45545959472656,42.675540924072266,241.3456573486328,111.93684387207031,148.8694305419922,133.8544158935547,68.18163299560547,166.0800018310547,211.1163330078125,30.214250564575195,95.52653503417969,49.25978088378906,48.78252410888672,151.14453125,140.0306396484375,340.58380126953125,92.74801635742188,21.327428817749023,51.6300163269043,21.243276596069336,176.68748474121094,103.88300323486328,41.19045639038086,5.13475227355957,28.30181884765625,30.283954620361328,28.07196807861328,138.93942260742188,303.27691650390625,123.4178237915039,26.326391220092773,40.50046157836914,50.60508728027344,110.71602630615234,207.2930908203125
2020-09-29,198.72613525390625,110.97736358642578,127.51164245605469,27.596630096435547,82.97346496582031,121.2928466796875,57.93195343017578,66.72099304199219,42.054107666015625,117.8690185546875,27.084373474121094,45.94288635253906,93.17115020751953,55.24667739868164,195.09579467773438,33.395626068115234,42.64133071899414,241.1506805419922,110.65585327148438,148.75189208984375,133.60971069335938,67.83451843261719,163.60000610351562,212.2017364501953,29.824390411376953,96.21251678466797,48.91971206665039,48.9377555847168,151.16293334960938,138.29092407226562,339.0400390625,91.74375915527344,21.044132232666016,51.0139045715332,20.74384880065918,174.663818359375,103.02638244628906,40.219879150390625,5.065673828125,27.760425567626953,30.346860885620117,27.031028747558594,138.6103515625,299.37445068359375,122.39742279052734,25.927610397338867,40.04755401611328,50.571292877197266,109.43370819091797,206.3932342529297
2020-09-30,201.6697540283203,112.65042877197266,129.08970642089844,27.63689613342285,83.77404022216797,122.82164001464844,58.01251983642578,67.57637786865234,42.440948486328125,119.10650634765625,27.48125457763672,46.47240447998047,93.7335433959961,55.46034240722656,195.8184356689453,33.677757263183594,43.50261688232422,246.1134796142578,110.91204833984375,148.84230041503906,135.1868133544922,68.66220092773438,165.25999450683594,217.20980834960938,30.360448837280273,99.54185485839844,49.6508674621582,49.256385803222656,155.8548583984375,139.9550018310547,334.278076171875,94.09014892578125,21.327428817749023,51.90932083129883,20.966808319091797,178.37384033203125,103.6163101196289,41.164913177490234,5.1117262840271,28.18412208557129,30.472665786743164,27.34747886657715,137.07205200195312,290.3641662597656,123.5014877319336,26.11686134338379,40.49175262451172,52.108882904052734,111.02523040771484,207.7524871826172
2020-10-01,203.71205139160156,113.60372161865234,127.73711395263672,26.670848846435547,84.38319396972656,123.04252624511719,56.73945999145508,66.50916290283203,42.27760696411133,120.9970474243164,27.23413848876953,46.8852653503418,93.28671264648438,55.441768646240234,195.9076385498047,33.47930145263672,44.48828887939453,246.03378295898438,109.9495849609375,148.0013885498047,132.97525024414062,68.58208465576172,167.86000061035156,218.26095581054688,30.409181594848633,99.36808013916016,49.17477035522461,49.239925384521484,153.98728942871094,136.42823791503906,332.193603515625,95.10381317138672,21.336286544799805,52.01611328125,21.011402130126953,176.22593688964844,103.47086334228516,40.23689651489258,5.180802822113037,28.144899368286133,30.571514129638672,27.006052017211914,137.91111755371094,286.9772644042969,123.47637176513672,26.306116104125977,40.587554931640625,52.860774993896484,110.75239562988281,205.32461547851562
2020-10-02,197.70022583007812,109.93657684326172,126.80069732666016,26.550094604492188,85.18375396728516,122.05280303955078,57.359886169433594,65.82485961914062,42.43235397338867,118.64244842529297,27.241628646850586,45.781333923339844,92.88610076904297,54.652130126953125,198.65545654296875,33.02198028564453,43.68607711791992,247.531494140625,111.03671264648438,149.7465362548828,135.90284729003906,68.88469696044922,168.0800018310547,209.7318878173828,31.140167236328125,97.41072082519531,49.166263580322266,48.33448028564453,153.84933471679688,137.29812622070312,331.92327880859375,95.3666000366211,21.433670043945312,51.07140350341797,21.39488410949707,177.4241485595703,104.31937408447266,40.841392517089844,5.288256645202637,28.066438674926758,30.616451263427734,27.539011001586914,137.34352111816406,288.9468994140625,123.30908966064453,26.33991813659668,40.70948791503906,52.81853485107422,112.10748291015625,210.71458435058594
2020-10-05,201.7177276611328,113.32162475585938,128.526123046875,27.16192054748535,86.98424530029297,123.17508697509766,58.576515197753906,66.18331146240234,42.44953918457031,118.53071594238281,27.51869010925293,46.391632080078125,93.99547576904297,55.330291748046875,201.68878173828125,33.280845642089844,44.09027862548828,250.00408935546875,112.69159698486328,152.55860900878906,139.12051391601562,69.79249572753906,171.1999969482422,218.7908172607422,31.23763656616211,99.29491424560547,50.118473052978516,48.72957992553711,158.44004821777344,138.64077758789062,334.8711242675781,97.50650787353516,21.79665184020996,52.246124267578125,21.805126190185547,179.11048889160156,107.89122772216797,41.37776565551758,5.388035774230957,28.73337173461914,31.02982521057129,28.54663848876953,139.1532745361328,287.31781005859375,125.06551361083984,26.698139190673828,41.61530303955078,52.953704833984375,114.51752471923828,212.74868774414062
2020-10-06,197.43173217773438,110.07275390625,126.81798553466797,26.880157470703125,86.0884017944336,123.36949157714844,58.25423812866211,64.87169647216797,42.071292877197266,116.61434936523438,27.084373474121094,46.10443878173828,93.96466064453125,55.28383255004883,199.9223175048828,33.280845642089844,43.72650146484375,245.01461791992188,112.33153533935547,150.9039306640625,137.343994140625,69.0093002319336,159.5399932861328,215.9534912109375,30.068052291870117,97.18208312988281,49.5063362121582,47.527801513671875,157.207275390625,136.27696228027344,328.3299865722656,95.50737762451172,21.57532501220703,51.35892868041992,21.5643310546875,178.48036193847656,108.18216705322266,40.64556121826172,5.357334613800049,28.20766830444336,30.50861358642578,27.730539321899414,139.30958557128906,284.3634948730469,125.4585952758789,26.765727996826172,41.45853042602539,51.72869873046875,113.27157592773438,211.96131896972656
2020-10-07,201.1903533935547,111.94038391113281,128.22264099121094,26.968711853027344,87.59026336669922,124.3326644897461,59.44671630859375,65.2057113647461,42.604278564453125,117.74010467529297,27.30902099609375,47.27119064331055,95.58248901367188,56.51506423950195,202.0545654296875,33.99702453613281,43.80733108520508,250.6155242919922,115.28125,155.11756896972656,140.2806854248047,69.53438568115234,164.61000061035156,220.20948791503906,30.75031089782715,98.54489135742188,50.51805877685547,49.73379898071289,162.19358825683594,140.8437957763672,333.9815979003906,97.02783203125,22.026836395263672,51.62179946899414,22.126184463500977,180.70814514160156,110.89739990234375,41.4714241027832,5.5492167472839355,28.631376266479492,30.580514907836914,28.58828353881836,143.94911193847656,288.8916931152344,126.16957092285156,27.394317626953125,42.076927185058594,52.0328369140625,117.26404571533203,216.1326904296875
2020-10-08,201.9095001220703,111.83336639404297,129.09837341308594,28.38557243347168,89.39071655273438,125.17219543457031,60.606964111328125,65.56416320800781,43.377952575683594,118.46197509765625,27.623525619506836,47.89942932128906,101.29878234863281,56.79487609863281,201.44790649414062,34.33354949951172,43.95347595214844,252.14874267578125,116.12599182128906,157.13394165039062,141.99374389648438,70.07727813720703,168.0,205.185302734375,32.40721130371094,99.276611328125,51.4107551574707,50.72157287597656,163.63792419433594,145.13644409179688,338.9091796875,99.95893096923828,22.34555435180664,52.01611328125,22.563180923461914,184.59567260742188,113.80664825439453,41.718326568603516,5.6413187980651855,29.086462020874023,30.814149856567383,29.58757209777832,143.30746459960938,294.22052001953125,125.71788787841797,27.29292869567871,42.54725646972656,52.29693603515625,122.76619720458984,219.5728759765625
2020-10-09,206.9241180419922,113.77880096435547,130.9019317626953,27.966957092285156,88.88131713867188,126.2944564819336,59.62397384643555,65.46640014648438,43.678836822509766,118.9690170288086,27.54863739013672,47.40581130981445,98.4483413696289,57.03740310668945,200.58250427246094,34.385318756103516,44.39500427246094,253.389404296875,117.22692108154297,157.67645263671875,144.06028747558594,70.99396514892578,167.3300018310547,202.28814697265625,33.3331413269043,100.2918930053711,50.50105667114258,50.886192321777344,162.28555297851562,148.33226013183594,336.5892639160156,100.22283172607422,22.45178985595703,52.44327926635742,22.563180923461914,184.20513916015625,114.92182922363281,41.573585510253906,5.564566612243652,28.513671875,30.95793342590332,29.254474639892578,143.7023468017578,290.1708984375,127.54121398925781,27.502458572387695,42.651771545410156,52.705833435058594,123.57562255859375,220.10719299316406
2020-10-12,212.28395080566406,121.006103515625,131.65626525878906,27.878406524658203,89.97037506103516,127.6817855834961,60.03489685058594,65.46640014648438,43.91952896118164,122.13999938964844,27.57110595703125,48.35716247558594,98.00149536132812,57.32654571533203,201.7244415283203,34.825382232666016,44.852073669433594,254.2667999267578,116.77687072753906,158.56259155273438,147.38671875,71.75933837890625,167.35000610351562,204.68963623046875,33.284400939941406,101.57240295410156,50.77312088012695,50.89442443847656,163.26075744628906,146.07249450683594,339.1970520019531,100.47728729248047,22.73509407043457,53.02653503417969,22.902074813842773,190.0453338623047,115.63297271728516,43.19975280761719,5.886927604675293,28.976608276367188,31.119693756103516,29.63753318786621,145.22415161132812,291.3765869140625,128.29400634765625,27.340246200561523,43.54017639160156,53.114723205566406,123.7302017211914,221.7101287841797
2020-10-13,213.683837890625,117.796142578125,128.6388397216797,27.54833984375,88.5124282836914,127.43436431884766,59.140533447265625,65.75152587890625,43.17164993286133,123.35164642333984,27.63100814819336,48.31228256225586,96.37598419189453,56.8694953918457,202.8307342529297,34.35080337524414,45.46772766113281,257.3242492675781,115.37818908691406,155.11756896972656,146.94256591796875,71.4300537109375,162.13999938964844,204.5443572998047,32.748348236083984,99.12113189697266,50.263004302978516,50.318233489990234,160.61117553710938,141.90280151367188,339.2232360839844,98.96932983398438,22.08881187438965,52.97723388671875,22.063751220703125,187.1074981689453,116.51380157470703,42.9443244934082,5.956005573272705,28.388134002685547,31.272457122802734,29.04628562927246,144.22879028320312,287.70440673828125,128.98814392089844,26.61703109741211,42.52983856201172,53.429927825927734,121.47478485107422,222.3662567138672
2020-10-14,211.7661895751953,117.88367462158203,128.4134063720703,27.491985321044922,88.02059936523438,127.2841567993164,58.77794647216797,65.58859252929688,43.08567810058594,122.47518920898438,27.601055145263672,48.06098556518555,97.02310943603516,56.860172271728516,203.07159423828125,34.41983413696289,44.75568389892578,254.42628479003906,116.60375213623047,156.85362243652344,148.29312133789062,71.0740737915039,163.24000549316406,203.1000518798828,33.23567581176758,98.88252258300781,49.744380950927734,50.211219787597656,160.52838134765625,140.3710479736328,340.76690673828125,98.78083801269531,20.911327362060547,52.615787506103516,20.734933853149414,187.48025512695312,116.89362335205078,43.12312316894531,5.81017541885376,28.17627716064453,30.409765243530273,28.754817962646484,143.44732666015625,289.81195068359375,127.66670989990234,26.731935501098633,42.54725646972656,52.89324951171875,122.40238952636719,223.53799438476562
2020-10-15,210.61557006835938,117.41676330566406,127.62439727783203,27.733495712280273,89.33802032470703,127.09857940673828,59.22916793823242,64.40734100341797,42.97392654418945,121.53845977783203,27.368925094604492,48.33023452758789,96.21417999267578,56.44976806640625,204.87376403808594,34.48885726928711,44.93914031982422,254.8251190185547,117.0746078491211,156.07601928710938,149.5891876220703,70.94056701660156,164.24000549316406,200.8438262939453,33.47934341430664,98.4879150390625,50.433040618896484,49.73379898071289,162.67196655273438,138.78257751464844,336.7550354003906,98.42269134521484,21.380552291870117,51.720375061035156,20.467391967773438,185.14599609375,118.70381164550781,43.70207214355469,5.848551273345947,29.533700942993164,30.53557777404785,29.47932243347168,143.16763305664062,289.7476501464844,129.0718536376953,26.833311080932617,43.496612548828125,53.41288757324219,124.35774230957031,223.32241821289062
2020-10-16,210.61557006835938,115.77287292480469,128.4134063720703,27.45172691345215,89.1535873413086,127.59342193603516,58.7296142578125,65.03461456298828,43.00830841064453,121.79627227783203,28.41725730895996,48.60845184326172,97.01541137695312,56.23523712158203,204.63287353515625,34.652809143066406,44.99510955810547,254.9314727783203,118.3832778930664,158.1104736328125,152.9518585205078,71.47456359863281,167.35000610351562,201.45057678222656,35.52611541748047,100.6445083618164,50.66259002685547,50.40877914428711,163.66552734375,138.15855407714844,337.0863952636719,98.87509155273438,21.460233688354492,50.9317626953125,20.387121200561523,183.02467346191406,118.81694793701172,44.14479446411133,5.886927604675293,29.353239059448242,30.616451263427734,28.46772575378418,143.4966583251953,291.0544738769531,128.24380493164062,26.718414306640625,43.365970611572266,53.13177490234375,124.73970794677734,225.0284423828125
2020-10-19,205.39962768554688,112.8158187866211,125.13585662841797,26.90430450439453,87.65171813964844,125.40193176269531,57.4323844909668,64.08963775634766,42.65584945678711,120.03457641601562,28.304935455322266,48.98541259765625,96.6995620727539,55.610294342041016,201.6263427734375,33.91073989868164,44.4478645324707,251.44862365722656,117.40006256103516,155.15374755859375,151.84613037109375,70.49556732177734,167.11000061035156,197.1689910888672,35.52611541748047,99.14867401123047,49.973941802978516,50.02189636230469,157.92481994628906,135.0194549560547,334.653076171875,96.57546997070312,20.999868392944336,49.757041931152344,20.10173988342285,182.56317138671875,116.58656311035156,43.378543853759766,5.825526237487793,29.007999420166016,30.445716857910156,27.56572914123535,141.57176208496094,286.5354919433594,126.13609313964844,26.48185157775879,43.818885803222656,52.21173858642578,122.15687561035156,223.25677490234375
2020-10-20,205.8118438720703,114.30406188964844,125.33528137207031,27.129718780517578,88.15233612060547,125.90560913085938,57.75467300415039,63.763763427734375,43.19744110107422,120.06036376953125,28.07280158996582,47.953285217285156,90.42086029052734,55.73155975341797,202.9199676513672,33.82444381713867,44.74324417114258,253.49575805664062,118.36943817138672,156.66375732421875,153.16944885253906,71.04734802246094,167.24000549316406,197.5022735595703,35.769771575927734,99.44232177734375,50.52656555175781,49.91489028930664,157.40045166015625,135.76638793945312,324.6233825683594,97.20690155029297,21.371700286865234,49.74061584472656,20.342531204223633,184.6400146484375,118.58259582519531,43.821258544921875,5.940654277801514,29.41600799560547,29.95146369934082,27.46457290649414,143.85865783691406,284.4371032714844,124.22077941894531,26.157413482666016,44.30662536621094,52.06691360473633,122.43880462646484,223.91297912597656
2020-10-21,205.9556884765625,113.6815414428711,124.7977066040039,26.694997787475586,87.27407836914062,126.58602142333984,57.10203552246094,63.6008186340332,42.97392654418945,119.96586608886719,27.765796661376953,48.016109466552734,88.64125061035156,55.65692901611328,203.5801544189453,33.703651428222656,44.898712158203125,252.13986206054688,117.1369400024414,156.31112670898438,151.72825622558594,71.37665557861328,163.86000061035156,195.6819305419922,35.67230987548828,97.2123031616211,50.78377914428711,49.412776947021484,160.59280395507812,133.6106414794922,320.20159912109375,95.59528350830078,21.29201889038086,49.46129608154297,20.244434356689453,180.095703125,117.95223999023438,42.893245697021484,6.025082588195801,29.337541580200195,29.95146369934082,25.829164505004883,142.0900115966797,283.8113098144531,124.10365295410156,26.02899169921875,44.254371643066406,51.939144134521484,121.89310455322266,221.5976104736328
2020-10-22,206.04197692871094,112.59210205078125,125.79483032226562,28.063566207885742,90.35681915283203,125.6894760131836,59.140533447265625,64.52953338623047,43.56708526611328,119.97444152832031,28.02787208557129,48.37510299682617,89.1805191040039,55.67559051513672,204.4365997314453,33.496559143066406,44.634422302246094,249.1710662841797,118.20325469970703,159.9098663330078,153.7766876220703,70.95606231689453,169.07000732421875,194.8358612060547,37.62162399291992,100.47013854980469,50.99813461303711,50.013671875,164.98114013671875,133.93209838867188,321.78887939453125,98.76200103759766,22.01798439025879,49.83918762207031,20.734933853149414,182.30575561523438,118.27549743652344,44.07669448852539,6.301391124725342,29.431699752807617,29.33140754699707,26.899770736694336,142.30389404296875,278.85968017578125,115.4971923828125,26.353435516357422,45.01211929321289,52.22878646850586,121.5929946899414,222.04757690429688
2020-10-23,207.32679748535156,111.90147399902344,125.93357849121094,27.50003433227539,91.17359924316406,126.51586151123047,58.47178268432617,65.03461456298828,43.429534912109375,119.93144989013672,28.589479446411133,43.259368896484375,89.36540222167969,55.871463775634766,204.0440673828125,33.496559143066406,44.727699279785156,250.80162048339844,117.57316589355469,158.72535705566406,153.74020385742188,71.00078582763672,167.36000061035156,194.13507080078125,37.183021545410156,98.91922760009766,51.658329010009766,49.49509811401367,169.72825622558594,134.622314453125,326.47235107421875,95.17115020751953,22.044546127319336,49.93777084350586,20.761688232421875,181.9862518310547,119.68161010742188,44.16182327270508,6.263015270233154,29.847553253173828,29.43924331665039,27.43085289001465,141.4072723388672,283.8665771484375,114.48516845703125,26.414260864257812,45.1776123046875,52.6291618347168,122.11138916015625,224.5316162109375
2020-10-26,201.43002319335938,111.91117858886719,124.83238983154297,26.847951889038086,88.91643524169922,125.55619812011719,57.158443450927734,64.22811889648438,42.81059265136719,118.64244842529297,28.394792556762695,41.93107223510742,86.4533462524414,53.62355041503906,200.08291625976562,32.504268646240234,44.20221710205078,244.63351440429688,115.0527114868164,153.8696746826172,148.82498168945312,70.41911315917969,160.8300018310547,192.1951141357422,35.96470260620117,100.02965545654297,51.06672668457031,49.116451263427734,167.32708740234375,133.9793701171875,321.4313659667969,91.30702209472656,21.725828170776367,49.25593566894531,20.244434356689453,178.52471923828125,117.20071411132812,42.8421630859375,6.16323709487915,29.196311950683594,29.798694610595703,25.559417724609375,138.19903564453125,285.1641845703125,113.4898681640625,26.069555282592773,44.58534622192383,51.94765090942383,119.43763732910156,219.5822296142578
2020-10-27,204.46951293945312,113.41889190673828,124.12138366699219,26.421283721923828,87.23894500732422,126.49810028076172,56.00625228881836,63.53565216064453,42.896549224853516,119.55332946777344,28.02787208557129,40.9617805480957,85.17449951171875,53.24111557006836,198.9231414794922,31.813966751098633,44.42299270629883,245.34251403808594,111.50061798095703,150.77734375,144.00096130371094,70.56230163574219,155.24000549316406,190.97299194335938,34.60020065307617,99.64419555664062,49.857791900634766,48.35093688964844,164.02435302734375,124.71334075927734,316.09375,89.46918487548828,21.11495590209961,49.29701232910156,19.459623336791992,173.67864990234375,114.99457550048828,41.36925506591797,6.078810214996338,28.246896743774414,29.061817169189453,25.508838653564453,140.53526306152344,278.0589599609375,112.7120132446289,25.12328338623047,43.8624382019043,52.06691360473633,115.85438537597656,214.20166015625
2020-10-28,194.334716796875,108.16622161865234,119.96812438964844,25.414989471435547,84.78856658935547,122.32178497314453,53.887176513671875,62.061119079589844,41.228843688964844,115.299560546875,26.545242309570312,39.714256286621094,82.1622543334961,51.851341247558594,191.53610229492188,30.813037872314453,43.54304504394531,239.03260803222656,109.76957702636719,145.7227783203125,137.84552001953125,68.78147888183594,148.13999938964844,184.9223175048828,36.15962600708008,97.6619644165039,48.50309371948242,47.54426193237305,154.86126708984375,124.15547943115234,306.0029296875,86.33075714111328,20.778532028198242,48.2373046875,18.88886070251465,168.43312072753906,110.8246841430664,40.50082778930664,5.909953594207764,27.140562057495117,28.900062561035156,24.269643783569336,128.1466827392578,270.2727966308594,111.23161315917969,24.819129943847656,43.13080978393555,50.703914642333984,113.87178802490234,209.38356018066406
2020-10-29,196.29074096679688,112.17381286621094,118.95365905761719,26.54204750061035,85.34186553955078,122.24179077148438,55.434181213378906,61.82484436035156,41.28041458129883,115.1448745727539,26.417938232421875,39.5886116027832,83.90335083007812,52.25241470336914,191.76806640625,30.795791625976562,43.505733489990234,238.9528045654297,109.73493957519531,148.83326721191406,141.04632568359375,68.6114273071289,148.2899932861328,186.15293884277344,35.91596984863281,96.35884094238281,47.954368591308594,47.675968170166016,150.32571411132812,125.32791900634766,307.3809509277344,85.83122253417969,20.84050941467285,48.08122253417969,18.853187561035156,168.58399963378906,106.21843719482422,41.272762298583984,6.063458442687988,26.30100440979004,28.98992347717285,24.581552505493164,132.7368621826172,269.1039123535156,111.09779357910156,24.920516967773438,43.47920227050781,50.44835662841797,116.50011444091797,213.7423553466797
2020-10-30,194.13339233398438,105.89005279541016,118.88427734375,26.26027488708496,86.1059799194336,121.82415008544922,55.99819564819336,61.2708740234375,41.314796447753906,114.5433120727539,26.56770133972168,39.741180419921875,86.02192687988281,52.33636474609375,190.02835083007812,30.976985931396484,43.141944885253906,236.3650360107422,110.75972747802734,149.1497039794922,143.21673583984375,70.59810638427734,144.38999938964844,185.40087890625,36.15962600708008,96.45977783203125,48.09154510498047,48.11222839355469,153.61009216308594,123.351806640625,305.3662109375,85.99146270751953,20.982160568237305,47.76906204223633,19.12965202331543,167.7852325439453,102.35565948486328,41.298500061035156,5.932980060577393,26.709007263183594,28.944995880126953,24.12633514404297,129.2407989501953,266.7386474609375,110.89704895019531,24.38655662536621,40.27400207519531,50.363155364990234,117.9734115600586,211.7644805908203
2020-11-02,193.99911499023438,105.80250549316406,120.2542495727539,27.36318016052246,88.04695129394531,123.06816101074219,58.13336944580078,62.492881774902344,41.796199798583984,116.1417236328125,27.12930679321289,39.902732849121094,86.98491668701172,52.653499603271484,189.63580322265625,30.976985931396484,43.65498352050781,239.9365234375,112.82313537597656,156.98020935058594,148.8888397216797,71.734619140625,148.60000610351562,188.19549560546875,36.64696502685547,98.6347427368164,49.79777145385742,48.96828842163086,160.85035705566406,124.4580307006836,307.3635559082031,88.02720642089844,21.31857681274414,48.08122253417969,19.530975341796875,168.8147430419922,104.22240447998047,42.35347366333008,5.917629718780518,28.082122802734375,28.810197830200195,25.483551025390625,131.24795532226562,273.0062561035156,112.36911010742188,24.656911849975586,42.2946662902832,50.88280487060547,122.93897247314453,217.19187927246094
2020-11-03,197.93035888671875,107.42695617675781,120.08948516845703,26.896251678466797,90.82229614257812,125.48509979248047,57.80302429199219,62.66396713256836,42.423744201660156,117.7658920288086,27.09935188293457,40.252750396728516,87.9478988647461,52.979949951171875,193.41856384277344,31.650022506713867,44.39500427246094,245.8122100830078,114.6026611328125,162.04380798339844,152.91952514648438,74.37454986572266,153.64999389648438,188.06729125976562,38.25513458251953,100.5435791015625,50.972412109375,50.40877914428711,169.16709899902344,123.84343719482422,316.9746398925781,90.75094604492188,21.858627319335938,48.32766342163086,19.70041847229004,175.67564392089844,106.79219818115234,43.897342681884766,6.048108100891113,29.321857452392578,29.42127227783203,24.707996368408203,134.48081970214844,280.5439758300781,113.20549011230469,25.27198600769043,41.71982192993164,51.87099075317383,124.46685791015625,224.9347381591797
2020-11-04,207.48023986816406,111.81389617919922,120.8698501586914,26.75135040283203,88.04695129394531,124.96971893310547,57.82719421386719,65.67821502685547,42.26901626586914,118.47057342529297,27.95299530029297,41.015628814697266,86.20681762695312,52.69080352783203,191.6967010498047,31.555103302001953,44.1400260925293,250.55352783203125,110.89820098876953,161.7725372314453,141.55702209472656,75.04570770263672,151.6300048828125,196.84420776367188,38.25513458251953,102.35144805908203,51.7612190246582,53.85771179199219,193.76748657226562,140.49395751953125,324.5797424316406,90.8546142578125,20.964454650878906,49.182010650634766,19.513132095336914,175.62237548828125,109.74988555908203,44.11176300048828,5.8639020919799805,28.47836685180664,28.837156295776367,25.60999298095703,133.74046325683594,290.5023193359375,113.01310729980469,25.738359451293945,40.5091667175293,51.51320266723633,120.78359985351562,218.69171142578125
2020-11-05,214.0961151123047,115.78260040283203,121.1820068359375,26.703046798706055,91.64787292480469,126.51586151123047,58.12532043457031,65.54786682128906,42.50111770629883,118.63383483886719,27.529348373413086,41.29587936401367,88.4178466796875,52.849365234375,192.98138427734375,32.124603271484375,44.60954284667969,253.32742309570312,113.003173828125,165.7239227294922,148.7246551513672,74.2850570678711,157.08999633789062,198.24581909179688,38.93739318847656,104.18682861328125,52.65291213989258,52.47484588623047,197.02423095703125,137.5912322998047,318.0735168457031,92.46623992919922,21.787799835205078,48.98484802246094,20.005891799926758,180.14010620117188,111.01863098144531,44.77219772338867,6.132535934448242,29.4473876953125,29.403297424316406,25.390823364257812,134.54664611816406,282.91851806640625,112.34402465820312,25.217914581298828,41.72854232788086,51.589866638183594,125.74009704589844,230.61524963378906
2020-11-06,214.50843811035156,115.65106964111328,123.3410415649414,26.389083862304688,90.42706298828125,127.27117156982422,57.32765197753906,65.46640014648438,42.50971221923828,118.91744232177734,27.53691864013672,41.03370666503906,87.85545349121094,52.979949951171875,193.20440673828125,32.383460998535156,45.32469177246094,251.90065002441406,112.8785400390625,166.61911010742188,147.08323669433594,74.3029556274414,157.74000549316406,197.9893798828125,39.424713134765625,105.00360870361328,55.688106536865234,52.51600646972656,185.34963989257812,134.9627227783203,315.08203125,91.1279525756836,21.522201538085938,48.52482604980469,19.629600524902344,178.63125610351562,108.0771255493164,44.34334945678711,5.979030609130859,29.27476692199707,29.80768394470215,24.606842041015625,137.93582153320312,277.3595275878906,113.89969635009766,25.19088363647461,42.042091369628906,52.024330139160156,126.19480895996094,232.13380432128906
2020-11-09,209.3978729248047,113.34172058105469,126.66193389892578,29.7299861907959,102.67021179199219,122.61500549316406,63.97492218017578,65.5804672241211,45.19182205200195,118.97756958007812,29.655139923095703,41.22355270385742,90.29393005371094,53.01725387573242,190.22462463378906,32.96158218383789,44.631317138671875,239.2541961669922,113.1624526977539,178.12066650390625,155.77381896972656,73.18433380126953,179.36000061035156,200.8352813720703,42.494873046875,100.3875503540039,57.900203704833984,52.746482849121094,194.30108642578125,134.5750274658203,317.41949462890625,110.61834716796875,24.576568603515625,48.508384704589844,21.699176788330078,190.76426696777344,110.73578643798828,48.04863739013672,6.2937164306640625,31.216747283935547,27.86663246154785,28.13896369934082,134.26693725585938,277.28607177734375,110.95561218261719,25.79918670654297,42.93049621582031,49.715736389160156,129.52725219726562,233.2868194580078
2020-11-10,202.32174682617188,113.00070190429688,128.56947326660156,30.38955307006836,102.33646392822266,124.6320571899414,66.93195343017578,66.077392578125,46.403926849365234,121.78767395019531,29.261762619018555,41.07890319824219,92.1540298461914,52.85869216918945,190.31382751464844,33.41027069091797,45.2593879699707,244.21702575683594,117.11614990234375,182.63270568847656,157.12347412109375,74.58930206298828,188.69000244140625,206.47576904296875,43.761940002441406,101.6906967163086,60.215187072753906,53.10865020751953,202.58096313476562,138.5745849609375,323.8122863769531,109.28001403808594,24.488033294677734,49.79811477661133,21.672300338745117,193.01869201660156,110.63072967529297,47.817054748535156,6.431870460510254,33.22932815551758,28.684391021728516,29.951387405395508,135.5090789794922,289.46234130859375,114.20915222167969,26.758970260620117,43.67952346801758,50.19277572631836,130.39459228515625,238.06748962402344
2020-11-11,207.63365173339844,116.4305648803711,128.1533203125,30.07625961303711,100.80828094482422,126.24042510986328,66.44044494628906,66.03666687011719,46.06006622314453,123.6610336303711,29.125579833984375,41.90156555175781,91.5991439819336,53.35305404663086,194.50694274902344,33.936622619628906,46.01184844970703,246.1490020751953,117.16462707519531,180.2003631591797,154.53359985351562,76.00325012207031,182.14999389648438,205.69808959960938,43.32333755493164,103.37928009033203,59.59785079956055,52.20320129394531,203.4181671142578,136.8726348876953,322.0679931640625,104.72785949707031,24.204734802246094,49.37093734741211,21.672300338745117,193.53347778320312,113.50760650634766,48.323097229003906,6.393495082855225,32.515316009521484,28.837156295776367,29.740631103515625,137.08026123046875,285.274658203125,115.23793029785156,26.873870849609375,43.627262115478516,51.01911544799805,130.23939514160156,233.7367706298828
2020-11-12,206.56935119628906,116.15773010253906,128.58682250976562,29.045677185058594,99.56990814208984,126.31148529052734,64.9981918334961,65.0590591430664,45.57006072998047,123.6095199584961,28.406911849975586,40.63593673706055,89.4889144897461,52.653499603271484,190.09080505371094,33.367122650146484,46.08959197998047,244.81072998046875,115.66902160644531,179.1829376220703,154.23269653320312,75.82427978515625,176.72000122070312,202.66416931152344,42.68981170654297,102.73685455322266,59.49496841430664,51.651702880859375,202.53497314453125,134.0310516357422,320.8556823730469,104.70899963378906,23.629274368286133,49.27236557006836,21.331851959228516,190.39141845703125,111.13984680175781,47.645511627197266,6.301391124725342,31.98961067199707,28.945600509643555,28.6700439453125,134.99464416503906,281.84173583984375,115.53067016601562,26.698139190673828,42.96533203125,51.530242919921875,127.70126342773438,232.4806671142578
2020-11-13,207.59530639648438,116.20647430419922,129.97412109375,29.746477127075195,100.1934814453125,128.2041778564453,66.89969635009766,66.06111145019531,45.94831848144531,124.35714721679688,29.216365814208984,41.09700012207031,91.3255844116211,53.08255386352539,190.27813720703125,35.72277069091797,46.80784225463867,245.6349639892578,117.56623840332031,183.08920288085938,156.5854034423828,76.38804626464844,187.11000061035156,204.23016357421875,45.077720642089844,103.33338165283203,60.875370025634766,52.367835998535156,202.1117401123047,135.31405639648438,327.17877197265625,108.375244140625,23.90372657775879,49.773475646972656,21.564790725708008,194.44761657714844,113.4833755493164,48.55467987060547,6.554675102233887,33.51180648803711,29.045007705688477,29.808073043823242,135.45809936523438,286.88525390625,117.37908935546875,27.259132385253906,43.42694091796875,51.939144134521484,130.39459228515625,236.02398681640625
2020-11-16,208.28562927246094,117.21983337402344,130.79782104492188,31.46134376525879,103.02152252197266,126.56024932861328,71.67768859863281,65.31975555419922,46.29218292236328,125.2594985961914,28.240467071533203,41.75693130493164,92.5057601928711,53.30641555786133,193.35604858398438,36.7064323425293,47.39861297607422,247.76194763183594,120.38438415527344,189.4938507080078,157.93507385253906,76.89814758300781,202.39999389648438,203.6278533935547,46.637149810791016,104.31531524658203,62.9931526184082,53.092193603515625,200.8329620361328,133.61285400390625,328.9143371582031,111.84354400634766,24.41720962524414,50.184207916259766,22.30840301513672,197.3765869140625,116.24712371826172,49.84123229980469,6.754233360290527,34.60245132446289,29.189598083496094,32.10102462768555,139.4059295654297,287.823974609375,118.84274291992188,28.036426544189453,43.905975341796875,52.14358901977539,131.71847534179688,242.87625122070312
2020-11-17,205.6297149658203,116.3331527709961,129.49725341796875,31.881820678710938,101.97636413574219,126.07157897949219,71.16260528564453,66.3951187133789,46.146034240722656,124.81259155273438,28.736862182617188,41.160274505615234,91.98990631103516,53.27843475341797,192.71377563476562,36.13693618774414,46.444053649902344,241.46975708007812,120.23206329345703,186.53225708007812,156.76780700683594,76.37909698486328,210.0500030517578,199.99685668945312,47.173213958740234,103.7555160522461,57.56581497192383,52.94403076171875,197.62220764160156,134.19261169433594,327.8415832519531,109.77953338623047,24.390647888183594,50.08563995361328,22.433837890625,199.391357421875,114.37232208251953,50.4416389465332,6.715855598449707,31.27167510986328,28.8281192779541,32.7501220703125,139.7700958251953,287.73199462890625,120.29808044433594,27.84041404724121,43.68824005126953,52.20322036743164,130.80545043945312,242.0419464111328
2020-11-18,202.91871643066406,115.00794219970703,127.78044891357422,30.67811393737793,101.2210464477539,124.13446044921875,68.90606689453125,65.37679290771484,45.22621154785156,123.2142105102539,28.960121154785156,40.73537826538086,91.26306915283203,52.46695327758789,192.27659606933594,35.65373992919922,46.35698699951172,239.13006591796875,118.68101501464844,182.69862365722656,157.52468872070312,75.71688842773438,203.3000030517578,195.97006225585938,47.4168815612793,100.73625946044922,56.888465881347656,51.042579650878906,194.0526580810547,133.21371459960938,329.2894287109375,107.66838836669922,23.886014938354492,50.028133392333984,22.451749801635742,199.0807342529297,112.9662094116211,50.4416389465332,6.7695841789245605,30.352672576904297,28.954641342163086,33.028297424316406,139.41421508789062,285.8636779785156,117.98129272460938,27.150991439819336,43.22328186035156,52.075439453125,130.3762969970703,241.217041015625
2020-11-19,204.20693969726562,115.60233306884766,127.5810317993164,30.834762573242188,101.49333953857422,123.98338317871094,70.09156799316406,65.4908447265625,45.67323303222656,123.16264343261719,28.85646629333496,41.241641998291016,91.5835189819336,52.653499603271484,191.9108123779297,35.5242919921875,47.299110412597656,240.1049346923828,119.8543472290039,184.16123962402344,157.6705780029297,76.40594482421875,205.6699981689453,193.31134033203125,47.07575225830078,101.86505889892578,56.63981246948242,51.108436584472656,188.35797119140625,136.29290771484375,328.3299865722656,107.57415008544922,23.886014938354492,49.80632781982422,23.4372615814209,199.3203887939453,112.75609588623047,50.28724670410156,6.7695841789245605,30.05097007751465,29.605304718017578,33.27275466918945,137.78379821777344,284.8329162597656,118.55004119873047,27.07664680480957,42.91623306274414,52.816566467285156,130.7598114013672,239.5860137939453
2020-11-20,202.25540161132812,114.33560943603516,126.90470886230469,30.455503463745117,100.62384033203125,123.77904510498047,70.140625,65.53971099853516,45.277793884277344,123.24858093261719,29.263113021850586,41.03370666503906,91.39593505859375,51.95393371582031,191.0008087158203,35.35173034667969,46.71456527709961,239.11241149902344,120.74834442138672,183.50718688964844,157.05960083007812,76.2090835571289,199.6199951171875,192.0207061767578,47.56307601928711,101.76409912109375,56.92275619506836,50.71333312988281,188.43161010742188,138.2696990966797,320.9690856933594,106.10386657714844,23.735511779785156,49.37915802001953,22.828041076660156,198.237548828125,111.08329010009766,49.583927154541016,6.708179950714111,29.796905517578125,29.31612205505371,33.42450714111328,135.53262329101562,282.0166320800781,116.89393615722656,26.995532989501953,42.644287109375,52.271366119384766,130.595458984375,242.3700714111328
2020-11-23,201.98626708984375,110.93497467041016,125.61249542236328,32.45069122314453,103.52214813232422,123.29920959472656,74.42476654052734,65.40125274658203,45.286399841308594,122.90485382080078,29.11958885192871,41.639408111572266,93.85787200927734,52.30837631225586,193.59695434570312,35.929847717285156,46.92911148071289,240.521484375,121.62132263183594,185.85093688964844,159.38502502441406,75.65425872802734,211.52999877929688,191.2032928466797,49.073795318603516,100.27742004394531,57.25714111328125,50.968505859375,190.3819580078125,136.26441955566406,323.43719482421875,109.41197204589844,24.248998641967773,49.198429107666016,23.562694549560547,203.1013946533203,112.62679290771484,51.69387435913086,6.800284385681152,30.154190063476562,29.84930419921875,36.00404357910156,137.8831329345703,282.0810852050781,116.44232177734375,27.17127227783203,42.81974411010742,51.98173522949219,132.18408203125,244.76039123535156
2020-11-24,205.59124755859375,112.22118377685547,125.61249542236328,34.610774993896484,108.3087158203125,122.89933776855469,78.17748260498047,65.28717041015625,45.750587463378906,123.77278137207031,29.18338394165039,42.498226165771484,97.24202728271484,53.69816207885742,196.0146942138672,36.766841888427734,47.06280517578125,242.214111328125,123.6746597290039,188.85792541503906,161.31825256347656,75.80638885498047,218.49000549316406,189.6890106201172,50.92563247680664,98.75404357910156,58.67186737060547,52.0385856628418,193.21551513671875,137.708984375,330.091796875,113.46461486816406,25.65666389465332,49.494178771972656,25.632272720336914,210.7965850830078,116.31987762451172,54.5500373840332,7.253124237060547,30.58292579650879,29.542041778564453,37.43712615966797,142.92337036132812,285.29296875,116.42561340332031,27.711992263793945,44.3549690246582,51.59839630126953,135.06004333496094,245.13536071777344
2020-11-25,205.6008758544922,113.05915832519531,125.44660186767578,33.64616394042969,107.17576599121094,123.2281265258789,75.33229064941406,65.22197723388672,45.50129318237305,123.88450622558594,29.127565383911133,42.53438949584961,97.0700912475586,53.54892349243164,195.68458557128906,36.67191696166992,47.20894241333008,242.79019165039062,123.7026138305664,188.6671142578125,159.24822998046875,75.84214782714844,217.61000061035156,189.5599365234375,51.16929244995117,97.6528091430664,57.985931396484375,51.72578430175781,190.4463348388672,137.56643676757812,329.9696960449219,113.64369201660156,25.700929641723633,48.8780632019043,25.614349365234375,209.9445037841797,117.20878601074219,54.44711685180664,6.969139099121094,31.01959228515625,29.207674026489258,36.77959060668945,141.11082458496094,287.39141845703125,117.6801986694336,27.29292869567871,44.302330017089844,51.11281204223633,133.9279327392578,240.37342834472656
2020-11-27,206.90826416015625,113.60482025146484,125.72601318359375,33.135005950927734,106.46437072753906,123.16593933105469,74.65369415283203,65.0590591430664,45.30358123779297,124.26262664794922,29.685718536376953,42.895999908447266,97.18730926513672,53.87538146972656,194.78355407714844,36.844486236572266,47.13743209838867,244.5891876220703,123.54197692871094,190.23875427246094,159.6585693359375,75.97639465332031,216.5,193.4318389892578,50.681968688964844,98.76322174072266,58.19172286987305,51.898643493652344,195.49708557128906,140.1229248046875,326.4810791015625,113.65310668945312,25.665517807006836,49.31344223022461,25.497879028320312,208.93267822265625,117.68559265136719,54.755889892578125,6.976815223693848,30.964014053344727,29.30708122253418,36.06305694580078,139.77835083007812,282.9716491699219,118.24057006835938,27.286169052124023,44.258460998535156,51.22356414794922,134.92306518554688,245.5478057861328
2020-11-30,205.7931671142578,116.00183868408203,126.31971740722656,31.436614990234375,103.53092193603516,123.39690399169922,71.27706909179688,65.4908447265625,44.705772399902344,123.94465637207031,30.546859741210938,43.709625244140625,96.53861236572266,53.83809280395508,195.14251708984375,37.120609283447266,47.5074462890625,245.8476104736328,120.63660430908203,185.2513885498047,158.2998046875,76.63864135742188,210.7100067138672,191.04847717285156,49.60984802246094,99.3138427734375,58.12312316894531,51.36361312866211,192.40591430664062,138.42173767089844,320.5616149902344,111.76817321777344,24.930702209472656,49.83918762207031,24.503408432006836,204.65464782714844,115.8916015625,53.03190231323242,6.969139099121094,30.178003311157227,29.822193145751953,33.3486328125,141.5826416015625,279.48565673828125,116.51758575439453,26.921184539794922,43.66191482543945,51.81135177612305,134.00094604492188,245.23846435546875
2020-12-01,207.85040283203125,119.57786560058594,128.7382049560547,31.741668701171875,105.16450500488281,123.84120178222656,71.49781036376953,66.43584442138672,45.08697509765625,125.52586364746094,31.423959732055664,44.803497314453125,96.25726318359375,54.78948211669922,193.97581481933594,37.569297790527344,47.46080017089844,245.12986755371094,119.09308624267578,187.32264709472656,157.9988555908203,77.19346618652344,213.00999450683594,193.66412353515625,49.463653564453125,99.56163787841797,57.90877151489258,51.37184143066406,190.9063262939453,138.33624267578125,320.5528259277344,113.03107452392578,25.399919509887695,50.208858489990234,25.13951301574707,207.1087646484375,117.58052825927734,54.275569915771484,7.091943740844727,30.535287857055664,29.831235885620117,33.10417556762695,139.0086669921875,278.4131164550781,118.16527557373047,27.367284774780273,43.9601936340332,52.22878646850586,136.13735961914062,239.15484619140625
2020-12-02,207.04281616210938,119.92864990234375,129.34063720703125,32.92888259887695,107.18452453613281,122.94377899169922,73.47636413574219,66.66397094726562,45.14762496948242,124.27974700927734,32.532291412353516,45.1108512878418,97.3983383178711,55.10661315917969,189.23727416992188,37.871299743652344,46.80162048339844,241.56558227539062,120.02198028564453,188.95787048339844,158.55516052246094,76.72811889648438,223.85000610351562,194.93753051757812,50.82816696166992,99.24958801269531,59.70073318481445,51.18252944946289,195.04623413085938,137.95608520507812,317.3648681640625,115.29302215576172,25.727487564086914,50.217079162597656,25.865209579467773,212.07943725585938,118.396728515625,54.91027069091797,7.061243534088135,31.63092803955078,29.18056297302246,33.69425582885742,139.72872924804688,276.2586975097656,115.70631408691406,27.04960823059082,43.416282653808594,51.30023193359375,134.31138610839844,242.78248596191406
2020-12-03,205.95654296875,119.79224395751953,130.0914764404297,33.1514892578125,106.48192596435547,122.03741455078125,73.41912841796875,66.35438537597656,45.72810363769531,125.01805877685547,31.966169357299805,46.09625244140625,96.60895538330078,55.28383255004883,189.8206024169922,38.061134338378906,46.422279357910156,238.9280548095703,120.00800323486328,189.15769958496094,159.24822998046875,76.23593139648438,237.1999969482422,195.2387237548828,51.6566162109375,98.68063354492188,62.178627014160156,50.853271484375,196.31585693359375,136.9582061767578,317.9532775878906,116.0375747680664,25.754215240478516,49.995269775390625,26.12502670288086,210.13401794433594,121.27360534667969,54.944576263427734,7.068918228149414,33.99689865112305,27.90634536743164,34.731136322021484,138.90109252929688,280.5675354003906,116.16990661621094,27.319971084594727,43.69700622558594,51.487640380859375,132.77752685546875,236.85824584960938
2020-12-04,206.0718994140625,119.11990356445312,131.20033264160156,34.36344528198242,107.44801330566406,122.15292358398438,76.26432800292969,66.75357055664062,46.655147552490234,126.22972869873047,32.165504455566406,47.000282287597656,99.4147720336914,55.92742156982422,189.1295623779297,38.29411315917969,46.30101776123047,235.2301788330078,120.44801330566406,193.20936584472656,166.16055297851562,76.09274291992188,232.7100067138672,197.2176971435547,53.02113342285156,99.02017211914062,63.87627029418945,51.289520263671875,200.23501586914062,141.08277893066406,321.9755859375,117.84712982177734,26.092731475830078,50.570308685302734,26.47443199157715,213.80174255371094,123.26155090332031,55.75082015991211,7.168696880340576,34.465328216552734,27.635234832763672,37.319114685058594,138.4210205078125,284.08123779296875,115.81586456298828,27.962078094482422,44.36374282836914,51.487640380859375,134.1470184326172,237.52378845214844
2020-12-07,206.00460815429688,120.58151245117188,130.06527709960938,33.720367431640625,107.04400634765625,122.33956146240234,74.20401763916016,67.21794128417969,45.910057067871094,125.81427764892578,32.8911018371582,45.38207244873047,97.46086120605469,55.77817916870117,187.46926879882812,38.268226623535156,46.05228042602539,234.02728271484375,118.83466339111328,191.77406311035156,162.96884155273438,76.4149169921875,238.1699981689453,194.84292602539062,52.923675537109375,98.35943603515625,63.13032531738281,50.37584686279297,201.09979248046875,140.10391235351562,318.04107666015625,116.81040954589844,25.914562225341797,49.97062683105469,26.286291122436523,212.79331970214844,122.26757049560547,55.11613082885742,7.076592922210693,33.6872673034668,27.969602584838867,36.09678649902344,138.6031494140625,278.3206481933594,115.41129302978516,28.17836570739746,43.89878845214844,50.891319274902344,132.29364013671875,236.23019409179688
2020-12-08,207.65811157226562,121.19537353515625,132.31790161132812,34.82514190673828,107.14940643310547,122.66834259033203,74.84174346923828,67.76374053955078,46.07466125488281,125.94406127929688,33.935646057128906,45.825042724609375,98.25023651123047,55.059974670410156,187.02053833007812,38.28548049926758,46.46891784667969,233.2074737548828,120.44801330566406,192.65525817871094,163.08743286132812,76.21802520751953,236.57000732421875,196.98533630371094,53.4109992980957,98.01069641113281,63.32754135131836,50.30999755859375,201.17337036132812,141.89060974121094,315.49420166015625,116.41455841064453,25.772031784057617,50.24992370605469,25.92792510986328,213.14134216308594,123.77877044677734,54.81592559814453,7.099617958068848,33.33792495727539,28.285898208618164,35.97876739501953,137.7092742919922,279.208251953125,115.11626434326172,28.543350219726562,44.17951965332031,51.45355987548828,132.27536010742188,236.7832489013672
2020-12-09,203.6108856201172,118.66194152832031,133.6712188720703,35.28683090209961,106.31505584716797,121.2110595703125,73.9424057006836,68.0,46.204627990722656,126.0912094116211,33.36951446533203,45.264549255371094,99.09432983398438,55.7129020690918,187.289794921875,38.56159591674805,46.10202407836914,236.64695739746094,122.42452239990234,192.80967712402344,164.2090606689453,75.84214782714844,232.05999755859375,197.7683563232422,55.50649642944336,97.57019805908203,63.044593811035156,50.1453742980957,199.63699340820312,150.15887451171875,317.35601806640625,114.68983459472656,25.656219482421875,49.96240997314453,26.026473999023438,216.69313049316406,122.48577117919922,55.21047592163086,7.253124237060547,33.16325759887695,28.204565048217773,35.99562072753906,140.0183563232422,280.84490966796875,114.43354034423828,29.050273895263672,43.72332000732422,50.542057037353516,132.7410125732422,238.87362670898438
2020-12-10,202.38037109375,120.08454132080078,132.9290771484375,36.2844352722168,105.62998962402344,120.41130065917969,76.32157135009766,67.60897827148438,45.962032318115234,125.20846557617188,33.27383804321289,45.43631362915039,97.66407012939453,55.47970962524414,186.70645141601562,38.24234390258789,45.886688232421875,235.9608154296875,121.16739654541016,192.5643768310547,163.09649658203125,75.69898223876953,234.42999267578125,196.31427001953125,55.165374755859375,97.75374603271484,61.912811279296875,49.5527229309082,195.6350555419922,153.00997924804688,312.1216735839844,114.8311996459961,25.932382583618164,49.658470153808594,26.42067527770996,218.10313415527344,120.68366241455078,55.2705078125,6.999841213226318,33.06797790527344,28.204565048217773,37.09150695800781,135.92990112304688,275.9442138671875,113.00057983398438,29.03000831604004,43.1618766784668,50.15018844604492,130.86021423339844,237.58001708984375
2020-12-11,205.01443481445312,119.27581787109375,133.54025268554688,36.111297607421875,105.00643157958984,121.29988861083984,75.58573913574219,67.58452606201172,46.221946716308594,125.46809387207031,32.78744888305664,44.957176208496094,97.12479400634766,56.53371810913086,186.4551544189453,38.24234390258789,45.87421417236328,235.72915649414062,121.53753662109375,194.9808807373047,163.49774169921875,75.77952575683594,230.3300018310547,195.6603240966797,54.385650634765625,98.21257781982422,61.37266540527344,49.980743408203125,192.59912109375,152.0976104736328,317.6722106933594,113.3138198852539,25.45132827758789,49.913124084472656,26.0533504486084,214.1676483154297,122.421142578125,54.30989456176758,6.923088073730469,32.97270202636719,28.32204818725586,36.65314865112305,139.37281799316406,277.9229431152344,114.63578796386719,29.06380271911621,43.69700622558594,50.53353500366211,130.4950408935547,239.75473022460938
2020-12-14,205.91806030273438,118.66194152832031,130.15264892578125,34.80864715576172,103.89979553222656,120.71343231201172,73.12482452392578,65.9505615234375,46.15263366699219,124.82763671875,31.264493942260742,45.626155853271484,96.54644012451172,56.67362976074219,190.1885223388672,38.173316955566406,45.452919006347656,236.64695739746094,120.88101959228516,192.45538330078125,162.36700439453125,75.34103393554688,228.6199951171875,197.43283081054688,52.7774658203125,98.00152587890625,59.777915954589844,49.3634033203125,186.8951873779297,150.07333374023438,314.1153259277344,110.60890197753906,25.13953399658203,49.7137336730957,25.659149169921875,212.20437622070312,120.2017822265625,53.07478713989258,6.83866024017334,32.93301010131836,28.285898208618164,35.67528533935547,137.89962768554688,275.5467224121094,114.63578796386719,28.9962158203125,42.71446228027344,50.5590934753418,129.42681884765625,236.895751953125
2020-12-15,205.85079956054688,124.60576629638672,131.4622802734375,35.484710693359375,105.67391204833984,121.42430114746094,73.06757354736328,66.08191680908203,46.646488189697266,125.29503631591797,30.865806579589844,45.80696487426758,98.42218780517578,57.69964599609375,192.82708740234375,38.587486267089844,45.43107604980469,238.78550720214844,121.9985122680664,194.56300354003906,165.73194885253906,75.84214782714844,229.5,198.35345458984375,54.14198303222656,98.60720825195312,59.92366027832031,51.503536224365234,189.06634521484375,159.12086486816406,314.0362548828125,112.2488021850586,25.513687133789062,49.37311553955078,26.635698318481445,216.34507751464844,121.82765197753906,54.85023880004883,7.022866725921631,32.81391906738281,28.186492919921875,36.07992172241211,138.35482788085938,276.01824951171875,114.48408508300781,28.509557723999023,43.48646545410156,50.2864875793457,131.58148193359375,245.58529663085938
2020-12-16,210.80169677734375,124.53755187988281,130.6764678955078,36.02885055541992,105.98127746582031,121.97520446777344,72.51164245605469,65.54820251464844,45.970703125,125.39885711669922,30.17211151123047,46.213775634765625,98.12518310546875,58.55777359008789,191.875732421875,38.587486267089844,45.38426208496094,240.22010803222656,122.50833892822266,191.05633544921875,163.6892547607422,76.10169219970703,225.8699951171875,196.55517578125,53.264801025390625,98.50625610351562,59.43494415283203,51.31422424316406,186.20521545410156,163.51161193847656,311.4015197753906,112.1545639038086,25.58495330810547,48.966033935546875,26.564023971557617,217.5409393310547,122.29106903076172,55.090389251708984,6.938438892364502,32.1072998046875,27.987672805786133,35.67528533935547,140.80462646484375,279.2545471191406,114.64422607421875,29.131389617919922,43.1618766784668,50.19277572631836,130.45851135253906,244.76974487304688
2020-12-17,210.93629455566406,125.40475463867188,134.1251983642578,35.84746551513672,105.10301971435547,122.84603118896484,72.28270721435547,65.54000854492188,46.15263366699219,126.10853576660156,30.3236083984375,45.78889083862305,98.12518310546875,59.33195495605469,192.27963256835938,38.67376708984375,45.593345642089844,244.1229248046875,123.37432098388672,192.5371551513672,163.38832092285156,76.65652465820312,221.24000549316406,198.96434020996094,53.02113342285156,99.8277587890625,59.666446685791016,51.47885513305664,186.41677856445312,164.06275939941406,309.67132568359375,112.13573455810547,25.682947158813477,49.07403564453125,26.40276336669922,218.12989807128906,122.99833679199219,55.46778106689453,6.969139099121094,32.456642150878906,28.014789581298828,35.38023376464844,144.41310119628906,278.0246887207031,114.90555572509766,29.06380271911621,43.31978988647461,50.85725021362305,131.73670959472656,247.96624755859375
2020-12-18,210.13836669921875,123.41699981689453,134.90225219726562,35.2291259765625,104.5848388671875,123.54798889160156,71.28524780273438,65.3018798828125,46.559852600097656,127.16444396972656,30.044530868530273,42.905033111572266,98.35965728759766,60.68443298339844,193.02450561523438,39.20875549316406,45.546539306640625,240.98635864257812,123.21370697021484,190.8111114501953,165.02066040039062,76.89814758300781,219.75,196.59817504882812,52.72846984863281,100.00212097167969,59.63215255737305,51.956260681152344,181.31089782714844,162.89382934570312,312.68377685546875,110.7502670288086,25.540414810180664,49.08234786987305,25.99063491821289,216.077392578125,122.2991943359375,55.04750061035156,6.869361400604248,32.305789947509766,27.897308349609375,34.54568099975586,144.98414611816406,280.2901611328125,113.86035919189453,29.590999603271484,43.58295822143555,50.6016960144043,132.77752685546875,253.7498016357422
2020-12-21,213.98370361328125,124.94677734375,133.60133361816406,34.58604431152344,108.51073455810547,122.19739532470703,70.38590240478516,65.10481262207031,45.75410079956055,125.84024047851562,29.805328369140625,41.910614013671875,96.43700408935547,60.1434440612793,189.96421813964844,38.72553253173828,45.55278396606445,241.46762084960938,122.68293762207031,191.3743438720703,164.29110717773438,76.34329986572266,219.30999755859375,195.58285522460938,52.533355712890625,99.19453430175781,58.911922454833984,51.042579650878906,181.58688354492188,160.40386962890625,306.8170471191406,109.71356201171875,26.493610382080078,48.633724212646484,26.47443199157715,229.32957458496094,120.85213470458984,58.178123474121094,6.854011058807373,32.2899169921875,27.834049224853516,33.921871185302734,142.84059143066406,275.18597412109375,113.15229034423828,29.02324676513672,43.311004638671875,50.252418518066406,133.38925170898438,250.98464965820312
2020-12-22,215.28152465820312,128.50331115722656,133.3394012451172,34.00068283081055,106.85958099365234,121.3354263305664,68.9714584350586,65.21155548095703,45.710777282714844,124.64590454101562,29.295015335083008,41.73884963989258,96.60895538330078,60.76837921142578,190.1885223388672,38.56159591674805,45.000423431396484,240.62107849121094,122.06832885742188,188.9033660888672,161.02647399902344,75.5289535522461,218.77999877929688,190.14500427246094,51.75292205810547,99.368896484375,57.6344108581543,50.565162658691406,179.36968994140625,158.4460906982422,305.5611267089844,107.96055603027344,26.021467208862305,47.35432052612305,25.94584083557129,223.1809539794922,119.84410095214844,57.15746307373047,6.746555805206299,31.178380966186523,27.915380477905273,32.9018440246582,144.47100830078125,273.9933166503906,111.82890319824219,28.759634017944336,42.74956130981445,49.92018508911133,132.11105346679688,252.40003967285156
2020-12-23,212.47442626953125,127.60688781738281,132.6584014892578,34.43763732910156,109.845703125,121.14881896972656,70.05888366699219,65.49072265625,45.988037109375,124.98342895507812,29.853166580200195,42.10045623779297,96.83560943603516,60.908302307128906,190.2783203125,38.29411315917969,44.69458770751953,240.4161834716797,121.51658630371094,190.76565551757812,162.70440673828125,75.55581665039062,219.69000244140625,191.82284545898438,52.97236251831055,98.60720825195312,58.31174850463867,50.211219787597656,183.05885314941406,157.2676544189453,308.7930603027344,110.22249603271484,26.7697696685791,47.670021057128906,27.19116973876953,228.85658264160156,120.1855239868164,58.50404357910156,6.900062561035156,31.654748916625977,28.367229461669922,33.7869873046875,142.8819580078125,278.0062561035156,112.52852630615234,28.975921630859375,43.293460845947266,50.252418518066406,131.35325622558594,251.16268920898438
2020-12-24,214.1375274658203,128.59104919433594,133.12112426757812,34.2974853515625,109.36266326904297,122.37509155273438,69.7645263671875,65.80274200439453,46.29993438720703,125.5459976196289,29.717613220214844,42.55247497558594,97.45304107666016,60.591156005859375,189.7129364013672,38.43217086791992,44.781959533691406,241.40518188476562,121.88674926757812,190.34779357910156,163.74392700195312,76.10169219970703,217.14999389648438,191.81423950195312,51.94802474975586,99.43314361572266,58.2774543762207,50.334686279296875,182.92083740234375,158.38905334472656,309.1180419921875,110.59947967529297,26.689599990844727,47.412479400634766,26.7342472076416,228.59779357910156,120.54324340820312,58.401123046875,6.800284385681152,31.456260681152344,28.493745803833008,33.28962707519531,142.509521484375,277.0260925292969,112.8572769165039,28.77589988708496,43.37241744995117,50.371681213378906,132.38497924804688,252.3531951904297
2020-12-28,216.26211547851562,133.19017028808594,133.74977111816406,34.41291046142578,110.08283233642578,123.2281265258789,69.41297912597656,66.05729675292969,46.923736572265625,127.14713287353516,29.358806610107422,42.55247497558594,97.55465698242188,60.50721740722656,192.07321166992188,38.760066986083984,45.318721771240234,239.91714477539062,122.01945495605469,190.72024536132812,162.65879821777344,76.43279266357422,216.08999633789062,192.43373107910156,51.89925765991211,98.91922760009766,58.37177658081055,50.30999755859375,185.98440551757812,158.23703002929688,311.0589294433594,111.55137634277344,26.841039657592773,47.262935638427734,26.81488037109375,231.6587371826172,120.36434936523438,58.3668327331543,6.823309421539307,31.488021850585938,28.367229461669922,33.12945556640625,141.82260131835938,280.18841552734375,112.90784454345703,28.610363006591797,43.60050582885742,50.5590934753418,130.71414184570312,250.75027465820312
2020-12-29,215.4833984375,131.41673278808594,134.57923889160156,34.025413513183594,109.79301452636719,122.9970703125,69.17588806152344,66.85375213623047,46.897743225097656,127.58850860595703,29.542192459106445,44.64980697631836,96.75745391845703,60.124786376953125,190.89756774902344,38.51845169067383,45.03163146972656,237.1905059814453,121.4188003540039,189.984375,161.09030151367188,76.09274291992188,216.25,195.2042999267578,51.509029388427734,99.41477966308594,58.21744155883789,50.55693054199219,187.72320556640625,158.31304931640625,310.8130187988281,111.34403991699219,26.734140396118164,47.21308898925781,26.680492401123047,230.24874877929688,120.62451934814453,58.0751953125,6.7695841789245605,31.289531707763672,28.430490493774414,32.93557357788086,139.89422607421875,278.31134033203125,113.05957794189453,28.093059539794922,43.381195068359375,50.38872146606445,130.46763610839844,248.72547912597656
2020-12-30,213.10890197753906,130.29624938964844,136.24685668945312,34.2974853515625,110.10043334960938,122.41950988769531,69.7645263671875,66.17225646972656,47.16631317138672,127.4932861328125,29.295015335083008,44.071231842041016,97.17949676513672,60.068817138671875,189.86544799804688,38.380401611328125,44.994178771972656,236.36181640625,121.60039520263672,191.6377716064453,164.18167114257812,75.82427978515625,216.6699981689453,195.4624481201172,52.240699768066406,99.51573944091797,58.088829040527344,50.968505859375,187.72320556640625,158.72169494628906,311.0413818359375,112.5598373413086,26.707416534423828,47.063560485839844,26.653615951538086,231.53378295898438,121.60003662109375,58.186702728271484,6.800284385681152,31.233963012695312,28.511823654174805,33.727970123291016,137.57684326171875,279.80926513671875,112.21666717529297,28.099964141845703,43.78474426269531,49.886104583740234,130.7598114013672,250.201416015625
2020-12-31,213.82028198242188,129.29257202148438,137.40806579589844,33.98419952392578,111.60224914550781,123.63687896728516,69.0450439453125,67.165771484375,47.51287841796875,128.35012817382812,29.350831985473633,45.03853988647461,98.38311767578125,60.339324951171875,192.57579040527344,38.613365173339844,44.98481369018555,236.68264770507812,122.0753173828125,193.22756958007812,165.98731994628906,76.52229309082031,214.05999755859375,197.82858276367188,52.6796875,100.47933197021484,58.56039047241211,51.46632385253906,191.522705078125,160.4608917236328,311.7615966796875,113.95470428466797,27.00139045715332,48.40110778808594,27.038860321044922,235.3354034423828,123.07147979736328,58.77851867675781,6.746555805206299,31.662696838378906,28.701601028442383,33.711124420166016,139.37281799316406,281.76031494140625,113.64960479736328,28.279293060302734,44.2233772277832,50.090553283691406,131.6728057861328,252.92770385742188
2021-01-04,209.27317810058594,126.0965805053711,136.63973999023438,34.21503448486328,110.54830932617188,122.46394348144531,69.25763702392578,66.47604370117188,45.710777282714844,124.8622817993164,29.350831985473633,44.90293502807617,96.86687469482422,59.46253204345703,188.66290283203125,38.23933029174805,45.727535247802734,235.16781616210938,120.0359115600586,188.9124755859375,166.10585021972656,75.4663314819336,202.72000122070312,195.02359008789062,51.07002258300781,100.13059997558594,60.009395599365234,50.92702102661133,189.25955200195312,157.28663635253906,302.6804504394531,111.24979400634766,26.751955032348633,49.93804168701172,26.608821868896484,236.4866180419922,120.06359100341797,58.60698699951172,6.53932523727417,32.86949157714844,29.03597640991211,33.357059478759766,135.5657501220703,272.55078125,112.4442367553711,28.1689395904541,43.74964141845703,50.2864875793457,129.01600646972656,251.60211181640625
2021-01-05,209.4750213623047,127.65562438964844,138.24623107910156,35.863956451416016,111.14985656738281,123.24588012695312,71.12989807128906,66.59099578857422,45.208282470703125,125.23440551757812,29.653820037841797,45.75271987915039,98.5863037109375,58.72566604614258,189.7936553955078,38.2567253112793,45.484127044677734,237.06578063964844,119.83341217041016,189.37574768066406,167.46461486816406,75.63634490966797,211.6300048828125,195.97006225585938,52.533355712890625,101.36949920654297,60.41236877441406,51.06806945800781,187.1527862548828,158.06597900390625,306.32525634765625,111.84354400634766,26.95684814453125,49.846656799316406,27.352434158325195,241.77859497070312,121.20169830322266,59.60191345214844,6.639103412628174,32.6789436340332,28.8281192779541,35.27064514160156,133.67872619628906,274.2428894042969,112.5622329711914,28.113754272460938,44.60060119628906,50.33760452270508,131.7823486328125,257.84429931640625
2021-01-06,204.04348754882812,123.3585205078125,139.54714965820312,36.77910614013672,116.3689956665039,124.54319763183594,73.41912841796875,67.64202117919922,43.77006912231445,123.70250701904297,29.398672103881836,46.19569396972656,101.0482406616211,58.5852165222168,189.36288452148438,38.622074127197266,45.76810836791992,238.420166015625,121.65629577636719,192.82781982421875,176.7843780517578,73.60491943359375,211.02999877929688,200.69383239746094,55.411231994628906,101.158447265625,62.21291732788086,51.19252014160156,192.67271423339844,156.1652374267578,305.65771484375,115.98102569580078,28.640539169311523,51.466670989990234,29.287620544433594,254.82542419433594,123.18528747558594,63.19570541381836,6.784933090209961,34.163631439208984,29.1082706451416,36.67844009399414,133.28147888183594,276.6007995605469,111.97219848632812,28.5689754486084,46.40778732299805,50.20981979370117,135.97299194335938,272.9607238769531
2021-01-07,209.84996032714844,127.56791687011719,140.01861572265625,37.067665100097656,120.1904525756836,123.3791732788086,73.76251983642578,68.98860168457031,43.284881591796875,123.30440521240234,29.550174713134766,47.18107223510742,100.81375122070312,59.05337905883789,190.24241638183594,39.10919189453125,45.76498794555664,237.25291442871094,118.53437042236328,193.14584350585938,177.1217803955078,73.2022476196289,212.7100067138672,201.35630798339844,54.97224044799805,102.14035034179688,63.43901062011719,51.74013137817383,202.85694885253906,157.6002960205078,300.8448791503906,115.06362915039062,29.27303695678711,51.940223693847656,29.950603485107422,260.26910400390625,125.64037322998047,64.27641296386719,6.953789234161377,35.93413543701172,28.755823135375977,37.68159484863281,131.59310913085938,270.5350341796875,110.92701721191406,28.817283630371094,45.99546432495117,49.7973518371582,137.707763671875,281.7691955566406
2021-01-08,211.12852478027344,128.6689453125,139.7305145263672,37.47990036010742,120.32313537597656,123.32587432861328,74.46565246582031,68.17572021484375,44.25524139404297,124.78436279296875,29.605981826782227,46.69290542602539,100.45423889160156,59.3436393737793,193.7334747314453,39.19618225097656,45.75875473022461,239.7746124267578,116.36929321289062,190.80198669433594,177.14915466308594,73.69441986083984,209.89999389648438,205.20242309570312,55.31368637084961,102.42485809326172,64.1849365234375,51.84798812866211,203.1329803466797,158.1514892578125,295.18017578125,115.17709350585938,28.97905731201172,52.37221908569336,29.73558235168457,258.8680114746094,125.61602783203125,64.54228973388672,6.907736778259277,35.89443588256836,28.58411979675293,37.68159484863281,131.08824157714844,266.605224609375,111.0618667602539,28.686243057250977,46.1182861328125,48.46541213989258,135.3978271484375,276.2980041503906
2021-01-11,209.08090209960938,125.67759704589844,139.14553833007812,38.61765670776367,122.11888885498047,122.4906005859375,74.89080810546875,69.79327392578125,43.492828369140625,122.97550964355469,30.116296768188477,46.593467712402344,100.4933090209961,59.01591873168945,192.26168823242188,39.4571418762207,45.96471405029297,241.68142700195312,115.37754821777344,189.284912109375,176.7843780517578,73.50650024414062,206.7899932861328,204.4108428955078,55.850223541259766,101.71823120117188,65.22241973876953,53.9056396484375,202.32334899902344,176.7122802734375,296.5678405761719,114.49613189697266,29.460111618041992,51.93190002441406,29.780376434326172,262.2145690917969,126.31514739990234,65.2370376586914,7.137995719909668,37.871376037597656,28.701601028442383,38.23796844482422,133.96014404296875,272.5323486328125,110.8005599975586,28.520702362060547,45.653324127197266,47.75217819213867,136.44776916503906,277.2474365234375
2021-01-12,206.61984252929688,125.5022201538086,138.06289672851562,39.47509002685547,124.03844451904297,121.77973175048828,76.31340026855469,68.22498321533203,43.41484451293945,122.40431213378906,29.645854949951172,48.13031005859375,100.98571014404297,58.44477081298828,189.90139770507812,39.83119201660156,46.48899459838867,246.225830078125,116.29246520996094,189.7572479248047,180.1402587890625,73.6138916015625,208.41000366210938,203.56761169433594,57.459896087646484,99.8828125,65.38529205322266,54.28731155395508,207.19927978515625,169.9265899658203,300.23016357421875,115.0257797241211,29.985700607299805,51.57467269897461,30.407520294189453,269.69293212890625,128.697021484375,65.01404571533203,7.506408214569092,38.077796936035156,28.48471450805664,39.974525451660156,135.6567840576172,275.121337890625,109.84808349609375,28.231014251708984,45.09187698364258,46.72099304199219,138.11854553222656,283.98779296875
2021-01-13,207.97535705566406,127.53870391845703,137.8533172607422,39.92029571533203,124.15345764160156,121.9663314819336,76.23982238769531,67.60918426513672,43.45816421508789,123.40824127197266,29.39069366455078,51.4842414855957,99.1959228515625,58.10769271850586,190.3411102294922,39.4571418762207,46.0146484375,244.19422912597656,116.1318130493164,188.06753540039062,178.6355743408203,73.81971740722656,207.2100067138672,204.55711364746094,56.43556213378906,102.92042541503906,64.23638916015625,53.706520080566406,205.90213012695312,176.2941131591797,303.427001953125,115.76348114013672,29.80754280090332,51.12606430053711,30.282093048095703,270.3443603515625,127.7947006225586,64.80818176269531,7.506408214569092,38.85586166381836,28.909454345703125,39.645751953125,134.99464416503906,276.89666748046875,110.98600769042969,28.341373443603516,45.416465759277344,47.59749984741211,138.78509521484375,283.169921875
2021-01-14,204.78370666503906,125.60939025878906,140.26309204101562,41.47853088378906,124.87882232666016,120.66899108886719,78.07121276855469,67.46956634521484,42.65242004394531,122.68991088867188,29.30298614501953,53.563507080078125,100.79812622070312,57.67699432373047,187.11927795410156,39.27446746826172,45.86485290527344,239.106201171875,116.22262573242188,189.51199340820312,180.0126190185547,73.3275146484375,209.91000366210938,207.92996215820312,56.87455368041992,101.39087677001953,64.34783935546875,54.776832580566406,203.1145782470703,177.42503356933594,305.1394958496094,117.06865692138672,30.27968406677246,51.84052276611328,31.133214950561523,274.7438659667969,128.87588500976562,65.58869934082031,7.805745601654053,39.157562255859375,29.948711395263672,40.35386276245117,135.29258728027344,280.18841552734375,110.90171813964844,28.355165481567383,46.38146209716797,47.90685272216797,138.54766845703125,284.7022399902344
2021-01-15,204.42803955078125,123.88471221923828,139.95755004882812,39.48333740234375,122.64080047607422,119.7626724243164,75.29141998291016,68.46310424804688,42.19322967529297,122.36968231201172,29.263113021850586,52.053775787353516,100.34484100341797,57.84552001953125,188.38467407226562,39.518043518066406,45.137733459472656,245.5664825439453,115.62199401855469,187.11370849609375,177.47743225097656,73.27383422851562,204.32000732421875,211.22537231445312,55.264896392822266,102.5518569946289,65.38529205322266,55.20826721191406,201.38497924804688,181.30255126953125,304.9902648925781,115.52703857421875,29.406658172607422,52.61315155029297,28.705272674560547,268.6220397949219,127.16058349609375,64.53372955322266,7.544784069061279,38.839988708496094,30.454782485961914,38.035648345947266,131.51034545898438,278.0894470214844,110.66568756103516,28.417238235473633,45.793697357177734,48.32792282104492,135.1604766845703,277.69866943359375
2021-01-19,208.07147216796875,124.55702209472656,142.12278747558594,40.26656723022461,122.11005401611328,118.71414947509766,77.26995086669922,68.30709075927734,42.02861785888672,122.9495620727539,29.287031173706055,52.42443084716797,100.83720397949219,57.386741638183594,187.64877319335938,39.30925750732422,44.74763870239258,243.4279327392578,118.11534118652344,187.83132934570312,177.90834045410156,72.35208892822266,210.7100067138672,213.6173553466797,55.752681732177734,103.7220230102539,64.6479263305664,55.37421417236328,203.1329803466797,188.62994384765625,299.92279052734375,119.87762451171875,29.19286346435547,55.720252990722656,29.233867645263672,262.5448303222656,128.8352508544922,64.31929016113281,7.690617084503174,38.22865676879883,30.382484436035156,38.7774772644043,129.3419647216797,275.5650939941406,110.96914672851562,28.437931060791016,46.58324432373047,47.83810043334961,132.4214630126953,277.3132019042969
2021-01-20,215.66604614257812,128.64947509765625,141.77357482910156,40.83544921875,120.2789306640625,117.23019409179688,77.98126983642578,67.70770263671875,42.1759033203125,122.31777954101562,29.10364532470703,53.03916549682617,101.66567993164062,57.63954544067383,191.72323608398438,39.43975067138672,45.40923309326172,244.4169464111328,118.88358306884766,189.03053283691406,176.33148193359375,71.7704086303711,211.4499969482422,217.1365203857422,55.55755615234375,104.01687622070312,64.51931762695312,54.9676628112793,210.1432647705078,191.27195739746094,300.07196044921875,121.94888305664062,28.809799194335938,56.484561920166016,29.08155632019043,259.2160949707031,129.69692993164062,64.19064331054688,8.335336685180664,38.181007385253906,29.885459899902344,38.23796844482422,132.28831481933594,276.26788330078125,110.74999237060547,29.03800392150879,46.93414306640625,47.554534912109375,131.97409057617188,282.90673828125
2021-01-21,216.27163696289062,133.36557006835938,141.20603942871094,39.66470718383789,119.27046966552734,117.11487579345703,75.22599792480469,66.65669250488281,42.40983963012695,120.82913208007812,29.08770179748535,56.465415954589844,102.89271545410156,57.31182861328125,191.63348388671875,39.239681243896484,45.20326232910156,248.6495361328125,119.1978759765625,186.44143676757812,176.1940155029297,70.94710540771484,207.41000366210938,216.85256958007812,53.9966926574707,104.0721664428711,63.94103240966797,53.25017547607422,208.09165954589844,192.307861328125,298.3154602050781,120.52076721191406,28.302019119262695,55.64549255371094,28.66943359375,258.2344970703125,127.33942413330078,64.07054901123047,8.849576950073242,37.371185302734375,30.01197052001953,36.40867614746094,132.50350952148438,274.5018005371094,110.4296875,28.927644729614258,46.311283111572266,47.511573791503906,131.0428466796875,287.1934509277344
2021-01-22,217.2137908935547,135.50926208496094,142.79507446289062,39.10407638549805,118.35050201416016,116.21199035644531,74.99707794189453,66.49246215820312,42.011295318603516,119.94635772705078,29.14351463317871,51.22207260131836,92.70114135742188,56.51596450805664,191.49884033203125,38.94392776489258,45.665130615234375,253.0602569580078,118.05945587158203,183.7342529296875,175.96475219726562,70.36219024658203,205.83999633789062,218.11737060546875,54.19178771972656,103.97080993652344,63.97554397583008,53.565460205078125,205.54331970214844,195.9097900390625,298.4999694824219,119.30069732666016,28.10603141784668,55.61225891113281,28.57984733581543,258.25238037109375,126.98987579345703,63.58165740966797,8.841904640197754,37.672882080078125,30.32826805114746,35.987178802490234,131.58482360839844,275.69464111328125,111.441162109375,28.85177993774414,46.33761215209961,48.09590530395508,125.82962799072266,286.88323974609375
2021-01-25,220.6553955078125,139.26068115234375,144.9167022705078,38.667110443115234,116.87320709228516,118.21443939208984,74.31848907470703,66.6320571899414,42.262542724609375,121.32245635986328,29.725582122802734,50.11915969848633,92.67769622802734,57.021575927734375,191.4629669189453,39.17008590698242,45.62455749511719,254.02259826660156,119.00232696533203,183.3890380859375,171.7476348876953,70.74012756347656,203.36000061035156,221.2149200439453,53.60646438598633,105.70303344726562,63.19009780883789,53.78948211669922,202.47976684570312,201.8115997314453,301.68804931640625,114.58126831054688,27.75860595703125,56.62580108642578,28.88445281982422,252.58560180664062,127.64020538330078,62.08069610595703,8.665372848510742,37.96664810180664,31.241004943847656,35.89446258544922,133.86904907226562,276.794921875,115.06570434570312,28.941442489624023,46.574466705322266,49.75438690185547,128.36778259277344,280.3309631347656
2021-01-26,223.3471221923828,139.4945068359375,148.84561157226562,37.81792068481445,116.39552307128906,118.97428131103516,73.05941009521484,65.89306640625,42.704410552978516,122.72454833984375,29.749507904052734,49.91123580932617,95.73361206054688,57.864261627197266,193.2937469482422,39.370155334472656,46.03337860107422,251.81277465820312,122.8854751586914,182.65318298339844,171.62844848632812,70.8661117553711,202.05999755859375,222.50558471679688,55.06978988647461,105.7122573852539,64.07048797607422,53.46590805053711,198.49618530273438,202.16322326660156,290.4288330078125,109.85236358642578,27.56261444091797,55.412872314453125,28.113964080810547,251.44332885742188,130.5586700439453,61.07718276977539,8.58862018585205,39.05435562133789,33.50026321411133,35.135772705078125,133.60426330566406,271.02508544921875,115.58831787109375,29.127670288085938,45.77614974975586,50.81135177612305,128.7420654296875,278.2721252441406
2021-01-27,223.89508056640625,138.42271423339844,146.57559204101562,37.38920974731445,113.10482788085938,114.76380920410156,72.11100006103516,63.28196716308594,42.045955657958984,119.47034454345703,28.89634132385254,48.44671630859375,95.71797943115234,58.566497802734375,185.77308654785156,39.752891540527344,44.88807678222656,244.19422912597656,130.3584747314453,181.12698364257812,165.59613037109375,70.21818542480469,194.02999877929688,216.0179443359375,55.508785247802734,105.30683135986328,62.508216857910156,51.458030700683594,195.55226135253906,197.26881408691406,292.0271911621094,107.904052734375,26.57378387451172,54.399314880371094,27.0299015045166,243.9203643798828,127.22561645507812,58.684173583984375,8.281609535217285,40.63432312011719,35.01848602294922,34.267494201660156,130.4757843017578,270.2206115722656,116.86949920654297,28.844873428344727,43.4952392578125,51.90267562866211,127.77428436279297,263.9077453613281
2021-01-28,229.6919403076172,133.57994079589844,147.69314575195312,37.974571228027344,115.09517669677734,116.53382873535156,72.78141784667969,63.979915618896484,42.58311080932617,120.46564483642578,28.90439224243164,50.688690185546875,93.85002899169922,57.32118606567383,185.611572265625,39.43975067138672,44.85997772216797,247.75843811035156,128.10260009765625,184.2702178955078,168.99729919433594,71.22605895996094,197.22999572753906,213.16993713378906,54.094234466552734,110.92737579345703,62.67221450805664,51.68204116821289,201.2837677001953,199.6923065185547,288.0048828125,112.51944732666016,27.010297775268555,53.73469161987305,27.60329246520996,245.42845153808594,132.0544891357422,59.761810302734375,8.22788143157959,40.237342834472656,31.973003387451172,34.65526580810547,130.1613311767578,270.95111083984375,113.9277572631836,29.417362213134766,44.74973678588867,51.00898742675781,127.0347671508789,275.4048156738281
2021-01-29,222.99142456054688,128.58131408691406,142.42837524414062,36.96873474121094,113.82135009765625,114.61185455322266,69.65824890136719,63.28196716308594,41.71672058105469,118.19811248779297,28.936630249023438,50.18244552612305,93.09193420410156,56.58150100708008,186.5269317626953,38.77865219116211,43.84264373779297,241.31613159179688,122.68293762207031,177.4840850830078,167.62216186523438,70.19120025634766,194.19000244140625,207.7320556640625,52.094356536865234,113.87586212158203,61.84360885620117,50.968505859375,199.68296813964844,197.64898681640625,282.6387023925781,109.95640563964844,26.413436889648438,54.4990234375,26.77008628845215,241.99273681640625,127.20936584472656,57.80482482910156,8.082052230834961,39.89594650268555,31.17774772644043,33.74482727050781,128.2825927734375,265.0148620605469,111.34847259521484,28.3344783782959,43.872467041015625,49.92625045776367,122.99018096923828,271.4941711425781
2021-02-01,230.3840789794922,130.70545959472656,142.0616912841797,37.03468704223633,114.66170501708984,115.29127502441406,70.64752960205078,63.52009963989258,42.00262451171875,118.55291748046875,28.856033325195312,51.24919128417969,94.20954895019531,57.59273147583008,186.60772705078125,39.4919319152832,43.4619140625,240.6478271484375,122.01245880126953,177.65670776367188,169.345703125,70.65913391113281,195.83999633789062,206.87161254882812,52.38702392578125,112.90840911865234,61.67961120605469,51.61566925048828,199.45303344726562,193.05865478515625,284.5796203613281,110.68466186523438,26.689599990844727,54.08362579345703,26.86863899230957,245.1697235107422,126.892333984375,58.33932113647461,8.312313079833984,38.76853942871094,30.454782485961914,34.31806564331055,129.32542419433594,270.28533935546875,112.30937957763672,28.12065887451172,44.2847900390625,49.45362854003906,126.52347564697266,274.6997985839844
2021-02-02,230.24949645996094,131.5337371826172,140.78695678710938,37.620059967041016,118.1912612915039,115.13032531738281,71.17896270751953,63.85673904418945,42.41850280761719,119.76461029052734,28.203142166137695,52.433475494384766,93.34983825683594,58.39795684814453,188.25003051757812,39.8659782409668,43.93001937866211,242.51010131835938,122.23595428466797,181.7992706298828,176.4781951904297,70.95610809326172,200.94000244140625,206.9232940673828,54.82590103149414,110.78915405273438,61.99897384643555,52.22135543823242,200.3822021484375,187.75558471679688,292.19415283203125,114.15567016601562,27.642797470092773,54.108543395996094,27.54953384399414,256.0927734375,127.96541595458984,61.167057037353516,8.335336685180664,38.458892822265625,29.91256332397461,34.5372314453125,132.66075134277344,277.39599609375,111.55918884277344,28.672447204589844,44.688323974609375,49.51377868652344,128.3038330078125,284.4108581542969
2021-02-03,233.60458374023438,130.51058959960938,140.13211059570312,39.09584045410156,119.5447006225586,115.27336883544922,72.73236846923828,63.48726272583008,42.253883361816406,119.45304107666016,28.082233428955078,52.1441764831543,93.09974670410156,58.210693359375,187.30776977539062,39.81378173828125,44.06421661376953,244.3011932373047,122.55718994140625,180.9089813232422,175.51553344726562,70.98307800292969,207.38999938964844,203.9892120361328,54.630802154541016,110.77075958251953,63.21598815917969,51.46632385253906,201.87257385253906,187.18539428710938,291.92193603515625,113.9097671508789,28.13275909423828,53.60177230834961,28.400665283203125,257.5027160644531,128.9327850341797,60.865318298339844,8.596295356750488,38.82411193847656,30.68975067138672,36.425540924072266,132.1807403564453,278.0801696777344,111.59290313720703,28.969022750854492,45.1269645690918,48.82632827758789,127.73777770996094,283.09478759765625
2021-02-04,232.65281677246094,133.8722686767578,141.43301391601562,39.84609603881836,122.29580688476562,115.34490203857422,72.76506805419922,62.42802047729492,42.46181869506836,120.88971710205078,28.12253761291504,53.47024917602539,94.5846939086914,59.315547943115234,189.3898162841797,41.101192474365234,44.4792594909668,248.44456481933594,123.68865203857422,182.22621154785156,175.6988983154297,71.02808380126953,210.63999938964844,204.10964965820312,55.850223541259766,110.3284683227539,63.00883865356445,51.07636260986328,188.94679260253906,191.61412048339844,296.1725769042969,118.12794494628906,28.952333450317383,54.69009780883789,29.35334587097168,262.14324951171875,130.50990295410156,62.32229995727539,8.726777076721191,39.117881774902344,30.228862762451172,37.09993362426758,134.29116821289062,279.1065979003906,110.84272766113281,29.3345890045166,46.07441711425781,48.89506530761719,127.14430236816406,290.737548828125
2021-02-05,232.8355255126953,133.45753479003906,143.5808563232422,41.18171691894531,122.05694580078125,115.82763671875,72.97764587402344,62.23918533325195,43.01630401611328,121.99752807617188,28.14672088623047,52.915443420410156,95.18651580810547,59.54961395263672,190.7808837890625,41.82317352294922,45.050350189208984,248.48016357421875,125.02263641357422,184.34292602539062,176.93653869628906,71.87400817871094,207.92999267578125,203.33529663085938,55.606346130371094,114.28128051757812,62.30105972290039,50.54534912109375,187.1527862548828,191.7566680908203,296.0057678222656,119.43309020996094,28.836524963378906,56.875038146972656,29.263465881347656,261.9201354980469,129.9571075439453,63.12407302856445,8.834229469299316,39.54661178588867,29.9577579498291,37.44554901123047,136.04574584960938,276.2771301269531,111.40746307373047,29.293209075927734,46.758697509765625,49.324729919433594,127.92035675048828,290.70928955078125
2021-02-08,233.0950469970703,133.60389709472656,143.99118041992188,42.954307556152344,123.96770477294922,115.47003936767578,74.7927017211914,61.61514663696289,43.25022506713867,121.5128402709961,28.066116333007812,53.80677032470703,96.60895538330078,59.0908317565918,189.8834686279297,42.57125473022461,45.25943374633789,249.5226593017578,126.24483489990234,185.19686889648438,181.0161590576172,71.72100067138672,211.9499969482422,204.4108428955078,56.63066864013672,114.7143325805664,62.99158477783203,49.97285842895508,189.5631561279297,195.5581817626953,296.7082824707031,121.05038452148438,29.477930068969727,56.467960357666016,30.018421173095703,267.8546142578125,132.82681274414062,63.994789123535156,8.872605323791504,39.64188766479492,30.07522964477539,39.43500518798828,135.2760467529297,277.51617431640625,111.42433166503906,29.638078689575195,47.39474105834961,49.58251953125,128.02078247070312,298.0419616699219
2021-02-09,234.34481811523438,132.72564697265625,145.1698455810547,42.451229095458984,123.4723129272461,115.0230712890625,74.36754608154297,61.61514663696289,43.05962371826172,120.82049560546875,28.187026977539062,53.46115493774414,96.70399475097656,59.61515426635742,193.8322296142578,42.18852996826172,45.509090423583984,246.617919921875,126.37051391601562,183.52532958984375,180.86032104492188,70.82113647460938,215.1199951171875,203.61920166015625,56.28922653198242,115.31324768066406,63.4317626953125,49.58290100097656,194.10787963867188,191.69964599609375,300.6604919433594,119.81144714355469,29.35321044921875,55.91133117675781,29.892595291137695,268.1311950683594,134.2494354248047,64.00342559814453,9.156591415405273,39.69745635986328,30.35538101196289,39.51930618286133,138.14793395996094,280.89117431640625,111.62662506103516,29.907081604003906,48.12797164916992,49.55673599243164,125.34571075439453,296.4344177246094
2021-02-10,233.43150329589844,132.12059020996094,145.641357421875,42.8620719909668,123.54309844970703,114.62079620361328,75.6429672241211,61.49197006225586,42.972984313964844,119.17607879638672,28.001638412475586,53.53391647338867,96.81486511230469,59.240638732910156,192.4142608642578,41.09248733520508,44.97856903076172,248.32872009277344,126.46833801269531,183.65248107910156,181.26370239257812,71.19007110595703,211.9199981689453,205.17660522460938,55.606346130371094,115.44225311279297,63.72523498535156,49.78203582763672,194.27346801757812,194.24664306640625,300.5287170410156,121.27738189697266,29.37993812561035,55.903038024902344,29.838666915893555,271.5401916503906,133.42837524414062,64.08101654052734,9.02610969543457,40.9757080078125,30.373449325561523,39.83121871948242,137.10516357421875,280.7524719238281,111.93848419189453,30.038127899169922,48.11030578613281,49.91765594482422,125.95745086669922,294.845703125
2021-02-11,235.03695678710938,131.86691284179688,144.9865264892578,41.788848876953125,123.19808959960938,114.7191390991211,75.23416137695312,61.36882019042969,43.5794677734375,116.81331634521484,27.751766204833984,55.17103576660156,95.76151275634766,58.706939697265625,192.2975616455078,41.38824462890625,44.944252014160156,246.87631225585938,124.78536224365234,183.67068481445312,181.84127807617188,70.56017303466797,210.66000366210938,203.73770141601562,55.89900207519531,116.87040710449219,63.52671813964844,49.773738861083984,191.78033447265625,193.33047485351562,297.8500671386719,121.3530502319336,29.290855407714844,55.59563064575195,29.407264709472656,269.7910461425781,132.67236328125,63.555118560791016,8.788177490234375,39.792728424072266,30.3461971282959,39.507938385009766,134.38223266601562,277.05389404296875,111.34002685546875,29.872591018676758,48.51667022705078,48.903663635253906,126.0487289428711,295.6164855957031
2021-02-12,235.517578125,132.10107421875,145.44056701660156,42.359004974365234,124.9496078491211,114.0844497680664,75.66751098632812,61.582313537597656,43.91735076904297,115.861328125,27.985519409179688,56.216976165771484,95.67438507080078,59.062740325927734,191.96551513671875,41.135990142822266,45.084678649902344,247.27725219726562,125.83456420898438,184.9333953857422,181.51126098632812,70.57815551757812,210.97999572753906,205.61868286132812,57.21599197387695,118.15116119384766,64.05323028564453,49.773738861083984,190.3727264404297,197.82537841796875,296.6117248535156,122.5920181274414,29.727367401123047,55.570716857910156,30.135255813598633,273.36077880859375,132.66419982910156,64.3224105834961,8.788177490234375,39.9991569519043,30.845905303955078,40.12046432495117,135.22637939453125,274.9548034667969,111.37374114990234,29.93467140197754,49.22339630126953,49.08411407470703,126.49605560302734,294.24407958984375
2021-02-16,234.27749633789062,129.97372436523438,144.12217712402344,43.633460998535156,127.9572525024414,114.35262298583984,77.2179946899414,60.96648025512695,43.553470611572266,116.30269622802734,27.961334228515625,56.817256927490234,95.09622192382812,58.1826057434082,192.97967529296875,40.45748519897461,45.4560432434082,245.38827514648438,124.37692260742188,184.81532287597656,185.53587341308594,70.36219024658203,217.17999267578125,201.83067321777344,58.386661529541016,117.95767211914062,60.876895904541016,49.284217834472656,187.00559997558594,196.36529541015625,294.2404479980469,123.59453582763672,30.529123306274414,53.83440017700195,31.267684936523438,278.3938903808594,132.68858337402344,65.56385040283203,8.857255935668945,39.0146598815918,30.582426071166992,41.55820083618164,133.86904907226562,268.963134765625,109.7806396484375,29.94155502319336,49.514923095703125,48.370887756347656,125.40045928955078,298.0890197753906
2021-02-17,235.2988739013672,127.68048858642578,144.63729858398438,44.3126106262207,128.35528564453125,114.83535766601562,79.53131103515625,62.02569580078125,43.43217086791992,116.37193298339844,28.12253761291504,56.253353118896484,95.01702117919922,58.13577651977539,191.56166076660156,40.231327056884766,45.93663024902344,250.3157958984375,124.39100646972656,183.41629028320312,185.4625244140625,70.58717346191406,215.52000427246094,204.23175048828125,57.8501091003418,117.23898315429688,62.75852584838867,50.27156066894531,191.37554931640625,197.03329467773438,295.97064208984375,121.58949279785156,30.653846740722656,54.08362579345703,32.88544464111328,279.0899658203125,132.704833984375,65.04655456542969,8.811202049255371,39.348114013671875,31.22750473022461,41.992069244384766,133.24835205078125,274.7884216308594,110.22738647460938,30.07261085510254,49.40007781982422,48.81773376464844,124.71576690673828,293.3790588378906
2021-02-18,234.90382385253906,126.57776641845703,144.7071533203125,43.6166877746582,128.78872680664062,115.7918701171875,78.76849365234375,61.9189567565918,43.98666000366211,117.15951538085938,27.85655403137207,56.03507614135742,95.61895751953125,58.117061614990234,193.33863830566406,40.30960464477539,42.9594841003418,252.21376037597656,126.30634307861328,184.8880157470703,183.28062438964844,70.839111328125,208.47999572753906,201.56198120117188,56.72822570800781,115.55280303955078,61.73139572143555,50.62833023071289,189.19517517089844,191.9370880126953,296.778564453125,121.52330017089844,30.457855224609375,54.19162368774414,33.217979431152344,276.55548095703125,130.0709228515625,64.51206970214844,8.7728271484375,39.20985412597656,30.745962142944336,40.57135009765625,134.17527770996094,275.417236328125,111.42433166503906,30.09330940246582,49.31173324584961,49.85750198364258,124.92656707763672,282.2580261230469
2021-02-19,232.18655395507812,126.73389434814453,142.2974090576172,43.9101448059082,130.93836975097656,113.63745880126953,79.43180084228516,61.0157356262207,43.41484451293945,114.68426513671875,27.75982093811035,57.308380126953125,94.24085235595703,57.23693084716797,190.47576904296875,39.735496520996094,43.171688079833984,249.17520141601562,124.31356048583984,184.92431640625,192.43914794921875,69.4712905883789,217.47000122070312,200.83384704589844,58.63055419921875,113.36909484863281,60.781951904296875,50.27985382080078,187.91639709472656,191.7462615966797,294.5830078125,124.56874084472656,30.7696475982666,53.47715759277344,33.99990463256836,281.6600646972656,132.32275390625,65.5207290649414,8.887954711914062,39.161766052246094,30.909500122070312,41.1923828125,133.7088623046875,274.8439636230469,110.10938262939453,30.210559844970703,49.57676315307617,48.55134201049805,125.2748794555664,310.22540283203125
2021-02-22,225.96206665039062,122.95735931396484,142.20953369140625,45.52836990356445,132.16795349121094,113.15474700927734,81.57927703857422,61.52482604980469,43.86536407470703,114.23421478271484,27.6147403717041,55.21651077270508,95.72188568115234,60.345481872558594,190.31419372558594,39.518043518066406,42.96884536743164,245.7981414794922,124.01778411865234,184.97882080078125,199.91082763671875,69.53428649902344,212.8800048828125,200.6431427001953,60.971858978271484,112.9176025390625,60.833744049072266,50.60343933105469,192.4151153564453,191.51719665527344,299.0182189941406,128.5787811279297,31.313066482543945,53.26115798950195,33.487613677978516,282.77557373046875,131.6724395751953,66.72771453857422,8.980059623718262,39.161766052246094,30.518827438354492,43.28519058227539,134.59176635742188,275.4911804199219,110.47183227539062,30.638195037841797,50.22163772583008,48.26777267456055,123.239990234375,317.2853088378906
2021-02-23,224.7672882080078,122.82073211669922,140.95323181152344,46.15721893310547,133.2294464111328,113.99505615234375,82.607421875,61.20460510253906,43.78740310668945,114.91792297363281,27.332624435424805,55.58940887451172,95.60310363769531,60.392303466796875,189.65008544921875,39.58761215209961,42.27605056762695,238.12611389160156,124.0530014038086,186.26885986328125,201.85433959960938,69.73226165771484,212.1199951171875,201.50128173828125,61.410865783691406,111.30514526367188,60.108699798583984,50.37942123413086,195.65345764160156,193.23504638671875,304.076904296875,129.5150909423828,31.642675399780273,52.9039192199707,33.379764556884766,284.86376953125,131.3716278076172,66.81391906738281,8.918658256530762,38.80107879638672,30.010021209716797,44.32307052612305,133.9337615966797,276.1754150390625,111.25574493408203,30.548540115356445,50.371826171875,48.82632827758789,123.71662139892578,317.1913146972656
2021-02-24,226.0005645751953,122.32306671142578,142.8421173095703,47.54068374633789,135.5736083984375,114.12019348144531,85.65866088867188,61.229244232177734,43.93467712402344,114.32075500488281,27.203662872314453,57.47210693359375,97.5831298828125,60.57957077026367,191.40011596679688,39.787696838378906,41.570777893066406,231.64813232421875,125.08114624023438,191.71046447753906,203.95376586914062,68.96736145019531,229.33999633789062,199.36024475097656,63.9960823059082,112.76097106933594,60.764686584472656,51.93095397949219,197.74188232421875,195.181884765625,304.3403015136719,132.30517578125,32.4088020324707,52.92885208129883,34.413330078125,295.06390380859375,135.13552856445312,68.86573791503906,9.417549133300781,39.41023635864258,29.7556209564209,46.50944900512695,133.31744384765625,278.99566650390625,110.26110076904297,31.038244247436523,51.661598205566406,48.29355239868164,125.47655487060547,324.9468994140625
2021-02-25,220.6432647705078,118.06832885742188,142.99147033691406,46.75252914428711,133.733642578125,113.15474700927734,84.86268615722656,61.270294189453125,43.46684265136719,112.51191711425781,27.260080337524414,54.934566497802734,96.99703216552734,61.1413688659668,189.31802368164062,39.596317291259766,41.17757034301758,227.4423370361328,125.87681579589844,186.86521911621094,203.3578643798828,69.01235961914062,216.4499969482422,197.2191925048828,62.24008560180664,112.02383422851562,59.84114456176758,51.5244026184082,192.58990478515625,194.51385498046875,300.0896301269531,129.64755249023438,32.00791549682617,52.164527893066406,33.757240295410156,292.49383544921875,130.7700653076172,67.61567687988281,9.02610969543457,38.688865661621094,29.446714401245117,45.114253997802734,131.185302734375,279.1435852050781,110.05036163330078,30.783044815063477,50.663352966308594,47.98419952392578,123.71662139892578,327.1749572753906
2021-02-26,223.9097137451172,118.3318099975586,139.2137451171875,45.587066650390625,130.1864013671875,110.42823791503906,82.9142074584961,59.62807846069336,42.444488525390625,111.81089782714844,26.994091033935547,55.28017807006836,94.19334411621094,60.40166473388672,186.1395263671875,39.03091049194336,40.544071197509766,230.1957244873047,123.27137756347656,184.63877868652344,197.91226196289062,67.6715087890625,212.00999450683594,194.9654541015625,61.1669807434082,110.36532592773438,58.805381774902344,50.88554000854492,193.10508728027344,195.5349884033203,292.2663879394531,127.92621612548828,30.92108726501465,51.00975799560547,32.50796127319336,285.1047058105469,131.8106231689453,66.27079010009766,8.980059623718262,38.41636657714844,29.264999389648438,44.24650955200195,131.45184326171875,270.9859619140625,108.1706771850586,30.07261085510254,49.983123779296875,47.27096176147461,123.57917022705078,328.1996765136719
2021-03-01,228.303466796875,124.70411682128906,139.9692840576172,47.28914260864258,133.1321258544922,111.10761260986328,84.61394500732422,59.431026458740234,43.2328987121582,113.04853057861328,27.155298233032227,57.190162658691406,95.62686157226562,61.95595169067383,188.04481506347656,39.94425964355469,40.99656677246094,233.11837768554688,124.22203826904297,188.17005920410156,201.46932983398438,68.03146362304688,224.38999938964844,196.8031005859375,63.94729232788086,112.60433197021484,59.79798126220703,51.13444519042969,197.7510223388672,197.04286193847656,295.1159362792969,131.1891632080078,31.883214950561523,51.89036178588867,33.33482360839844,295.5779724121094,136.7533416748047,68.24503326416016,9.194966316223145,38.35223388671875,29.882829666137695,44.756954193115234,134.48348999023438,272.65826416015625,108.22126007080078,30.72096824645996,50.619178771972656,47.03895568847656,126.35651397705078,337.96697998046875
2021-03-02,225.3454132080078,122.09861755371094,139.70571899414062,47.012447357177734,132.69866943359375,110.75898742675781,84.93730926513672,59.81693649291992,43.40618133544922,113.43799591064453,27.010210037231445,55.69854736328125,95.3021469116211,62.41475296020508,188.424072265625,39.596317291259766,40.60335922241211,231.93324279785156,124.7149429321289,188.49855041503906,197.85723876953125,67.8694839477539,223.13999938964844,195.63291931152344,63.31319046020508,112.89917755126953,59.504512786865234,50.83575439453125,201.9461669921875,194.81927490234375,299.6470642089844,131.69984436035156,31.651575088500977,52.34729766845703,33.379764556884766,296.4916687011719,137.91583251953125,69.65027618408203,9.63245677947998,38.023616790771484,29.5830020904541,44.47620391845703,134.40017700195312,277.6011962890625,108.84501647949219,30.845123291015625,50.68101501464844,47.322513580322266,129.03305053710938,330.3806457519531
2021-03-03,219.265380859375,119.11250305175781,137.2457733154297,47.38975524902344,135.26402282714844,110.09748840332031,85.89082336425781,60.18644332885742,43.302207946777344,111.76760864257812,27.719524383544922,54.47980880737305,96.909912109375,62.64883041381836,185.8505859375,39.257076263427734,39.816951751708984,229.32244873046875,125.38388061523438,188.89089965820312,197.02297973632812,67.14058685302734,228.55999755859375,194.11595153808594,65.55694580078125,109.81246185302734,59.58218002319336,50.4043083190918,202.97653198242188,192.7769775390625,301.7002868652344,134.85877990722656,32.44442367553711,52.13129806518555,33.87407684326172,299.618408203125,137.85894775390625,70.74515533447266,9.340797424316406,38.1759147644043,30.20991325378418,45.650211334228516,133.61732482910156,277.8985900878906,110.02508544921875,31.07274055480957,50.46016311645508,47.1678466796875,127.9789047241211,322.50274658203125
2021-03-04,218.46563720703125,117.22908020019531,134.4783935546875,49.22599411010742,133.1851806640625,109.1946029663086,86.64533996582031,59.25859832763672,43.267555236816406,112.38961029052734,27.566375732421875,53.051876068115234,95.12789916992188,61.43161392211914,184.96568298339844,38.7612419128418,39.798213958740234,223.5929412841797,125.08114624023438,185.1771697998047,195.06109619140625,66.98760223388672,224.7100067138672,192.3563232421875,66.19104766845703,106.89166259765625,59.703025817871094,49.23443603515625,206.61050415039062,191.38360595703125,299.3461608886719,134.94390869140625,32.67720031738281,52.53007125854492,33.39773941040039,295.0134582519531,132.93246459960938,69.92615509033203,9.156591415405273,37.55875015258789,30.973102569580078,47.31764602661133,132.8010711669922,276.4212646484375,109.42134094238281,30.52783966064453,49.02021026611328,47.511573791503906,126.33818054199219,317.698974609375
2021-03-05,223.1581573486328,118.48795318603516,137.140380859375,51.08736038208008,133.49481201171875,112.61839294433594,90.37650299072266,60.04685974121094,44.00399398803711,116.05364990234375,27.719524383544922,55.24380874633789,97.28215789794922,65.51395416259766,187.2501983642578,40.231327056884766,40.29441833496094,225.90081787109375,127.31330871582031,188.49855041503906,201.83602905273438,68.44542694091797,223.22000122070312,197.40122985839844,66.38631439208984,108.03419494628906,60.963218688964844,50.13880920410156,212.167236328125,197.47230529785156,301.2755126953125,139.34178161621094,33.062171936035156,53.68484878540039,33.64039993286133,293.2933044433594,140.39529418945312,69.71923828125,9.417549133300781,37.831268310546875,31.291101455688477,49.631629943847656,136.9237823486328,279.58026123046875,111.89583587646484,31.12101173400879,50.875362396240234,48.79195022583008,130.71961975097656,328.8670349121094
2021-03-08,219.10162353515625,113.55016326904297,138.28248596191406,51.037052154541016,135.26402282714844,113.80732727050781,90.99833679199219,60.900787353515625,44.74042510986328,115.26851654052734,27.68728256225586,54.434326171875,98.85034942626953,67.56448364257812,188.8213653564453,41.327354431152344,39.90744400024414,230.810546875,129.4046630859375,189.52052307128906,203.13787841796875,68.79638671875,224.02999877929688,197.47055053710938,69.16868591308594,106.54151916503906,61.91265869140625,50.155391693115234,216.9879608154297,197.57730102539062,302.17822265625,142.1223907470703,33.24121856689453,53.79286193847656,34.754852294921875,299.40338134765625,141.04562377929688,69.91752624511719,9.709207534790039,38.85719680786133,31.56368064880371,50.00596618652344,133.98373413085938,283.95635986328125,113.22235107421875,32.348751068115234,51.025550842285156,49.634071350097656,133.9186553955078,332.5052185058594
2021-03-09,225.25865173339844,118.1659164428711,138.5460205078125,50.2489013671875,134.30862426757812,112.79717254638672,90.79105377197266,60.87616729736328,44.064632415771484,115.37318420410156,27.767881393432617,56.9991569519043,98.35136413574219,68.01390838623047,188.31576538085938,41.65790557861328,40.222633361816406,236.09451293945312,127.58089447021484,189.43836975097656,198.75567626953125,67.43756866455078,230.61000061035156,198.493408203125,68.33885192871094,107.52741241455078,61.48109436035156,50.25495910644531,218.60476684570312,196.6992950439453,298.6824645996094,137.232666015625,32.516056060791016,53.44392776489258,34.269527435302734,296.1781005859375,143.3462677001953,69.7020034790039,9.647807121276855,38.841156005859375,31.30927276611328,49.25731658935547,135.98263549804688,277.1552429199219,112.52509307861328,32.88675308227539,51.228729248046875,49.324729919433594,133.8911590576172,331.5557556152344
2021-03-10,223.94821166992188,117.08272552490234,139.8199005126953,51.79167556762695,137.2278289794922,113.8341293334961,92.34154510498047,61.38522720336914,44.56715393066406,116.5334701538086,28.154783248901367,56.61715316772461,101.27387237548828,67.52702331542969,192.61390686035156,42.00585174560547,41.24934005737305,238.72171020507812,129.92576599121094,194.27450561523438,202.6610870361328,68.2114486694336,245.33999633789062,199.33424377441406,64.67784881591797,106.7718505859375,62.749900817871094,50.55364990234375,220.09225463867188,196.0694122314453,301.6383361816406,138.793212890625,33.456077575683594,53.09499740600586,35.57272720336914,306.4183654785156,142.76095581054688,71.63314819335938,9.90876579284668,40.492279052734375,32.01795959472656,50.5504264831543,137.61502075195312,278.73468017578125,114.31930541992188,33.24541473388672,51.58209228515625,50.321537017822266,136.10018920898438,339.5745849609375
2021-03-11,228.486572265625,119.01490020751953,139.81114196777344,51.405982971191406,136.5113067626953,113.44974517822266,92.19229888916016,61.27849578857422,44.081966400146484,116.21940612792969,27.977460861206055,57.58124542236328,100.69570922851562,63.11697769165039,191.042724609375,42.44948196411133,41.23374557495117,241.0618896484375,129.96803283691406,193.90040588378906,201.46932983398438,67.7344970703125,252.0,200.3831024169922,59.89412307739258,108.282958984375,62.44780731201172,50.072425842285156,220.9145050048828,195.8403778076172,300.6559753417969,139.739013671875,33.339698791503906,52.413761138916016,34.943599700927734,306.49005126953125,141.57403564453125,71.77107238769531,9.832015037536621,41.293785095214844,31.745391845703125,50.89922332763672,139.2891387939453,278.1866149902344,112.712158203125,32.969520568847656,51.7587776184082,49.9520263671875,133.8911590576172,342.6204528808594
2021-03-12,227.15687561035156,118.10737609863281,140.2152862548828,51.95935821533203,138.13014221191406,114.54928588867188,92.49907684326172,61.792057037353516,43.994606018066406,116.06237030029297,28.162841796875,57.20834732055664,101.06796264648438,62.88291549682617,191.73802185058594,42.46688461303711,41.85477066040039,244.87261962890625,130.2144317626953,195.6158447265625,209.94024658203125,67.95048522949219,269.19000244140625,199.6809844970703,61.4073371887207,107.53663635253906,63.80293655395508,50.31304168701172,224.9335174560547,198.57937622070312,301.0630798339844,140.48614501953125,33.96638107299805,51.72477340698242,35.923240661621094,312.50152587890625,141.2244873046875,72.7107925415039,10.261828422546387,42.64833450317383,32.21784973144531,50.35476303100586,139.66390991210938,280.3978576660156,113.49446868896484,33.55579376220703,51.458412170410156,50.484806060791016,133.18533325195312,347.34893798828125
2021-03-15,226.25112915039062,120.99590301513672,140.93568420410156,50.63459014892578,137.44015502929688,114.92474365234375,91.41291046142578,63.14219665527344,44.579917907714844,116.05364990234375,28.54167938232422,58.0178108215332,101.8362045288086,63.41661071777344,199.0701904296875,42.980106353759766,41.63942337036133,249.75033569335938,133.42547607421875,197.27650451660156,211.5354766845703,68.10346221923828,265.6300048828125,204.53514099121094,65.16596984863281,108.81739044189453,64.70922088623047,50.93531036376953,226.8090362548828,180.523193359375,306.5676574707031,139.0202178955078,33.7962760925293,52.9935188293457,35.68057632446289,310.02886962890625,141.91163635253906,72.29698944091797,10.13134765625,44.12310791015625,32.590354919433594,49.47850036621094,135.4579315185547,284.0679016113281,114.15771484375,34.376583099365234,51.50258255004883,50.71682357788086,132.95619201660156,351.9365234375
2021-03-16,229.04542541503906,122.53773498535156,141.77029418945312,49.561370849609375,135.79478454589844,115.26443481445312,89.24885559082031,63.622623443603516,44.74589920043945,116.9085922241211,28.880218505859375,58.91822814941406,101.56690979003906,62.5926513671875,198.52838134765625,43.20626449584961,41.62694549560547,252.9244842529297,131.57351684570312,193.2707977294922,207.61166381835938,68.26544952392578,255.2100067138672,208.3144989013672,64.18971252441406,108.92794036865234,64.79551696777344,51.358463287353516,223.2982177734375,182.1837615966797,307.2048645019531,135.5303192138672,33.69779586791992,53.783348083496094,35.366004943847656,306.14068603515625,140.83187866210938,71.15897369384766,9.586405754089355,43.85060119628906,32.54493713378906,48.13434982299805,135.6078643798828,284.16082763671875,114.3107681274414,34.10068893432617,51.043209075927734,51.02616882324219,132.72703552246094,351.1374816894531
2021-03-17,228.39981079101562,121.7472915649414,141.24319458007812,49.77936553955078,137.19241333007812,114.79959106445312,89.57221221923828,64.02849578857422,44.76338195800781,116.56836700439453,28.847972869873047,59.82773971557617,102.1926040649414,62.00278091430664,202.3660430908203,42.988800048828125,41.28054428100586,251.08628845214844,132.59454345703125,194.38401794433594,214.18492126464844,68.2114486694336,263.5899963378906,211.73841857910156,66.43511199951172,108.37509155273438,63.880592346191406,51.59077835083008,223.50149536132812,178.20416259765625,310.6474304199219,136.83544921875,33.97533416748047,54.12784194946289,35.80640411376953,309.04339599609375,142.92599487304688,72.29698944091797,9.739909172058105,43.36167526245117,32.054298400878906,48.34703826904297,133.80052185058594,288.5554504394531,112.712158203125,34.335201263427734,50.972537994384766,51.034759521484375,134.3402862548828,356.53350830078125
2021-03-18,222.31021118164062,117.61944580078125,140.97959899902344,47.632911682128906,139.45703125,115.04988861083984,86.33026123046875,64.00364685058594,44.17806625366211,115.61746215820312,28.83185386657715,57.963233947753906,103.00836944580078,62.48964309692383,201.27342224121094,42.44948196411133,40.74154281616211,253.89285278320312,134.4958038330078,196.19981384277344,211.4804229736328,68.45441436767578,256.05999755859375,211.86843872070312,64.67784881591797,108.8265609741211,64.28628540039062,51.715232849121094,225.26614379882812,175.53199768066406,317.2229309082031,134.849365234375,34.86164474487305,53.8421630859375,36.67819595336914,311.77581787109375,140.59458923339844,72.3659439086914,9.586405754089355,42.239566802978516,31.51824378967285,45.41201400756836,133.42572021484375,292.61578369140625,112.58460235595703,34.88009262084961,50.89303207397461,51.4730110168457,137.3101348876953,357.6145935058594
2021-03-19,221.95370483398438,117.09246826171875,140.601806640625,47.36460494995117,137.2366943359375,114.43309020996094,85.71671295166016,64.20244598388672,44.387733459472656,117.3360595703125,28.638404846191406,57.99052047729492,102.08964538574219,62.04022216796875,200.85809326171875,42.60605239868164,41.28368377685547,259.2188415527344,132.88328552246094,194.27450561523438,206.53903198242188,67.47354888916016,255.82000732421875,213.18605041503906,64.53140258789062,110.79839324951172,63.16420364379883,52.022220611572266,224.74871826171875,175.8755645751953,314.231689453125,133.08071899414062,34.49458694458008,54.161441802978516,35.6176643371582,308.3714599609375,140.5782470703125,71.50382232666016,9.84736156463623,42.1113166809082,32.1633415222168,44.74842834472656,132.66781616210938,286.7716064453125,110.81592559814453,34.866302490234375,50.203983306884766,51.619102478027344,135.12860107421875,350.1597900390625
2021-03-22,227.38812255859375,120.41038513183594,141.0059051513672,46.878299713134766,133.5478973388672,116.3729248046875,85.02021026611328,64.20244598388672,44.5537109375,120.21491241455078,29.01723861694336,59.691314697265625,103.39643096923828,62.096397399902344,203.23292541503906,43.7542839050293,41.48111343383789,259.075439453125,133.41844177246094,193.56275939941406,207.20828247070312,68.18445587158203,251.22999572753906,216.4365997314453,64.09207153320312,111.92249298095703,63.414520263671875,52.586421966552734,223.95416259765625,177.3547821044922,316.5238037109375,132.36195373535156,33.7156982421875,55.060489654541016,35.02449417114258,304.0083312988281,140.91366577148438,70.62446594238281,9.862713813781738,42.56818389892578,32.881099700927734,44.44217300415039,134.14198303222656,291.9375,113.12030792236328,35.61811447143555,49.85061264038086,52.804962158203125,135.60520935058594,349.3230895996094
2021-03-23,228.92015075683594,119.58090209960938,140.87416076660156,46.29976272583008,132.21214294433594,118.53626251220703,84.54762268066406,63.17531967163086,44.894412994384766,121.66310119628906,28.50137710571289,57.73586654663086,103.32518005371094,62.98588943481445,202.60079956054688,43.50202178955078,41.97309875488281,260.00787353515625,132.6156768798828,190.33261108398438,200.08499145507812,69.96623229980469,241.25,212.40591430664062,61.7978515625,111.01953125,62.05939483642578,51.955841064453125,220.29551696777344,175.2934112548828,312.9396057128906,128.70176696777344,33.035301208496094,54.19506072998047,34.36838912963867,297.2353515625,137.8705596923828,68.21053314208984,9.371498107910156,41.702552795410156,33.28996658325195,43.99129104614258,133.14256286621094,291.8724670410156,115.03357696533203,34.83871078491211,49.08205032348633,52.58154296875,135.17442321777344,336.06793212890625
2021-03-24,226.87745666503906,117.19005584716797,142.2446746826172,47.238834381103516,133.23826599121094,118.50048065185547,86.8111572265625,63.15047836303711,45.00798416137695,121.09603118896484,28.702884674072266,56.42616271972656,103.45188903808594,62.57392120361328,202.31185913085938,43.188873291015625,41.71300506591797,262.4915466308594,134.2775115966797,193.64491271972656,202.8169708251953,69.98421478271484,239.24000549316406,212.7786407470703,61.0168342590332,108.74365234375,63.19009780883789,51.69034194946289,222.2357177734375,171.9436798095703,315.160888671875,130.91490173339844,33.035301208496094,54.06901931762695,34.26054000854492,294.44012451171875,139.31846618652344,68.3916015625,9.317770957946777,41.50217819213867,32.444984436035156,45.26738739013672,133.18418884277344,293.6284484863281,115.37368774414062,34.74047088623047,49.40007781982422,50.37309646606445,135.80690002441406,339.28314208984375
2021-03-25,223.87115478515625,117.67798614501953,142.2974090576172,47.104679107666016,134.94557189941406,119.32291412353516,87.11796569824219,63.00967025756836,45.444786071777344,121.81140899658203,28.751251220703125,56.40797805786133,105.3923110961914,64.2593002319336,202.44729614257812,43.93695068359375,41.995033264160156,266.4637145996094,135.9745635986328,195.15960693359375,205.58560180664062,70.09223175048828,247.19000244140625,213.45474243164062,62.725303649902344,109.69271087646484,63.93238830566406,52.096893310546875,223.02101135253906,174.7303466796875,319.6742858886719,134.56558227539062,33.7156982421875,53.76654052734375,35.32107162475586,296.1423034667969,140.75819396972656,69.08126831054688,9.455924034118652,41.44607162475586,33.15367126464844,45.57364273071289,135.96597290039062,298.4227294921875,115.3652114868164,35.217613220214844,50.248146057128906,51.15507888793945,139.6383514404297,344.8201599121094
2021-03-26,227.8602294921875,118.28302764892578,144.89788818359375,48.387516021728516,137.19241333007812,121.08399963378906,89.11618041992188,64.1030502319336,46.33586120605469,124.48963928222656,29.21875,59.00008773803711,108.01386260986328,65.776123046875,203.3593292236328,45.728878021240234,42.34602355957031,272.4084777832031,137.22796630859375,199.40260314941406,210.3986358642578,71.28907012939453,244.8699951171875,219.18443298339844,63.408687591552734,112.47532653808594,65.563720703125,53.051055908203125,225.22915649414062,176.8489990234375,322.762939453125,135.93698120117188,34.628875732421875,54.81682586669922,35.734500885009766,293.311279296875,145.71548461914062,68.95196533203125,9.440574645996094,41.702552795410156,33.826011657714844,46.824222564697266,139.90545654296875,296.40655517578125,116.6067123413086,36.83851623535156,51.15805435180664,52.392486572265625,141.91159057617188,349.9811706542969
2021-03-29,226.6654510498047,118.45867919921875,145.8730926513672,48.12760543823242,135.06056213378906,122.9791259765625,88.6518783569336,64.8567886352539,47.043479919433594,126.33035278320312,29.516983032226562,58.66356658935547,107.60201263427734,66.60006713867188,205.29168701171875,45.685386657714844,42.828617095947266,270.9648742675781,137.8335723876953,199.72193908691406,211.05874633789062,71.90099334716797,250.52000427246094,221.0047607421875,63.213417053222656,112.62275695800781,65.85717010498047,53.15891647338867,228.71229553222656,177.83197021484375,329.91357421875,134.65072631835938,34.29762268066406,55.61505126953125,34.54814529418945,291.8240051269531,144.7666015625,67.14151763916016,9.325444221496582,42.35979080200195,34.48017883300781,45.8033447265625,140.03872680664062,300.2438049316406,118.12030029296875,36.698177337646484,50.43367004394531,53.69865417480469,142.55325317382812,345.9200439453125
2021-03-30,223.39903259277344,117.00464630126953,144.96815490722656,47.532291412353516,136.65283203125,121.08399963378906,87.83101654052734,63.74687957763672,46.43196105957031,124.35002899169922,29.10590171813965,57.99961853027344,106.6991195678711,66.05702209472656,203.15164184570312,45.03298568725586,42.53717803955078,273.3140869140625,137.05897521972656,199.00111389160156,213.6807098388672,71.3880615234375,252.00999450683594,216.48858642578125,64.92191314697266,110.33767700195312,65.66728973388672,52.52834701538086,227.09542846679688,177.03033447265625,327.9223937988281,135.71002197265625,34.906410217285156,55.0352897644043,35.40196228027344,297.4503173828125,140.8809051513672,68.18467712402344,9.563379287719727,42.463985443115234,34.59829330444336,45.45454788208008,140.4551544189453,299.80706787109375,117.61009216308594,35.968421936035156,51.14923095703125,53.09712600708008,140.05087280273438,352.3754577636719
2021-03-31,227.17611694335938,119.2003173828125,144.38833618164062,46.81121826171875,134.66250610351562,121.06609344482422,86.88578033447266,63.85453414916992,46.04756164550781,123.39916229248047,29.20262336730957,58.20880126953125,105.54279327392578,65.7011947631836,202.39312744140625,44.98078536987305,42.56538772583008,273.6995849609375,135.67881774902344,198.07040405273438,212.5713653564453,70.93810272216797,254.72000122070312,215.67381286621094,64.09207153320312,110.42060089111328,64.93362426757812,52.78756332397461,223.34439086914062,178.29006958007812,327.0019836425781,134.1732177734375,34.63783264160156,54.30428695678711,35.114356994628906,292.9618225097656,140.37374877929688,66.95185089111328,9.402199745178223,44.00288391113281,32.69938659667969,45.06321334838867,141.57952880859375,300.69903564453125,118.23937225341797,35.89825439453125,50.35416030883789,52.69324493408203,137.73178100585938,352.58270263671875
2021-04-01,233.5162811279297,120.02980041503906,143.05296325683594,48.11921691894531,135.97169494628906,120.03807830810547,87.6817626953125,63.85453414916992,45.87284851074219,123.2508316040039,29.25904655456543,58.70903778076172,105.51902770996094,67.2367935180664,203.3593292236328,45.21565246582031,42.49957275390625,275.94122314453125,135.69290161132812,197.8240203857422,213.36900329589844,70.68614196777344,252.9600067138672,215.98585510253906,64.82427978515625,109.59136199951172,64.13091278076172,52.62032699584961,223.4275360107422,176.78219604492188,328.34716796875,137.1424102783203,35.35404586791992,55.82511520385742,35.6176643371582,293.53521728515625,142.3043212890625,67.43463134765625,9.340797424316406,43.882667541503906,32.66305160522461,45.95648193359375,142.65391540527344,299.3982849121094,116.47914123535156,35.78598403930664,50.928375244140625,52.349517822265625,139.2900848388672,350.6790771484375
2021-04-05,239.9913330078125,122.85977172851562,143.580078125,47.372989654541016,136.6924591064453,121.9779052734375,86.65363311767578,63.78000259399414,46.13493347167969,124.89093780517578,29.24292755126953,60.51897048950195,107.65743255615234,69.43711853027344,206.64614868164062,45.916534423828125,43.693519592285156,282.8005676269531,137.29135131835938,200.0778350830078,214.25827026367188,71.56803894042969,259.3599853515625,218.45631408691406,65.70293426513672,110.43902587890625,64.7696304321289,52.81263732910156,224.8226318359375,176.44818115234375,335.1881103515625,138.55581665039062,35.63157272338867,55.741085052490234,35.48284912109375,289.8620300292969,144.38209533691406,67.2449722290039,9.74758529663086,45.525753021240234,33.371734619140625,44.416664123535156,143.2119140625,307.2121276855469,117.71212005615234,36.01052474975586,50.81352615356445,52.87369918823242,140.7566375732422,353.214111328125
2021-04-06,238.82546997070312,123.16228485107422,143.54493713378906,47.238834381103516,135.7314453125,122.02261352539062,85.8825454711914,62.77773666381836,46.46689987182617,125.33584594726562,29.057537078857422,59.627647399902344,106.30311584472656,69.54945373535156,209.40924072265625,45.5836181640625,43.903480529785156,281.3480224609375,137.19981384277344,200.00485229492188,211.4438018798828,71.86499786376953,255.1699981689453,215.92520141601562,65.41004943847656,110.5403823852539,64.4071273803711,51.825950622558594,220.93299865722656,174.45361328125,335.3828430175781,138.64120483398438,35.53309631347656,55.64866256713867,35.81538391113281,293.01556396484375,144.43115234375,68.18467712402344,9.916440963745117,44.64409255981445,33.5171012878418,44.73142623901367,144.0614471435547,307.68597412109375,117.38903045654297,36.05261993408203,51.27289962768555,53.05415725708008,140.7657928466797,353.96795654296875
2021-04-07,240.79110717773438,124.81147003173828,143.7382049560547,47.448448181152344,137.8581085205078,122.2371826171875,86.3883056640625,63.05109786987305,46.54552459716797,125.1090316772461,28.944698333740234,60.255218505859375,106.86543273925781,69.65290832519531,210.04135131835938,45.3558349609375,43.809471130371094,280.17340087890625,137.27732849121094,199.375244140625,211.23291015625,71.6490249633789,252.5800018310547,215.07568359375,65.3612289428711,110.66940307617188,64.29490661621094,51.892852783203125,221.9400634765625,173.99549865722656,336.46246337890625,139.57089233398438,35.85539627075195,55.119319915771484,35.94121170043945,292.55859375,144.75021362304688,68.14159393310547,9.770609855651855,44.547908782958984,33.75333023071289,44.561279296875,143.2119140625,310.29681396484375,116.44515228271484,35.87720489501953,51.09622573852539,52.75340270996094,135.63267517089844,353.19525146484375
2021-04-08,244.0189666748047,127.21209716796875,143.17599487304688,46.953758239746094,138.02719116210938,122.7020034790039,85.418212890625,62.529239654541016,46.4057502746582,124.35002899169922,28.98499870300293,60.98282241821289,107.01593017578125,70.79074096679688,207.91030883789062,45.478485107421875,43.78126907348633,281.9307861328125,137.81947326660156,200.61618041992188,211.2970733642578,71.66703033447266,254.9499969482422,214.0008544921875,65.65409851074219,110.36532592773438,63.69072723388672,51.76742935180664,220.1199493408203,174.27227783203125,341.6219177246094,139.4855194091797,35.54205322265625,54.63197708129883,35.977169036865234,296.67083740234375,144.32481384277344,69.14163970947266,9.601758003234863,43.91471862792969,33.826011657714844,43.59144592285156,144.10311889648438,312.2944030761719,116.96385192871094,36.12279510498047,51.36124038696289,52.81404495239258,135.70606994628906,352.5167541503906
2021-04-09,246.52423095703125,129.78834533691406,141.66485595703125,46.844757080078125,139.059326171875,121.90638732910156,85.33529663085938,63.20845413208008,46.45815658569336,124.37622833251953,29.5008602142334,62.083343505859375,107.49906158447266,71.07286071777344,209.02096557617188,45.63618469238281,43.803199768066406,286.2347106933594,139.4249725341797,207.1129608154297,211.54458618164062,71.79300689697266,252.36000061035156,215.79513549804688,66.38631439208984,111.39730072021484,63.93238830566406,52.35274124145508,227.3726043701172,176.06643676757812,341.8077697753906,140.18751525878906,35.80167770385742,54.70760726928711,36.39958190917969,296.3752136230469,146.85255432128906,69.5899429321289,9.601758003234863,43.42580032348633,34.32572555541992,43.58294677734375,146.53506469726562,315.8529968261719,116.23253631591797,36.12981414794922,51.71460723876953,52.103519439697266,137.92428588867188,355.2779235839844
2021-04-12,246.58204650878906,128.0708465576172,142.0074920654297,46.534523010253906,138.76568603515625,122.39807891845703,84.39008331298828,63.1339225769043,46.60667037963867,124.76878356933594,29.799087524414062,59.491233825683594,106.59615325927734,71.5806655883789,208.55142211914062,45.18061447143555,43.809471130371094,287.6335144042969,139.3052520751953,208.59121704101562,211.70965576171875,72.13496398925781,249.52000427246094,215.78648376464844,66.33748626708984,111.52629089355469,64.26901245117188,52.41963195800781,227.11392211914062,173.51837158203125,343.24151611328125,139.98826599121094,35.864349365234375,54.329498291015625,36.642250061035156,297.2980041503906,149.2821044921875,69.12439727783203,9.501976013183594,43.84257888793945,34.49835205078125,43.26816177368164,148.73388671875,316.54046630859375,116.69171905517578,36.312259674072266,51.7587776184082,52.831382751464844,138.767578125,356.4653015136719
2021-04-13,249.06797790527344,131.1837921142578,140.10984802246094,46.71059799194336,137.1106414794922,120.78004455566406,84.77147674560547,63.307861328125,46.379539489746094,124.79498291015625,29.952232360839844,59.318416595458984,103.8954086303711,72.09786224365234,208.87649536132812,45.259464263916016,43.67471694946289,287.2837829589844,138.34759521484375,208.95614624023438,210.26113891601562,71.74800109863281,253.27000427246094,216.66195678710938,65.60530090332031,113.3414306640625,63.889225006103516,53.16383361816406,226.5965118408203,174.19589233398438,342.5865783691406,138.4894561767578,35.20185470581055,54.522743225097656,35.761470794677734,293.571044921875,144.7338409423828,68.56401062011719,9.363821983337402,43.76243591308594,34.144012451171875,43.2086181640625,149.4334716796875,314.60791015625,116.67471313476562,35.9052734375,51.14923095703125,52.58009338378906,138.47425842285156,356.8517150878906
2021-04-14,246.27371215820312,128.8417205810547,140.4964141845703,48.0605354309082,134.54803466796875,121.21809387207031,86.45464324951172,63.28302764892578,46.37081527709961,123.97491455078125,29.96029281616211,58.381622314453125,105.04383087158203,72.23889923095703,207.96446228027344,45.005393981933594,43.6590461730957,286.9429931640625,138.54476928710938,209.3029327392578,213.2223358154297,71.45103454589844,252.42999267578125,216.3759307861328,66.77681732177734,112.36119079589844,64.80416107177734,53.35615158081055,230.45843505859375,174.64443969726562,343.9671936035156,139.84597778320312,35.70320129394531,54.867252349853516,37.73872375488281,300.442626953125,143.089599609375,69.65027618408203,9.394522666931152,43.65823745727539,33.83509826660156,44.82500457763672,146.760009765625,317.5904235839844,115.87540435791016,36.03157043457031,51.72343444824219,52.51943588256836,138.2909393310547,359.5186462402344
2021-04-15,250.04116821289062,131.2521209716797,140.9093017578125,47.77544403076172,135.4022216796875,122.6841049194336,85.74987030029297,63.49837112426758,46.58920669555664,124.14937591552734,30.306896209716797,59.136512756347656,105.00421142578125,73.62126159667969,208.8403778076172,45.24195098876953,43.922279357910156,289.38189697265625,139.0587921142578,209.72264099121094,213.16729736328125,72.40492248535156,251.11000061035156,221.15211486816406,66.14224243164062,114.6176528930664,65.4083480834961,53.88294219970703,235.00405883789062,177.43115234375,345.70172119140625,140.89895629882812,34.682594299316406,55.26215362548828,37.96341323852539,303.3095703125,145.0774383544922,69.6761474609375,9.394522666931152,43.05710220336914,33.7896728515625,44.152915954589844,149.61668395996094,320.16400146484375,118.13731384277344,36.21401596069336,51.829444885253906,52.46745300292969,141.13246154785156,360.1217956542969
2021-04-16,251.23602294921875,130.9203338623047,142.5346221923828,47.507144927978516,136.40769958496094,122.69307708740234,85.36846160888672,64.1693115234375,46.894962310791016,125.7633285522461,31.08875274658203,58.89094924926758,105.80415344238281,74.24188232421875,210.4657440185547,46.258216857910156,44.063297271728516,294.169921875,139.83338928222656,211.7939453125,213.9373779296875,72.62089538574219,248.17999267578125,221.65489196777344,65.3612289428711,114.99681091308594,65.49465942382812,54.7358283996582,233.3502655029297,180.6090545654297,346.74603271484375,142.28392028808594,35.049652099609375,56.186405181884766,39.40142822265625,306.6781311035156,145.46189880371094,67.75361633300781,9.386846542358398,42.72047424316406,33.716983795166016,43.46385192871094,149.6750030517578,321.87359619140625,118.38391876220703,36.705196380615234,52.518497467041016,53.11732864379883,153.45184326171875,360.9981689453125
2021-04-19,249.3088836669922,131.58384704589844,142.92994689941406,47.3562126159668,135.82931518554688,122.12097930908203,85.61720275878906,64.3266830444336,47.17451858520508,126.27803802490234,31.37891387939453,57.87229537963867,105.43190002441406,74.05382537841797,209.3189239501953,46.302024841308594,43.78126907348633,293.06707763671875,139.8404083251953,210.75375366210938,213.04808044433594,72.32393646240234,244.14999389648438,221.8802490234375,65.70293426513672,115.16327667236328,65.38245391845703,54.8529052734375,233.2763671875,180.98126220703125,346.67523193359375,140.90841674804688,35.06755828857422,55.41339111328125,39.437374114990234,307.37701416015625,144.8238067626953,68.99506378173828,9.294744491577148,43.11321258544922,34.007720947265625,43.29369354248047,148.30081176757812,320.2105712890625,118.13731384277344,34.438751220703125,52.377166748046875,53.11732864379883,154.70765686035156,358.7835998535156
2021-04-20,248.84634399414062,129.89566040039062,146.25961303710938,46.35845184326172,132.82177734375,123.14002227783203,84.01695251464844,65.0804443359375,47.32303237915039,127.11552429199219,31.459524154663086,57.02644348144531,109.42361450195312,74.51461029052734,210.4025421142578,45.373355865478516,44.119712829589844,290.47576904296875,139.63623046875,207.43235778808594,208.68426513671875,73.59992218017578,234.05999755859375,224.62811279296875,63.750404357910156,110.9740219116211,65.52056121826172,55.25426483154297,234.08937072753906,181.9070281982422,342.7812805175781,137.64515686035156,34.09172058105469,55.774688720703125,38.23303985595703,297.3338928222656,144.4229736328125,66.63287353515625,8.788177490234375,42.752525329589844,34.30755615234375,41.388057708740234,149.65838623046875,320.6750793457031,121.07946014404297,33.112552642822266,51.864784240722656,53.98384094238281,154.90927124023438,348.9356689453125
2021-04-21,251.08180236816406,130.27626037597656,146.35629272460938,46.953758239746094,133.9518280029297,122.33547973632812,85.17777252197266,65.62714385986328,47.70741653442383,128.2234649658203,31.862537384033203,57.93595886230469,113.69253540039062,72.08845520019531,209.7252960205078,45.496009826660156,44.248191833496094,292.2601318359375,141.45297241210938,210.32489013671875,213.1123046875,73.4370346069336,235.9199981689453,224.31600952148438,65.16596984863281,113.3784408569336,66.20242309570312,55.4549446105957,233.74755859375,182.2314453125,342.7016296386719,139.61831665039062,34.6646842956543,56.11919403076172,38.86217498779297,300.3709716796875,146.59072875976562,68.32263946533203,9.003085136413574,43.321598052978516,34.443843841552734,42.57057189941406,148.72555541992188,321.0281066894531,120.29716491699219,33.38622283935547,52.85420608520508,54.382442474365234,159.09828186035156,353.95855712890625
2021-04-22,247.79611206054688,128.75390625,145.1174774169922,46.3416862487793,131.13111877441406,121.1209716796875,83.70189666748047,64.57516479492188,47.55889892578125,127.42955017089844,31.14516258239746,56.90821075439453,111.89469146728516,70.40519714355469,210.35739135742188,45.119285583496094,43.76873016357422,288.234130859375,141.4670867919922,209.19338989257812,209.83941650390625,73.34654998779297,234.3300018310547,221.08277893066406,65.45887756347656,114.21073913574219,66.18505859375,55.4549446105957,233.3225555419922,178.50955200195312,336.3740234375,139.599365234375,34.34238815307617,55.15291976928711,38.37683868408203,296.41107177734375,143.38406372070312,67.49500274658203,9.164264678955078,42.14338684082031,34.007720947265625,42.077144622802734,147.84268188476562,319.086181640625,119.3277587890625,32.62839889526367,52.006126403808594,53.7498893737793,157.2559051513672,347.1356506347656
2021-04-23,251.6309814453125,131.07644653320312,145.41624450683594,46.59322738647461,133.64036560058594,120.50017547607422,84.19937896728516,64.50892639160156,47.58510971069336,127.22016906738281,31.16128921508789,53.87952423095703,112.80547332763672,70.49922943115234,211.82020568847656,45.478485107421875,43.84080123901367,290.4130859375,142.38247680664062,204.85006713867188,211.91148376464844,72.20630645751953,238.3800048828125,222.79908752441406,66.14224243164062,114.0350341796875,66.07212829589844,55.19573974609375,232.6388397216797,180.10328674316406,333.8960876464844,136.9147491455078,35.076507568359375,55.01848220825195,39.419403076171875,304.0263366699219,146.0672149658203,69.78822326660156,9.379175186157227,42.49604034423828,33.9350471496582,42.298336029052734,149.05035400390625,317.7947998046875,112.33799743652344,33.25288772583008,52.4831657409668,53.082672119140625,160.08824157714844,354.5899963378906
2021-04-26,252.0164337158203,131.46676635742188,144.18624877929688,46.68544387817383,133.96961975097656,118.08910369873047,84.17448425292969,64.2190170288086,46.87749099731445,125.06539154052734,31.177413940429688,53.442962646484375,112.1243667602539,70.05725860595703,209.77044677734375,45.24195098876953,43.217193603515625,286.9161071777344,140.57276916503906,202.1309051513672,212.3258819580078,71.74476623535156,241.44000244140625,221.4901885986328,66.23987579345703,113.35993194580078,65.81146240234375,55.095394134521484,230.4029998779297,178.6717987060547,329.19677734375,142.615966796875,35.28242111206055,55.253753662109375,39.67103958129883,307.7622375488281,146.27993774414062,70.27960968017578,9.417549133300781,42.26360321044922,33.1991081237793,42.74922180175781,146.4268341064453,313.8552551269531,110.9859848022461,33.133609771728516,52.9867057800293,52.45878601074219,158.6949920654297,358.5291748046875
2021-04-27,252.42108154296875,131.1447296142578,143.3604278564453,47.29753112792969,134.5835723876953,118.01713562011719,85.15287780761719,64.07819366455078,46.8076057434082,124.6553955078125,30.992021560668945,52.724449157714844,112.47283935546875,70.73432922363281,212.18138122558594,45.005393981933594,43.36447525024414,287.4540710449219,136.92518615722656,203.41746520996094,212.12330627441406,71.09319305419922,242.47000122070312,221.15211486816406,65.84935760498047,112.54613494873047,65.25544738769531,55.1539192199707,231.38235473632812,173.89053344726562,330.2940979003906,142.63491821289062,35.70320129394531,54.337894439697266,40.52486801147461,310.5484619140625,146.32899475097656,70.65896606445312,9.586405754089355,42.0872802734375,33.40807342529297,43.64249038696289,161.68504333496094,315.7785339355469,110.07611083984375,33.09151077270508,54.61216735839844,52.45878601074219,157.87001037597656,360.3290710449219
2021-04-28,245.28123474121094,130.35430908203125,142.3061981201172,48.7229118347168,135.45558166503906,118.21507263183594,87.2423095703125,63.85453414916992,46.816341400146484,123.73063659667969,31.282197952270508,52.4061164855957,113.25694274902344,70.31116485595703,209.8607177734375,44.777618408203125,43.210914611816406,286.6650695800781,137.96734619140625,203.36273193359375,213.9282684326172,71.28323364257812,235.4600067138672,205.18527221679688,64.43378448486328,112.31494140625,65.50739288330078,55.21244812011719,228.33346557617188,172.30636596679688,330.0463562011719,144.70294189453125,35.83749008178711,54.1446418762207,40.515872955322266,311.8743896484375,147.00796508789062,71.32278442382812,9.540353775024414,41.999114990234375,33.29904556274414,45.12276077270508,165.2163543701172,314.38494873046875,110.23768615722656,33.10554504394531,55.7429313659668,52.68408203125,158.16336059570312,357.9166259765625
2021-04-29,243.3059844970703,130.25669860839844,144.25656127929688,49.41883087158203,138.0894317626953,119.21369171142578,88.63529968261719,61.030006408691406,47.40165710449219,125.5713882446289,31.11292266845703,53.00640106201172,114.23902130126953,71.3455810546875,212.3890838623047,45.0842399597168,43.75618362426758,291.71319580078125,140.16433715820312,204.3025360107422,209.48025512695312,72.23344421386719,235.94000244140625,203.4516143798828,64.48258972167969,111.90805053710938,66.35012817382812,52.58686828613281,231.19757080078125,173.88101196289062,336.6041259765625,146.68553161621094,36.80437088012695,53.640499114990234,41.55842590332031,316.2285461425781,148.73399353027344,72.41366577148438,8.64234733581543,42.26762008666992,33.67155838012695,45.1993293762207,169.67222595214844,327.2532043457031,112.78018188476562,32.69855880737305,56.14930725097656,53.22998046875,158.7499542236328,354.703125
2021-04-30,242.98797607421875,128.28549194335938,142.965087890625,47.99345016479492,136.8614959716797,120.03236389160156,85.45966339111328,61.7092170715332,47.157047271728516,125.7633285522461,31.15323829650879,52.32426071166992,112.36988830566406,71.27033996582031,213.1746826171875,44.602386474609375,43.843929290771484,290.21575927734375,138.81936645507812,203.51785278320312,210.0696563720703,73.02979278564453,234.30999755859375,207.7250518798828,64.04325866699219,111.04798126220703,66.3761978149414,52.19386291503906,230.06117248535156,174.4250030517578,336.7899475097656,145.47129821777344,36.28512191772461,53.32961654663086,40.48892593383789,312.17901611328125,146.59072875976562,71.46994018554688,8.857255935668945,42.56016540527344,33.1991081237793,43.50637435913086,169.78883361816406,329.3157653808594,113.36693572998047,33.5055046081543,55.76944351196289,52.73606872558594,156.96253967285156,349.48223876953125
2021-05-03,242.67965698242188,129.33941650390625,145.14389038085938,49.31822204589844,136.46109008789062,121.45381927490234,87.4993667602539,62.93513107299805,47.59385299682617,127.18529510498047,32.10435104370117,52.07869338989258,114.6429443359375,72.71852111816406,212.7051239013672,44.83017349243164,44.53649139404297,296.1335754394531,139.85450744628906,203.663818359375,210.1249237060547,73.36461639404297,235.19000244140625,212.70062255859375,65.65409851074219,110.53933715820312,67.49695587158203,53.08021545410156,232.86984252929688,177.43115234375,340.99365234375,146.84681701660156,36.311981201171875,55.287357330322266,40.8753776550293,313.7110595703125,149.4456787109375,71.39204406738281,8.926332473754883,43.5219841003418,33.96230697631836,44.8675422668457,176.73495483398438,335.4107971191406,114.57439422607422,33.940555572509766,57.09454345703125,53.377281188964844,158.5849609375,352.2340393066406
2021-05-04,238.7579803466797,124.76268005371094,147.3929443359375,49.628448486328125,138.34747314453125,121.03998565673828,87.98025512695312,62.94339370727539,47.296817779541016,125.58887481689453,32.201080322265625,51.75127410888672,115.43496704101562,73.8469467163086,211.17005920410156,44.427162170410156,44.09776306152344,298.3751220703125,140.39674377441406,205.69863891601562,214.95050048828125,73.38273620605469,233.6300048828125,214.4169158935547,64.04325866699219,108.69902801513672,70.4769287109375,53.47321701049805,239.75291442871094,179.6070556640625,342.9140319824219,146.5906982421875,36.705894470214844,55.15291976928711,41.10905838012695,313.42431640625,148.76669311523438,71.54788208007812,8.757476806640625,43.377708435058594,32.60852813720703,44.722923278808594,178.49229431152344,342.02618408203125,114.5573959350586,33.5756721496582,57.509742736816406,53.550594329833984,163.8463897705078,357.7093200683594
2021-05-05,237.48611450195312,125.00665283203125,146.7779541015625,51.120906829833984,140.16268920898438,120.0683364868164,90.34331512451172,64.35980987548828,47.17451858520508,125.52776336669922,32.21719741821289,51.70579528808594,115.01519012451172,74.46756744384766,212.2355499267578,44.795127868652344,44.06016540527344,297.7296142578125,141.84727478027344,206.39212036132812,219.0669708251953,73.59088134765625,228.17999267578125,216.1419219970703,64.48258972167969,109.59608459472656,72.14501190185547,54.0836296081543,238.75509643554688,184.0065460205078,341.9316711425781,148.35511779785156,37.0550537109375,55.88392639160156,41.2888069152832,320.3945007324219,151.60528564453125,73.16688537597656,8.910979270935059,43.65823745727539,33.13550567626953,47.16451644897461,178.66720581054688,346.5508728027344,115.28019714355469,33.92652130126953,58.48149871826172,53.57658386230469,164.11219787597656,357.0307312011719
2021-05-06,240.6273193359375,126.60704040527344,147.36659240722656,51.607208251953125,142.98338317871094,121.57979583740234,90.39306640625,64.42607879638672,47.646270751953125,126.98463439941406,31.899738311767578,52.33538818359375,117.54961395263672,74.98479461669922,212.0730438232422,45.94282150268555,44.3747673034668,302.68804931640625,142.5303497314453,208.6459503173828,218.321044921875,74.48677062988281,229.80999755859375,217.83221435546875,64.48258972167969,109.85502624511719,72.71841430664062,53.899662017822266,237.3784942626953,185.0372314453125,342.7900695800781,148.81997680664062,37.61011505126953,55.90913772583008,42.00037384033203,327.8753662109375,154.1493377685547,75.17548370361328,9.010758399963379,43.650230407714844,34.243953704833984,47.385704040527344,178.88372802734375,343.81927490234375,115.75634765625,34.726444244384766,58.91436767578125,55.144981384277344,165.0746612548828,367.4441223144531
2021-05-07,243.25779724121094,127.28153228759766,148.03427124023438,52.345054626464844,143.4727783203125,121.58878326416016,91.22221374511719,64.94791412353516,47.62005615234375,126.98463439941406,32.217193603515625,52.77465057373047,116.49246978759766,75.60543060302734,212.05494689941406,46.81017303466797,44.10734939575195,304.1853942871094,142.9951171875,208.76458740234375,221.93099975585938,74.36912536621094,235.47000122070312,220.35467529296875,64.92191314697266,110.00297546386719,73.94343566894531,53.88294219970703,241.30506896972656,186.49737548828125,345.445068359375,150.81207275390625,37.762306213378906,55.90913772583008,41.9193115234375,332.2832336425781,154.79559326171875,75.9287109375,9.072160720825195,43.706329345703125,34.28030014038086,48.57672882080078,181.149169921875,344.358154296875,115.22064971923828,35.049217224121094,59.20588302612305,54.63373565673828,165.01953125,371.5057067871094
2021-05-10,238.17022705078125,123.99708557128906,149.58932495117188,52.47083282470703,143.4550018310547,123.85592651367188,90.84910583496094,64.7491226196289,47.9694938659668,127.99661254882812,32.44510269165039,51.21895217895508,117.06108093261719,75.37033081054688,214.10472106933594,46.5736083984375,44.302406311035156,305.8621826171875,145.9948272705078,210.72637939453125,223.4229278564453,75.41886901855469,232.92999267578125,218.97637939453125,65.16596984863281,109.99372863769531,74.58634948730469,54.100341796875,246.59906005859375,185.86753845214844,347.923095703125,150.5274658203125,37.64591979980469,56.69895553588867,41.973350524902344,330.3033142089844,155.5972442626953,74.86381530761719,8.9877347946167,44.171199798583984,35.306983947753906,48.49166488647461,180.00814819335938,347.3034362792969,116.41109466552734,35.56144714355469,59.7447624206543,55.30961227416992,164.81719970703125,368.8481750488281
2021-05-11,237.2548828125,123.07823944091797,148.36813354492188,50.80229187011719,141.07032775878906,123.24417114257812,88.46945190429688,64.16104125976562,47.45407485961914,127.06319427490234,32.02997970581055,50.367897033691406,115.49942016601562,73.0570297241211,211.17005920410156,46.28451156616211,43.902854919433594,296.48333740234375,143.4528045654297,209.10220336914062,220.37469482421875,74.60443115234375,228.8800048828125,218.6990203857422,63.89680862426758,109.485107421875,73.30052185058594,53.73242950439453,241.00941467285156,185.85794067382812,343.2149353027344,146.49581909179688,37.216190338134766,56.480499267578125,41.18071746826172,322.4551086425781,151.1471710205078,73.5218505859375,8.887954711914062,43.4738883972168,34.9072151184082,47.4027214050293,178.5089569091797,342.1933288574219,114.12373352050781,35.38602066040039,59.09103775024414,54.68572235107422,164.55982971191406,361.1206970214844
2021-05-12,230.28843688964844,120.00884246826172,147.77069091796875,51.07450866699219,140.10037231445312,121.93964385986328,89.02499389648438,64.60831451416016,47.20945739746094,125.82438659667969,32.30672836303711,49.06843948364258,113.1609115600586,72.173095703125,205.82443237304688,45.20689010620117,42.76714324951172,284.23516845703125,140.03762817382812,200.78042602539062,218.55123901367188,74.25151062011719,220.77999877929688,217.42483520507812,62.578861236572266,107.59854888916016,72.4404067993164,53.95819091796875,239.0322723388672,184.37876892089844,336.8430480957031,144.47525024414062,36.867034912109375,56.67374801635742,41.10866928100586,317.5096740722656,150.97537231445312,72.44828033447266,8.696073532104492,42.51207733154297,33.28087615966797,47.37718963623047,175.48565673828125,337.40838623046875,113.07778930664062,34.62820053100586,58.746517181396484,54.555747985839844,159.83421325683594,352.1020812988281
2021-05-13,234.1715087890625,122.15937042236328,149.31698608398438,50.445003509521484,143.7041778564453,123.90091705322266,88.45287322998047,65.17984771728516,47.62005615234375,127.69127655029297,32.64046096801758,49.42533493041992,115.45938873291016,73.48019409179688,207.47686767578125,45.98662567138672,43.49073791503906,291.78485107421875,143.2344970703125,204.96810913085938,221.0837860107422,75.34648895263672,222.63999938964844,218.4996795654297,63.311058044433594,108.61580657958984,73.21363830566406,54.3846435546875,243.91043090820312,186.86141967773438,343.170654296875,146.16383361816406,37.45792007446289,57.90048599243164,41.793212890625,321.4606018066406,154.4520263671875,73.46990966796875,8.864931106567383,43.393741607666016,33.60957717895508,46.50270080566406,179.62498474121094,343.8285827636719,113.73255157470703,35.16849899291992,59.31190490722656,55.4395866394043,163.6864013671875,356.323974609375
2021-05-14,239.1048583984375,124.5835952758789,149.54537963867188,51.69549560546875,145.9375762939453,124.16179656982422,90.76616668701172,64.84852600097656,47.81224822998047,127.88319396972656,32.575340270996094,50.65158462524414,115.86781311035156,74.18547821044922,209.23768615722656,46.34583282470703,43.893436431884766,290.179931640625,143.9175567626953,208.34027099609375,223.07296752929688,75.61795806884766,228.47000122070312,219.43365478515625,64.7266616821289,109.41112518310547,73.2657699584961,54.250850677490234,243.46697998046875,188.07879638671875,345.8345031738281,149.07608032226562,37.923458099365234,57.581199645996094,42.297611236572266,330.38385009765625,156.3007354736328,75.62569427490234,9.087512969970703,43.85060119628906,33.965667724609375,48.45746612548828,180.21633911132812,345.2686767578125,114.09821319580078,35.2807731628418,59.771270751953125,54.93701171875,164.6609344482422,361.8746032714844
2021-05-17,236.2430877685547,123.43012237548828,149.69473266601562,52.90346145629883,146.5248260498047,123.9098892211914,91.8772201538086,66.15725708007812,47.733619689941406,127.51680755615234,32.64860153198242,50.63328170776367,116.2121810913086,74.3641357421875,209.20156860351562,46.38087463378906,43.695228576660156,286.9341125488281,144.4315948486328,207.52474975585938,225.4304962158203,75.60892486572266,227.97999572753906,220.30662536621094,64.18971252441406,107.95922088623047,73.46558380126953,54.7358283996582,244.57571411132812,187.42698669433594,346.1354064941406,148.80096435546875,38.26365661621094,58.034915924072266,43.144290924072266,330.81396484375,156.62799072265625,76.26636505126953,9.325444221496582,44.323490142822266,34.13914489746094,49.983543395996094,180.14138793945312,346.4394226074219,113.63053131103516,35.231651306152344,59.75359344482422,54.40843963623047,165.45162963867188,361.4504699707031
2021-05-18,234.21969604492188,122.04206848144531,149.7474365234375,51.40626907348633,144.46047973632812,122.6413803100586,89.11595153808594,65.75137329101562,47.47153854370117,126.94100952148438,32.599761962890625,50.18487548828125,115.25115966796875,73.99740600585938,209.42730712890625,46.37211608886719,44.64532470703125,284.010986328125,142.96693420410156,203.721923828125,220.53123474121094,75.21073913574219,227.5500030517578,218.979736328125,63.311058044433594,108.18116760253906,76.98422241210938,54.8529052734375,243.1436767578125,186.5642852783203,342.6839599609375,147.02706909179688,37.74440002441406,57.85006332397461,42.207550048828125,326.6120910644531,154.29661560058594,75.29669189453125,9.317770957946777,44.29143142700195,33.965667724609375,49.11762237548828,178.2257843017578,342.49072265625,113.04378509521484,35.07728958129883,59.54041290283203,54.529747009277344,162.87733459472656,348.3891296386719
2021-05-19,234.7991485595703,121.88567352294922,149.42237854003906,50.17278289794922,143.3571014404297,122.89330291748047,86.61487579345703,65.73482513427734,47.32303237915039,126.8712387084961,32.420692443847656,50.66073226928711,114.6745376586914,74.04439544677734,207.82003784179688,45.96910858154297,44.648475646972656,281.9487609863281,142.66416931152344,202.80557250976562,218.13685607910156,75.30123138427734,224.4199981689453,217.03314208984375,63.89680862426758,107.62628936767578,77.5055160522461,54.81109619140625,242.45071411132812,188.3663787841797,341.1971740722656,146.78041076660156,37.574302673339844,57.55599594116211,41.58604049682617,321.0754089355469,153.65036010742188,74.50019073486328,9.294744491577148,43.93075180053711,33.23522186279297,47.65156173706055,178.52565002441406,344.6091613769531,112.73767852783203,34.69135284423828,59.00745391845703,54.243797302246094,162.13262939453125,337.7684631347656
2021-05-20,238.04412841796875,124.44674682617188,150.29212951660156,50.05369186401367,143.1079559326172,124.1528091430664,86.91700744628906,65.98331451416016,47.74236297607422,128.44154357910156,32.65673828125,51.200653076171875,115.22712707519531,74.0256118774414,209.65306091308594,46.302024841308594,44.8057746887207,283.2488708496094,143.04010009765625,203.54779052734375,216.40553283691406,76.09757995605469,227.64999389648438,219.9137725830078,63.750404357910156,108.93949127197266,77.38387298583984,56.02354049682617,240.82464599609375,191.2611846923828,343.657470703125,147.53932189941406,37.484779357910156,58.27018356323242,41.18973159790039,322.3297119140625,155.3518524169922,74.86381530761719,9.586405754089355,44.138916015625,33.198699951171875,47.4886589050293,178.1841583251953,345.59393310546875,112.82269287109375,35.10535430908203,58.74985885620117,54.503746032714844,163.17156982421875,334.7528076171875
2021-05-21,236.77899169921875,122.6090316772461,150.1955108642578,50.12174606323242,144.736328125,124.1528091430664,87.38700866699219,65.58570861816406,47.71615219116211,128.32814025878906,32.51837158203125,51.31962203979492,115.91584777832031,74.31713104248047,208.80429077148438,45.93406295776367,44.59498977661133,283.1322937011719,143.18902587890625,204.52828979492188,218.47756958007812,76.22429656982422,234.82000732421875,219.11068725585938,64.58020782470703,108.31986999511719,78.02678680419922,56.06534194946289,242.28439331054688,191.59669494628906,342.6839599609375,148.81044006347656,37.95927047729492,57.76604080200195,41.3248405456543,328.1351318359375,157.2006072998047,76.4828109741211,10.231128692626953,44.36527633666992,33.408695220947266,47.71156311035156,177.305419921875,344.2002258300781,112.5420913696289,35.08430099487305,59.49600601196289,54.70304870605469,164.06333923339844,339.0218200683594
2021-05-24,242.1969757080078,124.2414779663086,150.77011108398438,50.708717346191406,145.51931762695312,124.11681365966797,88.6291732788086,65.46147918701172,47.87339401245117,128.98243713378906,32.4044075012207,52.124916076660156,115.89983367919922,74.64627075195312,209.40924072265625,46.77511215209961,44.59813690185547,282.2984619140625,143.72108459472656,206.17771911621094,220.14443969726562,76.37812805175781,237.44000244140625,216.26498413085938,64.33615112304688,108.46784973144531,77.93990325927734,56.266029357910156,241.62841796875,192.68946838378906,343.11761474609375,150.48953247070312,38.165184020996094,56.65694046020508,41.64908981323242,329.953857421875,153.69122314453125,77.65162658691406,10.023895263671875,44.324851989746094,33.41782760620117,48.09737014770508,178.61090087890625,345.7983093261719,112.34650421142578,35.308837890625,59.17622756958008,54.63373565673828,165.09307861328125,338.6542663574219
2021-05-25,243.10482788085938,124.04595947265625,150.3546142578125,49.560298919677734,144.01559448242188,124.53966522216797,87.17720031738281,64.19414520263672,47.864654541015625,129.375,32.013702392578125,52.042564392089844,115.15506744384766,74.1290512084961,209.61692810058594,46.70503234863281,44.78060531616211,284.010986328125,143.08265686035156,205.2980194091797,218.41310119628906,76.5500717163086,240.74000549316406,211.2457275390625,64.04325866699219,109.49435424804688,77.06240844726562,55.82286071777344,239.84530639648438,190.96405029296875,341.4715270996094,149.8918914794922,37.61011505126953,55.64866256713867,41.51398468017578,326.56732177734375,153.31494140625,76.93302154541016,9.832015037536621,43.807472229003906,33.290000915527344,47.0514030456543,176.98741149902344,343.7635803222656,112.32951354980469,34.810630798339844,59.14958953857422,54.46043014526367,164.6609344482422,339.9076232910156
2021-05-26,242.8826904296875,123.99708557128906,149.46176147460938,50.13875961303711,143.997802734375,124.26074981689453,87.38700866699219,63.97051239013672,48.07432556152344,129.375,31.679967880249023,52.08831024169922,114.82669067382812,74.53339385986328,209.8065643310547,46.35458755493164,44.72712707519531,284.5310363769531,142.99046325683594,205.5087432861328,218.91046142578125,76.40528106689453,241.3699951171875,208.23414611816406,65.41004943847656,107.96845245361328,75.86347961425781,55.29606246948242,239.6512908935547,192.6606903076172,339.9493713378906,150.4326171875,37.6369743347168,55.749488830566406,41.793212890625,329.156494140625,153.39675903320312,77.35723876953125,10.668619155883789,42.04514694213867,33.2260856628418,47.514373779296875,178.928955078125,340.7253112792969,111.41963958740234,34.67731857299805,59.06075668334961,54.44309616088867,164.33917236328125,337.12762451171875
2021-05-27,240.77731323242188,122.46239471435547,149.23190307617188,49.81549835205078,146.2401123046875,121.43584442138672,86.45539855957031,62.88542556762695,48.4761962890625,127.81343841552734,31.460206985473633,52.829559326171875,115.17904663085938,74.27010345458984,212.0730438232422,46.363346099853516,44.57611083984375,285.82220458984375,144.16796875,211.9232177734375,222.1980743408203,75.73561096191406,250.6999969482422,205.4058837890625,70.04731750488281,106.98818969726562,75.08157348632812,54.944881439208984,239.75291442871094,190.94488525390625,342.83447265625,151.5330352783203,38.09354782104492,55.37137985229492,42.117462158203125,332.7132263183594,155.5972442626953,78.17974090576172,11.420792579650879,42.877803802490234,33.134788513183594,47.608673095703125,178.08372497558594,344.2002258300781,112.97574615478516,34.522953033447266,59.15846633911133,53.96650695800781,166.2147216796875,341.3401184082031
2021-05-28,241.13461303710938,121.80747985839844,149.62086486816406,49.65387725830078,146.14227294921875,121.31888580322266,87.11006164550781,62.860565185546875,48.30146789550781,129.0609130859375,31.525314331054688,52.271339416503906,115.1150131225586,74.04439544677734,212.36358642578125,46.34583282470703,44.68307876586914,285.94775390625,144.02610778808594,211.5933074951172,222.013916015625,75.81704711914062,247.02000427246094,207.70167541503906,68.63172912597656,107.87598419189453,75.09893798828125,54.95323944091797,239.15237426757812,191.46246337890625,340.5267639160156,151.9029541015625,37.950313568115234,55.54783248901367,42.081443786621094,334.4212341308594,156.5298309326172,78.74250030517578,11.1521577835083,42.57060241699219,33.76478958129883,47.78873062133789,179.590087890625,341.38232421875,111.07952117919922,34.536983489990234,59.096275329589844,54.469093322753906,165.23097229003906,340.2940673828125
2021-06-01,238.93264770507812,121.48489379882812,146.3323211669922,51.43178939819336,147.7528076171875,119.54656219482422,89.51041412353516,62.2724723815918,48.292728424072266,128.79046630859375,31.338096618652344,52.06086349487305,115.47541046142578,74.82490539550781,211.77342224121094,46.100521087646484,44.566673278808594,283.616455078125,144.13961791992188,213.46267700195312,223.56103515625,74.64061737060547,254.72999572753906,203.89576721191406,69.07106018066406,97.83282470703125,74.60372161865234,54.434818267822266,238.07139587402344,190.1971893310547,340.2773132324219,155.34645080566406,38.4248046875,54.88405227661133,42.56782531738281,343.7880554199219,156.3416748046875,79.74679565429688,11.367066383361816,42.71611785888672,34.0387077331543,49.95781326293945,178.4937744140625,341.1490783691406,110.55227661132812,34.635215759277344,60.33096694946289,54.29579544067383,166.17791748046875,343.6017150878906
2021-06-02,238.83607482910156,122.2473373413086,146.92462158203125,51.840118408203125,147.76165771484375,120.0683364868164,90.71060943603516,62.84400939941406,48.48493576049805,129.30520629882812,31.574153900146484,52.60077667236328,116.70068359375,75.4831771850586,212.2637176513672,46.39839172363281,44.469146728515625,282.32763671875,144.2034149169922,211.43753051757812,224.2056884765625,75.00260162353516,255.6199951171875,205.27499389648438,68.7781753540039,98.85932922363281,74.70799255371094,54.09199142456055,235.97415161132812,190.87777709960938,343.1016540527344,155.68798828125,38.44270706176758,55.48061752319336,42.162498474121094,344.6870422363281,157.7650604248047,80.30956268310547,11.443819046020508,43.516448974609375,34.65045166015625,50.57512283325195,177.3389129638672,342.6326599121094,111.17304229736328,34.74047088623047,60.33096694946289,55.01500701904297,165.8009796142578,336.1570129394531
2021-06-03,237.3004913330078,120.76154327392578,146.7831573486328,52.04426956176758,147.85951232910156,122.21853637695312,90.29935455322266,64.15911865234375,48.60723114013672,129.76658630371094,31.720672607421875,51.46603775024414,116.56456756591797,76.25426483154297,211.05612182617188,46.722557067871094,44.54779815673828,280.70513916015625,144.47299194335938,210.0263214111328,224.5556182861328,75.97090911865234,250.32000732421875,205.78125,68.7781753540039,100.9863510131836,75.63758850097656,54.18396759033203,237.4154052734375,194.29981994628906,345.11529541015625,156.06744384765625,38.883235931396484,55.85873031616211,41.847259521484375,349.43341064453125,156.66070556640625,80.82036590576172,12.272747993469238,44.27634811401367,35.14350128173828,50.98664474487305,177.39747619628906,341.9795227050781,111.17305755615234,34.929927825927734,60.624107360839844,55.28362274169922,166.3986053466797,338.230224609375
2021-06-04,242.20663452148438,123.05867767333984,146.72128295898438,52.273963928222656,148.0997772216797,122.3084945678711,91.0211410522461,64.33272552490234,49.13139724731445,129.9159393310547,31.8671817779541,52.500118255615234,118.06216430664062,77.94691467285156,211.9005126953125,47.370872497558594,44.62644577026367,280.3265686035156,146.1612091064453,210.80526733398438,224.7213897705078,75.9889907836914,249.9199981689453,206.75022888183594,68.14358520507812,101.069580078125,75.12499237060547,54.301025390625,233.6920928955078,193.64804077148438,351.1292419433594,156.52276611328125,38.901222229003906,56.65694046020508,42.297611236572266,351.8875427246094,159.0820770263672,81.3484878540039,12.257396697998047,44.34101104736328,35.25307083129883,51.31243896484375,176.26776123046875,352.2433166503906,112.00514221191406,34.92291259765625,61.08599853515625,55.48291778564453,167.6305389404297,336.0910339355469
2021-06-07,245.123291015625,123.06845092773438,145.72232055664062,51.933685302734375,147.40574645996094,122.73133850097656,90.43364715576172,63.19554901123047,48.956661224365234,129.83682250976562,31.73695945739746,52.24388122558594,118.54266357421875,78.93433380126953,210.3660430908203,47.23945236206055,44.32757568359375,279.38018798828125,144.5155487060547,209.100830078125,220.79832458496094,75.9256591796875,252.66000366210938,207.04701232910156,67.89952850341797,101.72618103027344,75.00337982177734,54.158878326416016,229.66647338867188,213.2984619140625,348.8216552734375,157.39552307128906,38.766357421875,56.64853286743164,42.43272399902344,348.92999267578125,159.87554931640625,80.69915008544922,12.188319206237793,44.10657501220703,35.58177947998047,51.278141021728516,178.1841583251953,346.9527893066406,112.44261169433594,35.428131103515625,60.9882926940918,55.21430587768555,165.47000122070312,334.95074462890625
2021-06-08,243.92575073242188,123.88955688476562,144.4404754638672,52.85240936279297,146.81846618652344,121.30988311767578,91.25615692138672,62.84832000732422,48.615966796875,128.62416076660156,31.622989654541016,52.16151809692383,119.38358306884766,79.56438446044922,211.22860717773438,47.423439025878906,43.99095153808594,280.22747802734375,144.41624450683594,210.58529663085938,221.1666717529297,75.04785919189453,252.75999450683594,206.72401428222656,67.85072326660156,99.78412628173828,74.55158996582031,53.26417922973633,228.10812377929688,211.5539093017578,346.1666564941406,157.9551544189453,38.550594329833984,56.724159240722656,41.98236083984375,345.8197021484375,160.30093383789062,80.33552551269531,11.996438026428223,43.653873443603516,35.50872802734375,51.843997955322266,175.53968811035156,346.2716979980469,111.27598571777344,35.00009536743164,61.05048370361328,54.75504684448242,164.6333465576172,336.03448486328125
2021-06-09,244.91078186035156,124.27078247070312,146.38536071777344,53.294769287109375,144.98548889160156,121.26490020751953,90.45883178710938,64.2719497680664,48.46745300292969,128.3869171142578,32.4044075012207,52.16151809692383,120.66495513916016,79.4797134399414,210.1663055419922,47.32706832885742,43.755001068115234,277.0186462402344,143.81332397460938,208.75262451171875,216.09242248535156,74.71299743652344,248.05999755859375,209.08087158203125,67.02088165283203,100.8476333618164,73.80440521240234,54.6856689453125,224.48133850097656,216.63424682617188,344.6252136230469,155.65953063964844,38.04713439941406,57.68202209472656,41.360862731933594,344.0937805175781,159.09024047851562,80.23163604736328,11.881308555603027,43.19308090209961,34.95176315307617,51.166683197021484,168.25897216796875,347.6619567871094,110.91570281982422,35.014129638671875,60.499732971191406,53.827877044677734,162.83140563964844,329.3907165527344
2021-06-10,248.4359130859375,123.27373504638672,147.7025604248047,53.37982940673828,142.72535705566406,122.16453552246094,90.98758697509766,66.09489440917969,48.84309768676758,129.70506286621094,33.11257553100586,52.50926208496094,120.56082916259766,77.39212799072266,212.99913024902344,48.21192932128906,44.006675720214844,277.8929748535156,144.0899200439453,207.3231658935547,207.87786865234375,75.65416717529297,248.33999633789062,213.55020141601562,66.53275299072266,101.86488342285156,74.28227233886719,56.349647521972656,222.292236328125,223.86178588867188,345.44488525390625,153.8950653076172,37.480743408203125,58.21977615356445,40.61327362060547,336.147216796875,156.8406524658203,79.37451171875,11.597322463989258,44.712886810302734,35.41741943359375,51.586795806884766,170.0498809814453,347.5779724121094,111.21593475341797,35.18253707885742,59.718074798583984,54.21780776977539,163.0887908935547,321.766845703125
2021-06-11,249.06365966796875,124.48583984375,145.82843017578125,52.88644027709961,142.6274871826172,121.32789611816406,90.56793975830078,66.2077407836914,49.061500549316406,129.78411865234375,32.6811637878418,52.939369201660156,121.15345764160156,77.95633697509766,215.12379455566406,47.98414611816406,44.28038024902344,280.11029052734375,143.86293029785156,206.34262084960938,203.24566650390625,75.68131256103516,247.27999877929688,211.91786193847656,66.82562255859375,101.6429443359375,74.25618743896484,56.307838439941406,224.3329315185547,214.80340576171875,345.44488525390625,156.05796813964844,37.633575439453125,57.7828483581543,41.14469909667969,339.8417663574219,158.65667724609375,79.69483947753906,11.727804183959961,44.712886810302734,35.34437942504883,51.415321350097656,170.0498809814453,349.9573059082031,111.29315185546875,34.9158935546875,58.62550354003906,54.17448043823242,163.21754455566406,321.88934326171875
2021-06-14,250.99517822265625,127.54544067382812,146.1908416748047,52.80137252807617,140.2071990966797,121.37288665771484,90.61829376220703,66.05890655517578,48.89426040649414,130.55746459960938,32.25789260864258,53.25050735473633,120.15239715576172,77.69303894042969,215.169189453125,47.4584846496582,44.220611572265625,278.8033447265625,142.83441162109375,204.5007781982422,201.68934631347656,75.48222351074219,245.13999938964844,210.5386199951172,65.7517318725586,102.1700668334961,73.51773071289062,56.266029357910156,222.2366180419922,216.73013305664062,346.6833190917969,155.39389038085938,37.184059143066406,57.85926818847656,40.66731262207031,335.2302551269531,158.45928955078125,78.54336547851562,11.413118362426758,44.00149154663086,35.06132507324219,51.70682144165039,168.2841033935547,347.3166809082031,111.10442352294922,34.33039093017578,57.93265914916992,54.28712844848633,161.2408905029297,316.206787109375
2021-06-15,249.51751708984375,126.72432708740234,145.41294860839844,54.723899841308594,138.08055114746094,121.1389389038086,92.5738296508789,66.27777862548828,48.77104568481445,130.56622314453125,32.2253303527832,53.06748962402344,119.61583709716797,76.771484375,214.59718322753906,47.12556076049805,44.04443359375,276.2164611816406,142.30238342285156,203.88685607910156,202.10374450683594,75.35554504394531,246.5399932861328,209.36895751953125,66.09342956542969,102.1053237915039,74.19538116455078,56.37473678588867,221.76356506347656,214.2570343017578,347.2981872558594,157.72755432128906,37.21103286743164,57.80832290649414,40.946529388427734,333.7739562988281,160.614501953125,78.52603912353516,11.512897491455078,43.84789276123047,34.57740783691406,52.44414138793945,169.33013916015625,349.90130615234375,110.84708404541016,34.20186233520508,57.41746520996094,53.84520721435547,162.13262939453125,318.6192321777344
2021-06-16,248.57110595703125,127.22284698486328,145.35989379882812,54.52824401855469,139.0504608154297,119.45657348632812,92.04508209228516,67.07451629638672,48.11969757080078,129.26568603515625,31.989280700683594,52.36284637451172,118.3904800415039,72.48341369628906,213.89804077148438,46.845211029052734,43.14780807495117,272.90850830078125,139.67779541015625,200.67050170898438,199.98562622070312,74.16099548339844,242.27000427246094,209.13328552246094,65.60530090332031,101.78164672851562,73.62197875976562,55.956642150878906,219.824951171875,211.6114044189453,341.774169921875,156.21920776367188,37.41781234741211,57.163089752197266,41.045616149902344,333.5043029785156,161.12452697753906,78.87237548828125,11.528247833251953,43.096073150634766,34.28522872924805,52.409847259521484,167.72340393066406,347.298095703125,110.56400299072266,33.82343292236328,56.840091705322266,52.98736572265625,160.63404846191406,317.16796875
2021-06-17,251.9706268310547,128.82598876953125,146.0582733154297,52.73332595825195,135.03738403320312,120.54518127441406,89.86292266845703,67.61736297607422,48.36615753173828,130.51348876953125,32.13579177856445,52.32624435424805,116.6045913696289,72.93477630615234,212.3544921875,46.547332763671875,43.3271369934082,273.21502685546875,138.42225646972656,198.1962890625,192.88540649414062,74.59538269042969,239.22000122070312,210.16326904296875,63.45750045776367,103.2335433959961,73.17888641357422,55.831214904785156,219.54669189453125,213.00132751464844,341.1505126953125,153.80023193359375,35.78156661987305,57.0697021484375,38.541629791259766,324.96453857421875,158.7224884033203,76.11053466796875,11.336365699768066,42.69187545776367,35.77351760864258,50.59225845336914,165.7400360107422,344.0229797363281,111.5848159790039,33.4664192199707,55.01026916503906,52.94402313232422,157.36105346679688,309.4593200683594
2021-06-18,250.55093383789062,127.52589416503906,143.1940155029297,51.38075637817383,131.62051391601562,118.78185272216797,86.47219848632812,67.07451629638672,47.327537536621094,127.78932189941406,31.590436935424805,50.944419860839844,114.61848449707031,71.68408966064453,208.486572265625,45.61866760253906,42.524906158447266,272.7552185058594,135.91114807128906,194.72335815429688,192.34205627441406,73.31937408447266,237.35000610351562,208.34764099121094,62.38359832763672,102.03134155273438,71.58900451660156,55.58037567138672,215.1685028076172,209.4929962158203,337.8450012207031,150.043701171875,34.86455535888672,56.55180358886719,37.604881286621094,313.574951171875,156.31228637695312,72.80326843261719,11.144482612609863,41.09931945800781,35.380897521972656,49.32339096069336,165.5057373046875,342.6140441894531,110.3924331665039,33.066566467285156,53.88216781616211,51.782894134521484,154.566162109375,310.0152893066406
2021-06-21,253.64146423339844,129.32452392578125,144.8383026123047,53.24372482299805,133.85394287109375,119.717529296875,89.0068588256836,67.1971206665039,47.84685134887695,128.79112243652344,32.086952209472656,51.12744903564453,117.44549560546875,73.33914947509766,211.4646759033203,46.59113311767578,42.911861419677734,277.2530212402344,138.47190856933594,197.9305877685547,196.34800720214844,73.6994857788086,245.27999877929688,209.70941162109375,64.38497161865234,103.057861328125,72.99642181396484,55.88139343261719,219.35186767578125,213.44223022460938,340.79412841796875,156.42788696289062,35.73661422729492,57.18007278442383,38.982967376708984,321.4046630859375,160.38418579101562,74.40493774414062,11.344038963317871,41.98046875,36.13874053955078,51.82685089111328,170.1502685546875,348.30584716796875,111.05296325683594,33.766319274902344,54.930320739746094,52.112178802490234,157.8023681640625,318.41192626953125
2021-06-22,256.4228515625,130.9667510986328,144.64381408691406,54.2645378112793,133.65817260742188,119.76246643066406,89.30062103271484,66.70679473876953,48.022891998291016,128.98448181152344,32.24161911010742,51.12744903564453,117.21324920654297,73.9880142211914,212.3544921875,46.661224365234375,43.11005783081055,281.8587951660156,138.42225646972656,197.46324157714844,196.2743377685547,73.56370544433594,243.77999877929688,209.4213409423828,63.60395431518555,102.61396026611328,72.81399536132812,55.13719177246094,218.91590881347656,212.2632293701172,340.7762756347656,156.0484619140625,35.93441390991211,56.92536163330078,39.217166900634766,321.3957214355469,161.23963928222656,74.19715118408203,11.443819046020508,41.85112762451172,36.36700439453125,52.11834716796875,171.8909454345703,347.63397216796875,111.627685546875,33.730613708496094,54.7526741027832,52.172828674316406,157.682861328125,322.38873291015625
2021-06-23,256.1910705566406,130.69302368164062,143.7686309814453,54.66435623168945,134.46791076660156,119.59153747558594,89.19149017333984,66.17272186279297,47.63560104370117,127.2884521484375,31.785791397094727,50.56922912597656,115.81175231933594,73.44257354736328,211.77342224121094,46.223167419433594,42.773433685302734,280.9214782714844,136.45021057128906,196.7027130126953,196.88217163085938,72.62257385253906,243.57000732421875,208.37380981445312,63.213417053222656,102.50297546386719,72.7444839477539,54.568603515625,216.05897521972656,208.1030731201172,336.18780517578125,157.49038696289062,36.14118576049805,56.58576202392578,39.595455169677734,324.5599060058594,161.67564392089844,74.34434509277344,11.835259437561035,42.10173416137695,35.78264617919922,52.09263229370117,170.73609924316406,345.4971923828125,111.7735366821289,33.57352828979492,54.41513442993164,51.306312561035156,156.00958251953125,327.71331787109375
2021-06-24,257.56243896484375,130.40953063964844,144.42279052734375,54.885520935058594,135.7047576904297,119.67251586914062,89.92169189453125,66.85562896728516,47.87324523925781,128.00904846191406,31.899738311767578,51.31046676635742,116.47644805908203,73.10404205322266,211.8551025390625,46.24069595336914,43.07229995727539,281.0746154785156,137.08868408203125,199.479248046875,201.99325561523438,72.90309143066406,250.57000732421875,210.3291473388672,64.18971252441406,103.29830169677734,72.77925109863281,55.06194305419922,217.76573181152344,223.31541442871094,336.544189453125,159.5678253173828,36.707576751708984,57.035728454589844,40.6943359375,331.4817199707031,163.0122528076172,75.39196014404297,11.71245288848877,42.11790466308594,35.74612045288086,52.63276672363281,172.47677612304688,344.9373779296875,112.43405151367188,33.86627197265625,54.79708480834961,51.25432205200195,155.85330200195312,330.4178771972656
2021-06-25,255.94956970214844,130.11631774902344,145.16542053222656,55.00462341308594,137.0750732421875,121.38185119628906,90.05596160888672,67.59107971191406,47.811641693115234,128.65931701660156,31.728811264038086,51.164039611816406,117.59766387939453,73.7811050415039,211.0288848876953,46.48600769042969,43.581966400146484,282.6880187988281,138.14556884765625,200.4413604736328,199.20286560058594,73.7175521850586,248.3800048828125,211.8393096923828,64.28740692138672,104.24159240722656,73.048583984375,55.80613708496094,219.92694091796875,220.67938232421875,340.3575439453125,160.744140625,37.41781234741211,57.63002014160156,41.77519607543945,331.49969482421875,164.32376098632812,76.5347671508789,11.65872573852539,42.166404724121094,35.8009033203125,52.564178466796875,172.06668090820312,348.3243408203125,114.14969635009766,34.00193405151367,54.59278106689453,51.670249938964844,153.72947692871094,329.8241882324219
2021-06-28,259.52294921875,131.74874877929688,144.99742126464844,53.601016998291016,137.32423400878906,121.74171447753906,87.27790832519531,67.29340362548828,47.758827209472656,129.21292114257812,31.84276580810547,52.60077667236328,116.3563232421875,73.81871795654297,209.82127380371094,46.39839172363281,43.44668960571289,283.27398681640625,139.38694763183594,198.6544952392578,199.16603088378906,73.9528579711914,239.9600067138672,211.9789276123047,62.968441009521484,106.99742889404297,73.08333587646484,55.5218391418457,222.6540069580078,218.76223754882812,338.6290588378906,156.31407165527344,37.363868713378906,57.477203369140625,41.24378204345703,331.4457092285156,164.7748565673828,75.9287109375,11.482194900512695,42.20683288574219,35.9378662109375,51.089534759521484,171.74868774414062,345.4318542480469,113.20610046386719,33.687767028808594,53.997642517089844,52.46745300292969,154.86033630371094,329.72991943359375
2021-06-29,262.11126708984375,133.26390075683594,145.0062713623047,53.269248962402344,137.1551513671875,120.91400909423828,87.08487701416016,67.5998306274414,47.40676498413086,129.1250457763672,31.82648277282715,51.932743072509766,116.56456756591797,73.44257354736328,209.1675262451172,46.35458755493164,43.19500732421875,286.8432312011719,139.0535125732422,197.88479614257812,198.08856201171875,73.52751159667969,235.75999450683594,211.6472625732422,63.945438385009766,108.39385986328125,72.5359878540039,55.41313552856445,219.54669189453125,219.86459350585938,332.7041015625,155.8113250732422,36.76151657104492,57.67247772216797,40.34305953979492,334.9605712890625,165.2259063720703,78.47410583496094,11.5205717086792,42.02898025512695,35.47220993041992,50.626556396484375,173.74038696289062,336.1944580078125,113.69503021240234,33.402156829833984,53.828880310058594,52.01686477661133,154.9706573486328,329.6732482910156
2021-06-30,261.62841796875,133.8797149658203,145.63392639160156,53.660560607910156,138.40087890625,121.39083862304688,87.90737915039062,68.09014129638672,47.62680435180664,130.20591735839844,31.875322341918945,51.3745231628418,117.39744567871094,73.19808197021484,209.73048400878906,46.43344497680664,44.36533737182617,287.42926025390625,140.89785766601562,201.0003662109375,200.41844177246094,73.6180191040039,239.55999755859375,212.77334594726562,65.75292205810547,107.21014404296875,72.49253845214844,55.87303924560547,219.89913940429688,220.00839233398438,337.0965881347656,156.740966796875,37.06718444824219,58.46205139160156,40.79342269897461,341.1722106933594,165.3762969970703,79.38318634033203,11.405442237854004,42.530189514160156,34.979156494140625,52.2126579284668,174.0417022705078,339.105712890625,114.75870513916016,34.044776916503906,53.828880310058594,52.79671859741211,156.08314514160156,333.24462890625
2021-07-01,262.30438232421875,134.18275451660156,146.71241760253906,53.81366729736328,139.7711944580078,121.66973114013672,89.14112854003906,68.28275299072266,47.49476623535156,130.23228454589844,32.20092010498047,51.25556182861328,117.59766387939453,74.79669189453125,210.89268493652344,46.81892395019531,43.830501556396484,289.8177185058594,141.22418212890625,202.16412353515625,199.57122802734375,73.97096252441406,239.72999572753906,215.52301025390625,65.85063171386719,108.34761810302734,71.43260955810547,56.066768646240234,221.04006958007812,221.55166625976562,338.7628173828125,158.7763214111328,37.34588623046875,58.69127655029297,40.90149688720703,337.0910339355469,167.02198791503906,79.66886138916016,11.443819046020508,39.37740707397461,34.81480407714844,53.910221099853516,175.92465209960938,343.01519775390625,114.53569030761719,34.151893615722656,53.92658233642578,52.18149948120117,156.28536987304688,334.7374572753906
2021-07-02,268.1474609375,136.812255859375,149.3822021484375,53.737117767333984,139.63694763183594,122.26354217529297,89.02362823486328,68.81682586669922,47.68840789794922,130.85623168945312,32.33928680419922,51.941890716552734,112.13583374023438,76.94073486328125,212.1275177001953,47.23356246948242,44.079044342041016,290.8632507324219,141.79165649414062,202.80557250976562,200.5381622314453,73.93475341796875,236.67999267578125,217.09423828125,65.26439666748047,109.16142272949219,71.61505126953125,56.395294189453125,220.78958129882812,224.26434326171875,339.89422607421875,160.260009765625,36.99526596069336,58.83561706542969,40.59525680541992,336.344970703125,170.04598999023438,79.67752838134766,11.45916748046875,38.94087600708008,35.03392791748047,53.79875946044922,177.02090454101562,344.4895324707031,115.24767303466797,33.937679290771484,53.85552215576172,52.18149948120117,156.90135192871094,333.0462341308594
2021-07-06,268.156982421875,138.825927734375,148.48934936523438,52.20590591430664,137.292236328125,122.33550262451172,87.27790832519531,68.3878173828125,47.42435836791992,131.049560546875,31.981143951416016,51.328765869140625,111.14275360107422,78.12561798095703,211.3285369873047,46.739532470703125,44.02555847167969,287.7626647949219,139.66363525390625,200.2764129638672,196.63351440429688,74.1790771484375,236.13999938964844,212.68601989746094,63.114990234375,109.88276672363281,70.52904510498047,56.142581939697266,218.20167541503906,225.66384887695312,337.3817443847656,161.26820373535156,36.02431106567383,58.08000564575195,39.17212677001953,332.47955322265625,170.10446166992188,78.1018295288086,11.129133224487305,38.56092071533203,34.157405853271484,51.68110275268555,176.82005310058594,343.043212890625,115.4964370727539,33.32361602783203,52.807369232177734,51.85221862792969,155.38436889648438,330.16455078125
2021-07-07,270.3492736816406,141.3185577392578,149.76231384277344,51.389259338378906,137.4532470703125,123.25315856933594,86.38825988769531,68.78181457519531,47.811641693115234,131.62953186035156,32.02997970581055,51.20980453491211,111.97563934326172,80.95610046386719,213.0354766845703,46.986541748046875,43.95319366455078,291.5662841796875,141.7703399658203,202.27407836914062,197.71095275878906,74.80351257324219,231.77999877929688,212.31068420410156,63.4080924987793,110.85379028320312,70.66805267333984,56.555328369140625,218.8417205810547,226.0472869873047,341.667236328125,162.6187744140625,35.73661422729492,58.03755187988281,39.091064453125,330.5108947753906,171.156982421875,77.94596862792969,10.92189884185791,38.39116668701172,34.367401123046875,50.59225845336914,179.30552673339844,346.4116516113281,116.42290496826172,33.40929412841797,53.207088470458984,52.32880401611328,158.40916442871094,332.4604797363281
2021-07-08,267.9252624511719,140.01844787597656,149.47061157226562,51.15957260131836,135.08172607421875,123.23515319824219,86.11131286621094,68.3965835571289,47.64440155029297,131.6910400390625,31.94858741760254,50.68818664550781,112.71245574951172,80.48592376708984,211.41021728515625,46.986541748046875,43.91544723510742,287.11370849609375,140.64251708984375,200.97283935546875,195.3350067138672,74.51392364501953,236.77000427246094,213.23594665527344,62.87074279785156,110.28966522216797,69.69502258300781,56.17627716064453,214.64907836914062,227.2933807373047,338.4953308105469,159.3089599609375,34.86455535888672,57.46872329711914,38.1182861328125,322.6632080078125,166.5708770751953,75.87677764892578,10.791420936584473,37.7686767578125,34.586544036865234,50.76374053955078,177.47280883789062,345.1800231933594,116.06259155273438,33.15224838256836,52.52311706542969,52.13653564453125,155.34759521484375,324.6184997558594
2021-07-09,268.42742919921875,141.8463897705078,150.06289672851562,52.0868034362793,139.4042510986328,123.28015899658203,87.34505462646484,68.28275299072266,47.93486022949219,131.35714721679688,32.24161911010742,51.23725891113281,113.33712768554688,82.52649688720703,213.98883056640625,47.410003662109375,44.138816833496094,290.3134460449219,142.57901000976562,205.5729217529297,200.22509765625,74.59538269042969,239.58999633789062,214.03907775878906,64.28740692138672,110.73355865478516,70.65069580078125,56.57218551635742,217.8863067626953,225.25172424316406,341.33758544921875,163.53179931640625,35.99734115600586,57.91869354248047,39.55043029785156,334.1875,171.4159698486328,78.20570373535156,11.11378288269043,38.32648468017578,34.94263458251953,51.55250930786133,179.02102661132812,346.9341125488281,115.82240295410156,33.84485626220703,53.580162048339844,52.171504974365234,157.5908966064453,330.1929016113281
2021-07-12,267.8287048339844,141.25013732910156,149.82418823242188,52.035770416259766,141.3999786376953,123.37908935546875,87.52128601074219,67.89752960205078,47.95246505737305,131.3834991455078,32.36370849609375,51.91444778442383,112.85660552978516,81.88706970214844,213.92527770996094,46.9600830078125,44.06016540527344,289.99798583984375,141.85546875,206.19606018066406,201.29335021972656,75.04785919189453,238.2899932861328,213.3145294189453,64.04314422607422,109.87350463867188,71.08507537841797,56.85858154296875,218.1831512451172,226.22940063476562,337.7380676269531,165.110595703125,36.527767181396484,57.79133605957031,39.775604248046875,342.044189453125,176.34458923339844,80.30088806152344,11.213561058044434,38.43965530395508,34.979156494140625,51.26957321166992,178.52725219726562,345.5437927246094,115.54789733886719,33.909114837646484,53.2959098815918,51.79573059082031,158.20687866210938,334.72802734375
2021-07-13,271.3634338378906,142.364501953125,149.6385498046875,51.78907012939453,139.29689025878906,123.22616577148438,87.22755432128906,67.95005798339844,48.427772521972656,134.41519165039062,32.27417755126953,52.042564392089844,112.34407043457031,81.87765502929688,214.43373107910156,47.03947830200195,44.22691345214844,285.7706604003906,141.58595275878906,205.33468627929688,198.1714630126953,74.78541564941406,228.1999969482422,213.7161102294922,62.968441009521484,109.72554016113281,70.94607543945312,56.80804443359375,218.49851989746094,225.54884338378906,336.6421813964844,164.17855834960938,35.83550262451172,57.74039840698242,38.93793869018555,337.9810791015625,171.60812377929688,80.69915008544922,11.067731857299805,38.253726959228516,34.7600212097168,50.978057861328125,176.80332946777344,342.8006286621094,115.23908996582031,33.445003509521484,52.62083435058594,51.67338562011719,156.23941040039062,331.41168212890625
2021-07-14,272.84100341796875,145.79551696777344,150.6551971435547,50.64065170288086,138.82252502441406,124.13480377197266,85.58255004882812,67.95880889892578,49.519195556640625,135.80361938476562,32.51837158203125,51.72226333618164,111.97563934326172,83.32173156738281,215.30538940429688,47.718788146972656,44.532066345214844,287.7265930175781,143.87713623046875,208.71600341796875,194.90216064453125,75.3193359375,224.4499969482422,213.6025848388672,62.57763671875,108.76937866210938,71.60637664794922,57.17867660522461,218.9251708984375,226.55532836914062,335.7333984375,164.08346557617188,34.93647766113281,57.67247772216797,40.487178802490234,336.5606994628906,170.1545867919922,80.04981994628906,10.937250137329102,37.89802932739258,34.988277435302734,49.443416595458984,177.02090454101562,339.5815124511719,116.01111602783203,33.95909881591797,52.21223068237305,51.79573059082031,156.37730407714844,326.4986877441406
2021-07-15,271.4117126464844,145.14059448242188,148.8429412841797,50.14726638793945,139.1268310546875,125.19641876220703,85.02023315429688,68.20396423339844,49.67763137817383,136.42755126953125,32.63232421875,51.07253646850586,112.48018646240234,81.39630889892578,215.07838439941406,47.33061599731445,44.566673278808594,290.87225341796875,143.7069091796875,213.3343505859375,194.6903839111328,75.68131256103516,222.75999450683594,215.28733825683594,62.3333854675293,108.29595947265625,71.30226135253906,56.79960632324219,217.89559936523438,221.8775177001953,337.00750732421875,164.39727783203125,34.909507751464844,57.98661804199219,40.53220748901367,335.6168212890625,170.77272033691406,80.19701385498047,10.753046989440918,37.38873291015625,35.463069915771484,48.93758010864258,178.13394165039062,339.7494812011719,116.7831802368164,33.909114837646484,52.425418853759766,52.241416931152344,157.65525817871094,326.99945068359375
2021-07-16,271.14129638671875,143.0976104736328,148.60423278808594,48.76067352294922,135.94979858398438,126.41091918945312,82.77092742919922,68.30902862548828,49.64242172241211,136.92843627929688,32.843955993652344,50.30384063720703,111.23885345458984,82.57611083984375,213.14439392089844,47.37472152709961,44.535213470458984,289.8177185058594,141.42276000976562,211.0618438720703,191.50404357910156,76.36907958984375,217.74000549316406,216.44827270507812,61.30752182006836,109.08501434326172,70.99819946289062,56.690120697021484,216.893798828125,222.82655334472656,336.0185241699219,161.69615173339844,34.091373443603516,58.26677703857422,39.883689880371094,327.93096923828125,169.92068481445312,79.00223541259766,10.44603443145752,37.202796936035156,35.9378662109375,47.582969665527344,176.217529296875,338.52716064453125,118.82476043701172,33.78059005737305,51.7059211730957,52.47736358642578,156.47840881347656,323.5886535644531
2021-07-19,267.5292053222656,139.24624633789062,147.52574157714844,47.084842681884766,131.5288543701172,126.34798431396484,80.53839111328125,67.45974731445312,49.05269241333008,136.91087341308594,32.6811637878418,50.00185775756836,110.45404052734375,82.09476470947266,208.15968322753906,46.81010055541992,44.431396484375,287.4111328125,140.1388702392578,202.20077514648438,188.02279663085938,75.9889907836914,206.99000549316406,215.37461853027344,58.62073516845703,110.27325439453125,70.08596801757812,55.8983039855957,211.1428680419922,224.43687438964844,331.456787109375,154.84828186035156,33.20133590698242,57.92718505859375,38.775814056396484,318.86962890625,164.93357849121094,77.35723876953125,10.1927490234375,36.847103118896484,37.49918746948242,46.03973388671875,176.9204864501953,331.2398986816406,119.27082824707031,33.40929412841797,51.03084182739258,53.071617126464844,152.38719177246094,316.4648132324219
2021-07-20,269.7602233886719,142.863037109375,148.91366577148438,47.6037483215332,133.98092651367188,125.6732177734375,81.01679992675781,66.6893081665039,49.140724182128906,136.92843627929688,33.41374206542969,50.55091857910156,112.09575653076172,83.6803970336914,212.7086181640625,47.268856048583984,44.63273620605469,293.2519226074219,142.45132446289062,210.44789123535156,192.54098510742188,75.23384094238281,217.14999389648438,215.51429748535156,62.040279388427734,110.21754455566406,71.06771087646484,56.2015495300293,215.21490478515625,225.28045654296875,338.54888916015625,160.61192321777344,33.884605407714844,58.71674728393555,40.388092041015625,327.89495849609375,170.64747619628906,79.9286117553711,10.676292419433594,37.23513412475586,37.04266357421875,46.69989013671875,177.7991943359375,335.87725830078125,118.14710998535156,33.70919418334961,51.5460319519043,52.36376190185547,145.7125244140625,328.8229064941406
2021-07-21,271.7689514160156,142.12989807128906,149.83306884765625,49.13496017456055,136.79998779296875,125.23236846923828,83.7780532836914,66.88189697265625,49.77444839477539,136.41876220703125,33.389320373535156,51.45689392089844,113.1609115600586,84.65253448486328,214.21580505371094,47.53352355957031,44.41252899169922,294.1621398925781,142.41587829589844,212.45468139648438,195.1055908203125,74.76982116699219,222.5399932861328,213.73355102539062,63.89658737182617,110.44961547851562,72.16239166259766,56.57218551635742,216.65267944335938,227.45635986328125,339.35968017578125,164.0739288330078,34.576866149902344,58.08000564575195,41.252777099609375,335.7516174316406,173.22036743164062,82.83761596679688,10.89120101928711,37.72825622558594,36.622650146484375,48.88613510131836,177.79080200195312,337.26751708984375,116.18268585205078,33.79486846923828,51.60820770263672,51.55104064941406,146.8893280029297,333.51861572265625
2021-07-22,276.3468017578125,143.4984130859375,150.2662353515625,48.5820198059082,135.07275390625,124.75257110595703,82.93877410888672,67.00448608398438,49.704036712646484,136.37481689453125,33.7556037902832,51.20980453491211,112.68841552734375,85.59639739990234,216.70362854003906,48.11577224731445,44.4439811706543,294.4326477050781,141.20997619628906,213.2702178955078,193.6520233154297,74.4604721069336,220.8699951171875,213.63751220703125,62.040279388427734,109.77195739746094,72.22358703613281,57.246055603027344,215.41897583007812,228.60662841796875,338.5043029785156,162.54266357421875,34.127349853515625,58.28376388549805,40.55923080444336,335.0414733886719,171.5579833984375,82.74239349365234,10.676292419433594,37.5827522277832,36.275691986083984,48.5860595703125,178.443603515625,335.2147521972656,115.76235961914062,33.552101135253906,50.99531173706055,51.38499450683594,147.56045532226562,331.9407653808594
2021-07-23,279.7559814453125,145.2187957763672,151.86627197265625,48.52248001098633,134.81326293945312,126.55416107177734,82.97235107421875,67.88876342773438,50.1793327331543,138.12355041503906,33.926544189453125,48.501060485839844,113.19294738769531,82.76486206054688,220.5988006591797,48.72450256347656,44.80891799926758,300.0029296875,142.21726989746094,210.1363067626953,193.99461364746094,75.77063751220703,221.52000427246094,216.23880004882812,62.0891227722168,112.1391372680664,72.78298950195312,57.56614303588867,216.01263427734375,234.03207397460938,339.252685546875,164.71115112304688,33.89360046386719,58.59789276123047,40.16291046142578,336.2460632324219,173.21200561523438,81.85929107666016,10.607215881347656,37.615089416503906,36.42178726196289,47.80854034423828,177.1129608154297,337.1275329589844,116.37141418457031,33.909114837646484,51.528263092041016,51.909332275390625,149.78536987304688,335.1248474121094
2021-07-26,279.1571350097656,145.63917541503906,151.93701171875,49.74745178222656,135.71713256835938,126.99774932861328,84.72647094726562,67.6260986328125,50.22334671020508,138.0269317626953,34.0323600769043,49.69986343383789,114.33818054199219,82.9253158569336,221.5249481201172,48.93623352050781,44.8718376159668,298.5066833496094,143.05429077148438,210.07217407226562,195.3833770751953,76.5075912475586,225.85000610351562,213.93429565429688,63.114990234375,110.95091247558594,72.43335723876953,57.018638610839844,211.89422607421875,233.13104248046875,327.9196472167969,164.1690216064453,34.280174255371094,58.36865234375,40.54121398925781,337.9091491699219,172.2763671875,83.58220672607422,10.76839542388916,38.19713592529297,36.33047866821289,49.13032531738281,175.62339782714844,334.28173828125,115.89102172851562,33.99480056762695,51.91021728515625,51.83942794799805,151.6425018310547,335.8429260253906
2021-07-27,276.7331237792969,143.46908569335938,152.63536071777344,49.19451904296875,135.5381317138672,127.5137710571289,84.44110107421875,68.1601791381836,50.399383544921875,138.7914276123047,34.268409729003906,48.6657829284668,114.32217407226562,82.86869812011719,223.6768035888672,48.768611907958984,44.87498474121094,294.973388671875,142.20303344726562,211.08934020996094,194.33712768554688,76.38021850585938,222.27000427246094,213.5851287841797,63.89658737182617,111.22010040283203,73.10637664794922,56.85015869140625,212.30235290527344,233.48570251464844,333.871337890625,164.48289489746094,34.14532470703125,58.521480560302734,40.6583137512207,336.9562072753906,169.9039764404297,83.53024291992188,10.584189414978027,37.84952163696289,36.54960250854492,48.663814544677734,163.34664916992188,337.9580078125,116.87752532958984,34.123329162597656,52.27440643310547,52.04042434692383,151.8263702392578,334.00994873046875
2021-07-28,276.424072265625,141.7193145751953,152.21107482910156,49.52627944946289,135.76185607910156,125.62167358398438,84.91950225830078,68.5804443359375,49.94169235229492,137.5172119140625,35.36728286743164,48.56512451171875,113.53730773925781,82.28352355957031,219.52737426757812,48.31868362426758,44.692508697509766,293.40509033203125,140.6495819091797,211.20846557617188,195.7629852294922,75.67965698242188,231.57000732421875,213.2097625732422,64.1408462524414,111.87921142578125,72.8092041015625,57.89467239379883,210.7904052734375,236.29432678222656,332.16070556640625,161.70570373535156,34.280174255371094,59.4808464050293,40.99156951904297,336.40789794921875,169.452880859375,83.17527770996094,10.63791561126709,38.08396530151367,36.54960250854492,49.0007438659668,160.7104949951172,336.0078125,115.71089172363281,34.00193405151367,52.0878791809082,51.402462005615234,150.18072509765625,334.0477294921875
2021-07-29,276.69451904296875,142.364501953125,152.21107482910156,50.130252838134766,136.92527770996094,126.27352905273438,86.08611297607422,67.35469818115234,50.214542388916016,137.7984161376953,35.14552688598633,49.14165115356445,113.66545867919922,82.70823669433594,221.56126403808594,48.58334732055664,44.749149322509766,295.1265869140625,140.57154846191406,213.39854431152344,196.79994201660156,75.9889907836914,231.6300048828125,211.6472625732422,64.92247009277344,112.4083480834961,72.59941864013672,57.40611267089844,212.3673095703125,235.16319274902344,331.9735412597656,163.5413360595703,34.774654388427734,59.28558349609375,41.88327407836914,339.392333984375,170.37176513671875,83.96891021728516,11.044705390930176,38.02737808227539,37.17961883544922,49.31174850463867,160.51805114746094,341.18646240234375,116.81745910644531,34.70168685913086,52.940608978271484,51.48112106323242,149.730224609375,339.943359375
2021-07-30,275.1588439941406,142.5795440673828,152.22874450683594,48.97334671020508,135.83346557617188,128.76315307617188,85.44823455810547,67.30216979980469,50.19693374633789,137.92141723632812,35.161949157714844,49.159950256347656,112.88864135742188,82.24575805664062,220.371826171875,48.8480110168457,44.84667205810547,295.8116455078125,140.4084014892578,214.2323760986328,191.42071533203125,72.33148193359375,226.47999572753906,210.84413146972656,63.261539459228516,112.30623626708984,71.98757934570312,57.17026138305664,212.86817932128906,233.40899658203125,331.14495849609375,162.1907196044922,34.48696517944336,57.97813415527344,41.37887954711914,336.9921569824219,170.54718017578125,83.70728302001953,10.706993103027344,38.11629867553711,37.16135787963867,48.430564880371094,160.14149475097656,338.7231140136719,116.42290496826172,34.30183029174805,53.047210693359375,51.43743133544922,150.33700561523438,341.6345520019531
2021-08-02,275.07196044921875,142.24720764160156,152.2906036376953,48.98185348510742,135.28753662109375,128.4462432861328,85.29718017578125,66.69803619384766,50.06491470336914,137.3678741455078,36.106502532958984,49.12335205078125,113.25702667236328,82.67992401123047,218.0019989013672,48.91859817504883,44.74285125732422,294.9373474121094,140.1104736328125,212.97695922851562,189.9486083984375,72.36788177490234,225.33999633789062,209.3165740966797,61.42963409423828,112.25053405761719,72.03128814697266,57.296607971191406,212.73828125,236.3805694580078,328.1424255371094,160.99237060546875,34.127349853515625,58.02906799316406,41.24378204345703,339.9676208496094,172.2847442626953,83.9253158569336,10.676292419433594,37.857608795166016,37.44440460205078,47.84309768676758,160.62684631347656,337.6221008300781,115.52218627929688,34.08047866821289,52.727420806884766,51.88311767578125,150.13478088378906,336.30584716796875
2021-08-03,277.2932434082031,144.04579162597656,154.1647491455078,49.5092658996582,136.8268585205078,130.32028198242188,86.11131286621094,66.8994140625,50.10012435913086,137.67539978027344,37.51921844482422,49.47108459472656,115.3792953491211,84.6997299194336,215.14193725585938,49.624359130859375,45.2462158203125,299.19171142578125,142.6002960205078,213.18775939941406,193.04095458984375,72.25869750976562,229.08999633789062,213.0614013671875,62.931793212890625,113.364501953125,73.42103576660156,58.38323974609375,217.01438903808594,245.38143920898438,329.1669616699219,160.7736358642578,34.65777587890625,59.28558349609375,42.180519104003906,341.9183349609375,175.14169311523438,84.24800872802734,10.760720252990723,38.39116668701172,38.91442108154297,48.93162536621094,162.47630310058594,340.0480041503906,116.35427856445312,34.123329162597656,53.1093864440918,51.90058898925781,152.27688598632812,345.6689147949219
2021-08-04,276.7041320800781,143.64501953125,153.2541961669922,48.35234832763672,135.35020446777344,128.9441680908203,84.18093872070312,66.08516693115234,49.37836456298828,135.373046875,37.11676025390625,49.324668884277344,114.33019256591797,84.99231719970703,213.21707153320312,49.13032150268555,44.93790817260742,297.7225341796875,140.1175994873047,210.38368225097656,189.3560333251953,71.19418334960938,226.6300048828125,199.29550170898438,62.84019470214844,112.85391998291016,71.27958679199219,57.692501068115234,214.71400451660156,251.59295654296875,322.2085876464844,159.84158325195312,34.40605163574219,58.78468322753906,41.56803512573242,339.6709899902344,175.28372192382812,83.9776382446289,10.2234525680542,37.62317657470703,38.27528762817383,47.454345703125,159.66445922851562,333.33929443359375,114.6900863647461,33.580665588378906,52.185577392578125,50.362545013427734,150.60360717773438,340.765380859375
2021-08-05,279.6111145019531,143.75254821777344,153.5459442138672,48.65858840942383,137.0595245361328,129.00759887695312,84.96147918701172,66.18147277832031,49.730430603027344,135.60153198242188,37.00998306274414,49.635982513427734,114.33818054199219,84.40714263916016,214.66075134277344,49.192073822021484,45.7716064453125,300.2463073730469,140.30909729003906,210.64947509765625,191.82806396484375,71.78558349609375,229.94000244140625,204.25364685058594,62.907379150390625,113.44803619384766,69.96849822998047,57.633544921875,191.2742919921875,253.24159240722656,321.44232177734375,161.3347930908203,35.080318450927734,58.83561706542969,42.508846282958984,345.4601135253906,177.3219757080078,85.32073211669922,10.522788047790527,37.93844985961914,38.22963333129883,48.33552932739258,159.3547821044922,334.7109680175781,114.44132995605469,33.81629180908203,52.22999572753906,50.318843841552734,149.81295776367188,344.2138977050781
2021-08-06,279.55316162109375,143.06727600097656,153.033203125,49.22003936767578,140.95248413085938,128.02078247070312,85.56576538085938,66.0501480102539,49.85366439819336,135.61911010742188,37.0181999206543,49.663612365722656,115.3952865600586,84.4920883178711,214.51547241210938,49.042091369628906,45.6898078918457,297.29888916015625,140.54318237304688,210.4662322998047,192.90206909179688,71.5399169921875,231.3300018310547,200.9016876220703,63.823341369628906,113.41089630126953,71.01737976074219,57.38084030151367,194.1405029296875,252.522705078125,322.5738220214844,162.9801788330078,36.09623336791992,58.39413070678711,44.11909866333008,357.6766662597656,178.7671661376953,86.97779083251953,10.591864585876465,38.07588195800781,38.120059967041016,48.81068420410156,161.17918395996094,337.8739929199219,114.30408477783203,33.809146881103516,53.55350875854492,50.572269439697266,150.98976135253906,346.6326599121094
2021-08-09,278.4618225097656,143.01832580566406,153.56361389160156,48.65858840942383,140.80038452148438,128.7178497314453,84.13895416259766,65.94508361816406,49.862464904785156,135.63665771484375,37.765628814697266,49.78335952758789,114.42323303222656,84.85076141357422,213.08084106445312,48.93623352050781,45.799922943115234,296.325439453125,140.046630859375,209.1374969482422,193.4020233154297,71.27606964111328,232.27000427246094,198.92889404296875,63.32870864868164,114.3299331665039,71.36700439453125,56.75749206542969,195.8565216064453,256.0884704589844,321.6739501953125,162.42852783203125,36.563720703125,58.1224479675293,44.01054763793945,359.4654846191406,180.07867431640625,87.8586196899414,10.553488731384277,38.350730895996094,38.60398864746094,47.90357208251953,159.82347106933594,336.8290100097656,115.1618881225586,33.901973724365234,53.7933464050293,50.99174499511719,151.5987548828125,348.9379577636719
2021-08-10,276.6365661621094,142.5386505126953,153.61666870117188,49.49224853515625,142.527587890625,128.79933166503906,85.67485809326172,65.83126831054688,49.99449157714844,135.7069854736328,39.580806732177734,49.68204116821289,114.52853393554688,84.60535430908203,211.96408081054688,49.05974578857422,46.77519226074219,298.7770690917969,141.33766174316406,212.48216247558594,198.19801330566406,71.63092041015625,235.77999877929688,198.989990234375,64.77592468261719,113.90291595458984,72.75675964355469,56.75749206542969,195.6709747314453,258.28363037109375,322.7431335449219,161.20159912109375,37.24699020385742,58.78468322753906,44.897090911865234,366.73785400390625,181.5154571533203,88.9924087524414,10.607215881347656,39.15105438232422,39.060516357421875,48.793399810791016,159.51380920410156,338.40582275390625,114.85307312011719,34.35182189941406,54.54837417602539,51.11408233642578,154.4221954345703,355.8350524902344
2021-08-11,277.12908935546875,142.7931671142578,153.64320373535156,49.636863708496094,144.2279815673828,129.11619567871094,86.32112121582031,65.8487777709961,49.93288803100586,136.24301147460938,38.03667068481445,49.866249084472656,115.13609313964844,84.59590148925781,213.8708038330078,49.280296325683594,47.193607330322266,303.75250244140625,142.98336791992188,214.58973693847656,205.2252197265625,71.9675521850586,239.49000549316406,199.13836669921875,64.75149536132812,112.7518081665039,74.25139617919922,56.327903747558594,195.99563598632812,253.1553497314453,323.6875305175781,162.3239288330078,37.71449661254883,59.294071197509766,45.82886505126953,372.0596008300781,181.43197631835938,90.59712219238281,10.691643714904785,40.19389724731445,39.261383056640625,49.406768798828125,161.01177978515625,341.59686279296875,115.11043548583984,34.3946533203125,54.628318786621094,51.60346603393555,157.03343200683594,364.7729797363281
2021-08-12,279.89117431640625,145.7594757080078,154.8808135986328,49.52459716796875,144.79176330566406,129.4149627685547,86.14485931396484,66.57546997070312,50.02970504760742,136.26939392089844,38.80052947998047,49.31361770629883,115.8975601196289,84.76580810546875,214.88766479492188,49.74786376953125,47.06730270385742,301.0664978027344,142.88401794433594,213.3845672607422,203.9104766845703,71.68550109863281,238.17999267578125,199.15582275390625,65.0445785522461,114.00502014160156,74.41747283935547,56.395294189453125,194.49298095703125,253.36691284179688,320.5246276855469,160.27906799316406,37.89429473876953,60.17702102661133,46.27214050292969,373.0573425292969,180.0953826904297,91.28610229492188,10.668619155883789,39.87053298950195,39.123748779296875,49.27719497680664,162.0494842529297,339.5068664550781,115.18760681152344,34.358951568603516,54.91255187988281,51.516082763671875,157.21795654296875,364.33843994140625
2021-08-13,282.8271179199219,145.96502685546875,155.8090362548828,49.023746490478516,143.1719512939453,130.03964233398438,85.57413482666016,67.17084503173828,50.37297821044922,137.5435791015625,39.81900405883789,49.2675666809082,115.98664093017578,85.30377960205078,216.83985900878906,49.81843948364258,47.21571350097656,298.63287353515625,142.28111267089844,213.21893310546875,202.36434936523438,72.27688598632812,234.4600067138672,200.4914093017578,64.06756591796875,114.23710632324219,73.73571014404297,56.86700439453125,195.3556365966797,254.07852172851562,318.9476318359375,157.95835876464844,37.42680358886719,60.41474914550781,45.5665283203125,369.263916015625,179.47720336914062,90.64945220947266,10.430684089660645,39.846282958984375,39.27973937988281,48.35280990600586,162.3340301513672,338.8070373535156,117.07481384277344,34.70168685913086,55.42775344848633,52.29384231567383,156.65513610839844,362.8078308105469
2021-08-16,284.51727294921875,147.94256591796875,157.21463012695312,48.30699157714844,142.23223876953125,130.9449462890625,84.7012710571289,68.230224609375,50.593021392822266,138.8881072998047,40.172176361083984,49.249141693115234,116.31881713867188,85.71905517578125,218.7919921875,49.65082550048828,47.60094451904297,301.9948425292969,143.51536560058594,215.04055786132812,201.56805419921875,72.58623504638672,229.05999755859375,203.2623291015625,63.10889434814453,115.72240447998047,74.63599395751953,57.85255813598633,195.62464904785156,259.5887451171875,320.9701232910156,157.64453125,37.12113571166992,60.88169479370117,44.69807052612305,367.0794677734375,180.5297393798828,90.45760345458984,10.330904006958008,39.72501754760742,39.86695861816406,47.350685119628906,164.919921875,343.9482727050781,118.86766815185547,34.55174255371094,55.67646408081055,52.54728317260742,156.29525756835938,361.8913879394531
2021-08-17,283.0492248535156,147.0321502685547,158.6555938720703,47.97884750366211,140.51394653320312,131.16221618652344,84.54181671142578,69.01819610595703,50.4169807434082,138.7562713623047,41.412410736083984,48.53070831298828,115.3709945678711,85.84175872802734,218.1654510498047,49.412635803222656,47.58515548706055,289.1056823730469,141.55047607421875,212.93377685546875,197.6146697998047,72.81368255615234,222.22000122070312,203.37664794921875,62.052490234375,116.67854309082031,75.57997131347656,58.088417053222656,195.2535858154297,262.2525634765625,322.1729431152344,156.5982666015625,36.94131851196289,62.00238037109375,44.06482696533203,364.04107666015625,177.78976440429688,89.71627044677734,9.97016716003418,39.72501754760742,41.69285202026367,47.10014724731445,165.49734497070312,343.9576416015625,119.42523193359375,34.67313003540039,54.9258918762207,53.18522644042969,153.7117156982422,355.5611267089844
2021-08-18,281.31719970703125,143.28262329101562,156.63999938964844,46.96849822998047,139.2342071533203,129.73182678222656,82.2536849975586,68.1076431274414,49.730430603027344,137.3326416015625,40.50071716308594,48.0701789855957,112.98128509521484,83.94467163085938,216.16796875,48.6539306640625,47.07994079589844,289.82666015625,139.39404296875,210.14617919921875,194.25381469726562,71.1123046875,219.0,199.5413818359375,61.924259185791016,115.04473876953125,73.93672180175781,57.220802307128906,190.70848083496094,258.2232971191406,317.71807861328125,154.20152282714844,36.67161560058594,61.09394454956055,43.39539337158203,358.4946594238281,175.6011199951172,88.31214904785156,9.97784423828125,39.628021240234375,42.445228576660156,46.2448844909668,163.020263671875,338.8537292480469,117.19490814208984,34.430355072021484,54.41657638549805,51.80445861816406,151.79249572753906,351.10162353515625
2021-08-19,287.1616516113281,143.615478515625,157.85995483398438,45.53499221801758,138.07078552246094,131.26181030273438,80.2037124633789,68.69425964355469,50.04730987548828,139.64382934570312,40.08182907104492,48.300445556640625,111.80667877197266,83.72758483886719,215.3961639404297,50.52421951293945,47.39885711669922,291.04351806640625,138.57827758789062,209.5113525390625,189.29122924804688,71.84927368164062,212.16000366210938,197.38619995117188,60.7090950012207,116.70640563964844,73.62208557128906,57.7093620300293,191.2465057373047,260.03118896484375,315.4283142089844,151.25315856933594,36.13218688964844,60.84774398803711,42.74405288696289,353.7931823730469,177.48907470703125,86.97779083251953,9.724559783935547,38.817779541015625,42.14244842529297,45.303218841552734,162.40098571777344,336.9222717285156,119.15931701660156,34.444637298583984,53.00477981567383,52.54728317260742,148.68301391601562,339.16864013671875
2021-08-20,294.5058898925781,145.07418823242188,158.62905883789062,45.543636322021484,138.46458435058594,131.35231018066406,80.21224212646484,68.88687133789062,49.85366439819336,139.15171813964844,40.0161247253418,47.90438461303711,112.68964385986328,83.94467163085938,216.5402069091797,51.3623161315918,47.82197570800781,296.758056640625,138.77841186523438,209.48374938964844,189.74493408203125,71.6946029663086,212.6699981689453,196.62966918945312,61.09379196166992,117.26337432861328,74.16400909423828,58.29057312011719,192.4987335205078,260.5216369628906,318.2259826660156,151.9379119873047,36.29402160644531,61.501468658447266,42.8978385925293,355.86077880859375,179.99514770507812,87.78887176513672,9.647807121276855,39.4300537109375,43.06916427612305,45.58831024169922,162.56922912597656,338.7044982910156,118.57598876953125,34.608863830566406,52.66523361206055,52.695838928222656,148.66456604003906,332.0352783203125
2021-08-23,294.7865905761719,146.56222534179688,157.94430541992188,47.41754150390625,140.2365264892578,130.682373046875,82.27920532226562,68.62422180175781,49.67763137817383,138.71237182617188,41.009952545166016,49.028079986572266,113.10279083251953,84.11454772949219,217.60250854492188,51.644615173339844,47.5062141418457,295.4060363769531,139.15011596679688,210.78094482421875,193.63348388671875,71.31246948242188,219.39999389648438,198.4857635498047,61.65557861328125,116.81777954101562,73.94548797607422,58.07156753540039,192.69351196289062,257.55010986328125,318.38629150390625,152.60366821289062,36.77949142456055,61.594844818115234,43.06972885131836,360.8768615722656,180.1538543701172,89.09706115722656,9.770609855651855,39.60148620605469,42.88564682006836,47.33339309692383,162.36734008789062,338.6298828125,117.93265533447266,34.61600112915039,52.99584197998047,52.08411407470703,149.8087158203125,342.7777404785156
2021-08-24,292.82220458984375,146.47410583496094,155.97010803222656,47.806148529052734,141.10464477539062,129.62318420410156,83.22337341308594,68.04635620117188,49.29915237426758,136.99000549316406,39.73685836791992,49.56229782104492,113.2810287475586,83.57659149169922,216.48573303222656,52.332740783691406,47.01677703857422,292.8462219238281,139.2001190185547,212.0045623779297,196.8277130126953,70.66648864746094,221.42999267578125,197.3773956298828,63.06004333496094,116.50216674804688,73.25496673583984,57.7177734375,196.54290771484375,252.69374084472656,319.85638427734375,153.3170166015625,37.29194259643555,61.34015655517578,43.74819564819336,367.2682189941406,181.27322387695312,89.90814208984375,10.039244651794434,39.462703704833984,41.977291107177734,47.86902618408203,162.59445190429688,338.48980712890625,116.49152374267578,34.423213958740234,53.26390075683594,51.052921295166016,150.2885284423828,347.6719665527344
2021-08-25,292.2319641113281,145.24058532714844,154.9385528564453,47.89249038696289,144.01316833496094,129.1614532470703,83.79327392578125,67.47728729248047,49.351959228515625,136.38363647460938,39.02228927612305,49.56229782104492,113.29723358154297,83.64262390136719,216.848876953125,52.35920715332031,47.035728454589844,291.9269104003906,138.90708923339844,212.20693969726562,198.83682250976562,70.64830017089844,221.02999877929688,194.92318725585938,63.933223724365234,115.79664611816406,73.04521179199219,56.942813873291016,196.07911682128906,253.75157165527344,319.6336364746094,158.05348205566406,37.89429473876953,60.627010345458984,44.58951187133789,371.3674011230469,183.21128845214844,90.78028106689453,10.108323097229004,39.71577453613281,42.02316665649414,48.39601135253906,162.25791931152344,338.3872375488281,116.42290496826172,34.737388610839844,53.88044357299805,50.82570266723633,150.75909423828125,355.59893798828125
2021-08-26,289.40655517578125,144.43785095214844,154.11154174804688,47.24483108520508,144.75599670410156,128.93511962890625,82.69601440429688,67.03949737548828,48.88546371459961,135.88275146484375,38.91550827026367,48.935977935791016,112.42233276367188,83.73701477050781,215.14193725585938,52.22687911987305,46.52735137939453,289.7636413574219,139.6075897216797,212.40936279296875,195.57778930664062,70.33895111083984,216.5,194.8175811767578,63.1272087097168,116.47431182861328,72.57319641113281,56.428977966308594,192.73989868164062,251.29937744140625,322.19073486328125,157.416259765625,37.79541015625,60.64397430419922,44.37240219116211,370.7291564941406,182.55966186523438,90.56224060058594,9.901090621948242,39.054527282714844,41.445125579833984,47.62712097167969,161.82888793945312,342.212890625,116.9461441040039,34.80878448486328,53.380069732666016,50.07415008544922,148.6922607421875,358.84906005859375
2021-08-27,290.01611328125,145.47557067871094,153.7825164794922,48.160194396972656,145.91940307617188,128.8355712890625,83.90386199951172,66.80310821533203,48.9822883605957,136.1551513671875,38.27485275268555,49.635982513427734,112.93269348144531,84.33162689208984,215.62318420410156,52.06808090209961,46.2652702331543,291.4762268066406,139.41456604003906,212.6485595703125,197.04991149902344,70.45724487304688,221.75,195.96994018554688,64.78201293945312,115.65740966796875,73.16755676269531,56.100467681884766,195.42054748535156,249.78953552246094,322.5203857421875,160.4026641845703,38.19997787475586,60.51662063598633,45.0599250793457,377.2734069824219,185.99302673339844,91.96636962890625,10.215776443481445,39.57699203491211,41.73873519897461,49.01802444458008,162.61968994140625,341.8847961425781,116.96330261230469,35.36573028564453,54.12171173095703,50.449928283691406,149.32894897460938,358.5467224121094
2021-08-30,293.7607727050781,149.9005126953125,154.43167114257812,47.63343811035156,143.58360290527344,129.39682006835938,83.69120788574219,66.97819519042969,49.44878387451172,137.086669921875,38.406272888183594,49.68204116821289,112.57624053955078,84.426025390625,214.81507873535156,52.16512680053711,46.63787078857422,294.82916259765625,140.21511840820312,213.32015991210938,195.77224731445312,70.64830017089844,217.66000366210938,197.157470703125,64.23245239257812,116.9106216430664,73.94548797607422,56.61430358886719,192.4430694580078,252.2513885498047,322.5738220214844,156.22735595703125,37.45377731323242,61.13639450073242,43.793434143066406,371.7989501953125,185.54193115234375,90.78028106689453,10.016220092773438,39.69944381713867,42.39019012451172,48.55150604248047,163.21702575683594,344.4898681640625,117.29785919189453,35.48712158203125,53.674930572509766,50.318843841552734,149.208984375,359.97332763671875
2021-08-31,292.10626220703125,148.6376495361328,153.96035766601562,47.08075714111328,143.14511108398438,128.90798950195312,82.313232421875,66.7943344116211,49.56320571899414,137.42933654785156,37.83955001831055,49.79256820678711,113.68605041503906,84.12399291992188,216.78701782226562,52.06808090209961,46.76416778564453,293.99993896484375,139.1929931640625,213.35691833496094,195.23521423339844,70.92122650146484,219.5,198.3889923095703,64.3667984008789,117.30980682373047,75.51004028320312,56.31947708129883,196.32032775878906,248.38555908203125,322.8879699707031,157.84423828125,37.53468704223633,61.790138244628906,41.34187316894531,373.52423095703125,187.01217651367188,91.07681274414062,10.000871658325195,41.43012237548828,42.23420333862305,47.97268295288086,164.5798797607422,344.56488037109375,118.2157211303711,35.86555099487305,53.61238479614258,50.51983642578125,147.21595764160156,357.1673278808594
2021-09-01,292.0578308105469,149.30332946777344,154.50282287597656,46.43309783935547,142.93927001953125,130.220703125,81.41157531738281,66.69803619384766,49.89767837524414,138.76507568359375,37.814903259277344,49.433353424072266,112.84355926513672,84.89794921875,217.4169464111328,52.08573532104492,46.66312789916992,293.1936950683594,138.2637939453125,211.41575622558594,192.54098510742188,71.26698303222656,218.1199951171875,196.47137451171875,63.298179626464844,118.26594543457031,74.91567993164062,55.43500518798828,195.76376342773438,247.52964782714844,320.0700988769531,156.39859008789062,37.03122329711914,61.01753616333008,39.30643844604492,373.6596984863281,184.6146697998047,90.9721450805664,10.062272071838379,41.054603576660156,41.96811294555664,47.21245193481445,165.22767639160156,342.0159912109375,119.81983184814453,35.758445739746094,53.308589935302734,50.423709869384766,145.5550994873047,355.92010498046875
2021-09-02,291.39984130859375,150.41940307617188,155.56105041503906,47.564353942871094,143.60150146484375,130.32028198242188,83.11280822753906,67.52105712890625,49.968101501464844,138.8667755126953,38.471981048583984,49.48861312866211,113.41873168945312,84.75635528564453,218.98724365234375,52.518009185791016,46.909423828125,296.907958984375,139.30020141601562,212.4921417236328,196.0777130126953,71.43983459472656,220.8300018310547,198.7672576904297,64.88583374023438,119.27780151367188,76.00825500488281,55.69614028930664,202.4051513671875,249.61647033691406,321.31744384765625,154.1254425048828,37.067378997802734,61.416568756103516,40.31962966918945,374.4184265136719,184.95716857910156,91.42565155029297,9.985517501831055,42.270973205566406,43.40864944458008,48.897071838378906,166.73358154296875,345.12713623046875,120.48037719726562,36.443912506103516,53.817909240722656,50.615962982177734,146.3670654296875,363.70538330078125
2021-09-03,291.39019775390625,151.05567932128906,155.65892028808594,47.382999420166016,142.7334442138672,130.41078186035156,82.9256591796875,67.64361572265625,49.93288803100586,138.9906463623047,38.471981048583984,49.28597640991211,113.07040405273438,84.94513702392578,218.02865600585938,52.420963287353516,47.12729263305664,299.263427734375,138.9428253173828,210.0909423828125,194.77227783203125,70.88484191894531,218.1699981689453,199.12791442871094,63.96377182006836,119.69552612304688,76.45402526855469,55.26654052734375,201.20860290527344,249.57797241210938,319.4778137207031,151.50997924804688,37.094482421875,61.09394454956055,39.9577751159668,371.53692626953125,182.5847625732422,90.9198226928711,9.893416404724121,41.8709602355957,42.803077697753906,48.58607482910156,166.01849365234375,342.9062194824219,120.73767852783203,36.39392852783203,53.791099548339844,50.484886169433594,143.62667846679688,367.8531494140625
2021-09-07,290.46124267578125,153.39544677734375,153.2400665283203,47.106666564941406,142.4828643798828,129.9219512939453,82.5599136352539,66.52293395996094,48.99988555908203,136.72561645507812,38.3980598449707,49.41493606567383,111.83909606933594,83.73701477050781,215.62762451171875,51.9445686340332,46.50209045410156,298.004150390625,132.645751953125,205.09536743164062,192.79098510742188,69.9659423828125,214.24000549316406,194.70326232910156,63.07224655151367,119.18495178222656,75.67610931396484,54.91275405883789,201.58135986328125,245.02935791015625,313.37548828125,151.90939331054688,37.338470458984375,60.44021987915039,40.08442687988281,370.64263916015625,179.63592529296875,90.85877227783203,9.939468383789062,41.63421630859375,42.19750213623047,48.361454010009766,164.52099609375,336.2998046875,119.97422790527344,36.265403747558594,53.031593322753906,49.62846755981445,138.77330017089844,351.22442626953125
2021-09-08,290.4902038574219,151.8487091064453,152.86651611328125,46.67488479614258,141.84742736816406,130.90872192382812,81.9900131225586,65.98011779785156,49.6600227355957,138.66331481933594,38.2009391784668,49.34123992919922,112.33321380615234,84.44491577148438,217.84603881835938,51.768123626708984,46.56209182739258,300.38671875,134.29684448242188,206.44773864746094,191.43922424316406,70.7665786743164,211.3800048828125,194.289794921875,62.63869094848633,119.80691528320312,75.36145782470703,54.68532943725586,198.82298278808594,245.06784057617188,315.4035339355469,151.15802001953125,36.850502014160156,61.02602005004883,39.64114761352539,365.8371276855469,181.3567657470703,90.3267822265625,10.000871658325195,41.707679748535156,42.4727668762207,47.756710052490234,163.6881561279297,337.7241516113281,121.37248229980469,36.32966613769531,53.4962272644043,51.89185333251953,139.34536743164062,349.79779052734375
2021-09-09,287.62603759765625,150.83053588867188,149.4606170654297,46.70942687988281,142.4649200439453,130.3564910888672,81.65826416015625,64.63178253173828,49.16712951660156,137.787353515625,37.80668640136719,49.18466567993164,111.5798568725586,84.51097106933594,217.8369140625,51.69755172729492,46.23369216918945,300.5588073730469,132.7672882080078,205.09536743164062,190.18931579589844,70.32986450195312,213.94000244140625,189.6364288330078,63.07224655151367,118.80435943603516,74.65345764160156,53.55657958984375,199.37283325195312,230.79685974121094,313.13311767578125,151.59552001953125,36.98604965209961,59.94779586791992,40.129661560058594,365.4576721191406,181.44866943359375,90.56224060058594,9.7936372756958,41.283180236816406,42.32596206665039,48.015892028808594,159.01063537597656,334.3319091796875,119.16726684570312,36.122596740722656,53.308589935302734,51.079139709472656,142.6116943359375,344.7052307128906
2021-09-10,286.135986328125,145.83778381347656,148.482421875,46.614437103271484,140.82717895507812,130.48324584960938,81.71780395507812,64.30783081054688,48.94708251953125,137.54847717285156,37.4453010559082,49.58993148803711,110.9966049194336,84.64309692382812,218.3572998046875,51.07118225097656,46.06634521484375,300.7218933105469,131.90956115722656,204.58018493652344,189.80972290039062,70.09330749511719,210.3000030517578,188.02664184570312,62.28453063964844,119.56555938720703,73.23748016357422,53.17751693725586,190.7437286376953,230.31605529785156,310.39605712890625,150.95826721191406,36.38964080810547,60.27042007446289,40.10252380371094,364.464111328125,180.93905639648438,90.3703842163086,9.7322359085083,40.36886215209961,39.15127944946289,48.145477294921875,162.5860595703125,331.8205871582031,118.51872253417969,36.129737854003906,53.51409149169922,51.0616569519043,141.1999969482422,343.03289794921875
2021-09-13,287.3745422363281,146.40557861328125,147.44195556640625,47.81477355957031,143.06454467773438,131.88645935058594,83.33395385742188,64.0714340209961,49.351959228515625,137.81390380859375,36.6157341003418,50.6491584777832,111.91199493408203,83.8974838256836,220.21058654785156,51.256439208984375,45.80426025390625,303.89263916015625,132.39559936523438,205.7117919921875,190.9114532470703,70.40263366699219,214.47999572753906,190.63925170898438,63.78668975830078,117.54185485839844,73.86682891845703,52.93323516845703,194.853271484375,228.83511352539062,310.78192138671875,153.55477905273438,36.99507522583008,60.40626907348633,41.39614486694336,369.6852111816406,181.04769897460938,91.05064392089844,9.97016716003418,40.1484489440918,39.343971252441406,49.752342224121094,163.53672790527344,331.4457092285156,119.49591064453125,35.758445739746094,54.63996505737305,51.23643112182617,140.72015380859375,341.56842041015625
2021-09-14,290.0838928222656,145.00564575195312,146.55270385742188,47.132572174072266,140.56768798828125,131.66014099121094,81.82837677001953,63.700443267822266,49.38743591308594,137.27418518066406,36.72251892089844,50.21625900268555,110.34852600097656,81.53789520263672,220.13751220703125,51.05353546142578,45.56428146362305,301.7818603515625,130.38711547851562,202.57456970214844,187.3284149169922,70.32986450195312,211.57000732421875,190.04104614257812,61.29530715942383,117.9410400390625,73.32489013671875,52.31832504272461,189.77459716796875,224.15185546875,309.0139465332031,151.6811065673828,36.001075744628906,60.41484451293945,41.658485412597656,364.65374755859375,178.72215270996094,88.87903594970703,9.870388984680176,39.364742279052734,38.343849182128906,49.1908073425293,160.69317626953125,329.59967041015625,119.44401550292969,35.169490814208984,53.95193862915039,51.358787536621094,138.70872497558594,336.33416748046875
2021-09-15,294.95111083984375,145.89651489257812,147.1040496826172,48.721492767333984,141.54318237304688,131.37948608398438,83.5636215209961,64.31879425048828,49.55593490600586,138.04396057128906,36.77179718017578,50.768890380859375,111.14242553710938,82.80262756347656,220.00057983398438,50.78005599975586,45.643226623535156,302.0082702636719,131.65223693847656,203.95457458496094,190.476318359375,70.24796295166016,214.22000122070312,191.87953186035156,62.382225036621094,118.34949493408203,74.76708221435547,52.22565841674805,192.50497436523438,224.76730346679688,309.6690979003906,153.45016479492188,36.27216339111328,61.53822708129883,42.192222595214844,363.0820617675781,180.59434509277344,89.86456298828125,10.14670181274414,40.91581726074219,37.71073913574219,51.24689483642578,162.6617889404297,333.3573913574219,118.49275970458984,35.794803619384766,55.86410903930664,51.31508255004883,139.05934143066406,339.9150085449219
2021-09-16,295.33807373046875,145.66159057617188,146.92620849609375,48.20337677001953,141.48049926757812,130.46514892578125,82.78105163574219,63.57674789428711,49.08591079711914,137.63694763183594,36.525394439697266,50.50178909301758,110.51864624023438,82.3495864868164,222.03643798828125,50.5771484375,45.794795989990234,304.74420166015625,130.55865478515625,202.0777587890625,188.5042724609375,69.5746841430664,213.36000061035156,191.20220947265625,61.881507873535156,118.30308532714844,74.60102081298828,51.577049255371094,191.5172119140625,222.1804656982422,306.46533203125,154.67710876464844,36.55229568481445,61.169471740722656,41.86655807495117,358.3216247558594,180.52716064453125,89.36741638183594,10.284854888916016,40.76887893676758,37.499717712402344,51.16913986206055,162.34207153320312,327.6598815917969,117.55879974365234,35.47487258911133,56.29301071166992,51.31508255004883,138.21043395996094,335.72003173828125
2021-09-17,290.16131591796875,142.98898315429688,146.5082244873047,47.63343811035156,141.11358642578125,130.67335510253906,82.30471801757812,63.32056427001953,48.278892517089844,136.37171936035156,36.04900360107422,49.976783752441406,109.54656982421875,81.53789520263672,221.37913513183594,50.1536865234375,45.70006561279297,304.0919494628906,129.7223663330078,201.0105438232422,184.93971252441406,69.35633850097656,213.36000061035156,192.9791259765625,61.350257873535156,117.69966125488281,74.7408676147461,51.644439697265625,191.61033630371094,221.2764892578125,305.99871826171875,155.9040069580078,36.59748077392578,61.40960693359375,42.03843688964844,353.6064147949219,179.2510223388672,88.7394790649414,10.399983406066895,40.50763702392578,37.56394958496094,50.901336669921875,159.86871337890625,328.20343017578125,116.90155792236328,35.343997955322266,55.74795150756836,51.48986053466797,135.396240234375,329.824462890625
2021-09-20,284.7716369628906,139.9345703125,145.67233276367188,46.364009857177734,136.8895263671875,129.36065673828125,80.62052917480469,63.54142379760742,47.94190979003906,135.91165161132812,36.303627014160156,48.797813415527344,108.80130004882812,81.33024597167969,218.27513122558594,49.3067626953125,45.07169723510742,300.051513671875,129.03619384765625,198.4713592529297,176.67181396484375,69.3017578125,209.5,189.2229766845703,60.94723129272461,115.91732788085938,73.9280014038086,50.96213912963867,188.7309112548828,222.7574462890625,303.73724365234375,152.71780395507812,35.3414192199707,60.85218811035156,41.44137954711914,341.56536865234375,172.551513671875,86.01842498779297,9.839690208435059,39.511695861816406,37.07764434814453,49.3031005859375,159.3302764892578,326.86334228515625,116.32213592529297,35.00226593017578,54.077030181884766,51.34130096435547,134.99945068359375,320.9809265136719
2021-09-21,285.2554626464844,140.4142608642578,146.31259155273438,46.32082748413086,136.9073944091797,129.5597686767578,80.68006134033203,63.57674789428711,47.93303680419922,135.84971618652344,36.073646545410156,48.696502685546875,107.71578979492188,82.03811645507812,219.5623779296875,48.75096893310547,45.16011047363281,302.7784118652344,127.5280532836914,197.707763671875,175.76446533203125,69.50189208984375,208.50999450683594,189.44288635253906,59.1214485168457,116.15869903564453,73.35986328125,50.81894302368164,188.60044860839844,221.34384155273438,301.5744323730469,155.28578186035156,35.35948181152344,61.512508392333984,41.477561950683594,339.496826171875,170.93116760253906,85.73063659667969,9.801312446594238,39.20146942138672,37.114356994628906,51.255531311035156,159.6163330078125,323.42437744140625,116.3134994506836,34.92229080200195,53.63025665283203,50.694618225097656,134.39968872070312,318.35443115234375
2021-09-22,288.9129638671875,142.78338623046875,145.77902221679688,47.676605224609375,139.52957153320312,130.00343322753906,83.0532455444336,63.638580322265625,48.00398635864258,136.26556396484375,36.098289489746094,49.27677536010742,109.06051635742188,83.4727554321289,221.96337890625,48.98033905029297,45.05590057373047,304.32745361328125,128.5430450439453,199.658203125,177.1625213623047,69.53829193115234,216.97999572753906,187.92987060546875,60.17173767089844,115.71310424804688,73.29869079589844,50.66731643676758,188.2277069091797,219.54554748535156,306.6717529296875,159.2994384765625,36.27216339111328,61.21236038208008,42.59027099609375,348.1956787109375,173.72686767578125,87.91095733642578,10.154373168945312,39.19330978393555,36.793212890625,53.786781311035156,155.88943481445312,326.5916748046875,115.3968505859375,35.07497787475586,52.70991134643555,52.36376190185547,134.03060913085938,322.02978515625
2021-09-23,289.8612976074219,143.7427978515625,146.60606384277344,49.29144287109375,144.245849609375,130.53753662109375,85.1117172241211,64.53080749511719,47.924163818359375,136.37171936035156,36.29541015625,49.764930725097656,110.76167297363281,84.39769744873047,223.46974182128906,50.01253128051758,45.0811653137207,304.3094177246094,129.75099182128906,202.12374877929688,182.04176330566406,69.75666809082031,221.10000610351562,189.17019653320312,62.87074279785156,116.31649780273438,74.1727523803711,51.07164764404297,188.66566467285156,223.27671813964844,308.888427734375,164.8823699951172,37.672813415527344,61.478206634521484,43.24160385131836,353.9676513671875,178.03370666503906,90.309326171875,10.522788047790527,39.56066131591797,36.866615295410156,55.03943634033203,157.1429901123047,328.831298828125,115.51789855957031,35.489418029785156,53.86258316040039,52.67836380004883,135.19322204589844,332.1014099121094
2021-09-24,289.6580810546875,143.83084106445312,146.16140747070312,49.73186111450195,145.91046142578125,129.95816040039062,85.57105255126953,65.02549743652344,47.791141510009766,136.4336395263672,36.09007263183594,49.93993377685547,111.37733459472656,84.88849639892578,224.9669647216797,50.047813415527344,45.20746994018555,305.7407531738281,129.40074157714844,201.65457153320312,182.22695922851562,69.72027587890625,221.38999938964844,187.9034881591797,63.43296813964844,115.45317077636719,74.0416259765625,50.734703063964844,189.99827575683594,222.7958984375,313.6625671386719,167.126953125,38.07944869995117,61.0494270324707,43.35015869140625,353.055419921875,177.32850646972656,89.75117492675781,10.576513290405273,39.43821334838867,36.68310546875,56.17115020751953,158.17771911621094,333.3199462890625,115.0076904296875,35.23493576049805,53.3979377746582,52.905574798583984,137.093994140625,329.9756164550781
2021-09-27,284.6458435058594,142.31346130371094,145.10317993164062,51.208518981933594,149.4365234375,128.2471160888672,87.58700561523438,64.80465698242188,47.5428352355957,135.12417602539062,35.78616714477539,50.34519958496094,112.2441177368164,85.92671966552734,226.50987243652344,49.597896575927734,44.91697311401367,309.29193115234375,129.93679809570312,200.46778869628906,185.1711883544922,69.15618133544922,224.16000366210938,187.46365356445312,64.38016510009766,111.93490600585938,74.9419174194336,50.40618896484375,192.53292846679688,217.71836853027344,317.1086120605469,168.12562561035156,39.09153366088867,60.380531311035156,43.02449417114258,361.1489562988281,177.8826141357422,91.66111755371094,10.86817455291748,39.838226318359375,36.875789642333984,57.63115692138672,157.18502807617188,334.73492431640625,114.52337646484375,35.43851852416992,54.291481018066406,52.1278076171875,136.70645141601562,332.97064208984375
2021-09-28,274.3406066894531,138.92620849609375,144.78305053710938,51.74392318725586,148.6310577392578,127.27839660644531,87.9187240600586,64.7693099975586,46.68260955810547,133.6466064453125,35.35085678100586,49.7373046875,111.36114501953125,85.4076156616211,222.54769897460938,48.98033905029297,44.36438751220703,302.39788818359375,128.69314575195312,197.7721710205078,185.68038940429688,68.98329162597656,218.41000366210938,186.72479248046875,64.6124038696289,110.22681427001953,74.87197875976562,50.40618896484375,189.42982482910156,213.1024627685547,316.02276611328125,164.67311096191406,39.001163482666016,60.003211975097656,41.540889739990234,351.8359375,169.562744140625,88.9924087524414,10.983302116394043,39.25861358642578,37.169395446777344,58.57281494140625,157.1177215576172,335.7562561035156,115.44872283935547,35.09678649902344,54.12171173095703,51.84815979003906,134.7964630126953,334.4067687988281
2021-09-29,274.8050842285156,139.8268585205078,145.85906982421875,51.70938491821289,148.51470947265625,128.572998046875,87.89321899414062,66.33289337158203,46.966392517089844,134.7525634765625,35.75331497192383,49.2675666809082,112.74635314941406,86.12493133544922,223.0133056640625,48.94504928588867,44.34544372558594,305.2333984375,129.28639221191406,197.72618103027344,183.1990966796875,70.12971496582031,225.36000061035156,189.03823852539062,64.9485092163086,110.89519500732422,75.85967254638672,51.06321334838867,190.03549194335938,221.52655029296875,314.35357666015625,163.15133666992188,38.919837951660156,60.83504104614258,42.54503631591797,347.67169189453125,169.5039520263672,86.82079315185547,10.975628852844238,39.76475524902344,37.93095779418945,58.7801513671875,155.4183349609375,340.14190673828125,117.42040252685547,35.43851852416992,54.309349060058594,53.1065673828125,134.48277282714844,332.4925537109375
2021-09-30,272.79241943359375,138.52484130859375,143.61807250976562,50.794029235839844,146.49217224121094,126.56321716308594,86.29405975341797,66.35055541992188,46.53184509277344,133.08033752441406,35.326210021972656,49.074134826660156,112.54383087158203,82.23631286621094,220.11924743652344,48.018733978271484,44.01073455810547,297.37908935546875,125.38375854492188,195.29734802246094,177.73655700683594,68.76496124267578,219.94000244140625,187.05902099609375,62.962398529052734,109.66055297851562,74.1727523803711,50.24797058105469,186.52239990234375,222.19009399414062,309.6960754394531,159.3374786376953,38.359580993652344,59.900291442871094,41.984161376953125,341.47503662109375,165.1383056640625,84.86723327636719,10.86817455291748,38.40959930419922,37.09598922729492,58.546878814697266,153.1973419189453,337.48992919921875,114.53205108642578,33.097286224365234,53.62132263183594,52.276371002197266,131.95455932617188,317.5201721191406
2021-10-01,279.7400207519531,139.65061950683594,142.70213317871094,52.616111755371094,149.5707550048828,126.36402893066406,88.74382019042969,71.90702056884766,47.01960372924805,133.55812072753906,35.2605094909668,49.60835647583008,116.10009765625,84.6997299194336,221.78082275390625,48.64510726928711,43.27501678466797,298.8284912109375,126.28437042236328,198.3977508544922,179.9215545654297,68.76496124267578,226.0,188.17617797851562,64.66739654541016,108.80652618408203,73.48223114013672,50.536712646484375,188.796142578125,220.78607177734375,312.11907958984375,165.43399047851562,38.92887496948242,58.79405212402344,42.53598403930664,343.2545166015625,166.68310546875,86.38471984863281,10.86817455291748,38.20551681518555,35.912376403808594,60.559791564941406,152.6841583251953,338.2114562988281,114.30719757080078,33.34449005126953,54.32722091674805,52.9754753112793,132.87728881835938,324.276611328125
2021-10-04,273.94390869140625,136.21446228027344,141.5905303955078,53.298316955566406,149.40963745117188,125.64881896972656,89.07555389404297,73.40878295898438,46.99299240112305,132.89456176757812,34.841617584228516,49.249141693115234,116.7400131225586,84.24669647216797,221.9177703857422,48.165489196777344,42.858219146728516,295.7574157714844,125.826904296875,197.07296752929688,178.81053161621094,68.29181671142578,223.7899932861328,185.99462890625,64.10517120361328,107.24696350097656,73.25496673583984,50.044166564941406,185.86077880859375,216.22784423828125,310.4947509765625,164.21658325195312,39.163818359375,57.93649673461914,42.53598403930664,337.97021484375,162.52732849121094,84.7276840209961,11.01400375366211,38.1157112121582,36.361968994140625,61.760623931884766,150.1014404296875,342.6626281738281,114.28124237060547,33.80983352661133,54.648895263671875,53.70082092285156,132.87728881835938,320.713623046875
2021-10-05,279.4109802246094,138.14305114746094,141.91067504882812,53.21196746826172,151.84954833984375,126.13771057128906,90.04523468017578,72.08370208740234,47.072818756103516,133.68194580078125,34.75948715209961,49.69124984741211,115.9623794555664,86.3514404296875,223.8714599609375,48.57404327392578,43.13924789428711,298.4842529296875,127.14208221435547,198.46217346191406,178.22726440429688,67.70953369140625,224.4199981689453,186.36410522460938,64.10517120361328,107.57186889648438,73.10637664794922,50.23099136352539,187.6779022216797,222.07469177246094,312.07415771484375,166.21389770507812,39.959022521972656,57.79928970336914,43.38634490966797,348.50274658203125,163.76986694335938,86.51554107666016,10.967952728271484,38.44225311279297,36.59135437011719,61.96796798706055,151.15304565429688,346.6076965332031,114.09098815917969,33.56989288330078,55.649654388427734,53.77947235107422,134.57504272460938,320.5714416503906
2021-10-06,283.6201171875,139.01431274414062,142.20416259765625,52.23615646362305,152.17367553710938,127.8216323852539,89.25419616699219,71.25332641601562,47.63151550292969,137.1061248779297,34.51308059692383,49.71887969970703,115.32242584228516,86.20986938476562,225.58779907226562,47.90792465209961,43.45500183105469,299.2815246582031,127.51378631591797,199.51097106933594,177.6346893310547,68.3282470703125,224.99000549316406,184.7103271484375,63.7568473815918,108.13813018798828,72.67809295654297,50.264957427978516,189.40185546875,219.11279296875,314.0843505859375,164.92039489746094,39.97710037231445,57.86789321899414,43.304931640625,350.526123046875,162.6868896484375,86.4283447265625,10.837471961975098,38.295310974121094,36.2885627746582,62.03705978393555,152.01956176757812,353.57958984375,115.05958557128906,33.77348327636719,55.66753005981445,54.29506301879883,135.40548706054688,320.6756896972656
2021-10-07,285.3038330078125,140.27723693847656,143.4757843017578,52.38294982910156,153.13702392578125,128.84461975097656,89.89212036132812,72.38404083251953,47.78227996826172,138.37132263183594,35.10445022583008,49.90309524536133,114.87686157226562,87.12539672851562,226.70156860351562,48.86714553833008,43.96653366088867,305.731689453125,127.08488464355469,200.90016174316406,181.23629760742188,68.77404022216797,226.47999572753906,183.95387268066406,64.47794342041016,109.45634460449219,73.59585571289062,50.112098693847656,190.7623748779297,224.23837280273438,315.69073486328125,166.17897033691406,39.86865997314453,58.43387985229492,43.205421447753906,352.84759521484375,163.35848999023438,86.16669464111328,11.428468704223633,39.062686920166016,36.2426872253418,61.77790451049805,152.77670288085938,358.62109375,115.62166595458984,33.7952880859375,56.31087112426758,54.03072738647461,138.8471221923828,326.06768798828125
2021-10-08,285.3038330078125,139.8954315185547,143.11119079589844,53.695552825927734,153.25405883789062,128.31045532226562,91.90806579589844,71.22681427001953,47.995113372802734,138.05282592773438,34.86626434326172,49.56229782104492,116.0190658569336,89.39847564697266,226.1355438232422,48.920433044433594,44.099159240722656,302.8871154785156,126.47734832763672,200.2837677001953,180.69004821777344,68.77404022216797,226.38999938964844,183.80430603027344,63.99516677856445,109.90193176269531,73.74444580078125,48.625972747802734,191.20034790039062,224.96925354003906,317.4587097167969,166.9989471435547,40.067466735839844,58.35669708251953,43.42252731323242,354.8258361816406,164.0133514404297,87.24813842773438,11.604997634887695,38.67900085449219,36.21516418457031,64.72383880615234,154.36671447753906,365.19940185546875,114.90390014648438,33.97706985473633,56.55214309692383,54.154083251953125,139.08700561523438,325.19586181640625
2021-10-11,284.7038879394531,139.80728149414062,142.50648498535156,53.160152435302734,150.03085327148438,128.84461975097656,91.1255111694336,70.60845947265625,48.09266662597656,138.23863220214844,34.54594039916992,49.22150802612305,115.37910461425781,90.2508773803711,225.113037109375,48.78721237182617,44.05809783935547,305.2696838378906,125.99845886230469,198.0665740966797,178.58836364746094,68.96512603759766,226.4499969482422,181.82505798339844,63.60407638549805,108.50018310546875,73.665771484375,48.76184844970703,190.03549194335938,224.7095947265625,320.44696044921875,165.38760375976562,39.56142044067383,58.38242721557617,42.77118682861328,347.98779296875,163.60191345214844,84.84976959228516,11.5819730758667,38.71166229248047,36.31610107421875,63.90310287475586,152.8944854736328,368.4229431152344,114.6271743774414,33.962528228759766,57.15974044799805,54.356746673583984,140.12042236328125,315.1699523925781
2021-10-12,283.39764404296875,138.5346221923828,140.2299346923828,52.883811950683594,148.87843322753906,128.6544647216797,91.14252471923828,70.30810546875,48.09266662597656,138.84913635253906,34.373451232910156,48.051761627197266,113.7913818359375,90.51606750488281,223.232421875,48.209896087646484,44.01073455810547,306.021484375,125.46239471435547,197.18336486816406,175.8385467529297,68.84683990478516,223.57000732421875,177.5939178466797,62.77295684814453,108.90863800048828,73.23748016357422,48.45613098144531,188.3302001953125,223.853759765625,321.38031005859375,166.7701416015625,39.34455490112305,57.77355194091797,42.20127868652344,349.15313720703125,158.2540740966797,85.27711486816406,12.00411319732666,38.71166229248047,36.54547882080078,63.4193229675293,153.1048126220703,365.52740478515625,114.65312957763672,34.28244400024414,56.6414909362793,54.75325393676758,140.98777770996094,313.28424072265625
2021-10-13,286.716552734375,137.947265625,141.57275390625,52.73701095581055,144.9530029296875,128.95323181152344,91.68692016601562,69.74273681640625,48.101531982421875,139.7869873046875,34.020267486572266,48.13465881347656,114.02630615234375,91.30219268798828,221.5251922607422,48.51187515258789,43.69182586669922,306.4564208984375,126.63459777832031,198.33334350585938,174.9311981201172,69.21076202392578,221.77999877929688,179.10694885253906,62.5529670715332,108.61156463623047,72.68682861328125,48.464622497558594,185.87937927246094,227.3734130859375,324.6468505859375,160.86819458007812,38.98309326171875,57.99653244018555,41.658485412597656,348.9544372558594,160.63836669921875,85.96611785888672,11.904335021972656,38.58103561401367,36.21516418457031,63.26380920410156,154.84625244140625,364.24359130859375,114.6271743774414,34.842308044433594,56.22152328491211,54.506534576416016,142.722412109375,311.7680358886719
2021-10-14,292.9480895996094,140.73731994628906,142.3820037841797,53.54011154174805,147.1768035888672,130.41078186035156,92.5545425415039,69.1950454711914,48.429656982421875,140.91064453125,34.225608825683594,49.645198822021484,116.15678405761719,90.24140930175781,223.25978088378906,49.42669677734375,44.16546630859375,311.68365478515625,128.8861083984375,201.10255432128906,179.9215545654297,69.6929702758789,217.44000244140625,181.89544677734375,62.785186767578125,109.56209564208984,73.9105224609375,48.999629974365234,189.2061309814453,227.6138153076172,324.92510986328125,163.52838134765625,40.727115631103516,58.44246292114258,40.98905944824219,353.37152099609375,165.73440551757812,88.0941162109375,11.858283996582031,41.44646072387695,35.89403533935547,63.799442291259766,161.03807067871094,365.4056091308594,115.2757568359375,35.38762664794922,57.33844757080078,54.94709777832031,146.59776306152344,312.4977111816406
2021-10-15,294.3607177734375,141.7946014404297,143.4402313232422,54.04961013793945,150.00387573242188,130.74575805664062,93.23503112792969,69.1950454711914,48.31437683105469,140.5124969482422,34.07776641845703,50.160987854003906,117.14508056640625,90.28878021240234,221.16001892089844,49.0714225769043,44.38017654418945,317.4453125,130.04403686523438,203.06211853027344,184.26382446289062,69.37454986572266,217.0399932861328,182.82786560058594,63.805721282958984,109.487548828125,75.02928924560547,49.56010437011719,192.14154052734375,228.7581787109375,328.11090087890625,167.62823486328125,41.90185546875,57.99653244018555,43.766300201416016,366.80364990234375,167.7073516845703,89.07962036132812,12.050165176391602,39.936187744140625,35.40773010253906,64.04998779296875,162.99826049804688,370.4844970703125,115.30170440673828,35.409446716308594,57.141876220703125,54.7708625793457,147.907958984375,315.3311462402344
2021-10-18,297.341064453125,143.4686737060547,142.39085388183594,54.023704528808594,149.94984436035156,128.8627166748047,93.1924819946289,68.15267181396484,47.835487365722656,139.87548828125,33.938140869140625,50.170204162597656,115.2900161743164,91.4063720703125,221.16912841796875,49.018131256103516,44.73698425292969,321.6125183105469,129.8867645263672,202.9793243408203,183.4861297607422,68.49198913574219,216.97999572753906,178.68470764160156,63.62850570678711,108.86320495605469,73.8405990600586,48.354225158691406,190.6319122314453,229.8159942626953,327.55450439453125,168.59124755859375,41.82052993774414,56.5129508972168,44.716163635253906,373.6867980957031,168.0263671875,88.44298553466797,11.94271183013916,39.511695861816406,35.97660446166992,64.3609848022461,162.69541931152344,369.1070861816406,113.74507904052734,34.9949951171875,57.007835388183594,54.20695114135742,145.23214721679688,314.4592590332031
2021-10-19,298.25067138671875,145.6322021484375,145.72569274902344,54.835445404052734,151.76853942871094,127.34175872802734,95.0127944946289,70.21973419189453,48.02172088623047,141.6538848876953,34.57057571411133,50.851783752441406,115.01459503173828,91.9272689819336,221.634765625,49.506629943847656,45.68743133544922,324.31219482421875,130.3084716796875,204.037353515625,186.2266387939453,68.03707885742188,215.97000122070312,181.89544677734375,64.00130462646484,111.21155548095703,74.1989517211914,48.90621566772461,192.55157470703125,233.01829528808594,333.00177001953125,169.0584259033203,42.00126266479492,57.370506286621094,45.53938674926758,372.3047180175781,170.17559814453125,88.7394790649414,11.835259437561035,39.19330978393555,35.848148345947266,65.06938934326172,163.03192138671875,374.1766357421875,112.22308349609375,34.82776641845703,57.669063568115234,54.356746673583984,146.65310668945312,325.12005615234375
2021-10-20,297.4571838378906,146.12167358398438,145.64561462402344,55.13768005371094,153.812255859375,127.83973693847656,96.25467681884766,71.6155014038086,48.44739532470703,142.7244415283203,35.15372848510742,50.9991569519043,114.94976806640625,91.52947235107422,218.85028076171875,49.915191650390625,46.101078033447266,324.52960205078125,130.38711547851562,205.74855041503906,189.05052185058594,68.74189758300781,216.1699981689453,184.42884826660156,64.77742004394531,114.91114807128906,75.64989471435547,49.313838958740234,200.12762451171875,234.374267578125,333.05560302734375,171.2418670654297,42.552467346191406,57.336212158203125,45.37654495239258,368.4476318359375,171.7790985107422,87.78887176513672,12.311126708984375,39.50352478027344,36.07752990722656,65.67412567138672,164.27706909179688,375.65728759765625,113.83157348632812,35.213130950927734,57.93711471557617,55.255496978759766,148.02792358398438,326.0298156738281
2021-10-21,300.6986999511719,146.33706665039062,145.3076934814453,54.135955810546875,152.6058349609375,126.91967010498047,95.04680633544922,71.7038345336914,48.19908142089844,140.83987426757812,35.2030143737793,51.57942581176758,103.95703125,91.20747375488281,220.38400268554688,49.46221923828125,46.356849670410156,330.3185119628906,130.17266845703125,206.55816650390625,187.15248107910156,68.54969024658203,214.33999633789062,183.83950805664062,63.035736083984375,116.53263092041016,76.36199188232422,49.093048095703125,201.49746704101562,231.92198181152344,334.85943603515625,169.2109832763672,42.31753158569336,57.44768142700195,45.53033447265625,368.1766357421875,171.7875213623047,87.45745849609375,12.702561378479004,40.11579132080078,36.05918502807617,64.43873596191406,167.78518676757812,377.42828369140625,113.52890014648438,35.06770324707031,57.96392822265625,55.0616455078125,152.24465942382812,324.9684143066406
2021-10-22,299.1505432128906,145.56365966796875,145.59225463867188,54.50728988647461,154.6585693359375,128.2860565185547,95.9484634399414,71.6861572265625,48.28776550292969,141.53887939453125,35.44941711425781,45.55568313598633,103.59249877929688,93.05435180664062,217.68170166015625,48.94708251953125,46.83995056152344,331.5595397949219,129.22918701171875,200.00775146484375,186.79873657226562,69.1080322265625,212.97000122070312,184.05938720703125,63.58572769165039,118.0888900756836,76.94223022460938,48.914703369140625,201.6558837890625,234.40304565429688,336.1695861816406,178.37376403808594,42.98622131347656,57.662071228027344,45.82886505126953,374.2558898925781,173.60931396484375,88.78309631347656,12.495329856872559,40.00149154663086,36.912498474121094,65.41495513916016,171.46156311035156,380.6518249511719,115.05089569091797,35.06043243408203,59.17021560668945,55.229061126708984,149.21817016601562,322.86474609375
2021-10-25,298.1539001464844,145.51470947265625,145.91241455078125,55.5694580078125,153.9022979736328,128.30426025390625,96.84159088134766,72.1366958618164,48.09266662597656,140.8752899169922,35.44121170043945,45.50963592529297,103.39810180664062,92.71338653564453,216.67745971679688,48.97372817993164,47.383060455322266,336.3338623046875,130.372802734375,200.13656616210938,188.2510528564453,68.77850341796875,212.8699951171875,182.64315795898438,64.34962463378906,117.95841979980469,77.0828857421875,49.093048095703125,200.92901611328125,235.6532440185547,337.7220764160156,173.82574462890625,42.9320068359375,58.030826568603516,45.79268264770508,374.6442565917969,173.52536010742188,88.87903594970703,12.280424118041992,40.18109893798828,37.00425338745117,66.10606384277344,171.5373077392578,381.0361022949219,112.51709747314453,34.86410903930664,59.53654479980469,54.532962799072266,147.6957550048828,334.2456970214844
2021-10-26,300.06976318359375,146.180419921875,147.3975372314453,56.856136322021484,154.31642150878906,130.1261749267578,97.05423736572266,72.65788269042969,48.305511474609375,142.6005859375,35.77796173095703,44.46883010864258,102.98495483398438,91.85150909423828,215.8375701904297,49.56880187988281,46.96942138671875,334.4676208496094,130.20126342773438,200.85418701171875,185.85845947265625,69.712158203125,209.80999755859375,183.56680297851562,65.65738677978516,119.4028549194336,77.6455307006836,49.45819091796875,200.9756317138672,238.91326904296875,297.8592224121094,172.52903747558594,43.33864212036133,58.0822868347168,45.801727294921875,377.22772216796875,175.5570526123047,90.23955535888672,12.234371185302734,39.43821334838867,36.66475296020508,66.54666900634766,183.45826721191406,371.61846923828125,115.24982452392578,34.98044967651367,58.401763916015625,54.70919418334961,149.35658264160156,323.2816162109375
2021-10-27,312.70697021484375,145.7202911376953,145.6100616455078,55.37947463989258,151.102294921875,129.197021484375,95.32749938964844,72.03069305419922,49.23667526245117,142.10511779785156,35.29336166381836,44.109622955322266,101.39720153808594,90.9517593383789,221.59820556640625,49.89741897583008,46.58418273925781,337.2940673828125,127.3993911743164,198.46217346191406,182.5907440185547,69.47415161132812,206.61000061035156,181.719482421875,63.4635124206543,119.01144409179688,77.44332885742188,47.97208023071289,198.8603057861328,240.57688903808594,296.98870849609375,169.74493408203125,42.507301330566406,57.259033203125,45.277034759521484,371.2478942871094,171.05714416503906,88.8441390991211,11.904335021972656,38.46674346923828,36.22433853149414,64.68679809570312,178.52835083007812,363.72821044921875,111.78202056884766,34.536930084228516,57.66012191772461,54.013099670410156,149.03366088867188,320.5146484375
2021-10-28,313.84869384765625,149.36209106445312,144.81861877441406,55.534908294677734,153.38009643554688,129.97129821777344,96.22065734863281,76.45640563964844,49.69782257080078,142.9987335205078,35.46584701538086,44.28461837768555,101.9399642944336,91.14118957519531,224.1270751953125,49.95071792602539,46.87469482421875,336.6146240234375,128.56446838378906,201.0013427734375,190.00128173828125,70.37117004394531,207.85000610351562,182.23851013183594,64.32518768310547,119.01144409179688,77.90928649902344,48.51558303833008,201.05018615722656,243.63497924804688,297.3926086425781,166.48406982421875,43.175994873046875,57.74782180786133,46.462120056152344,374.70751953125,180.7454376220703,90.0121078491211,12.940494537353516,38.45042037963867,36.417022705078125,65.31254577636719,179.95013427734375,336.074951171875,112.47386169433594,32.413814544677734,57.93711471557617,54.66514205932617,150.38076782226562,331.3838806152344
2021-10-29,320.8833312988281,146.65032958984375,144.84532165527344,55.6730842590332,152.9569549560547,130.253662109375,97.38597106933594,77.781494140625,49.990474700927734,142.98104858398438,35.92579650878906,45.131996154785156,101.34049224853516,90.86650848388672,224.1727294921875,49.71090316772461,47.18098068237305,336.7687072753906,127.71390533447266,201.13014221191406,189.92678833007812,69.7396240234375,207.02999877929688,182.0625762939453,64.08683013916016,120.11107635498047,78.48950958251953,49.59408187866211,199.05601501464844,244.99087524414062,298.2270812988281,165.69271850585938,43.175994873046875,55.63824462890625,46.281185150146484,373.379638671875,182.080322265625,90.25798034667969,13.109350204467773,38.38511276245117,36.719810485839844,64.73893737792969,179.58834838867188,334.7442321777344,111.9809341430664,32.07209396362305,57.4010009765625,54.45366668701172,148.1571044921875,324.3809509277344
2021-11-01,318.70623779296875,145.8280029296875,144.9698028564453,56.67479705810547,152.87591552734375,129.9348602294922,97.41999816894531,77.59597778320312,49.813106536865234,142.6802215576172,35.84366226196289,45.638580322265625,102.29637908935547,89.38899993896484,228.7648468017578,49.826358795166016,47.29780960083008,332.0035400390625,128.357177734375,202.17893981933594,191.20220947265625,69.51991271972656,214.5800018310547,184.54319763183594,64.91795349121094,120.15767669677734,79.6939468383789,49.83186340332031,201.40428161621094,239.74990844726562,296.9797058105469,166.1027069091797,43.23924255371094,56.28998565673828,46.77873611450195,376.4056701660156,181.2239990234375,91.32936096191406,13.777099609375,38.63002395629883,37.114356994628906,64.82583618164062,177.42626953125,332.5233459472656,112.66410827636719,32.02845001220703,56.83807373046875,54.885414123535156,146.73614501953125,339.9598083496094
2021-11-02,322.3445129394531,146.86569213867188,147.25518798828125,55.97532272338867,153.47911071777344,131.2283477783203,96.82457733154297,78.63835906982422,49.751033782958984,143.98968505859375,37.330318450927734,45.92411422729492,102.21538543701172,90.80020141601562,227.54147338867188,51.17638397216797,47.27570343017578,332.7373352050781,130.06546020507812,203.4945526123047,192.82211303710938,69.8128433227539,212.77000427246094,188.4752655029297,65.19906616210938,119.01144409179688,80.13351440429688,49.789398193359375,200.08102416992188,247.00074768066406,292.8337097167969,165.11106872558594,43.266353607177734,56.5129508972168,46.40782928466797,382.8642578125,182.03836059570312,91.90895080566406,13.823152542114258,38.98105239868164,37.34373474121094,63.47005844116211,175.9456024169922,330.9771728515625,113.7796859741211,32.10116195678711,56.62361526489258,55.18500518798828,149.37503051757812,336.69049072265625
2021-11-03,323.1862487792969,148.3047637939453,146.78387451171875,55.206764221191406,153.53314208984375,132.13018798828125,96.12710571289062,78.3380126953125,49.91953659057617,145.36997985839844,36.812862396240234,46.41227340698242,102.98495483398438,91.06539916992188,228.60049438476562,51.20302963256836,47.42095947265625,334.2592468261719,130.25131225585938,204.97573852539062,189.49856567382812,70.7281723022461,213.3800048828125,191.87953186035156,64.75904083251953,119.93402099609375,84.69623565673828,50.40931701660156,203.37985229492188,256.0499267578125,297.3567199707031,164.57716369628906,43.709136962890625,57.807861328125,47.04107666015625,377.4896545410156,184.2547607421875,90.10870361328125,14.299015998840332,40.189266204833984,39.4081916809082,63.218017578125,178.9742431640625,331.82989501953125,114.24667358398438,32.69010925292969,57.99074172973633,55.63438034057617,150.2239227294922,325.0821228027344
2021-11-04,325.5472717285156,147.7859344482422,146.37486267089844,55.62126922607422,151.5164031982422,132.37611389160156,96.55240631103516,79.9811019897461,50.19443893432617,145.3788299560547,36.332298278808594,46.660831451416016,102.40097045898438,90.57291412353516,231.39410400390625,50.7322998046875,47.76828384399414,337.1672668457031,129.09336853027344,204.69056701660156,189.53579711914062,70.74646759033203,213.02999877929688,189.0646209716797,64.29461669921875,120.29747009277344,83.06982421875,50.31590270996094,198.6366424560547,260.608154296875,301.0809631347656,164.50086975097656,42.76935958862305,57.00175476074219,45.969486236572266,368.6102600097656,184.38906860351562,87.63225555419922,14.905366897583008,40.41783905029297,39.83942794799805,63.713417053222656,177.2748260498047,334.21954345703125,113.50296020507812,32.435630798339844,57.392059326171875,55.255496978759766,150.62989807128906,332.4736022949219
2021-11-05,325.1795349121094,148.3153533935547,145.33438110351562,56.14802551269531,151.3003387451172,133.03199768066406,97.59864044189453,72.09253692626953,50.407291412353516,146.8740997314453,40.2762336730957,47.226585388183594,104.73963165283203,89.92884826660156,232.5352783203125,50.68789291381836,47.436744689941406,333.7428894042969,129.94398498535156,207.9749755859375,191.6676788330078,71.24991607666016,224.4600067138672,188.0442352294922,66.45182037353516,115.89894104003906,82.44563293457031,50.48575210571289,199.53123474121094,254.8382568359375,305.0205383300781,168.46728515625,42.44403839111328,56.87312698364258,45.80602264404297,367.7159729003906,185.59800720214844,87.70252227783203,14.805586814880371,40.98112869262695,38.830142974853516,65.57328033447266,175.171630859375,341.4443664550781,114.35045623779297,32.86460876464844,57.6243782043457,55.20261764526367,150.48228454589844,336.5957946777344
2021-11-08,326.0795593261719,147.49185180664062,144.8363800048828,56.75251388549805,152.20965576171875,132.03907775878906,97.94738006591797,73.03775787353516,49.95500183105469,143.71543884277344,40.04423904418945,47.810890197753906,105.52764892578125,90.10880279541016,231.06544494628906,50.625728607177734,47.13361740112305,333.9150390625,129.7581024169922,207.67135620117188,199.4599151611328,71.15838623046875,222.67999267578125,185.93307495117188,66.25627136230469,118.1634292602539,82.42806243896484,50.4517936706543,203.29598999023438,250.5395965576172,306.7166442871094,171.67091369628906,42.77839279174805,56.5729866027832,46.19651794433594,368.8541564941406,185.78269958496094,87.87815856933594,15.465657234191895,40.73622131347656,38.26127624511719,65.99044799804688,176.0802459716797,340.41363525390625,114.6185302734375,32.77008819580078,57.007835388183594,55.193817138671875,149.9102020263672,341.9593200683594
2021-11-09,325.0731506347656,147.85455322265625,144.51622009277344,57.305198669433594,151.0572509765625,132.43991088867188,98.67040252685547,73.07308197021484,50.09689712524414,144.67098999023438,39.19082260131836,47.48628234863281,103.76742553710938,89.587890625,230.6545867919922,51.01651382446289,47.29780960083008,335.7811584472656,129.60801696777344,209.5297393798828,195.32640075683594,71.44214630126953,220.7899932861328,186.2321319580078,68.01014709472656,117.81864166259766,81.54891204833984,50.49424362182617,201.46954345703125,251.9724884033203,303.4769592285156,171.48976135253906,42.36271286010742,56.72734069824219,45.30655288696289,366.1532287597656,184.4142608642578,87.56201934814453,15.442631721496582,40.0831298828125,38.4723014831543,65.833984375,176.63551330566406,341.5849914550781,114.5493392944336,32.56650924682617,57.57077407836914,55.660804748535156,149.5120086669922,337.1737976074219
2021-11-10,320.0899353027344,145.0211944580078,146.08139038085938,56.176239013671875,150.91317749023438,133.74252319335938,97.0967788696289,74.21263122558594,50.300865173339844,145.13992309570312,40.61594772338867,47.078189849853516,103.22647857666016,88.86810302734375,231.0928497314453,51.30961608886719,46.87152862548828,333.90594482421875,130.38711547851562,208.2731475830078,192.40318298339844,71.83574676513672,218.5,187.5516357421875,66.5862808227539,119.11395263671875,81.7247543334961,50.43479919433594,202.99777221679688,254.50164794921875,302.99237060546875,172.9485626220703,42.678977966308594,57.730682373046875,45.733375549316406,360.52569580078125,178.8732452392578,85.85836791992188,14.859310150146484,39.97700881958008,38.9677734375,63.444000244140625,178.048828125,339.31719970703125,116.4951171875,32.53742218017578,58.42856979370117,55.9780158996582,148.84524536132812,334.1413879394531
2021-11-11,321.6671447753906,144.97219848632812,145.00535583496094,56.281253814697266,150.90419006347656,133.3599395751953,97.10527801513672,74.22147369384766,50.318603515625,143.94546508789062,41.57706832885742,46.86487579345703,103.26941680908203,89.06698608398438,228.3813934326172,50.41255187988281,46.89047622680664,333.0452880859375,128.80747985839844,204.20767211914062,194.13475036621094,71.38722229003906,219.3800048828125,186.10020446777344,65.38849639892578,118.58277893066406,82.82366943359375,50.264957427978516,202.86734008789062,252.55909729003906,301.4308776855469,172.8627471923828,42.9139404296875,57.825008392333984,45.94224166870117,363.4342956542969,179.72119140625,86.83313751220703,15.00513744354248,40.76887893676758,38.784271240234375,62.69655990600586,179.4369354248047,337.29315185546875,115.89842224121094,32.646488189697266,59.098716735839844,55.422908782958984,147.7154541015625,337.36334228515625
2021-11-12,325.8182678222656,147.05062866210938,146.7394256591797,55.8524284362793,150.22894287109375,133.5056915283203,97.16483306884766,74.20380401611328,50.203311920166016,143.9100799560547,41.204219818115234,46.660831451416016,102.14458465576172,88.59342956542969,228.8469696044922,50.465843200683594,46.656822204589844,337.5749816894531,131.27340698242188,205.4827423095703,194.8236846923828,71.42383575439453,220.9600067138672,185.95066833496094,65.74903869628906,119.70105743408203,82.65662384033203,50.46876525878906,202.89527893066406,250.5041046142578,304.27569580078125,173.42529296875,42.38982009887695,57.86789321899414,46.27824783325195,365.75579833984375,182.16427612304688,87.68496704101562,14.966765403747559,40.8327522277832,39.125450134277344,62.887760162353516,179.35281372070312,337.0213317871094,115.80326080322266,32.66102981567383,58.91108703613281,55.72248840332031,149.68797302246094,340.06402587890625
2021-11-15,325.1893005371094,147.06040954589844,145.4144287109375,56.333778381347656,149.95880126953125,134.27085876464844,99.36788177490234,73.9299545288086,50.21218490600586,144.92758178710938,41.13793182373047,46.670108795166016,102.06730651855469,89.04803466796875,230.91937255859375,50.86553955078125,46.388423919677734,336.1708068847656,131.0232391357422,205.55665588378906,193.37136840820312,71.67096710205078,233.08999633789062,183.9725341796875,65.18683624267578,120.62362670898438,82.19068145751953,50.63011169433594,200.8451690673828,249.32713317871094,305.94482421875,174.60757446289062,42.51633071899414,57.62777328491211,46.387229919433594,365.6654357910156,181.2659912109375,88.00109100341797,15.24307632446289,40.56899642944336,39.337528228759766,63.200645446777344,177.94786071777344,337.349365234375,116.5556411743164,32.86460876464844,59.82249069213867,56.12781524658203,150.88255310058594,342.2341003417969
2021-11-16,328.5178527832031,148.04086303710938,144.6585235595703,56.90261459350586,148.87843322753906,134.07958984375,99.7591781616211,74.30097198486328,49.85744857788086,144.4940643310547,41.096500396728516,46.9390754699707,101.71525573730469,90.553955078125,230.48114013671875,50.625728607177734,45.20746994018555,355.421630859375,131.06613159179688,204.54031372070312,191.24876403808594,71.2865219116211,225.8000030517578,182.18959045410156,63.157955169677734,121.9748306274414,81.6631851196289,50.18851852416992,202.92320251464844,248.64208984375,305.4512634277344,172.50042724609375,42.54344177246094,57.36193084716797,45.742454528808594,364.1117858886719,180.61952209472656,88.42262268066406,15.189346313476562,40.033241271972656,38.443077087402344,63.13111877441406,178.2423095703125,332.28912353515625,115.74272918701172,32.31929397583008,59.660770416259766,55.74011993408203,152.65133666992188,343.0491027832031
2021-11-17,328.74078369140625,150.48204040527344,145.2010040283203,56.281253814697266,148.0771484375,133.99757385253906,99.3117446899414,72.9670639038086,49.58253860473633,144.547119140625,42.148773193359375,46.586639404296875,101.37179565429688,90.28878021240234,230.691162109375,50.41255187988281,44.819091796875,357.70465087890625,131.044677734375,203.72720336914062,188.96786499023438,71.0119400024414,226.6199951171875,182.57102966308594,62.32685089111328,119.8594741821289,81.52254486083984,50.477264404296875,202.19638061523438,251.98023986816406,306.9050598144531,171.25137329101562,42.02836227416992,57.850738525390625,45.26115036010742,353.68768310546875,177.21937561035156,85.77935028076172,15.319826126098633,39.40682601928711,37.48407745361328,62.54883575439453,174.86033630371094,331.6893615722656,116.2356948852539,32.2974739074707,58.99586868286133,55.616756439208984,152.15127563476562,335.0037841796875
2021-11-18,330.8250427246094,154.7761993408203,144.41842651367188,55.66865539550781,146.79869079589844,134.0157928466797,98.47712707519531,73.36459350585938,49.139129638671875,144.59133911132812,42.596195220947266,46.076534271240234,100.1697006225586,89.6541976928711,231.41233825683594,47.632591247558594,45.204315185546875,367.6697998046875,128.818115234375,203.9212188720703,187.51556396484375,69.92266082763672,227.25,180.9743194580078,61.52018356323242,118.94621276855469,83.81709289550781,50.137577056884766,203.8457794189453,252.1249237060547,306.98583984375,168.0096435546875,41.856666564941406,58.133724212646484,45.31563186645508,353.5251159667969,176.27908325195312,85.77935028076172,15.088409423828125,39.41506576538086,38.17566680908203,63.200645446777344,174.54066467285156,329.30914306640625,115.05958557128906,31.99937629699707,59.83148193359375,55.422908782958984,150.34547424316406,338.4057922363281
2021-11-19,332.60870361328125,157.40370178222656,144.85415649414062,53.0956916809082,144.88099670410156,133.74252319335938,96.29161071777344,71.28864288330078,48.890811920166016,144.93643188476562,42.090782165527344,45.928138732910156,99.64591979980469,89.00069427490234,230.01556396484375,47.29508590698242,44.961181640625,370.24261474609375,129.14956665039062,201.8792266845703,186.6032257080078,70.66410064697266,214.1300048828125,182.80162048339844,61.086307525634766,118.20069885253906,81.90058135986328,49.11002731323242,196.16720581054688,251.51718139648438,306.4115295410156,165.46385192871094,41.02531814575195,58.90553665161133,44.33485412597656,349.92999267578125,176.75762939453125,85.10315704345703,14.957274436950684,38.72270202636719,37.70538330078125,60.497745513916016,176.24847412109375,330.9116516113281,116.2616195678711,31.55585289001465,58.70833969116211,54.66514205932617,148.94711303710938,328.0197448730469
2021-11-22,329.4290466308594,157.864501953125,142.94761657714844,53.83082580566406,147.9691162109375,134.63523864746094,98.01248931884766,72.11902618408203,49.19233703613281,145.23727416992188,42.42219924926758,46.21564483642578,100.0065689086914,89.60684204101562,231.41233825683594,48.49411392211914,45.71584701538086,370.333251953125,129.4594268798828,201.5558624267578,188.40931701660156,70.99361419677734,209.89999389648438,179.830078125,61.74630355834961,116.72834777832031,81.75111389160156,48.439144134521484,197.1363525390625,251.2663116455078,309.58831787109375,162.94671630859375,41.82052993774414,60.003211975097656,45.7152099609375,357.8519592285156,173.9367218017578,87.21952819824219,15.798088073730469,39.00294876098633,39.52195739746094,62.479278564453125,178.28598022460938,340.3011474609375,117.12638854980469,31.984834671020508,59.67873001098633,55.40528106689453,149.36378479003906,330.8721618652344
2021-11-23,327.3448791503906,158.24685668945312,143.83375549316406,55.24857711791992,151.50741577148438,136.12918090820312,100.0689468383789,73.14376068115234,49.55593490600586,146.2105255126953,42.322776794433594,45.53859329223633,100.28132629394531,88.02516174316406,233.3934326171875,49.11582565307617,46.041072845458984,369.95269775390625,129.3153076171875,199.57855224609375,191.15567016601562,71.33230590820312,209.1300048828125,181.42672729492188,62.3818473815918,116.00145721435547,82.32255554199219,48.787330627441406,198.71119689941406,252.73269653320312,309.767822265625,162.89906311035156,42.92296600341797,60.569190979003906,46.677833557128906,367.0475158691406,174.9358367919922,89.4500732421875,15.582099914550781,39.060638427734375,39.706382751464844,64.12190246582031,179.07223510742188,341.2944641113281,117.4290771484375,32.16661071777344,59.9752311706543,55.89870834350586,148.5674285888672,330.9858703613281
2021-11-24,327.56793212890625,158.76646423339844,143.43096923828125,55.55488586425781,150.3190155029297,135.41859436035156,100.83473205566406,72.68438720703125,49.156856536865234,144.87449645996094,42.165340423583984,46.15073013305664,100.22979736328125,88.63130950927734,234.72630310058594,49.32898712158203,46.27159881591797,373.34088134765625,127.99665069580078,196.07669067382812,192.77552795410156,71.17670440673828,210.60000610351562,180.9299774169922,62.473514556884766,116.5512466430664,81.45220947265625,48.243831634521484,196.23240661621094,252.7713165283203,308.33197021484375,163.6237030029297,43.040435791015625,60.088958740234375,46.596092224121094,360.5888977050781,174.37330627441406,88.80023956298828,15.6206693649292,38.42598342895508,39.22687911987305,65.03443908691406,176.24847412109375,338.63311767578125,116.94479370117188,32.0502815246582,59.58888626098633,55.775352478027344,147.02090454101562,348.5926513671875
2021-11-26,319.58978271484375,153.7369842529297,142.50006103515625,53.603294372558594,145.7903289794922,134.3346405029297,98.52874755859375,69.92826080322266,47.64925003051758,142.5740509033203,44.742164611816406,45.24180603027344,99.43984985351562,87.44741821289062,228.24440002441406,48.55628204345703,45.75373458862305,364.816162109375,126.47621154785156,192.38079833984375,185.0112762451172,70.53593444824219,199.2100067138672,178.37530517578125,59.79075622558594,117.30608367919922,80.4587631225586,48.006046295166016,188.26499938964844,251.19876098632812,307.5601806640625,149.5220184326172,41.35062789916992,60.26047134399414,43.980690002441406,351.736572265625,170.12521362304688,85.99889373779297,15.23497486114502,37.83252716064453,39.7801513671875,62.122955322265625,173.56842041015625,333.1556091308594,116.97940063476562,31.803054809570312,57.86375045776367,55.29954528808594,144.09457397460938,340.4810485839844
2021-11-29,326.3270263671875,157.09979248046875,142.99240112304688,53.90083312988281,145.16009521484375,135.74656677246094,98.8213119506836,66.15621185302734,48.40306091308594,145.2283935546875,43.416473388671875,46.373321533203125,101.74959564208984,88.02516174316406,228.50921630859375,49.524391174316406,45.03696060180664,368.5485534667969,126.98780059814453,191.8726348876953,182.39524841308594,71.13092803955078,198.5,180.48648071289062,60.13297653198242,119.30964660644531,80.89835357666016,46.40103530883789,186.0098419189453,245.85397338867188,306.2230529785156,150.51361083984375,41.19701385498047,60.58634948730469,44.64362716674805,349.16217041015625,173.8024444580078,85.3841781616211,15.173262596130371,37.98088836669922,39.05168151855469,62.70526885986328,173.0104217529297,335.42376708984375,116.7804946899414,31.614013671875,58.23213195800781,55.969200134277344,145.72445678710938,329.8581237792969
2021-11-30,320.4718322753906,162.06063842773438,139.5730743408203,52.369327545166016,142.99932861328125,131.7020721435547,97.11763000488281,66.17388153076172,46.87482452392578,141.37075805664062,44.51845169067383,45.631343841552734,100.54749298095703,85.94149017333984,224.54345703125,48.707271575927734,44.40544509887695,362.9227600097656,122.5274429321289,186.86465454101562,180.00271606445312,68.66867065429688,197.85000610351562,176.41494750976562,58.04909896850586,117.20358276367188,78.29608917236328,45.54332733154297,178.82516479492188,239.30308532714844,301.5993957519531,145.2123260498047,40.184940338134766,59.11134719848633,43.390403747558594,344.14874267578125,167.86683654785156,83.26778411865234,14.802996635437012,36.92585754394531,38.295536041259766,60.94967269897461,167.7095489501953,328.2802734375,112.69003295898438,31.003257751464844,55.896026611328125,54.4272346496582,142.7703094482422,327.44171142578125
2021-12-01,319.9775085449219,161.54098510742188,141.49754333496094,52.325557708740234,142.15298461914062,133.3599395751953,96.45508575439453,65.75869750976562,46.74076461791992,141.70697021484375,45.305580139160156,45.07486343383789,100.39293670654297,85.00385284423828,224.15785217285156,48.87602996826172,43.303436279296875,364.2509460449219,123.02462768554688,184.25906372070312,178.25245666503906,69.0073471069336,188.19000244140625,178.11805725097656,56.83298873901367,118.10751342773438,78.04995727539062,46.66429901123047,181.45303344726562,240.3546905517578,297.1656799316406,143.0766143798828,39.61564254760742,59.11134719848633,42.87276077270508,341.8695983886719,164.57582092285156,83.6541748046875,15.103837013244629,36.03568649291992,37.07834243774414,60.14144515991211,164.1417999267578,325.6261901855469,113.94398498535156,31.257736206054688,55.54560470581055,54.12765121459961,142.13133239746094,323.6606750488281
2021-12-02,319.40557861328125,160.55078125,140.61141967773438,53.629539489746094,145.14208984375,134.14329528808594,99.07083129882812,65.27284240722656,47.428924560546875,143.07427978515625,43.946746826171875,45.909584045410156,100.37577819824219,85.23117065429688,228.3990478515625,49.87078094482422,42.7761116027832,370.93695068359375,122.68596649169922,188.4908447265625,183.2052001953125,69.08972930908203,202.3800048828125,178.44625854492188,58.195762634277344,119.63581085205078,79.11370849609375,47.054935455322266,184.31385803222656,239.148681640625,299.0749206542969,149.47433471679688,40.75971221923828,59.74592590332031,44.41658020019531,351.912841796875,169.3528289794922,86.81558227539062,15.327544212341309,36.77750778198242,41.17255401611328,61.9317741394043,169.00306701660156,331.8284912109375,114.834716796875,31.417692184448242,56.06673812866211,55.38766098022461,147.2709503173828,332.2556457519531
2021-12-03,313.12396240234375,158.6683807373047,142.66119384765625,53.28823471069336,142.51312255859375,136.52996826171875,98.44270324707031,64.78697967529297,47.848960876464844,146.71751403808594,44.965877532958984,45.67771530151367,102.04154968261719,83.57368469238281,228.88555908203125,49.941837310791016,43.42026901245117,370.97332763671875,124.36492156982422,188.0288543701172,184.1455078125,70.27047729492188,198.49000549316406,179.5728302001953,56.692440032958984,121.39708709716797,79.88734436035156,47.82770919799805,186.24281311035156,236.92971801757812,302.0427551269531,148.6829376220703,39.83355712890625,59.651615142822266,43.3631477355957,347.5450134277344,164.21482849121094,86.24475860595703,14.764425277709961,38.35179901123047,40.047569274902344,61.8014030456543,169.70477294921875,336.78839111328125,117.08316040039062,31.933929443359375,56.18354415893555,56.59481430053711,148.53038024902344,330.94793701171875
2021-12-06,316.20660400390625,162.08021545410156,145.84774780273438,53.89208221435547,144.19676208496094,138.59776306152344,99.98289489746094,64.85765838623047,49.07332992553711,148.24070739746094,42.65419387817383,47.29151153564453,102.96029663085938,84.23668670654297,234.8158416748047,50.59019088745117,43.890750885009766,378.1506652832031,127.686767578125,190.56979370117188,187.38522338867188,71.92726135253906,205.8800048828125,185.2055206298828,58.67244338989258,123.44725799560547,81.45220947265625,48.260807037353516,193.4823760986328,237.65333557128906,307.6074523925781,153.20236206054688,40.087799072265625,59.60015869140625,44.325775146484375,353.5110168457031,165.66722106933594,87.17562103271484,14.826135635375977,39.810699462890625,41.59672546386719,63.278865814208984,170.82920837402344,342.5484619140625,117.9738998413086,32.304752349853516,56.704673767089844,56.77984619140625,152.27166748046875,335.94189453125
2021-12-07,324.66943359375,167.82537841796875,146.2236785888672,54.495941162109375,146.36651611328125,138.23338317871094,101.46283721923828,63.850608825683594,49.34144592285156,148.0714569091797,42.853050231933594,48.75690460205078,104.39424133300781,85.2879867553711,238.59803771972656,51.58494186401367,43.748661041259766,378.5873718261719,127.2183837890625,191.4013671875,190.37367248535156,71.22245025634766,208.8300018310547,187.4497833251953,59.6135368347168,123.400634765625,81.6983871459961,48.51558303833008,194.77481079101562,236.47625732421875,306.8926696777344,159.18055725097656,40.59626388549805,59.72879409790039,45.63348388671875,363.32720947265625,171.45169067382812,90.0121078491211,15.396965026855469,39.75300598144531,41.55983352661133,64.80847930908203,173.6444854736328,341.3342590332031,118.3717041015625,32.34838104248047,57.64811325073242,56.89439392089844,153.98484802246094,342.4141845703125
2021-12-08,324.71783447265625,171.64892578125,147.10086059570312,54.65346908569336,144.69192504882812,138.8528289794922,101.91887664794922,64.67214965820312,49.153778076171875,148.32977294921875,42.587921142578125,47.99638366699219,105.63068389892578,84.23668670654297,238.2951202392578,50.64348602294922,43.30659103393555,374.10260009765625,126.85089111328125,189.0914306640625,190.09439086914062,71.17670440673828,211.02999877929688,189.41014099121094,60.05964660644531,123.35403442382812,81.84781646728516,48.914703369140625,195.09326171875,235.71414184570312,308.62091064453125,161.06838989257812,40.09687423706055,59.780250549316406,44.87065124511719,360.7937316894531,170.98992919921875,88.91438293457031,15.281259536743164,39.975547790527344,39.475860595703125,64.40869140625,173.0780792236328,342.6707763671875,118.38033294677734,32.37018966674805,57.621150970458984,56.57717514038086,152.63282775878906,342.1488037109375
2021-12-09,322.9051208496094,171.13914489746094,148.49720764160156,54.793495178222656,144.46685791015625,139.66355895996094,101.65215301513672,64.36297607421875,49.028648376464844,148.1427459716797,43.15132522583008,46.81850051879883,106.10294342041016,84.07566833496094,240.82879638671875,51.114219665527344,43.908958435058594,374.1844482421875,126.77886199951172,190.3387908935547,190.0385284423828,71.39636993408203,207.55999755859375,188.55856323242188,59.78464126586914,123.50316619873047,85.54899597167969,48.8637580871582,197.8935546875,234.34413146972656,310.9010314941406,160.2007598876953,40.396514892578125,60.286197662353516,45.12491989135742,360.0400085449219,167.41348266601562,88.3260269165039,15.096124649047852,40.52778244018555,40.27809524536133,63.05290985107422,174.61680603027344,346.218994140625,118.25823211669922,32.42108917236328,56.857418060302734,56.36571502685547,151.9197540283203,342.9637756347656
2021-12-10,332.0561828613281,175.93328857421875,148.13026428222656,55.1435661315918,143.89065551757812,141.6129608154297,101.82422637939453,64.15095520019531,50.297706604003906,150.5121612548828,43.731319427490234,46.920528411865234,106.54944610595703,97.20271301269531,243.2431640625,52.624114990234375,44.71104431152344,377.8777770996094,127.61473846435547,193.859130859375,189.41477966308594,72.74191284179688,205.05999755859375,187.06834411621094,59.24687194824219,125.21784210205078,86.91166687011719,47.861690521240234,201.30264282226562,235.5404510498047,312.0592346191406,159.25682067871094,40.42375946044922,60.24332046508789,45.58808135986328,355.10919189453125,164.693359375,86.4379653930664,16.546337127685547,40.79978561401367,41.126441955566406,63.86985397338867,176.78955078125,349.2307434082031,118.65940856933594,32.784629821777344,57.010169982910156,57.061798095703125,151.29000854492188,339.5903015136719
2021-12-13,329.0122985839844,172.2960205078125,150.7797393798828,53.935848236083984,142.18002319335938,143.62611389160156,99.70753479003906,64.85765838623047,51.620391845703125,151.26039123535156,45.7364387512207,46.373321533203125,105.25288391113281,95.55472564697266,241.51727294921875,52.05567932128906,45.51630783081055,368.6355285644531,125.79886627197266,193.32322692871094,187.35731506347656,74.27052307128906,197.39999389648438,187.5118408203125,56.912437438964844,126.69953918457031,86.94683074951172,50.14606857299805,201.49928283691406,239.77581787109375,312.66546630859375,155.70042419433594,39.57023620605469,60.55203628540039,44.09874725341797,349.2794189453125,162.97227478027344,85.33146667480469,15.759517669677734,40.50305938720703,42.076229095458984,61.723182678222656,174.42230224609375,355.13189697265625,121.45864868164062,32.98094940185547,58.07938766479492,58.09272766113281,150.7714385986328,333.0137634277344
2021-12-14,318.290771484375,170.91363525390625,152.4267120361328,53.85707473754883,143.26942443847656,144.15443420410156,100.00011444091797,65.74050903320312,51.6561393737793,150.88626098632812,46.018150329589844,46.0950813293457,106.26608276367188,94.60761260986328,240.9940185546875,51.30961608886719,45.95063781738281,365.8701171875,125.89974212646484,190.9670867919922,187.7204132080078,75.17671203613281,195.5,189.59640502929688,56.28910827636719,123.88523864746094,86.84130859375,50.536712646484375,202.87600708007812,240.59588623046875,312.7469482421875,155.27137756347656,40.06963348388672,61.0891227722168,44.39841842651367,353.0751647949219,159.53016662597656,86.78043365478516,15.466387748718262,40.65141677856445,42.03011703491211,61.42768859863281,172.24952697753906,354.0871276855469,120.42090606689453,33.010040283203125,58.2680778503418,58.07509231567383,150.4473114013672,330.2940368652344
2021-12-15,324.40765380859375,175.78623962402344,153.18753051757812,53.620792388916016,142.19802856445312,144.71009826660156,99.43220520019531,67.14056396484375,51.88850784301758,152.82814025878906,48.719242095947266,46.99471664428711,105.70796966552734,98.16877746582031,242.8300323486328,53.22806167602539,46.213775634765625,370.97332763671875,126.66356658935547,193.8129425048828,188.5675506591797,75.75337219238281,195.42999267578125,194.4840087890625,56.270774841308594,126.32676696777344,88.39741516113281,51.4708366394043,203.66268920898438,265.5836181640625,311.6429443359375,154.68975830078125,39.89711380004883,61.68684387207031,44.443824768066406,354.0649108886719,163.54080200195312,87.3161392211914,15.574389457702637,40.93165969848633,42.620269775390625,61.45376205444336,173.9657745361328,356.53424072265625,120.60405731201172,33.417205810546875,58.47473907470703,59.335113525390625,153.59591674804688,325.9255676269531
2021-12-16,314.9560852050781,168.8842010498047,154.8614044189453,53.70830535888672,144.4218292236328,146.75965881347656,100.36148834228516,67.69345092773438,52.415794372558594,153.05084228515625,50.74921417236328,47.14311981201172,108.12936401367188,97.76151275634766,243.7755584716797,53.56556701660156,45.44339370727539,363.4412536621094,128.48663330078125,193.6743621826172,191.9376678466797,76.8426284790039,190.7899932861328,197.43785095214844,56.5457763671875,126.8206558227539,88.98644256591797,52.79560852050781,204.79588317871094,269.211181640625,312.0230407714844,155.41439819335938,40.859588623046875,62.63975143432617,45.67887878417969,360.839111328125,160.9486541748047,88.08013916015625,15.697809219360352,40.601966857910156,42.334415435791016,62.31416702270508,175.8257293701172,356.4400939941406,123.67366790771484,34.42786407470703,59.4541015625,60.67441940307617,156.80006408691406,330.04766845703125
2021-12-17,313.88970947265625,167.78616333007812,150.58282470703125,52.53559494018555,141.1356201171875,143.434814453125,97.7457504272461,67.49726867675781,51.59358215332031,149.9153289794922,49.28266906738281,46.948341369628906,109.39154052734375,91.51056671142578,240.2412872314453,53.69879150390625,43.98820877075195,352.93450927734375,125.9213638305664,189.57188415527344,187.46905517578125,75.49708557128906,192.6300048828125,197.3668975830078,55.88578796386719,127.7712173461914,88.23037719726562,52.27759552001953,205.68565368652344,258.0005187988281,311.38970947265625,152.5635223388672,39.84263610839844,62.55310821533203,43.54478073120117,346.70050048828125,163.26219177246094,85.29634857177734,15.25040340423584,40.26402282714844,41.30164337158203,59.62866973876953,174.65904235839844,355.2542419433594,121.53714752197266,35.08224868774414,58.645442962646484,59.60826873779297,152.41983032226562,328.853759765625
2021-12-20,310.11883544921875,166.42340087890625,150.1531524658203,51.774208068847656,138.59671020507812,143.79917907714844,97.78877258300781,68.13932037353516,51.42378234863281,150.91297912597656,50.55864334106445,46.0023307800293,109.099609375,86.79389953613281,240.2688751220703,53.60997009277344,44.130882263183594,354.226318359375,124.40094757080078,184.6563720703125,181.9669952392578,75.53369903564453,188.47999572753906,195.14039611816406,55.03559875488281,125.78629302978516,88.19520568847656,52.413475036621094,203.2318878173828,254.19924926757812,305.3091735839844,148.63526916503906,39.18888473510742,62.778350830078125,42.545841217041016,337.4472961425781,159.44570922851562,83.75077819824219,14.980419158935547,40.2475471496582,41.965572357177734,59.61995315551758,171.1420135498047,348.1860046386719,123.22019958496094,34.98044967651367,57.7020263671875,59.73161697387695,148.79893493652344,320.92205810546875
2021-12-21,317.27294921875,169.5999298095703,149.66983032226562,52.94691848754883,140.5323944091797,143.7080841064453,99.35478210449219,67.3635025024414,51.62933349609375,150.46759033203125,48.843528747558594,47.08747482299805,110.73963928222656,86.67076873779297,242.7107391357422,54.20504379272461,44.2640380859375,355.1995849609375,124.60272979736328,186.33799743652344,184.62025451660156,75.14009094238281,199.52000427246094,195.9653778076172,56.91944885253906,126.0565414428711,88.60840606689453,52.18418502807617,206.26634216308594,255.54994201660156,308.3403625488281,153.42166137695312,40.12411117553711,62.23259735107422,43.41764831542969,345.3565979003906,160.91490173339844,85.85836791992188,15.126978874206543,41.178932189941406,40.45328903198242,61.42768859863281,175.09022521972656,356.22357177734375,121.46736145019531,34.733245849609375,58.25010681152344,57.32613754272461,151.8086395263672,331.4880676269531
2021-12-22,323.0020446777344,172.19798278808594,150.31430053710938,53.37574768066406,141.0815887451172,145.12911987304688,99.92266845703125,67.91639709472656,51.99575424194336,151.40293884277344,49.34067153930664,47.27296829223633,111.40937805175781,85.1080093383789,243.21560668945312,54.649139404296875,44.32109451293945,359.90264892578125,124.40094757080078,186.49505615234375,188.1951904296875,75.4787826538086,201.69000244140625,196.5064697265625,56.925567626953125,129.52316284179688,88.70511627197266,52.736167907714844,208.22369384765625,257.11285400390625,310.48486328125,154.90904235839844,40.205833435058594,62.74368667602539,43.617427825927734,347.1817626953125,162.15606689453125,86.32381439208984,15.53581714630127,41.549842834472656,40.13055419921875,61.77533721923828,176.22308349609375,357.4659729003906,121.40633392333984,34.74065399169922,58.06142044067383,57.89006042480469,153.4847869873047,328.8252868652344
2021-12-23,324.4464416503906,172.82542419433594,150.6007080078125,53.402000427246094,141.58578491210938,145.8396453857422,100.16358947753906,67.5329360961914,52.03150177001953,151.2336883544922,48.644676208496094,47.58830261230469,112.16497802734375,84.97542572021484,244.142822265625,55.31526565551758,44.222816467285156,361.2034606933594,126.07989501953125,189.61805725097656,191.965576171875,75.78083801269531,204.22000122070312,198.51119995117188,57.4943962097168,129.6815948486328,89.0655517578125,52.69370651245117,211.55783081054688,263.48040771484375,313.9955139160156,156.5490264892578,40.33295440673828,62.787017822265625,43.917110443115234,349.6426696777344,164.89175415039062,87.23709106445312,15.6206693649292,41.607540130615234,39.844696044921875,61.870941162109375,179.39349365234375,358.7459716796875,121.11854553222656,34.60726547241211,58.79820251464844,58.145591735839844,154.70718383789062,330.928955078125
2021-12-27,331.9690246582031,176.7960662841797,151.87176513671875,54.16337966918945,142.39613342285156,147.54310607910156,102.21143341064453,68.28199768066406,52.415794372558594,152.73904418945312,49.0506706237793,48.172607421875,113.01505279541016,84.80496215820312,246.2449493408203,56.32776641845703,44.62544631958008,367.5893859863281,127.32653045654297,190.73609924316406,192.13316345214844,76.8060302734375,203.1699981689453,199.73529052734375,57.873619079589844,131.82492065429688,90.02381134033203,52.89752197265625,213.40283203125,268.6033020019531,316.9453430175781,156.73968505859375,40.532711029052734,63.124855041503906,44.28944778442383,352.3668212890625,168.2944793701172,88.16796112060547,16.04493522644043,41.813602447509766,40.33342361450195,63.62651062011719,181.8621826171875,361.6070251464844,121.91215515136719,34.67395782470703,59.36425018310547,58.20726776123047,157.1890411376953,332.3788146972656
2021-12-28,330.80572509765625,175.7764129638672,152.48045349121094,53.98835372924805,142.8282470703125,148.33558654785156,102.01351928710938,68.49601745605469,52.62134552001953,153.53182983398438,48.06468200683594,48.00565719604492,113.88228607177734,83.96202087402344,245.9145965576172,56.42547607421875,45.265846252441406,369.5269470214844,128.0038604736328,191.30899047851562,192.35662841796875,77.3094482421875,206.1300048828125,200.26751708984375,58.28953552246094,130.90235900878906,90.34910583496094,52.9484748840332,215.91278076171875,266.6930847167969,320.0851135253906,156.7587890625,40.587188720703125,63.21148681640625,43.971595764160156,351.97637939453125,168.37042236328125,87.79035186767578,16.01407814025879,42.39057159423828,40.9604606628418,63.548282623291016,181.49859619140625,362.6612548828125,121.90341186523438,35.111183166503906,60.13697052001953,58.93861389160156,158.53179931640625,331.45013427734375
2021-12-29,331.4842529296875,175.86463928222656,153.5545196533203,53.515769958496094,142.75619506835938,149.56536865234375,101.48863983154297,68.62088012695312,52.68389892578125,154.07521057128906,47.708412170410156,48.07058334350586,114.50050354003906,83.54528045654297,246.4744873046875,56.80739212036133,45.243656158447266,373.72967529296875,128.55870056152344,191.7524871826172,193.0176239013672,77.72135162353516,203.66000366210938,201.89080810546875,57.977596282958984,131.57330322265625,91.16669464111328,52.89752197265625,216.95237731933594,268.6130065917969,320.5556640625,156.2057342529297,40.52363204956055,63.791873931884766,43.998844146728516,350.6960144042969,166.79150390625,86.701416015625,15.85980224609375,43.06644058227539,41.22787857055664,63.374473571777344,181.43099975585938,362.34124755859375,123.01962280273438,35.12600326538086,60.20884704589844,59.053157806396484,158.55032348632812,327.602783203125
2021-12-30,328.9347229003906,174.70777893066406,154.23484802246094,53.20071792602539,142.68417358398438,148.27186584472656,101.04122161865234,68.79031372070312,52.53197479248047,153.80796813964844,48.38782501220703,47.98711395263672,114.9813461303711,83.35586547851562,245.29945373535156,56.505409240722656,45.38948440551758,372.9109191894531,128.0038604736328,191.36441040039062,191.85389709472656,77.42845153808594,202.7100067138672,200.88844299316406,57.92254638671875,131.39622497558594,91.14910888671875,53.092838287353516,216.10948181152344,267.4841613769531,319.9313049316406,156.52040100097656,40.432830810546875,63.54930877685547,43.680999755859375,350.0784912109375,167.29811096191406,86.76290130615234,15.790375709533691,42.85213851928711,41.6243896484375,62.8182373046875,180.83920288085938,361.9083251953125,123.41204833984375,35.01483917236328,60.07406997680664,59.07958221435547,158.43922424316406,325.10296630859375
2021-12-31,326.0265808105469,174.0901641845703,153.1249237060547,53.550777435302734,142.56715393066406,149.00970458984375,100.9723892211914,68.34443664550781,52.91626739501953,154.734375,48.92638397216797,47.76451873779297,114.76668548583984,82.59818267822266,246.08895874023438,56.28336715698242,45.87137985229492,377.5229187011719,127.99665069580078,192.657958984375,192.4683380126953,78.11495971679688,201.32000732421875,199.55789184570312,57.7818717956543,131.1539764404297,90.69195556640625,52.9484748840332,215.06057739257812,266.4904479980469,321.5871276855469,155.9864959716797,40.396514892578125,62.89962387084961,43.5720329284668,347.38153076171875,166.0316162109375,86.20085906982422,16.021793365478516,42.99225616455078,41.73504638671875,62.9053955078125,181.21116638183594,364.2989501953125,124.63289642333984,35.118595123291016,60.7299919128418,59.3703498840332,159.68936157226562,325.92041015625
2022-01-03,324.50457763671875,178.44313049316406,153.54562377929688,55.607391357421875,145.58326721191406,148.39024353027344,102.6158218383789,68.549560546875,52.996700286865234,154.0841064453125,46.93785095214844,49.35048294067383,116.81026458740234,83.2516860961914,246.55706787109375,56.09685516357422,45.858699798583984,371.7283630371094,128.07591247558594,191.07798767089844,192.7104034423828,77.42845153808594,207.86000061035156,201.08358764648438,58.86447525024414,129.5697479248047,91.57109069824219,52.54933547973633,219.340576171875,262.1587219238281,320.636962890625,160.38194274902344,41.9310188293457,62.873634338378906,46.06937789916992,358.9866943359375,164.29226684570312,87.98353576660156,16.79318618774414,43.734073638916016,41.67048645019531,64.29108428955078,180.5010223388672,362.84942626953125,124.20561218261719,35.548404693603516,60.999534606933594,59.264625549316406,157.98544311523438,332.7830810546875
2022-01-04,318.94036865234375,176.1784210205078,153.1338348388672,57.69902038574219,151.102294921875,148.9095001220703,104.48298645019531,68.67438507080078,53.881473541259766,154.30677795410156,45.18130111694336,49.28557205200195,118.51039123535156,84.1419677734375,246.49288940429688,54.72100830078125,45.0185661315918,375.5489501953125,129.87014770507812,193.1107177734375,203.02552795410156,77.68475341796875,213.6300048828125,202.10366821289062,60.77891540527344,126.52247619628906,91.68539428710938,52.76165008544922,218.49769592285156,257.4119567871094,327.54095458984375,165.53060913085938,43.57448959350586,62.55310821533203,47.90380096435547,370.01971435546875,164.74818420410156,91.55768585205078,18.752517700195312,44.08024978637695,42.57416534423828,67.07990264892578,183.70521545410156,373.6352844238281,124.8770980834961,36.33392333984375,62.13165283203125,59.81973648071289,158.58738708496094,352.91485595703125
2022-01-05,306.6968078613281,171.49208068847656,154.15423583984375,58.41664505004883,148.33981323242188,149.58358764648438,105.16273498535156,70.34197235107422,54.32831573486328,154.83236694335938,46.092716217041016,49.962608337402344,118.68209838867188,81.88782501220703,245.28114318847656,53.854408264160156,45.62726593017578,370.4548034667969,129.33689880371094,195.0141143798828,204.58021545410156,78.00511932373047,213.07000732421875,199.70867919921875,60.77891540527344,125.95401000976562,93.02167510986328,52.78712463378906,221.51341247558594,251.4689178466797,324.057373046875,163.76670837402344,42.839012145996094,62.52713394165039,47.48606491088867,361.9833068847656,158.2974090576172,89.29199981689453,18.251115798950195,44.50886154174805,43.16432189941406,65.92952728271484,181.3971710205078,371.7529296875,125.62704467773438,36.04490661621094,61.64645004272461,60.62155532836914,160.30059814453125,353.63726806640625
2022-01-06,304.2734069824219,168.62928771972656,153.62619018554688,59.79063034057617,149.91574096679688,148.3264923095703,106.05757904052734,70.2973861694336,54.04233169555664,154.8679656982422,45.43815231323242,50.09246063232422,116.2092056274414,82.07796478271484,247.57611083984375,54.426185607910156,45.50044631958008,369.1085205078125,128.26324462890625,194.79238891601562,206.6656036376953,77.49252319335938,211.33999633789062,199.73529052734375,61.1336784362793,125.93534851074219,90.19085693359375,52.66718673706055,213.10316467285156,250.1953582763672,323.9306640625,165.26736450195312,43.70159912109375,62.01603698730469,48.70296096801758,360.4396057128906,160.4420623779297,90.82001495361328,18.868223190307617,43.22304153442383,43.45018005371094,68.40459442138672,183.15567016601562,373.8988037109375,124.80731201171875,36.467308044433594,62.19453811645508,60.348411560058594,158.00396728515625,357.7340087890625
2022-01-07,304.428466796875,168.79598999023438,155.70277404785156,60.28071212768555,151.4011688232422,148.2445068359375,107.58055877685547,71.60828399658203,53.91721725463867,155.06394958496094,46.167293548583984,49.56380081176758,115.77130889892578,83.19020080566406,245.1617431640625,54.61379623413086,45.93478775024414,358.0560302734375,129.66839599609375,199.34756469726562,208.71371459960938,77.2911605834961,215.5,201.6157989501953,62.02054977416992,126.32676696777344,91.59747314453125,53.82367706298828,218.3852996826172,250.35939025878906,325.8670349121094,166.68209838867188,44.65498733520508,61.730167388916016,49.73822021484375,360.9662780761719,161.7592315673828,91.37327575683594,18.852802276611328,44.37697982788086,44.372291564941406,70.27833557128906,184.4407501220703,376.863525390625,125.34798431396484,36.88229751586914,62.72466278076172,60.87217712402344,155.3091278076172,359.91064453125
2022-01-10,304.6514587402344,168.8155517578125,154.93299865722656,59.92190933227539,151.5460662841797,146.22222900390625,107.6493911743164,73.45421600341797,54.006591796875,155.14413452148438,46.5981330871582,51.20541763305664,115.9430160522461,84.8728256225586,242.7290802001953,55.23025131225586,45.84602737426758,352.46148681640625,127.8381118774414,197.2316436767578,206.3397674560547,76.6229476928711,209.30999755859375,204.347900390625,60.809505462646484,126.04720306396484,92.36231994628906,55.768287658691406,218.86297607421875,250.9479217529297,328.6810302734375,166.07032775878906,44.4279899597168,62.44917297363281,50.26493453979492,362.4736633300781,159.75814819335938,91.44351959228516,18.39767837524414,44.28631591796875,45.27596664428711,70.61823272705078,179.00457763671875,378.5670471191406,126.08922576904297,37.452911376953125,62.83250045776367,61.049720764160156,153.9015350341797,361.0607604980469
2022-01-11,305.33966064453125,171.64892578125,153.28602600097656,62.44236373901367,151.70004272460938,144.5279083251953,110.1102294921875,72.82997131347656,54.02445602416992,155.07286071777344,46.97098922729492,51.854644775390625,114.08834075927734,84.11231994628906,240.62684631347656,55.721622467041016,45.716041564941406,351.742919921875,128.96942138671875,199.86495971679688,204.7664337158203,76.12866973876953,216.02000427246094,206.13087463378906,62.25909423828125,126.4572525024414,93.223876953125,56.093814849853516,224.9036865234375,253.08009338378906,329.48638916015625,167.6379852294922,44.68222427368164,62.691715240478516,50.90970993041992,365.9969787597656,163.53231811523438,93.01542663574219,18.78337287902832,44.78084945678711,43.99422836303711,72.84930419921875,178.61566162109375,377.0329284667969,124.82473754882812,36.66740036010742,63.32666778564453,60.836669921875,156.3278045654297,361.71661376953125
2022-01-12,308.52899169921875,172.09011840820312,151.97918701171875,62.258575439453125,152.5605010986328,144.84674072265625,109.55957794189453,72.41085815429688,54.10489273071289,154.90362548828125,46.93785095214844,51.69697570800781,114.7065658569336,83.95069122314453,239.5252685546875,55.49827575683594,45.47509002685547,354.226318359375,129.28648376464844,201.65748596191406,207.0472869873047,75.85408020019531,217.4499969482422,205.5808868408203,62.534332275390625,124.61211395263672,92.99529266357422,55.528419494628906,223.62998962402344,246.905517578125,326.91656494140625,166.7681121826172,44.364437103271484,62.5877685546875,51.218475341796875,354.4281921386719,152.6825408935547,90.49507904052734,18.875940322875977,44.43467330932617,43.46862030029297,73.55522155761719,178.5734100341797,372.2611999511719,124.78117370605469,36.674808502197266,63.27275085449219,60.659122467041016,155.99440002441406,357.62939453125
2022-01-13,295.47119140625,168.8155517578125,151.0572052001953,61.8122444152832,152.3702850341797,144.19085693359375,109.10353088378906,72.51787567138672,54.42662811279297,155.1530303955078,46.018150329589844,50.95500183105469,115.71118927001953,83.45638275146484,239.9750213623047,54.94436264038086,46.11867141723633,352.02490234375,130.4394073486328,202.747802734375,211.32977294921875,75.55200958251953,223.89999389648438,204.773681640625,62.66889953613281,121.24546813964844,92.60847473144531,55.3399543762207,225.2877197265625,240.87564086914062,330.4273376464844,165.64019775390625,44.27362823486328,62.267242431640625,50.855220794677734,354.87310791015625,149.71044921875,90.05601501464844,19.300209045410156,44.665462493896484,45.626373291015625,72.87545013427734,177.93931579589844,374.21881103515625,124.60675811767578,37.282466888427734,63.70404052734375,61.165130615234375,156.33706665039062,361.5646057128906
2022-01-14,300.7059631347656,169.6782989501953,150.23374938964844,62.897438049316406,143.0050811767578,145.57546997070312,110.96209716796875,72.57136535644531,54.86453628540039,156.45355224609375,45.529293060302734,51.659881591796875,115.23896026611328,83.36131286621094,236.5784149169922,54.81928634643555,45.98868942260742,338.3979187011719,128.79647827148438,201.10311889648438,213.1358184814453,76.38496398925781,225.9600067138672,208.7742462158203,63.097049713134766,119.85206604003906,93.38211822509766,55.62264633178711,226.80491638183594,235.52114868164062,337.1593322753906,160.966064453125,43.501834869384766,62.17194747924805,52.72595977783203,345.9195556640625,147.7346954345703,86.83313751220703,19.431339263916016,44.756126403808594,45.29441452026367,75.59454345703125,174.61680603027344,379.7152099609375,124.8770980834961,37.65300369262695,64.28807067871094,62.05286407470703,152.79954528808594,360.77557373046875
2022-01-18,293.3870544433594,166.47242736816406,149.57139587402344,63.95637893676758,137.00914001464844,142.76979064941406,111.3234634399414,72.71406555175781,54.42662811279297,154.9570770263672,44.83330535888672,50.78805923461914,114.1484603881836,81.32696533203125,235.44931030273438,53.36302947998047,45.18342590332031,333.59490966796875,128.4650421142578,197.3517608642578,214.00161743164062,76.08291625976562,225.00999450683594,207.41708374023438,62.9318962097168,118.36512756347656,91.87879180908203,55.588382720947266,224.75387573242188,238.3672637939453,340.706298828125,158.8345184326172,42.003662109375,61.01115417480469,51.48183059692383,321.81939697265625,144.1800079345703,82.55646514892578,18.8065128326416,44.11322021484375,44.805702209472656,76.26558685302734,173.81356811523438,378.0023193359375,122.85396575927734,37.39362716674805,64.03649139404297,61.48470687866211,151.67897033691406,364.91033935546875
2022-01-19,294.04620361328125,162.9723663330078,149.1059112548828,63.98261642456055,134.88975524902344,147.57040405273438,110.9190673828125,72.49112701416016,54.51599884033203,156.07049560546875,44.361026763916016,49.73074722290039,112.980712890625,79.26405334472656,234.29258728027344,52.621517181396484,45.63360595703125,327.19989013671875,128.60914611816406,194.70919799804688,207.3596649169922,76.94332885742188,217.0800018310547,205.17286682128906,61.54347229003906,117.87883758544922,90.94690704345703,55.44275665283203,223.64874267578125,236.41839599609375,341.4211120605469,154.26553344726562,42.16709518432617,59.83304214477539,50.4647216796875,315.3902893066406,141.67230224609375,84.06692504882812,17.317729949951172,44.121463775634766,44.796470642089844,76.06515502929688,172.26641845703125,378.02117919921875,124.42359161376953,37.11943435668945,63.79387664794922,61.387081146240234,149.60462951660156,357.2967834472656
2022-01-20,292.3692321777344,161.28604125976562,147.9154510498047,64.12265014648438,133.739501953125,148.3672332763672,110.52324676513672,72.00955200195312,54.292564392089844,154.93927001953125,44.783592224121094,48.265350341796875,112.32813262939453,78.63665008544922,232.37400817871094,51.888916015625,44.77128982543945,318.00311279296875,125.07108306884766,193.0368194580078,202.6541748046875,76.23851013183594,214.19000244140625,203.04396057128906,60.0938835144043,116.6257095336914,90.49615478515625,55.32282638549805,225.13783264160156,234.5659942626953,339.43048095703125,153.81625366210938,41.54057312011719,58.741539001464844,49.94709014892578,316.0986022949219,139.1392822265625,87.66740417480469,16.70061492919922,43.83298110961914,43.588497161865234,74.62716674804688,171.02365112304688,374.0305480957031,123.45563507080078,37.29729080200195,61.89804458618164,60.79227066040039,147.89141845703125,348.8182373046875
2022-01-21,286.96966552734375,159.22723388671875,147.57530212402344,63.15997314453125,131.40274047851562,148.9350128173828,109.19819641113281,71.32290649414062,54.02445602416992,155.1886444091797,43.73960876464844,48.265350341796875,111.06591796875,78.16133880615234,233.7142791748047,50.63814926147461,44.444732666015625,317.5664978027344,124.40815734863281,189.50726318359375,200.27806091308594,77.00237274169922,205.44000244140625,201.99725341796875,58.901180267333984,117.673095703125,89.7625732421875,54.43190002441406,221.26051330566406,234.49850463867188,335.87445068359375,151.73248291015625,40.78695297241211,59.347930908203125,48.73927688598633,312.29376220703125,134.82470703125,86.81558227539062,15.929224014282227,43.272499084472656,43.2657585144043,72.091064453125,170.7362060546875,375.3481750488281,124.98177337646484,37.28988265991211,61.94296646118164,61.28053283691406,143.29818725585938,346.2518310546875
2022-01-24,287.2992248535156,158.45272827148438,145.8745880126953,63.702571868896484,131.28500366210938,147.7261199951172,109.43050384521484,70.2973861694336,53.58654022216797,154.39585876464844,42.70390319824219,48.172607421875,110.61084747314453,78.3514633178711,232.8146209716797,50.83469772338867,44.447906494140625,330.9477233886719,124.5162353515625,188.90663146972656,200.50257873535156,77.00237274169922,204.1999969482422,200.54251098632812,59.2742805480957,115.79339599609375,91.48606872558594,53.63520812988281,221.41969299316406,231.95147705078125,337.80181884765625,151.91412353515625,40.450992584228516,59.39990234375,48.42143249511719,311.8215637207031,134.52072143554688,86.13060760498047,15.728666305541992,43.1735954284668,44.003448486328125,72.35252380371094,172.57925415039062,379.3482360839844,123.6562271118164,37.015689849853516,61.628482818603516,60.85442352294922,143.5667266845703,346.0142517089844
2022-01-25,279.66046142578125,156.6487579345703,150.04576110839844,65.57540893554688,132.71603393554688,146.1142120361328,114.08545684814453,70.85919952392578,53.46142578125,152.6232452392578,43.532466888427734,47.300785064697266,116.86178588867188,77.0680923461914,230.1248779296875,50.128910064697266,43.480953216552734,326.5541076660156,125.20077514648438,186.9200897216797,200.4838409423828,75.2261734008789,204.10000610351562,199.6199493408203,55.72675704956055,115.279052734375,91.12366485595703,53.506710052490234,219.84632873535156,231.0253143310547,350.32470703125,165.4681396484375,41.25001907348633,59.63380432128906,48.666629791259766,310.1507568359375,133.1106414794922,86.9736557006836,15.412391662597656,42.027896881103516,41.56906509399414,75.91700744628906,170.7277374267578,379.4610900878906,121.76387023925781,37.074974060058594,61.430809020996094,60.66798400878906,142.60360717773438,349.9969177246094
2022-01-26,287.6288146972656,156.560546875,150.71713256835938,64.9103012084961,133.97500610351562,144.8411865234375,114.1715087890625,70.5738296508789,53.26481246948242,151.010986328125,43.92189407348633,47.94073486328125,115.2818603515625,75.6611557006836,229.3629150390625,49.43205642700195,43.03711700439453,325.00762939453125,121.99419403076172,185.3955078125,200.46514892578125,74.904052734375,194.27000427246094,197.40237426757812,54.63191604614258,112.28649139404297,92.6792221069336,53.3182487487793,219.1719970703125,229.48165893554688,354.00732421875,167.58058166503906,41.676780700683594,58.33440017700195,49.16610336303711,311.1768493652344,132.24099731445312,87.96598052978516,15.358394622802734,41.01408004760742,40.92356872558594,75.87342071533203,168.2421417236328,379.5081787109375,117.58677673339844,36.65998840332031,64.93499755859375,60.18862533569336,142.14059448242188,353.8178405761719
2022-01-27,290.6630859375,156.09974670410156,152.69525146484375,65.74170684814453,131.61106872558594,145.7387237548828,116.47748565673828,71.85795593261719,53.30949783325195,150.8684539794922,44.5563850402832,44.56475830078125,113.78783416748047,75.84176635742188,228.34396362304688,48.79773712158203,43.065650939941406,324.234375,122.61392974853516,185.3955078125,198.48193359375,76.10966491699219,189.75,198.6974639892578,54.98666763305664,112.63252258300781,94.38504791259766,54.70603942871094,213.0001220703125,228.38180541992188,352.05291748046875,164.31155395507812,41.286346435546875,58.27376174926758,48.821014404296875,309.6786193847656,126.52479553222656,88.82659149169922,15.080692291259766,41.21190643310547,41.86414337158203,78.13934326171875,164.7166748046875,351.9883728027344,119.88896179199219,37.30470275878906,66.66909790039062,60.6768684387207,142.04798889160156,357.3537292480469
2022-01-28,298.82537841796875,166.99203491210938,153.76937866210938,65.88170623779297,132.7884979248047,146.99343872070312,112.38180541992188,72.1433334350586,54.37300491333008,153.80796813964844,45.35784912109375,44.267967224121094,115.48794555664062,76.50721740722656,235.0912628173828,49.68220901489258,43.598262786865234,333.4311828613281,117.52659606933594,186.6336669921875,188.18223571777344,76.43177795410156,190.57000732421875,203.25682067871094,56.332279205322266,117.2242202758789,96.57695770263672,55.60551834106445,218.63818359375,236.46664428710938,355.7355651855469,169.24375915527344,41.649539947509766,59.651123046875,49.21150588989258,315.1087951660156,126.49101257324219,90.02037048339844,15.150479316711426,41.59105682373047,40.08445358276367,77.75587463378906,167.60806274414062,357.83306884765625,121.14472198486328,37.40845489501953,68.21453094482422,61.591243743896484,143.38148498535156,355.2911376953125
2022-01-31,301.4621276855469,171.3548126220703,154.21694946289062,66.4768295288086,134.59088134765625,146.94764709472656,113.0013198852539,72.66056060791016,54.524932861328125,154.56512451171875,43.98868179321289,45.278907775878906,114.68942260742188,77.15365600585938,238.17578125,49.735809326171875,44.32426452636719,333.8314514160156,119.6307144165039,188.9343719482422,188.55641174316406,75.87959289550781,200.24000549316406,201.48275756835938,57.787994384765625,119.19744873046875,94.13756561279297,55.588382720947266,215.837890625,236.74644470214844,352.0981750488281,171.8819122314453,41.89469909667969,59.49519729614258,48.857337951660156,322.0736999511719,130.3918914794922,90.67475128173828,15.739747047424316,41.01408004760742,40.195098876953125,77.23298645019531,170.95599365234375,348.1389465332031,120.03721618652344,37.70487976074219,67.3879165649414,60.96982955932617,144.6502227783203,357.7719421386719
2022-02-01,299.3100280761719,171.18814086914062,152.9548797607422,70.73883819580078,136.90048217773438,146.2974090576172,115.9784164428711,73.05293273925781,54.12276077270508,153.51402282714844,44.30592346191406,45.399478912353516,116.37235260009766,77.03958129882812,237.7534637451172,49.46779251098633,44.673004150390625,335.3960876464844,120.64673614501953,189.72898864746094,192.1019287109375,75.39183044433594,208.33999633789062,202.8488006591797,59.9103889465332,118.95430755615234,93.9254379272461,55.84538650512695,211.57656860351562,239.5346221923828,350.17999267578125,175.43768310546875,42.621089935302734,59.31328201293945,50.49196243286133,330.59136962890625,131.5064239501953,91.92158508300781,16.018877029418945,41.00584411621094,40.69304656982422,79.77777099609375,195.03408813476562,348.7789611816406,119.69711303710938,37.52702331542969,67.86412811279297,60.588096618652344,145.7151641845703,359.17877197265625
2022-02-02,303.86614990234375,172.39405822753906,154.64657592773438,70.5550537109375,135.8045654296875,148.9166717529297,116.51190948486328,73.13318634033203,54.6768684387207,156.3021240234375,44.9654655456543,45.91884994506836,117.84925079345703,78.42750549316406,240.77371215820312,50.18251419067383,44.65398025512695,339.97174072265625,120.09186553955078,191.77093505859375,191.7183837890625,76.20169830322266,207.52000427246094,203.07052612304688,59.965431213378906,121.61019134521484,96.24994659423828,55.511295318603516,215.42581176757812,241.9947967529297,350.4785461425781,176.03036499023438,42.5756950378418,57.01767349243164,50.791648864746094,329.683349609375,132.43519592285156,91.89505004882812,15.995615005493164,41.549842834472656,40.665382385253906,80.36168670654297,196.23460388183594,349.15545654296875,118.2669677734375,37.42327117919922,68.9063949584961,61.049720764160156,145.96517944335938,355.9469909667969
2022-02-03,292.0299072265625,169.5116729736328,154.6376495361328,69.73240661621094,134.68142700195312,150.32713317871094,115.47077941894531,70.4579086303711,55.061161041259766,156.21302795410156,44.564735412597656,44.778079986572266,118.30431365966797,77.89514923095703,239.26820373535156,49.315914154052734,44.698368072509766,331.8574523925781,118.4561538696289,177.1629180908203,187.64898681640625,76.13727569580078,206.38999938964844,198.73291015625,60.13669967651367,121.6756362915039,96.0908432006836,54.88593292236328,203.75637817382812,236.18682861328125,352.6139221191406,175.9156494140625,42.15801239013672,56.645179748535156,50.3264274597168,325.8875732421875,124.93743896484375,90.45368194580078,15.421853065490723,40.79978561401367,41.59672546386719,79.19386291503906,193.34320068359375,351.8189697265625,119.01691436767578,37.363975524902344,67.98989868164062,61.29827880859375,145.1502685546875,352.53472900390625
2022-02-04,296.57635498046875,169.22698974609375,153.62619018554688,71.24642181396484,138.17755126953125,147.93675231933594,116.91632080078125,70.05661010742188,54.48025131225586,153.64764404296875,44.24748992919922,44.86685562133789,117.76336669921875,78.0567626953125,238.7357177734375,49.27124786376953,44.17208480834961,327.1817626953125,115.81881713867188,176.941162109375,185.60964965820312,74.65558624267578,206.4499969482422,197.0209197998047,60.55873107910156,121.30158233642578,95.88755798339844,55.674049377441406,207.32461547851562,233.73629760742188,352.27911376953125,177.645751953125,43.837799072265625,55.35444641113281,51.38459396362305,333.80596923828125,125.55379486083984,92.06307983398438,13.92541217803955,40.05796813964844,41.283199310302734,80.06536865234375,190.04600524902344,347.997802734375,115.68570709228516,37.19353485107422,68.02583312988281,60.29514694213867,141.6775665283203,351.2039794921875
2022-02-07,291.7391052246094,168.51040649414062,153.11595153808594,72.10408020019531,138.63949584960938,146.82858276367188,119.21369171142578,69.18267822265625,55.052215576171875,153.0419158935547,44.42280960083008,45.02572250366211,117.84064483642578,76.75437927246094,238.54295349121094,49.28911209106445,43.73775863647461,325.07135009765625,116.1358871459961,177.8466796875,186.92868041992188,74.65558624267578,211.9199981689453,198.28050231933594,61.103092193603516,119.74918365478516,96.70069885253906,56.70204544067383,210.23727416992188,234.9712371826172,355.0026550292969,179.57655334472656,44.046634674072266,55.2331657409668,52.296791076660156,334.30535888671875,128.2050323486328,93.00923919677734,13.871138572692871,40.46185302734375,41.19099044799805,80.9979019165039,190.27427673339844,351.20721435546875,116.21768188476562,37.34175491333008,68.63105773925781,60.49044418334961,141.52938842773438,353.7798767089844
2022-02-08,295.23858642578125,171.62222290039062,153.5187225341797,70.24000549316406,141.24795532226562,146.49891662597656,117.3981704711914,68.58521270751953,55.40970230102539,153.22898864746094,43.16217803955078,45.61448669433594,117.65172576904297,76.80191802978516,238.7541046142578,49.44098663330078,43.74726867675781,328.7918395996094,117.02941131591797,179.76852416992188,188.50027465820312,74.47151947021484,213.27000427246094,213.78604125976562,60.74222183227539,120.31028747558594,97.95574951171875,56.44504928588867,217.06478881835938,231.45944213867188,358.3505554199219,185.4359588623047,44.83658218383789,55.18119430541992,53.59212112426758,336.076171875,127.73219299316406,94.04386138916016,13.73932933807373,41.038822174072266,41.95634460449219,79.59475708007812,190.39260864257812,357.00482177734375,116.18277740478516,37.363975524902344,69.2723617553711,60.747894287109375,142.84439086914062,370.5848693847656
2022-02-09,301.68505859375,173.0456085205078,153.50088500976562,69.90374755859375,141.8367156982422,146.16915893554688,118.5597152709961,68.24632263183594,54.55175018310547,153.15773010253906,42.97015380859375,46.64246368408203,118.31289672851562,79.33061218261719,238.5521240234375,50.28972244262695,43.65216064453125,331.45721435546875,117.91571044921875,181.67190551757812,190.46484375,74.42549133300781,215.86000061035156,210.39752197265625,60.70552062988281,122.03101348876953,92.61736297607422,57.51585006713867,217.63607788085938,234.70108032226562,356.99334716796875,187.73001098632812,44.745784759521484,54.90398406982422,53.87491226196289,340.0988464355469,129.40402221679688,96.14847564697266,14.227803230285645,41.20366287231445,41.633609771728516,81.00660705566406,190.28273010253906,361.7483215332031,115.01422882080078,37.49737548828125,69.80530548095703,60.51707458496094,145.3817901611328,375.83172607421875
2022-02-10,293.1252746582031,168.9619598388672,151.64801025390625,69.23124694824219,141.24795532226562,143.9436492919922,117.0539779663086,68.2730941772461,54.85560989379883,149.97769165039062,42.24382781982422,45.66120910644531,116.02745056152344,77.8095932006836,235.8072967529297,49.021087646484375,43.14174270629883,323.015380859375,115.10545349121094,177.17218017578125,189.96900939941406,73.36713409423828,218.75,202.9730224609375,60.42416763305664,119.47798919677734,93.08580780029297,56.976165771484375,215.65994262695312,231.19895935058594,348.7502746582031,186.87930297851562,44.53695297241211,53.52661895751953,53.865787506103516,336.5028991699219,124.8192367553711,95.12271118164062,14.01845645904541,40.56899642944336,41.65205001831055,80.10025024414062,186.5712432861328,359.5459899902344,114.19452667236328,37.186126708984375,69.04653930664062,59.5494499206543,142.43692016601562,373.6930847167969
2022-02-11,286.010009765625,165.54576110839844,150.1173858642578,70.97441101074219,139.40933227539062,143.13772583007812,119.43737030029297,68.34443664550781,53.881473541259766,150.16473388671875,42.39410400390625,44.51173400878906,115.30618286132812,75.81326293945312,234.237548828125,48.15449142456055,42.90396499633789,318.64898681640625,114.96134185791016,172.77403259277344,188.25706481933594,73.19226837158203,212.3000030517578,202.42303466796875,59.225345611572266,117.35515594482422,92.13125610351562,57.29312515258789,213.065673828125,227.43634033203125,358.4862976074219,183.34263610839844,43.510921478271484,53.7691764831543,53.19075393676758,329.683349609375,121.7964859008789,92.4698257446289,13.607518196105957,40.14038848876953,42.666378021240234,81.913330078125,180.4925537109375,375.82818603515625,115.39793395996094,37.326942443847656,69.07364654541016,60.4194221496582,138.81602478027344,373.23681640625
2022-02-14,285.9711608886719,165.78138732910156,148.2287139892578,69.88605499267578,138.11416625976562,143.5498504638672,117.59606170654297,68.19282531738281,54.230010986328125,148.4901123046875,41.57594299316406,44.46500778198242,113.09896850585938,75.05274963378906,232.6126708984375,47.51123809814453,42.46645736694336,319.8042907714844,113.85885620117188,172.496826171875,186.99415588378906,72.94380187988281,210.0399932861328,200.6426544189453,59.08467102050781,114.82080841064453,91.0353012084961,57.23316192626953,210.94908142089844,227.3685302734375,350.1437072753906,183.85879516601562,43.05693054199219,52.937557220458984,52.771141052246094,327.1225891113281,121.70360565185547,90.70125579833984,13.537734985351562,39.03591537475586,42.323638916015625,80.18782806396484,180.91525268554688,367.6212158203125,115.43280792236328,37.11943435668945,68.75750732421875,60.03770065307617,138.23263549804688,368.0945739746094
2022-02-15,291.27386474609375,169.61962890625,149.7593231201172,69.01004791259766,140.13394165039062,143.62310791015625,116.73526000976562,69.38778686523438,54.43556213378906,147.83096313476562,41.567588806152344,45.268707275390625,112.91646575927734,75.83228302001953,232.99822998046875,48.48504638671875,42.599605560302734,321.3507385253906,113.37606811523438,175.12094116210938,190.28707885742188,72.31798553466797,217.72999572753906,200.34744262695312,61.72696304321289,115.94303894042969,91.00878143310547,58.05555725097656,213.91798400878906,236.2330780029297,345.8457336425781,189.24026489257812,43.392887115478516,53.128143310546875,53.254608154296875,330.482421875,123.7637939453125,91.46175384521484,14.01845645904541,39.810699462890625,42.99059295654297,78.5499038696289,183.6798553466797,362.13421630859375,114.67413330078125,37.28988265991211,69.37173461914062,59.47842025756836,140.4273681640625,373.9306945800781
2022-02-16,290.933837890625,169.38404846191406,149.66983032226562,69.32859802246094,140.3875274658203,144.7129669189453,116.77005767822266,68.86164093017578,54.42662811279297,148.13381958007812,41.47575759887695,45.07245635986328,112.25602722167969,75.28091430664062,232.33724975585938,48.46717834472656,42.33330535888672,318.46710205078125,112.14387512207031,174.68667602539062,190.50222778320312,72.09711456298828,218.92999267578125,199.20228576660156,62.026668548583984,115.6624755859375,91.8661117553711,57.909915924072266,214.47052001953125,237.91880798339844,350.08038330078125,189.62261962890625,43.292991638183594,53.621910095214844,53.03567123413086,326.9499816894531,123.40074157714844,89.44559478759766,13.964183807373047,39.46452331542969,41.286155700683594,79.01412963867188,182.03121948242188,370.50115966796875,114.25555419921875,37.504791259765625,69.4620590209961,59.26536178588867,140.64036560058594,371.231201171875
2022-02-17,282.4146423339844,165.78138732910156,148.75682067871094,69.22240447998047,137.15408325195312,146.3706512451172,116.17010498046875,68.09473419189453,55.51695251464844,148.53466796875,40.82456970214844,44.455665588378906,108.59758758544922,71.80158233642578,230.35438537597656,49.825157165527344,44.029422760009766,316.51129150390625,108.14238739013672,170.55648803710938,182.1763916015625,72.8425521850586,213.5800018310547,198.32553100585938,60.222328186035156,112.76342010498047,90.41661071777344,57.73002243041992,212.70045471191406,233.4525909423828,351.7723388671875,187.07049560546875,41.831138610839844,53.09348678588867,51.220394134521484,316.97039794921875,121.09567260742188,85.02412414550781,13.599766731262207,38.97124099731445,41.89753341674805,79.84624481201172,178.14224243164062,374.6894226074219,114.7874984741211,38.0679931640625,69.23624420166016,60.17973327636719,138.56719970703125,361.69757080078125
2022-02-18,279.6947021484375,164.23036193847656,147.1623077392578,68.45259094238281,137.7971954345703,146.44390869140625,116.00493621826172,68.1036605834961,55.89230728149414,149.3897705078125,40.51566696166992,42.091304779052734,108.05880737304688,70.88895416259766,230.05145263671875,51.11164855957031,43.74726867675781,315.53790283203125,107.40029907226562,168.2835235595703,179.56642150878906,73.210693359375,209.02999877929688,197.51141357421875,56.69314956665039,109.21912384033203,90.266357421875,57.86709213256836,214.14271545410156,232.81317138671875,349.6822509765625,186.27711486816406,41.73126220703125,52.88558578491211,50.74604034423828,314.2279357910156,121.13790130615234,84.37861633300781,13.987442970275879,38.80473709106445,42.23100280761719,78.50611114501953,178.2869873046875,368.2330017089844,116.11299896240234,38.34217834472656,69.00138854980469,60.499332427978516,139.11572265625,350.83331298828125
2022-02-22,279.49072265625,161.30503845214844,145.16244506835938,67.65621185302734,137.5526123046875,144.6396942138672,115.11805725097656,67.72911834716797,55.659934997558594,149.95986938476562,39.680816650390625,41.764217376708984,107.68515014648438,70.46116638183594,231.97921752929688,50.29865646362305,43.259037017822266,287.6109619140625,106.76732635498047,168.68081665039062,178.8741455078125,72.56646728515625,198.74000549316406,198.08399963378906,57.58613586425781,109.89244842529297,90.08074188232422,57.78142166137695,213.28106689453125,231.6699981689453,349.447021484375,183.94485473632812,41.368064880371094,52.82493591308594,50.42676544189453,312.6206970214844,120.07400512695312,83.78614044189453,13.405925750732422,38.122047424316406,41.72153091430664,76.92950439453125,177.95489501953125,367.7436218261719,115.8514175415039,38.00129699707031,69.2904281616211,59.78025817871094,136.35458374023438,336.2714538574219
2022-02-23,272.25384521484375,157.13304138183594,145.23452758789062,67.93052673339844,134.67239379882812,142.8354949951172,117.85688781738281,67.63102722167969,55.043277740478516,148.48121643066406,39.12980651855469,41.726829528808594,106.0775146484375,68.89262390136719,227.47183227539062,48.63692855834961,42.8151969909668,280.58837890625,105.04301452636719,165.3544921875,174.6270294189453,72.37320709228516,196.4199981689453,197.71719360351562,56.66868591308594,109.64930725097656,90.36357879638672,58.192626953125,210.80857849121094,230.87559509277344,351.8900451660156,180.60888671875,40.659828186035156,53.14545822143555,49.213531494140625,309.8238525390625,117.94627380371094,82.72502136230469,13.142303466796875,37.84730911254883,41.24911117553711,77.27986907958984,174.1312713623047,363.3670959472656,115.0578384399414,38.497806549072266,67.96261596679688,59.57607650756836,130.72079467773438,320.8161926269531
2022-02-24,286.1642150878906,159.75405883789062,142.45989990234375,67.07221221923828,130.92271423339844,138.98892211914062,117.248291015625,65.55322265625,54.07807922363281,145.89797973632812,38.370079040527344,43.661312103271484,105.99063110351562,71.11711883544922,224.9381866455078,48.896018981933594,42.650333404541016,284.9455871582031,104.54829406738281,169.40521240234375,172.7747802734375,69.55705261230469,198.42999267578125,196.16944885253906,56.60139846801758,111.02399444580078,89.0643310546875,57.48158645629883,210.1904754638672,235.49679565429688,358.0519714355469,180.035400390625,39.58839416503906,52.50442123413086,48.082393646240234,308.91583251953125,120.52153778076172,81.18634796142578,13.29737377166748,37.68913269042969,41.165740966796875,76.84190368652344,176.43905639648438,372.2234802246094,112.11905670166016,36.734092712402344,68.51361846923828,58.20008087158203,128.02479553222656,325.796875
2022-02-25,288.8064270019531,161.82533264160156,149.54055786132812,68.87731170654297,134.02027893066406,144.92361450195312,122.05645751953125,68.05908966064453,56.16935348510742,149.98658752441406,39.839439392089844,44.58649826049805,107.91110229492188,72.58109283447266,228.9957275390625,50.06637191772461,43.236846923828125,288.0476379394531,109.50289154052734,175.1840057373047,174.99188232421875,71.91304779052734,201.47999572753906,203.1118927001953,58.943992614746094,114.47480773925781,92.18428039550781,58.93791580200195,218.0668487548828,243.0244140625,370.5205383300781,185.1587677001953,40.877742767333984,52.94621658325195,49.35948944091797,317.9329833984375,122.6492691040039,83.60929107666016,13.824616432189941,38.46339416503906,43.03691482543945,79.94256591796875,178.7894287109375,387.1061096191406,114.94447326660156,38.149513244628906,71.26860809326172,60.35728073120117,131.1670379638672,329.80804443359375
2022-02-28,290.244140625,162.09039306640625,148.2523651123047,69.3905258178711,128.4319610595703,142.7714080810547,125.2039566040039,68.29093170166016,55.62419509887695,145.8534698486328,39.18824768066406,44.577152252197266,106.45987701416016,72.2198486328125,225.9495086669922,49.825157165527344,42.850067138671875,287.3017272949219,108.149658203125,176.28958129882812,175.4783477783203,70.81787872314453,205.33999633789062,202.61984252929688,58.417991638183594,112.80084991455078,91.60980224609375,58.82654571533203,222.69346618652344,242.15245056152344,395.2195129394531,185.95213317871094,40.13319396972656,52.322513580322266,48.684452056884766,309.9147033691406,122.05823516845703,80.24015808105469,13.615270614624023,38.37181091308594,43.35186004638672,83.0870132446289,179.18966674804688,417.78765869140625,113.49687194824219,38.008705139160156,70.86214447021484,59.86016082763672,124.06436157226562,342.20263671875
2022-03-01,286.51397705078125,160.20559692382812,147.73886108398438,70.05419158935547,123.5863265991211,140.40850830078125,130.17730712890625,68.07688903808594,55.38289260864258,144.5440673828125,38.194766998291016,43.75476837158203,105.45184326171875,72.25788116455078,221.2047119140625,48.79773712158203,43.11320495605469,291.3224792480469,105.31222534179688,170.5758514404297,171.0347900390625,69.98040008544922,194.91000366210938,201.483642578125,56.47296142578125,110.5096435546875,90.19564819335938,58.79227828979492,222.05661010742188,241.71649169921875,416.0008544921875,170.1996307373047,38.5623664855957,52.20122528076172,45.87485885620117,299.78485107421875,117.83653259277344,77.49002838134766,12.948464393615723,37.47266387939453,44.78765106201172,84.9263916015625,175.0680389404297,430.9787902832031,112.20623779296875,38.21620178222656,70.44664001464844,59.318626403808594,117.60316467285156,340.90045166015625
2022-03-02,291.60406494140625,163.5039520263672,149.5765838623047,71.25758361816406,126.14950561523438,140.84811401367188,134.02035522460938,68.37118530273438,55.79399108886719,146.54824829101562,39.8227424621582,45.670555114746094,107.63301849365234,74.41582489013672,222.41395568847656,50.16465759277344,43.16710662841797,297.79931640625,107.1092529296875,173.2144012451172,180.18385314941406,70.58779907226562,197.80999755859375,204.50755310058594,57.592262268066406,112.55768585205078,92.29917907714844,58.98074722290039,225.25025939941406,246.2407989501953,409.9787292480469,172.3502960205078,39.18888473510742,53.050174713134766,47.63541793823242,307.2565612792969,120.7241439819336,78.15323638916016,14.033965110778809,38.4217643737793,45.73250198364258,85.87234497070312,180.07534790039062,428.4180908203125,113.20909118652344,39.135108947753906,72.51513671875,59.886783599853516,119.72282409667969,357.3728332519531
2022-03-03,287.4561767578125,163.18002319335938,151.77467346191406,71.70886993408203,125.2528305053711,141.3701629638672,135.8289031982422,68.79923248291016,55.829750061035156,146.39134216308594,39.9312744140625,44.79209518432617,109.43183135986328,74.38729858398438,218.4538116455078,50.093170166015625,44.15941619873047,295.06121826171875,107.89501953125,174.2177734375,182.27932739257812,71.23201751708984,188.85000610351562,208.13087463378906,56.546356201171875,113.12814331054688,92.39640808105469,59.2034797668457,222.72152709960938,250.5713348388672,407.99261474609375,171.9488525390625,38.76917266845703,53.45731735229492,46.741451263427734,304.5528869628906,120.67350769042969,77.62267303466797,13.64628791809082,38.896305084228516,51.04033279418945,85.3205337524414,180.9013671875,424.921875,113.99222564697266,39.401885986328125,74.00554656982422,60.60585021972656,119.04415130615234,363.0282897949219
2022-03-04,281.5694885253906,160.17617797851562,152.6754913330078,74.40766906738281,121.72955322265625,142.08450317382812,137.94166564941406,69.40562438964844,55.91912078857422,148.614990234375,40.61585235595703,44.92293167114258,110.03143310546875,72.71418762207031,217.67843627929688,50.48627853393555,45.27853012084961,294.97021484375,106.75276184082031,174.13417053222656,183.03704833984375,71.1952133178711,180.83999633789062,208.37242126464844,54.521812438964844,113.53962707519531,92.97090911865234,59.41762924194336,226.2991943359375,254.66937255859375,417.4039611816406,165.315185546875,37.364017486572266,53.58726119995117,44.50655746459961,301.1275329589844,117.152587890625,76.36697387695312,13.064767837524414,39.72885513305664,54.59739685058594,87.82559967041016,179.16416931152344,442.7619323730469,113.62266540527344,39.639034271240234,74.79139709472656,60.472694396972656,115.23251342773438,370.7655029296875
2022-03-07,270.93267822265625,156.37718200683594,155.13479614257812,77.08878326416016,117.02886199951172,139.97802734375,140.88919067382812,69.31645202636719,54.587486267089844,145.6561279296875,40.056495666503906,44.558467864990234,109.55347442626953,70.65129852294922,207.0811309814453,49.664337158203125,44.913944244384766,293.6147766113281,104.24273681640625,169.23800659179688,184.0099639892578,70.56939697265625,169.1699981689453,209.669677734375,52.26894760131836,111.15494537353516,92.4140853881836,58.91220474243164,222.75901794433594,253.47775268554688,424.6924133300781,152.1053009033203,34.982582092285156,52.20122528076172,41.788169860839844,294.0211181640625,113.53035736083984,73.79370880126953,12.382452964782715,39.121097564697266,53.559932708740234,88.70148468017578,171.32110595703125,451.62530517578125,112.5755615234375,39.16474533081055,75.8482437133789,60.07320785522461,106.4471206665039,350.73822021484375
2022-03-08,267.96026611328125,154.5513153076172,151.99082946777344,77.67279052734375,116.20465850830078,134.4371795654297,148.27099609375,68.62088012695312,52.42472839355469,141.54962158203125,39.60567855834961,44.39025115966797,109.21456909179688,69.71018981933594,205.65953063964844,48.60118865966797,43.98504638671875,288.12945556640625,105.78512573242188,170.24139404296875,196.45191955566406,68.90364837646484,173.8000030517578,206.7531280517578,53.96472930908203,108.58320617675781,90.46964263916016,58.02985763549805,215.57928466796875,251.82110595703125,409.05859375,152.98468017578125,35.210689544677734,51.5775146484375,42.3811149597168,293.54608154296875,113.88499450683594,73.66991424560547,12.428975105285645,39.520713806152344,51.60538864135742,86.53800964355469,173.22006225585938,424.4682922363281,108.39599609375,37.7122802734375,75.08946990966797,56.60215377807617,109.4592514038086,346.8696594238281
2022-03-09,280.2483825683594,159.96018981933594,152.56739807128906,73.25736236572266,120.86006927490234,136.2505340576172,144.56707763671875,69.36994171142578,52.69284439086914,141.128173828125,40.6993408203125,44.51173400878906,109.68383026123047,72.34342956542969,205.3641357421875,49.95915985107422,44.21331024169922,290.289306640625,106.65819549560547,172.24815368652344,196.24612426757812,69.52024841308594,178.55999755859375,207.07518005371094,55.862510681152344,110.71540069580078,91.56559753417969,58.363956451416016,217.61181640625,254.5919189453125,408.8126220703125,161.2050018310547,37.446136474609375,51.10973358154297,44.84406661987305,304.70819091796875,117.2623519897461,77.28662872314453,12.692595481872559,40.06187057495117,51.26264953613281,84.26947784423828,176.0899200439453,425.13916015625,108.7215576171875,37.793792724609375,73.87005615234375,56.912864685058594,113.44755554199219,350.6051330566406
2022-03-10,277.421630859375,155.6114959716797,152.83767700195312,75.53144836425781,119.42900848388672,132.74290466308594,148.523193359375,69.45914459228516,51.72763442993164,138.53695678710938,41.07502365112305,43.60523986816406,108.05880737304688,72.86629486083984,204.93026733398438,48.87813949584961,45.218292236328125,290.966552734375,104.71563720703125,171.28192138671875,198.12643432617188,67.9557113647461,178.38999938964844,203.04034423828125,55.91149139404297,109.4155044555664,91.9898452758789,58.61238479614258,215.9180908203125,257.72113037109375,404.84033203125,162.1130828857422,37.10853958129883,50.17417526245117,44.70723342895508,301.337646484375,117.0090560913086,75.92484283447266,12.661581993103027,40.020240783691406,52.88370895385742,87.34384155273438,176.4305419921875,420.1216125488281,105.404296875,37.964237213134766,76.15534210205078,56.0162467956543,112.6666259765625,359.4353942871094
2022-03-11,272.0596008300781,151.89100646972656,152.55838012695312,75.14210510253906,116.73902893066406,131.1676025390625,148.59271240234375,69.7890853881836,51.76338577270508,137.83755493164062,41.96832275390625,42.82958221435547,107.71990966796875,73.97854614257812,209.42578125,48.86027526855469,45.04076385498047,289.9140930175781,102.55482482910156,169.31234741210938,200.97032165527344,67.89128875732422,176.22999572753906,204.74017333984375,56.49306869506836,106.6286849975586,91.45069885253906,58.99788284301758,213.47149658203125,257.9923400878906,399.99346923828125,160.48814392089844,36.79832077026367,50.243465423583984,44.21464920043945,298.6886901855469,115.10928344726562,75.32352447509766,12.43673038482666,39.49574279785156,51.772125244140625,86.19644927978516,173.6373748779297,412.2693176269531,103.41571044921875,37.40845489501953,75.5140151977539,55.27942657470703,111.7741470336914,370.2047119140625
2022-03-14,268.5334167480469,147.85641479492188,154.66636657714844,72.45213317871094,117.89834594726562,132.84361267089844,144.95831298828125,69.97801208496094,52.71796417236328,139.77430725097656,43.62134552001953,41.493202209472656,107.7025375366211,73.26554870605469,208.78884887695312,48.51184844970703,45.66848373413086,291.3508605957031,104.38824462890625,170.20423889160156,201.5409698486328,68.06615447998047,175.52000427246094,205.062255859375,56.59714126586914,108.03144073486328,92.35221099853516,59.314849853515625,212.85043334960938,260.6081848144531,404.92230224609375,165.16226196289062,37.592124938964844,51.015499114990234,45.482608795166016,296.84356689453125,116.651123046875,74.91675567626953,12.204120635986328,39.88703536987305,51.33675003051758,84.56729125976562,173.97802734375,417.1072998046875,104.81478118896484,37.452911376953125,74.58364868164062,55.54575729370117,113.3731689453125,374.3678894042969
2022-03-15,278.9370422363281,152.244384765625,158.67515563964844,68.32869720458984,119.99060821533203,137.62432861328125,137.61997985839844,70.75175476074219,53.690555572509766,142.5627899169922,43.587947845458984,41.87636184692383,109.17981719970703,76.62129974365234,214.68756103515625,49.673282623291016,46.216941833496094,300.6672668457031,104.99211120605469,174.46861267089844,202.49517822265625,69.4742202758789,179.88999938964844,207.16465759277344,56.53593444824219,109.86439514160156,94.55296325683594,59.751731872558594,219.3244171142578,266.8666076660156,408.7671203613281,168.26878356933594,37.8658561706543,51.16464614868164,45.710662841796875,300.6617126464844,118.73812103271484,76.3404541015625,12.452235221862793,40.103492736816406,52.050018310546875,83.25345611572266,179.28334045410156,423.15478515625,106.51300048828125,38.193965911865234,74.8004379272461,56.1760368347168,114.69331359863281,369.2446594238281
2022-03-16,285.96990966796875,156.66184997558594,157.2157745361328,68.07209777832031,125.35247039794922,137.1572265625,137.1243896484375,70.28390502929688,53.54646682739258,143.19039916992188,44.180694580078125,43.577205657958984,110.3963851928711,76.01289367675781,219.82925415039062,49.860897064208984,46.080623626708984,302.8361511230469,105.86515808105469,177.47877502441406,202.1396942138672,69.16132354736328,188.99000549316406,207.26309204101562,57.97458267211914,111.7347412109375,94.6678695678711,59.67463684082031,223.4835662841797,267.81610107421875,383.86761474609375,172.63705444335938,39.05201721191406,50.85758972167969,47.069847106933594,311.25738525390625,123.64472961425781,81.14213562011719,12.855420112609863,39.44579315185547,50.93843078613281,83.05199432373047,185.55947875976562,401.0531005859375,106.83853912353516,38.00129699707031,73.57196807861328,55.61677169799805,118.87682342529297,368.988037109375
2022-03-17,286.7762451171875,157.67295837402344,159.26968383789062,69.88605499267578,126.9375,137.5876922607422,139.49806213378906,71.02165222167969,54.113807678222656,144.30223083496094,45.282711029052734,44.05381393432617,111.19587707519531,76.62129974365234,219.2107696533203,50.18251419067383,46.15064239501953,307.8238220214844,107.45121002197266,178.31494140625,207.39710998535156,69.14292907714844,190.19000244140625,211.01165771484375,58.48270034790039,113.3432388305664,95.94943237304688,60.4113655090332,228.08497619628906,276.6031188964844,390.4728698730469,178.71632385253906,39.26188278198242,51.93667984008789,46.960384368896484,313.550048828125,125.21214294433594,82.99913024902344,12.855420112609863,39.52904510498047,51.55906677246094,86.5643081665039,189.32350158691406,405.1824035644531,106.7681655883789,38.30512619018555,75.67660522460938,56.122779846191406,119.62985229492188,386.0496826171875
2022-03-18,291.8371276855469,160.9712677001953,157.50404357910156,69.61174011230469,126.89224243164062,137.514404296875,140.6196746826172,71.17460632324219,54.1228141784668,145.9609832763672,45.50811767578125,44.34352111816406,111.89106750488281,77.64799499511719,220.5492706298828,50.003841400146484,46.28749465942383,311.83221435546875,107.90957641601562,180.90701293945312,206.6580810546875,66.44639587402344,192.8300018310547,211.36056518554688,58.519432067871094,114.51220703125,94.83580017089844,60.83968734741211,226.92755126953125,278.6666564941406,388.2771911621094,182.30075073242188,39.14326858520508,52.12968063354492,46.9056510925293,315.4774475097656,125.00765991210938,83.8480453491211,13.07252025604248,39.429141998291016,51.707275390625,87.2387466430664,187.1604766845703,404.3792724609375,106.3370132446289,38.29771041870117,75.85726165771484,55.40370559692383,121.72161102294922,392.7032775878906
2022-03-21,290.603515625,162.34561157226562,158.39590454101562,72.73529815673828,126.48463439941406,138.03643798828125,143.1498260498047,71.1296157836914,54.555084228515625,145.75473022460938,45.240962982177734,44.287452697753906,111.3175277709961,76.96353149414062,217.22610473632812,50.030635833740234,45.90239715576172,301.4268798828125,108.0987319946289,179.32763671875,209.27743530273438,68.24100494384766,185.89999389648438,211.42318725585938,58.04804992675781,113.866943359375,94.91534423828125,60.865379333496094,229.13885498046875,280.6043395996094,400.8681640625,180.7427215576172,39.0885124206543,52.340240478515625,46.650230407714844,309.64971923828125,124.08769226074219,81.8937759399414,12.777884483337402,39.44579315185547,51.577598571777344,90.00656127929688,186.12156677246094,422.00201416015625,106.23140716552734,38.720115661621094,78.72969055175781,55.76768112182617,119.84367370605469,401.3908996582031
2022-03-22,295.36334228515625,165.7224884033203,157.64816284179688,72.41674041748047,129.1746368408203,139.09884643554688,142.671630859375,71.34554290771484,54.753196716308594,147.3507080078125,44.28087615966797,45.221981048583984,112.1517562866211,77.76206970214844,219.81080627441406,50.18251419067383,45.76554489135742,301.75628662109375,109.08818054199219,181.1950225830078,208.34193420410156,68.5631332397461,191.0399932861328,211.55740356445312,58.09702682495117,113.98851013183594,94.77394104003906,60.66835403442383,229.1576690673828,276.1283264160156,401.4056701660156,182.88381958007812,40.31117630004883,52.6209716796875,48.70269775390625,313.31256103515625,127.29913330078125,83.3174819946289,13.250852584838867,39.4874153137207,52.40202713012695,89.139404296875,186.00233459472656,421.718505859375,107.69207000732422,39.50563430786133,79.09098815917969,55.643402099609375,121.28467559814453,406.39056396484375
2022-03-23,290.9241027832031,167.08700561523438,157.05360412597656,73.5582046508789,126.60237884521484,138.1280517578125,144.21055603027344,71.73242950439453,54.392974853515625,146.57965087890625,43.57125473022461,45.109832763671875,111.4913330078125,76.42166900634766,217.96456909179688,48.672664642333984,45.17677688598633,290.1520080566406,107.44393157958984,178.6958465576172,207.83676147460938,67.76245880126953,186.0399932861328,209.5086212158203,57.362388610839844,109.3406982421875,93.86357116699219,61.14807891845703,224.42454528808594,275.32427978515625,405.6512451171875,177.8082275390625,39.31662368774414,51.62962341308594,46.631988525390625,306.55322265625,124.73506164550781,81.69039154052734,12.93295669555664,38.9129638671875,52.290870666503906,91.416748046875,182.73228454589844,422.3044128417969,106.1258316040039,39.43894577026367,80.4730224609375,57.01939392089844,119.68563079833984,410.16412353515625
2022-03-24,295.4022216796875,170.87619018554688,157.8643798828125,73.77941131591797,127.42655944824219,138.36618041992188,144.59317016601562,72.34420013427734,54.91529083251953,147.46731567382812,43.90519332885742,48.240516662597656,112.31686401367188,78.18033599853516,221.78623962402344,48.690528869628906,45.45684051513672,288.98974609375,108.3897476196289,180.87916564941406,207.8741912841797,67.78087615966797,189.0500030517578,211.91525268554688,57.619510650634766,110.18235778808594,95.49867248535156,62.030460357666016,227.8120574951172,278.71514892578125,409.73272705078125,180.55154418945312,39.29837417602539,51.8840446472168,46.823551177978516,307.1195983886719,126.72840118408203,81.46931457519531,13.049260139465332,39.14607238769531,52.56876754760742,91.5656509399414,182.80038452148438,429.5330505371094,105.66827392578125,39.57462692260742,81.68340301513672,58.91026306152344,120.40147399902344,410.8294677734375
2022-03-25,294.9942626953125,171.5142364501953,159.3778076171875,75.38986206054688,128.54066467285156,139.96890258789062,147.2102813720703,73.18092346191406,55.41059112548828,148.15769958496094,44.06382369995117,48.436771392822266,114.14173889160156,77.6955337524414,223.00477600097656,49.110435485839844,45.65416717529297,284.32244873046875,109.46651458740234,183.75926208496094,208.94998168945312,68.82080078125,188.9499969482422,213.63294982910156,57.558292388916016,111.23908996582031,95.94943237304688,62.77573013305664,229.20472717285156,280.0035705566406,413.313232421875,181.8801727294922,39.900577545166016,51.6822509765625,47.9455680847168,308.2704772949219,126.85618591308594,81.69039154052734,12.770129203796387,39.22933578491211,52.80034637451172,94.15829467773438,183.38795471191406,432.9442138671875,105.83545684814453,40.41887664794922,84.44743347167969,59.82464599609375,120.35499572753906,414.8501892089844
2022-03-28,301.8135070800781,172.3780975341797,160.19760131835938,73.27507019042969,127.58963775634766,140.9305419921875,144.63661193847656,73.06395721435547,55.761810302734375,148.59703063964844,44.48125076293945,48.13771438598633,114.24603271484375,79.47320556640625,224.26019287109375,49.2623176574707,46.46572494506836,287.61700439453125,108.7462387084961,183.12745666503906,207.53741455078125,69.38219451904297,188.16000366210938,215.13595581054688,56.321659088134766,112.21167755126953,95.4898452758789,62.630096435546875,229.280029296875,282.561279296875,405.4052429199219,181.32579040527344,39.736331939697266,51.919132232666016,47.26141357421875,306.27008056640625,128.00616455078125,80.70880889892578,12.925203323364258,39.2876091003418,52.80034637451172,90.65471649169922,186.96461486816406,422.19091796875,107.7272720336914,39.220333099365234,83.41770935058594,59.354148864746094,120.43867492675781,411.2001953125
2022-03-29,306.3887939453125,175.6764678955078,160.1165008544922,72.88573455810547,127.87039947509766,142.3775634765625,142.87161254882812,73.38785552978516,55.97793960571289,150.802734375,44.030418395996094,48.82927322387695,114.65444946289062,80.12914276123047,229.08802795410156,49.735809326171875,46.857173919677734,290.75604248046875,110.6451187133789,183.52696228027344,206.77964782714844,70.12764739990234,193.8000030517578,216.09320068359375,57.94397735595703,112.39871215820312,92.5201416015625,62.73289489746094,228.97889709472656,279.3932800292969,398.2715759277344,182.5110626220703,39.635986328125,53.10349655151367,47.069847106933594,310.25262451171875,132.03536987304688,81.2128677368164,13.762587547302246,39.812103271484375,52.23528289794922,88.1934585571289,189.43418884277344,421.72802734375,109.1615219116211,38.956504821777344,79.34390258789062,60.064334869384766,126.33275604248047,392.4846496582031
2022-03-30,304.8830261230469,174.5082550048828,161.78306579589844,74.13336944580078,127.29070281982422,141.3976287841797,143.8801727294922,74.13459777832031,56.02296829223633,150.59649658203125,43.779964447021484,48.062950134277344,114.81956481933594,79.24506378173828,229.88189697265625,50.07530212402344,47.697383880615234,282.290771484375,110.1722183227539,182.59788513183594,208.68804931640625,70.27489471435547,194.91000366210938,217.0147247314453,57.901119232177734,112.57640838623047,91.52140808105469,63.15266418457031,231.3219451904297,280.8464660644531,406.2889709472656,181.3831024169922,39.2345085144043,52.340240478515625,45.710662841796875,306.5350341796875,130.4168701171875,79.82453155517578,13.390417098999023,39.51239013671875,52.21675491333008,88.81720733642578,187.5181427001953,428.3612976074219,108.97673797607422,39.235408782958984,80.66271209716797,60.31289291381836,123.59025573730469,395.991455078125
2022-03-31,299.4918212890625,171.40623474121094,159.65708923339844,73.08039093017578,123.46857452392578,139.94140625,141.57608032226562,73.8197021484375,55.8338508605957,150.0764617919922,43.220611572265625,46.31538391113281,112.98599243164062,78.64616394042969,228.26646423339844,49.81621551513672,47.39502716064453,273.9354248046875,108.31700134277344,180.77696228027344,208.44483947753906,69.78713989257812,191.5,216.34375,56.01556396484375,110.68736267089844,89.45321655273438,63.02322006225586,225.4690399169922,277.43634033203125,402.1436767578125,178.74497985839844,37.61037826538086,52.156002044677734,44.20552062988281,301.52032470703125,128.7898712158203,77.28662872314453,13.111289024353027,37.27285385131836,53.14308166503906,87.85084533691406,182.63006591796875,422.5878601074219,108.36959075927734,39.38616943359375,81.52984619140625,60.11759567260742,121.85177612304688,395.9056396484375
2022-04-01,300.570068359375,171.1117401123047,160.52188110351562,73.54936981201172,122.55378723144531,142.0386962890625,142.78468322753906,75.14225006103516,56.617332458496094,152.21043395996094,43.05363464355469,44.96031188964844,113.09896850585938,77.96170043945312,230.08502197265625,49.72688293457031,48.06018829345703,276.2781982421875,108.90630340576172,182.12408447265625,205.59161376953125,70.33012390136719,190.75999450683594,217.50680541992188,56.621639251708984,110.8930892944336,89.34716796875,63.7049560546875,231.7171630859375,283.53973388671875,406.3162841796875,178.907470703125,37.31840515136719,52.34900665283203,44.433563232421875,301.6298828125,130.21243286132812,76.92406463623047,12.909697532653809,36.51524353027344,53.24497604370117,88.3603744506836,175.97071838378906,429.7409362792969,110.0150146484375,39.73292541503906,82.35183715820312,61.1207275390625,124.5849838256836,397.18255615234375
2022-04-04,305.9613952636719,175.16598510742188,158.97242736816406,73.58474731445312,123.09721374511719,141.11370849609375,142.91506958007812,75.11524963378906,56.320152282714844,151.81593322753906,42.527671813964844,45.978946685791016,113.2032470703125,79.92001342773438,227.85110473632812,49.914493560791016,48.06974411010742,279.65509033203125,108.78988647460938,182.16127014160156,206.56448364257812,70.486572265625,191.17999267578125,219.07241821289062,56.333900451660156,111.17362213134766,88.38377380371094,63.67905807495117,227.96261596679688,282.3287658691406,404.521484375,179.37586975097656,37.2545280456543,53.226318359375,44.20552062988281,299.79388427734375,132.68276977539062,77.18052673339844,12.917449951171875,36.13227462768555,53.20792007446289,88.33403778076172,174.7529296875,427.3786315917969,110.0062255859375,39.74045944213867,81.68340301513672,60.8011589050293,123.98999786376953,397.8020324707031
2022-04-05,301.9883728027344,171.84799194335938,159.99940490722656,73.20426940917969,121.6646957397461,141.6082763671875,142.03692626953125,75.32219696044922,56.257110595703125,151.97731018066406,42.778133392333984,44.97899627685547,112.00403594970703,78.8458023071289,229.40191650390625,49.40176773071289,48.20659637451172,278.9962158203125,108.33154296875,179.8943328857422,202.0835418701172,71.27803039550781,182.64999389648438,218.7950897216797,55.15850067138672,111.7347412109375,87.90650177001953,64.23137664794922,230.62562561035156,283.3653259277344,407.4642028808594,177.21559143066406,36.62495040893555,52.419193267822266,43.8953742980957,295.911865234375,131.9075927734375,75.41195678710938,12.266148567199707,36.207210540771484,53.40245056152344,86.13777160644531,167.94029235839844,429.0039367675781,110.10301208496094,39.68015670776367,82.10795593261719,61.39594268798828,123.09752655029297,394.2380065917969
2022-04-06,290.933837890625,168.67726135253906,164.16128540039062,74.01834106445312,119.97667694091797,143.63226318359375,143.29762268066406,76.44680786132812,56.82445526123047,154.5685577392578,44.13895797729492,44.42762756347656,112.43852996826172,78.06626892089844,232.1250762939453,48.90703201293945,49.32685470581055,273.2124328613281,109.35011291503906,179.88507080078125,202.2613067626953,72.52965545654297,178.72000122070312,223.5993194580078,55.042171478271484,112.16492462158203,90.20449829101562,65.01667022705078,234.8788604736328,296.29888916015625,414.1513977050781,175.6002197265625,36.223487854003906,53.3579216003418,43.685569763183594,288.8785400390625,126.39616394042969,73.51072692871094,11.932744979858398,36.88988494873047,54.40287780761719,85.68971252441406,165.5388641357422,436.0435485839844,110.8421401977539,40.577186584472656,83.85127258300781,61.901947021484375,124.70584869384766,391.8938293457031
2022-04-07,292.7502746582031,168.9815673828125,163.73788452148438,75.25712585449219,119.61170959472656,145.49143981933594,145.28872680664062,78.0932388305664,57.130638122558594,154.71202087402344,46.05078125,44.44632339477539,111.70857238769531,77.8181381225586,234.8020782470703,49.14090347290039,49.82016372680664,277.06524658203125,109.09545135498047,179.03033447265625,201.97128295898438,74.01136016845703,177.97000122070312,225.12918090820312,54.76669692993164,115.37257385253906,91.57444763183594,66.6736068725586,240.0730743408203,298.80810546875,424.1093444824219,174.8333740234375,35.94062805175781,53.507057189941406,43.54873275756836,286.9512023925781,124.79472351074219,73.51072692871094,11.599342346191406,37.5559196472168,55.468143463134766,87.81570434570312,164.0996856689453,444.8407287597656,111.47567749023438,40.501800537109375,84.8900375366211,62.37592697143555,124.71514892578125,390.18804931640625
2022-04-08,288.4761047363281,166.9691925048828,164.0622100830078,76.84103393554688,121.80156707763672,146.6271209716797,147.7493438720703,78.88496398925781,57.48185348510742,155.2320098876953,46.05913162231445,43.94167709350586,110.9959945678711,77.24552154541016,232.1250762939453,48.82606887817383,50.097042083740234,284.7159423828125,108.99362182617188,176.67047119140625,203.0283966064453,73.85491943359375,175.1999969482422,225.4691619873047,54.938106536865234,115.26034545898438,94.22595977783203,67.11371612548828,242.6796112060547,301.9664611816406,420.4742736816406,176.08908081054688,36.19610595703125,54.65632629394531,44.45181655883789,293.5644226074219,124.49657440185547,74.33311462402344,11.669124603271484,37.81400680541992,57.12626647949219,90.5302963256836,162.62644958496094,438.12237548828125,110.93893432617188,40.788246154785156,86.03720092773438,62.75152587890625,123.2090835571289,398.6119384765625
2022-04-11,277.10107421875,162.7088165283203,162.00827026367188,74.19530487060547,121.3544692993164,146.06845092773438,143.94973754882812,77.94027709960938,57.463836669921875,154.75682067871094,45.023902893066406,43.52113342285156,109.81417846679688,76.119384765625,231.1927032470703,47.566741943359375,49.10407638549805,280.6983947753906,109.21914672851562,175.84364318847656,202.1116485595703,74.0297622680664,175.02999877929688,224.44032287597656,54.895259857177734,112.25843811035156,92.31685638427734,66.01773071289062,239.12269592285156,299.3215637207031,422.96142578125,170.2130584716797,36.12311553955078,54.29663848876953,44.999141693115234,292.98895263671875,121.87290954589844,74.29776000976562,11.847456932067871,36.98979187011719,56.18141555786133,86.07624816894531,162.51571655273438,436.68603515625,111.33488464355469,41.04454040527344,85.42298126220703,63.05557632446289,122.48394012451172,398.8121337890625
2022-04-12,273.99261474609375,164.5837860107422,162.06231689453125,75.74381256103516,120.0223159790039,145.62879943847656,146.94943237304688,77.04060363769531,58.139259338378906,155.38446044921875,44.339317321777344,43.455711364746094,109.47527313232422,75.7090072631836,230.0111846923828,46.61324691772461,48.766727447509766,280.3049011230469,108.0987319946289,177.44163513183594,202.71971130371094,74.5451431274414,176.27999877929688,223.69775390625,55.09727096557617,110.71540069580078,92.48477935791016,66.06088256835938,239.78135681152344,298.4689636230469,425.9679260253906,168.2671661376953,35.73989486694336,54.068538665771484,44.16902542114258,292.0937194824219,122.55438232421875,74.21817016601562,11.909485816955566,36.82328414916992,54.42140579223633,87.85084533691406,160.0035858154297,437.7633056640625,110.81574249267578,41.39128875732422,85.8746109008789,62.98401641845703,119.6577377319336,399.9747009277344
2022-04-13,279.3935546875,167.2734832763672,162.74696350097656,76.81448364257812,116.15357208251953,146.0409698486328,149.26223754882812,77.49043273925781,58.29234313964844,155.11549377441406,44.330963134765625,43.93232727050781,109.61431884765625,76.10984802246094,232.0050811767578,46.910099029541016,50.03657150268555,284.08453369140625,108.15693664550781,181.0277862548828,204.1883544921875,74.53592681884766,182.8699951171875,226.80221557617188,55.556427001953125,112.18009185791016,92.78528594970703,66.33704376220703,243.70526123046875,293.227783203125,427.46209716796875,172.1493682861328,35.420555114746094,54.44578170776367,44.278499603271484,294.09417724609375,122.30733489990234,74.39502716064453,12.025789260864258,37.13132095336914,54.0416145324707,88.05291748046875,160.83810424804688,438.93499755859375,111.21171569824219,41.308372497558594,86.30818939208984,63.207603454589844,121.40550994873047,407.1789245605469
2022-04-14,271.8263244628906,162.25726318359375,162.06231689453125,77.71704864501953,115.07688903808594,145.22586059570312,149.1926727294922,78.19219970703125,58.553504943847656,154.12918090820312,44.34767532348633,42.680049896240234,109.97927856445312,75.82351684570312,231.24810791015625,46.02855682373047,49.99201965332031,278.68499755859375,107.22566986083984,181.34368896484375,213.1129150390625,74.48992156982422,181.94000244140625,227.25845336914062,55.60539245605469,110.49944305419922,91.63630676269531,66.88934326171875,243.91232299804688,292.4430847167969,426.06817626953125,173.6543426513672,34.28000259399414,54.2352294921875,42.280757904052734,293.7927551269531,118.371826171875,74.95213317871094,12.002527236938477,37.306156158447266,54.02308654785156,89.05440521240234,160.11424255371094,441.4674072265625,111.23810577392578,41.44404983520508,87.53665924072266,63.4222297668457,119.24869537353516,416.193603515625
2022-04-18,272.49664306640625,162.04129028320312,160.04443359375,78.35414123535156,117.21200561523438,143.8429412841797,151.1924591064453,77.43646240234375,58.03118896484375,152.8022003173828,43.279056549072266,43.586544036865234,109.640380859375,74.64967346191406,231.75582885742188,45.97459411621094,49.610111236572266,274.74072265625,106.35262298583984,178.4450225830078,215.08677673339844,73.634033203125,179.85000610351562,225.38864135742188,55.3421516418457,109.18497467041016,91.40650177001953,66.23348236083984,243.67706298828125,289.4978942871094,425.8677062988281,176.83676147460938,35.44791793823242,54.02467346191406,43.028770446777344,301.3193359375,118.66996002197266,76.47310638427734,12.149845123291016,37.04807662963867,53.559932708740234,90.89926147460938,159.3819122314453,439.93658447265625,109.95343017578125,41.15760803222656,87.13016510009766,63.350669860839844,117.59386444091797,417.8135986328125
2022-04-19,277.1399230957031,164.32852172851562,164.927001953125,77.65511322021484,119.63907623291016,145.99514770507812,149.40133666992188,77.18456268310547,58.59852600097656,155.0258026123047,41.893184661865234,44.79209518432617,112.22996520996094,75.92852783203125,235.76211547851562,46.62224578857422,50.173423767089844,281.6867980957031,109.20459747314453,183.21109008789062,217.1822967529297,74.18624114990234,185.97999572753906,226.67691040039062,56.26044464111328,112.64954376220703,91.79540252685547,65.93142700195312,245.6249237060547,287.74432373046875,418.998291015625,179.4153289794922,36.1048698425293,55.07743835449219,43.63083267211914,306.86383056640625,123.61915588378906,78.62191009521484,12.522017478942871,37.96385955810547,53.53213882446289,89.22132110595703,162.3879852294922,438.8310241699219,111.63406372070312,41.624969482421875,86.65144348144531,64.13764190673828,120.52233123779297,417.21331787109375
2022-04-20,278.1696472167969,164.16165161132812,165.6566925048828,77.83207702636719,120.05879211425781,149.87835693359375,150.0099639892578,77.787353515625,59.40001678466797,157.33013916015625,41.53419494628906,44.96031188964844,120.19860076904297,76.62517547607422,236.1775360107422,47.69267654418945,50.80356979370117,288.404052734375,109.56108093261719,182.41209411621094,219.91390991210938,75.47294616699219,183.5500030517578,228.4751739501953,55.954345703125,115.14702606201172,94.25245666503906,66.69085693359375,253.0022430419922,283.78192138671875,413.5046081542969,180.65187072753906,36.18698501586914,55.79684066772461,44.37883758544922,311.5314636230469,122.15399169921875,80.12520599365234,12.444480895996094,38.74645233154297,53.448768615722656,90.19647979736328,162.16659545898438,437.876708984375,112.27639770507812,41.738040924072266,88.7199478149414,65.13028717041016,122.43744659423828,416.80352783203125
2022-04-21,272.7783508300781,163.36651611328125,165.1792755126953,77.0091552734375,119.12810516357422,149.76138305664062,143.09768676757812,77.5804214477539,59.625152587890625,156.76524353027344,40.99988555908203,44.39025115966797,121.52816009521484,75.85215759277344,235.62367248535156,47.47678756713867,50.87995910644531,284.029541015625,110.41958618164062,182.04049682617188,217.56581115722656,76.00060272216797,181.02000427246094,228.5467529296875,56.15025329589844,115.83242797851562,93.44401550292969,66.93250274658203,248.9936065673828,280.5751953125,400.4490661621094,178.0445556640625,35.50267028808594,55.928436279296875,43.58522033691406,305.3566589355469,118.89997100830078,78.62191009521484,12.17310619354248,38.97124099731445,53.893402099609375,86.68243408203125,160.77850341796875,419.0254821777344,112.71634674072266,42.61244583129883,86.75981903076172,65.45223236083984,123.78546142578125,404.3867492675781
2022-04-22,266.1922607421875,158.82147216796875,163.53973388671875,75.32793426513672,115.70647430419922,148.50885009765625,139.94149780273438,76.10490417480469,58.760623931884766,154.35333251953125,40.181732177734375,43.49309539794922,120.13775634765625,72.73143005371094,230.93423461914062,46.19947052001953,49.9219970703125,274.6492004394531,108.52798461914062,177.10714721679688,203.31582641601562,75.07488250732422,176.9199981689453,223.97511291503906,54.52793884277344,112.33031463623047,90.33453369140625,65.3705062866211,240.0072479248047,270.03460693359375,406.1431579589844,173.05999755859375,34.27088165283203,54.61247634887695,42.27164840698242,292.084716796875,114.35965728759766,74.93443298339844,11.731154441833496,37.913917541503906,52.80034637451172,84.34559631347656,159.3734130859375,422.7579040527344,121.8761978149414,41.858642578125,83.26414489746094,64.83517456054688,123.50658416748047,384.5753173828125
2022-04-25,272.69091796875,159.8914794921875,167.56651306152344,72.78839111328125,115.66995239257812,149.70614624023438,136.93312072753906,76.86967468261719,59.38200759887695,155.77899169921875,40.86631393432617,43.97905349731445,120.87643432617188,73.4662857055664,233.4358673095703,46.72118377685547,49.94745635986328,279.06939697265625,108.11328125,178.2127227783203,203.69187927246094,75.73214721679688,175.91000366210938,225.6033477783203,55.023807525634766,112.67770385742188,90.41448211669922,65.6294174194336,239.34854125976562,276.30279541015625,403.5010986328125,176.47251892089844,34.02452087402344,54.96339797973633,41.806419372558594,293.5918884277344,116.86408233642578,75.20856475830078,11.856035232543945,37.789031982421875,52.51318359375,80.52409362792969,161.49380493164062,419.5640869140625,126.24935913085938,41.632503509521484,82.16213989257812,64.56690216064453,120.24341583251953,367.3653259277344
2022-04-26,262.4912414550781,153.9230499267578,166.36837768554688,72.81493377685547,112.2483139038086,147.1641845703125,136.09840393066406,76.0059585571289,58.580528259277344,155.38446044921875,40.9330940246582,42.53987121582031,118.34764099121094,71.10902404785156,229.46652221679688,45.785682678222656,49.42551803588867,274.5119323730469,104.92662048339844,174.35714721679688,197.676025390625,74.53799438476562,167.0399932861328,223.545654296875,49.3365478515625,109.82344818115234,90.1124267578125,65.23242950439453,237.69241333007812,274.0067443847656,406.4165344238281,171.24830627441406,33.25808334350586,54.19136047363281,40.66616439819336,286.01043701171875,111.9745101928711,72.83867645263672,11.481389045715332,37.356109619140625,51.614654541015625,80.22539520263672,155.88192749023438,418.1373291015625,122.46573638916016,41.368675231933594,81.87310028076172,63.52060317993164,117.04537963867188,363.8013000488281
2022-04-27,275.11944580078125,153.697265625,164.044189453125,74.89433288574219,110.78842163085938,146.7681884765625,135.84628295898438,75.94298553466797,59.0398063659668,156.77420043945312,41.52585220336914,42.25951385498047,117.36566925048828,71.34760284423828,228.13723754882812,44.35544967651367,49.088165283203125,276.0127868652344,104.91935729980469,173.13076782226562,201.1163330078125,74.69535827636719,154.4600067138672,222.5794219970703,47.87953186035156,109.58871459960938,89.59716033935547,65.42227935791016,235.97042846679688,276.1961669921875,405.4052429199219,170.2705841064453,33.075599670410156,54.033451080322266,40.66616439819336,286.11090087890625,111.64228820800781,72.69719696044922,11.590660095214844,36.82328414916992,51.48497009277344,81.75399017333984,158.7346954345703,415.5482177734375,123.6096420288086,41.39882278442383,84.83585357666016,63.81571578979492,120.49443054199219,367.3843994140625
2022-04-28,281.34613037109375,160.6374969482422,165.26931762695312,77.15958404541016,112.540283203125,150.4981689453125,140.6718292236328,79.69469451904297,59.60715103149414,159.15028381347656,42.16869354248047,43.77345657348633,117.95661926269531,72.66461944580078,234.6451873779297,45.54281997680664,49.715145111083984,285.310791015625,107.05105590820312,176.447509765625,199.6875762939453,75.18597412109375,154.22000122070312,213.04248046875,47.585689544677734,110.79989624023438,89.59716033935547,66.621826171875,239.2356414794922,287.9963073730469,402.426025390625,174.44033813476562,33.58656692504883,54.00712966918945,41.20436096191406,290.8424072265625,110.19416046142578,74.38282775878906,11.411141395568848,37.07304382324219,51.4015998840332,85.69850158691406,161.93666076660156,420.6507873535156,124.93832397460938,41.609893798828125,83.5622329711914,64.6294937133789,121.6472396850586,366.70782470703125
2022-04-29,269.58245849609375,154.75743103027344,162.5668182373047,75.43411254882812,108.90879821777344,147.8641815185547,136.2201385498047,79.79367065429688,58.18428039550781,153.95883178710938,40.966495513916016,40.736228942871094,114.88907623291016,70.04967498779297,230.00193786621094,44.058597564697266,48.690345764160156,274.91455078125,104.92662048339844,179.78285217285156,197.90162658691406,71.3257827758789,148.83999633789062,208.62295532226562,45.638912200927734,106.5654525756836,85.40379333496094,64.95629119873047,232.21591186523438,283.0166015625,393.68890380859375,167.4715576171875,32.555511474609375,52.05950164794922,39.7995719909668,279.041015625,104.8105239868164,71.87666320800781,11.052103996276855,35.29973602294922,49.98432540893555,83.91512298583984,153.26754760742188,415.198486328125,122.15776824951172,41.888797760009766,80.89754486083984,63.25230026245117,118.98837280273438,359.7799987792969
2022-05-02,276.3337097167969,155.061767578125,160.92724609375,76.46055603027344,109.90335083007812,145.86561584472656,138.8981170654297,78.85797119140625,57.130638122558594,150.41714477539062,40.3570556640625,42.016536712646484,115.61032104492188,70.62227630615234,227.67568969726562,44.850181579589844,48.368900299072266,280.9272766113281,106.15618133544922,182.90451049804688,199.3397979736328,69.5947036743164,148.61000061035156,206.59207153320312,46.2510986328125,105.93638610839844,85.73251342773438,64.79231262207031,231.58543395996094,280.5267333984375,392.49542236328125,164.50958251953125,32.975223541259766,52.910491943359375,39.8360481262207,283.54412841796875,106.71864318847656,73.09852600097656,11.137961387634277,35.39963912963867,49.76200866699219,84.26652526855469,152.07534790039062,414.4615783691406,119.68522644042969,41.74557876586914,80.6717300415039,62.13446807861328,121.77738189697266,363.2867736816406
2022-05-03,273.7205810546875,156.55386352539062,160.61195373535156,78.03559875488281,112.25745391845703,143.86709594726562,141.28045654296875,78.36315155029297,56.80644607543945,150.62339782714844,41.1501579284668,42.109989166259766,115.1584701538086,69.94471740722656,226.9648895263672,44.904151916503906,48.537574768066406,279.0877685546875,107.73495483398438,183.06243896484375,200.7967071533203,68.95594787597656,153.5800018310547,207.728271484375,47.542823791503906,105.56083679199219,85.2705307006836,64.76641845703125,232.69577026367188,279.083251953125,396.1032409667969,164.97927856445312,33.8785400390625,52.92803955078125,40.28303527832031,287.41705322265625,109.55528259277344,74.69500732421875,11.364311218261719,35.74930953979492,50.753177642822266,86.91083526611328,151.68359375,426.3958740234375,120.8115234375,41.790802001953125,81.07820892333984,62.28649139404297,123.84124755859375,371.1103515625
2022-05-04,281.68609619140625,162.97386169433594,162.33255004882812,81.14144134521484,115.9710693359375,144.92620849609375,145.7147674560547,79.64070892333984,58.56250762939453,155.88653564453125,41.45905685424805,43.49309539794922,119.39912414550781,71.7770767211914,234.7651824951172,46.39735794067383,49.209110260009766,288.55963134765625,112.20936584472656,191.2474822998047,209.22828674316406,71.27948760986328,156.97000122070312,211.2263641357422,49.23859786987305,108.63104248046875,89.34837341308594,65.85376739501953,240.5812225341797,285.7001953125,406.0976257324219,170.45269775390625,35.23806381225586,54.46332550048828,41.9432487487793,296.04888916015625,114.7940902709961,77.78984069824219,11.69212818145752,37.0147705078125,51.66096496582031,91.24188995361328,156.5206298828125,437.09246826171875,122.43054962158203,42.514461517333984,82.33377075195312,63.32384490966797,127.6807861328125,377.69512939453125
2022-05-05,269.4173583984375,153.8936004638672,159.23365783691406,79.91148376464844,113.06950378417969,142.25537109375,144.5583953857422,79.1818618774414,58.09423065185547,152.77529907226562,40.44888687133789,42.00957489013672,118.11302185058594,69.47706604003906,229.78036499023438,44.625301361083984,48.787479400634766,273.73388671875,108.73896026611328,183.83355712890625,202.9680633544922,70.43710327148438,150.47000122070312,209.6607208251953,48.1121711730957,106.10538482666016,86.82527923583984,65.802001953125,237.20309448242188,283.2491149902344,403.7379150390625,163.9248504638672,34.25264358520508,53.82289123535156,41.05357360839844,285.96478271484375,108.4819564819336,75.75634765625,11.340893745422363,36.448646545410156,49.88242721557617,90.36337280273438,153.10577392578125,440.9571838378906,120.2659683227539,42.17525100708008,80.76206970214844,63.27019500732422,122.31659698486328,365.01153564453125
2022-05-06,266.87225341796875,154.62106323242188,158.88233947753906,81.13259887695312,112.88702392578125,143.6737060546875,148.41014099121094,79.52375793457031,58.301353454589844,152.79324340820312,40.94144821166992,41.72700119018555,119.6337661743164,69.18122100830078,231.49732971191406,44.373435974121094,47.7717399597168,269.34124755859375,108.78988647460938,181.56663513183594,201.76487731933594,71.13137817382812,148.89999389648438,211.58421325683594,47.89177322387695,105.41058349609375,89.45500183105469,66.1644515991211,251.14849853515625,287.63775634765625,409.4595031738281,160.2247772216797,34.1705207824707,53.67375564575195,40.860958099365234,285.8642578125,107.18716430664062,75.12310791015625,11.091131210327148,36.623477935791016,49.88242721557617,94.6065902709961,153.21646118164062,442.88482666015625,121.07550048828125,42.64259338378906,81.05110931396484,63.851470947265625,119.49040222167969,359.6941833496094
2022-05-09,257.0125732421875,149.4893035888672,159.7471160888672,74.73506927490234,111.18989562988281,143.3144989013672,138.46336364746094,78.84899139404297,58.18428039550781,153.9498748779297,40.607505798339844,40.56843185424805,118.24409484863281,68.27459716796875,228.46029663085938,44.040611267089844,48.33071517944336,271.83050537109375,110.8634033203125,180.200927734375,193.90676879882812,71.89970397949219,133.30999755859375,214.03553771972656,44.67164611816406,100.8287353515625,87.82918548583984,65.81924438476562,245.9824676513672,280.2071228027344,399.8113098144531,154.3487548828125,33.18510055541992,54.112403869628906,40.3198127746582,282.1466369628906,104.29942321777344,72.37611389160156,10.435497283935547,36.50692367553711,50.79948806762695,85.39103698730469,154.50234985351562,428.9755554199219,123.48643493652344,41.65511703491211,76.20050811767578,65.72946166992188,118.74323272705078,347.3727722167969
2022-05-10,261.79180908203125,151.89788818359375,159.53091430664062,75.23059844970703,108.47993469238281,142.55929565429688,139.79371643066406,79.0019302368164,57.643959045410156,153.76156616210938,41.31713104248047,41.45384216308594,113.57379150390625,69.21939086914062,226.7895050048828,44.57133483886719,47.650360107421875,266.4585266113281,108.4916000366211,180.9534912109375,190.8048553466797,70.9740219116211,132.9499969482422,215.35069274902344,44.87979507446289,100.22785949707031,87.2072982788086,65.83651733398438,245.26734924316406,276.7872314453125,400.07550048828125,155.12518310546875,32.62851333618164,54.20013427734375,39.51268768310547,278.6482849121094,104.6912612915039,71.58235168457031,10.419886589050293,36.05735397338867,51.12369155883789,86.09384155273438,154.99627685546875,425.1864013671875,122.26335144042969,38.873592376708984,76.75151062011719,64.1555404663086,116.78192138671875,347.58245849609375
2022-05-11,253.09780883789062,144.0233154296875,158.6661376953125,76.79679107666016,107.79560852050781,140.55154418945312,141.863037109375,80.24351501464844,57.914119720458984,153.01739501953125,41.28374481201172,40.342376708984375,114.99864196777344,67.78785705566406,225.63560485839844,43.761756896972656,47.15207290649414,258.9541931152344,106.51995086669922,178.39852905273438,192.89158630371094,71.04805755615234,129.38999938964844,215.2880401611328,44.34717559814453,99.3734359741211,87.0562515258789,65.71570587158203,244.84388732910156,277.7463684082031,401.2416076660156,152.78628540039062,32.45514678955078,53.12982177734375,39.044918060302734,275.44207763671875,97.7743148803711,70.36045837402344,10.014016151428223,36.09064865112305,50.32706832885742,87.00749206542969,151.12155151367188,421.8886413574219,122.2281723022461,38.964046478271484,76.20050811767578,64.20919799804688,116.09080505371094,346.8963317871094
2022-05-12,248.04656982421875,140.14993286132812,160.23358154296875,77.14543151855469,107.7043685913086,139.9805145263672,143.21070861816406,81.71900177001953,58.09423065185547,152.78424072265625,42.41157531738281,40.3517951965332,116.8896255493164,67.50154876708984,225.41404724121094,43.437931060791016,47.10735321044922,265.1131896972656,108.83354949951172,180.15414428710938,190.84242248535156,71.78864288330078,123.13999938964844,218.938232421875,44.861427307128906,101.3733139038086,87.28724670410156,65.84513854980469,244.68386840820312,282.6968994140625,395.9393005371094,146.9198455810547,31.998929977416992,54.814247131347656,38.34785079956055,273.4873962402344,101.57352447509766,70.0928955078125,9.709616661071777,35.93246841430664,50.42005157470703,87.49945068359375,152.1349334716797,425.9518127441406,122.84410095214844,39.32586669921875,76.27276611328125,64.57584381103516,115.17552947998047,345.8957824707031
2022-05-13,253.6515655517578,144.62301635742188,159.31472778320312,79.43386840820312,108.66243743896484,141.4817352294922,145.9582061767578,81.34113311767578,59.18387985229492,155.76107788085938,42.0159912109375,41.067649841308594,117.50531005859375,67.92147064208984,226.19871520996094,44.580326080322266,47.28941345214844,270.915283203125,108.62255859375,180.7238006591797,192.0644073486328,72.57549285888672,127.19999694824219,217.7572784423828,45.94500732421875,103.16661834716797,86.6031723022461,65.41365051269531,243.8935089111328,283.4842834472656,396.4676818847656,152.17279052734375,32.09017562866211,54.71774673461914,39.1091194152832,280.4111633300781,103.89053344726562,71.83208465576172,10.53696346282959,36.25715637207031,49.64822006225586,90.40731048583984,152.91651916503906,427.888916015625,122.44813537597656,39.98168182373047,77.1308822631836,65.37174987792969,114.27892303466797,349.4311218261719
2022-05-16,254.0206756591797,143.07952880859375,160.4228057861328,81.3021469116211,107.90510559082031,142.86322021484375,150.4272918701172,83.05953216552734,59.40001678466797,157.33013916015625,42.64724349975586,40.577857971191406,118.76300048828125,66.52812194824219,225.27557373046875,44.076595306396484,47.34053039550781,270.8786926269531,109.49561309814453,181.12533569335938,194.7527313232422,72.88097381591797,124.05000305175781,219.9307098388672,45.68788528442383,103.00699615478516,87.55377960205078,66.3715591430664,250.76266479492188,291.0177917480469,398.6360168457031,149.9489288330078,31.76170539855957,54.60369873046875,38.714725494384766,277.16851806640625,103.1494369506836,71.26126098632812,10.1857328414917,36.75667953491211,49.47153854370117,93.09880065917969,154.4024200439453,432.84967041015625,122.24575805664062,40.509342193603516,78.74774932861328,65.69368743896484,112.51375579833984,356.8258972167969
2022-05-17,259.1884460449219,146.7169952392578,161.0894317626953,82.33910369873047,111.48186492919922,142.45799255371094,151.3141632080078,83.67132568359375,59.23790740966797,156.42453002929688,43.21116638183594,41.821189880371094,121.70063018798828,68.59905242919922,223.0509033203125,45.515838623046875,41.95519256591797,275.41790771484375,110.83429718017578,185.88784790039062,200.2985382080078,72.9179916381836,132.0500030517578,221.26541137695312,46.77146911621094,107.54190826416016,88.2911605834961,67.5020523071289,255.33583068847656,292.9813537597656,401.7791442871094,155.14434814453125,32.8383674621582,55.42836380004883,40.09051513671875,285.87335205078125,107.05087280273438,73.96366882324219,10.560379981994629,37.41438674926758,47.639610290527344,94.44010925292969,157.29689025878906,433.983642578125,122.00819396972656,40.8862419128418,80.42652130126953,65.20184326171875,116.11882019042969,366.1741638183594
2022-05-18,247.38775634765625,138.43934631347656,158.09861755371094,81.03398895263672,109.57487487792969,133.57968139648438,147.32554626464844,82.8615951538086,55.11341857910156,146.73207092285156,42.41999053955078,39.89025115966797,116.92481231689453,65.1824722290039,213.28443908691406,43.50089645385742,39.10600280761719,260.9858703613281,108.35336303710938,181.04127502441406,195.4576873779297,70.0853271484375,125.5199966430664,220.01187133789062,46.03683090209961,105.85186767578125,83.52922821044922,66.46648406982422,242.3690948486328,286.9448547363281,395.702392578125,149.63258361816406,31.82557487487793,55.463462829589844,38.62301254272461,280.1736145019531,103.33683776855469,71.9658432006836,9.974992752075195,34.27570724487305,44.54298782348633,92.19869232177734,147.9263916015625,429.8165283203125,116.59673309326172,40.102291107177734,76.71508026123047,60.426387786865234,111.6638412475586,351.3179626464844
2022-05-19,246.4724578857422,135.0279998779297,156.69325256347656,81.47200775146484,107.95073699951172,130.5035858154297,146.27357482910156,82.85260009765625,54.03276443481445,144.53533935546875,42.63040542602539,39.57000732421875,114.0399398803711,63.97998046875,211.3920440673828,37.528076171875,38.03275680541992,263.3469543457031,108.0006103515625,179.9020233154297,194.34854125976562,69.53916931152344,127.13999938964844,220.7423858642578,46.367427825927734,105.57019805908203,82.7474136352539,65.5517349243164,241.71983337402344,278.27392578125,387.76702880859375,147.61959838867188,31.4332275390625,55.507328033447266,38.52211380004883,281.5163879394531,102.33168029785156,71.31478881835938,10.029627799987793,34.20621871948242,44.63597869873047,92.31340026855469,143.7693634033203,423.7973937988281,113.55226135253906,38.51176452636719,76.0980224609375,59.13862991333008,114.56845092773438,347.4585266113281
2022-05-20,245.9077606201172,135.26394653320312,159.43186950683594,82.11563110351562,107.06565856933594,130.58648681640625,147.1151580810547,84.1661605834961,54.91529083251953,145.44094848632812,44.1622428894043,39.23091125488281,113.0020980834961,65.49739074707031,215.92453002929688,38.625492095947266,38.07429122924805,262.8252868652344,105.70037841796875,177.1938934326172,185.94520568847656,69.54842376708984,120.69999694824219,223.20437622070312,46.06744384765625,106.32132720947266,84.33769226074219,65.7502212524414,244.17575073242188,290.5026550292969,386.42779541015625,146.8910675048828,30.894895553588867,56.007389068603516,38.219444274902344,280.2375793457031,103.7372055053711,70.78856658935547,9.756447792053223,34.50102615356445,45.249717712402344,92.67522430419922,146.904296875,418.912109375,112.9275131225586,38.51176452636719,76.22505950927734,59.925601959228516,111.77593994140625,298.5635070800781
2022-05-23,253.78468322753906,140.6906280517578,162.6866912841797,83.9302749633789,113.68997192382812,133.58889770507812,150.53399658203125,84.41808319091797,56.60831832885742,148.48048400878906,44.50732421875,39.560585021972656,115.36802673339844,66.84305572509766,219.7000274658203,38.994285583496094,39.160308837890625,261.76373291015625,106.10456848144531,177.03518676757812,191.8951873779297,70.83515930175781,124.06999969482422,224.59320068359375,46.196006774902344,108.0019760131836,84.90628814697266,66.19033813476562,247.8267822265625,294.1478576660156,394.5180358886719,152.45082092285156,32.7288703918457,55.84947204589844,40.19140625,289.1982727050781,103.33683776855469,73.41069030761719,10.014016151428223,35.50337219238281,46.70038986206055,96.20503234863281,149.78158569335938,431.61187744140625,113.8690414428711,39.28817367553711,78.55718231201172,60.34590530395508,114.69920349121094,319.5757141113281
2022-05-24,252.7818145751953,137.98709106445312,164.4636688232422,84.38618469238281,115.2958755493164,135.9650421142578,151.34046936035156,85.14681243896484,57.652957916259766,150.47097778320312,44.953407287597656,39.2497444152832,117.68119812011719,65.87915802001953,225.7187042236328,39.37208938598633,39.649009704589844,263.493408203125,107.11138153076172,177.39004516601562,193.30514526367188,72.31629180908203,119.4000015258789,227.16342163085938,45.62054443359375,106.81895446777344,85.68810272216797,66.5614013671875,249.32296752929688,297.4140625,403.4009094238281,149.1820526123047,32.52814483642578,56.45481872558594,39.70530319213867,286.76849365234375,102.51055145263672,73.09852600097656,9.694005966186523,35.44441223144531,47.89997482299805,96.61096954345703,149.54112243652344,445.152587890625,116.27998352050781,39.89875793457031,79.63705444335938,61.830387115478516,113.43834686279297,321.1671142578125
2022-05-25,255.60540771484375,138.1444091796875,162.84988403320312,86.08464050292969,116.09881591796875,133.73626708984375,153.76870727539062,84.34609985351562,57.69798278808594,151.50210571289062,45.20590591430664,39.74897003173828,118.20011901855469,66.64264678955078,225.24789428710938,39.578983306884766,39.406253814697266,268.6640625,107.14078521728516,177.83828735351562,196.7454376220703,71.73309326171875,122.05999755859375,228.17349243164062,45.62666320800781,106.2743911743164,86.30998992919922,66.65632629394531,250.06637573242188,298.4346618652344,407.7375183105469,153.85984802246094,32.701499938964844,57.033843994140625,40.4665641784668,287.6363220214844,104.7679443359375,73.33937072753906,9.920356750488281,35.76449203491211,47.57451248168945,98.1287612915039,149.326416015625,441.8642272949219,115.59365844726562,40.622406005859375,80.5535659790039,61.937713623046875,115.25956726074219,326.8275146484375
2022-05-26,258.8964538574219,141.3492889404297,162.70480346679688,86.38856506347656,118.10618591308594,134.90589904785156,154.8031463623047,83.05054473876953,57.90510940551758,152.52426147460938,45.44157409667969,40.954620361328125,120.39895629882812,68.38910675048828,229.01419067382812,40.46950912475586,40.24631881713867,277.1201171875,108.05940246582031,180.32223510742188,200.2045440673828,72.35331726074219,127.7300033569336,228.20956420898438,47.144901275634766,107.85175323486328,86.88746643066406,66.95838928222656,253.01156616210938,304.7044372558594,408.1475524902344,158.51852416992188,33.458824157714844,56.56009292602539,41.82400894165039,295.6105041503906,108.8056640625,75.80986022949219,10.240365982055664,36.253028869628906,48.48583221435547,99.84955596923828,153.20855712890625,441.6846923828125,116.50875854492188,41.08222961425781,80.1361312866211,62.1165657043457,117.95869445800781,331.1538391113281
2022-05-27,266.0431213378906,147.11024475097656,164.18263244628906,87.23777770996094,119.77594757080078,136.96893310546875,156.28463745117188,83.74332427978516,58.24732208251953,154.0126495361328,45.37424087524414,41.96247863769531,122.49223327636719,69.45797729492188,232.50355529785156,41.03620529174805,41.0384635925293,282.290771484375,109.8746109008789,183.357177734375,204.1054229736328,73.00131225585938,132.22999572753906,230.20263671875,48.21623992919922,109.56055450439453,87.10956573486328,65.70706939697266,256.3238830566406,314.44464111328125,410.48895263671875,162.5732879638672,33.77816390991211,56.849605560302734,42.09000015258789,300.1318664550781,110.64562225341797,77.10308074951172,10.63843059539795,36.81737518310547,49.24836349487305,101.12911224365234,156.77294921875,446.48382568359375,117.4062728881836,41.02946472167969,80.6987533569336,62.5011100769043,121.44236755371094,343.7516174316406
2022-05-31,264.7091369628906,146.32373046875,162.76828002929688,85.81646728515625,120.65188598632812,136.1952667236328,153.1112518310547,82.79864501953125,57.07660675048828,150.40821838378906,44.641990661621094,41.840023040771484,122.1140365600586,68.63721466064453,232.8174285888672,40.52348327636719,41.08637619018555,277.06524658203125,109.71292877197266,180.80784606933594,202.8928680419922,72.95502471923828,131.39999389648438,231.53732299804688,47.928497314453125,110.28350067138672,85.95462036132812,65.11161804199219,252.4564208984375,304.6850891113281,403.4757995605469,161.82559204101562,33.942405700683594,56.89346694946289,41.97993469238281,300.3800964355469,108.26048278808594,76.82659149169922,10.677456855773926,36.918453216552734,49.257652282714844,99.15242004394531,156.53245544433594,443.83770751953125,117.04552459716797,40.773170471191406,82.413818359375,62.46535110473633,118.13616180419922,340.9404602050781
2022-06-01,265.24468994140625,146.19595336914062,161.1182098388672,87.4612808227539,118.53502655029297,134.1322479248047,154.56643676757812,81.99788665771484,56.79743957519531,149.27847290039062,44.07807540893555,41.548038482666016,122.63294219970703,68.33184051513672,230.1126708984375,40.68539810180664,40.07063674926758,273.6945495605469,107.60376739501953,179.2109832763672,204.50958251953125,72.39034271240234,130.64999389648438,228.54324340820312,47.45711898803711,108.04891204833984,85.7680435180664,64.68876647949219,248.96539306640625,302.3909912109375,402.733154296875,158.89234924316406,33.458824157714844,56.82328796386719,41.420448303222656,295.7850036621094,105.53459167480469,75.80986022949219,10.575989723205566,36.43833923339844,47.751197814941406,102.14392852783203,154.79750061035156,440.30950927734375,115.62003326416016,40.76563262939453,78.64793395996094,61.812530517578125,117.09013366699219,335.5754089355469
2022-06-02,267.34771728515625,148.65370178222656,160.6105194091797,87.3093032836914,120.44202423095703,135.5782470703125,154.2859344482422,80.97225952148438,57.39179992675781,150.48828125,44.338993072509766,42.23563003540039,123.26619720458984,69.80154418945312,231.1281280517578,41.18912887573242,40.728633880615234,281.6883544921875,108.89720153808594,184.00152587890625,206.79376220703125,73.380859375,140.5,223.90780639648438,47.7509765625,110.3304443359375,86.38106536865234,64.78369140625,247.88320922851562,293.98260498046875,404.3924865722656,162.13230895996094,33.6790657043457,55.67401123046875,41.57638168334961,297.99066162109375,108.26048278808594,75.98822784423828,10.841363906860352,36.58152770996094,49.17396545410156,101.4468002319336,158.09564208984375,439.0006408691406,115.96319580078125,40.81840133666992,81.01636505126953,61.419044494628906,120.28425598144531,344.0851135253906
2022-06-03,262.90789794921875,142.92225646972656,159.94862365722656,88.57867431640625,118.76314544677734,134.36251831054688,155.68856811523438,80.89128875732422,56.707393646240234,148.8361053466797,44.77665710449219,40.86985397338867,124.172119140625,68.5131607055664,230.53404235839844,40.70338821411133,40.02911376953125,280.9607849121094,107.2730712890625,181.9284210205078,209.51966857910156,73.06610107421875,139.25,224.0611114501953,47.120418548583984,109.4478759765625,84.31105041503906,64.86997985839844,238.98155212402344,293.22430419921875,405.8409729003906,159.9180145263672,33.2110481262207,55.66523742675781,41.10859680175781,292.8717041015625,106.52272033691406,75.0250015258789,10.53696346282959,36.337257385253906,48.8577995300293,104.2353515625,159.31527709960938,453.701416015625,115.65526580810547,40.569644927978516,79.77316284179688,61.159690856933594,117.17417907714844,344.0088806152344
2022-06-06,261.6712951660156,143.66941833496094,159.93051147460938,88.35519409179688,118.37078094482422,133.8375701904297,155.0135040283203,80.82827758789062,56.617332458496094,149.4590606689453,44.827152252197266,40.82275390625,125.66734313964844,69.63931274414062,230.2648468017578,40.775352478027344,39.8853759765625,279.8648681640625,107.44943237304688,182.27392578125,210.2058563232422,72.92725372314453,139.24000549316406,221.3466033935547,47.13877868652344,109.3070297241211,85.03954315185547,64.93901824951172,243.0748748779297,294.8865661621094,406.5010986328125,160.1001739501953,33.174339294433594,54.419456481933594,41.38375473022461,294.5534973144531,106.75272369384766,75.69390869140625,10.505742073059082,36.5478401184082,48.49512481689453,103.58232116699219,160.70668029785156,454.16607666015625,116.04241180419922,40.396270751953125,80.22689056396484,61.49952697753906,118.73389434814453,345.8290710449219
2022-06-07,265.3225402832031,146.19595336914062,161.6893768310547,92.4046401977539,118.68102264404297,135.3295440673828,157.96774291992188,81.40412139892578,56.95954132080078,150.37997436523438,45.41632843017578,41.00171661376953,125.57936096191406,69.3720932006836,231.07240295410156,40.99123764038086,39.406253814697266,277.9124755859375,107.9344711303711,184.5431365966797,213.46755981445312,72.8624496459961,140.82000732421875,222.2213897705078,47.7509765625,109.73892974853516,85.21723937988281,66.09539794921875,247.87588500976562,303.38250732421875,418.3181457519531,161.70098876953125,33.357879638671875,54.86688995361328,41.70478057861328,295.4725036621094,107.4256820678711,76.10417938232422,10.724287033081055,36.219337463378906,48.383541107177734,108.28580474853516,159.33245849609375,466.6853332519531,116.23600006103516,40.712867736816406,81.23413848876953,61.848297119140625,120.27493286132812,350.52703857421875
2022-06-08,263.2876281738281,145.4586639404297,160.72836303710938,93.49523162841797,116.79226684570312,133.6441650390625,158.7830352783203,80.50442504882812,56.635337829589844,149.63058471679688,45.00390625,38.835304260253906,123.86429595947266,68.12189483642578,227.9814453125,40.40654754638672,39.064476013183594,274.0077209472656,106.8688735961914,181.64828491210938,216.00546264648438,72.08485412597656,139.6300048828125,221.38262939453125,47.23673629760742,107.68274688720703,83.40484619140625,65.74159240722656,246.45823669433594,304.7336730957031,406.5010986328125,159.08409118652344,32.93574142456055,54.72652053833008,40.93434143066406,289.19561767578125,104.90422821044922,74.20446014404297,10.560379981994629,35.88241195678711,47.63030242919922,107.53572082519531,154.1189422607422,448.08673095703125,115.10092163085938,37.30567932128906,80.40837097167969,61.61578369140625,118.62183380126953,338.3104248046875
2022-06-09,257.8156433105469,140.2285919189453,157.49163818359375,91.47498321533203,114.33780670166016,131.23118591308594,155.6183624267578,79.17286682128906,55.653743743896484,146.9671630859375,43.58148956298828,37.68616485595703,121.34004974365234,66.06048583984375,224.77903747558594,39.81285858154297,38.6556282043457,276.1534729003906,105.95758819580078,179.30438232421875,210.24342346191406,71.14063262939453,133.72999572753906,218.01881408691406,45.77971649169922,105.82371520996094,82.39205169677734,65.5689926147461,243.4339599609375,294.7796936035156,396.700927734375,154.31039428710938,31.66933250427246,53.67375564575195,39.13663101196289,279.58270263671875,103.25166320800781,72.38502502441406,10.365248680114746,35.14118194580078,46.89567184448242,104.6236343383789,151.63681030273438,439.048095703125,113.15664672851562,36.68001937866211,78.02178955078125,60.748321533203125,115.80126953125,329.076416015625
2022-06-10,246.32643127441406,134.81175231933594,156.43994140625,89.8033447265625,109.0821533203125,130.7338104248047,153.75994873046875,78.43512725830078,55.30253219604492,146.732421875,42.058074951171875,36.904380798339844,119.78326416015625,64.07540893554688,220.34214782714844,39.12022399902344,38.872833251953125,266.37310791015625,101.15872192382812,173.95358276367188,202.26309204101562,70.9369888305664,127.0,216.44960021972656,43.60643768310547,102.93190002441406,82.77406311035156,64.8009262084961,239.37953186035156,288.7140197753906,394.3815002441406,148.02220153808594,30.439632415771484,53.2877311706543,36.761104583740234,263.7756042480469,97.83394622802734,69.03156280517578,9.951577186584473,34.98956298828125,47.50941467285156,103.09698486328125,148.6306915283203,439.9017028808594,113.42300415039062,36.89108657836914,76.84211730957031,61.1507453918457,108.24556732177734,319.4518127441406
2022-06-13,235.87904357910156,129.6504669189453,154.86241149902344,85.6823501586914,105.83386993408203,127.23409271240234,146.6856231689453,76.47380065917969,55.2394905090332,144.2224578857422,40.324241638183594,35.57626724243164,118.83336639404297,61.12646484375,221.35391235351562,38.895347595214844,38.1413688659668,260.7738037109375,100.2180404663086,172.2166290283203,194.46133422851562,70.52967834472656,115.86000061035156,213.52767944335938,41.4576416015625,99.43917846679688,80.74848175048828,63.49784469604492,228.92697143554688,283.14404296875,388.6425476074219,140.22903442382812,29.384296417236328,51.89280319213867,35.76137161254883,260.3753356933594,91.91365051269531,67.05159759521484,9.21789264678955,33.928253173828125,46.80268096923828,98.62295532226562,148.3472442626953,436.923583984375,112.66838836669922,35.549320220947266,74.41926574707031,59.97030258178711,105.81727600097656,309.6080017089844
2022-06-14,238.0503387451172,130.51560974121094,152.48704528808594,85.90584564208984,104.0728530883789,123.2646484375,146.8784942626953,76.6461410522461,53.7247200012207,140.9541015625,40.33266067504883,35.72697830200195,119.36991119384766,67.49201202392578,221.62306213378906,38.59849548339844,38.1573371887207,256.6387634277344,99.39495086669922,171.15203857421875,194.28271484375,68.75230407714844,122.16000366210938,212.5626983642578,41.659664154052734,96.6506576538086,80.5263900756836,62.8851318359375,232.21585083007812,282.667724609375,381.52850341796875,138.6090545654297,28.870393753051758,51.33319854736328,34.330543518066406,259.6585388183594,92.7578353881836,66.8553695678711,9.522293090820312,33.860870361328125,46.85847854614258,98.3846664428711,149.5840606689453,431.0243225097656,109.47235870361328,35.57238006591797,75.01815032958984,59.42479705810547,104.14549255371094,311.20892333984375
2022-06-15,245.12884521484375,133.1404571533203,154.11898803710938,84.82420349121094,105.3046646118164,122.03970336914062,143.9943389892578,76.76404571533203,54.123809814453125,142.46189880371094,40.82923889160156,36.40515899658203,120.54846954345703,66.51856231689453,221.75303649902344,39.399070739746094,38.13178634643555,257.61492919921875,98.71886444091797,172.73023986816406,193.63417053222656,68.65048217773438,133.72000122070312,212.45448303222656,42.30246353149414,98.39700317382812,81.24598693847656,63.01457595825195,233.52952575683594,284.8062744140625,379.63079833984375,140.1619110107422,29.411823272705078,51.86616516113281,35.00926208496094,266.5787353515625,94.81664276123047,67.80077362060547,9.576929092407227,34.30729293823242,47.31413650512695,96.47856140136719,151.0613555908203,434.80859375,108.6733627319336,35.095924377441406,74.66426849365234,59.326419830322266,106.11614990234375,315.0206604003906
2022-06-16,238.5177001953125,127.86122131347656,154.2005615234375,81.69547271728516,103.4980239868164,122.78572845458984,136.29759216308594,76.99988555908203,53.57958221435547,141.7757110595703,39.96232604980469,35.17124938964844,119.325927734375,65.57374572753906,218.30934143066406,38.967308044433594,38.527862548828125,251.84060668945312,96.22754669189453,167.97705078125,183.09706115722656,68.42829895019531,133.36000061035156,208.0625457763672,39.97001266479492,95.83377838134766,79.82452392578125,62.66938400268555,234.66360473632812,280.0237121582031,371.0957336425781,131.8031768798828,29.228290557861328,51.27102279663086,34.53232955932617,261.90087890625,91.38816833496094,65.95458221435547,8.780803680419922,33.4144401550293,46.32842254638672,90.38082885742188,147.89205932617188,425.8648681640625,107.9986572265625,34.873069763183594,71.71507263183594,59.69308090209961,101.33427429199219,302.623046875
2022-06-17,241.12709045410156,129.3358917236328,153.6384735107422,76.98452758789062,103.13304138183594,121.90160369873047,130.07354736328125,76.75498962402344,53.906124114990234,141.80282592773438,39.162742614746094,34.822731018066406,118.75423431396484,64.62894439697266,217.5574951171875,39.0302734375,37.783626556396484,249.32650756835938,95.41914367675781,167.80894470214844,181.0761260986328,68.53939819335938,136.8000030517578,211.67889404296875,40.4046745300293,96.26568603515625,78.76730346679688,63.66181564331055,231.09121704101562,282.7746887207031,370.38067626953125,138.20643615722656,29.292530059814453,51.99052047729492,35.29359817504883,257.1312561035156,91.89642333984375,65.0180892944336,8.765192031860352,33.11963653564453,42.96213150024414,82.72114562988281,146.93006896972656,421.037353515625,108.12294006347656,34.819278717041016,70.15428161621094,59.22805404663086,102.75389862060547,307.5306396484375
2022-06-21,247.0566864013672,133.5730438232422,156.85702514648438,81.77593994140625,105.68787384033203,125.5947494506836,135.51739501953125,79.84803771972656,55.058082580566406,145.09825134277344,40.49256896972656,35.538597106933594,121.24329376220703,64.59076690673828,222.39352416992188,39.70491409301758,39.02294921875,247.91738891601562,95.54408264160156,168.56533813476562,184.5822296142578,70.77961730957031,136.75,215.0067138671875,40.25162124633789,98.03083038330078,80.91728210449219,65.99185180664062,238.3305206298828,289.0347900390625,384.0862121582031,138.76239013671875,30.145977020263672,53.74930191040039,35.76137161254883,261.7446594238281,94.66158294677734,66.5610580444336,8.944711685180664,33.77663803100586,45.007938385009766,87.60992431640625,149.8760528564453,439.8542785644531,111.04373168945312,35.11897659301758,72.05083465576172,60.676788330078125,103.29558563232422,313.7723693847656
2022-06-22,246.46273803710938,133.0618133544922,159.33212280273438,78.53993225097656,105.09479522705078,127.55644226074219,129.62646484375,80.87301635742188,55.46625900268555,146.29002380371094,41.30057907104492,35.20892333984375,120.56604766845703,63.49327087402344,225.6144561767578,39.19218826293945,38.55022048950195,247.71485900878906,95.8306884765625,165.96932983398438,176.55487060546875,72.12187957763672,137.16000366210938,216.56689453125,39.510868072509766,98.99789428710938,81.10385131835938,66.06088256835938,241.84620666503906,298.1236267089844,380.868408203125,138.40771484375,29.91655158996582,54.637569427490234,35.403656005859375,261.49652099609375,95.90203094482422,66.35592651367188,8.960321426391602,34.071449279785156,44.02222442626953,82.1210708618164,151.29324340820312,434.9603576660156,113.25430297851562,31.891408920288086,70.26318359375,60.72150421142578,105.29425811767578,302.966064453125
2022-06-23,252.0417938232422,135.93247985839844,162.88613891601562,76.17105865478516,103.94512176513672,131.05616760253906,124.85763549804688,83.44904327392578,56.12840270996094,148.15892028808594,42.15907669067383,35.237178802490234,121.76222229003906,64.54304504394531,226.09713745117188,38.616493225097656,39.486106872558594,253.6456756591797,95.64697265625,163.01840209960938,167.94471740722656,73.01981353759766,133.97000122070312,219.22726440429688,39.22314453125,99.72085571289062,82.06334686279297,67.04468536376953,245.4186248779297,303.9852294921875,376.4404296875,135.78126525878906,29.439361572265625,55.588016510009766,34.76163101196289,262.99456787109375,99.06343841552734,65.972412109375,9.0227632522583,34.44206237792969,44.38489532470703,77.55879211425781,153.42327880859375,432.7125549316406,117.25820922851562,32.66756057739258,65.10892486572266,61.68733215332031,106.80728149414062,283.5072021484375
2022-06-24,260.6489562988281,139.26516723632812,165.2705841064453,77.68177795410156,107.04740905761719,132.94419860839844,126.90890502929688,84.47401428222656,57.18058776855469,149.99172973632812,43.42157745361328,36.36748123168945,124.94612884521484,67.47293090820312,230.10707092285156,39.66893005371094,39.5180549621582,260.62640380859375,98.71886444091797,168.10777282714844,174.3553466796875,74.40839385986328,141.52999877929688,221.28346252441406,41.065834045410156,102.76289367675781,83.97343444824219,68.14066314697266,250.5693359375,316.5248718261719,384.1595458984375,140.09481811523438,29.650428771972656,56.03215408325195,37.38479995727539,278.23175048828125,104.66266632080078,69.40615844726562,9.37399673461914,35.082218170166016,45.054439544677734,80.22380065917969,157.43431091308594,439.7878723144531,119.37113952636719,33.351497650146484,67.62251281738281,63.16288375854492,113.01808166503906,296.2383728027344
2022-06-27,257.9130554199219,139.26516723632812,165.11647033691406,79.5858383178711,106.18971252441406,131.93112182617188,129.36349487304688,85.63504791259766,57.06267166137695,150.1903533935547,43.6656608581543,36.38631820678711,125.59696960449219,67.19615936279297,229.29953002929688,39.37208938598633,39.645816802978516,260.3409423828125,97.59445190429688,166.4922332763672,176.3292694091797,73.94552612304688,138.72000122070312,220.81451416015625,40.888092041015625,102.41549682617188,83.99121856689453,69.0208969116211,253.16831970214844,318.1287536621094,384.3520812988281,138.31187438964844,29.687135696411133,55.810081481933594,36.90785217285156,276.4213562011719,103.80987548828125,69.06723022460938,9.397408485412598,35.53706359863281,45.28691482543945,82.02020263671875,156.15455627441406,442.74700927734375,118.59877014160156,33.19012451171875,69.00182342529297,63.529537200927734,113.28893280029297,300.4884338378906
2022-06-28,249.72454833984375,135.11648559570312,160.4200897216797,81.79380798339844,105.67874145507812,129.78521728515625,131.44110107421875,83.3492660522461,56.49122619628906,148.0776824951172,42.63882064819336,35.58568572998047,124.77019500732422,65.44969177246094,225.4009552001953,38.733428955078125,39.08684158325195,248.7923126220703,95.77925872802734,164.30706787109375,176.1882781982422,73.01981353759766,138.6999969482422,219.6060333251953,40.37936019897461,100.43441772460938,82.80072021484375,67.91629791259766,251.58999633789062,308.7483215332031,385.6905822753906,136.2989044189453,29.60454559326172,55.25935745239258,36.85282897949219,275.2358093261719,101.53572082519531,69.70941162109375,9.21789264678955,34.50102615356445,45.03583526611328,84.67920684814453,154.53123474121094,440.7078552246094,117.6666030883789,33.19012451171875,68.95645904541016,62.832008361816406,111.39298248291016,294.6088562011719
2022-06-29,253.40496826171875,136.87620544433594,160.4654083251953,78.77235412597656,105.20429229736328,130.96408081054688,128.84628295898438,83.91165161132812,56.8994026184082,150.53346252441406,42.874488830566406,35.124149322509766,123.75875854492188,66.05093383789062,229.95855712890625,38.5715217590332,38.94309616088867,252.2181854248047,95.36772155761719,161.7390594482422,172.4659881591797,73.7511215209961,138.4499969482422,221.3375701904297,39.03706741333008,102.43427276611328,82.93399047851562,67.55384063720703,252.65798950195312,313.9780578613281,384.0220947265625,133.69158935546875,29.23746109008789,55.49919128417969,36.4217414855957,278.7188415527344,99.49414825439453,69.73614501953125,8.99154281616211,34.42521667480469,44.73826599121094,81.33544158935547,155.5705108642578,437.99530029296875,119.18468475341797,32.09121322631836,70.09075164794922,66.82048797607422,109.46903991699219,287.5504455566406
2022-06-30,250.06527709960938,134.40866088867188,160.93687438964844,76.55542755126953,102.74983215332031,132.428466796875,126.9177017211914,82.69618225097656,57.06267166137695,150.4702606201172,44.12857437133789,35.237178802490234,124.18091583251953,66.68081665039062,229.16029357910156,38.355628967285156,38.834503173828125,252.58657836914062,95.1031494140625,162.30870056152344,168.02932739257812,74.18622589111328,136.72000122070312,219.41664123535156,39.024803161621094,102.01177978515625,82.32099151611328,66.91079711914062,249.0477294921875,315.17376708984375,394.1706237792969,133.3740997314453,28.56755828857422,54.90404510498047,35.92646026611328,272.96575927734375,97.8660659790039,67.83643341064453,8.687140464782715,31.92355728149414,44.0129280090332,79.86808013916016,156.78155517578125,453.89105224609375,119.98370361328125,32.09890365600586,70.41744995117188,67.47330474853516,106.78858947753906,286.42181396484375
2022-07-01,252.7428436279297,136.5812530517578,162.7592010498047,78.26282501220703,104.0637435913086,134.56512451171875,128.4342498779297,83.83000183105469,58.39603042602539,152.93504333496094,44.02758026123047,34.22932815551758,124.11936950683594,67.63516235351562,234.8039093017578,38.31964874267578,39.16989517211914,257.0163879394531,94.42704772949219,163.52267456054688,167.58755493164062,75.88026428222656,139.83999633789062,221.44578552246094,38.94512176513672,103.48583984375,83.45816802978516,66.7717514038086,253.31007385253906,315.6402587890625,397.4342041015625,135.0867156982422,28.962162017822266,55.39260482788086,36.614349365234375,274.996826171875,99.33048248291016,68.45183563232422,8.83543872833252,32.47948455810547,44.76616668701172,80.90856170654297,158.88583374023438,461.2888488769531,121.41302490234375,32.46776580810547,69.33759307861328,67.77735137939453,110.07611846923828,288.48773193359375
2022-07-05,255.92678833007812,139.1668243408203,161.50802612304688,75.8134765625,103.66792297363281,133.2665557861328,125.05928802490234,84.02957153320312,57.398277282714844,152.59193420410156,43.46365737915039,34.55899429321289,121.04100036621094,68.70404052734375,234.18199157714844,38.08366775512695,39.687339782714844,261.2987060546875,94.95616149902344,160.70248413085938,163.3294677734375,74.9823226928711,137.6999969482422,222.5099639892578,38.01960754394531,102.62205505371094,82.20549774169922,66.00707244873047,250.2952423095703,318.04132080078125,380.68505859375,134.36509704589844,28.668498992919922,55.37483215332031,36.77944564819336,273.1312561035156,100.8552017211914,67.88104248046875,8.741777420043945,32.43737030029297,43.919944763183594,75.27040100097656,158.57659912109375,440.413818359375,120.81822204589844,32.06047439575195,65.68058776855469,67.20501708984375,110.91667938232422,279.4016418457031
2022-07-06,259.1982727050781,140.50381469726562,161.65309143066406,74.4457778930664,102.99594116210938,134.50987243652344,123.41122436523438,84.47401428222656,57.51618957519531,154.1177520751953,44.397911071777344,34.841575622558594,121.4455795288086,68.38910675048828,233.4115447998047,38.74623489379883,39.96842575073242,261.1605224609375,95.41914367675781,161.74839782714844,161.96649169921875,75.00083923339844,136.30999755859375,221.17523193359375,37.737667083740234,102.0493392944336,82.7918472290039,66.23300170898438,256.20196533203125,320.9283142089844,390.43939208984375,132.92185974121094,28.42990493774414,55.72126770019531,36.22913360595703,269.9698486328125,100.63123321533203,67.29238891601562,8.632505416870117,31.82247543334961,44.07802963256836,74.11429595947266,159.0404052734375,457.0208740234375,121.60833740234375,31.630128860473633,65.53540802001953,68.16189575195312,111.51441192626953,276.5419921875
2022-07-07,261.3305358886719,143.8758544921875,161.8344268798828,76.8236083984375,105.60099792480469,134.46383666992188,125.81316375732422,84.36516571044922,57.06267166137695,153.81082153320312,44.961822509765625,35.924781799316406,123.86429595947266,68.55134582519531,234.78533935546875,39.22726821899414,40.02911376953125,264.024658203125,95.573486328125,162.2899932861328,169.4580535888672,73.55673217773438,139.97000122070312,223.13221740722656,38.61415100097656,102.80043029785156,83.2715835571289,65.29451751708984,260.6344299316406,318.789794921875,387.04742431640625,135.69287109375,29.23746109008789,55.71238327026367,36.79779052734375,274.4178771972656,102.44022369384766,68.66588592529297,9.093009948730469,32.18467330932617,45.3241081237793,76.79109954833984,159.91650390625,454.6593017578125,120.47197723388672,32.129634857177734,67.51364135742188,68.00878143310547,111.23422241210938,290.72576904296875
2022-07-08,260.610107421875,144.55419921875,161.6349334716797,76.94876098632812,105.26959991455078,133.56129455566406,125.15570068359375,84.15655517578125,57.27128219604492,155.18316650390625,44.75141143798828,35.78349304199219,123.54766082763672,68.58951568603516,235.06381225585938,39.381568908691406,40.05466079711914,263.82208251953125,94.59607696533203,161.86978149414062,168.3489227294922,72.5291976928711,139.07000732421875,224.08816528320312,38.767372131347656,102.5844955444336,83.67137145996094,65.50305938720703,263.85711669921875,321.2393493652344,385.36053466796875,136.39523315429688,29.173227310180664,55.8189697265625,36.85282897949219,272.4603576660156,99.89041900634766,68.43399810791016,9.069595336914062,31.62874984741211,44.65457534790039,76.888916015625,159.23797607421875,455.6551208496094,119.14029693603516,31.906782150268555,66.5517349243164,68.03580474853516,110.08544921875,291.3665466308594
2022-07-11,257.5429992675781,142.4208526611328,161.69845581054688,76.55542755126953,103.88882446289062,134.50062561035156,124.05110931396484,85.53527069091797,57.089881896972656,153.91014099121094,44.515743255615234,35.03937530517578,124.01380920410156,68.60871124267578,235.10092163085938,39.25448989868164,40.07063674926758,263.7484130859375,94.80918884277344,161.40289306640625,164.5138397216797,72.85318756103516,136.99000549316406,223.45687866210938,37.94606018066406,102.23709869384766,84.14222717285156,65.65947723388672,264.5376281738281,321.8226623535156,384.18707275390625,135.2598876953125,28.870393753051758,55.65907669067383,36.495121002197266,269.4367980957031,97.42674255371094,67.62238311767578,8.812024116516113,31.527671813964844,44.54298782348633,76.07966613769531,158.58518981933594,450.98883056640625,119.60194396972656,32.23722457885742,65.90745544433594,68.23394012451172,106.62981414794922,285.4080505371094
2022-07-12,246.988525390625,143.39414978027344,159.43185424804688,75.5363540649414,103.9901123046875,133.31260681152344,121.78068542480469,84.90033721923828,56.844970703125,153.0343475341797,43.800331115722656,35.048797607421875,122.41309356689453,67.49668884277344,233.43011474609375,38.9005241394043,39.949256896972656,262.5788269042969,95.68372344970703,162.12193298339844,164.01564025878906,72.49217224121094,147.14999389648438,222.72637939453125,38.626407623291016,101.68316650390625,84.38211822509766,65.18156433105469,264.00836181640625,314.5516052246094,379.5299072265625,133.91285705566406,28.778623580932617,55.37483215332031,36.32085037231445,268.8394775390625,98.00389862060547,67.72942352294922,9.0227632522583,31.98252296447754,44.26401138305664,74.21210479736328,154.05886840820312,444.7007751464844,120.09912109375,32.513877868652344,66.10708618164062,68.37804412841797,108.36697387695312,283.0647888183594
2022-07-13,246.0635528564453,143.03041076660156,159.0601348876953,75.84028625488281,103.01435852050781,134.18756103515625,120.96542358398438,85.05453491210938,56.581932067871094,153.57606506347656,43.589908599853516,35.048797607421875,120.65400695800781,67.13241577148438,234.5347137451172,38.75530242919922,40.04508590698242,264.4759216308594,94.33887481689453,159.56321716308594,163.43284606933594,72.60325622558594,143.9499969482422,222.8346405029297,38.007347106933594,99.72085571289062,83.0228271484375,64.76444244384766,258.7159118652344,313.4531555175781,374.03857421875,134.12452697753906,28.301429748535156,55.48142623901367,35.83474349975586,266.6521911621094,96.07431030273438,66.87321472167969,8.983736991882324,31.367633819580078,44.589481353759766,73.90974426269531,152.81349182128906,441.21051025390625,120.7826919555664,32.244911193847656,65.96189880371094,68.83738708496094,108.068115234375,283.84906005859375
2022-07-14,247.38775634765625,145.96002197265625,159.2777099609375,74.32064056396484,99.41516876220703,133.79148864746094,119.16835021972656,85.15431213378906,56.40052032470703,154.37057495117188,43.25324249267578,35.51974868774414,122.3075180053711,66.57640838623047,234.46974182128906,38.419490814208984,40.82765197753906,266.5941467285156,94.29478454589844,158.293212890625,159.73873901367188,72.51993560791016,147.14999389648438,221.4818878173828,37.44346618652344,99.69255065917969,82.47201538085938,64.31258392333984,250.36141967773438,317.7593994140625,366.9886474609375,131.31504821777344,27.649869918823242,54.90404510498047,35.532066345214844,258.7854309082031,96.16044616699219,66.61457061767578,8.89007568359375,31.04755210876465,44.17101287841797,72.57581329345703,153.1226806640625,435.3207702636719,119.96592712402344,31.991313934326172,65.06352996826172,67.27924346923828,107.25555419921875,281.5057678222656
2022-07-15,249.95823669433594,147.63128662109375,161.5896453857422,75.57212829589844,103.97167205810547,133.60728454589844,120.66737365722656,86.13392639160156,56.69077682495117,154.49700927734375,43.55624771118164,36.37689971923828,123.06391143798828,67.81303405761719,236.7067108154297,39.091121673583984,41.2269172668457,269.2924499511719,95.63229370117188,161.3655242919922,162.9722900390625,72.34407806396484,147.74000549316406,224.27755737304688,38.52833557128906,102.6255111694336,84.72859191894531,65.7376937866211,259.05609130859375,322.33782958984375,365.2193298339844,137.08798217773438,29.595367431640625,55.60578536987305,37.724159240722656,270.0709228515625,99.39079284667969,69.61129760742188,9.272528648376465,32.03305435180664,44.40348815917969,73.714111328125,156.82447814941406,437.4168395996094,119.5664291381836,32.26796340942383,65.33576965332031,67.47740936279297,109.08613586425781,284.7289733886719
2022-07-18,247.55323791503906,144.58367919921875,157.9630889892578,76.96662139892578,102.90390014648438,131.9863739013672,122.3592758178711,83.7574462890625,55.91978454589844,151.914794921875,42.714576721191406,36.461669921875,121.48954772949219,67.30496978759766,234.3026123046875,38.664546966552734,41.13109588623047,269.8818664550781,94.73571014404297,159.637939453125,163.07569885253906,71.39059448242188,147.72000122070312,219.9036407470703,39.03093719482422,100.92798614501953,83.76911163330078,64.07794189453125,253.61251831054688,312.78240966796875,355.0432434082031,136.9436492919922,29.60454559326172,54.09572982788086,37.77919006347656,276.8625183105469,97.93498229980469,70.3337173461914,9.334968566894531,32.27732849121094,44.198917388916016,75.65279388427734,154.6686553955078,426.0924987792969,117.24932098388672,32.483131408691406,65.83485412597656,66.603759765625,107.3209457397461,284.9680480957031
2022-07-19,252.6941680908203,148.44728088378906,155.66024780273438,78.90644073486328,105.45369720458984,132.65869140625,126.76868438720703,83.77558135986328,56.717987060546875,153.5399627685547,43.23640441894531,37.88397216796875,115.11296844482422,69.25096893310547,238.0897674560547,39.962432861328125,41.3834342956543,276.1258239746094,97.1020736694336,165.50238037109375,169.89059448242188,71.7701187133789,156.1300048828125,223.04205322265625,40.90647506713867,103.67233276367188,85.99017333984375,63.556575775146484,259.51922607421875,317.0887145996094,357.88519287109375,142.18743896484375,30.60481834411621,55.17941665649414,39.347591400146484,292.2927551269531,102.55220794677734,72.82205963134766,9.82669448852539,32.5131721496582,43.98503875732422,78.685302734375,159.59011840820312,433.80328369140625,117.40025329589844,33.01337432861328,66.99639129638672,66.98202514648438,111.85997772216797,298.0137634277344
2022-07-20,255.36203002929688,150.45272827148438,154.7717742919922,79.7735595703125,105.43531036376953,130.36544799804688,128.4430389404297,81.3174819946289,55.783721923828125,151.914794921875,42.77348709106445,38.20423126220703,113.61775207519531,69.58648681640625,236.3076171875,40.05319595336914,41.72840118408203,278.4006042480469,97.74877166748047,166.4642333984375,170.34494018554688,70.4196548461914,158.3800048828125,222.41976928710938,41.6113395690918,102.06909942626953,84.53314971923828,63.278480529785156,252.07200622558594,313.03515625,362.32232666015625,143.29391479492188,30.613994598388672,54.673095703125,39.182498931884766,295.41741943359375,104.31812286376953,72.96475982666016,9.935965538024902,32.782718658447266,43.89204025268555,80.66844940185547,160.4833221435547,432.55133056640625,116.61014556884766,32.52155685424805,67.66789245605469,66.1083984375,112.16817474365234,301.6194763183594
2022-07-21,257.86431884765625,152.72372436523438,155.31570434570312,78.44160461425781,106.15328979492188,130.48875427246094,127.46121978759766,81.76193237304688,55.656742095947266,152.1405487060547,43.0259895324707,38.251319885253906,111.83232116699219,71.4557876586914,235.27728271484375,40.461639404296875,42.33848571777344,280.88714599609375,98.4395980834961,168.11712646484375,171.31039428710938,70.9319076538086,161.41000366210938,221.65322875976562,41.75844192504883,104.38907623291016,83.273193359375,63.469669342041016,251.72232055664062,317.78857421875,362.3039855957031,144.49658203125,30.88011932373047,54.19343185424805,39.69612121582031,300.09521484375,105.67916870117188,74.04393005371094,10.146706581115723,32.39524841308594,43.0365104675293,79.08549499511719,160.62075805664062,430.3983459472656,115.8999252319336,32.867366790771484,67.16879272460938,65.83820343017578,114.8299560546875,302.7480773925781
2022-07-22,253.50225830078125,151.4849853515625,156.05010986328125,77.84268188476562,105.63780975341797,132.57440185546875,126.4004898071289,81.7347183227539,55.8653564453125,153.13369750976562,43.11857604980469,36.9232177734375,112.79979705810547,71.80089569091797,235.75997924804688,40.352718353271484,42.22987747192383,282.3514099121094,98.56452941894531,169.4617919921875,169.067138671875,72.1519775390625,158.16000366210938,221.8065185546875,41.79521179199219,102.98388671875,84.05061340332031,63.3914680480957,254.41575622558594,319.5675048828125,361.88232421875,147.21949768066406,30.678234100341797,54.00689697265625,39.59523391723633,297.696533203125,104.30088806152344,73.51771545410156,10.006214141845703,32.56371307373047,42.99932098388672,78.37405395507812,161.4539031982422,428.5489501953125,117.54230499267578,33.113277435302734,67.0054702758789,66.3155517578125,119.29427337646484,298.654541015625
2022-07-25,252.0126190185547,150.36428833007812,156.3583526611328,80.43505096435547,106.06124114990234,133.47357177734375,130.16123962402344,82.11566925048828,56.40959548950195,153.35037231445312,43.57307434082031,36.88554000854492,113.05487060546875,71.76256561279297,232.40907287597656,40.24380111694336,42.169193267822266,281.9461669921875,98.56452941894531,169.2657012939453,172.08653259277344,72.5058822631836,156.63999938964844,224.3046112060547,41.8994140625,102.32372283935547,84.43484497070312,63.29587936401367,257.657470703125,322.2891845703125,366.52105712890625,147.96998596191406,30.953533172607422,53.962486267089844,39.897911071777344,297.8711242675781,103.56867980957031,73.62474822998047,10.021822929382324,32.639522552490234,42.50646209716797,81.860107421875,161.39378356933594,429.9431457519531,118.44783782958984,33.681949615478516,68.62071228027344,66.87394714355469,118.4910659790039,308.8883056640625
2022-07-26,245.26512145996094,149.037109375,157.46444702148438,80.1221694946289,104.40432739257812,133.73309326171875,129.14434814453125,82.80502319335938,57.33478927612305,155.13800048828125,44.0191535949707,36.697147369384766,112.65028381347656,70.96690368652344,238.63746643066406,39.780921936035156,38.96226119995117,274.6062927246094,103.4368896484375,169.41513061523438,171.5375518798828,73.13921356201172,155.9199981689453,226.487060546875,43.83012008666992,102.88013458251953,85.16758728027344,63.982364654541016,259.736572265625,322.2989501953125,363.7799987792969,144.15985107421875,30.329513549804688,53.84700012207031,39.347591400146484,292.752197265625,100.89827728271484,72.0550308227539,9.787668228149414,32.723751068115234,42.79473114013672,81.00639343261719,155.9140625,421.72027587890625,118.93610382080078,33.920166015625,71.61527252197266,67.01805877685547,117.88400268554688,305.5313415527344
2022-07-27,261.6615905761719,154.1393280029297,157.02928161621094,81.85639953613281,106.07965087890625,135.00302124023438,130.844970703125,82.75060272216797,57.15337371826172,154.92132568359375,43.724578857421875,37.846290588378906,113.56498718261719,72.73078155517578,240.3082733154297,40.51608657836914,40.43476867675781,275.2785949707031,102.04793548583984,171.50689697265625,175.34254455566406,73.35342407226562,156.08999633789062,227.0101318359375,43.87302017211914,103.7289047241211,85.66801452636719,65.00774383544922,259.64208984375,319.75213623046875,365.365966796875,145.89173889160156,30.8250675201416,54.09572982788086,40.09051513671875,298.2572021484375,103.74957275390625,73.58906555175781,10.295002937316895,33.0354118347168,42.72035217285156,82.9450454711914,157.9496307373047,422.8204345703125,117.23158264160156,33.86637496948242,73.00364685058594,66.48666381835938,118.54711151123047,311.5185241699219
2022-07-28,269.1296081542969,154.6898956298828,157.93589782714844,82.81288146972656,105.683837890625,137.2462921142578,131.8355712890625,81.58051300048828,58.10578155517578,157.8555908203125,43.020572662353516,37.403587341308594,113.6529312133789,73.85234832763672,244.5502471923828,41.405555725097656,41.44412612915039,275.9416809082031,103.15763092041016,177.83828735351562,177.79405212402344,73.75390625,159.08999633789062,225.23348999023438,44.82918167114258,104.0778579711914,85.36418151855469,64.91217041015625,258.2150573730469,321.5602111816406,372.2783203125,146.38243103027344,30.577287673950195,53.65159225463867,39.732810974121094,302.4570007324219,104.0424575805664,74.68296813964844,10.927221298217773,33.2207145690918,42.8133430480957,83.64761352539062,161.67723083496094,431.0243225097656,118.30577850341797,33.812583923339844,72.00544738769531,67.18919372558594,121.75056457519531,317.18060302734375
2022-07-29,273.3454895019531,159.76266479492188,158.22604370117188,86.6478042602539,106.19010925292969,128.76458740234375,143.5735626220703,81.03627014160156,58.2055549621582,157.96395874023438,42.84244918823242,34.20106506347656,115.03379821777344,74.6192398071289,244.46670532226562,41.17865753173828,42.178775787353516,277.1481018066406,105.26678466796875,179.72457885742188,187.64727783203125,73.33479309082031,159.30999755859375,223.17730712890625,45.30113220214844,102.64437866210938,85.49821472167969,64.11270141601562,260.2374572753906,320.4811096191406,379.36492919921875,148.1912841796875,31.026958465576172,53.07421112060547,40.237274169921875,306.390380859375,106.35968780517578,75.89844512939453,11.465777397155762,33.37232971191406,43.185298919677734,86.64454650878906,167.38882446289062,454.2040100097656,117.00074005126953,33.704994201660156,75.10890197753906,67.36029815673828,120.75123596191406,328.2273254394531
2022-08-01,270.6875305175781,158.77957153320312,157.67298889160156,84.45770263671875,105.13152313232422,132.46315002441406,140.70701599121094,80.30155944824219,58.52301788330078,159.76065063476562,42.92726516723633,34.81331253051758,116.13321685791016,74.2358169555664,245.26499938964844,41.096961975097656,42.335289001464844,281.6423034667969,105.35498046875,179.2856903076172,184.4385986328125,75.53278350830078,169.07000732421875,221.52694702148438,46.45956039428711,103.2856674194336,85.80203247070312,63.97367858886719,258.39459228515625,315.0958557128906,384.3796691894531,147.5273895263672,30.935182571411133,52.94097137451172,39.934600830078125,305.1864929199219,106.31660461425781,75.70935821533203,11.973112106323242,33.59975051879883,43.46428298950195,84.57247924804688,167.77528381347656,451.1026916503906,120.17900085449219,33.85100173950195,76.46099090576172,68.17990112304688,120.76990509033203,323.4547424316406
2022-08-02,267.5814514160156,157.3048858642578,156.77542114257812,84.09119415283203,103.4930191040039,131.58251953125,139.50604248046875,79.46707916259766,57.72481155395508,158.44248962402344,42.14693069458008,33.91849136352539,115.93091583251953,73.19090270996094,242.313232421875,40.77022171020508,42.380008697509766,276.936279296875,104.17179870605469,176.6055908203125,173.69558715820312,74.7504653930664,163.27999877929688,219.96678161621094,45.57695007324219,102.45576477050781,85.22119903564453,63.6782341003418,256.5328063964844,311.25628662109375,393.0887756347656,145.8628692626953,30.32033348083496,52.88767623901367,39.329254150390625,301.3266296386719,105.64468383789062,75.2051773071289,11.832619667053223,32.8922119140625,43.5014762878418,84.22563934326172,166.220703125,456.2431945800781,118.07495880126953,33.681949615478516,75.12705993652344,68.16189575195312,118.28559875488281,318.69171142578125
2022-08-03,275.030029296875,163.3214569091797,158.2894744873047,81.3647232055664,104.5792236328125,134.2985382080078,136.19241333007812,79.47615814208984,57.978790283203125,159.65232849121094,42.291114807128906,34.398868560791016,116.3970947265625,74.16870880126953,243.27859497070312,41.487239837646484,41.68368148803711,282.1488037109375,105.45051574707031,178.828125,173.08982849121094,75.84013366699219,166.63999938964844,222.8797149658203,45.80986404418945,103.37055206298828,90.5916519165039,63.426212310791016,256.8163146972656,305.0641784667969,393.5655212402344,149.5478973388672,30.870946884155273,55.312652587890625,40.255611419677734,306.1882629394531,109.15068054199219,76.57369995117188,12.246294021606445,33.010135650634766,43.678165435791016,81.21092224121094,166.1262664794922,456.90704345703125,119.62857818603516,33.98932647705078,74.63703918457031,68.08983612060547,119.77059173583984,321.84796142578125
2022-08-04,276.17889404296875,163.0068817138672,155.75091552734375,77.9410171508789,103.42857360839844,134.0853271484375,132.49305725097656,78.75050354003906,57.75202941894531,158.7855682373047,42.291114807128906,33.92791748046875,115.78138732910156,74.19745635986328,241.9326934814453,41.18772888183594,40.10897445678711,282.8855285644531,108.85308837890625,179.70590209960938,173.8186492919922,75.33719635009766,166.5,222.73538208007812,45.154022216796875,103.47428894042969,91.0295181274414,62.67021560668945,264.7171630859375,297.248779296875,392.4929504394531,150.9333953857422,30.65070152282715,54.99287414550781,39.49833679199219,304.99346923828125,107.83272552490234,76.85279846191406,11.996528625488281,32.833255767822266,43.427085876464844,79.93032836914062,167.07101440429688,453.3883972167969,117.86190032958984,34.004703521728516,74.42832946777344,68.01778411865234,119.66785430908203,327.462158203125
2022-08-05,275.4583740234375,162.7804412841797,155.13438415527344,79.06735229492188,106.5583267211914,134.15023803710938,134.68458557128906,79.28567504882812,57.488983154296875,157.5937957763672,41.79068374633789,33.67102813720703,116.52020263671875,74.14954376220703,240.6239013671875,40.851898193359375,40.43157958984375,285.20635986328125,108.3313217163086,179.54714965820312,175.47508239746094,74.90878295898438,165.0399932861328,222.0771026611328,45.57695007324219,103.03103637695312,91.37800598144531,62.67021560668945,266.2954406738281,292.9036560058594,390.91607666015625,151.54920959472656,31.164609909057617,54.264495849609375,40.41261291503906,307.5667419433594,107.71212005615234,77.54605865478516,11.941893577575684,32.841678619384766,43.938533782958984,82.5715560913086,168.99493408203125,452.9616394042969,118.41232299804688,33.889427185058594,75.09984588623047,68.60321044921875,118.9487075805664,328.3516845703125
2022-08-08,272.9366149902344,162.30789184570312,154.3093719482422,79.5143051147461,105.26038360595703,134.66004943847656,134.48297119140625,80.2652816772461,57.11709976196289,156.96177673339844,42.045143127441406,33.6615104675293,116.63455200195312,73.30595397949219,238.36827087402344,40.86097717285156,40.76057815551758,287.3061218261719,109.11766052246094,181.1346893310547,175.8726043701172,75.2626953125,165.88999938964844,223.01498413085938,46.07954025268555,102.79527282714844,91.14566802978516,64.1301040649414,266.2954406738281,294.0506896972656,388.578369140625,151.3279266357422,30.733295440673828,54.71750259399414,39.88621139526367,307.575927734375,110.06378173828125,77.45602416992188,12.316539764404297,33.25440216064453,43.78974914550781,83.26521301269531,168.4194793701172,445.81036376953125,119.22019958496094,33.981651306152344,74.85482788085938,68.77433776855469,119.8172836303711,328.7342224121094
2022-08-09,274.86444091796875,162.35711669921875,154.29122924804688,80.98033905029297,106.2085189819336,134.34490966796875,136.2362518310547,81.19954681396484,57.18965530395508,157.54867553710938,42.2232666015625,32.84328842163086,115.30754089355469,73.5935287475586,241.39427185058594,40.77022171020508,41.16304016113281,281.0805358886719,108.64732360839844,181.24671936035156,176.0808563232422,74.5641860961914,164.85000610351562,223.97994995117188,45.92631149291992,101.76731872558594,92.65584564208984,65.13812255859375,269.3858947753906,294.55609130859375,392.8779296875,152.79037475585938,31.12789535522461,55.07282638549805,40.08015441894531,309.35882568359375,107.39337921142578,77.75313568115234,11.856035232543945,32.959598541259766,43.585166931152344,84.93708801269531,168.9004364013672,449.3006896972656,119.33561706542969,33.981651306152344,75.1905746459961,69.3777847290039,119.36680603027344,328.70556640625
2022-08-10,281.543701171875,166.61000061035156,154.73548889160156,81.74911499023438,108.97926330566406,135.6148223876953,136.59567260742188,80.90022277832031,57.733890533447266,158.8487548828125,42.36746597290039,33.65199661254883,117.11549377441406,74.33167266845703,242.60098266601562,41.76860046386719,41.24928665161133,286.9468994140625,109.77906799316406,184.17897033691406,180.52000427246094,74.82494354248047,169.02000427246094,227.3437957763672,47.280879974365234,103.99297332763672,92.97753143310547,65.05119323730469,271.30438232421875,296.1017150878906,394.1980895996094,156.29263305664062,32.1832389831543,56.085453033447266,40.93901443481445,319.7344970703125,111.87275695800781,80.03099060058594,12.21865463256836,33.60817337036133,43.510780334472656,85.35506439208984,173.81329345703125,448.7410583496094,120.43647766113281,34.381248474121094,75.8620834350586,69.8731460571289,125.32624816894531,337.0073547363281
2022-08-11,279.46014404296875,165.87161254882812,151.53506469726562,84.11394500732422,110.59015655517578,134.65077209472656,139.92678833007812,80.66439056396484,57.34385299682617,158.03619384765625,40.95945358276367,33.8613166809082,118.0417251586914,73.9674072265625,240.67027282714844,41.65968322753906,41.64708709716797,286.1272888183594,109.98483276367188,186.29994201660156,183.62457275390625,74.0426254272461,167.8800048828125,223.970947265625,48.359622955322266,104.20044708251953,93.15624237060547,64.70361328125,270.29315185546875,292.7578430175781,393.1530456542969,156.8218231201172,32.95409393310547,55.4725456237793,41.78863525390625,323.1991882324219,111.56266021728516,81.21041870117188,12.478793144226074,33.751365661621094,43.88274002075195,89.25019836425781,175.58261108398438,446.0569763183594,119.52205657958984,34.680946350097656,76.35211181640625,69.31472778320312,125.1385498046875,346.15081787109375
2022-08-12,284.2214050292969,169.42555236816406,149.86683654785156,84.84504699707031,112.4219741821289,135.9578094482422,140.12844848632812,82.56013488769531,57.77924728393555,160.103759765625,42.503170013427734,34.356056213378906,119.35091400146484,75.87506866455078,243.3621368408203,42.304100036621094,42.41701126098633,289.9952697753906,111.88087463378906,188.51475524902344,186.3126983642578,74.77838134765625,169.99000549316406,224.00698852539062,48.990936279296875,105.13409423828125,95.06851196289062,65.66816711425781,274.9429931640625,300.452392578125,398.0943298339844,159.56396484375,33.31198501586914,55.925559997558594,42.42585754394531,325.1658630371094,113.93155670166016,82.52491760253906,12.754697799682617,34.18937683105469,44.144561767578125,91.3756332397461,177.2959442138672,454.8489990234375,120.27665710449219,34.69632339477539,78.58440399169922,69.35076904296875,127.21258544921875,352.11895751953125
2022-08-15,285.740234375,170.4985809326172,150.5830841064453,83.32867431640625,112.7257308959961,137.70977783203125,137.46351623535156,82.1791763305664,58.50487518310547,161.8643035888672,42.19781494140625,34.574886322021484,120.1702880859375,75.83671569824219,246.38809204101562,42.28594207763672,42.538917541503906,289.7373046875,111.28561401367188,189.80992126464844,185.4702911376953,75.66317749023438,170.47000122070312,226.43295288085938,48.91737747192383,105.53019714355469,94.96128845214844,64.76444244384766,274.8956604003906,306.16741943359375,401.55047607421875,159.14059448242188,33.266109466552734,58.81243896484375,42.25038528442383,327.0315246582031,113.7851333618164,82.84902954101562,12.865058898925781,34.59368133544922,44.43442916870117,90.01780700683594,178.15264892578125,461.7630920410156,121.13780212402344,34.79622268676758,78.15792083740234,69.02652740478516,128.0009307861328,350.100830078125
2022-08-16,285.0002746582031,170.34107971191406,151.92491149902344,82.55243682861328,113.802734375,138.97972106933594,137.1128387451172,82.17008209228516,58.985618591308594,162.80328369140625,42.291114807128906,34.43217086791992,121.62197875976562,76.229736328125,247.1771240234375,42.449317932128906,44.71078109741211,301.497802734375,110.42578125,191.1425323486328,186.95631408691406,76.53865051269531,172.0800018310547,228.2997589111328,49.68966293334961,105.65279388427734,95.10425567626953,64.41683959960938,274.64996337890625,302.6272888183594,403.5216369628906,159.09249877929688,33.62400436401367,58.91903305053711,42.536678314208984,326.2228088378906,113.82820892333984,82.6689682006836,12.951772689819336,35.41072463989258,45.89314270019531,89.41930389404297,178.559326171875,460.4637145996094,121.97232818603516,35.149715423583984,78.93284606933594,69.7470703125,128.7705078125,353.8596496582031
2022-08-17,284.24896240234375,171.83746337890625,151.93399047851562,83.22036743164062,112.84541320800781,138.34011840820312,138.24368286132812,82.57827758789062,58.84955978393555,162.71299743652344,41.79068374633789,34.04208755493164,122.71745300292969,75.97090911865234,247.66908264160156,42.34947967529297,44.75890350341797,300.0058898925781,108.34601593017578,190.30731201171875,185.4513702392578,76.52934265136719,167.1999969482422,227.7272186279297,48.984798431396484,104.25703430175781,93.75494384765625,64.7905044555664,275.5856018066406,308.97607421875,404.8325500488281,157.69735717773438,33.412933349609375,58.643672943115234,42.610557556152344,325.09234619140625,112.3121109008789,82.24580383300781,12.636453628540039,34.42521667480469,45.39754104614258,90.54488372802734,177.3738250732422,467.1121826171875,121.47515869140625,34.92686462402344,78.72313690185547,69.47685241699219,125.93622589111328,348.8001403808594
2022-08-18,283.12689208984375,171.44369506835938,151.19960021972656,85.18804168701172,111.9709243774414,138.83140563964844,140.66746520996094,82.9048080444336,59.157962799072266,162.8755340576172,41.20542907714844,34.44168472290039,123.85742950439453,76.03801727294922,247.44627380371094,44.809120178222656,44.614532470703125,299.49932861328125,107.79485321044922,191.18948364257812,186.79544067382812,77.16267395019531,168.69000244140625,226.9274444580078,48.54962158203125,103.70063018798828,92.61115264892578,64.4342269897461,274.9145812988281,308.8785705566406,402.779052734375,158.41900634765625,33.29364013671875,57.89753341674805,42.610557556152344,325.8091735839844,113.50948333740234,82.58795166015625,12.731049537658691,32.59272766113281,46.398075103759766,93.68926239013672,180.0303497314453,467.463134765625,121.71490478515625,35.04981231689453,79.88098907470703,69.80109405517578,125.26990509033203,351.95635986328125
2022-08-19,279.2044677734375,168.85455322265625,153.50247192382812,84.91728210449219,109.2001953125,138.79432678222656,139.490966796875,83.52161407470703,59.112606048583984,162.66783142089844,41.68890380859375,33.6615104675293,123.2339859008789,75.40532684326172,247.4092559814453,44.201019287109375,43.95688247680664,295.9168701171875,107.80226135253906,189.162353515625,185.1390380859375,77.55381774902344,162.9199981689453,227.98165893554688,47.636375427246094,103.79492950439453,92.97753143310547,65.45960235595703,276.8898620605469,314.7786865234375,403.40240478515625,156.10020446777344,32.55949020385742,58.039642333984375,41.880977630615234,320.984375,108.90086364746094,81.03936767578125,12.518207550048828,32.57568359375,46.285865783691406,93.92151641845703,180.3592071533203,465.4429626464844,121.58171081542969,34.942230224609375,79.52542114257812,70.22440338134766,123.82464599609375,353.5536193847656
2022-08-22,271.00823974609375,164.9659423828125,152.96397399902344,84.85408782958984,107.39598846435547,138.42352294921875,138.79214477539062,82.68711853027344,58.232765197753906,161.1149444580078,41.47685623168945,32.19631576538086,120.72247314453125,73.2963638305664,244.0768585205078,43.3024787902832,43.1709098815918,287.5270690917969,105.12205505371094,185.67112731933594,181.50439453125,76.33374786376953,158.97999572753906,224.38282775878906,45.83437728881836,101.33349609375,91.44950103759766,64.78182220458984,275.4911193847656,315.1005859375,396.34332275390625,151.7320098876953,31.862045288085938,57.16913604736328,41.01288986206055,314.6890869140625,106.61810302734375,79.64383697509766,11.887567520141602,31.800067901611328,46.865604400634766,94.01084899902344,178.60256958007812,459.22119140625,120.92477416992188,34.873069763183594,78.89636993408203,69.80109405517578,119.40435791015625,353.5344543457031
2022-08-23,269.7301025390625,164.63124084472656,151.63136291503906,88.45547485351562,106.33739471435547,135.7538604736328,143.2947235107422,81.81635284423828,58.296260833740234,161.042724609375,40.72195816040039,32.30097198486328,120.00106811523438,73.24844360351562,241.8398895263672,43.03019332885742,42.988059997558594,282.63690185546875,105.24085235595703,185.3990020751953,186.66293334960938,75.40238952636719,160.07000732421875,222.17445373535156,46.643436431884766,99.97547912597656,90.36825561523438,63.23504638671875,270.60504150390625,307.29864501953125,397.0675964355469,151.3760223388672,31.57756233215332,56.56511688232422,40.97594451904297,312.6304931640625,107.20387268066406,79.49978637695312,12.07675838470459,31.910871505737305,46.37936782836914,96.87834167480469,177.624755859375,457.97882080078125,119.17584991455078,34.98833465576172,80.27300262451172,70.13434600830078,119.79852294921875,358.5461120605469
2022-08-24,269.09588623046875,164.9265594482422,151.12936401367188,88.97901153564453,106.59514617919922,135.169921875,144.356201171875,81.64400482177734,58.37789535522461,161.8462677001953,40.23000717163086,32.2153434753418,118.65624237060547,73.01834869384766,242.13681030273438,42.72159957885742,43.299232482910156,283.7512512207031,104.7137222290039,185.62423706054688,183.77603149414062,75.43965911865234,163.60000610351562,222.19261169433594,47.035701751708984,99.43792724609375,90.50228881835938,62.93090057373047,272.901611328125,310.9753112792969,397.60845947265625,153.10789489746094,31.67851448059082,56.511817932128906,41.22529220581055,314.2480163574219,107.52259826660156,79.76988983154297,12.234421730041504,31.33982276916504,46.43547821044922,98.72749328613281,175.69509887695312,463.678955078125,118.68753814697266,35.19581985473633,80.8108901977539,70.65672302246094,120.13636779785156,364.762939453125
2022-08-25,272.0816345214844,167.38771057128906,152.54408264160156,89.4393081665039,109.12654876708984,135.0586700439453,145.62115478515625,81.87984466552734,58.659080505371094,161.85531616210938,40.628658294677734,33.195316314697266,119.32418823242188,73.70857238769531,243.71482849121094,42.90312957763672,43.58796310424805,285.28924560546875,105.99071502685547,188.10183715820312,188.2436065673828,75.36514282226562,169.3800048828125,223.27407836914062,47.893795013427734,99.86229705810547,91.27971649169922,62.13145446777344,275.8218994140625,315.1396179199219,402.12811279296875,156.090576171875,32.24747085571289,56.48516845703125,41.91792678833008,318.42950439453125,108.87503051757812,80.9493408203125,12.557621955871582,31.365388870239258,46.117549896240234,100.12103271484375,177.39112854003906,468.9805908203125,117.9773178100586,35.64921569824219,82.8803939819336,70.1613540649414,124.03113555908203,371.2379150390625
2022-08-26,261.5827941894531,161.0773162841797,149.93370056152344,88.33815002441406,105.55496978759766,131.89768981933594,144.5508270263672,80.96372985839844,57.24407958984375,158.03619384765625,39.712608337402344,31.73963165283203,116.11799621582031,71.5612564086914,238.5075225830078,41.65060806274414,42.21811294555664,274.53265380859375,95.87867736816406,181.18515014648438,181.6558380126953,73.77252197265625,164.52999877929688,218.7028045654297,46.13471221923828,96.09943389892578,89.41212463378906,61.862083435058594,269.2252197265625,307.7472839355469,395.2432556152344,151.3567657470703,31.228845596313477,55.40148162841797,40.60654830932617,309.1565856933594,103.09488677978516,78.15828704833984,12.147706031799316,30.68353843688965,45.238590240478516,100.15676879882812,172.13861083984375,461.7281799316406,114.98548126220703,35.25730514526367,81.64962005615234,68.73831176757812,118.28754425048828,362.8500671386719
2022-08-29,258.7922668457031,158.8721466064453,148.77452087402344,90.3690185546875,105.2972183227539,131.34153747558594,145.6300048828125,79.44893646240234,56.8994026184082,157.53964233398438,39.21216583251953,31.340028762817383,116.05564880371094,71.12028503417969,237.31007385253906,41.487239837646484,42.62874221801758,272.89337158203125,93.87409210205078,180.5845184326172,181.52333068847656,74.12642669677734,165.4199981689453,217.54864501953125,46.6127815246582,96.0428466796875,89.65338897705078,58.00383758544922,271.4178161621094,302.47119140625,393.9139404296875,148.69158935546875,31.10955047607422,55.4725456237793,40.560367584228516,306.8774719238281,102.51774597167969,76.84379577636719,12.273835182189941,30.64944076538086,45.16377639770508,101.31804656982422,170.70220947265625,462.3753662109375,115.03875732421875,35.12666320800781,82.74364471435547,69.54891204833984,118.1937026977539,364.0264587402344
2022-08-30,256.5870361328125,156.44052124023438,148.2542724609375,86.93008422851562,105.31562805175781,129.94183349609375,142.0828094482422,78.80491638183594,56.37330627441406,156.18531799316406,38.88985061645508,30.693056106567383,115.405517578125,71.07234954833984,235.29583740234375,41.0606689453125,42.50042724609375,269.92791748046875,92.7010498046875,178.97035217285156,176.94216918945312,73.57694244384766,162.2100067138672,217.31234741210938,46.04890060424805,96.3823471069336,88.28619384765625,58.39488220214844,269.41424560546875,299.438232421875,389.72430419921875,148.80706787109375,31.283910751342773,55.51696014404297,40.76354217529297,306.6109619140625,102.8795394897461,76.0154800415039,12.179239273071289,29.984630584716797,44.425079345703125,98.7096176147461,168.78118896484375,457.7307434082031,114.37290954589844,34.67325973510742,79.83539581298828,69.33275604248047,119.92051696777344,352.6737060546875
2022-08-31,255.1234588623047,154.77676391601562,147.2593994140625,86.28019714355469,104.689697265625,127.86540222167969,139.81826782226562,77.42620086669922,55.97420120239258,155.53529357910156,38.36396026611328,30.36957359313965,114.39911651611328,71.08195495605469,235.45452880859375,40.58870315551758,42.522884368896484,267.3510437011719,92.32240295410156,177.70335388183594,174.83145141601562,72.84117889404297,160.25,218.3847198486328,45.01305389404297,96.80673217773438,87.70536041259766,58.57736587524414,267.8832092285156,293.77203369140625,387.69403076171875,146.2477264404297,30.84341049194336,56.37858581542969,40.366432189941406,308.03692626953125,103.37056732177734,76.72675323486328,12.01369571685791,29.882356643676758,44.82715606689453,97.77164459228516,168.31390380859375,454.93255615234375,113.20991516113281,34.67325973510742,80.12713623046875,69.17062377929688,119.16973114013672,349.33575439453125
2022-09-01,254.07945251464844,155.5052947998047,150.91030883789062,84.72771453857422,105.4076919555664,129.44125366210938,137.58909606933594,79.0498275756836,56.237247467041016,157.1077117919922,39.55144500732422,30.217348098754883,115.47676849365234,72.18435668945312,239.36505126953125,41.106040954589844,43.14204025268555,271.939453125,93.27271270751953,178.99847412109375,172.68283081054688,74.32201385498047,153.66000366210938,223.1104736328125,44.79240417480469,98.87205505371094,89.29597473144531,60.0372314453125,272.22113037109375,301.4765319824219,390.0011901855469,145.39141845703125,30.917316436767578,57.69322204589844,40.357200622558594,308.8055419921875,102.50914001464844,77.58206939697266,11.97428035736084,30.05281639099121,45.453651428222656,96.05651092529297,170.131103515625,457.1502380371094,114.09770202636719,34.86538314819336,79.84451293945312,69.494873046875,116.87980651855469,347.920166015625
2022-09-02,249.84478759765625,153.38870239257812,148.53721618652344,86.28019714355469,104.6712646484375,127.14241790771484,139.63250732421875,78.21534729003906,55.46625900268555,155.11717224121094,38.76262283325195,29.703575134277344,113.81131744384766,71.59001922607422,237.5357666015625,40.470706939697266,42.667240142822266,270.5767822265625,90.31781768798828,175.3946533203125,171.158935546875,72.80391693115234,151.82000732421875,220.2659149169922,44.39400100708008,96.665283203125,88.85810089111328,59.62013244628906,271.8998107910156,293.8695373535156,386.27294921875,144.12135314941406,30.8803653717041,56.689476013183594,40.06167984008789,306.93505859375,101.94058990478516,77.78915405273438,11.950631141662598,30.061338424682617,45.285343170166016,98.49522399902344,169.6465301513672,453.9427795410156,112.2866439819336,34.58104705810547,79.87186431884766,69.09858703613281,116.14778900146484,346.43780517578125
2022-09-06,247.10299682617188,152.1285858154297,148.93881225585938,85.7025375366211,104.69889068603516,125.72412109375,138.98675537109375,78.38768005371094,55.49347686767578,154.07186889648438,38.81351089477539,28.88534927368164,112.85836791992188,70.77518463134766,237.42379760742188,40.361793518066406,42.45551300048828,268.3891906738281,86.56849670410156,174.18399047851562,170.998046875,72.43136596679688,152.38999938964844,220.12962341308594,44.228519439697266,96.86331939697266,88.22366333007812,59.65488815307617,270.6379699707031,299.22369384765625,385.5438537597656,142.97637939453125,30.538583755493164,56.30752182006836,39.59992980957031,302.3144836425781,102.21624755859375,76.6457290649414,11.848152160644531,30.103952407836914,45.36949157714844,97.03913879394531,169.56861877441406,456.5981750488281,111.60304260253906,34.250606536865234,78.13054656982422,67.81965637207031,116.08208465576172,345.32830810546875
2022-09-07,251.8255157470703,153.536376953125,149.75115966796875,84.971435546875,106.68720245361328,127.62440490722656,137.20870971679688,78.79585266113281,56.518436431884766,157.47128295898438,39.127342224121094,29.161256790161133,113.74005126953125,71.4078598022461,241.1850128173828,40.86097717285156,43.54624938964844,275.73992919921875,89.5011215209961,177.45936584472656,171.1873321533203,73.1578369140625,155.9499969482422,222.46522521972656,45.098873138427734,98.74004364013672,89.96615600585938,59.75048065185547,275.1446838378906,303.8853454589844,387.7218322753906,146.48826599121094,31.00968360900879,57.55109786987305,40.48649215698242,306.08319091796875,104.46455383300781,78.20330047607422,12.163473129272461,30.751724243164062,46.5850830078125,95.3686752319336,169.8541717529297,464.2503356933594,113.13890075683594,34.542633056640625,79.52542114257812,68.70227813720703,119.97683715820312,349.9956970214844
2022-09-08,252.24505615234375,152.0596923828125,150.95596313476562,85.66643524169922,109.17256927490234,127.7912826538086,137.95176696777344,79.29472351074219,56.346099853515625,156.94410705566406,39.93313217163086,29.25640296936035,114.41694641113281,71.5612564086914,242.7342987060547,41.17865753173828,43.767608642578125,277.99237060546875,88.55078887939453,176.26747131347656,173.3548583984375,72.49656677246094,157.7899932861328,223.06504821777344,45.2153205871582,100.89968872070312,91.37800598144531,60.289241790771484,275.8182678222656,307.68878173828125,387.26953125,147.71018981933594,32.00732421875,57.82646560668945,41.770164489746094,310.5462951660156,104.84358215332031,79.62583923339844,12.195003509521484,30.64944076538086,45.21989059448242,96.76223754882812,169.7157440185547,466.1062927246094,112.44007110595703,34.69632339477539,82.31514739990234,68.11685943603516,119.9017562866211,352.425048828125
2022-09-09,258.0408935546875,154.92445373535156,151.24803161621094,87.10157775878906,109.69725036621094,129.7379150390625,141.5078582763672,79.22216796875,56.527503967285156,157.44400024414062,40.57776641845703,29.931917190551758,115.05817413330078,72.76913452148438,242.21160888671875,41.54169845581055,43.899147033691406,277.87188720703125,91.39434051513672,179.89942932128906,179.3557891845703,72.67352294921875,157.52000427246094,225.10076904296875,45.38080978393555,102.30488586425781,91.27971649169922,60.967041015625,277.839111328125,309.83428955078125,389.0045471191406,152.44398498535156,32.27519989013672,57.98634338378906,41.86252212524414,314.91680908203125,107.15219116210938,80.54419708251953,12.15559196472168,30.888090133666992,48.56743240356445,100.02277374267578,171.9309539794922,467.7052001953125,113.640625,35.01907730102539,83.39093017578125,68.36904907226562,120.230224609375,356.0307922363281
2022-09-12,260.1777038574219,160.8902587890625,151.1841278076172,88.10346221923828,110.99517822265625,130.7946319580078,143.74581909179688,79.96595764160156,56.69077682495117,158.06210327148438,40.50990295410156,30.02705955505371,116.36738586425781,73.89070892333984,243.0049591064453,42.11349868774414,44.293731689453125,275.8048095703125,92.2481460571289,180.21853637695312,182.11016845703125,72.55245971679688,158.72000122070312,215.9491424560547,46.16535186767578,103.06876373291016,92.07499694824219,62.87877655029297,279.08203125,307.4157409667969,386.3375549316406,156.30223083496094,32.58003616333008,60.411338806152344,42.04721450805664,317.2131652832031,107.62596893310547,81.16542053222656,12.2501859664917,31.220495223999023,47.258331298828125,102.1845474243164,173.21163940429688,459.0346984863281,113.70335388183594,34.69632339477539,80.41886901855469,68.58521270751953,123.4867935180664,357.7331848144531
2022-09-13,245.87359619140625,151.44927978515625,147.2502899169922,86.0455322265625,107.13822937011719,128.08787536621094,141.0124969482422,78.26068115234375,54.84946060180664,152.16317749023438,39.17823791503906,27.86732292175293,113.33039855957031,72.89372253417969,237.3677978515625,40.03505325317383,43.37943649291992,257.6272888183594,89.44173431396484,173.6021270751953,174.4528350830078,70.25201416015625,147.30999755859375,206.17044067382812,43.419456481933594,99.81513214111328,89.76061248779297,61.73173522949219,272.1275329589844,298.89208984375,377.745849609375,149.47097778320312,31.40689468383789,57.82646560668945,39.913917541503906,304.0738525390625,100.07991790771484,78.37438201904297,11.619544982910156,29.609607696533203,46.164306640625,100.3443603515625,166.75634765625,446.3096618652344,110.88113403320312,33.021060943603516,78.72313690185547,66.96400451660156,116.8328857421875,347.470703125
2022-09-14,246.09800720214844,152.89645385742188,150.28965759277344,88.15763092041016,106.88970947265625,128.39376831054688,144.42698669433594,79.50421905517578,55.13971710205078,153.31748962402344,39.144309997558594,27.76266098022461,113.72225189208984,69.13594055175781,238.66505432128906,39.89890670776367,43.28319549560547,256.1534729003906,87.25894927978516,168.9003143310547,174.77462768554688,70.8387680053711,149.25999450683594,207.3155059814453,42.92299270629883,99.75855255126953,90.2967758178711,61.236412048339844,269.5278625488281,301.9445495605469,384.4826354980469,150.38497924804688,31.28681182861328,58.55412673950195,39.969322204589844,303.02752685546875,99.59247589111328,78.49140167236328,11.556480407714844,29.635175704956055,45.76222229003906,105.15030670166016,165.24200439453125,461.4902038574219,109.1340560913086,32.808929443359375,78.55905151367188,67.02706146240234,112.76921081542969,345.17529296875
2022-09-15,239.42401123046875,150.00213623046875,150.67300415039062,85.59420776367188,108.50060272216797,127.40193939208984,142.0828094482422,79.32135772705078,54.3905143737793,150.77252197265625,38.9661865234375,27.439176559448242,111.7629165649414,67.33372497558594,236.5651397705078,39.29080581665039,42.81802749633789,251.70408630371094,86.4348373413086,165.98162841796875,172.73016357421875,70.06574249267578,149.77999877929688,206.89747619628906,42.23652267456055,99.07954406738281,91.42269134521484,62.374759674072266,275.10662841796875,301.8080139160156,381.67718505859375,150.22142028808594,31.87799644470215,58.392425537109375,40.76354217529297,307.064697265625,97.55573272705078,79.46377563476562,11.737791061401367,29.174924850463867,44.77105712890625,103.22970581054688,160.08470153808594,461.6805419921875,108.7846450805664,33.00535202026367,77.72943878173828,67.61248779296875,113.03199005126953,343.1380310058594
2022-09-16,238.79954528808594,148.35809326171875,152.97308349609375,84.13199615478516,107.77339935302734,128.18060302734375,138.39405822753906,80.20829772949219,54.3996467590332,151.76324462890625,39.04252243041992,27.819746017456055,113.34820556640625,65.98206329345703,237.9091033935547,39.29987716674805,42.72819137573242,255.81044006347656,86.57592010498047,166.4414825439453,169.87167358398438,70.4941635131836,144.2899932861328,210.06011962890625,40.691951751708984,98.07988739013672,91.19927978515625,62.14884567260742,275.4766845703125,301.2424621582031,382.3231201171875,147.286865234375,31.517742156982422,58.93143081665039,40.578834533691406,302.0552673339844,95.85842895507812,78.71648406982422,11.603780746459961,29.209016799926758,44.21001434326172,101.05899810791016,152.91114807128906,461.7947998046875,109.32220458984375,33.2253303527832,77.28270721435547,67.77461242675781,110.25405883789062,339.0540771484375
2022-09-19,238.5848846435547,152.07933044433594,151.76829528808594,84.12297821044922,108.76754760742188,127.91178131103516,138.79214477539062,79.22077178955078,54.81079864501953,153.3629608154297,38.542091369628906,28.010034561157227,113.75788879394531,66.2121353149414,239.8690643310547,39.29987716674805,43.09391784667969,259.9354248046875,86.59819793701172,167.64273071289062,172.37045288085938,70.79219818115234,144.8800048828125,209.71478271484375,41.096492767333984,98.16475677490234,91.24398040771484,60.99311065673828,274.49945068359375,297.5364990234375,384.38104248046875,149.4805450439453,32.04426574707031,59.129066467285156,40.92976760864258,304.3238525390625,99.15728759765625,79.87793731689453,11.76932144165039,29.106739044189453,44.368980407714844,100.82673645019531,155.78407287597656,464.5263671875,110.0389633178711,33.712432861328125,79.6166000366211,68.2969970703125,111.89643096923828,346.88726806640625
2022-09-20,236.56507873535156,154.46173095703125,150.57261657714844,83.4369888305664,106.62274932861328,127.45755004882812,138.2436981201172,78.63557434082031,54.72856521606445,153.53561401367188,37.973793029785156,27.553348541259766,112.48429870605469,65.2918701171875,238.36643981933594,38.64639663696289,42.84368896484375,254.1419677734375,86.50909423828125,166.12237548828125,168.4708251953125,70.00054931640625,145.94000244140625,206.9429473876953,40.81453323364258,96.4861068725586,90.55590057373047,60.593387603759766,273.32293701171875,294.2597351074219,388.1278076171875,147.6717071533203,31.563928604125977,58.015113830566406,40.089385986328125,299.32373046875,97.30331420898438,78.50041961669922,10.31885051727295,28.970369338989258,43.873390197753906,100.11209869384766,152.0198974609375,470.17034912109375,108.91008758544922,33.720298767089844,79.08781433105469,67.9187240600586,109.48448944091797,340.0966491699219
2022-09-21,233.15008544921875,151.33116149902344,149.0300750732422,82.09209442138672,103.54824829101562,125.8167953491211,137.12026977539062,77.29147338867188,54.27173614501953,153.099365234375,37.25282287597656,27.08714485168457,111.26416778564453,63.98812484741211,234.33453369140625,37.74785232543945,43.235069274902344,251.73190307617188,85.23951721191406,163.57907104492188,162.7538604736328,69.75839233398438,143.2899932861328,203.98934936523438,39.974830627441406,94.92059326171875,89.15296936035156,60.3587532043457,270.3533020019531,289.1396179199219,387.777099609375,143.08226013183594,30.621719360351562,57.04490280151367,39.036590576171875,296.9625244140625,95.78880310058594,77.75313568115234,10.28731918334961,28.49306869506836,42.33052444458008,99.2366714477539,150.41903686523438,469.0947570800781,108.16646575927734,33.79100799560547,78.40406799316406,71.80056762695312,106.3311538696289,334.5684509277344
2022-09-22,235.13082885742188,150.3664093017578,151.677001953125,81.7491226196289,102.3699951171875,126.26177215576172,137.0141143798828,80.01626586914062,54.14381790161133,153.24476623535156,37.80414962768555,26.706579208374023,111.60260772705078,63.29792022705078,231.40396118164062,37.3484992980957,42.7923583984375,249.47938537597656,84.74208068847656,162.5936737060547,161.42874145507812,70.18682098388672,138.7100067138672,206.97927856445312,40.060646057128906,95.31668090820312,89.20660400390625,61.948974609375,268.4083557128906,303.17340087890625,389.5120849609375,137.6171875,30.02129554748535,57.28745651245117,38.343955993652344,289.7493591308594,93.75203704833984,76.32160186767578,10.066594123840332,28.39931297302246,42.54559326171875,98.31655883789062,145.2530517578125,472.5116271972656,108.1485366821289,33.995277404785156,78.46788024902344,72.75526428222656,105.03604125976562,331.04876708984375
2022-09-23,232.14508056640625,148.09228515625,152.1698760986328,77.39855194091797,100.46453857421875,125.67780303955078,128.0620574951172,79.34878540039062,53.540802001953125,153.1720428466797,37.3885383605957,26.183292388916016,109.28701782226562,61.87915802001953,229.54669189453125,36.90376663208008,41.72407150268555,251.1478729248047,83.8882827758789,160.83868408203125,155.45620727539062,70.34515380859375,131.25999450683594,206.27041625976562,39.56417465209961,94.94888305664062,87.88407897949219,61.444969177246094,263.5411071777344,303.748779296875,381.197265625,134.95199584960938,29.310022354125977,56.46996307373047,37.31886672973633,279.6101379394531,93.42127990722656,73.38651275634766,9.70397663116455,27.981678009033203,41.9471435546875,89.85701751708984,142.19847106933594,455.72259521484375,107.7722396850586,32.74608612060547,74.43828582763672,71.30519104003906,105.41143035888672,319.65777587890625
2022-09-26,231.68650817871094,148.42703247070312,151.23887634277344,75.80094146728516,98.30133819580078,125.79832458496094,124.69180297851562,78.8001708984375,52.87382888793945,153.10845947265625,37.17649841308594,25.660005569458008,108.66358184814453,60.824668884277344,227.50274658203125,36.83115768432617,42.125083923339844,247.1063690185547,83.89570617675781,159.60928344726562,153.92283630371094,69.85151672363281,127.33999633789062,206.1795196533203,39.49052810668945,94.15668487548828,87.3390121459961,60.958343505859375,262.62078857421875,299.88677978515625,376.19549560546875,132.24832153320312,28.663410186767578,56.00282287597656,36.949459075927734,272.8044128417969,93.55182647705078,71.8109130859375,9.451720237731934,27.862350463867188,42.07805633544922,88.61531829833984,139.9658966064453,451.4872131347656,106.41937255859375,32.58109664916992,74.3106460571289,70.84587097167969,104.33216094970703,317.7640075683594
2022-09-27,230.67173767089844,149.40162658691406,150.5452117919922,77.38953399658203,97.4360580444336,122.34071350097656,124.74483489990234,78.48928833007812,51.51247024536133,150.8906707763672,37.39702606201172,25.583892822265625,108.42311096191406,59.8372802734375,220.91358947753906,36.77670669555664,42.00959396362305,249.06234741210938,83.4576644897461,159.60928344726562,153.75244140625,67.59765625,127.51000213623047,205.3798065185547,39.564178466796875,92.73265075683594,86.86540985107422,61.140830993652344,263.3988342285156,303.39776611328125,368.8958435058594,132.286865234375,28.238494873046875,56.263343811035156,36.96792984008789,269.8043212890625,92.9251480102539,71.5588150024414,9.388656616210938,27.640748977661133,41.41416549682617,88.22227478027344,142.5792236328125,451.2682800292969,104.99484252929688,32.04685592651367,73.68158721923828,70.22440338134766,104.22892761230469,321.0540771484375
2022-09-28,235.21864318847656,147.51145935058594,151.84132385253906,80.20565795898438,99.40594482421875,122.34071350097656,128.95550537109375,79.34878540039062,52.060672760009766,153.30841064453125,37.6854133605957,25.81223487854004,109.33153533935547,60.46039581298828,221.13758850097656,37.52094650268555,42.70253372192383,261.5761413574219,84.84603118896484,163.13795471191406,158.78794860839844,67.90502166748047,133.44000244140625,209.9147186279297,39.558040618896484,93.10045623779297,87.71431732177734,62.61808776855469,268.07623291015625,326.1013488769531,369.13580322265625,135.24063110351562,28.700359344482422,57.43118667602539,37.68826675415039,278.5175476074219,95.42322540283203,73.35050201416016,9.601496696472168,28.297035217285156,42.498836517333984,93.33293151855469,144.61270141601562,460.3576354980469,104.98588562011719,32.53395462036133,75.58700561523438,70.96294403076172,106.3311538696289,330.8287658691406
2022-09-29,231.73529052734375,140.265869140625,150.17100524902344,80.0431900024414,97.72142028808594,119.30027770996094,128.0620574951172,79.22077178955078,51.686058044433594,151.43601989746094,37.456398010253906,25.098663330078125,108.32513427734375,58.85948944091797,218.76698303222656,36.822078704833984,42.426639556884766,257.998046875,83.37598419189453,159.60928344726562,157.02740478515625,66.84326171875,125.33000183105469,207.57908630371094,38.496368408203125,92.69493103027344,86.6598892211914,62.31394958496094,266.1882019042969,321.83953857421875,359.71356201171875,132.5754852294922,28.321630477905273,56.658607482910156,37.4019889831543,274.18408203125,93.4735107421875,71.90093994140625,9.041804313659668,26.89070701599121,41.778839111328125,93.93099212646484,143.05514526367188,447.78485107421875,103.01481628417969,32.34539794921875,73.49014282226562,69.990234375,104.74510192871094,327.21124267578125
2022-09-30,227.24693298339844,136.05235290527344,149.1031036376953,78.80662536621094,96.19336700439453,117.0291976928711,127.08900451660156,78.74530029296875,51.18354415893555,148.39109802246094,37.11711883544922,24.518293380737305,105.81362915039062,58.54314041137695,215.35107421875,36.30474090576172,41.60858154296875,255.78265380859375,82.03961181640625,156.69993591308594,155.3047637939453,65.4275894165039,121.08000183105469,204.84359741210938,37.99314498901367,91.25202941894531,85.22119903564453,61.775177001953125,263.2564392089844,315.34442138671875,356.48370361328125,129.80445861816406,27.896709442138672,55.41890335083008,37.14339828491211,271.35064697265625,91.40191650390625,71.13565063476562,8.828963279724121,26.762859344482422,40.90922164916992,92.73489379882812,139.78421020507812,447.632568359375,100.82874298095703,31.7247371673584,73.34427642822266,68.99950408935547,103.8816909790039,320.3888244628906
2022-10-03,234.89666748046875,140.23631286621094,148.9570770263672,82.96763610839844,99.1666259765625,119.1241226196289,134.21881103515625,80.0528564453125,51.759151458740234,150.1999053955078,37.43942642211914,25.660005569458008,108.21826934814453,60.46997833251953,219.644287109375,37.4755744934082,42.5164680480957,262.975830078125,84.05904388427734,162.3965606689453,162.0723419189453,66.22856903076172,126.05000305175781,209.4239501953125,39.030269622802734,93.85492706298828,87.35688018798828,61.28855895996094,272.5069885253906,313.5889587402344,368.8958435058594,134.72109985351562,28.718830108642578,55.98485565185547,38.39936828613281,276.9989318847656,94.63114929199219,72.3691177368164,9.041804313659668,27.640748977661133,40.90922164916992,99.64875793457031,141.12547302246094,462.2801818847656,102.2084732055664,32.50252914428711,75.6963882446289,70.6837387084961,107.16641998291016,330.1379089355469
2022-10-04,242.8390655517578,143.82958984375,151.16587829589844,85.99137115478516,103.80598449707031,120.59800720214844,139.43788146972656,80.82091522216797,51.8779296875,151.89051818847656,37.71085739135742,26.35454750061035,111.77183532714844,62.97198486328125,222.5935516357422,38.30916976928711,43.06825637817383,268.40771484375,85.84090423583984,167.2298126220703,170.02313232421875,66.908447265625,133.50999450683594,211.76870727539062,41.448177337646484,97.21226501464844,89.82316589355469,61.87944793701172,278.0098571777344,321.72247314453125,374.7742919921875,139.95523071289062,29.91044807434082,58.67090606689453,40.209442138671875,291.5549621582031,98.58280944824219,75.60133361816406,9.743391036987305,28.458974838256836,41.79753112792969,104.76849365234375,146.1443634033203,466.62969970703125,104.13475036621094,33.39031982421875,78.13054656982422,70.70176696777344,111.82134246826172,345.72125244140625
2022-10-05,243.15126037597656,144.1249237060547,150.70037841796875,89.46640014648438,102.52430725097656,119.76374816894531,140.2340087890625,80.82091522216797,51.38455581665039,150.88156127929688,37.42246627807617,26.29746437072754,111.98556518554688,63.88268280029297,223.14419555664062,38.464900970458984,42.641578674316406,268.6765441894531,85.50679779052734,166.8731689453125,168.83998107910156,66.22856903076172,132.11000061035156,212.49569702148438,41.386810302734375,97.49518585205078,89.76061248779297,62.08799743652344,278.9681091308594,323.5656433105469,371.4521484375,138.90650939941406,29.485532760620117,58.79667282104492,39.99703598022461,286.1195983886719,97.0857162475586,74.82703399658203,9.861638069152832,28.262941360473633,41.70402908325195,105.04939270019531,145.31361389160156,461.0810241699219,102.65644073486328,33.70458221435547,78.65019989013672,69.97222900390625,112.83490753173828,341.384033203125
2022-10-06,240.79978942871094,143.17001342773438,147.7796630859375,92.12006378173828,100.43464660644531,117.24241638183594,142.79051208496094,79.95227813720703,50.27901077270508,147.97300720214844,36.548824310302734,25.85980796813965,108.8595199584961,62.59812927246094,219.09365844726562,38.034358978271484,42.2437744140625,269.17706298828125,82.49990844726562,164.27354431152344,169.24696350097656,64.78496551513672,132.1999969482422,209.87835693359375,40.63811111450195,96.61811828613281,88.08961486816406,61.50135040283203,278.0668640136719,324.7067565917969,368.77587890625,136.99179077148438,29.06061363220215,58.347503662109375,39.008880615234375,282.1102600097656,96.54605865478516,73.20642852783203,9.743391036987305,27.48733139038086,40.88117599487305,106.60794830322266,143.29742431640625,461.8233642578125,100.51515197753906,33.775291442871094,78.17615509033203,67.99503326416016,110.4886703491211,341.09619140625
2022-10-07,228.55442810058594,137.9129638671875,146.2188720703125,91.19038391113281,98.4285659790039,115.19380950927734,141.5609130859375,80.09856414794922,49.80390548706055,146.8914031982422,35.89570999145508,24.470722198486328,105.82252502441406,60.67129135131836,217.63768005371094,36.88929748535156,41.242855072021484,263.55047607421875,79.8271255493164,160.8668212890625,168.0543670654297,64.25409698486328,129.7899932861328,208.1425323486328,39.619415283203125,95.99569702148438,78.85888671875,61.02854537963867,273.6076354980469,318.572509765625,372.790283203125,133.73968505859375,28.40476417541504,57.75459671020508,38.59330749511719,278.7860107421875,92.43770599365234,71.06364440917969,9.617262840270996,26.0128173828125,40.20792007446289,107.38723754882812,137.7074432373047,472.15948486328125,98.18570709228516,33.64173126220703,77.89352416992188,68.33968353271484,107.3353500366211,341.7486572265625
2022-10-10,223.685546875,138.2378692626953,146.41055297851562,89.21367645263672,97.50909423828125,114.72107696533203,139.0044403076172,82.73197174072266,49.694271087646484,147.082275390625,35.41223907470703,23.97597885131836,104.86958312988281,59.981075286865234,219.28030395507812,36.54119873046875,41.48666763305664,261.8263244628906,80.5250244140625,161.31729125976562,169.1144561767578,63.779109954833984,131.89999389648438,210.97801208496094,39.87714767456055,95.3732681274414,78.85888671875,59.96034240722656,271.0933532714844,315.87103271484375,378.3549499511719,132.30609130859375,28.321630477905273,57.90731430053711,38.27931594848633,278.2860107421875,92.16789245605469,70.59545135498047,8.95509147644043,27.13787841796875,41.3861083984375,105.83773803710938,138.22665405273438,479.5260925292969,98.6963882446289,34.14455032348633,78.9601821899414,69.30107116699219,103.9380111694336,345.1358642578125
2022-10-11,219.9387664794922,136.82020568847656,148.52809143066406,88.45547485351562,94.69499206542969,115.15675354003906,139.03099060058594,83.25314331054688,49.7765007019043,147.78211975097656,35.556434631347656,23.82375144958496,104.91410827636719,60.1352424621582,221.2402801513672,36.25722885131836,42.56137466430664,262.2249450683594,80.80714416503906,162.9408721923828,170.13670349121094,64.30998229980469,131.57000732421875,223.0559539794922,39.2757453918457,95.9579849243164,79.082275390625,60.98476791381836,276.0459289550781,319.48919677734375,379.3424072265625,132.1521453857422,27.4995059967041,58.994319915771484,37.15263748168945,272.42474365234375,89.98313903808594,69.32597351074219,9.112751007080078,27.79416847229004,42.713905334472656,104.73225402832031,137.9410858154297,482.8382263183594,99.78048706054688,34.843772888183594,78.67756652832031,70.18988800048828,103.94738006591797,348.6383056640625
2022-10-12,220.2704620361328,136.190185546875,148.49159240722656,88.84361267089844,96.22742462158203,115.34213256835938,139.44671630859375,82.6771011352539,50.3795166015625,153.96282958984375,35.64973449707031,24.09966278076172,104.70926666259766,61.4553108215332,221.24957275390625,35.973243713378906,42.080162048339844,260.028076171875,80.88882446289062,162.16192626953125,169.9000701904297,64.36585998535156,130.4199981689453,223.9647674560547,39.729881286621094,94.38304138183594,78.49250030517578,60.660804748535156,273.588623046875,316.5341796875,366.7548522949219,131.56521606445312,27.5826416015625,58.74277114868164,37.411216735839844,273.4433288574219,85.36127471923828,68.96585083007812,9.096985816955566,27.223112106323242,43.050533294677734,105.38467407226562,138.00164794921875,468.6284484863281,101.11543273925781,35.15803909301758,78.4314193725586,70.16267395019531,102.94319152832031,346.6040344238281
2022-10-13,228.55442810058594,140.76791381835938,150.7368927001953,91.94857788085938,101.5770034790039,117.0848159790039,146.20501708984375,84.56982421875,51.046485900878906,158.70742797851562,36.455528259277344,25.136722564697266,108.46764373779297,62.823551177978516,230.29331970214844,37.200748443603516,42.43626022338867,262.16937255859375,84.83116912841797,166.629150390625,173.34539794921875,66.13544464111328,132.39999389648438,228.70870971679688,41.693660736083984,97.09296417236328,80.51200866699219,61.965423583984375,282.3932189941406,323.87774658203125,374.6358642578125,136.7130889892578,29.273075103759766,59.704010009765625,39.13816833496094,284.3324890136719,88.7471694946289,71.41475677490234,9.27829360961914,28.680580139160156,43.54611587524414,111.22024536132812,141.61871337890625,477.25140380859375,102.65644073486328,36.053688049316406,80.99322509765625,71.48685455322266,105.31757354736328,352.32305908203125
2022-10-14,223.0122833251953,136.22955322265625,150.1071014404297,89.52957916259766,103.26731872558594,115.94466400146484,141.65821838378906,84.28636932373047,50.23332977294922,154.6899871826172,36.35374069213867,24.651493072509766,106.90906524658203,61.96599578857422,226.94277954101562,36.825172424316406,41.8427734375,256.23681640625,84.36344909667969,163.4476776123047,168.66012573242188,66.43346405029297,133.14999389648438,228.41790771484375,41.466590881347656,95.61482238769531,79.79714965820312,61.8340950012207,280.1730651855469,323.18536376953125,359.3628845214844,132.1350555419922,29.28230857849121,59.44348907470703,39.867740631103516,277.7767639160156,85.57014465332031,67.79541015625,9.199463844299316,28.33112907409668,40.3575325012207,106.88887023925781,139.90533447265625,441.7982482910156,101.42900848388672,35.535160064697266,76.01547241210938,70.48011779785156,103.54383850097656,342.69866943359375
2022-10-17,231.76455688476562,140.19692993164062,152.0511932373047,90.82032012939453,107.60456085205078,118.03958892822266,142.69320678710938,86.06024169921875,50.88203430175781,156.99864196777344,37.02381896972656,25.136722564697266,108.2271957397461,64.57720184326172,230.0413055419922,37.832828521728516,42.14433288574219,260.7140808105469,84.53419494628906,166.15054321289062,171.13055419921875,67.18785858154297,136.08999633789062,229.8628692626953,42.11710739135742,98.08785247802734,81.21794128417969,62.49952697753906,275.0687255859375,324.5214538574219,366.6534118652344,136.70343017578125,31.05587387084961,59.632137298583984,40.59730529785156,283.9991760253906,89.47831726074219,69.45203399658203,9.325592994689941,28.126569747924805,39.37571716308594,107.2513198852539,142.5359344482422,452.17242431640625,102.2980728149414,35.0323371887207,78.18524932861328,70.2080307006836,106.34053802490234,347.9282531738281
2022-10-18,232.71099853515625,141.51612854003906,151.5218048095703,90.98279571533203,110.37223052978516,118.99437713623047,143.94044494628906,86.50829315185547,51.567283630371094,159.11643981933594,37.39702606201172,24.61343765258789,109.4918441772461,64.58685302734375,232.57061767578125,38.28169250488281,43.032962799072266,264.2364807128906,86.08590698242188,168.8158416748047,173.7334747314453,67.914306640625,137.33999633789062,229.12677001953125,43.387420654296875,99.47125244140625,82.15621948242188,62.81473922729492,278.6929931640625,326.7351989746094,398.51898193359375,141.00135803222656,32.21977615356445,60.07233428955078,41.252994537353516,290.61053466796875,90.62726593017578,71.52278900146484,9.483251571655273,28.211801528930664,40.3575325012207,106.82542419433594,144.50021362304688,482.3528747558594,103.46277618408203,35.17375564575195,80.01773834228516,70.9880142211914,109.55956268310547,356.2956237792969
2022-10-19,230.74002075195312,141.6243896484375,150.31703186035156,93.68157958984375,108.208251953125,120.09745788574219,148.61109924316406,85.27389526367188,51.12873077392578,157.57127380371094,36.56578826904297,24.737123489379883,109.10888671875,63.883460998535156,234.02651977539062,38.364131927490234,42.91105651855469,255.36557006835938,84.78662872314453,168.2527313232422,174.54747009277344,66.82463073730469,138.38999938964844,225.55517578125,43.28309631347656,92.96173858642578,81.906005859375,62.28938293457031,278.0668640136719,321.1373291015625,406.012451171875,139.0504150390625,31.332992553710938,59.46145248413086,40.28331756591797,288.6752624511719,88.0421371459961,69.90220642089844,9.562082290649414,28.458974838256836,40.151817321777344,109.74323272705078,143.46185302734375,486.26458740234375,102.97897338867188,35.09518814086914,80.54649353027344,70.86104583740234,107.58871459960938,356.30523681640625
2022-10-20,230.41806030273438,141.1616973876953,150.70037841796875,93.80793762207031,107.8553237915039,118.55058288574219,149.46029663085938,84.98128509521484,50.32469940185547,155.8443145751953,36.396148681640625,24.813236236572266,114.26554107666016,66.72594451904297,233.11190795898438,38.20840835571289,43.01691818237305,249.77597045898438,83.97737121582031,166.71365356445312,170.8844451904297,65.85900115966797,139.1300048828125,224.8826446533203,42.93943405151367,90.21392059326172,81.79812622070312,61.597686767578125,279.23382568359375,320.9228210449219,410.0544738769531,137.5533905029297,31.1297664642334,59.43450927734375,40.31102752685547,287.7955627441406,86.79744720458984,68.96585083007812,9.27829360961914,28.43340492248535,39.43181228637695,110.37752532958984,139.29962158203125,487.7208251953125,100.6316146850586,34.223114013671875,80.52828216552734,69.536865234375,101.741943359375,350.73968505859375
2022-10-21,236.2431182861328,144.98141479492188,153.98622131347656,95.54997253417969,113.52069091796875,120.034912109375,153.20211791992188,87.47750091552734,51.12873077392578,157.298583984375,38.12647247314453,25.660005569458008,115.69050598144531,70.0501937866211,237.57310485839844,39.20690155029297,43.886295318603516,255.40264892578125,86.72439575195312,171.56561279296875,181.25148010253906,67.00276947021484,141.32000732421875,228.96316528320312,44.68842697143555,90.07179260253906,83.35336303710938,63.22628402709961,285.90374755859375,332.3330993652344,419.53204345703125,135.2546844482422,32.2844352722168,60.898807525634766,41.4007568359375,301.0274353027344,89.2345962524414,71.32471466064453,9.609378814697266,29.234582901000977,40.79701614379883,112.80599212646484,143.25416564941406,497.44775390625,102.10096740722656,34.94591522216797,81.76815795898438,69.87245178222656,105.6648178100586,367.5705261230469
2022-10-24,241.2486114501953,147.12753295898438,156.05812072753906,96.21791076660156,113.65998077392578,120.77240753173828,153.1490478515625,89.03194427490234,52.59972381591797,161.49781799316406,38.62691116333008,25.85980796813965,118.17532348632812,70.26216888427734,238.29176330566406,39.88477325439453,44.723609924316406,262.56793212890625,87.89002990722656,175.4040985107422,182.28057861328125,67.51837158203125,142.0500030517578,237.4877166748047,45.01982498168945,93.1323013305664,85.2232437133789,63.90922164916992,291.22637939453125,339.28656005859375,422.1621398925781,136.79034423828125,32.395286560058594,61.98579788208008,41.74245834350586,304.36090087890625,90.87096405029297,71.51380157470703,9.83798599243164,29.566987991333008,41.13364791870117,113.3949966430664,144.9848175048828,500.5887145996094,103.8032455444336,35.67657470703125,81.39436340332031,70.39849853515625,105.06417083740234,370.2861022949219
2022-10-25,244.57586669921875,149.9725799560547,155.81163024902344,95.56803131103516,113.95719146728516,122.16339111328125,154.7412872314453,89.34282684326172,53.8605842590332,162.0341033935547,38.66931915283203,26.07863426208496,118.3890609741211,70.47415161132812,238.6744384765625,40.63594436645508,44.935340881347656,269.056640625,87.9791259765625,177.98489379882812,185.6536407470703,68.21212768554688,146.64999389648438,236.27902221679688,44.79889678955078,92.81015014648438,82.90387725830078,63.71659851074219,294.9930114746094,342.6121826171875,424.6445617675781,141.99620056152344,32.69088363647461,62.524810791015625,41.89945602416992,307.7868957519531,94.60504150390625,72.48616027832031,10.113890647888184,30.274415969848633,41.86299514770508,112.3076171875,144.5088653564453,501.34051513671875,107.05548858642578,35.93584442138672,83.0900650024414,71.01521301269531,106.01205444335938,375.7939758300781
2022-10-26,225.7052764892578,147.02906799316406,157.18075561523438,96.70530700683594,115.26673126220703,123.02224731445312,156.65200805664062,89.98289489746094,54.262603759765625,162.76123046875,39.06797790527344,25.888347625732422,120.24153900146484,72.0929183959961,239.4957275390625,40.654258728027344,45.27860641479492,268.95465087890625,91.09738159179688,178.56675720214844,187.67369079589844,68.8402328491211,133.7899932861328,242.3406982421875,46.308555603027344,93.25547790527344,83.36235046386719,65.1875991821289,298.8165283203125,349.0,426.86865234375,141.8609619140625,32.97724151611328,63.62078094482422,42.2042121887207,310.83331298828125,94.93578338623047,72.8462905883789,10.106010437011719,30.265893936157227,42.48948287963867,114.69078063964844,146.23085021972656,505.3759460449219,107.7005615234375,36.383663177490234,85.32368469238281,71.06964874267578,105.88068389892578,375.3621826171875
2022-10-27,221.24624633789062,142.54978942871094,157.27200317382812,97.07538604736328,115.72180938720703,123.11560821533203,157.36849975585938,91.19898223876953,54.3905143737793,162.58851623535156,38.79655075073242,24.99401092529297,120.02779388427734,72.41089630126953,247.42877197265625,40.69089889526367,45.14707946777344,269.79815673828125,91.17161560058594,184.40419006347656,202.1379852294922,68.65275573730469,139.75999450683594,242.85874938964844,46.63994598388672,91.84366607666016,83.33538818359375,65.31892395019531,300.3630676269531,347.5078125,435.515625,141.94786071777344,33.13426971435547,63.06380844116211,42.15803527832031,312.21295166015625,92.82068634033203,72.64820861816406,10.247903823852539,30.40226173400879,42.713905334472656,114.75420379638672,144.06756591796875,509.6778869628906,108.67713928222656,35.68443298339844,85.81597900390625,72.43917083740234,105.448974609375,378.63427734375
2022-10-28,230.1448211669922,153.31982421875,159.60861206054688,99.91858673095703,117.09636688232422,126.233642578125,159.20846557617188,92.14079284667969,55.514320373535156,165.6334228515625,40.23000717163086,27.65800666809082,123.35868072509766,74.54035186767578,256.21124267578125,41.808475494384766,45.718109130859375,276.83367919921875,93.99288940429688,192.32505798339844,208.99853515625,69.97460174560547,143.83999633789062,248.8386688232422,48.06983184814453,94.26934051513672,84.67486572265625,67.27149963378906,308.1240234375,350.98944091796875,447.4571533203125,145.29933166503906,33.42062759399414,71.2118148803711,42.804481506347656,316.50946044921875,94.5615005493164,74.7436294555664,10.452860832214355,31.177881240844727,43.733131408691406,115.23446655273438,144.65594482421875,521.6702270507812,111.3470230102539,36.383663177490234,86.49974822998047,73.98099517822266,107.13826751708984,380.8028869628906
2022-10-31,226.49563598632812,150.9570770263672,158.78717041015625,100.01787567138672,116.91060638427734,125.72019958496094,160.02230834960938,92.53396606445312,54.682884216308594,165.04261779785156,39.48358917236328,27.049089431762695,123.16273498535156,75.22447204589844,254.47531127929688,41.616111755371094,45.66036605834961,274.497802734375,93.39151763916016,191.47103881835938,206.2543182373047,69.224609375,142.50999450683594,245.6941680908203,47.75070571899414,93.74819946289062,85.13333892822266,67.83187103271484,306.5111389160156,353.1252746582031,449.1274719238281,143.37728881835938,33.29130935668945,70.48414611816406,42.4720344543457,319.000244140625,92.40290069580078,74.69816589355469,10.53957462310791,31.109697341918945,44.219364166259766,114.25582122802734,145.17518615722656,522.5267333984375,111.50830078125,36.35224151611328,88.4142837524414,73.99008178710938,107.15702819824219,379.8145751953125
2022-11-01,222.63174438476562,148.3088836669922,157.9839630126953,101.01075744628906,119.01885986328125,125.916259765625,161.18997192382812,91.21729278564453,54.49101638793945,164.29730224609375,40.72195816040039,26.925405502319336,123.08255767822266,74.29945373535156,254.74594116210938,41.643585205078125,45.455047607421875,274.4328918457031,93.02771759033203,190.60765075683594,208.19813537597656,69.13085174560547,143.3800048828125,247.2482452392578,47.99618911743164,94.09877014160156,85.0614242553711,68.03325653076172,308.465576171875,343.85076904296875,448.1585388183594,142.05413818359375,33.43910217285156,71.27468872070312,43.35858917236328,322.76885986328125,92.86421966552734,76.10722351074219,10.563224792480469,30.90513801574707,44.10715866088867,115.7872085571289,144.85499572753906,510.0301208496094,111.40974426269531,36.25009536743164,88.91567993164062,72.82008361816406,106.98809814453125,372.9920654296875
2022-11-02,214.75762939453125,142.7761993408203,155.5560760498047,98.93473815917969,117.92294311523438,124.10517883300781,157.8992919921875,90.88810729980469,53.732669830322266,162.0068359375,39.924652099609375,26.088150024414062,121.8624496459961,72.38199615478516,252.33798217773438,40.828304290771484,45.15348815917969,267.63836669921875,91.2161636352539,188.13938903808594,204.42481994628906,68.22149658203125,147.41000366210938,244.4763946533203,47.49910354614258,92.89542388916016,87.02120971679688,67.81436920166016,304.423828125,346.1717834472656,444.864013671875,138.59646606445312,33.337493896484375,69.96310424804688,43.2939453125,323.8893127441406,91.0972900390625,76.69811248779297,10.295201301574707,30.52159309387207,43.536766052246094,114.63640594482422,142.414794921875,504.7192687988281,109.54619598388672,35.2287483215332,87.33848571777344,72.38473510742188,103.30921173095703,370.3436584472656
2022-11-03,209.04959106445312,136.72178649902344,155.82080078125,100.27964782714844,118.13654327392578,123.2556381225586,160.2257843017578,90.29376983642578,53.705265045166016,161.58871459960938,39.839107513427734,26.059606552124023,119.76061248779297,72.29527282714844,254.74594116210938,40.16874694824219,45.14385986328125,260.9365234375,91.208740234375,191.81826782226562,208.9222869873047,67.8652572631836,156.75,241.6318359375,48.10051345825195,91.38883209228516,87.9201889038086,68.71623229980469,307.630615234375,352.7254333496094,447.4110412597656,134.5496368408203,33.152748107910156,71.38248443603516,42.32731628417969,323.037353515625,88.10305786132812,76.01632690429688,10.452860832214355,30.461929321289062,44.15391159057617,121.26033782958984,141.92156982421875,500.16033935546875,109.32220458984375,35.28374481201172,87.77606964111328,71.56847381591797,102.96196746826172,377.7131042480469
2022-11-04,216.01629638671875,136.45555114746094,156.51446533203125,101.37178802490234,121.36857604980469,125.5054702758789,162.25144958496094,90.70524597167969,54.14381790161133,162.49761962890625,40.39516067504883,27.192636489868164,121.97825622558594,73.22991180419922,256.3045654296875,40.78250503540039,45.22407913208008,263.2817077636719,92.68620300292969,195.06544494628906,217.10731506347656,68.61526489257812,160.00999450683594,244.50367736816406,49.75131607055664,92.9238510131836,89.50238037109375,68.97888946533203,305.6287536621094,348.5611572265625,444.5040588378906,139.77479553222656,33.984107971191406,72.17301940917969,43.44266128540039,331.4079895019531,89.50442504882812,77.13446807861328,10.64993667602539,31.595510482788086,43.38715744018555,119.90111541748047,143.37530517578125,497.552490234375,109.77017211914062,35.74728012084961,86.78237915039062,71.70451354980469,108.35829162597656,379.11407470703125
2022-11-07,222.33901977539062,136.98802185058594,157.88356018066406,102.57225799560547,122.00941467285156,127.42855072021484,164.188720703125,91.50072479248047,54.353965759277344,163.79742431640625,40.2839469909668,27.395130157470703,123.20724487304688,73.94292449951172,257.9752197265625,40.80998611450195,45.6988639831543,269.0658264160156,92.56739807128906,196.8673553466797,217.83145141601562,68.90586853027344,164.91000366210938,251.7559051513672,51.21802520751953,94.27880859375,90.95872497558594,69.33788299560547,307.7539978027344,356.031494140625,450.92706298828125,141.95755004882812,34.18732833862305,73.1791763305664,43.74937438964844,335.71368408203125,91.19302368164062,77.78900146484375,10.799713134765625,32.89104461669922,43.80793380737305,122.27522277832031,146.35198974609375,508.9737243652344,111.38285827636719,36.04582977294922,87.1561508178711,71.82242584228516,109.18416595458984,382.6452331542969
2022-11-08,223.31472778320312,137.55996704101562,158.66848754882812,102.89720153808594,122.08373260498047,127.71795654296875,163.9498748779297,92.80826568603516,54.454463958740234,164.25186157226562,40.50636291503906,27.462631225585938,124.72129821777344,72.88302612304688,259.83245849609375,40.86494445800781,45.80793380737305,269.872314453125,93.0648422241211,198.3595428466797,218.97488403320312,69.19648742675781,169.6199951171875,265.7241516113281,51.549407958984375,94.41146850585938,91.38124084472656,70.02960968017578,310.9513244628906,357.5821228027344,455.993408203125,145.06747436523438,34.27968978881836,73.87090301513672,43.85162353515625,337.0655517578125,94.95320129394531,77.5253677368164,10.815479278564453,32.635345458984375,44.06040573120117,121.8221206665039,146.05783081054688,514.8364868164062,111.61581420898438,36.06155014038086,87.8763656616211,72.15799713134766,109.29679870605469,388.2107238769531
2022-11-09,219.06056213378906,132.99435424804688,157.39981079101562,98.29389190673828,120.49557495117188,127.40990447998047,157.39505004882812,92.89057159423828,53.69612503051758,162.28858947753906,39.9674186706543,26.536922454833984,123.82008361816406,72.90230560302734,259.2631530761719,40.22371292114258,44.742862701416016,265.8030090332031,91.93633270263672,196.75631713867188,214.90621948242188,68.8683853149414,168.74000549316406,263.2340087890625,51.02778244018555,94.24089050292969,89.50238037109375,69.85448455810547,308.3421630859375,354.2760314941406,447.7432556152344,140.87582397460938,33.73469924926758,73.95176696777344,42.726985931396484,335.1951904296875,93.23849487304688,75.86178588867188,10.492276191711426,31.442096710205078,44.939369201660156,113.50373077392578,141.92156982421875,507.42230224609375,110.94385528564453,35.519439697265625,84.8404769897461,72.86542510986328,107.73054504394531,381.0331726074219
2022-11-10,237.08226013183594,144.82749938964844,159.2435302734375,99.73808288574219,125.455078125,131.7975311279297,160.37612915039062,93.16488647460938,55.623958587646484,165.15170288085938,40.53203582763672,28.6969051361084,127.28080749511719,74.3572769165039,257.4805603027344,41.82679748535156,45.66999435424805,288.9303894042969,95.88610076904297,202.57518005371094,221.49038696289062,70.28398895263672,177.5800018310547,264.469970703125,52.396297454833984,98.76060485839844,89.81702423095703,69.50425720214844,306.7767333984375,359.5911560058594,452.9018859863281,149.46202087402344,35.2219123840332,74.20330047607422,44.567298889160156,350.2974548339844,108.4968032836914,80.72527313232422,11.17809772491455,32.80581283569336,44.986122131347656,117.3095474243164,150.5072479248047,505.94708251953125,114.4828109741211,34.74164581298828,85.95272827148438,72.1761474609375,117.76012420654297,391.1278076171875
2022-11-11,241.1120147705078,147.6180877685547,154.47906494140625,102.85205078125,125.65940856933594,131.60150146484375,164.9405975341797,89.5714111328125,56.025970458984375,161.83412170410156,40.72023391723633,29.342971801757812,129.02920532226562,74.90647888183594,253.29002380371094,41.02983474731445,45.740570068359375,291.9337463378906,98.72964477539062,200.62298583984375,225.33995056152344,69.90898895263672,177.49000549316406,259.0262451171875,52.96702194213867,98.62793731689453,87.69541931152344,66.50973510742188,288.2566833496094,343.5776672363281,428.06829833984375,149.59725952148438,35.480552673339844,73.50257873535156,44.19552230834961,356.6495056152344,116.06068420410156,82.52525329589844,11.430353164672852,35.16673278808594,44.04169845581055,121.3871841430664,155.6342315673828,468.9330139160156,114.18714904785156,34.867347717285156,84.84961700439453,70.06292724609375,122.74186706542969,389.6116638183594
2022-11-14,235.68698120117188,146.2178497314453,156.90692138671875,103.15230560302734,124.36843872070312,131.61085510253906,165.02023315429688,91.7567367553711,55.48690414428711,160.63433837890625,42.123199462890625,29.265830993652344,129.95745849609375,75.6677017211914,254.11129760742188,40.98403549194336,44.39638900756836,284.4996032714844,97.28189849853516,200.8776092529297,225.3494873046875,69.90898895263672,173.5500030517578,259.2807312011719,52.67245864868164,96.65709686279297,87.35382080078125,66.88623809814453,291.1314392089844,348.21319580078125,426.38873291015625,148.86322021484375,34.880130767822266,74.42787170410156,43.5634880065918,354.0475769042969,109.23665618896484,81.6434555053711,11.199357032775879,34.95977020263672,43.7784309387207,121.0051498413086,155.28485107421875,458.5016174316406,114.28569030761719,34.53738021850586,85.95272827148438,69.80896759033203,120.73219299316406,390.4849548339844
2022-11-15,236.09678649902344,147.95338439941406,157.34503173828125,103.84384155273438,123.46754455566406,131.1533966064453,166.3471221923828,91.07097625732422,55.39555358886719,161.05242919921875,41.55003356933594,29.61296844482422,130.0836181640625,76.29399871826172,249.9767303466797,41.13060760498047,47.299686431884766,289.1435852050781,97.4229507446289,203.16929626464844,223.52951049804688,70.61211395263672,175.35000610351562,257.73577880859375,53.47637939453125,97.72779846191406,87.85726165771484,66.7899169921875,289.53753662109375,342.2379150390625,431.19671630859375,148.6314239501953,34.82469940185547,74.56262969970703,43.414772033691406,354.5290832519531,109.97650146484375,82.27069854736328,11.39052677154541,35.05463409423828,44.069908142089844,121.96929931640625,158.49903869628906,476.566162109375,114.80534362792969,34.30167770385742,86.54785919189453,70.23523712158203,122.18521118164062,390.5137023925781
2022-11-16,236.52731323242188,146.7207489013672,158.32164001464844,102.7337875366211,123.6347427368164,132.32034301757812,163.64028930664062,91.37273406982422,55.2950439453125,162.08860778808594,41.10519027709961,28.47512435913086,130.245849609375,76.9781265258789,254.33523559570312,40.663414001464844,47.639739990234375,291.90594482421875,95.58169555664062,201.8207244873047,221.46182250976562,71.25898742675781,172.69000244140625,259.6665954589844,52.10172653198242,98.17314910888672,86.39191436767578,66.67610168457031,290.9796447753906,345.1522216796875,430.2646789550781,147.35653686523438,34.5106315612793,74.45482635498047,42.950050354003906,354.0197448730469,107.81788635253906,81.65254211425781,11.071911811828613,34.83041763305664,44.97256088256836,117.5577392578125,154.64724731445312,480.763427734375,115.58480072021484,34.238826751708984,87.15213012695312,71.70451354980469,121.70401763916016,389.9667053222656
2022-11-17,236.4783935546875,148.6239471435547,159.59945678710938,102.87025451660156,123.09603881835938,131.50814819335938,164.1038360595703,93.5489273071289,55.4686393737793,163.63380432128906,41.3447265625,28.822261810302734,131.66079711914062,76.31327819824219,255.1285858154297,42.67871856689453,47.47933578491211,288.6894226074219,95.506591796875,202.30166625976562,219.5751953125,70.58399200439453,172.77999877929688,262.896728515625,52.40243148803711,97.17823791503906,85.3401107788086,67.5604476928711,296.11248779296875,352.81939697265625,436.2908630371094,145.49249267578125,34.33512878417969,75.1196060180664,42.745574951171875,351.6585998535156,106.86043548583984,80.86166381835938,11.079875946044922,34.606204986572266,45.30164337158203,119.33147430419922,153.77383422851562,493.8215026855469,115.45938110351562,34.309532165527344,86.6119384765625,72.34844970703125,119.50562286376953,396.290283203125
2022-11-18,236.02825927734375,149.18597412109375,160.82254028320312,101.97859191894531,124.30342102050781,133.09518432617188,163.12322998046875,95.30450439453125,55.86151123046875,164.8154296875,41.259178161621094,28.802978515625,133.05770874023438,76.8239517211914,255.13790893554688,43.77798843383789,48.194740295410156,290.3022766113281,95.21365356445312,202.320556640625,220.5185089111328,71.68085479736328,173.88999938964844,262.8875732421875,52.457664489746094,98.41949462890625,87.51564025878906,67.81436920166016,302.8583679199219,353.6995544433594,440.0283203125,147.28890991210938,34.35359573364258,75.1196060180664,43.21958923339844,351.1215515136719,106.25115203857422,81.08891296386719,11.143598556518555,34.278507232666016,45.37686538696289,116.96649932861328,156.3154754638672,495.31585693359375,117.7260971069336,34.72593307495117,87.1155014038086,73.49122619628906,121.21338653564453,397.5088806152344
2022-11-21,236.84042358398438,145.95162963867188,161.64927673339844,100.9686279296875,123.5697250366211,134.78488159179688,161.56324768066406,96.56633758544922,56.720359802246094,167.987548828125,41.21640396118164,27.90620231628418,132.19252014160156,76.91067504882812,256.21124267578125,43.62225341796875,48.48987579345703,293.63934326171875,95.86714172363281,204.23497009277344,221.2236328125,72.11210632324219,172.94000244140625,263.6836853027344,52.70927429199219,98.4289779663086,88.00109100341797,69.13650512695312,299.1391906738281,353.2106018066406,443.8304138183594,147.5883026123047,34.464454650878906,75.775390625,43.535606384277344,352.0567932128906,105.31981658935547,80.97982788085938,11.111738204956055,35.00288772583008,45.245235443115234,114.1467056274414,157.74789428710938,502.40643310546875,119.59861755371094,35.197322845458984,87.99443817138672,74.35286712646484,121.7606201171875,395.05242919921875
2022-11-22,239.7563018798828,148.0914306640625,162.43014526367188,103.88932800292969,125.41793060302734,135.94247436523438,165.70840454101562,97.74586486816406,56.96704864501953,168.0057373046875,41.986324310302734,28.754762649536133,134.37350463867188,79.12684631347656,256.4352111816406,44.318450927734375,48.66311264038086,301.1476135253906,96.5957260131836,206.30978393554688,226.07362365722656,71.59648895263672,172.5,262.6679382324219,53.5745735168457,99.36703491210938,89.45743560791016,69.04894256591797,302.9911193847656,352.9270324707031,442.50152587890625,149.2978515625,34.63072204589844,76.56593322753906,43.78655242919922,355.44573974609375,108.30530548095703,81.51618194580078,11.207322120666504,36.03771209716797,45.20762634277344,118.23085021972656,159.60829162597656,499.341796875,120.93356323242188,35.48016357421875,89.4227066040039,74.5251693725586,124.53456115722656,399.7159118652344
2022-11-23,242.2513885498047,148.9690704345703,162.60467529296875,103.37069702148438,126.75533294677734,136.71730041503906,164.23753356933594,97.67272186279297,57.22287368774414,168.22386169433594,41.78955841064453,28.61012077331543,134.05809020996094,79.55081176757812,255.04461669921875,44.49250030517578,48.897300720214844,298.0237731933594,96.14505767822266,206.45126342773438,225.74964904785156,72.1214828491211,174.85000610351562,259.3280334472656,53.92436981201172,100.45667266845703,89.95186614990234,69.29410552978516,303.4560546875,353.74847412109375,443.95037841796875,148.67002868652344,34.7415657043457,76.73661041259766,43.99103927612305,357.6495361328125,108.2791976928711,81.7525405883789,11.175460815429688,36.0118408203125,44.98196029663086,115.28370666503906,159.69558715820312,497.1431884765625,120.05553436279297,35.37016677856445,88.60786437988281,75.07842254638672,125.54410552978516,419.8283996582031
2022-11-25,242.163330078125,146.0502166748047,162.81591796875,103.0067367553711,126.99679565429688,136.96937561035156,163.7561492919922,98.29447174072266,57.27769088745117,167.3422088623047,42.097530364990234,28.29191017150879,133.71560668945312,79.7049789428711,256.6591796875,44.33677291870117,49.1058235168457,302.53802490234375,96.92623901367188,207.52638244628906,224.5872039794922,71.97147369384766,178.36000061035156,259.6391296386719,54.09006118774414,101.34732818603516,91.03064727783203,69.38166809082031,307.3080749511719,357.20068359375,446.1559753417969,148.88255310058594,34.82469940185547,77.4912338256836,44.09327697753906,360.0662841796875,108.84496307373047,82.64341735839844,11.215287208557129,35.925601959228516,46.11027145385742,115.34740447998047,159.41612243652344,504.03778076171875,120.97836303710938,35.15018844604492,89.17550659179688,75.25074768066406,125.8271713256836,423.6186828613281
2022-11-28,236.55662536621094,142.2143096923828,162.89862060546875,99.91317749023438,124.77709197998047,136.85736083984375,158.99591064453125,99.16312408447266,57.286834716796875,167.14227294921875,42.4055061340332,27.703699111938477,131.7418975830078,78.42345428466797,254.6806182861328,44.04363250732422,49.24697494506836,295.623046875,93.62126159667969,203.489990234375,221.34750366210938,71.6058578491211,171.8300018310547,258.6142578125,52.4515380859375,99.85973358154297,90.26652526855469,69.29410552978516,303.1429748535156,357.70916748046875,445.9252624511719,145.71461486816406,34.04876708984375,76.5479736328125,43.66572952270508,354.0475769042969,105.43296813964844,81.71617889404297,10.936497688293457,35.19260787963867,45.91282272338867,112.6458511352539,157.13650512695312,501.2207946777344,119.43732452392578,35.472312927246094,88.12261199951172,75.21446990966797,122.94001770019531,423.369140625
2022-11-29,235.1574249267578,139.2067413330078,161.75949096679688,100.57738494873047,126.82962036132812,135.81179809570312,161.3760223388672,99.51972198486328,57.0858268737793,165.9606170654297,42.337066650390625,27.86762809753418,132.02130126953125,77.90314483642578,253.3086395263672,44.22684097290039,49.073753356933594,292.87921142578125,94.74044036865234,204.38587951660156,224.03453063964844,71.22149658203125,175.32000732421875,258.03778076171875,52.5681266784668,99.4902114868164,90.68903350830078,69.19779205322266,304.2720642089844,355.9292907714844,446.7465515136719,149.14329528808594,34.17809295654297,77.04206848144531,44.214107513427734,355.2975769042969,104.88458251953125,82.7979736328125,10.952428817749023,35.42544174194336,46.40174865722656,113.018798828125,161.48609924316406,504.53424072265625,119.30296325683594,35.998687744140625,88.30573272705078,75.13284301757812,124.38359832763672,423.1388244628906
2022-11-30,249.648681640625,145.97134399414062,163.51406860351562,101.30526733398438,128.3341827392578,139.24722290039062,163.40850830078125,100.69013214111328,58.53045654296875,168.61471557617188,42.88456344604492,28.995834350585938,134.1932373046875,80.00367736816406,256.0305480957031,45.54595947265625,48.897300720214844,302.1394958496094,94.62026977539062,207.0548095703125,225.2637176513672,72.63710021972656,178.8800048828125,262.0731201171875,52.75837326049805,101.934814453125,91.58802032470703,70.29228210449219,312.0424499511719,362.9021911621094,450.5445556640625,152.20497131347656,34.963260650634766,78.9016342163086,44.567298889160156,359.90179443359375,108.72310638427734,84.60701751708984,11.071911811828613,35.787628173828125,46.251304626464844,112.34569549560547,165.7134552001953,509.2515869140625,121.51593017578125,36.595794677734375,89.26705932617188,77.36396789550781,127.5821304321289,423.16766357421875
2022-12-01,249.2083740234375,146.24746704101562,164.19386291503906,100.81396484375,126.53242492675781,139.33123779296875,162.6775360107422,100.39752960205078,58.696083068847656,170.02317810058594,43.697261810302734,28.764406204223633,134.4275665283203,81.04431915283203,256.6029968261719,45.77497482299805,49.20206069946289,305.01177978515625,94.6352767944336,205.01776123046875,224.57766723632812,72.89022827148438,175.77999877929688,261.6522216796875,52.32265090942383,102.26644134521484,91.38124084472656,70.81761932373047,306.88116455078125,362.1686706542969,449.1516418457031,152.11807250976562,33.95979309082031,78.96453094482422,43.5634880065918,357.7208251953125,110.62061309814453,84.54338073730469,11.215287208557129,35.623779296875,45.51791000366211,111.93636322021484,166.11521911621094,506.396484375,122.38496398925781,36.93361282348633,83.60891723632812,77.47280883789062,127.3367919921875,423.94488525390625
2022-12-02,249.5312957763672,145.75437927246094,164.3224639892578,99.95866394042969,125.52937316894531,140.60086059570312,161.3760223388672,100.61698150634766,59.21135330200195,169.83111572265625,43.55182647705078,28.35940933227539,133.98597717285156,80.31201171875,256.6029968261719,45.52763748168945,49.15394592285156,305.86968994140625,95.38642120361328,206.61158752441406,224.99693298339844,73.28396606445312,182.8699951171875,261.2587890625,53.31682205200195,102.41806030273438,92.2173080444336,71.03653717041016,310.43902587890625,366.5010986328125,460.7962341308594,151.39370727539062,33.52310562133789,79.97965240478516,42.69910430908203,354.7104187011719,109.68058013916016,83.72520446777344,11.040048599243164,35.77037811279297,44.728092193603516,111.13591003417969,165.41648864746094,521.0067749023438,123.57655334472656,37.42072677612305,83.96595764160156,78.47046661376953,129.54461669921875,427.5911865234375
2022-12-05,244.81503295898438,144.5908203125,164.2305908203125,97.2199478149414,122.00941467285156,139.18190002441406,157.3913116455078,100.58954620361328,58.40163040161133,167.48060607910156,43.39784240722656,28.12798500061035,132.85043334960938,76.5348892211914,254.90426635742188,45.18870162963867,48.6502799987793,298.49322509765625,93.6137466430664,203.32960510253906,221.604736328125,72.29961395263672,185.10000610351562,260.709716796875,51.95444107055664,99.8786849975586,91.70487213134766,70.66001892089844,311.6861572265625,361.1516418457031,455.6332702636719,150.74658203125,32.0272102355957,79.036376953125,40.5799446105957,346.2848815917969,107.6089859008789,81.6434555053711,10.657710075378418,35.53754806518555,43.31769943237305,108.57991790771484,158.228271484375,517.0247192382812,122.89564514160156,37.07503890991211,83.10533142089844,78.27092742919922,126.9876708984375,419.2238464355469
2022-12-06,239.84432983398438,140.92254638671875,161.7687225341797,94.51762390136719,122.21376037597656,139.3592529296875,153.33529663085938,99.60203552246094,58.3740234375,166.11785888671875,42.52526092529297,27.57834243774414,132.9315185546875,76.03385162353516,255.07313537597656,44.51082229614258,48.08566665649414,296.04058837890625,93.576171875,201.0568084716797,217.5265350341797,72.38397216796875,178.42999267578125,259.22735595703125,52.334930419921875,98.41002655029297,90.96773529052734,69.97705841064453,313.8282775878906,360.418212890625,449.4395751953125,149.4137420654297,30.661376953125,79.01842498779297,40.33829116821289,338.2414855957031,105.60704040527344,79.55260467529297,10.578054428100586,35.00288772583008,43.56216812133789,105.15978240966797,152.9353790283203,507.83831787109375,121.85635375976562,36.30509948730469,83.17860412597656,77.43651580810547,124.58173370361328,420.52880859375
2022-12-07,239.1104736328125,138.97994995117188,162.7516326904297,94.30836486816406,122.1301498413086,140.25546264648438,153.78994750976562,100.6626968383789,58.466041564941406,166.62088012695312,42.978668212890625,27.317989349365234,132.72425842285156,75.90858459472656,253.73101806640625,44.13523864746094,47.8354377746582,298.5584716796875,94.90568542480469,201.302001953125,218.1840057373047,72.7027359008789,176.5,261.4875183105469,52.16309356689453,99.31016540527344,91.94760131835938,69.98582458496094,316.2559814453125,363.7725830078125,446.8394775390625,149.48135375976562,30.419797897338867,78.86571502685547,39.45530319213867,335.4548034667969,105.53740692138672,79.34352111816406,10.43467903137207,35.05463409423828,44.135719299316406,104.49577331542969,152.55978393554688,515.8599243164062,122.47457122802734,36.43080520629883,85.30268096923828,79.10533905029297,122.12859344482422,422.831787109375
2022-12-08,242.0752716064453,140.6661376953125,162.77920532226562,95.00895690917969,123.41182708740234,141.26365661621094,154.69923400878906,101.35759735107422,58.7144775390625,168.08424377441406,44.296085357666016,27.424060821533203,133.1838836669922,77.15156555175781,256.5937194824219,44.87724304199219,47.90950012207031,302.2327575683594,94.64280700683594,201.2076873779297,220.0325469970703,73.255859375,179.0800018310547,261.31365966796875,51.322349548339844,101.30945587158203,92.17234802246094,69.94204711914062,317.50311279296875,363.5965576171875,450.72100830078125,148.85354614257812,30.141061782836914,80.37492370605469,39.57613754272461,333.73980712890625,106.41653442382812,80.62528991699219,10.450607299804688,35.27021789550781,44.62466049194336,102.421875,156.89193725585938,516.1843872070312,123.57696533203125,36.81576919555664,84.59770965576172,79.40465545654297,122.99662017822266,425.01959228515625
2022-12-09,240.13787841796875,140.1829833984375,161.4380340576172,94.20826721191406,122.74314880371094,140.8902587890625,149.7606658935547,99.46487426757812,58.09797668457031,167.46231079101562,44.2447624206543,27.231203079223633,132.52598571777344,76.94922637939453,255.32656860351562,44.39173126220703,46.79209899902344,298.8662109375,94.46253204345703,199.58560180664062,216.5736846923828,72.9183578491211,179.5399932861328,254.98141479492188,49.98452377319336,101.86849212646484,91.38124084472656,69.02267456054688,316.1893310546875,353.0345764160156,449.04949951171875,148.6410675048828,30.085317611694336,79.02739715576172,39.50177764892578,334.7278137207031,104.30142211914062,81.33435821533203,10.498401641845703,34.86491394042969,43.69380569458008,100.0750732421875,155.15382385253906,505.0976867675781,123.07095336914062,36.69791793823242,84.12161254882812,77.85371398925781,123.04379272460938,417.2279968261719
2022-12-12,247.07525634765625,142.48057556152344,163.36709594726562,96.52845001220703,124.64706420898438,142.33724975585938,151.32066345214844,99.63859558105469,58.86170196533203,168.2580108642578,44.62116622924805,27.665130615234375,134.47262573242188,78.31745147705078,259.6252136230469,45.16120910644531,47.664772033691406,305.8603820800781,95.28125762939453,202.292236328125,222.07164001464844,73.69647979736328,186.27000427246094,253.27027893066406,51.064605712890625,103.74456787109375,93.3050537109375,69.07521057128906,323.0249328613281,359.1565856933594,451.5938415527344,151.93453979492188,30.41051483154297,79.5394515991211,39.83638381958008,338.4931640625,105.31110382080078,82.83433532714844,10.721431732177734,35.408199310302734,43.919471740722656,101.67597961425781,159.42483520507812,511.056396484375,124.66128540039062,36.89433670043945,85.44918823242188,78.76069641113281,124.84591674804688,419.3773498535156
2022-12-13,251.390380859375,143.4469451904297,164.6256103515625,97.58390808105469,124.5263442993164,142.12254333496094,154.69029235839844,101.41246032714844,58.88010787963867,168.1665496826172,45.39963912963867,27.703699111938477,135.6983184814453,77.62371063232422,257.4289855957031,45.47267150878906,47.49409484863281,310.4393005371094,95.61174774169922,202.72607421875,224.38710021972656,73.82772827148438,187.1300048828125,249.13424682617188,50.86208724975586,105.67753601074219,90.96773529052734,67.726806640625,314.40899658203125,350.7559509277344,445.929443359375,152.13735961914062,30.42909049987793,79.72811889648438,39.613304138183594,343.6286315917969,107.4697265625,84.27975463867188,10.809051513671875,35.38232421875,42.734737396240234,103.15864562988281,160.57778930664062,501.8987731933594,125.33899688720703,36.776493072509766,85.35762786865234,78.87858581542969,126.49707794189453,419.51171875
2022-12-14,251.68394470214844,141.2183837890625,165.13084411621094,96.8650894165039,123.9040756225586,142.68264770507812,153.62054443359375,102.6734619140625,58.88010787963867,167.70008850097656,46.6058464050293,27.250490188598633,135.05844116210938,78.83778381347656,257.6636047363281,45.16120910644531,47.23004913330078,310.94281005859375,94.71038818359375,202.49972534179688,223.42471313476562,74.3808364868164,188.25,248.10018920898438,50.04510498046875,105.42171478271484,90.50924682617188,67.54292297363281,318.6264953613281,355.4892272949219,450.5445556640625,148.84388732910156,29.992403030395508,80.07232666015625,39.204349517822266,335.8835144042969,103.21340942382812,82.27069854736328,10.7373628616333,35.03738021850586,42.08597183227539,102.66746520996094,160.9795379638672,507.8096923828125,125.69139862060547,37.027896881103516,84.96392059326172,79.20510864257812,125.27049255371094,420.711181640625
2022-12-15,243.65061950683594,134.60166931152344,163.04559326171875,95.93701934814453,120.8299331665039,141.067626953125,152.47059631347656,100.90624237060547,58.07037353515625,164.85572814941406,45.861595153808594,26.180145263671875,128.29920959472656,77.15156555175781,255.03561401367188,44.10776901245117,46.808204650878906,305.50604248046875,91.92369079589844,197.07696533203125,219.78482055664062,73.01209259033203,183.72000122070312,243.53404235839844,48.411128997802734,102.82546997070312,87.74038696289062,65.66915893554688,315.5514221191406,352.0761413574219,444.6015319824219,145.08680725097656,29.518543243408203,78.42378234863281,38.45149612426758,326.0506286621094,98.4475326538086,79.80712890625,10.378921508789062,34.08879089355469,40.89183807373047,102.37638854980469,158.2719268798828,504.6679992675781,123.26973724365234,36.8864860534668,84.61601257324219,78.86044311523438,121.49642944335938,412.41094970703125
2022-12-16,239.423583984375,132.6393585205078,161.3737030029297,95.26372528076172,120.07762908935547,140.442138671875,150.40248107910156,100.51045227050781,57.7391242980957,164.9380340576172,43.971012115478516,25.958358764648438,126.31649017333984,76.67943572998047,249.77023315429688,43.79630661010742,45.967742919921875,301.5333557128906,91.40541076660156,197.8031463623047,221.74769592285156,72.89960479736328,184.6999969482422,244.6962127685547,47.69856262207031,101.29997253417969,85.80757141113281,64.3470230102539,311.5910339355469,351.939208984375,447.3873596191406,141.30076599121094,29.453508377075195,78.58682250976562,38.28419494628906,322.8071594238281,97.18133544921875,78.96170043945312,9.654067993164062,33.67486572265625,41.67224884033203,100.45710754394531,155.64297485351562,505.9858093261719,122.27580261230469,36.58008575439453,84.51531219482422,78.84232330322266,119.04330444335938,413.65838623046875
2022-12-19,235.27484130859375,130.5291290283203,161.1991729736328,95.69135284423828,120.79277801513672,140.40480041503906,151.4365692138672,100.73136901855469,57.82194137573242,165.8526153564453,43.93678665161133,25.8330020904541,125.15389251708984,77.5658950805664,249.4980926513672,43.420719146728516,45.98384475708008,295.9286804199219,91.73590850830078,197.49191284179688,221.33795166015625,73.10584259033203,185.67999267578125,243.13143920898438,47.95042037963867,100.99676513671875,85.44799041748047,64.0580825805664,314.9136047363281,349.8952941894531,447.3873596191406,140.0548553466797,29.787994384765625,78.27883911132812,38.869754791259766,321.1853942871094,96.31082153320312,77.77082061767578,9.311554908752441,33.90769958496094,41.747474670410156,100.45710754394531,155.84384155273438,508.51629638671875,122.58299255371094,36.438663482666016,84.82659912109375,79.01465606689453,118.53379821777344,415.1745300292969
2022-12-20,236.5957794189453,130.4601287841797,161.3737030029297,97.07437133789062,121.37789916992188,140.4608612060547,153.9236297607422,100.97987365722656,57.77593231201172,165.75201416015625,43.902565002441406,25.49550437927246,127.32587432861328,77.9898452758789,250.83084106445312,43.39323806762695,46.3863639831543,293.60662841796875,90.74441528320312,199.45355224609375,224.05360412597656,72.83397674560547,188.2899932861328,242.26211547851562,49.34482192993164,100.90202331542969,85.40304565429688,63.61152648925781,313.7330627441406,351.71435546875,451.4360046386719,140.72125244140625,29.908777236938477,76.78427124023438,38.08900833129883,321.0736083984375,96.11738586425781,77.4162826538086,9.13631820678711,34.08879089355469,41.916725158691406,102.46734619140625,151.6514434814453,505.6993103027344,122.33000183105469,36.48579788208008,85.09210205078125,75.39585876464844,117.71292877197266,417.75567626953125
2022-12-21,239.16917419433594,133.56629943847656,163.22010803222656,98.32089233398438,122.74314880371094,141.74911499023438,155.73326110839844,102.26847076416016,58.70527648925781,166.91354370117188,44.19343185424805,25.871572494506836,128.10093688964844,78.52944946289062,251.68495178222656,43.658897399902344,46.750244140625,297.8217468261719,92.73491668701172,202.85809326171875,230.33287048339844,74.0527114868164,196.0,243.64390563964844,50.972660064697266,102.46543884277344,84.6119384765625,64.20695495605469,317.1794128417969,359.89990234375,452.828857421875,142.0734405517578,30.364051818847656,77.2371826171875,38.2191276550293,326.3581848144531,99.406005859375,78.97079467773438,9.383244514465332,33.28680419921875,41.80388641357422,105.76922607421875,154.3153533935547,514.5036010742188,123.7576904296875,36.55796813964844,86.3097915649414,77.41837310791016,119.96794128417969,423.7817687988281
2022-12-22,233.06350708007812,130.39108276367188,162.62301635742188,96.33737182617188,121.35002136230469,142.07583618164062,153.39768981933594,102.38811492919922,58.28200912475586,165.62399291992188,44.17631912231445,25.042293548583984,126.96540832519531,77.55626678466797,249.44178771972656,43.347434997558594,46.202816009521484,294.80023193359375,91.3302993774414,200.2268524169922,226.3404083251953,74.3245849609375,188.25,242.72882080078125,50.22937774658203,102.36119842529297,83.96466827392578,64.64472961425781,317.2936706542969,357.2593078613281,445.0750732421875,140.34463500976562,30.094608306884766,77.24624633789062,37.81016540527344,322.0895080566406,96.97030639648438,78.51626586914062,9.008870124816895,33.14883041381836,42.546688079833984,102.69474792480469,153.38079833984375,507.4181823730469,124.19142150878906,36.7103271484375,85.59566497802734,77.24605560302734,118.75080108642578,418.2354431152344
2022-12-23,233.59185791015625,130.02622985839844,163.03640747070312,98.885009765625,121.92581939697266,142.47727966308594,158.14012145996094,102.95880126953125,58.723690032958984,166.69407653808594,44.338863372802734,25.15800666809082,127.6593246459961,77.90314483642578,251.1311798095703,43.49400329589844,46.296199798583984,297.2342529296875,90.24115753173828,201.69808959960938,228.56056213378906,74.48396301269531,189.05999755859375,241.5026397705078,50.24167251586914,102.50333404541016,84.10850524902344,63.82167053222656,318.2742919921875,359.7923278808594,448.7802429199219,141.99620056152344,30.168935775756836,76.76615905761719,38.08900833129883,322.0242919921875,97.70893096923828,78.27989959716797,9.048697471618652,33.31268310546875,43.14845275878906,107.13387298583984,154.60357666015625,510.6649475097656,123.92938232421875,37.07918930053711,86.63026428222656,77.46373748779297,119.5622329711914,419.26220703125
2022-12-27,231.86000061035156,128.2216796875,162.99046325683594,100.2589340209961,122.35305786132812,143.7188720703125,160.12803649902344,103.19808959960938,59.0825309753418,167.4348907470703,43.74003601074219,25.01336669921875,128.35328674316406,78.02839660644531,250.44601440429688,43.53981018066406,46.30908203125,297.9989318847656,90.3012466430664,202.66006469726562,231.6763916015625,74.9433364868164,189.39999389648438,241.0176544189453,50.88665771484375,102.87285614013672,83.62306213378906,63.576515197753906,318.0743713378906,356.83880615234375,450.8324279785156,141.38771057128906,30.22468376159668,77.00167083740234,38.14478302001953,318.72491455078125,97.36600494384766,77.32537078857422,8.92125129699707,33.03672409057617,43.204872131347656,108.43357849121094,154.53369140625,516.7955932617188,125.04080963134766,37.27164077758789,87.81133270263672,77.9444351196289,119.27918243408203,418.5137634277344
2022-12-28,229.48226928710938,124.28714752197266,162.28314208984375,98.612060546875,123.0217514038086,141.86114501953125,157.76573181152344,102.2408676147461,58.49364471435547,166.22760009765625,43.45772933959961,24.627656936645508,126.19034576416016,77.40209197998047,248.82228088378906,43.11842727661133,45.49760055541992,294.4365539550781,88.8515625,200.1136932373047,228.0937042236328,73.89335632324219,188.3800048828125,239.2149658203125,50.352237701416016,102.17168426513672,83.38932037353516,63.03363800048828,315.9322204589844,357.17138671875,448.7151794433594,139.08901977539062,30.44767951965332,76.60311889648438,38.2191276550293,317.69964599609375,95.03581237792969,76.77993774414062,8.722116470336914,32.40721130371094,41.916725158691406,105.54126739501953,151.63397216796875,516.0506591796875,123.3600845336914,36.76646041870117,85.71468353271484,76.87422180175781,117.25061798095703,412.7851257324219
2022-12-29,235.8227996826172,127.8075180053711,163.10987854003906,99.35813903808594,123.72761535644531,142.4492645263672,158.96026611328125,102.00154113769531,58.84330368041992,166.43797302246094,43.911128997802734,25.273719787597656,127.12760925292969,78.43311309814453,249.59194946289062,43.512332916259766,45.774532318115234,298.8009338378906,90.56412506103516,202.52801513671875,228.875,74.40896606445312,188.91000366210938,240.80718994140625,51.44564437866211,104.52156066894531,84.00961303710938,63.12997055053711,314.85650634765625,358.93170166015625,452.2717590332031,142.28591918945312,30.79145050048828,77.22811126708984,38.41432189941406,320.085693359375,97.8935775756836,77.48902130126953,9.192075729370117,32.31235122680664,41.954322814941406,106.52976989746094,153.5030975341797,517.5691528320312,124.01070404052734,36.782493591308594,85.25691986083984,76.5295639038086,119.26029968261719,412.45806884765625
2022-12-30,234.65841674804688,128.123046875,162.27394104003906,100.3590316772461,124.54490661621094,141.4877166748047,160.00323486328125,102.12120056152344,58.53045654296875,165.230712890625,43.83413314819336,25.48586082458496,126.97441101074219,78.76068878173828,247.33944702148438,43.64057540893555,45.65860366821289,294.55780029296875,90.0759048461914,202.10362243652344,228.2651824951172,73.8652114868164,190.49000549316406,240.33135986328125,51.4702262878418,104.02883911132812,83.77587890625,62.998626708984375,315.44671630859375,357.7776184082031,451.7517395019531,142.70123291015625,30.772872924804688,77.76252746582031,38.377140045166016,320.0390319824219,95.89754486083984,77.28900909423828,9.263765335083008,32.217491149902344,41.916725158691406,108.00338745117188,151.8348388671875,521.016357421875,122.664306640625,36.65419006347656,85.00971221923828,76.04886627197266,118.63758087158203,412.573486328125
2023-01-03,234.42356872558594,123.33065032958984,163.68861389160156,96.91060638427734,125.49222564697266,141.4970703125,155.10035705566406,102.29608917236328,57.923152923583984,164.08749389648438,43.85124206542969,25.775142669677734,127.5692138671875,80.66853332519531,248.0902557373047,43.91538619995117,46.24146270751953,294.6044616699219,91.99128723144531,202.10362243652344,227.6172332763672,74.18395233154297,195.38999938964844,239.42543029785156,52.201210021972656,103.82987976074219,83.52417755126953,63.27005386352539,306.0597229003906,356.9464111328125,443.4315490722656,142.09274291992188,31.135236740112305,77.34587860107422,38.84186935424805,322.6860046386719,95.97669219970703,77.92536163330078,9.303592681884766,32.07088851928711,41.813289642333984,103.53681182861328,153.09259033203125,515.9743041992188,123.89323425292969,36.501827239990234,82.07991790771484,75.47747802734375,119.6754379272461,408.27227783203125
2023-01-04,224.1691436767578,124.60271453857422,165.47073364257812,97.19265747070312,126.6624526977539,142.11318969726562,153.45123291015625,103.1612777709961,57.895545959472656,163.6850128173828,42.88456344604492,26.69120979309082,128.51553344726562,81.40081787109375,248.14659118652344,43.906158447265625,46.29296875,298.1668395996094,94.00431823730469,198.08607482910156,229.98033142089844,74.66209411621094,203.63999938964844,241.93272399902344,55.23955154418945,105.37432861328125,82.68812561035156,63.58526611328125,295.4158935546875,355.0980529785156,442.4750061035156,145.39588928222656,31.7205867767334,77.44551849365234,39.64119338989258,324.0654602050781,97.91996002197266,78.77079010009766,9.566450119018555,32.32959747314453,42.283416748046875,103.7381591796875,154.69091796875,502.7200012207031,123.62213134765625,36.41362380981445,79.0951919555664,76.08514404296875,122.62865447998047,407.49285888671875
2023-01-05,217.52528381347656,123.28133392333984,164.2489776611328,99.36724853515625,126.6343765258789,140.34881591796875,156.21466064453125,104.59715270996094,57.23304748535156,161.9747314453125,42.48249435424805,26.575490951538086,127.17266082763672,81.23703002929688,246.0535888671875,43.28750228881836,46.13518524169922,294.1940612792969,92.35934448242188,192.83306884765625,228.95126342773438,73.6308364868164,204.99000549316406,244.19290161132812,56.09725570678711,104.9858627319336,81.31268310546875,63.47053527832031,289.5989990234375,351.01019287109375,443.00433349609375,141.9165496826172,31.655550003051758,77.76252746582031,39.42741775512695,320.39324951171875,95.15013122558594,78.10716247558594,9.75761890411377,30.346179962158203,42.46206283569336,106.8775863647461,151.8348388671875,504.6966552734375,122.47456359863281,36.381553649902344,77.11759185791016,76.55679321289062,116.15614318847656,399.0731506347656
2023-01-06,220.08888244628906,127.81735229492188,165.58094787597656,100.56829071044922,129.05760192871094,143.69088745117188,157.3913116455078,105.70164489746094,58.337223052978516,165.6331329345703,43.56039047241211,27.703699111938477,129.50685119628906,82.53783416748047,252.91452026367188,44.617156982421875,47.26546859741211,296.1151123046875,95.18362426757812,198.30296325683594,237.126708984375,74.98084259033203,213.0,251.82452392578125,56.608734130859375,106.4355697631836,82.34650421142578,64.42365264892578,288.16143798828125,354.941650390625,439.4477844238281,145.54127502441406,31.971458435058594,79.78245544433594,39.78061294555664,324.4196472167969,98.73771667480469,79.59803771972656,10.020476341247559,31.570722579956055,43.00741958618164,108.21392822265625,156.29803466796875,497.91668701171875,125.10404968261719,37.24758529663086,78.69233703613281,77.96256256103516,121.24168395996094,410.3699035644531
2023-01-09,222.23171997070312,128.3399658203125,161.29104614257812,98.69393920898438,128.52430725097656,141.93582153320312,156.16114807128906,101.59656524658203,57.61030960083008,164.01429748535156,41.39604949951172,28.262981414794922,129.37167358398438,83.58235931396484,250.83084106445312,44.85723876953125,46.67617416381836,296.3763122558594,95.23619079589844,198.6802215576172,234.99232482910156,73.80897521972656,208.57000732421875,247.1759796142578,57.18315887451172,106.26500701904297,82.24762725830078,62.667449951171875,288.5041809082031,342.1204833984375,426.21539306640625,145.76417541503906,31.488306045532227,77.08319091796875,39.399532318115234,329.0050964355469,100.9887466430664,79.67076873779297,10.108095169067383,31.346511840820312,43.4305305480957,107.4176025390625,158.6912078857422,473.07916259765625,123.81190490722656,36.870704650878906,78.16132354736328,77.28716278076172,121.59080505371094,412.03466796875
2023-01-10,223.92453002929688,128.91195678710938,160.9052276611328,100.16793823242188,129.6750946044922,141.7957763671875,156.92776489257812,101.99234008789062,57.16864013671875,162.66070556640625,40.737342834472656,28.388338088989258,130.49819946289062,83.65972137451172,252.38890075683594,45.06960678100586,46.64719772338867,299.006103515625,96.24271392822266,199.3120574951172,238.69891357421875,73.41522216796875,206.69000244140625,250.6166229248047,59.229068756103516,107.87579345703125,81.49246978759766,63.23225784301758,289.2181701660156,344.97613525390625,429.2797546386719,147.31484985351562,31.702003479003906,78.93102264404297,39.37165832519531,333.0687255859375,103.05513000488281,80.8343734741211,10.227578163146973,31.648332595825195,43.23307800292969,108.07660675048828,156.1407928466797,473.4420166015625,122.76371765136719,36.878719329833984,78.94869995117188,76.71216583251953,122.44939422607422,420.9161682128906
2023-01-11,230.69558715820312,131.633544921875,160.64801025390625,101.33257293701172,130.6387481689453,140.64755249023438,156.17898559570312,102.23165130615234,57.05821990966797,162.8436279296875,40.591915130615234,28.78369140625,130.9127655029297,85.6907730102539,252.2949981689453,45.43894958496094,47.05615234375,306.8116149902344,96.98633575439453,200.2174530029297,238.90853881835938,72.3089828491211,208.02999877929688,249.72900390625,61.13334274291992,107.2125473022461,80.68339538574219,63.48817825317383,294.3973083496094,352.4673156738281,429.93902587890625,149.17567443847656,31.943580627441406,78.97631072998047,39.724853515625,339.70477294921875,105.75460052490234,81.29801940917969,10.530264854431152,32.01052474975586,42.88518142700195,108.22305297851562,159.16282653808594,470.7109375,123.17033386230469,36.742393493652344,79.3607177734375,76.62090301513672,124.62889099121094,417.1153564453125
2023-01-12,233.37661743164062,131.55465698242188,159.83961486816406,103.01583862304688,130.50779724121094,139.85400390625,157.85488891601562,102.87596130371094,56.322105407714844,160.76747131347656,40.814334869384766,29.207975387573242,131.1741485595703,85.8648681640625,250.3052215576172,45.24504089355469,46.631099700927734,307.6229553222656,97.15908813476562,203.68798828125,243.04393005371094,72.03710174560547,214.32000732421875,247.90802001953125,62.053993225097656,105.99420928955078,80.1709976196289,63.18813705444336,295.3397521972656,351.205810546875,428.7690124511719,150.1448211669922,32.0272102355957,77.64478302001953,39.808502197265625,344.793701171875,105.13909149169922,82.29798889160156,10.69753646850586,31.613842010498047,42.94159698486328,109.98040008544922,159.7916717529297,465.9840393066406,123.10709381103516,36.405609130859375,80.01075744628906,75.3248519897461,124.18545532226562,419.626708984375
2023-01-13,234.08111572265625,132.88587951660156,159.31602478027344,102.95215606689453,133.8011016845703,140.85293579101562,158.2827606201172,103.3177490234375,56.524539947509766,160.2736053466797,40.934104919433594,29.034406661987305,131.48052978515625,86.27106475830078,252.37013244628906,45.13423156738281,46.78566360473633,308.87261962890625,97.2792739868164,204.2821502685547,246.2740936279297,72.98397064208984,214.1300048828125,248.64927673339844,63.10843276977539,108.0406265258789,80.83621978759766,63.99122619628906,299.138427734375,353.6506042480469,417.70947265625,150.95895385742188,32.733341217041016,78.14297485351562,41.100433349609375,348.57763671875,104.20702362060547,83.32522583007812,10.131993293762207,31.717315673828125,42.51848220825195,111.17943572998047,159.0929412841797,440.6307678222656,123.64019775390625,36.5820198059082,80.93547058105469,75.3066177368164,124.92139434814453,423.03314208984375
2023-01-17,235.17701721191406,134.0494842529297,158.33303833007812,102.75199127197266,131.73342895507812,140.442138671875,160.8946533203125,101.6609878540039,56.754573822021484,161.02354431152344,39.41992950439453,28.542621612548828,130.84967041015625,85.6907730102539,257.2693176269531,44.395538330078125,46.50228500366211,305.4407653808594,95.0934829711914,200.16085815429688,244.17782592773438,73.34022521972656,211.41000366210938,246.53549194335938,63.33661651611328,107.92639923095703,80.34178161621094,63.814720153808594,299.8904724121094,349.85614013671875,415.2301330566406,149.0109100341797,32.07366180419922,77.36399841308594,41.007484436035156,326.1344909667969,104.32132720947266,88.25239562988281,10.09216594696045,31.329269409179688,43.42112731933594,110.05362701416016,156.3416748046875,435.03497314453125,123.66732788085938,36.21316146850586,80.65164184570312,74.71337127685547,123.241943359375,421.6571044921875
2023-01-18,230.73472595214844,133.32960510253906,155.94464111328125,100.64107513427734,127.77580261230469,136.6799774169922,157.98855590820312,100.1330795288086,55.033897399902344,156.9627685546875,38.49602508544922,27.780841827392578,126.54181671142578,83.86283874511719,249.69517517089844,43.305965423583984,45.352691650390625,301.8597106933594,92.20160675048828,192.61614990234375,240.90003967285156,71.54960632324219,209.41000366210938,241.93272399902344,62.376625061035156,106.1369857788086,79.28997039794922,63.664695739746094,293.56903076171875,344.2524719238281,409.7607116699219,145.7835693359375,31.330352783203125,75.85130310058594,40.319698333740234,325.36090087890625,103.05513000488281,87.79784393310547,9.885066986083984,30.708375930786133,42.556095123291016,108.50679779052734,154.35031127929688,425.9535217285156,120.03483581542969,35.290985107421875,77.82257843017578,71.56455993652344,120.56234741210938,409.9080505371094
2023-01-19,226.938232421875,133.38877868652344,155.73336791992188,101.28707885742188,126.07300567626953,133.78944396972656,159.56643676757812,101.15474700927734,54.951087951660156,155.14271545410156,38.4618034362793,27.404773712158203,126.7310562133789,83.11812591552734,247.38629150390625,42.89968490600586,44.7054443359375,289.91363525390625,88.95671081542969,189.23992919921875,235.28009033203125,70.49960327148438,207.08999633789062,239.7731475830078,60.480224609375,106.41300964355469,79.18588256835938,65.0855484008789,295.7586669921875,343.3429260253906,407.940673828125,142.32359313964844,30.875072479248047,75.74261474609375,39.92002868652344,326.9081115722656,100.2413330078125,85.58879852294922,9.701860427856445,30.535900115966797,41.371368408203125,109.50445556640625,153.8524627685547,422.37261962890625,119.4203872680664,35.71598434448242,78.10638427734375,70.6883773803711,116.61846923828125,393.174560546875
2023-01-20,235.04978942871094,135.95263671875,155.00765991210938,103.13412475585938,126.38176727294922,134.30612182617188,161.26014709472656,101.19157409667969,55.282344818115234,155.3713836669922,38.590118408203125,28.176197052001953,127.25375366210938,84.3851089477539,252.0791015625,43.19516372680664,45.256080627441406,293.75579833984375,90.62422943115234,190.53192138671875,239.07139587402344,71.16941833496094,206.75999450683594,240.88040161132812,61.125465393066406,107.38385772705078,78.75139617919922,65.43854522705078,293.56903076171875,338.443359375,411.6271667480469,146.92718505859375,31.451135635375977,75.1900863647461,40.821598052978516,318.603759765625,103.59150695800781,87.48875427246094,9.87709903717041,30.941213607788086,41.79448699951172,111.48146057128906,155.58181762695312,430.4417724609375,122.10408020019531,36.036739349365234,77.59367370605469,70.6974868774414,123.60047149658203,395.0989990234375
2023-01-23,237.35902404785156,139.1475830078125,154.6126708984375,102.59729766845703,128.4307403564453,132.50245666503906,161.0462188720703,101.13634490966797,55.42035675048828,154.67626953125,38.47890853881836,29.188690185546875,127.84857940673828,86.04861450195312,252.74554443359375,43.85999298095703,45.93232345581055,294.2033996582031,92.10395812988281,192.8236541748047,241.93397521972656,71.22603607177734,209.97000122070312,238.80319213867188,62.77006149291992,108.51652526855469,78.93242645263672,64.65312194824219,293.38812255859375,334.6683654785156,409.77001953125,149.25323486328125,31.887836456298828,75.38935852050781,41.85329055786133,325.40753173828125,104.34770965576172,88.29782104492188,10.19571590423584,31.622465133666992,42.02954864501953,109.95294189453125,157.63433837890625,430.5468444824219,121.29084014892578,35.9324951171875,77.2274398803711,70.64273834228516,122.94001770019531,393.8865966796875
2023-01-24,236.83062744140625,140.5478057861328,154.6126708984375,103.55265808105469,129.53475952148438,133.22579956054688,161.19772338867188,99.88455963134766,55.714805603027344,156.1121826171875,38.24793243408203,28.851192474365234,127.51514434814453,86.75465393066406,252.99896240234375,44.146236419677734,46.05467987060547,296.264404296875,86.38033294677734,195.15306091308594,246.6348114013672,71.64112091064453,211.97999572753906,237.64109802246094,63.501861572265625,107.10784149169922,77.86430358886719,63.841209411621094,294.1687316894531,338.7563171386719,417.15228271484375,150.54222106933594,32.120113372802734,76.10492706298828,41.314208984375,324.65252685546875,103.30133056640625,86.82514953613281,10.147923469543457,30.958454132080078,41.6158332824707,108.74476623535156,157.20639038085938,438.60638427734375,121.65228271484375,35.90843963623047,78.52752685546875,70.28678131103516,123.57218170166016,400.9399108886719
2023-01-25,235.43141174316406,139.88714599609375,155.71502685546875,103.0067367553711,130.16160583496094,133.1318359375,159.63772583007812,99.9489974975586,56.0644645690918,157.2462921142578,38.55590057373047,28.639049530029297,126.85723114013672,86.69662475585938,256.2276306152344,44.30320358276367,45.83572006225586,295.8634033203125,84.82550048828125,194.9078369140625,247.42945861816406,71.4807357788086,212.67999267578125,234.74951171875,63.572689056396484,105.65155792236328,77.61991119384766,64.57369995117188,298.5481262207031,342.022705078125,421.7303161621094,151.9378204345703,32.39885711669922,76.15022277832031,42.14142608642578,325.8642272949219,102.56271362304688,86.94332122802734,10.187751770019531,31.28614616394043,42.21760559082031,110.17261505126953,154.9966278076172,442.4068908691406,119.33001708984375,36.02872085571289,78.34443664550781,71.07170867919922,120.91144561767578,398.0242919921875
2023-01-26,242.66236877441406,141.95794677734375,155.14547729492188,107.14667510986328,130.96624755859375,132.59640502929688,167.40211486816406,98.36585998535156,55.95404815673828,155.6823272705078,38.201942443847656,29.015119552612305,121.17047119140625,86.88038635253906,257.8419189453125,44.635623931884766,45.793853759765625,292.6460266113281,85.29118347167969,197.43533325195312,250.9526824951172,71.25433349609375,212.72999572753906,233.23049926757812,63.84809494018555,105.71819305419922,79.34882354736328,64.41482543945312,298.1768798828125,340.3406066894531,426.9768371582031,151.0752716064453,32.83555221557617,75.74261474609375,42.57826614379883,330.8412780761719,100.75133514404297,87.72511291503906,10.291300773620605,31.475872039794922,41.80388641357422,114.09001159667969,156.95306396484375,423.4803161621094,117.71259307861328,35.51551055908203,77.73101043701172,70.0951156616211,120.48688507080078,405.2989196777344
2023-01-27,242.8189239501953,143.9005126953125,154.5391845703125,105.19046020507812,131.2843475341797,132.05154418945312,159.96755981445312,96.99443817138672,55.65959548950195,155.1335906982422,37.804813385009766,27.154064178466797,121.11639404296875,86.06798553466797,255.7207489013672,44.7925910949707,46.144859313964844,295.3318786621094,86.56810760498047,196.2847900390625,253.26956176757812,67.53736877441406,211.1699981689453,232.10494995117188,65.49269104003906,104.65214538574219,79.45743560791016,63.93827438354492,293.5118408203125,334.56085205078125,426.7818298339844,166.99884033203125,32.9377555847168,75.84226989746094,42.866397857666016,329.65753173828125,102.25495910644531,88.05237579345703,10.570089340209961,32.05364227294922,42.3586311340332,113.13813781738281,159.04055786132812,417.92266845703125,116.49270629882812,35.39522933959961,76.5682373046875,71.08995819091797,120.15664672851562,402.3928527832031
2023-01-30,237.4862060546875,141.01126098632812,148.81619262695312,103.3251953125,130.17100524902344,132.46490478515625,155.28753662109375,97.6479263305664,55.79762268066406,155.0055389404297,37.597618103027344,26.951566696166992,121.93650817871094,84.48181915283203,254.24722290039062,44.52481460571289,45.774532318115234,293.0470886230469,84.56258392333984,194.06849670410156,250.35910034179688,68.75433349609375,209.6699981689453,230.21995544433594,63.604164123535156,104.5188980102539,78.7966537475586,63.5676155090332,295.4730224609375,332.99609375,427.7011413574219,167.3380584716797,32.79838562011719,75.498046875,43.024410247802734,333.1619873046875,99.76651000976562,87.9378433227539,10.267404556274414,31.50173568725586,41.56882095336914,110.31904602050781,154.56863403320312,419.4791564941406,116.55596923828125,35.68391036987305,75.3047866821289,71.38201141357422,120.43971252441406,404.7215270996094
2023-01-31,242.4764404296875,142.28334045410156,150.12060546875,105.55437469482422,130.94754028320312,133.7518310546875,155.12710571289062,98.8628921508789,56.423316955566406,156.41403198242188,38.124244689941406,27.250490188598633,121.42279052734375,85.55536651611328,250.9716339111328,44.94032669067383,46.32840347290039,302.3073425292969,86.44041442871094,196.6148681640625,241.54147338867188,70.31094360351562,213.0,230.9611358642578,63.328758239746094,105.2232437133789,79.85572052001953,64.11477661132812,301.48040771484375,336.565673828125,430.1805114746094,169.53805541992188,32.96562957763672,76.032470703125,43.5634880065918,340.9444580078125,102.4132308959961,89.19332122802734,10.761260032653809,31.786312103271484,41.96372985839844,111.5455322265625,161.7830810546875,427.8443298339844,117.47762298583984,36.11692810058594,75.85411071777344,71.5189208984375,122.97776794433594,406.8769836425781
2023-02-01,247.31008911132812,143.40753173828125,151.49853515625,104.39884185791016,130.60133361816406,134.51278686523438,152.75588989257812,98.46711730957031,56.43252182006836,156.90789794921875,37.96021270751953,28.03155517578125,121.74726867675781,87.09317016601562,249.91107177734375,44.847991943359375,46.58600997924805,305.9630126953125,87.02629852294922,194.95501708984375,238.9086151123047,70.7448959350586,214.75,225.47991943359375,64.77664184570312,106.43203735351562,79.19493103027344,62.861610412597656,298.2530212402344,335.0205078125,429.2426452636719,168.25877380371094,33.374446868896484,76.08683013916016,43.99103927612305,340.8511657714844,105.55237579345703,89.98140716552734,10.98429012298584,32.0622673034668,42.480873107910156,107.72879791259766,161.56471252441406,422.6400451660156,117.47762298583984,38.12164306640625,76.33020782470703,71.18121337890625,124.55342102050781,410.8702697753906
2023-02-02,258.9050598144531,148.72256469726562,152.06808471679688,101.13240814208984,129.9932098388672,133.55459594726562,150.66099548339844,95.22721862792969,55.466365814208984,155.4536895751953,38.279640197753906,29.11154556274414,122.91886901855469,86.4451675415039,247.0390167236328,45.54051208496094,46.247894287109375,316.8739318847656,90.35380554199219,195.5774688720703,234.46630859375,69.55623626708984,209.33999633789062,225.5897216796875,66.05138397216797,106.8413314819336,78.0091323852539,64.22067260742188,287.06658935546875,323.4120788574219,424.54388427734375,167.7935791015625,33.56956481933594,73.7226791381836,44.1781120300293,344.3555908203125,113.2111587524414,90.91615295410156,11.40645694732666,32.51931381225586,42.283416748046875,101.87097930908203,167.0759735107422,420.9879455566406,117.63123321533203,37.66456985473633,75.35971069335938,69.27368927001953,126.83673858642578,391.2019348144531
2023-02-03,252.78961181640625,152.3513641357422,151.21376037597656,101.83300018310547,132.00477600097656,133.96792602539062,151.05325317382812,94.74860382080078,55.05229949951172,154.67626953125,38.03791046142578,29.236902236938477,123.41455078125,86.67728424072266,247.99639892578125,44.90340042114258,45.632850646972656,309.14300537109375,88.25064849853516,191.15435791015625,237.20443725585938,70.08451843261719,206.00999450683594,224.34524536132812,64.49333190917969,106.40348815917969,77.63800811767578,65.70331573486328,278.5554504394531,331.6073913574219,426.2989501953125,173.346923828125,33.84830856323242,76.53971099853516,44.5055046081543,344.80303955078125,110.63478088378906,91.11775207519531,10.538226127624512,31.984651565551758,41.76627731323242,98.95124053955078,167.39915466308594,420.77789306640625,118.60713195800781,37.616458892822266,75.33224487304688,68.8903579711914,123.345703125,390.73046875
2023-02-06,251.24362182617188,149.61988830566406,150.0655059814453,101.66014099121094,132.7813262939453,132.8312530517578,151.2226104736328,95.75186157226562,55.365150451660156,157.14569091796875,37.77891540527344,28.002227783203125,122.72958374023438,85.6230697631836,251.459716796875,43.924625396728516,45.30117416381836,307.0633850097656,87.50702667236328,192.4275665283203,240.70852661132812,69.66942596435547,206.80999755859375,223.13735961914062,64.80023193359375,105.4135971069336,77.16730499267578,65.77391815185547,274.6045227050781,330.21868896484375,435.60345458984375,171.04029846191406,33.79255294799805,78.2244873046875,44.599037170410156,345.59521484375,107.74185180664062,90.63206481933594,10.46653938293457,31.28614616394043,41.87910842895508,98.38375091552734,164.86624145507812,428.72283935546875,117.82099914550781,37.65654373168945,75.58859252929688,70.44194793701172,122.12859344482422,394.7430114746094
2023-02-07,261.80133056640625,152.49925231933594,150.10223388671875,104.56262969970703,134.39991760253906,131.53488159179688,155.189453125,97.27056121826172,55.27313232421875,156.90789794921875,37.63215637207031,28.353593826293945,122.42317962646484,84.8590087890625,250.91531372070312,44.17393112182617,45.39776611328125,303.2679138183594,87.80748748779297,193.7761688232422,239.0235137939453,69.29206848144531,214.75999450683594,223.2746124267578,64.61138153076172,106.5938491821289,77.8281021118164,65.76506805419922,275.1376647949219,332.1942138671875,434.8884582519531,173.19187927246094,34.164207458496094,77.94368743896484,45.01995849609375,348.9505310058594,108.88495635986328,90.92530822753906,10.713467597961426,31.682830810546875,41.813289642333984,102.52999877929688,164.45570373535156,431.76910400390625,117.71259307861328,37.3358039855957,75.68014526367188,69.64790344238281,123.85523223876953,394.0597839355469
2023-02-08,260.9892272949219,149.80723571777344,150.295166015625,103.65274810791016,133.4549102783203,130.1727752685547,151.5435333251953,98.15416717529297,54.951087951660156,156.54208374023438,37.968849182128906,27.563013076782227,122.5493392944336,83.84349060058594,246.67303466796875,43.36137008666992,45.153045654296875,299.15533447265625,86.56810760498047,190.7111358642578,238.2671661376953,69.20716857910156,213.5,219.79739379882812,64.49333190917969,104.89009857177734,80.52557373046875,64.9972915649414,276.28009033203125,333.2210693359375,436.11419677734375,173.48263549804688,33.91333770751953,77.59949493408203,45.1322021484375,349.6029052734375,105.7897720336914,90.68704223632812,10.689570426940918,31.527606964111328,41.62523651123047,101.4041976928711,162.7700653076172,435.50286865234375,117.46858215332031,37.287681579589844,75.11860656738281,69.1276626586914,123.01551055908203,392.29888916015625
2023-02-09,257.9461364746094,148.7718505859375,148.26502990722656,104.04399108886719,131.37789916992188,128.74484252929688,150.1528778076172,98.2278060913086,54.859073638916016,158.02369689941406,37.416324615478516,27.06524085998535,122.02021789550781,83.80480194091797,244.6457061767578,43.148990631103516,45.571651458740234,294.2686767578125,84.82550048828125,187.88185119628906,235.7875213623047,68.7071762084961,211.99000549316406,219.6143798828125,63.572689056396484,102.86273956298828,81.53031921386719,63.091060638427734,277.5272521972656,334.2577209472656,436.5227966308594,173.8412322998047,33.18861389160156,77.4726791381836,44.49614334106445,342.9762268066406,102.91443634033203,89.85311126708984,10.745327949523926,30.88084602355957,41.45598602294922,100.61705780029297,161.3638153076172,433.3924865722656,115.88729095458984,37.1513671875,74.19804382324219,68.65306091308594,121.58135986328125,392.6068115234375
2023-02-10,257.4373474121094,149.13723754882812,148.9539794921875,108.4295883178711,131.9579620361328,129.88153076171875,153.29965209960938,99.93058013916016,54.859073638916016,161.151611328125,37.882511138916016,27.133562088012695,123.70796203613281,84.27871704101562,246.29757690429688,43.63838577270508,46.28009033203125,295.19195556640625,85.53907012939453,189.06072998046875,237.1182861328125,69.38642120361328,212.88999938964844,221.90203857421875,63.96612548828125,102.94840240478516,81.15921020507812,63.7176399230957,282.28741455078125,337.5142517089844,446.495849609375,173.7249298095703,33.05854034423828,78.532470703125,44.44002151489258,346.04254150390625,103.42444610595703,90.21051788330078,10.779199600219727,31.518983840942383,42.12358093261719,105.31245422363281,161.7743377685547,442.95123291015625,116.50173950195312,37.88108444213867,75.56968688964844,69.44710540771484,119.09991455078125,402.01763916015625
2023-02-13,265.4804382324219,151.94204711914062,149.50515747070312,108.0078353881836,133.3894500732422,131.5818634033203,152.44386291503906,100.83261108398438,55.76081466674805,162.58755493164062,37.977481842041016,27.865581512451172,125.30449676513672,86.48384857177734,249.84542846679688,44.1923942565918,46.98530578613281,301.71051025390625,86.59064483642578,191.79566955566406,237.5778350830078,69.59394836425781,215.64999389648438,222.96351623535156,65.0599136352539,103.29104614257812,81.34928894042969,64.57369995117188,284.23907470703125,342.6778564453125,447.554443359375,175.74078369140625,33.12357711791992,79.24803924560547,45.01995849609375,348.5963439941406,106.71305847167969,91.11775207519531,11.084031105041504,32.00189971923828,42.20819854736328,103.25308990478516,163.68710327148438,443.3523254394531,117.55896759033203,38.37022399902344,75.39478302001953,69.91258239746094,121.4681396484375,399.6504821777344
2023-02-14,266.3121337890625,151.30010986328125,148.85293579101562,106.7425308227539,133.97889709472656,130.83970642089844,153.61166381835938,100.0870590209961,54.83147430419922,160.7583465576172,37.744384765625,27.95342445373535,124.0820083618164,86.1646728515625,250.23019409179688,44.04466247558594,46.85006332397461,296.9544982910156,85.78692626953125,189.56057739257812,233.9492950439453,69.037353515625,218.4499969482422,222.50193786621094,65.73663330078125,102.09176635742188,80.12728118896484,63.76176452636719,285.0006103515625,341.000244140625,447.1922912597656,175.4403839111328,33.095706939697266,77.60855102539062,45.366050720214844,346.5085754394531,106.30858612060547,92.15327453613281,10.982420921325684,31.691455841064453,41.26245880126953,104.39311981201172,163.12814331054688,446.436767578125,116.18547058105469,38.01739501953125,75.28431701660156,68.77169799804688,122.44939422607422,393.85772705078125
2023-02-15,264.1835021972656,153.4036865234375,146.40023803710938,106.421630859375,134.54026794433594,130.5391387939453,151.9928741455078,99.11140441894531,54.83147430419922,160.97779846191406,37.399051666259766,28.158390045166016,124.43781280517578,85.43931579589844,250.1832275390625,44.7371826171875,47.19784164428711,299.06201171875,86.22259521484375,190.2301788330078,238.10438537597656,68.58451843261719,217.44000244140625,221.61575317382812,66.70450592041016,102.11080169677734,79.97339630126953,63.073421478271484,284.25811767578125,328.68707275390625,446.1986999511719,175.10113525390625,33.03995895385742,77.03789520263672,44.87030029296875,348.89459228515625,107.30219268798828,92.40070343017578,10.9485502243042,31.90989875793457,41.86772537231445,102.64630889892578,163.18927001953125,440.162841796875,115.45354461669922,38.209842681884766,75.24748229980469,68.55265808105469,123.63822174072266,394.5602111816406
2023-02-16,257.1502990722656,151.8037872314453,145.36219787597656,106.10989379882812,132.68775939941406,128.8294219970703,149.79856872558594,98.0345230102539,54.49101257324219,160.52052307128906,37.07962417602539,27.523975372314453,123.16058349609375,84.83968353271484,249.4980926513672,47.082550048828125,46.45720672607422,299.5749206542969,85.24080657958984,188.013916015625,236.0172882080078,68.65055847167969,212.2100067138672,216.2154083251953,66.13794708251953,100.9686279296875,79.62943267822266,62.526248931884766,285.06732177734375,319.9158020019531,437.5999450683594,172.455322265625,32.7797966003418,75.53427124023438,44.16876220703125,345.0359802246094,104.7082290649414,91.24604797363281,10.931614875793457,31.735143661499023,41.47052764892578,99.62162780761719,162.06256103515625,444.37408447265625,114.27886199951172,38.00938034057617,74.9529037475586,68.55265808105469,122.43424987792969,387.7474670410156
2023-02-17,253.1382598876953,150.6581573486328,148.3969268798828,102.02980041503906,133.0806884765625,131.52549743652344,146.45310974121094,100.80497741699219,55.31914138793945,161.22476196289062,37.3040885925293,26.948118209838867,123.1788558959961,84.41412353515625,253.40252685546875,46.87940216064453,47.155982971191406,296.50689697265625,85.99427032470703,189.9566650390625,237.233154296875,70.3014907836914,211.66000366210938,222.0403594970703,65.34319305419922,101.59680938720703,80.18158721923828,62.75570297241211,286.6191101074219,322.2017822265625,441.6672058105469,171.83502197265625,32.84484100341797,76.77523040771484,44.42131805419922,343.4515075683594,104.40046691894531,91.19107055664062,10.914678573608398,32.119598388671875,41.61238479614258,95.72354888916016,161.42819213867188,449.4161071777344,114.96562194824219,38.54664611816406,75.10941314697266,70.06774139404297,123.15473937988281,416.9516906738281
2023-02-21,247.85110473632812,146.6386260986328,146.1856231689453,101.92894744873047,130.6387481689453,131.43154907226562,144.78939819335938,100.39079284667969,55.02469253540039,161.13331604003906,36.86379623413086,25.435274124145508,120.15914916992188,83.36956787109375,252.05101013183594,45.88216018676758,47.442569732666016,275.5709533691406,83.1478271484375,185.5618438720703,230.45481872558594,70.05622100830078,205.52000427246094,219.92640686035156,64.72940826416016,98.65571594238281,79.31260681152344,62.852779388427734,279.8787536621094,321.3286437988281,444.9729919433594,168.1327667236328,32.07366180419922,76.6665267944336,43.2520866394043,336.5732116699219,99.56426239013672,89.45906066894531,10.330418586730957,31.5953426361084,42.1987419128418,96.81758880615234,157.24290466308594,452.5864562988281,116.77281951904297,38.04145050048828,74.93449401855469,73.16178894042969,119.63765716552734,411.04351806640625
2023-02-22,246.71319580078125,147.0632781982422,145.9820556640625,100.60865020751953,129.63766479492188,131.98577880859375,144.204833984375,100.47364044189453,55.19032669067383,161.0784454345703,36.58753204345703,24.859416961669922,119.48401641845703,83.48564147949219,252.13548278808594,45.53129196166992,46.447547912597656,276.31695556640625,82.91190338134766,184.36415100097656,227.75497436523438,70.19772338867188,205.75999450683594,218.00631713867188,65.46121215820312,97.7419662475586,78.94148254394531,62.932193756103516,280.773681640625,322.8592224121094,445.2886962890625,169.31515502929688,31.85995864868164,75.63391876220703,43.03694534301758,336.3588562011719,98.68495178222656,89.13832092285156,10.338885307312012,31.525440216064453,42.1987419128418,95.68678283691406,155.6128387451172,457.1510009765625,116.14028930664062,37.8008918762207,75.1278076171875,73.27130126953125,121.97920989990234,410.3122253417969
2023-02-23,249.9110565185547,147.54722595214844,145.93582153320312,101.53467559814453,130.6761932373047,131.56304931640625,145.62574768066406,101.78985595703125,55.29153823852539,161.25222778320312,36.518463134765625,24.996063232421875,119.31978607177734,85.67143249511719,250.3897247314453,45.43894958496094,45.75521469116211,279.12396240234375,82.88906860351562,184.89508056640625,227.8124237060547,69.49018096923828,208.1300048828125,219.35406494140625,65.26448822021484,97.60871124267578,78.63372802734375,63.01163101196289,280.5166015625,321.3384704589844,444.870849609375,169.7416229248047,31.832082748413086,74.7643814086914,43.261436462402344,338.8287048339844,99.06306457519531,89.75231170654297,10.22033977508545,31.63902473449707,41.52727127075195,96.92791748046875,158.5469207763672,454.79229736328125,114.95657348632812,38.09758758544922,75.53288269042969,73.28955078125,121.50521850585938,409.0035400390625
2023-02-24,244.46685791015625,144.8905792236328,144.3074188232422,101.54385375976562,131.8550567626953,130.8209228515625,146.0574188232422,101.14554595947266,55.06150436401367,160.93211364746094,36.04364013671875,24.53732681274414,119.1191177368164,85.7488021850586,247.48020935058594,44.76488494873047,45.87758255004883,276.65264892578125,82.04426574707031,182.0697784423828,226.10821533203125,68.99019622802734,198.14999389648438,215.698486328125,65.7445068359375,95.61941528320312,77.63800811767578,61.934959411621094,279.6407470703125,315.5694580078125,446.0965576171875,168.87904357910156,31.785619735717773,73.06146240234375,43.60752868652344,339.1176452636719,96.86478424072266,89.53237915039062,10.059455871582031,31.28078269958496,41.375946044921875,96.76243591308594,158.7319793701172,451.32293701171875,114.03489685058594,37.82494354248047,74.97132110595703,73.5998764038086,122.96514129638672,401.66156005859375
2023-02-27,245.38894653320312,146.0855712890625,143.9928741455078,101.36048126220703,133.005859375,130.7082061767578,146.42616271972656,100.65772247314453,55.04310607910156,160.88638305664062,35.20622253417969,24.303081512451172,119.04611206054688,85.07179260253906,248.5125732421875,44.9957389831543,45.545902252197266,276.0465393066406,82.40198516845703,182.45851135253906,229.75592041015625,69.43357849121094,200.4600067138672,216.42774963378906,65.97270965576172,94.962646484375,76.79618835449219,61.76728820800781,282.14459228515625,310.6441650390625,445.2515869140625,167.9583282470703,31.785619735717773,73.26978302001953,43.75718688964844,340.6834411621094,98.08704376220703,88.615966796875,10.211874961853027,30.922544479370117,41.05440139770508,97.32324981689453,160.56468200683594,450.517822265625,114.080078125,37.319759368896484,74.74118041992188,73.91018676757812,124.76634979248047,405.7126159667969
2023-02-28,244.66305541992188,145.5819091796875,141.80006408691406,100.77369689941406,134.1192169189453,129.22393798828125,144.5825653076172,97.78599548339844,54.75785446166992,158.7096405029297,35.02492141723633,24.33236312866211,117.96047973632812,84.53018951416016,249.12615966796875,44.70948791503906,45.768096923828125,276.5408020019531,81.99859619140625,181.5388641357422,229.34425354003906,69.15055847167969,201.5500030517578,213.8522186279297,66.65729522705078,96.81871032714844,75.61945343017578,60.85829544067383,278.0889587402344,305.3460998535156,443.1677551269531,168.62704467773438,31.869251251220703,72.94371032714844,43.74783706665039,327.7469177246094,98.72891998291016,88.43269348144531,10.22033977508545,31.044872283935547,40.79905319213867,95.0156478881836,160.79379272460938,444.8057556152344,112.99575805664062,37.23154830932617,73.27748107910156,72.56853485107422,125.19292449951172,403.4128723144531
2023-03-01,241.5731658935547,143.50794982910156,141.1616668701172,101.67222595214844,133.3707275390625,129.31793212890625,145.73367309570312,98.16336822509766,54.159759521484375,156.697509765625,34.68822479248047,24.7227725982666,116.94783020019531,83.50498962402344,248.00286865234375,44.635623931884766,45.130496978759766,271.1785583496094,83.87846374511719,182.8661651611328,238.07566833496094,68.44302368164062,204.5500030517578,218.03399658203125,66.20875549316406,95.97158813476562,74.65089416503906,61.21129608154297,274.8996276855469,308.2404479980469,443.233154296875,170.48785400390625,31.7205867767334,72.0922622680664,43.663658142089844,325.00592041015625,97.71771240234375,88.14860534667969,10.432028770446777,30.756528854370117,41.026023864746094,97.68177795410156,161.31362915039062,443.31060791015625,112.69756317138672,37.00702667236328,72.94606018066406,71.9661636352539,126.3021011352539,403.90362548828125
2023-03-02,246.32083129882812,144.1005096435547,141.05062866210938,102.13983917236328,131.98606872558594,131.45034790039062,146.19232177734375,98.49473571777344,54.951087951660156,159.5887908935547,35.06808853149414,25.57192039489746,117.6229248046875,84.11431121826172,252.58116149902344,44.81106185913086,45.24319839477539,273.2581787109375,83.64253234863281,184.3546600341797,241.4361572265625,69.59394836425781,210.05999755859375,216.6954803466797,67.45204162597656,97.68485260009766,73.7094955444336,61.061279296875,273.7952575683594,309.1037902832031,446.9522399902344,169.9354705810547,31.318471908569336,72.11944580078125,42.840518951416016,327.6999816894531,97.74409484863281,88.04780578613281,10.62678337097168,30.913806915283203,43.24850845336914,99.59404754638672,162.72340393066406,448.7926940917969,114.45958709716797,37.25560760498047,74.17042541503906,72.05741119384766,127.82840728759766,405.4335632324219
2023-03-03,250.4210968017578,149.1570281982422,142.50323486328125,103.43262481689453,134.4092559814453,132.4084930419922,148.35067749023438,98.37506866455078,54.693443298339844,159.43223571777344,35.52565002441406,25.767122268676758,118.27067565917969,86.31941986083984,253.99716186523438,45.50358581542969,45.297943115234375,278.3219909667969,84.67759704589844,186.60165405273438,244.43280029296875,69.76376342773438,215.11000061035156,216.76007080078125,67.97138977050781,99.41716766357422,74.05345916748047,61.158348083496094,273.20501708984375,312.4200134277344,446.5598449707031,173.56985473632812,31.945022583007812,73.4328384399414,43.82266616821289,335.2001953125,99.79289245605469,90.10970306396484,11.0755615234375,31.534177780151367,43.48495101928711,99.87905883789062,163.60452270507812,447.9397277832031,114.29692840576172,37.311737060546875,74.62149047851562,72.65066528320312,130.31214904785156,414.03607177734375
2023-03-06,251.9710235595703,151.92230224609375,143.92808532714844,104.3494873046875,133.6233673095703,131.8448944091797,149.43882751464844,102.25926971435547,55.539981842041016,159.75448608398438,35.49111557006836,25.366954803466797,118.77242279052734,86.7933349609375,255.47921752929688,45.632850646972656,45.291507720947266,278.09814453125,83.66537475585938,186.81019592285156,243.15945434570312,69.14112854003906,211.9199981689453,217.03701782226562,68.56998443603516,97.799072265625,75.10348510742188,60.80535125732422,274.6330871582031,312.9399719238281,448.6903076171875,173.540771484375,31.879566192626953,73.46907043457031,43.61688995361328,335.1626281738281,100.76011657714844,90.15552520751953,10.990885734558105,30.9749698638916,43.95780563354492,100.7248764038086,164.33583068847656,450.66162109375,114.0168228149414,37.84098815917969,74.93449401855469,72.20344543457031,126.69078826904297,409.63861083984375
2023-03-07,249.30282592773438,149.71995544433594,142.56800842285156,102.33236694335938,129.69381713867188,129.22393798828125,147.5143280029297,102.41574096679688,55.21792221069336,158.96263122558594,34.826358795166016,24.917980194091797,117.0025634765625,85.45865631103516,252.16583251953125,45.16193771362305,44.84069061279297,271.0946960449219,81.50391387939453,185.46392822265625,235.65345764160156,67.45247650146484,207.9199981689453,211.13821411132812,68.04226684570312,95.16255187988281,72.82240295410156,60.01107406616211,269.3553466796875,304.7672424316406,447.279296875,169.9160614013672,30.860240936279297,72.71726989746094,41.5777473449707,324.86505126953125,97.84081268310547,88.02947998046875,10.863874435424805,29.83033561706543,44.364471435546875,98.96888732910156,161.4810333251953,452.55926513671875,111.6855239868164,37.32777404785156,73.39714050292969,72.1395492553711,124.10273742675781,402.3639831542969
2023-03-08,248.8614044189453,150.97421264648438,141.52249145507812,100.83788299560547,128.92662048339844,129.2427520751953,146.57904052734375,99.66366577148438,55.24552536010742,159.39540100097656,34.63642501831055,25.35719108581543,116.82010650634766,85.58438110351562,250.46664428710938,45.34660339355469,44.470367431640625,273.7998046875,81.55716705322266,185.41651916503906,238.12355041503906,67.88642883300781,207.1999969482422,210.87049865722656,68.50697326660156,94.61048889160156,72.24308013916016,59.384490966796875,267.0606689453125,306.6412048339844,448.0642395019531,169.44117736816406,30.448774337768555,72.64478302001953,41.00716781616211,327.87835693359375,99.05426788330078,87.88285827636719,10.990885734558105,30.127410888671875,44.875179290771484,98.582763671875,162.38861083984375,445.8983154296875,111.86624145507812,37.52824401855469,73.56285095214844,72.25821685791016,124.38713836669922,408.27227783203125
2023-03-09,247.5077667236328,148.72247314453125,139.9311065673828,100.05852508544922,121.94697570800781,128.29393005371094,144.3487091064453,99.03778076171875,54.711849212646484,158.18919372558594,34.06663513183594,25.80616569519043,115.09585571289062,84.01757049560547,246.9739227294922,45.06960678100586,44.1708869934082,270.5216369628906,80.30901336669922,182.8661651611328,230.69419860839844,67.30150604248047,201.24000549316406,208.4334259033203,72.1142578125,93.13516998291016,69.69950866699219,58.69613265991211,259.99493408203125,310.869873046875,444.653564453125,166.814697265625,28.559751510620117,71.51255798339844,38.47228240966797,321.1197204589844,97.8847885131836,84.49217224121094,10.542107582092285,29.087636947631836,44.68601989746094,97.27726745605469,161.13742065429688,439.9466552734375,111.85712432861328,37.480133056640625,71.79534149169922,71.77448272705078,120.77525329589844,405.51055908203125
2023-03-10,243.84890747070312,146.6583709716797,140.2734375,98.82075500488281,125.04383850097656,128.87637329101562,143.59332275390625,99.12060546875,54.4818115234375,158.40098571777344,34.00619888305664,26.56746482849121,114.44811248779297,81.30951690673828,247.3514862060547,44.83876037597656,44.10649490356445,268.93426513671875,79.19784545898438,183.29281616210938,217.33848571777344,67.27320861816406,203.07000732421875,210.35354614257812,71.6731948852539,92.2880630493164,69.79003143310547,57.9901237487793,263.54217529296875,309.0743713378906,444.326416015625,160.5925750732422,28.307260513305664,72.01073455810547,38.68743133544922,307.58367919921875,92.35391998291016,82.52191162109375,10.245743751525879,29.06142234802246,44.544166564941406,95.81549835205078,159.9567108154297,440.6558532714844,111.61080169677734,37.375892639160156,70.57099151611328,71.66494750976562,119.44805145263672,380.98291015625
2023-03-13,249.07723999023438,148.6039276123047,141.61502075195312,97.68382263183594,122.79838562011719,129.76881408691406,142.72996520996094,97.31658172607422,55.033897399902344,159.94786071777344,34.41196823120117,26.303939819335938,114.56672668457031,82.14128112792969,248.3427276611328,44.700252532958984,44.23529052734375,269.1314392089844,78.7716293334961,183.07476806640625,215.1269073486328,67.45247650146484,203.3699951171875,215.25535583496094,70.0743179321289,93.45879364013672,69.04777526855469,58.24604415893555,261.06585693359375,318.3656005859375,446.03643798828125,152.7713165283203,26.661378860473633,72.01980590820312,35.928035736083984,296.1690979003906,93.76962280273438,80.63412475585938,10.186470031738281,29.33228874206543,44.307735443115234,92.56095123291016,160.56468200683594,438.70068359375,112.2859115600586,37.43202209472656,71.08650970458984,72.82406616210938,118.22514343261719,383.18646240234375
2023-03-14,255.81619262695312,150.6976776123047,142.41070556640625,98.0505599975586,125.95136260986328,131.3751983642578,144.5735626220703,99.14242553710938,55.23633575439453,159.78211975097656,34.446495056152344,27.33852767944336,113.7182846069336,81.78341674804688,251.00469970703125,45.29121398925781,44.470367431640625,268.2391357421875,78.22364807128906,182.95150756835938,216.05557250976562,68.15057373046875,207.27999877929688,212.85523986816406,71.80709075927734,93.80146026611328,68.39602661132812,58.66082763671875,260.1862487792969,320.8969421386719,447.4754943847656,158.85775756835938,26.89516830444336,72.94334411621094,37.57431411743164,302.4020080566406,94.79252624511719,82.4485855102539,10.101795196533203,29.087636947631836,44.61983108520508,93.18612670898438,163.0582275390625,434.7904052734375,112.80592346191406,37.480133056640625,72.67909240722656,73.16178894042969,122.44374084472656,387.25677490234375
2023-03-15,260.3774719238281,151.09271240234375,142.8085479736328,93.17279815673828,120.00092315673828,133.2351837158203,138.31434631347656,99.7541275024414,55.60439682006836,162.6365509033203,34.77455520629883,27.728940963745117,112.46842193603516,80.25531768798828,251.42010498046875,45.300445556640625,44.966270446777344,270.4934997558594,78.22364807128906,178.35328674316406,208.0038604736328,68.801513671875,198.2100067138672,216.84317016601562,70.69654846191406,93.08758544921875,68.25121307373047,59.552181243896484,258.4939270019531,323.25164794921875,442.28009033203125,154.8841094970703,26.642675399780273,72.83362579345703,36.33960723876953,293.0525817871094,94.8725814819336,78.25148010253906,9.915508270263672,29.306081771850586,45.66959762573242,87.55965423583984,162.4414520263672,430.2283935546875,114.78561401367188,37.584381103515625,70.70907592773438,73.8828125,118.90769958496094,375.7386474609375
2023-03-16,270.9323425292969,153.91722106933594,142.5124969482422,92.63185119628906,122.3305892944336,134.23095703125,138.7549591064453,99.4853515625,55.91036605834961,162.5260467529297,34.85225296020508,29.45650863647461,113.7638931274414,82.03488159179688,255.41314697265625,46.279212951660156,44.71083450317383,269.3287048339844,79.3119888305664,179.32034301757812,209.39212036132812,68.82037353515625,203.19000244140625,216.53854370117188,72.43717956542969,94.25833129882812,68.64044189453125,59.2168083190918,262.3852233886719,323.31048583984375,442.2145690917969,155.77577209472656,27.091550827026367,73.01651000976562,36.760528564453125,295.7748107910156,96.19791412353516,79.73604583740234,10.008651733398438,29.192487716674805,44.57253646850586,88.62611389160156,165.57821655273438,431.4263916015625,115.7800064086914,37.0230598449707,70.39608764648438,73.44470977783203,119.96945190429688,376.3448486328125
2023-03-17,274.1007080078125,153.07778930664062,140.98587036132812,91.5407485961914,117.70869445800781,134.26853942871094,137.0013427734375,96.48243713378906,55.6507568359375,161.25537109375,34.61915969848633,29.095378875732422,112.84248352050781,82.46044158935547,252.23191833496094,46.343841552734375,45.07297134399414,270.8880310058594,78.40630340576172,175.05398559570312,205.8497314453125,68.11283874511719,201.0500030517578,212.12596130371094,71.1139907836914,92.33565521240234,67.31886291503906,58.71377182006836,257.6238708496094,322.9671325683594,435.3278503417969,151.695556640625,26.01612091064453,70.69389343261719,35.32004165649414,284.932861328125,96.2156982421875,77.14263153076172,9.568337440490723,28.755603790283203,44.24153137207031,86.77818298339844,164.58253479003906,425.1488342285156,114.37506866455078,36.341461181640625,68.36161804199219,72.82406616210938,116.12055969238281,370.9466552734375
2023-03-20,267.0380554199219,155.44798278808594,142.38294982910156,93.93379211425781,118.95303344726562,136.33523559570312,139.01580810546875,98.10437774658203,56.18852233886719,163.52047729492188,35.232120513916016,28.460960388183594,114.8951416015625,84.1046142578125,255.5735321044922,47.036380767822266,45.55797576904297,271.70513916015625,79.38810729980469,180.02194213867188,210.9239501953125,68.94302368164062,204.77000427246094,216.67698669433594,70.82257080078125,93.15422058105469,67.87103271484375,59.340362548828125,260.92242431640625,327.3037109375,444.51336669921875,153.84710693359375,25.950658798217773,72.6598892211914,35.05813980102539,290.5556945800781,95.68201446533203,78.48058319091797,9.466727256774902,29.000259399414062,44.780601501464844,88.40546417236328,161.67486572265625,430.57342529296875,117.21231842041016,36.94287109375,70.81954956054688,73.6090087890625,118.7939224243164,379.60687255859375
2023-03-21,268.5584411621094,157.30470275878906,142.38294982910156,98.14225769042969,122.14347076416016,135.34886169433594,143.26954650878906,97.81707000732422,55.92890930175781,163.90721130371094,35.102622985839844,27.777740478515625,115.46989440917969,84.70426177978516,255.0732879638672,46.78706359863281,45.402774810791016,271.8648681640625,79.37289428710938,181.2354736328125,215.3375244140625,68.28263092041016,204.6999969482422,215.04306030273438,72.60258483886719,93.592041015625,68.39602661132812,59.57864761352539,264.4791259765625,324.83123779296875,443.6349182128906,159.48770141601562,26.736190795898438,72.36729431152344,35.9935188293457,297.83056640625,98.2704086303711,81.33976745605469,9.923974990844727,29.306081771850586,45.1683464050293,91.66918182373047,164.58253479003906,431.263427734375,116.79267883300781,37.047115325927734,71.51917266845703,73.70027160644531,120.01685333251953,387.3914489746094
2023-03-22,267.096923828125,155.87266540527344,139.7553253173828,95.89591217041016,118.99046325683594,135.26429748535156,140.35580444335938,96.7604751586914,55.67856216430664,162.5260467529297,34.54146194458008,27.455652236938477,113.17090606689453,85.01376342773438,252.86439514160156,45.66979217529297,45.111778259277344,265.4587707519531,77.2799072265625,177.44314575195312,210.5792694091797,68.04679107666016,196.16000366210938,212.16290283203125,70.5626449584961,92.1928939819336,67.3550796508789,59.340362548828125,258.5704040527344,324.7232971191406,438.15911865234375,157.73348999023438,25.84779167175293,71.1511001586914,34.79623031616211,294.44189453125,96.18012237548828,80.23092651367188,9.720754623413086,28.39735984802246,45.433162689208984,90.43724822998047,163.4811553955078,425.1488342285156,116.23617553710938,36.20513916015625,70.85636901855469,72.8971176147461,117.18232727050781,380.05914306640625
2023-03-23,272.36444091796875,156.9590606689453,139.829345703125,94.81400299072266,118.67235565185547,135.076416015625,138.9618682861328,96.60292053222656,55.55802917480469,161.7341766357422,34.68822479248047,28.334075927734375,112.55054473876953,84.89769744873047,254.516357421875,45.919097900390625,45.477142333984375,266.67987060546875,76.86894226074219,177.215576171875,210.0910186767578,67.7637939453125,197.89999389648438,215.18154907226562,72.13787841796875,92.36421203613281,65.50848388671875,59.11091232299805,245.31869506835938,326.36181640625,437.2247009277344,157.7432098388672,25.221235275268555,72.0197982788086,34.244354248046875,295.5495300292969,96.82054901123047,78.66386413574219,9.669949531555176,28.248823165893555,45.887107849121094,88.64449310302734,163.26083374023438,425.9538269042969,116.19967651367188,35.5909309387207,69.16251373291016,74.9780502319336,117.0875244140625,377.0569152832031
2023-03-24,275.218994140625,158.26266479492188,141.23565673828125,94.92401885986328,116.86664581298828,137.82887268066406,140.34678649902344,97.13121795654297,56.46669006347656,164.90164184570312,34.86952209472656,28.656166076660156,114.3021469116211,85.12014770507812,256.1305236816406,46.63932418823242,45.848976135253906,265.8439025878906,76.97547912597656,178.3912353515625,207.76454162597656,69.2637710571289,197.52999877929688,219.7325439453125,71.96461486816406,93.3255386352539,66.31410217285156,59.72867965698242,248.78939819335938,329.78594970703125,443.4293518066406,154.8550567626953,25.38020896911621,73.15367126464844,33.888912200927734,293.4093017578125,97.53213500976562,76.93185424804688,9.746156692504883,28.572113037109375,46.388343811035156,87.73432922363281,163.94815063476562,436.31427001953125,119.03691864013672,36.00859832763672,70.52496337890625,77.39669036865234,118.91718292236328,371.9089050292969
2023-03-27,271.10888671875,156.31710815429688,141.83706665039062,97.00533294677734,120.21612548828125,137.1055145263672,141.77667236328125,99.10535430908203,56.88393020629883,165.26995849609375,34.72275924682617,28.480480194091797,117.9695816040039,87.18021392822266,258.49993896484375,46.66702651977539,46.61528778076172,264.2000427246094,77.24186706542969,178.23004150390625,208.71234130859375,69.95244598388672,200.57000732421875,218.5601806640625,73.49259948730469,93.7157974243164,66.59471130371094,60.07286071777344,250.2904815673828,328.28485107421875,442.3547668457031,158.0920867919922,26.642675399780273,72.7696304321289,35.04878616333008,299.00390625,96.56259155273438,77.56417846679688,9.754624366760254,28.781816482543945,45.991146087646484,89.6190185546875,165.0495147705078,439.1894836425781,118.8909683227539,36.27064895629883,71.57440948486328,77.46969604492188,119.44805145263672,378.1731262207031
2023-03-28,269.9808044433594,155.6949005126953,140.4677276611328,98.21561431884766,120.58100128173828,137.49069213867188,143.43141174316406,97.80779266357422,56.94883346557617,165.21469116210938,34.524200439453125,28.58784294128418,117.99696350097656,86.89973449707031,260.3973693847656,46.52851867675781,46.43421173095703,263.7773742675781,77.43213653564453,178.1636962890625,210.78033447265625,70.28263854980469,204.9600067138672,220.14794921875,73.35869598388672,92.43082427978516,66.1873779296875,60.18757629394531,245.2422332763672,331.27728271484375,440.5326843261719,154.30264282226562,26.296669006347656,74.04068756103516,34.777523040771484,298.9194641113281,96.17121887207031,77.78410339355469,9.822365760803223,29.550731658935547,46.26540756225586,90.59032440185547,165.41079711914062,439.9082336425781,120.0313491821289,36.32797622680664,72.31085968017578,77.36930084228516,119.65660858154297,380.4247741699219
2023-03-29,275.16015625,158.77622985839844,141.84629821777344,99.90264129638672,120.8242416381836,137.9134063720703,144.6634979248047,97.24241638183594,57.356807708740234,166.3564453125,34.748661041259766,30.764385223388672,118.33453369140625,87.64443969726562,261.89825439453125,47.248748779296875,46.634681701660156,266.16326904296875,78.53570556640625,179.25401306152344,213.4993133544922,70.25434112548828,207.97000122070312,222.50193786621094,74.08331298828125,93.86809539794922,67.06541442871094,60.1699333190918,242.88063049316406,329.5308837890625,443.1023254394531,158.547607421875,26.811006546020508,74.33328247070312,35.5164794921875,301.0596618652344,98.42162322998047,79.03041076660156,10.203405380249023,29.839073181152344,46.3788948059082,92.27391052246094,168.7061309814453,442.3713684082031,120.86152648925781,36.459007263183594,72.71591186523438,77.60661315917969,121.57157135009766,385.659423828125
2023-03-30,278.6326599121094,160.3465118408203,141.9573516845703,100.38859558105469,120.4593734741211,138.51461791992188,146.0394287109375,98.16925811767578,57.3475341796875,166.50379943847656,34.86088943481445,31.320720672607422,117.88748168945312,87.5380630493164,262.2286682128906,47.48882293701172,47.100284576416016,268.0418395996094,78.22364807128906,179.30137634277344,214.97373962402344,70.99017333984375,211.0399932861328,222.93580627441406,74.07542419433594,94.305908203125,67.61758422851562,60.18757629394531,242.93797302246094,334.2599182128906,442.15850830078125,157.40399169921875,26.464994430541992,74.4795913696289,34.964603424072266,301.4539489746094,98.17257690429688,78.91129302978516,10.406625747680664,30.25848388671875,46.39781188964844,91.81138610839844,168.371337890625,441.805908203125,121.34503936767578,36.442630767822266,73.15778350830078,77.542724609375,123.07889556884766,389.67486572265625
2023-03-31,282.801513671875,162.85498046875,143.4099578857422,100.54446411132812,121.91893005371094,139.6794891357422,146.7318878173828,98.60486602783203,57.514427185058594,167.85733032226562,35.22348403930664,31.88681411743164,119.59349060058594,89.8689193725586,263.9466857910156,48.273685455322266,47.67583084106445,277.20953369140625,79.9969711303711,181.19757080078125,219.09054565429688,70.89583587646484,212.42999267578125,223.16661071777344,75.29623413085938,96.38087463378906,67.2645492553711,61.16717529296875,244.31478881835938,336.9383850097656,441.7380676269531,159.86569213867188,26.745542526245117,75.8695068359375,34.964603424072266,307.0579833984375,100.42296600341797,80.46001434326172,10.669119834899902,30.214797973632812,46.690982818603516,91.7743911743164,170.92654418945312,442.51513671875,122.44892120361328,36.540897369384766,73.33271026611328,77.99906921386719,126.63389587402344,398.5359191894531
2023-04-03,281.7519836425781,164.10923767089844,145.12164306640625,106.47663879394531,121.77857208251953,140.4497833251953,152.8382568359375,100.90338134765625,57.85749435424805,168.04147338867188,35.69831085205078,32.10154342651367,120.47843933105469,90.83609771728516,266.3349914550781,48.3013916015625,48.07675552368164,279.66119384765625,79.58598327636719,183.2454071044922,220.07664489746094,71.09394836425781,215.38999938964844,225.6498260498047,76.33588409423828,96.69495391845703,68.87578582763672,61.50252914428711,250.50083923339844,344.12017822265625,454.7174072265625,158.7317352294922,26.736190795898438,76.11640167236328,35.28262710571289,306.504150390625,99.93376159667969,79.8735122680664,10.736862182617188,30.98370361328125,47.23005294799805,100.29412078857422,170.6886444091797,449.6744384765625,123.16963958740234,36.835716247558594,74.03233337402344,78.41890716552734,132.7579803466797,400.5726318359375
2023-04-04,281.70294189453125,163.57595825195312,146.63902282714844,105.45892333984375,120.150634765625,141.12615966796875,152.0198516845703,100.8663101196289,57.68132019042969,167.4429931640625,35.30982208251953,32.30651092529297,120.05876922607422,90.91345977783203,266.46710205078125,48.20835876464844,47.60469055175781,277.0592956542969,77.82028198242188,181.02691650390625,208.18576049804688,70.4996109008789,213.89999389648438,228.50228881835938,74.86304473876953,97.84666442871094,69.02062225341797,60.81417465209961,245.28048706054688,347.92694091796875,456.51153564453125,157.5493621826172,26.16574478149414,75.0922622680664,34.431434631347656,302.87139892578125,98.37714385986328,77.72913360595703,10.770730972290039,31.324472427368164,46.776100158691406,98.3330078125,167.94837951660156,448.6297607421875,122.66789245605469,36.40168380737305,73.07494354248047,78.5558090209961,131.12744140625,383.8446960449219
2023-04-05,278.91705322265625,161.72915649414062,153.22659301757812,107.2651596069336,120.32978057861328,142.09373474121094,152.77528381347656,103.72093200683594,58.22837448120117,169.0911865234375,35.87097930908203,32.04298782348633,120.5514144897461,91.77423858642578,266.22174072265625,48.20835876464844,48.39363098144531,271.1510009765625,77.85073852539062,179.59527587890625,204.4327850341797,71.09394836425781,210.0,233.8933563232422,74.23295593261719,99.188720703125,70.37840270996094,61.61726379394531,254.2105255126953,355.4031677246094,457.866455078125,156.69332885742188,25.84779167175293,76.49131774902344,34.50625991821289,301.8200988769531,97.47876739501953,76.81272888183594,10.525171279907227,31.560394287109375,45.45207977294922,99.67434692382812,166.88223266601562,451.32293701171875,123.76263427734375,36.38530349731445,73.10256958007812,79.4593734741211,131.72467041015625,360.8329772949219
2023-04-06,286.0386047363281,162.6179962158203,152.80099487304688,105.48643493652344,120.19776153564453,142.99557495117188,150.76980590820312,104.11018371582031,58.265464782714844,169.75413513183594,35.82780838012695,32.02346420288086,119.05525207519531,92.77041625976562,267.04296875,47.696693420410156,48.75899887084961,271.0946350097656,77.2951431274414,180.5718231201172,200.25852966308594,71.39583587646484,211.3699951171875,233.8472137451172,73.72101593017578,99.87403106689453,70.18831634521484,62.94303512573242,253.64645385742188,361.3389587402344,458.0346984863281,154.50460815429688,26.034822463989258,76.23527526855469,35.45100402832031,302.6366882324219,97.149658203125,77.15180206298828,10.440496444702148,31.2633113861084,45.887107849121094,98.29601287841797,166.1597442626953,450.8245849609375,124.51985168457031,36.38530349731445,72.48577117919922,79.80838012695312,130.89041137695312,356.80780029296875
2023-04-10,283.8708190917969,160.02061462402344,152.03306579589844,105.01881408691406,120.59379577636719,141.8119354248047,151.3453826904297,104.36972045898438,58.12638854980469,168.68601989746094,36.02637481689453,31.74040985107422,119.53874969482422,91.06107330322266,267.88311767578125,47.75251388549805,48.66522979736328,273.4992980957031,78.20844268798828,181.7284393310547,206.3475799560547,70.88640594482422,210.77999877929688,231.61322021484375,74.3196029663086,98.70330047607422,68.83053588867188,62.533729553222656,251.5526123046875,360.07330322265625,464.1833801269531,156.75169372558594,26.128337860107422,75.53117370605469,36.133827209472656,305.0397644042969,98.32378387451172,76.9776840209961,10.770730972290039,31.542911529541016,46.246498107910156,98.00923919677734,167.63998413085938,456.71875,123.68054962158203,36.442630767822266,73.69172668457031,79.30326080322266,131.14637756347656,364.22100830078125
2023-04-11,277.43585205078125,158.8058319091797,151.98680114746094,105.76148223876953,121.1878662109375,141.53013610839844,152.18174743652344,104.25849151611328,58.02438735961914,168.42822265625,36.07817459106445,31.574481964111328,118.98225402832031,91.2650375366211,268.5439453125,47.09199523925781,48.52296447753906,275.94146728515625,79.57837677001953,182.2119903564453,211.20156860351562,71.71658325195312,212.32000732421875,232.1024932861328,73.96515655517578,98.31305694580078,69.05682373046875,62.31128692626953,254.7842254638672,357.169189453125,455.8574523925781,157.4228973388672,26.84840965270996,75.47632598876953,36.82601547241211,307.3020935058594,100.43186950683594,77.97655487060547,10.897743225097656,31.726409912109375,45.35750198364258,98.749267578125,169.56964111328125,448.7926940917969,124.06369018554688,36.92579650878906,74.92529296875,79.95530700683594,132.05648803710938,367.59942626953125
2023-04-12,278.0832824707031,158.11453247070312,151.6629638671875,105.65145111083984,121.16899871826172,141.915283203125,152.72132873535156,105.42627716064453,58.12638854980469,168.09671020507812,35.715576171875,31.252397537231445,117.26713562011719,91.1970443725586,269.3180236816406,46.6175422668457,48.28692626953125,272.8136291503906,79.43377685546875,183.19798278808594,211.1058349609375,71.74488830566406,212.33999633789062,230.32086181640625,74.11481475830078,97.61822509765625,67.81672668457031,62.47145080566406,249.32481384277344,362.0846252441406,456.10040283203125,154.95208740234375,26.633323669433594,75.12882995605469,36.65763473510742,309.9961242675781,98.20813751220703,78.3248062133789,10.7283935546875,31.184667587280273,44.75222396850586,99.47081756591797,167.2787628173828,453.10552978515625,124.73880767822266,36.7128791809082,74.66752624511719,79.90939331054688,130.83352661132812,371.03570556640625
2023-04-13,284.3122253417969,163.5068359375,153.68922424316406,106.14656829833984,121.63105010986328,142.57284545898438,154.76275634765625,107.12237548828125,58.55289077758789,169.7725372314453,35.801910400390625,31.359764099121094,116.68325805664062,92.799560546875,272.87677001953125,47.25944900512695,48.33543014526367,274.4197692871094,80.78848266601562,185.72938537597656,212.2259979248047,72.18829345703125,213.58999633789062,232.11172485351562,74.27233123779297,99.1104965209961,68.2693099975586,62.8985481262207,252.2313995361328,368.0694885253906,459.8755187988281,157.88009643554688,26.708133697509766,76.14382934570312,37.09727096557617,311.77020263671875,100.04937744140625,78.52640533447266,10.550576210021973,31.2633113861084,44.49687194824219,100.86763000488281,168.29202270507812,454.43768310546875,125.40478515625,36.82753372192383,74.76879119873047,79.85428619384766,132.04698181152344,371.37359619140625
2023-04-14,280.6827697753906,163.16116333007812,153.43939208984375,106.40330505371094,130.81536865234375,141.84951782226562,155.07754516601562,106.87213897705078,58.46017837524414,168.9714813232422,35.5601806640625,31.125516891479492,116.90220642089844,92.95494079589844,272.7918701171875,47.0175666809082,48.00885772705078,274.45733642578125,80.49927520751953,186.34564208984375,214.15036010742188,71.31092071533203,201.7100067138672,230.78244018554688,75.17021942138672,99.44528198242188,67.61758422851562,62.68499755859375,247.7281494140625,367.6575012207031,455.9975891113281,158.7750701904297,27.60589027404785,75.89694213867188,37.07855987548828,316.2666320800781,100.75208282470703,79.46111297607422,10.601381301879883,30.861377716064453,44.118587493896484,100.36813354492188,169.939697265625,452.9138488769531,125.28618621826172,36.87666320800781,75.29351806640625,79.49612426757812,131.2222137451172,374.29833984375
2023-04-17,283.2920227050781,163.18093872070312,153.28208923339844,105.16552734375,131.8526153564453,141.89646911621094,153.71055603027344,106.59408569335938,58.840335845947266,169.83697509765625,35.55154800415039,31.36952018737793,116.61027526855469,92.8384017944336,273.1033020019531,46.77568817138672,48.34512710571289,277.4725341796875,81.2679672241211,187.58763122558594,215.64390563964844,71.41470336914062,205.02999877929688,229.00076293945312,76.21773529052734,99.98096466064453,68.61328887939453,62.81846237182617,247.31700134277344,365.32232666015625,457.5394592285156,159.25169372558594,28.400775909423828,76.47303009033203,38.63130187988281,318.8573913574219,101.2235107421875,81.825439453125,10.736862182617188,31.403114318847656,45.21564483642578,97.6947250366211,170.30978393554688,455.0415344238281,126.47216796875,37.212425231933594,75.67095184326172,79.98286437988281,133.6016845703125,377.8215026855469
2023-04-18,282.8702087402344,164.40553283691406,148.9705352783203,107.21932220458984,133.33302307128906,142.04678344726562,153.35084533691406,106.42726135253906,58.93305587768555,170.18690490722656,35.007652282714844,31.06694984436035,116.57378387451172,93.69306945800781,274.61370849609375,46.8036003112793,48.45183181762695,280.80712890625,80.87982177734375,186.70591735839844,215.60557556152344,71.26375579833984,208.3699951171875,227.17298889160156,77.55670166015625,99.62702941894531,68.9210433959961,62.4892463684082,248.292236328125,362.9283752441406,468.537841796875,159.9228973388672,28.578454971313477,76.6102066040039,39.164466857910156,313.4411315917969,100.885498046875,82.33863067626953,10.779199600219727,31.08855438232422,45.25346755981445,97.08419036865234,171.04107666015625,459.52685546875,126.56340789794922,37.785682678222656,75.99315643310547,80.3410415649414,134.246337890625,382.9084167480469
2023-04-19,282.94866943359375,165.5511474609375,150.37689208984375,106.88006591796875,133.16331481933594,142.07498168945312,153.4947509765625,105.77848052978516,59.044315338134766,170.0856170654297,34.74002456665039,30.403255462646484,115.24182891845703,93.05207061767578,274.9535217285156,44.69181442260742,48.50355911254883,278.89093017578125,80.7352066040039,187.54022216796875,215.0790252685547,71.31092071533203,208.7100067138672,227.2837371826172,77.99776458740234,107.41353607177734,67.17402648925781,62.16002655029297,244.8597869873047,363.4778137207031,462.69757080078125,160.4579315185547,28.11087417602539,76.91194152832031,39.510555267333984,316.238525390625,100.30733489990234,82.88847351074219,10.3473539352417,30.433237075805664,44.875179290771484,97.37095642089844,172.72402954101562,457.2266540527344,126.2623291015625,38.04773712158203,75.44080352783203,80.01959991455078,133.241455078125,379.1246032714844
2023-04-20,280.6533203125,164.58331298828125,151.34837341308594,106.0273666381836,132.77670288085938,142.5958251953125,152.7483367919922,105.81555938720703,59.303932189941406,170.64727783203125,34.40332794189453,30.120206832885742,115.27830505371094,92.10028839111328,274.6986999511719,43.33356857299805,48.81396484375,280.4501647949219,79.707763671875,186.53526306152344,212.80043029785156,72.49768829345703,207.22999572753906,224.74514770507812,78.57271575927734,105.55778503417969,66.85004425048828,61.86640548706055,244.55381774902344,367.73590087890625,458.4364929199219,158.8334197998047,27.96124839782715,77.44232177734375,38.97738265991211,317.9468994140625,99.74696350097656,82.87014770507812,10.050989151000977,30.905065536499023,45.2061767578125,96.00186920166016,171.79884338378906,454.4568786621094,126.93745422363281,37.662845611572266,74.56627655029297,80.42371368408203,134.0946502685547,376.79833984375
2023-04-21,280.3100280761719,162.9735107421875,150.5249481201172,106.36662292480469,132.5220947265625,147.53018188476562,152.091796875,106.92774963378906,59.387386322021484,170.720947265625,34.71413040161133,29.573627471923828,114.70356750488281,92.41105651855469,275.69927978515625,43.752197265625,49.0597038269043,281.8309631347656,79.51747131347656,185.90005493164062,212.03036499023438,72.91544342041016,205.14999389648438,225.11441040039062,78.3758316040039,106.8108901977539,66.47586822509766,62.720584869384766,241.05445861816406,377.96905517578125,450.9142150878906,159.31979370117188,27.933195114135742,79.16143035888672,38.57517623901367,320.7160339355469,99.58684539794922,83.50245666503906,10.00018310546875,30.81769371032715,45.319671630859375,94.5958023071289,172.0015106201172,452.3579406738281,129.15435791015625,37.79386901855469,74.10598754882812,80.31348419189453,134.5970916748047,373.26544189453125
2023-04-24,276.3960876464844,163.2796630859375,151.44093322753906,108.37457275390625,132.7012481689453,147.7948760986328,154.21417236328125,107.45604705810547,59.29466247558594,170.80381774902344,34.45512771606445,28.948974609375,114.40251159667969,92.69271850585938,276.7754211425781,44.08711242675781,49.39273452758789,283.33392333984375,79.95891571044922,186.5636749267578,215.0721435546875,73.9408187866211,205.77000427246094,225.6590576171875,78.8799057006836,105.60562133789062,67.02346801757812,62.765079498291016,244.8597869873047,376.11474609375,449.3911437988281,156.2166748046875,27.83032989501953,79.28030395507812,38.7716064453125,322.8750305175781,100.06717681884766,82.65935516357422,10.296548843383789,31.018657684326172,45.62230682373047,95.8816146850586,172.5654296875,451.3324279785156,129.93890380859375,38.21971893310547,74.38214874267578,80.46963500976562,135.52615356445312,374.55889892578125
2023-04-25,270.1672058105469,161.73904418945312,152.8287353515625,106.83421325683594,129.81585693359375,147.83267211914062,151.97491455078125,108.00286102294922,59.201934814453125,174.6802978515625,33.954402923583984,28.187671661376953,114.84952545166016,91.3524398803711,275.18011474609375,43.80801773071289,49.007965087890625,278.34613037109375,79.43377685546875,185.78627014160156,210.4517059326172,73.76992797851562,202.19000244140625,226.04673767089844,77.53306579589844,105.19429016113281,66.50325775146484,62.498130798339844,242.57470703125,377.5766296386719,444.40118408203125,151.868408203125,26.969982147216797,78.26529693603516,37.92976379394531,318.66973876953125,97.26529693603516,80.6982650756836,10.090788841247559,30.485660552978516,45.36696243286133,94.43853759765625,155.3308868408203,446.10919189453125,131.9824676513672,38.481781005859375,69.8713607788086,81.2778091430664,133.12770080566406,366.2867126464844
2023-04-26,289.7367248535156,161.72915649414062,150.4601593017578,105.8531723022461,127.51506805419922,146.12171936035156,149.26795959472656,105.12970733642578,58.923770904541016,173.6029815673828,33.35008239746094,28.353593826293945,114.81304168701172,91.01252746582031,273.5281066894531,43.29635238647461,48.7945671081543,270.5874328613281,78.33020782470703,180.98898315429688,208.1029815673828,72.80152130126953,203.02999877929688,220.443359375,75.77669525146484,104.02726745605469,65.94654083251953,60.52283477783203,237.27783203125,369.1683349609375,431.3563232421875,151.4792938232422,26.59592056274414,76.57361602783203,36.910194396972656,315.9286804199219,96.46475219726562,81.04649353027344,9.89360237121582,30.415756225585938,45.225093841552734,92.9399642944336,152.0531768798828,430.4104919433594,131.0154266357422,38.2360954284668,70.91160583496094,80.70840454101562,130.48277282714844,361.5955810546875
2023-04-27,299.01629638671875,166.3214569091797,150.81175231933594,107.11846160888672,129.23123168945312,147.90829467773438,150.14031982421875,106.73311614990234,59.044315338134766,174.66183471679688,33.44504165649414,29.144180297851562,115.83482360839844,92.30424499511719,278.2102966308594,43.31496810913086,48.946529388427734,276.0917053222656,80.1644058227539,188.2987060546875,206.3125457763672,73.9883041381836,206.0399932861328,221.86495971679688,77.23377227783203,104.74468994140625,66.67665100097656,60.158016204833984,239.34303283691406,382.98260498046875,434.51483154296875,154.1349639892578,27.016738891601562,76.3998794555664,37.09727096557617,320.65972900390625,98.58172607421875,82.71435546875,9.953614234924316,30.669151306152344,45.71688461303711,93.64299774169922,156.62612915039062,438.6431579589844,133.54251098632812,38.645565032958984,71.81375885009766,81.54414367675781,131.70570373535156,358.9313659667969
2023-04-28,301.3999938964844,167.5757293701172,151.45944213867188,108.50293731689453,130.3533477783203,147.82322692871094,151.60617065429688,107.02044677734375,59.480106353759766,175.76678466796875,33.57454299926758,30.315410614013672,115.32394409179688,91.99345397949219,279.1825866699219,43.95686721801758,48.81396484375,282.3006286621094,80.84176635742188,189.46481323242188,210.61534118652344,75.7636947631836,206.77999877929688,221.31109619140625,77.95050048828125,105.67256927490234,66.90480041503906,59.41059875488281,242.17308044433594,388.38861083984375,434.0008850097656,156.94627380371094,27.38144874572754,75.17455291748047,37.18145751953125,322.3869323730469,99.91596984863281,83.16264343261719,10.18509578704834,30.800212860107422,45.991146087646484,95.17857360839844,158.4324188232422,442.0838623046875,132.18316650390625,38.90761947631836,71.87818908691406,81.39720153808594,132.96653747558594,364.8870544433594
2023-05-01,299.73236083984375,167.48684692382812,151.36691284179688,105.13800048828125,133.1444549560547,148.00282287597656,150.40110778808594,107.8267593383789,59.61918258666992,176.4941864013672,33.850807189941406,29.573627471923828,115.03199768066406,92.13912200927734,280.9101257324219,44.040592193603516,49.01443099975586,279.6329650878906,80.56016540527344,190.07162475585938,209.142578125,76.60870361328125,203.8699951171875,220.5356903076172,79.69113159179688,106.2847671508789,67.43413543701172,60.86094665527344,243.7124481201172,398.15081787109375,438.65435791015625,154.9812774658203,27.157012939453125,74.45215606689453,37.780094146728516,319.6929016113281,99.00867462158203,81.27700805664062,10.339415550231934,30.24100685119629,46.605865478515625,94.8455581665039,160.5382537841797,443.47357177734375,133.05899047851562,39.12873458862305,71.62043762207031,82.07681274414062,132.4925537109375,368.8446350097656
2023-05-02,299.5852355957031,166.4498748779297,152.68997192382812,100.9478988647461,130.99453735351562,147.87046813964844,143.92604064941406,109.26333618164062,59.35029602050781,177.01904296875,33.72130584716797,29.05633544921875,114.18356323242188,92.0711441040039,281.37261962890625,43.12889862060547,48.881858825683594,276.4205627441406,78.37586975097656,187.96685791015625,207.10186767578125,76.7605972290039,203.25,217.83090209960938,79.95105743408203,106.65785217285156,66.40287017822266,60.5940055847168,239.42909240722656,396.57122802734375,428.805419921875,149.07656860351562,26.33407211303711,73.55601501464844,36.33025360107422,312.9342346191406,94.33000183105469,79.76109313964844,10.116507530212402,29.27112579345703,46.7571907043457,91.24710845947266,156.6966094970703,430.14215087890625,133.0863494873047,38.63737869262695,69.52153778076172,81.73701477050781,132.34083557128906,370.4662170410156
2023-05-03,298.5945129394531,165.37338256835938,150.6914825439453,98.9582748413086,128.22225952148438,147.68141174316406,141.03924560546875,109.5692138671875,59.016502380371094,176.95458984375,33.194679260253906,29.91524314880371,112.62350463867188,92.05170440673828,278.6822509765625,42.75677490234375,48.7007942199707,275.2933349609375,78.26170349121094,187.68243408203125,207.5735321044922,77.1498794555664,200.92999267578125,211.68284606933594,80.15584564208984,106.90654754638672,63.9570198059082,59.29492950439453,235.20309448242188,423.0517883300781,423.366943359375,148.0648956298828,26.05352783203125,72.65074157714844,36.15253829956055,308.50360107421875,94.07203674316406,78.33761596679688,10.107935905456543,27.925525665283203,46.28432083129883,88.88822174072266,154.9256134033203,425.2542419433594,132.8126678466797,38.10506820678711,69.06124114990234,81.58088684082031,131.14637756347656,368.94110107421875
2023-05-04,299.5852355957031,163.7339630126953,150.00680541992188,97.22537231445312,126.46837615966797,147.00082397460938,140.49066162109375,108.78141021728516,59.08140563964844,178.0595245361328,33.00474548339844,30.61595916748047,111.82069396972656,92.23625183105469,278.6256408691406,42.514896392822266,48.83711242675781,268.4081726074219,77.50825500488281,186.0327911376953,202.51031494140625,76.70364379882812,197.0500030517578,214.06455993652344,78.22618103027344,106.04564666748047,62.77972412109375,59.45510482788086,232.99447631835938,420.3536682128906,422.30169677734375,144.7574920654297,25.23993682861328,71.80034637451172,34.61593246459961,301.56658935546875,93.99198150634766,76.35953521728516,9.910750389099121,27.567285537719727,45.66013717651367,90.06304931640625,152.68756103515625,423.8358459472656,131.7452850341797,37.777496337890625,68.32479858398438,82.1043701171875,128.4540557861328,360.6109619140625
2023-05-05,304.7253112792969,171.41748046875,150.51568603515625,99.64591217041016,128.9389190673828,147.49234008789062,144.0789337158203,109.06871032714844,59.35956573486328,178.87901306152344,33.22921371459961,30.370952606201172,112.80598449707031,94.17868041992188,279.98492431640625,43.02656555175781,49.2590446472168,272.0433654785156,78.657470703125,188.11854553222656,207.0441131591797,76.51375579833984,198.33999633789062,218.3478240966797,78.95077514648438,106.42827606201172,64.50460815429688,60.629600524902344,249.296142578125,419.73565673828125,425.6750183105469,148.49290466308594,25.913249969482422,72.9250717163086,35.766029357910156,306.9734802246094,95.59307861328125,78.457763671875,10.279400825500488,28.109018325805664,46.55859375,92.84745788574219,154.84628295898438,428.225341796875,132.44773864746094,38.2360954284668,69.92658996582031,82.48089599609375,130.8524932861328,367.8503723144531
2023-05-08,302.7634582519531,171.3483428955078,150.17335510253906,100.0401840209961,129.2500762939453,146.80230712890625,143.51235961914062,109.71748352050781,59.266841888427734,178.0319061279297,33.38461685180664,30.15534782409668,112.57791137695312,94.00386047363281,280.0699462890625,43.110294342041016,49.5673828125,270.4559326171875,77.88878631591797,186.724853515625,206.7553253173828,76.66565704345703,197.25999450683594,216.58468627929688,79.48636627197266,106.08390045166016,63.59197235107422,60.86984634399414,253.07278442382812,424.5528869628906,421.3952941894531,148.8722686767578,25.894546508789062,71.86434173583984,36.180816650390625,306.4947814941406,94.58793640136719,78.04181671142578,10.305121421813965,27.66339874267578,46.48292541503906,93.33772277832031,153.65679931640625,423.8453674316406,132.0463409423828,38.17058563232422,69.41107177734375,82.53600311279297,131.46868896484375,367.03955078125
2023-05-09,301.1448974609375,169.63983154296875,149.007568359375,100.06768798828125,128.62774658203125,145.29931640625,143.09866333007812,108.8370132446289,58.77542495727539,178.75930786132812,33.2205810546875,29.49873161315918,112.0508041381836,93.37257385253906,280.0415954589844,43.231231689453125,49.651771545410156,272.945068359375,76.71672821044922,186.89553833007812,205.5039520263672,76.56122589111328,201.8800048828125,216.40927124023438,79.54936981201172,105.46212005615234,63.856624603271484,60.505027770996094,251.25619506835938,420.2948303222656,422.4044494628906,149.20301818847656,25.866493225097656,72.05638122558594,36.33164596557617,304.86138916015625,93.5383529663086,77.98635864257812,10.167947769165039,27.471174240112305,46.49238586425781,93.92050170898438,152.44085693359375,423.9124755859375,131.2982635498047,38.031368255615234,69.06124114990234,82.27883911132812,130.59262084960938,368.1882019042969
2023-05-10,306.3536682128906,171.4075927734375,149.5626983642578,98.78406524658203,128.69374084472656,145.60182189941406,141.27308654785156,109.27261352539062,58.87741470336914,178.87901306152344,33.065181732177734,29.371326446533203,112.83683013916016,94.71284484863281,279.9566345214844,43.454505920410156,49.51220703125,271.4891662597656,76.79281616210938,187.09461975097656,205.1959228515625,76.9979476928711,200.83999633789062,216.11387634277344,78.3994369506836,105.88301849365234,63.61935043334961,60.94102096557617,251.88720703125,427.6924743652344,423.4417419433594,144.63101196289062,25.54853630065918,71.42543029785156,36.0865478515625,302.77752685546875,94.152099609375,77.38554382324219,10.193670272827148,27.602235794067383,46.45454788208008,92.9399642944336,151.17205810546875,424.6025390625,130.83297729492188,37.621891021728516,68.71144104003906,82.26049041748047,130.32598876953125,367.17474365234375
2023-05-11,304.1955871582031,171.5952606201172,148.95204162597656,96.99615478515625,128.28826904296875,145.94207763671875,140.49066162109375,108.9482421875,59.211212158203125,179.86424255371094,32.79465866088867,28.28350067138672,111.80111694335938,94.6351547241211,278.2763977050781,43.13820266723633,49.697208404541016,270.2304382324219,76.70150756835938,184.8740234375,202.17340087890625,77.50114440917969,201.83999633789062,214.4337615966797,78.3758316040039,105.27081298828125,62.94400405883789,61.46599197387695,248.58859252929688,427.3294982910156,421.1429748535156,143.9597930908203,25.614002227783203,71.96492767333984,36.1336784362793,301.0596618652344,94.33000183105469,76.37800598144531,10.176521301269531,27.23525619506836,46.49238586425781,92.40342712402344,149.9913787841797,417.7212219238281,131.07928466796875,37.400787353515625,68.95079040527344,82.89418029785156,130.68785095214844,359.83880615234375
2023-05-12,303.0773010253906,170.66561889648438,148.75779724121094,96.98699951171875,126.44952392578125,147.4262237548828,140.8503875732422,108.56822967529297,59.443016052246094,180.5824432373047,32.59394073486328,28.3717041015625,113.59510803222656,95.03335571289062,279.55078125,43.454505920410156,49.68098068237305,272.841796875,76.31333923339844,184.53089904785156,201.70172119140625,77.83345794677734,200.6999969482422,215.04306030273438,77.81661987304688,105.69169616699219,62.588077545166016,60.55841827392578,245.3091583251953,427.33935546875,421.2364501953125,143.9014434814453,25.333450317382812,71.48028564453125,35.3418083190918,299.9144592285156,93.67176818847656,76.15617370605469,10.005056381225586,27.147878646850586,46.75859832763672,91.97789764404297,149.89352416992188,420.5101623535156,131.96420288085938,37.400787353515625,69.39264678955078,83.21561431884766,131.5067901611328,360.9873962402344
2023-05-15,303.5579833984375,170.171142578125,147.61972045898438,97.17195892333984,127.51506805419922,147.47344970703125,141.37200927734375,107.85456085205078,59.28538131713867,178.87901306152344,32.42814254760742,29.204723358154297,114.07597351074219,94.4603271484375,279.32415771484375,43.817325592041016,49.29475021362305,271.0289001464844,76.48077392578125,185.18850708007812,203.38626098632812,76.97897338867188,202.77000427246094,215.57846069335938,80.33699035644531,105.06993865966797,62.834476470947266,60.65629959106445,246.6763916015625,427.4180908203125,422.2923583984375,145.9150848388672,25.857139587402344,71.67230987548828,36.54846954345703,302.3269348144531,94.54347229003906,76.67379760742188,9.979336738586426,27.523595809936523,46.65401840209961,93.25176239013672,150.20486450195312,421.09478759765625,131.23439025878906,37.310699462890625,70.01863861083984,82.92172241210938,133.91600036621094,357.34832763671875
2023-05-16,305.7945251464844,170.171142578125,147.4254150390625,94.81363677978516,126.65699005126953,147.21826171875,138.05352783203125,107.5857925415039,58.617794036865234,178.10556030273438,32.29723358154297,28.636310577392578,114.16845703125,95.42183685302734,277.6721496582031,43.64986801147461,48.61316680908203,265.1957092285156,74.59329986572266,182.615234375,199.4492645263672,76.68465423583984,200.8699951171875,210.36279296875,79.65177917480469,104.63947296142578,61.23738479614258,59.63304901123047,244.26698303222656,429.5230712890625,418.3770446777344,144.3683624267578,25.585947036743164,71.61744689941406,36.19023895263672,301.1441650390625,92.59548950195312,75.66627502441406,9.644977569580078,27.39253044128418,46.52090835571289,91.18756103515625,148.2122039794922,417.5103454589844,131.97335815429688,36.92579650878906,67.74055480957031,82.89418029785156,132.67808532714844,350.0799560546875
2023-05-17,308.6847229003906,170.78428649902344,147.10162353515625,96.94074249267578,130.55136108398438,146.5943603515625,140.0320281982422,106.36239624023438,58.55289077758789,176.84408569335938,32.07034683227539,28.29330062866211,116.24911499023438,96.8980712890625,277.02081298828125,44.31038284301758,48.53202438354492,274.6452331542969,76.2448501586914,186.8182373046875,204.1659698486328,76.43779754638672,206.8699951171875,209.68258666992188,81.49478912353516,104.09422302246094,63.36382293701172,59.197052001953125,251.6672821044922,430.3296813964844,427.31964111328125,147.94815063476562,26.717491149902344,72.06551361083984,38.141624450683594,309.9397888183594,93.78741455078125,77.56116485595703,9.859309196472168,27.99542999267578,46.82514953613281,93.64227294921875,152.43768310546875,428.7332763671875,132.14671325683594,37.130531311035156,67.64796447753906,82.51763153076172,135.6110382080078,355.2827453613281
2023-05-18,313.12823486328125,173.11825561523438,146.62973022460938,97.8193359375,131.5414581298828,144.18386840820312,139.85948181152344,105.65800476074219,58.22837448120117,176.38372802734375,31.834726333618164,29.087120056152344,116.656005859375,99.39410400390625,277.5777893066406,44.84065628051758,49.161685943603516,277.2471618652344,76.98658752441406,188.94357299804688,206.6879425048828,75.65927124023438,207.24000549316406,208.94638061523438,81.92009735107422,103.7594223022461,63.25429916381836,58.45854187011719,245.232666015625,430.7428894042969,425.8712158203125,149.30030822753906,26.623973846435547,71.51686096191406,37.90595245361328,309.37652587890625,95.78875732421875,78.09728240966797,9.979336738586426,27.906721115112305,46.90121078491211,93.67018127441406,152.15301513671875,425.1488342285156,131.1887969970703,36.909420013427734,67.40718078613281,81.2778091430664,135.76336669921875,357.6475524902344
2023-05-19,312.95123291015625,173.22702026367188,147.027587890625,98.27250671386719,131.23971557617188,144.7888641357422,140.96739196777344,107.0389633178711,58.25619125366211,176.64151000976562,32.087799072265625,29.33212661743164,117.6824722290039,99.87969970703125,278.9937744140625,45.705841064453125,48.655357360839844,273.22686767578125,76.51527404785156,188.0858154296875,206.74571228027344,75.88713073730469,205.49000549316406,208.19158935546875,82.11701202392578,104.19944763183594,63.318180084228516,58.583106994628906,243.93235778808594,435.15960693359375,424.6938781738281,148.78472900390625,26.28731346130371,72.10209655761719,37.73626708984375,306.1568603515625,94.8281021118164,76.01750946044922,9.987908363342285,27.747055053710938,47.19594955444336,95.3996353149414,152.05516052246094,424.8708801269531,132.31088256835938,37.0977783203125,67.81464385986328,80.47880554199219,135.6014862060547,350.919677734375
2023-05-22,315.7431640625,172.27760314941406,146.23519897460938,97.07947540283203,130.1553192138672,140.99827575683594,138.43373107910156,106.11214447021484,57.032283782958984,171.85350036621094,33.815670013427734,29.67513656616211,117.90440368652344,98.84050750732422,273.1410827636719,45.41744613647461,48.22693634033203,273.02020263671875,78.58597564697266,187.68551635742188,206.2451629638672,74.44402313232422,205.91000366210938,208.72276306152344,82.34540557861328,103.54898071289062,63.35468292236328,58.55641174316406,244.30523681640625,426.9065246582031,424.9087829589844,151.27500915527344,26.50240135192871,71.89177703857422,38.631839752197266,305.0022888183594,95.03267669677734,76.04524993896484,9.970762252807617,27.667221069335938,47.51921081542969,96.45034790039062,152.57113647460938,424.640869140625,128.3606414794922,36.79476547241211,68.00911712646484,78.70629119873047,133.96360778808594,347.9757080078125
2023-05-23,309.92340087890625,169.66676330566406,146.1792755126953,98.40199279785156,128.79745483398438,139.47637939453125,142.4385528564453,104.98141479492188,56.930294036865234,171.3286590576172,34.592342376708984,28.920515060424805,118.5332260131836,95.70348358154297,270.3280334472656,45.50117492675781,48.13605880737305,277.0404357910156,77.80559539794922,185.81752014160156,204.75315856933594,73.14331817626953,202.60000610351562,209.14210510253906,80.1007080078125,101.1479721069336,63.582847595214844,59.197052001953125,240.86325073242188,416.3023986816406,422.9558410644531,148.4053497314453,26.726839065551758,71.85520935058594,38.84865188598633,303.7349853515625,94.30329895019531,76.38726043701172,10.056495666503906,28.030912399291992,46.682533264160156,97.06402587890625,151.0410614013672,424.6025390625,126.41744995117188,36.79476547241211,69.50005340576172,78.49507141113281,130.3450164794922,347.9564208984375
2023-05-24,308.5372619628906,169.94369506835938,146.03944396972656,99.50252532958984,127.61876678466797,138.3231201171875,142.81996154785156,105.28726959228516,56.448143005371094,170.24215698242188,33.7109489440918,28.420705795288086,116.22137451171875,95.48982238769531,269.90325927734375,45.0360221862793,47.91535568237305,273.43353271484375,74.9390869140625,182.853515625,201.85572814941406,72.61164093017578,199.27000427246094,206.23475646972656,79.53363037109375,99.52181243896484,62.807098388671875,58.2538948059082,238.7980499267578,418.8206787109375,423.03985595703125,146.61546325683594,26.277963638305664,72.28498840332031,38.528133392333984,300.2054748535156,92.32864379882812,75.07469940185547,9.713563919067383,27.31239891052246,47.119895935058594,96.68281555175781,149.1996307373047,423.0787048339844,125.5781021118164,36.811153411865234,67.46273803710938,78.12772369384766,127.04071044921875,341.77874755859375
2023-05-25,320.4029846191406,171.08099365234375,143.94198608398438,97.71761322021484,127.92993927001953,137.4345703125,140.3589324951172,104.0823974609375,56.01236343383789,169.238525390625,33.012821197509766,26.852664947509766,117.22010803222656,101.2879638671875,269.525634765625,45.6128044128418,47.43824768066406,269.3474426269531,74.98543548583984,183.24427795410156,202.12527465820312,72.39326477050781,200.8699951171875,202.63784790039062,79.95892333984375,97.7043228149414,61.7575798034668,57.444190979003906,236.2261199951172,420.3355712890625,413.79827880859375,146.96563720703125,26.34342384338379,71.00479888916016,38.55641555786133,304.0259704589844,92.58659362792969,76.72002410888672,9.756429672241211,26.585010528564453,46.49238586425781,94.55350494384766,152.322021484375,415.4785461425781,125.02161407470703,36.581844329833984,68.2684097290039,77.6134033203125,126.68836975097656,342.55096435546875
2023-05-26,327.2549743652344,173.49404907226562,143.8860321044922,97.07947540283203,129.1274871826172,137.44398498535156,139.9230499267578,102.9424057006836,55.87327194213867,169.0359344482422,32.81210708618164,28.420705795288086,119.1897964477539,101.08401489257812,270.01654052734375,46.38495635986328,47.52262878417969,275.0584716796875,74.90043640136719,184.65480041503906,203.877197265625,72.35528564453125,203.6300048828125,202.14393615722656,80.9198226928711,98.40261840820312,61.73019790649414,56.7857551574707,233.386474609375,418.84039306640625,419.0498352050781,152.95790100097656,26.474346160888672,70.49272155761719,38.86751174926758,311.6576232910156,94.84588623046875,77.55192565917969,10.365133285522461,26.620494842529297,44.98066711425781,94.70227813720703,152.62451171875,421.9084167480469,124.34651184082031,36.53271484375,67.35162353515625,77.31034088134766,127.34542083740234,344.8000183105469
2023-05-30,325.6033935546875,175.34344482421875,143.90469360351562,96.2193832397461,129.61782836914062,135.34548950195312,139.05125427246094,101.18143463134766,55.428218841552734,167.22198486328125,32.29723358154297,29.390928268432617,119.73539733886719,102.12321472167969,268.95928955078125,46.673362731933594,47.40579605102539,274.6545715332031,74.22051239013672,185.417236328125,202.04824829101562,71.15901947021484,204.69000244140625,203.6348876953125,80.65203094482422,97.2929916381836,61.283023834228516,56.6878776550293,231.99053955078125,420.26666259765625,418.6012878417969,153.70693969726562,26.427587509155273,69.7977523803711,38.631839752197266,310.5499267578125,96.71382141113281,77.1082534790039,10.79379940032959,26.549530029296875,43.69713592529297,94.097900390625,151.01437377929688,421.7544250488281,121.8559341430664,36.29521942138672,66.14774322509766,76.47461700439453,127.93582916259766,338.4486389160156
2023-05-31,322.8311767578125,175.2939910888672,144.54791259765625,94.49919891357422,127.9676742553711,134.70269775390625,136.7809295654297,102.3307113647461,55.316959381103516,167.90338134765625,33.178627014160156,30.81196403503418,118.91238403320312,102.89046478271484,269.1386413574219,46.20820236206055,47.66868591308594,268.16455078125,72.09573364257812,182.60572814941406,198.0535125732422,70.61785125732422,205.6999969482422,205.6103973388672,79.966796875,97.57039642333984,62.08612823486328,57.33742141723633,236.55116271972656,422.450439453125,417.6982116699219,154.24195861816406,25.98806381225586,70.35556030273438,37.52888107299805,306.3598327636719,95.31732177734375,75.5738525390625,10.28797435760498,26.939836502075195,43.09816360473633,92.33123779296875,148.55914306640625,419.18438720703125,122.5036392211914,36.377113342285156,65.4254379272461,77.29198455810547,125.02190399169922,333.96014404296875
2023-06-01,326.9502258300781,178.10264587402344,144.0631561279297,95.59049224853516,129.73097229003906,136.0828399658203,138.17945861816406,102.8126449584961,55.63220977783203,168.92791748046875,33.178627014160156,30.508153915405273,120.04981231689453,102.93903350830078,271.7439880371094,46.27333450317383,47.84394836425781,272.83819580078125,72.84519958496094,184.7596435546875,201.2493133544922,71.1115493774414,207.9600067138672,199.665283203125,82.43992614746094,98.35479736328125,62.86186218261719,57.550968170166016,242.2687225341797,429.3657531738281,423.02276611328125,158.28868103027344,26.18601417541504,69.68802642822266,37.764549255371094,299.2659912109375,96.40249633789062,75.86038970947266,10.382280349731445,26.895483016967773,42.46113967895508,92.54508209228516,149.29750061035156,422.09130859375,122.18435668945312,36.508148193359375,65.33283996582031,77.04401397705078,128.53573608398438,340.32122802734375
2023-06-02,329.72247314453125,178.95314025878906,146.32843017578125,97.81008911132812,132.4561004638672,138.50274658203125,141.90274047851562,104.28630065917969,56.707763671875,170.66180419921875,33.47533416748047,30.684560775756836,122.45411682128906,102.84191131591797,275.1224060058594,46.533817291259766,48.30158615112305,279.98101806640625,79.21954345703125,189.51539611816406,218.15245056152344,72.20338439941406,213.32000732421875,203.20626831054688,83.3299331665039,99.67485809326172,63.87487030029297,58.42295455932617,245.74899291992188,435.11041259765625,427.55712890625,163.96963500976562,27.062652587890625,71.2242431640625,38.876930236816406,306.1233215332031,98.66178894042969,77.9678726196289,10.622334480285645,27.667221069335938,43.65910339355469,95.16719055175781,151.35243225097656,427.2120666503906,124.1549301147461,37.122344970703125,66.64781951904297,77.68689727783203,132.9161376953125,358.1784973144531
2023-06-05,330.25335693359375,177.5982666015625,147.5869140625,97.37542724609375,131.1548309326172,137.9544677734375,141.22164916992188,104.83312225341797,56.327606201171875,170.78233337402344,33.72840881347656,29.263526916503906,122.65756225585938,103.85198974609375,273.7178649902344,46.71056365966797,48.619659423828125,277.29412841796875,75.70401000976562,187.9237823486328,214.14805603027344,72.39326477050781,208.77999877929688,206.756591796875,81.99098205566406,99.25397491455078,64.5593490600586,58.707679748535156,251.2083282470703,437.0089416503906,427.7452697753906,162.8704071044922,26.902406692504883,71.06880950927734,38.1322021484375,304.3830261230469,98.10140991210938,77.4040298461914,10.79379940032959,27.720439910888672,43.877784729003906,94.9068374633789,149.3153076171875,428.8676452636719,124.63845825195312,36.55727767944336,65.99958038330078,78.28384399414062,131.33535766601562,351.0162353515625
2023-06-06,328.0316467285156,177.23236083984375,147.4563751220703,98.17076873779297,131.3905792236328,136.58383178710938,141.47592163085938,101.95997619628906,55.919639587402344,168.34376525878906,33.48405838012695,30.341550827026367,122.70381164550781,104.01708221435547,270.02630615234375,46.33844757080078,48.61316680908203,280.03778076171875,75.94351196289062,187.1232147216797,218.20057678222656,71.74766540527344,207.2899932861328,206.14157104492188,83.06214141845703,98.1634750366211,64.34944915771484,58.262794494628906,252.831787109375,435.83831787109375,431.4517822265625,167.14083862304688,27.552812576293945,69.67888641357422,38.89578628540039,309.10272216796875,99.64022064208984,79.36363220214844,11.085293769836426,27.96881675720215,43.801719665527344,94.78597259521484,149.08399963378906,431.32220458984375,123.72614288330078,36.57365798950195,67.0367660522461,76.94298553466797,132.5733184814453,360.70745849609375
2023-06-07,317.90594482421875,175.85769653320312,147.77334594726562,100.37186431884766,132.66354370117188,136.87684631347656,145.1447296142578,100.66241455078125,55.83618927001953,166.99932861328125,33.93784713745117,30.655160903930664,124.26661682128906,102.2203369140625,267.52099609375,46.310543060302734,48.6845703125,285.430419921875,78.03739166259766,189.0769805908203,226.73876953125,71.39636993408203,211.92999267578125,206.16954040527344,83.55047607421875,97.24517059326172,65.23469543457031,57.978065490722656,251.4773406982422,429.2476806640625,434.386962890625,166.8782196044922,27.788469314575195,69.56913757324219,39.65937805175781,317.5681457519531,100.5652847290039,79.95519256591797,11.651130676269531,28.323640823364258,43.22174835205078,97.45455169677734,152.56224060058594,436.3757019042969,123.1605224609375,36.933990478515625,67.93504333496094,74.84904479980469,135.0777587890625,368.5550537109375
2023-06-08,319.754150390625,178.57737731933594,149.39537048339844,100.05743408203125,132.7012481689453,138.42709350585938,144.60894775390625,102.24728393554688,55.97526931762695,168.844482421875,34.11237716674805,31.184371948242188,124.29437255859375,104.38614654541016,271.2030944824219,46.21751022338867,49.38887023925781,284.853271484375,77.85195922851562,188.84825134277344,225.67991638183594,71.89957427978516,218.11000061035156,205.712890625,83.54258728027344,96.40338134765625,65.4811019897461,58.111534118652344,254.09019470214844,438.385986328125,436.6635437011719,166.47935485839844,27.552812576293945,71.69060516357422,39.94218444824219,317.3032531738281,101.28577423095703,79.77957916259766,11.642557144165039,28.252676010131836,43.50697708129883,97.20349884033203,152.54446411132812,438.41632080078125,123.98885345458984,37.14691162109375,66.8608169555664,75.90521240234375,134.43020629882812,367.54150390625
2023-06-09,321.25823974609375,178.9630584716797,149.162353515625,99.31755828857422,132.96527099609375,138.54055786132812,144.2638702392578,102.60874938964844,56.0679931640625,169.07630920410156,34.007659912109375,30.713960647583008,125.11738586425781,106.68791961669922,272.1615295410156,46.19889831542969,49.687469482421875,281.31500244140625,77.1874771118164,188.60043334960938,226.23822021484375,72.00401306152344,217.30999755859375,203.84922790527344,83.72373962402344,97.27387237548828,65.490234375,57.657745361328125,255.4062042236328,438.7598876953125,435.2712097167969,167.04354858398438,27.59052085876465,71.43456268310547,39.7159309387207,317.823486328125,101.8194580078125,79.68714141845703,11.779729843139648,27.871240615844727,43.896793365478516,96.59911346435547,151.6637725830078,437.2515869140625,123.78636932373047,37.03226089477539,67.17567443847656,75.58377838134766,133.00181579589844,365.7074890136719
2023-06-12,326.2325744628906,181.76177978515625,149.05979919433594,98.42047119140625,132.9558868408203,137.45346069335938,142.87445068359375,101.82095336914062,55.82691955566406,168.65904235839844,34.819236755371094,32.40940475463867,126.15310668945312,113.0785140991211,273.8507995605469,46.96175003051758,50.01528549194336,284.63568115234375,78.23827362060547,189.18182373046875,229.00086975097656,71.89008331298828,221.55999755859375,202.54466247558594,83.6686019897461,96.9964599609375,65.2529525756836,57.62214660644531,256.4724426269531,438.041748046875,432.6183166503906,168.9113006591797,27.45855140686035,71.19681549072266,39.433128356933594,321.1055603027344,98.4305191040039,80.82408142089844,11.814024925231934,28.06639289855957,44.096458435058594,95.60421752929688,152.56224060058594,436.5296936035156,123.93363189697266,37.286128997802734,67.75907897949219,74.92253112792969,133.30654907226562,373.6805114746094
2023-06-13,328.63128662109375,181.28709411621094,149.8428497314453,98.43896484375,133.91770935058594,137.12261962890625,143.94601440429688,101.9414291381836,56.04944610595703,168.32525634765625,35.15084457397461,33.23262405395508,127.24430084228516,113.32131958007812,273.83172607421875,47.25944900512695,50.40475845336914,283.8977355957031,79.38178253173828,191.66929626464844,236.25881958007812,71.43434143066406,220.3800048828125,206.8590850830078,84.07029724121094,97.43647766113281,65.94654083251953,57.62214660644531,261.5252685546875,438.445068359375,425.56280517578125,170.3704376220703,27.713062286376953,71.73633575439453,40.206146240234375,323.9525451660156,99.48011016845703,81.60052490234375,12.114089965820312,28.341381072998047,44.552825927734375,96.1528091430664,153.79873657226562,434.258056640625,123.74954986572266,37.4744873046875,68.78700256347656,74.14188385009766,134.57305908203125,384.4045104980469
2023-06-14,331.629638671875,181.9200439453125,150.60726928710938,97.25519561767578,133.41790771484375,138.408203125,142.65647888183594,101.38162994384766,56.429595947265625,169.8365936279297,34.34799575805664,34.86927032470703,126.87438201904297,118.75040435791016,273.7273864746094,47.40829086303711,50.91432571411133,283.5476989746094,78.77140045166016,191.1069793701172,234.2181396484375,71.60525512695312,216.89999389648438,207.12930297851562,82.46354675292969,98.76611328125,60.82670211791992,57.08828353881836,253.3793182373047,440.4124450683594,425.73211669921875,169.7186737060547,27.449125289916992,71.96711730957031,39.66879653930664,320.0935363769531,99.94774627685547,81.32323455810547,12.174102783203125,27.951074600219727,44.88559341430664,95.4647216796875,155.56903076171875,431.1297302246094,124.35697174072266,36.747074127197266,67.74055480957031,74.06841278076172,133.982666015625,385.1864013671875
2023-06-15,342.20751953125,183.9573211669922,152.63015747070312,97.9303207397461,134.92660522460938,140.32711791992188,143.73716735839844,102.07205963134766,57.20503616333008,172.1916961669922,34.68833541870117,35.104469299316406,127.98406219482422,122.90721130371094,277.6846618652344,48.31068420410156,51.193450927734375,285.7331237792969,80.20854187011719,194.16632080078125,238.40541076660156,72.91544342041016,219.41000366210938,212.8694305419922,83.02276611328125,100.4592514038086,63.42768478393555,57.54206085205078,258.87396240234375,446.5210876464844,428.9306640625,169.07666015625,27.684782028198242,72.9365463256836,39.93275451660156,321.3420715332031,103.14025115966797,82.31227111816406,12.388437271118164,28.403472900390625,43.67811965942383,96.84085083007812,159.23406982421875,435.9136657714844,125.46138000488281,36.91429138183594,69.04627990722656,74.1235122680664,134.5254669189453,392.3968811035156
2023-06-16,336.5351867675781,182.87933349609375,153.0962371826172,97.22744750976562,135.08692932128906,141.35745239257812,142.8108673095703,101.9974136352539,57.61612319946289,172.49766540527344,34.958858489990234,35.64347839355469,127.13330078125,121.84858703613281,278.7191162109375,48.44093704223633,50.479408264160156,284.1816101074219,80.77256774902344,193.44198608398438,236.09518432617188,73.84589385986328,219.99000549316406,214.0063018798828,83.71587371826172,101.58800506591797,61.8032112121582,58.86783218383789,258.239990234375,440.4025573730469,431.9598388671875,167.52023315429688,27.51511001586914,72.80730438232422,39.76307678222656,319.9894714355469,102.68160247802734,81.42488861083984,12.362717628479004,28.98005485534668,43.896793365478516,97.55683135986328,158.8604278564453,441.18841552734375,126.71305084228516,36.847408294677734,69.89825439453125,74.1235122680664,136.24903869628906,393.46832275390625
2023-06-20,332.32763671875,182.9683380126953,153.00302124023438,94.99860382080078,134.39859008789062,140.05300903320312,139.55978393554688,102.84646606445312,57.233062744140625,171.82083129882812,34.330543518066406,34.30084991455078,125.72772979736328,118.52703857421875,278.0928039550781,47.95717239379883,50.03474807739258,285.1559753417969,79.04183959960938,190.99261474609375,232.1292724609375,73.6939697265625,212.3699951171875,213.00921630859375,81.927978515625,102.06629180908203,62.67021942138672,58.75216293334961,259.4118957519531,444.5733337402344,431.2166442871094,164.79649353027344,27.213468551635742,71.74556732177734,39.489688873291016,312.8105163574219,101.12582397460938,80.16780853271484,12.191251754760742,28.73168182373047,43.57353591918945,94.86964416503906,157.695068359375,437.3285827636719,125.52581024169922,36.34573745727539,68.60177612304688,74.05924224853516,135.25869750976562,393.8062438964844
2023-06-21,327.9136657714844,181.929931640625,152.76998901367188,96.06216430664062,134.20057678222656,141.2629852294922,140.6495819091797,103.71417236328125,57.39189529418945,171.93209838867188,33.94656753540039,32.2427978515625,123.6285400390625,118.58529663085938,279.49725341796875,47.30595397949219,50.13212203979492,284.4844055175781,78.4005355834961,192.32691955566406,232.4469451904297,73.6939697265625,212.0800018310547,211.56484985351562,82.73922729492188,101.63583374023438,62.761474609375,58.280582427978516,263.04302978515625,445.60626220703125,438.4227294921875,163.34706115722656,26.93068504333496,71.65324401855469,39.2634391784668,307.46649169921875,99.13838195800781,79.80730438232422,12.019783973693848,27.99542999267578,43.43092346191406,96.42243194580078,154.45703125,445.1542053222656,127.14561462402344,36.747074127197266,68.02763366699219,74.73884582519531,135.54437255859375,402.1170654296875
2023-06-22,333.9595031738281,184.93638610839844,154.3920135498047,95.53500366210938,131.6168975830078,141.7450408935547,138.6153564453125,106.1026840209961,57.7842903137207,173.71234130859375,33.7982177734375,32.05659484863281,121.29821014404297,117.10906982421875,278.3395080566406,47.557151794433594,50.550811767578125,284.93841552734375,77.59698486328125,191.2308807373047,228.46182250976562,74.05474853515625,205.61000061035156,214.0063018798828,82.55807495117188,103.54898071289062,63.34556579589844,58.102630615234375,264.48394775390625,450.2098693847656,435.9674072265625,163.6778106689453,26.35568618774414,72.1148681640625,38.707252502441406,302.27374267578125,95.82897186279297,78.10652923583984,12.165531158447266,28.288158416748047,43.801719665527344,94.31175231933594,152.4554901123047,440.9092712402344,126.53820037841797,36.58820724487305,67.65721130371094,74.6653823852539,134.04931640625,401.2483215332031
2023-06-23,329.3489074707031,184.61990356445312,154.2615203857422,94.7026596069336,130.9285430908203,140.33660888671875,137.4438934326172,106.92374420166016,57.1770133972168,172.52549743652344,33.4229736328125,32.34080123901367,119.68914031982422,115.22490692138672,275.1224060058594,46.822208404541016,50.456687927246094,284.58837890625,77.82106018066406,190.69717407226562,225.6702880859375,73.20977783203125,205.41000366210938,211.63011169433594,81.73894500732422,103.357666015625,63.51895523071289,57.87128829956055,264.02288818359375,451.3509216308594,432.1385498046875,163.4929962158203,26.15773582458496,71.52397155761719,38.28303527832031,297.66748046875,95.62213897705078,77.25614166259766,12.019783973693848,27.853500366210938,43.86826705932617,93.40982055664062,150.59625244140625,437.0494384765625,126.05961608886719,36.30392837524414,67.5090560913086,74.6837387084961,132.25904846191406,390.3988342285156
2023-06-26,323.03759765625,183.22547912597656,152.5369415283203,96.45059204101562,131.2491455078125,140.47836303710938,139.85948181152344,105.50555419921875,57.19569778442383,171.43142700195312,32.19252395629883,32.674007415771484,121.4554214477539,113.41844177246094,274.34417724609375,46.71056365966797,50.3236198425293,291.28662109375,77.58153533935547,193.0702667236328,228.0863800048828,72.76354217529297,205.5800018310547,209.4122772216797,82.26665496826172,103.79769134521484,63.74710464477539,57.648841857910156,265.52142333984375,445.37017822265625,425.9673156738281,162.55909729003906,26.478225708007812,70.68382263183594,38.26417922973633,295.44476318359375,96.24266052246094,77.26537322998047,12.096942901611328,28.02204132080078,44.35316467285156,94.76616668701172,153.67420959472656,431.24517822265625,125.52581024169922,37.006263732910156,68.19432067871094,75.17967987060547,134.34451293945312,395.9393615722656
2023-06-27,328.90655517578125,185.98468017578125,152.21995544433594,96.6910400390625,131.25856018066406,141.81121826171875,139.42356872558594,105.72947692871094,57.074241638183594,172.66458129882812,31.782363891601562,33.41883087158203,122.3801498413086,114.44792175292969,276.4415283203125,47.31526565551758,50.14186477661133,296.8211364746094,75.92034149169922,193.7946014404297,231.68649291992188,71.89957427978516,209.42999267578125,207.4368133544922,82.6368408203125,103.10895538330078,62.679344177246094,57.61325454711914,264.9354553222656,456.9185485839844,426.2966003417969,163.6096954345703,26.61962127685547,70.1760482788086,38.56584930419922,296.47576904296875,98.23008728027344,78.04181671142578,12.354143142700195,25.405231475830078,44.46725845336914,94.27974700927734,155.3822021484375,431.6495056152344,127.25606536865234,37.07315444946289,68.42584228515625,74.29801940917969,137.53457641601562,395.2830505371094
2023-06-28,330.1648864746094,187.16152954101562,151.912353515625,97.47715759277344,130.68336486816406,141.78285217285156,140.68589782714844,104.90843200683594,56.541709899902344,170.3280487060547,31.668920516967773,32.8994140625,121.84380340576172,113.1756362915039,276.8590393066406,47.32456970214844,50.41449737548828,289.98101806640625,76.15985870361328,192.99404907226562,232.82237243652344,72.07047271728516,210.72000122070312,206.2254180908203,84.31446075439453,102.93677520751953,62.186519622802734,57.02599334716797,263.9171447753906,451.2132263183594,423.01336669921875,165.15638732910156,26.459375381469727,70.33300018310547,38.29245376586914,296.67437744140625,99.32722473144531,77.63511657714844,12.679929733276367,25.795534133911133,44.84756088256836,95.88865661621094,156.26287841796875,426.0859375,126.05039978027344,37.20692825317383,68.4721450805664,70.45913696289062,136.45851135253906,391.1228332519531
2023-06-29,329.37841796875,187.497802734375,152.97506713867188,98.67943572998047,135.24722290039062,141.20623779296875,141.88458251953125,105.93475341796875,56.074581146240234,170.4949188232422,31.520570755004883,32.252601623535156,123.97068786621094,114.38966369628906,279.44976806640625,47.640872955322266,50.073699951171875,291.22039794921875,76.67752838134766,196.77767944335938,235.1037139892578,72.68759155273438,211.8300018310547,206.08566284179688,84.85791015625,102.98460388183594,62.75235366821289,56.9459114074707,266.32830810546875,456.9087219238281,430.3323059082031,167.393798828125,27.015522003173828,70.1760482788086,40.017601013183594,305.59368896484375,99.98371887207031,78.79053497314453,12.817102432250977,25.165729522705078,44.03940963745117,96.40312957763672,156.6098175048828,434.3254089355469,126.23448944091797,37.59989929199219,69.10185241699219,70.07341003417969,138.4296875,388.8764343261719
2023-06-30,334.7754821777344,191.82945251464844,154.2987823486328,99.18807983398438,137.14259338378906,143.43711853027344,142.89260864257812,107.66083526611328,56.26143264770508,171.7373809814453,32.00925827026367,32.77200698852539,123.7395248413086,115.66194152832031,283.18878173828125,48.13393020629883,51.01494216918945,293.8882751464844,77.33428955078125,197.7593231201172,236.8459930419922,73.14331817626953,211.16000366210938,206.88702392578125,86.51978302001953,104.28553009033203,63.09001159667969,56.901424407958984,269.54632568359375,461.3254089355469,433.09808349609375,169.45602416992188,27.04380226135254,71.1546859741211,40.23442459106445,305.0735168457031,100.73912811279297,78.93843078613281,12.971423149108887,25.272172927856445,44.68593215942383,96.9176025390625,159.45645141601562,438.73394775390625,127.0627670288086,37.87582015991211,69.97233581542969,70.44076538085938,141.21978759765625,392.3233947753906
2023-07-03,332.2686462402344,190.33615112304688,152.27589416503906,99.38229370117188,138.24581909179688,144.155517578125,142.7654571533203,106.67183685302734,56.59777069091797,172.08973693847656,31.98308563232422,32.94841766357422,123.61006164550781,113.7778091430664,279.80096435546875,48.20835876464844,51.34599304199219,293.3017272949219,78.14555358886719,198.52175903320312,238.078125,73.23824310302734,210.9199981689453,209.6732177734375,85.28324127197266,102.56371307373047,63.674102783203125,57.328514099121094,269.2869873046875,453.88885498046875,435.16778564453125,170.66226196289062,27.524538040161133,70.83155822753906,40.91316604614258,308.9231262207031,101.85426330566406,79.87203216552734,13.065729141235352,25.742311477661133,45.10426330566406,97.49756622314453,163.4773406982422,441.005615234375,126.52898406982422,38.394203186035156,71.05582427978516,70.82649993896484,141.95306396484375,393.5724182128906
2023-07-05,332.4259338378906,189.21859741210938,151.7725067138672,98.87364196777344,137.3248748779297,143.90972900390625,141.94815063476562,106.08402252197266,57.0181884765625,172.99838256835938,31.81727409362793,31.86058807373047,124.13717651367188,112.62205505371094,281.7558898925781,48.283348083496094,51.3167839050293,294.0397033691406,76.20622253417969,196.73956298828125,235.67164611816406,72.9819107055664,213.30999755859375,210.48390197753906,85.57465362548828,102.70719909667969,63.509830474853516,57.595462799072266,269.6903991699219,458.09893798828125,435.3371276855469,170.78872680664062,27.411422729492188,71.31163024902344,40.988582611083984,302.7183837890625,100.64019775390625,79.4190902709961,13.160035133361816,25.955204010009766,44.723968505859375,97.3011245727539,160.09695434570312,441.86224365234375,126.67623901367188,38.44437789916992,71.69479370117188,71.00098419189453,139.20103454589844,391.81024169921875
2023-07-06,335.4931335449219,189.69329833984375,150.64454650878906,95.1835708618164,135.9672088623047,143.67344665527344,138.8332977294922,104.26465606689453,56.579078674316406,173.01693725585938,31.09296226501465,31.331375122070312,122.21370697021484,112.12672424316406,279.8768615722656,47.908409118652344,50.992218017578125,285.7331237792969,74.41368103027344,194.43316650390625,231.5806121826172,73.01988220214844,212.6199951171875,207.78158569335938,84.56649780273438,102.54458618164062,63.46419143676758,56.94911575317383,268.00933837890625,455.6496276855469,434.2834777832031,166.85501098632812,26.657329559326172,70.38838195800781,40.43238830566406,296.0500793457031,98.7516860961914,77.0250473022461,12.84282112121582,25.8221492767334,44.96165466308594,93.85881805419922,159.48313903808594,438.9071960449219,126.88789367675781,38.53634262084961,71.3428955078125,70.19280242919922,138.29637145996094,388.4310302734375
2023-07-07,331.51165771484375,188.5757598876953,148.453857421875,95.4055404663086,137.04002380371094,140.6580047607422,140.05018615722656,101.6988525390625,55.831668853759766,169.75315856933594,31.00569725036621,31.213773727416992,122.13970947265625,111.3109130859375,277.20074462890625,47.79592514038086,49.81729507446289,286.4805603027344,75.17086791992188,193.71835327148438,236.00851440429688,71.76663970947266,212.10000610351562,203.74673461914062,85.27535247802734,101.73149108886719,63.12651443481445,56.23995590209961,266.2033996582031,444.70123291015625,431.527099609375,165.74227905273438,26.89298439025879,68.70807647705078,40.31926345825195,298.10260009765625,99.12939453125,77.05278778076172,12.84282112121582,25.813276290893555,44.84756088256836,96.56214904785156,159.91015625,435.5093994140625,124.57784271240234,38.44437789916992,72.24116516113281,69.57267761230469,139.7628631591797,392.4105224609375
2023-07-10,326.21295166015625,186.5286102294922,148.69622802734375,96.82052612304688,137.80908203125,140.71470642089844,140.9855499267578,102.59454345703125,55.411251068115234,170.88433837890625,31.1365966796875,32.08599853515625,122.89801025390625,111.08753204345703,279.4687805175781,48.18023681640625,50.26844024658203,293.5477294921875,75.09361267089844,197.9880828857422,239.50274658203125,72.05148315429688,213.30999755859375,209.4122772216797,87.11973571777344,102.37239837646484,63.2999267578125,56.087345123291016,267.3753356933594,445.7636413574219,433.09808349609375,167.6066436767578,27.015522003173828,69.880615234375,39.895050048828125,299.33221435546875,101.65641021728516,77.08975982666016,12.919981956481934,26.425342559814453,44.57183837890625,97.60980987548828,161.3067626953125,435.64410400390625,124.41218566894531,37.58317947387695,72.73196411132812,69.22098541259766,140.83889770507812,394.1630554199219
2023-07-11,326.84210205078125,186.00445556640625,147.87591552734375,98.00430297851562,139.96426391601562,139.97738647460938,143.59185791015625,101.4189453125,55.60744094848633,170.587646484375,31.433298110961914,32.63481140136719,124.32210540771484,111.96469116210938,279.70599365234375,48.85513687133789,50.19378662109375,296.7454528808594,78.74822998046875,198.93157958984375,243.39161682128906,71.57676696777344,218.75999450683594,208.60159301757812,87.66358947753906,102.83154296875,65.04304504394531,56.36562728881836,270.6414489746094,432.2183837890625,438.65789794921875,170.46661376953125,27.3548641204834,70.277587890625,40.29098892211914,303.50335693359375,103.32910919189453,78.53172302246094,13.057153701782227,27.117246627807617,45.22786331176758,100.5002212524414,164.7850341796875,443.49859619140625,124.43982696533203,38.160099029541016,74.51925659179688,69.48939514160156,143.40049743652344,400.6599426269531
2023-07-12,331.49200439453125,187.67581176757812,147.3631591796875,98.48522186279297,140.6573486328125,140.7052459716797,144.97218322753906,100.27132415771484,55.90641403198242,169.8365936279297,31.407127380371094,33.30122375488281,122.84251403808594,113.07575988769531,280.5316467285156,47.561580657958984,50.320369720458984,300.39727783203125,78.4778060913086,198.7314453125,244.11355590820312,71.35840606689453,217.11000061035156,210.29754638671875,87.64783477783203,102.20978546142578,64.31294250488281,55.907806396484375,258.1054992675781,433.40863037109375,434.58453369140625,170.16403198242188,27.675352096557617,70.51764678955078,40.781185150146484,308.7244567871094,104.7499771118164,79.28043365478516,13.048580169677734,26.895483016967773,45.018699645996094,102.24942779541016,165.89697265625,436.3757019042969,123.93363189697266,38.201904296875,72.90792083740234,69.36905670166016,144.4289093017578,394.7246398925781
2023-07-13,336.85955810546875,188.4373016357422,148.04368591308594,96.68180084228516,141.3409423828125,140.79977416992188,143.0379180908203,99.19835662841797,56.38288879394531,173.8792266845703,31.468215942382812,33.193424224853516,123.84124755859375,114.46946716308594,280.16156005859375,48.302093505859375,50.025020599365234,297.6347351074219,79.4745101928711,198.9125518798828,246.28903198242188,72.02300262451172,216.85000610351562,212.14260864257812,87.71089172363281,103.5553970336914,64.99742126464844,55.907806396484375,259.4215087890625,427.6049499511719,438.7425842285156,170.076171875,27.967571258544922,70.82230377197266,41.20539855957031,310.88092041015625,106.7374267578125,79.68714141845703,13.022860527038574,26.380990982055664,44.68593215942383,103.40933227539062,164.89175415039062,439.9178466796875,124.04405975341797,38.10993194580078,73.31538391113281,69.22098541259766,144.2765655517578,396.5448913574219
2023-07-14,339.3959045410156,188.5856475830078,149.03182983398438,93.35240173339844,142.19544982910156,141.83958435058594,139.468994140625,100.15003967285156,56.89673614501953,174.50973510742188,31.695106506347656,32.48780059814453,123.36038208007812,116.24327850341797,279.89581298828125,47.22412872314453,50.19703674316406,299.4322814941406,79.04183959960938,196.4631805419922,246.05799865722656,72.57366943359375,213.1199951171875,211.92825317382812,86.92268371582031,103.7380142211914,65.14342498779297,55.60258865356445,271.6212463378906,442.1240234375,436.79522705078125,169.2465057373047,27.439697265625,71.26545715332031,41.06399917602539,308.5258483886719,104.7499771118164,79.28968048095703,12.84282112121582,25.901981353759766,44.153499603271484,100.17282104492188,164.8027801513672,433.76708984375,124.36617279052734,38.0346794128418,72.41712188720703,69.42459869384766,142.591064453125,401.4442443847656
2023-07-17,339.87762451171875,191.84925842285156,148.28607177734375,93.75932312011719,145.6228485107422,140.8376007080078,139.3418731689453,98.49859619140625,56.812652587890625,172.11753845214844,31.293678283691406,33.683433532714844,124.13717651367188,115.8729248046875,279.6490783691406,47.627197265625,50.25871276855469,299.0065612792969,78.5782470703125,198.39785766601562,247.82919311523438,71.75714874267578,211.8699951171875,212.3103485107422,87.60054016113281,102.8441390991211,64.9517822265625,55.52180480957031,270.0843200683594,439.8418884277344,442.1197814941406,171.19869995117188,27.713062286376953,71.53321838378906,42.176387786865234,309.48114013671875,106.00001525878906,79.83503723144531,12.079797744750977,25.831018447875977,44.24858474731445,99.56481170654297,162.56109619140625,437.2322998046875,123.82315826416016,37.94271469116211,73.6765365600586,68.77671813964844,143.98133850097656,407.24407958984375
2023-07-18,353.4046936035156,191.5920867919922,148.27674865722656,93.33390808105469,145.88870239257812,141.1022491455078,139.6233673095703,98.85314178466797,56.58842468261719,171.0233917236328,31.625288009643555,33.81083679199219,125.17285919189453,117.70521545410156,278.8330078125,48.03025817871094,50.16783142089844,299.67828369140625,79.59041595458984,195.6149444580078,253.94161987304688,72.00401306152344,211.57000732421875,216.71795654296875,87.53748321533203,102.79607391357422,65.99217987060547,55.656455993652344,273.6001281738281,443.83563232421875,428.6954345703125,173.78533935546875,28.9384708404541,72.2164077758789,42.98710250854492,319.00579833984375,107.65470886230469,84.98360443115234,12.148383140563965,26.239063262939453,43.9348258972168,101.72560119628906,164.18899536132812,426.1051025390625,123.23414611816406,37.95106887817383,74.7785415649414,68.77671813964844,144.1432342529297,417.8559875488281
2023-07-19,349.0693664550781,192.94699096679688,147.97842407226562,93.98129272460938,146.44886779785156,142.06643676757812,140.47698974609375,98.85314178466797,57.58809280395508,172.70167541503906,31.799819946289062,33.77163314819336,125.28382110595703,115.67800903320312,279.12713623046875,49.14571762084961,50.18405532836914,302.2515869140625,79.95355987548828,195.5386962890625,254.17379760742188,72.55467224121094,208.60000610351562,216.2333984375,86.61528778076172,103.11326599121094,67.88131713867188,55.710323333740234,281.1312255859375,446.1571350097656,424.7537841796875,172.88734436035156,29.72084617614746,72.89962005615234,43.60928726196289,322.1081848144531,109.05760192871094,86.11129760742188,12.088371276855469,26.549530029296875,44.66691589355469,102.40845489501953,165.47889709472656,425.7200927734375,124.56866455078125,37.94271469116211,75.01006317138672,69.60971069335938,143.08624267578125,422.31964111328125
2023-07-20,340.9983215332031,190.9987335205078,156.96493530273438,95.6367416381836,148.25274658203125,143.2183837890625,142.02989196777344,101.19502258300781,58.288795471191406,175.52041625976562,32.087799072265625,32.70341110229492,127.96558380126953,112.93931579589844,281.9741516113281,49.08946990966797,51.11231231689453,301.8825988769531,80.57941436767578,198.19773864746094,252.56800842285156,73.56742095947266,213.61000061035156,217.33294677734375,87.67936706542969,107.4865493774414,68.88883972167969,57.245357513427734,282.6298522949219,456.2496643066406,428.9870910644531,172.87757873535156,29.871665954589844,73.80438995361328,44.429439544677734,331.85986328125,108.14034271240234,86.70287322998047,12.02835750579834,26.82451629638672,45.50358963012695,104.4757080078125,166.2972869873047,437.34783935546875,124.12686920166016,38.176815032958984,76.5195083618164,70.674072265625,142.572021484375,425.66973876953125
2023-07-21,337.9507751464844,189.82186889648438,158.65219116210938,96.08065032958984,147.11343383789062,145.4728240966797,144.10948181152344,102.99574279785156,58.33550262451172,176.31777954101562,32.637577056884766,33.340423583984375,128.48345947265625,114.66439819335938,280.5316467285156,49.333187103271484,51.40116882324219,303.188232421875,80.61031341552734,198.8076934814453,249.2402801513672,73.74895477294922,211.8000030517578,218.8145751953125,86.96210479736328,109.85099029541016,69.0544662475586,58.06224822998047,282.1975402832031,454.4986877441406,427.8111267089844,166.15223693847656,30.145023345947266,74.45066833496094,43.326473236083984,332.90032958984375,107.64570617675781,86.89698028564453,11.942625045776367,27.019670486450195,45.62718200683594,105.59818267822266,166.61753845214844,436.4430847167969,126.22528076171875,38.12664794921875,76.06575012207031,71.26642608642578,142.21969604492188,423.0555114746094
2023-07-24,339.26806640625,190.62290954589844,159.4818572998047,97.58812713623047,150.00918579101562,145.9389190673828,146.951904296875,101.50292205810547,58.354183197021484,177.0224609375,32.73357009887695,32.958213806152344,129.03829956054688,115.07373809814453,280.24700927734375,49.783119201660156,51.70301055908203,307.57794189453125,80.56395721435547,199.49391174316406,250.9041290283203,74.02601623535156,215.8699951171875,219.37367248535156,86.8990478515625,110.16817474365234,69.88256072998047,58.107139587402344,280.5549011230469,451.8230895996094,429.73028564453125,163.78028869628906,30.776578903198242,71.69940185546875,43.7601203918457,339.49285888671875,108.53602600097656,87.50704956054688,12.09862232208252,27.179340362548828,46.34026336669922,107.30998229980469,167.5426788330078,435.2783203125,126.24366760253906,38.12664794921875,76.9640121459961,71.49781036376953,138.90582275390625,428.5357360839844
2023-07-25,345.0387878417969,191.48330688476562,160.70303344726562,97.73609924316406,148.8888702392578,146.28138732910156,147.6239013671875,100.32730865478516,58.15799331665039,177.43043518066406,32.34087371826172,33.41883087158203,129.76881408691406,114.9567642211914,277.44744873046875,50.24242401123047,51.66081619262695,307.596923828125,84.85985565185547,199.8369903564453,253.50634765625,74.36996459960938,214.1199951171875,219.27117919921875,92.34552001953125,108.5438232421875,69.61573791503906,57.245357513427734,283.081298828125,450.0721435546875,427.2372741699219,162.5211181640625,30.305273056030273,71.30240631103516,42.87398147583008,335.4919128417969,107.34895324707031,87.27596282958984,11.769290924072266,27.223691940307617,46.292720794677734,108.67566680908203,164.2957305908203,440.0718994140625,122.33220672607422,38.00959777832031,79.68659973144531,71.18314361572266,139.99139404296875,432.15704345703125
2023-07-26,332.0523376464844,192.3536376953125,161.01068115234375,97.1904525756836,149.7813262939453,146.43357849121094,146.5159912109375,99.96343994140625,58.90540313720703,177.65296936035156,32.47177505493164,33.67363739013672,130.45314025878906,112.5689468383789,276.86859130859375,49.88623046875,51.845821380615234,311.8163757324219,87.03101348876953,198.48365783691406,249.88841247558594,74.484619140625,232.8000030517578,219.17799377441406,90.42228698730469,109.64916229248047,69.10047149658203,56.92219161987305,279.2388916015625,446.1866149902344,425.9767150878906,163.74127197265625,30.550350189208984,71.26545715332031,43.778968811035156,338.197021484375,106.83634948730469,86.46253967285156,11.8472900390625,27.36562156677246,46.311737060546875,109.28369903564453,164.0288848876953,440.04296875,121.38424682617188,38.09321212768555,80.47373962402344,70.1002426147461,139.20103454589844,419.201904296875
2023-07-27,325.1216735839844,191.0877685546875,161.91490173339844,97.49565124511719,148.12936401367188,144.6928253173828,144.99037170410156,98.21869659423828,58.33550262451172,174.8064422607422,31.942338943481445,33.859840393066406,132.21014404296875,113.44612121582031,280.133056640625,49.680015563964844,51.65757751464844,311.929931640625,85.9106674194336,187.18992614746094,249.8690643310547,73.67251586914062,233.75,219.96072387695312,90.97403717041016,108.27469635009766,69.44091033935547,54.51639175415039,281.2176818847656,447.5637512207031,422.0538330078125,159.69044494628906,30.116744995117188,70.63766479492188,43.14736557006836,335.3122253417969,105.31654357910156,85.73231506347656,11.899291038513184,27.170469284057617,45.73176956176758,108.301513671875,165.92367553710938,428.6367492675781,119.93932342529297,38.12664794921875,79.44583129882812,69.41534423828125,137.88690185546875,415.0093688964844
2023-07-28,332.6421813964844,193.66893005371094,162.65138244628906,96.33037567138672,148.9743194580078,148.7831268310547,144.27294921875,99.2170181274414,58.37287139892578,176.45684814453125,31.827634811401367,36.094295501708984,132.65402221679688,113.04652404785156,279.0322570800781,48.8270149230957,51.9010009765625,313.5003967285156,86.44378662109375,186.02720642089844,251.92955017089844,72.24894714355469,238.69000244140625,220.25892639160156,90.16219329833984,108.35159301757812,68.64962768554688,55.1268196105957,280.59332275390625,450.996826171875,422.3924560546875,161.47669982910156,30.069616317749023,70.96080017089844,43.49616622924805,334.1015625,114.02173614501953,85.4244613647461,11.491957664489746,26.434213638305664,46.13109588623047,108.44182586669922,167.1423797607422,432.84307861328125,120.03133392333984,38.0346794128418,80.00146484375,69.83184051513672,138.46780395507812,413.54730224609375
2023-07-31,330.2336730957031,194.28208923339844,156.1725311279297,99.17884063720703,149.97122192382812,148.6785125732422,148.6228485107422,99.50626373291016,57.85902404785156,173.8143310546875,31.818811416625977,35.05546951293945,133.32907104492188,114.25505828857422,278.24456787109375,48.78014373779297,51.884769439697266,315.83721923828125,86.15019226074219,185.01695251464844,256.51483154296875,72.86039733886719,238.85000610351562,218.1902313232422,90.04397583007812,107.0059814453125,68.72322845458984,55.8270149230957,283.47515869140625,447.1309814453125,419.9183349609375,164.84425354003906,30.163875579833984,70.29605865478516,43.515010833740234,336.5985412597656,110.84721374511719,85.41512298583984,11.448625564575195,26.585010528564453,46.24518585205078,110.1162109375,166.46630859375,428.3382568359375,118.81649780273438,37.97615051269531,78.67721557617188,69.1747055053711,137.02987670898438,415.9582824707031
2023-08-01,330.6465759277344,193.4513702392578,157.44033813476562,98.6054458618164,149.23065185546875,148.63095092773438,147.3878173828125,98.22803497314453,57.709537506103516,173.2209014892578,31.42173194885254,35.084869384765625,132.54306030273438,114.91779327392578,276.2232666015625,49.36131286621094,51.64134979248047,314.16265869140625,85.42391967773438,184.39744567871094,279.22845458984375,73.22346496582031,238.00999450683594,216.298583984375,89.24000549316406,106.23703002929688,68.0423355102539,55.23454284667969,283.9938659667969,445.6947937011719,424.5373840332031,165.59585571289062,29.805679321289062,69.8713607788086,43.090797424316406,338.348388671875,108.89573669433594,84.83675384521484,11.630624771118164,26.23019027709961,46.15010452270508,109.79816436767578,165.0163116455078,431.370361328125,118.7244644165039,37.775489807128906,78.69573974609375,68.80448913574219,138.60110473632812,419.6763000488281
2023-08-02,321.9562683105469,190.45481872558594,158.3911590576172,97.37542724609375,147.54067993164062,148.95437622070312,145.05392456054688,98.61988830566406,57.887046813964844,174.60243225097656,31.192310333251953,33.703033447265625,133.31983947753906,112.77362060546875,274.8471984863281,49.28632354736328,51.67705154418945,310.78521728515625,84.1490478515625,183.84471130371094,278.1837158203125,74.08334350585938,231.3800048828125,214.70516967773438,88.25474548339844,104.4012222290039,70.30582427978516,55.432037353515625,287.6057434082031,447.0621337890625,421.97857666015625,162.76516723632812,29.400354385375977,69.8713607788086,42.51575469970703,332.08685302734375,106.59353637695312,83.3254623413086,11.30129337310791,27.205951690673828,46.606468200683594,108.12378692626953,163.1037139892578,430.7158508300781,119.15702819824219,37.26546096801758,78.51978302001953,69.83184051513672,135.00157165527344,416.85870361328125
2023-08-03,321.1304016113281,189.0603485107422,159.07168579101562,99.06787109375,148.44264221191406,149.34437561035156,144.99945068359375,98.64788055419922,57.58809280395508,173.49903869628906,30.883480072021484,34.17344284057617,133.57876586914062,111.64307403564453,276.17572021484375,49.820613861083984,51.69002914428711,312.0623779296875,82.8200912475586,181.56689453125,272.26348876953125,73.16614532470703,231.36000061035156,214.9753875732422,88.5621337890625,103.36317443847656,68.38277435302734,54.965240478515625,276.3090515136719,441.8289794921875,421.37652587890625,162.43328857421875,29.607728958129883,69.73286437988281,42.895790100097656,334.03533935546875,105.23560333251953,83.15755462646484,11.353292465209961,26.886611938476562,46.967769622802734,107.56253814697266,161.45799255371094,426.0377502441406,118.41155242919922,37.03970718383789,78.68647766113281,68.9710922241211,133.58270263671875,410.4779357910156
2023-08-04,322.2314453125,179.98165893554688,157.58016967773438,99.34529876708984,148.12936401367188,147.70823669433594,144.67250061035156,97.96678161621094,56.71922302246094,171.1625213623047,30.901126861572266,34.56195068359375,133.3845672607422,111.53585052490234,272.3797607421875,49.333187103271484,51.39142990112305,308.8267822265625,81.52203369140625,180.3279266357422,267.4169921875,72.86039733886719,231.36000061035156,226.6979217529297,89.11387634277344,103.46890258789062,67.0670166015625,54.30094909667969,275.290771484375,442.1535339355469,419.306884765625,161.45716857910156,29.504039764404297,72.64111328125,42.61075973510742,334.0920104980469,103.9226303100586,82.8310317993164,11.171293258666992,26.487436294555664,47.05333709716797,106.36522674560547,160.95982360839844,422.1202087402344,117.59242248535156,36.788875579833984,79.22357940673828,68.11033630371094,133.85887145996094,410.5747985839844
2023-08-07,324.52203369140625,176.8763427734375,161.36492919921875,99.14183044433594,148.8319091796875,149.26829528808594,145.19918823242188,98.98377227783203,57.16767120361328,173.2858123779297,31.483501434326172,34.65047073364258,135.17855834960938,113.15372467041016,276.5364074707031,49.68938446044922,52.08924102783203,311.4190673828125,81.30569458007812,180.6996307373047,272.4569396972656,73.47188568115234,238.25,235.69949340820312,90.43018341064453,104.2378158569336,68.00553894042969,54.28300094604492,280.3243408203125,446.6686096191406,423.12628173828125,162.9701385498047,30.05076026916504,74.47837829589844,42.810279846191406,336.3052978515625,104.87589263916016,83.10157012939453,11.21462631225586,26.505178451538086,47.252994537353516,107.08548736572266,162.03622436523438,420.3105773925781,118.3379135131836,36.88920211791992,80.76081085205078,67.99002075195312,136.4204559326172,417.6139221191406
2023-08-08,320.5307922363281,177.81582641601562,161.43948364257812,99.63201141357422,147.9964141845703,149.42996215820312,144.98129272460938,99.2823257446289,56.9154167175293,171.01414489746094,31.44820213317871,34.44392013549805,134.92886352539062,112.30580139160156,274.8092346191406,49.73625564575195,52.141170501708984,310.13238525390625,80.44805145263672,178.84115600585938,273.6564636230469,72.92729187011719,238.0399932861328,243.0237274169922,89.50010681152344,101.47929382324219,68.08834075927734,54.00471496582031,280.64129638671875,513.0864868164062,422.83465576171875,161.90618896484375,29.47576332092285,73.93364715576172,42.25923538208008,329.400634765625,103.24816131591797,82.53250885009766,11.162626266479492,26.19470977783203,46.463863372802734,108.12378692626953,160.61288452148438,416.69134521484375,117.38075256347656,36.98954391479492,80.04777526855469,66.04638671875,136.4871063232422,416.79095458984375
2023-08-09,316.77545166015625,176.22361755371094,161.3369598388672,101.3244400024414,146.01211547851562,149.23973083496094,145.17198181152344,98.99310302734375,57.04621887207031,170.587646484375,31.624685287475586,33.71609115600586,133.28262329101562,110.2298583984375,273.528076171875,49.67063522338867,52.22555923461914,310.5107727050781,80.13127136230469,180.3564910888672,275.2428894042969,73.08014678955078,237.86000061035156,241.6446533203125,88.41238403320312,101.21017456054688,68.6404037475586,54.41764831542969,276.97186279296875,517.64111328125,425.9767150878906,159.90518188476562,29.08928871154785,74.01675415039062,41.53718566894531,324.13232421875,101.62944030761719,81.68357849121094,11.032628059387207,25.955204010009766,46.834659576416016,108.91888427734375,159.56321716308594,419.2420959472656,117.6292495727539,36.86412811279297,79.50138854980469,66.78682708740234,133.3877410888672,422.2421569824219
2023-08-10,317.46356201171875,176.00604248046875,160.49795532226562,101.84236145019531,145.79371643066406,148.49774169921875,146.0528564453125,98.49859619140625,56.9154167175293,170.37435913085938,31.518796920776367,34.10951614379883,133.9934844970703,110.1226577758789,272.9302673339844,50.026832580566406,52.199501037597656,311.63665771484375,80.27806854248047,180.8643798828125,274.55609130859375,72.87950134277344,238.25999450683594,244.19786071777344,89.51586151123047,100.67191314697266,68.0515365600586,55.019100189208984,277.5289611816406,512.8307495117188,423.3802795410156,159.6318817138672,29.164697647094727,73.85979461669922,41.48967742919922,321.96630859375,102.2859115600586,81.7582015991211,10.538629531860352,25.928592681884766,46.66352462768555,108.3482894897461,160.461669921875,414.1597900390625,117.60164642333984,36.72198486328125,79.54769897460938,66.99044036865234,133.39727783203125,420.77044677734375
2023-08-11,315.5760498046875,176.0654296875,162.06410217285156,103.42381286621094,146.6387176513672,149.3634033203125,149.06781005859375,100.24334716796875,57.14898681640625,170.64324951171875,31.801158905029297,34.31605911254883,133.8719024658203,110.19086456298828,273.898193359375,50.4205322265625,52.505680084228516,313.2544250488281,80.78028869628906,182.71385192871094,275.9103698730469,73.47188568115234,235.72000122070312,244.61720275878906,90.32772827148438,101.21977233886719,68.88883972167969,54.965240478515625,278.1053771972656,519.657470703125,427.1432800292969,161.32052612304688,29.49461555480957,73.85979461669922,41.54668045043945,322.2784423828125,101.01791381835938,81.81417846679688,10.521295547485352,26.0350399017334,46.56844711303711,110.20040130615234,158.54071044921875,414.91058349609375,117.76729583740234,36.56312942504883,78.54755401611328,67.25885009765625,130.70924377441406,421.25457763671875
2023-08-14,318.5548095703125,177.71923828125,161.68186950683594,103.50704193115234,146.94256591796875,148.193359375,148.95884704589844,101.61487579345703,56.878047943115234,170.2538299560547,31.827634811401367,35.09306716918945,132.74008178710938,112.63717651367188,274.0785217285156,50.504886627197266,52.11481475830078,312.156982421875,79.9072036743164,181.6022491455078,275.2525634765625,72.344482421875,236.7100067138672,243.18215942382812,91.07650756835938,101.97909545898438,68.40119171142578,55.315338134765625,278.42236328125,530.3533935546875,423.40850830078125,162.1111602783203,29.155269622802734,73.72130584716797,41.556182861328125,319.4503479003906,101.02690124511719,81.4690170288086,10.573294639587402,25.786664962768555,46.44411087036133,110.08814239501953,157.5443572998047,413.3705139160156,117.27951049804688,36.39590072631836,78.65869903564453,66.88862609863281,133.56947326660156,423.7429504394531
2023-08-15,316.41168212890625,175.72874450683594,161.21575927734375,100.84968566894531,143.20184326171875,147.2421112060547,144.60894775390625,101.38162994384766,56.49500274658203,168.14910888671875,31.227609634399414,34.19803237915039,132.70265197753906,114.31352996826172,273.5945129394531,50.008087158203125,51.84772872924805,314.2288818359375,78.14555358886719,179.96360778808594,268.316650390625,71.31261444091797,232.25999450683594,247.878662109375,89.73656463623047,100.8641586303711,67.47187042236328,55.432037353515625,277.8940124511719,538.8507690429688,417.29364013671875,158.04083251953125,28.222076416015625,73.52742767333984,40.59660720825195,314.21978759765625,98.7247085571289,80.37755584716797,10.38262939453125,25.369749069213867,45.860687255859375,108.51922607421875,155.524658203125,407.32568359375,116.42359924316406,36.01129150390625,76.7408676147461,66.36107635498047,132.8424530029297,417.9721984863281
2023-08-16,315.6432800292969,174.85728454589844,160.70303344726562,99.15267944335938,142.59417724609375,145.73919677734375,144.05499267578125,101.44694519042969,56.50434112548828,168.01931762695312,31.307018280029297,32.978431701660156,131.55215454101562,112.41301727294922,270.8424072265625,49.64250946044922,51.87379455566406,315.0708923339844,77.87513732910156,178.70828247070312,265.5500183105469,71.10242462158203,229.9499969482422,246.9561309814453,89.51586151123047,100.4700698852539,66.91060638427734,54.69593811035156,277.5769958496094,538.4761962890625,418.7518310546875,156.9182891845703,27.609373092651367,72.01329803466797,40.1120719909668,311.2876892089844,98.10419464111328,80.21894836425781,10.235296249389648,25.006059646606445,44.97120666503906,107.70186614990234,153.26263427734375,411.2913818359375,116.2855453491211,35.743736267089844,76.49880981445312,66.02787780761719,131.6658477783203,410.4779357910156
2023-08-17,312.1755676269531,172.31222534179688,162.21322631835938,101.07344818115234,141.1130828857422,144.6928253173828,146.46629333496094,101.62420654296875,56.62580108642578,165.46018981933594,32.215877532958984,32.04405975341797,131.57086181640625,111.96469116210938,267.4830322265625,51.30164337158203,50.710975646972656,309.6309509277344,78.655517578125,178.21954345703125,266.1884765625,70.7011489868164,224.5399932861328,247.8579559326172,87.45867919921875,100.85455322265625,61.463539123535156,55.791107177734375,259.87298583984375,530.0181274414062,420.2099304199219,156.74261474609375,27.599946975708008,70.62843322753906,40.34959411621094,309.7838134765625,97.72647857666016,80.0323715209961,10.252630233764648,24.092391967773438,44.70341110229492,109.6653823852539,153.26263427734375,413.1010437011719,116.73651885986328,35.593238830566406,76.84326934814453,65.05606842041016,132.0771942138672,405.84979248046875
2023-08-18,311.7814636230469,172.79747009277344,160.79629516601562,102.60260009765625,141.43589782714844,145.1018524169922,147.5206756591797,101.88544464111328,56.94344711303711,165.20982360839844,32.34823989868164,32.211265563964844,132.2723846435547,113.50459289550781,267.3691101074219,51.59221649169922,51.44057846069336,309.7161560058594,78.42808532714844,178.79452514648438,264.86309814453125,71.22663116455078,226.64999389648438,245.95103454589844,88.11287689208984,99.68192291259766,61.47273635864258,55.710323333740234,265.1371765136719,538.66357421875,423.3896789550781,156.4009552001953,27.439697265625,70.05599975585938,40.37808609008789,307.33404541015625,96.77322387695312,79.1927719116211,10.365296363830566,23.965970993041992,45.49724197387695,110.19149780273438,153.71142578125,414.0635986328125,118.0250015258789,35.87751770019531,77.1132583618164,64.98202514648438,133.47381591796875,384.412841796875
2023-08-21,317.10125732421875,174.1343536376953,156.00473022460938,101.36250305175781,141.9200897216797,144.36940002441406,147.02557373046875,102.29598999023438,56.45763397216797,164.1620635986328,32.65707015991211,32.5948486328125,133.08619689941406,113.63128662109375,265.755859375,51.967166900634766,51.30378341674805,306.5845947265625,77.78504180908203,179.1490936279297,263.847412109375,70.51007843017578,227.22000122070312,244.89886474609375,88.29415130615234,99.8357162475586,61.721168518066406,55.575660705566406,270.18035888671875,542.2320556640625,424.7349548339844,157.0354461669922,27.477405548095703,70.11141204833984,40.36859130859375,304.61944580078125,96.65633392333984,78.59573364257812,10.37396240234375,23.875667572021484,45.3250846862793,110.11632537841797,151.24295043945312,417.4517822265625,116.60765838623047,35.72701644897461,76.81535339355469,63.63072967529297,132.5841827392578,378.380615234375
2023-08-22,317.6726989746094,175.51087951660156,154.76490783691406,100.7937240600586,138.9768829345703,144.42645263671875,145.81532287597656,100.04741668701172,56.11195373535156,162.91036987304688,32.5070686340332,32.34896469116211,132.3472442626953,113.58255004882812,266.0121154785156,51.98591232299805,51.14091873168945,306.98199462890625,77.25180053710938,178.248291015625,261.38067626953125,70.23298645019531,230.07000732421875,242.00555419921875,88.01040649414062,101.06599426269531,61.69355773925781,55.530784606933594,269.0372314453125,545.7908325195312,426.0990295410156,155.27845764160156,26.808147430419922,70.48994445800781,39.42802047729492,301.52655029296875,96.59337615966797,77.41095733642578,10.287296295166016,23.965970993041992,44.961647033691406,109.1204833984375,149.77980041503906,421.34051513671875,117.75809478759766,35.76045608520508,75.19542694091797,63.34381866455078,132.35458374023438,372.9778747558594
2023-08-23,322.14532470703125,179.36312866210938,153.3759002685547,99.90792083740234,139.91680908203125,145.77723693847656,146.00787353515625,103.84479522705078,56.30815505981445,165.15420532226562,32.34823989868164,33.42103576660156,134.1431427001953,114.84956359863281,267.4925231933594,52.47333526611328,51.49595642089844,308.505126953125,78.14578247070312,179.2736358642578,264.1183166503906,70.23298645019531,228.5800018310547,241.7613067626953,89.43704986572266,101.04676818847656,61.09548568725586,55.261470794677734,270.7278747558594,545.4949340820312,427.6324768066406,155.62985229492188,26.81757354736328,71.12698364257812,39.53253173828125,304.8747863769531,99.25529479980469,77.79344940185547,10.365296363830566,23.965970993041992,44.885128021240234,108.80105590820312,151.59303283691406,418.25067138671875,118.45755767822266,36.053096771240234,75.53058624267578,63.066158294677734,131.8667449951172,381.759765625
2023-08-24,315.2196350097656,174.66912841796875,153.89794921875,99.16199493408203,139.78387451171875,145.1018524169922,144.80682373046875,102.11870574951172,56.158668518066406,164.2826385498047,31.90704345703125,32.05389404296875,134.27410888671875,110.04468536376953,267.94805908203125,51.77969741821289,51.101837158203125,305.19384765625,77.24395751953125,177.43377685546875,260.5100402832031,70.05146789550781,217.30999755859375,241.06613159179688,87.52172088623047,99.72036743164062,61.17829895019531,55.0101203918457,271.2562255859375,540.2112426757812,425.73211669921875,154.01927185058594,26.977815628051758,70.47148132324219,39.36151123046875,302.6332092285156,98.48189544677734,77.840087890625,10.183296203613281,22.86429214477539,44.46430587768555,107.85218048095703,149.90545654296875,415.998291015625,118.30109405517578,36.28720474243164,74.78580474853516,62.945831298828125,131.2927703857422,374.3624267578125
2023-08-25,318.1850280761719,176.87750244140625,156.10452270507812,100.93358612060547,139.6129913330078,146.05308532714844,145.88868713378906,102.82779693603516,56.42026138305664,166.35955810546875,32.10116958618164,32.703041076660156,135.95779418945312,113.11473846435547,270.0643005371094,52.210880279541016,51.40475082397461,305.4493408203125,77.59684753417969,178.52621459960938,263.66357421875,70.53873443603516,223.41000366210938,240.84071350097656,88.25474548339844,100.16249084472656,61.94198989868164,55.728275299072266,268.2303161621094,545.781005859375,424.3586120605469,154.53662109375,26.864702224731445,70.96080017089844,39.17150115966797,302.8128662109375,98.65276336669922,77.63485717773438,10.3219633102417,22.81011199951172,44.51212692260742,109.46809387207031,151.5840301513672,415.27325439453125,118.91773986816406,36.512962341308594,75.25129699707031,63.279029846191406,132.3641357421875,377.8190612792969
2023-08-28,318.8943176269531,178.44215393066406,154.26414489746094,101.78207397460938,140.09719848632812,146.28138732910156,146.88803100585938,101.63353729248047,56.579078674316406,167.12916564941406,31.951162338256836,33.066951751708984,136.58450317382812,113.87493896484375,269.2101745605469,52.67955780029297,51.69789505004883,308.3348388671875,81.65116119384766,180.04026794433594,265.8208312988281,70.35719299316406,227.05999755859375,241.0004119873047,89.82328033447266,98.79766082763672,61.868377685546875,55.33328628540039,270.45892333984375,546.0470581054688,425.5157775878906,155.3858184814453,27.109785079956055,71.12698364257812,39.78904724121094,308.3177795410156,99.27326965332031,78.71699523925781,10.3132963180542,22.72884178161621,44.59820556640625,110.40757751464844,151.55711364746094,416.81036376953125,119.1754379272461,36.763790130615234,75.28852081298828,63.44562911987305,132.80419921875,382.15679931640625
2023-08-29,323.53436279296875,182.3340606689453,154.2829132080078,102.38814544677734,141.23648071289062,146.36697387695312,146.6588592529297,102.62252807617188,56.52302551269531,167.7596435546875,31.89822006225586,33.74560546875,136.98670959472656,117.58826446533203,269.1247863769531,53.017005920410156,52.131099700927734,311.6177062988281,82.78826904296875,181.6118621826172,270.88983154296875,70.19477081298828,227.25,243.9031219482422,90.90310668945312,99.8357162475586,61.767173767089844,56.419490814208984,270.54541015625,546.0274047851562,421.82806396484375,156.41073608398438,27.496259689331055,72.20718383789062,39.903053283691406,314.5413818359375,100.48731231689453,79.8084716796875,10.443296432495117,23.062959671020508,44.46430587768555,110.5390853881836,154.1692352294922,415.7566223144531,119.1938247680664,36.97282028198242,75.97745513916016,63.39009475708008,134.84176635742188,391.2680358886719
2023-08-30,323.90875244140625,185.82980346679688,153.73831176757812,103.38582611083984,140.6668701171875,146.5286865234375,146.86053466796875,102.82779693603516,56.49500274658203,167.89874267578125,31.677627563476562,33.96198272705078,137.37022399902344,118.04634857177734,269.74163818359375,53.251346588134766,52.505680084228516,314.7978210449219,81.90996551513672,180.69189453125,273.11468505859375,70.5578384399414,228.85000610351562,242.2498016357422,90.09913635253906,100.354736328125,61.49113845825195,55.99757766723633,271.5348205566406,540.2012939453125,425.60040283203125,156.34242248535156,27.373716354370117,71.69940185546875,39.466026306152344,313.37786865234375,100.38838958740234,79.53794860839844,10.425963401794434,23.117137908935547,44.49299621582031,111.51615142822266,154.40261840820312,420.3389587402344,119.1478271484375,37.22364807128906,75.17681884765625,63.19572448730469,135.8748779296875,400.146728515625
2023-08-31,322.89398193359375,186.0476837158203,151.8134307861328,103.67488098144531,138.92938232421875,146.8140869140625,147.70404052734375,101.6801986694336,55.89707565307617,166.1293182373047,31.218780517578125,34.56195068359375,137.3421630859375,117.3348617553711,268.24365234375,53.75751876831055,52.964942932128906,314.4836120605469,83.65088653564453,180.09779357910156,271.9538879394531,70.19477081298828,224.02999877929688,240.80313110351562,90.21736145019531,98.90338897705078,59.963748931884766,55.34226989746094,265.3773498535156,546.3230590820312,424.5965576171875,154.21450805664062,27.250158309936523,70.6099624633789,39.2285041809082,312.54815673828125,100.92798614501953,79.43531799316406,10.512628555297852,22.855262756347656,44.3686637878418,111.82618713378906,152.05978393554688,418.6858215332031,118.56800079345703,36.97282028198242,73.82688903808594,62.62190246582031,135.60702514648438,397.89080810546875
2023-09-01,323.7806701660156,187.6222381591797,150.6866455078125,105.8473892211914,139.39462280273438,146.9757843017578,150.63795471191406,102.48257446289062,55.411251068115234,163.7016143798828,31.57174301147461,36.00776672363281,138.38043212890625,117.86116790771484,268.0433349609375,54.21683120727539,52.626190185546875,317.1304626464844,83.87045288085938,180.5289764404297,276.90679931640625,70.00370788574219,223.39999389648438,241.1507110595703,90.04397583007812,98.85533142089844,60.42380142211914,55.674407958984375,265.77117919921875,549.191650390625,424.43560791015625,155.8055419921875,27.544803619384766,70.76691436767578,39.570526123046875,312.2524108886719,101.53050231933594,79.99506378173828,10.521295547485352,21.1575984954834,43.976531982421875,114.74797058105469,150.80308532714844,421.1317138671875,117.30712127685547,36.8808479309082,74.28307342529297,61.316890716552734,135.84617614746094,405.5980224609375
2023-09-05,328.5979919433594,187.85992431640625,150.8744354248047,105.85671997070312,137.85655212402344,145.00672912597656,152.6183624267578,100.30865478515625,54.95345687866211,162.6184844970703,31.218780517578125,36.10612487792969,138.55816650390625,120.83377075195312,266.3450012207031,53.673152923583984,52.2027587890625,312.08428955078125,83.79203796386719,177.9512481689453,272.4375915527344,69.5355453491211,222.57000732421875,238.6143341064453,88.97200775146484,96.96183776855469,60.36860275268555,54.435604095458984,268.96490478515625,550.2564086914062,421.60394287109375,156.17645263671875,27.23114585876465,69.39128112792969,39.466026306152344,308.77130126953125,100.5502700805664,79.1461181640625,10.477962493896484,20.525487899780273,43.0583610534668,115.39619445800781,147.18560791015625,416.74267578125,116.90217590332031,36.86412811279297,73.43587493896484,61.178062438964844,130.546630859375,401.26995849609375
2023-09-06,327.9380187988281,181.1357879638672,148.36737060546875,106.7704849243164,137.62869262695312,144.7213592529297,152.7742156982422,99.35697937011719,54.91609191894531,163.1507110595703,30.32757568359375,36.371681213378906,138.49266052246094,121.17487335205078,262.7958068847656,53.57942199707031,52.593624114990234,310.3894958496094,83.41561889648438,176.81088256835938,273.6661071777344,69.0960464477539,217.9499969482422,233.91741943359375,88.81436157226562,97.61542510986328,60.27659225463867,53.56485366821289,265.9544982910156,551.9913330078125,401.47979736328125,154.2242431640625,26.984024047851562,68.5418930053711,38.971981048583984,306.2725524902344,100.271484375,78.51177215576172,10.460628509521484,20.444217681884766,43.19225311279297,115.62167358398438,145.695556640625,409.5501403808594,116.50643157958984,36.39590072631836,72.11388397216797,60.96519088745117,131.10147094726562,401.1344299316406
2023-09-07,325.0120849609375,175.83767700195312,150.26409912109375,106.24832916259766,136.451416015625,146.1006622314453,152.78338623046875,100.7098617553711,54.49567413330078,164.71002197265625,30.2481632232666,37.55194091796875,137.98757934570312,121.91558837890625,265.5531311035156,53.232601165771484,53.24505615234375,312.6936340332031,83.08625030517578,176.43714904785156,272.2441101074219,70.28076934814453,216.0500030517578,238.97132873535156,88.11287689208984,96.75999450683594,60.359397888183594,53.83415603637695,271.4158630371094,565.0825805664062,403.3738098144531,153.03341674804688,26.736902236938477,68.26493072509766,38.41144561767578,307.06414794921875,98.94953155517578,78.21324157714844,10.365296363830566,19.90241241455078,43.5461311340332,114.34398651123047,145.63272094726562,416.65570068359375,118.10431671142578,36.55476379394531,73.11002349853516,60.15071487426758,130.26919555664062,398.65576171875
2023-09-08,329.3073425292969,176.45166015625,150.7617645263672,107.796142578125,136.55584716796875,145.4728240966797,153.3059844970703,101.74551391601562,54.49567413330078,164.5886688232422,30.221689224243164,37.384735107421875,138.1372528076172,123.11436462402344,266.4023132324219,53.120113372802734,53.342769622802734,312.9697265625,83.31367492675781,176.8204803466797,273.06634521484375,69.93681335449219,211.27000427246094,243.70587158203125,88.05770111083984,96.81767272949219,60.580223083496094,54.59718704223633,271.59912109375,578.1246948242188,400.6748046875,153.66786193847656,26.955507278442383,70.16680908203125,38.952980041503906,310.4594421386719,98.23906707763672,79.22074890136719,10.659961700439453,19.857261657714844,44.89469528198242,115.29285430908203,144.55551147460938,408.6607666015625,118.42947387695312,36.85576629638672,73.3707046508789,61.22433090209961,129.81002807617188,386.9690246582031
2023-09-11,332.9228515625,177.62020874023438,152.73362731933594,106.44414520263672,137.15399169921875,147.20408630371094,150.14288330078125,101.32564544677734,55.009525299072266,167.07237243652344,29.94814682006836,37.955196380615234,138.79200744628906,123.49446868896484,266.9175109863281,53.27947235107422,53.5284309387207,312.6459655761719,84.60761260986328,178.43997192382812,272.8438720703125,70.65337371826172,211.00999450683594,245.85704040527344,90.0597152709961,98.47086334228516,63.257747650146484,54.58821487426758,274.8218994140625,587.09521484375,398.37359619140625,154.05833435058594,27.06956672668457,71.12698364257812,39.26650619506836,309.6296691894531,99.0124740600586,77.9053955078125,10.590630531311035,19.351573944091797,43.450496673583984,113.1508560180664,144.4208984375,410.8648986816406,118.95901489257812,37.173484802246094,73.3055419921875,60.98369216918945,130.4318389892578,387.6564025878906
2023-09-12,326.8444519042969,174.5898895263672,153.59747314453125,109.549072265625,138.9388885498047,144.61671447753906,152.93922424316406,101.7175064086914,54.4676399230957,166.45611572265625,30.13344955444336,38.22075653076172,136.84642028808594,106.82843017578125,267.8238830566406,52.85765838623047,53.58706283569336,310.65606689453125,84.03514099121094,181.31478881835938,272.6117248535156,69.2871322631836,210.64999389648438,244.5325164794922,90.64299774169922,98.42280578613281,64.88634490966797,54.07653045654297,276.47186279296875,590.7821655273438,395.6934509277344,154.71229553222656,27.53529930114746,70.9054183959961,40.41609573364258,315.5904846191406,99.17435455322266,79.8084716796875,10.789962768554688,19.613447189331055,43.68960189819336,115.6310806274414,140.54310607910156,409.9754943847656,115.96762084960938,37.516292572021484,74.19927215576172,60.61347579956055,128.03077697753906,389.4864501953125
2023-09-13,331.0707702636719,172.52015686035156,153.98243713378906,108.57005310058594,139.00535583496094,145.62503051757812,152.3799591064453,100.58855438232422,54.59844207763672,167.77267456054688,30.071685791015625,38.073219299316406,137.08026123046875,109.00181579589844,268.8352355957031,52.75455093383789,53.6000862121582,310.2752685546875,79.24365997314453,183.595458984375,266.9139404296875,69.58332061767578,208.39999389648438,241.6392059326172,89.53951263427734,98.70154571533203,64.62871551513672,53.54690170288086,275.1982116699219,590.3679809570312,398.6860656738281,155.33702087402344,27.44975471496582,71.37625885009766,40.14057159423828,319.4817810058594,98.07720947265625,81.3943862915039,10.954627990722656,19.77598762512207,43.144439697265625,114.90767669677734,141.68309020996094,412.1313171386719,116.1162338256836,37.41596603393555,74.1434326171875,60.40060806274414,127.22724914550781,389.4573669433594
2023-09-14,333.671630859375,174.0353546142578,153.74771118164062,110.50944519042969,141.7017059326172,147.22311401367188,153.32431030273438,101.67823028564453,55.05044937133789,169.2199249267578,30.13344955444336,38.03387451171875,137.8285675048828,110.77564239501953,271.6879577636719,52.838905334472656,53.824832916259766,313.8456726074219,80.23961639404297,185.48326110839844,273.3371887207031,70.18523406982422,209.0500030517578,246.4019012451172,91.15531921386719,98.6630859375,64.36188507080078,53.40326690673828,273.3648986816406,583.2013549804688,403.3265075683594,157.91392517089844,27.753908157348633,72.1220932006836,40.900630950927734,328.6280822753906,100.0871353149414,83.09223937988281,10.937294006347656,20.29973602294922,43.79480743408203,116.96513366699219,144.2772674560547,417.94146728515625,116.94306945800781,37.698055267333984,75.08372497558594,61.4186897277832,128.55691528320312,398.6072692871094
2023-09-15,325.3175048828125,173.3124237060547,151.5974578857422,108.81246948242188,141.2839813232422,145.98651123046875,152.65501403808594,101.00188446044922,54.56077194213867,167.92208862304688,30.062856674194336,37.25687789916992,136.5564422607422,111.0193099975586,265.457763671875,52.52958297729492,53.62614822387695,306.0097351074219,79.25151062011719,184.9849395751953,270.03857421875,69.90815734863281,208.11000061035156,244.91766357421875,91.0291976928711,97.78843688964844,65.2083969116211,52.99032974243164,273.2780456542969,567.47802734375,401.5840148925781,159.83682250976562,27.41173553466797,70.54651641845703,40.80562973022461,326.6919860839844,99.70514678955078,82.47653198242188,10.928627014160156,20.245553970336914,44.30171203613281,116.09142303466797,144.06185913085938,419.072509765625,116.13482666015625,37.2108039855957,73.8734359741211,60.946678161621094,127.99252319335938,399.023681640625
2023-09-18,324.1746520996094,176.24371337890625,152.55520629882812,109.6889419555664,141.57830810546875,146.53822326660156,153.3151397705078,101.28368377685547,54.899776458740234,167.49256896972656,29.683433532714844,37.36506652832031,135.714599609375,109.36244201660156,264.9711608886719,52.59519958496094,53.22876739501953,302.06805419921875,79.2358169555664,186.34571838378906,271.7701110839844,70.5578384399414,205.1199951171875,247.20037841796875,91.8804702758789,97.07718658447266,65.05197143554688,52.58637237548828,275.3236083984375,563.1603393554688,407.0861511230469,155.81532287597656,27.3356990814209,70.4999008178711,41.261661529541016,327.4359130859375,99.17768096923828,82.75640106201172,10.694628715515137,20.03786277770996,44.51212692260742,116.94634246826172,142.2216796875,425.8687438964844,116.23703002929688,37.05693054199219,73.7244873046875,61.178062438964844,126.73937225341797,397.7939758300781
2023-09-19,323.7707824707031,177.33302307128906,152.30169677734375,109.39988708496094,141.3979034423828,146.11016845703125,153.2967987060547,100.8515853881836,54.78677749633789,166.5028076171875,29.992273330688477,35.74220657348633,137.05223083496094,109.90821838378906,265.3623352050781,52.34210968017578,53.21574401855469,299.5448913574219,78.60061645507812,187.19857788085938,270.54156494140625,69.95591735839844,204.47999572753906,248.2900390625,91.59672546386719,96.75999450683594,66.23890686035156,52.631263732910156,274.648193359375,566.7880249023438,402.7772216796875,155.5419921875,27.23114585876465,70.6397476196289,41.0621452331543,326.0720520019531,100.58734130859375,82.56983184814453,10.885295867919922,19.893383026123047,44.08173370361328,115.70623779296875,141.83570861816406,421.4700622558594,115.54027557373047,36.80902862548828,73.64068603515625,60.97443771362305,126.47152709960938,386.0297546386719
2023-09-20,316.0077209472656,173.7877655029297,152.96835327148438,108.53275299072266,140.79977416992188,145.98651123046875,152.82920837402344,100.80461883544922,55.0316162109375,166.55882263183594,29.66578483581543,34.11935043334961,140.14834594726562,110.00569915771484,264.4750671386719,52.02341079711914,53.388370513916016,295.97442626953125,77.62820434570312,186.3265380859375,269.51611328125,70.47185516357422,202.3699951171875,255.00669860839844,90.5247573852539,96.38514709472656,65.70526123046875,52.76591110229492,277.2437744140625,561.5436401367188,404.330322265625,153.47267150878906,27.136096954345703,70.68637084960938,40.729618072509766,321.1221923828125,98.8411636352539,81.2917709350586,10.711960792541504,19.7218074798584,44.16781234741211,113.83666229248047,141.5035858154297,425.53997802734375,116.06051635742188,36.79193115234375,73.9013671875,60.96519088745117,125.12273406982422,389.55419921875
2023-09-21,314.78619384765625,172.2428741455078,151.79466247558594,107.00360107421875,139.6984405517578,144.7213592529297,151.4539337158203,100.25978088378906,54.18410873413086,163.7576446533203,28.986347198486328,34.08000946044922,137.8566131591797,106.65299987792969,258.76953125,49.99871063232422,52.74019241333008,292.0708312988281,76.45189666748047,183.44215393066406,263.1509094238281,69.95591735839844,199.9499969482422,253.0809326171875,89.05870056152344,95.08758544921875,66.14691162109375,53.03521728515625,280.6305236816406,542.3109130859375,395.4188537597656,151.01287841796875,26.660860061645508,70.1736068725586,40.20707702636719,314.9610290527344,96.55838012695312,79.18343353271484,10.573294639587402,19.369632720947266,43.718292236328125,111.86376190185547,139.51979064941406,422.5721130371094,116.37637329101562,36.68080520629883,73.43587493896484,60.60422897338867,122.72166442871094,375.3306884765625
2023-09-22,312.30364990234375,173.0945587158203,150.7054443359375,107.17142486572266,138.3597412109375,144.18865966796875,152.4533233642578,99.89340209960938,54.240596771240234,163.65493774414062,28.845169067382812,33.61773681640625,137.41700744628906,106.26313781738281,259.7236328125,50.21430587768555,52.88025665283203,291.09014892578125,76.09901428222656,181.8610076904297,264.14727783203125,69.22025299072266,197.7100067138672,251.47462463378906,87.68724822998047,94.33787536621094,65.46601867675781,52.873634338378906,279.27972412109375,542.715087890625,391.73492431640625,149.42184448242188,26.271163940429688,69.93122100830078,39.17150115966797,312.71978759765625,95.89448547363281,77.70014953613281,10.772627830505371,19.071640014648438,43.67047119140625,111.94832611083984,138.03868103027344,410.7682189941406,115.16867065429688,36.18500518798828,71.6670150756836,59.993370056152344,124.48181915283203,368.7757263183594
2023-09-25,312.8257751464844,174.3720245361328,150.48007202148438,108.37422943115234,139.04331970214844,143.31350708007812,154.68124389648438,99.42372131347656,53.675601959228516,162.77719116210938,29.101058959960938,33.72593307495117,137.0147705078125,105.55166625976562,257.3956604003906,50.129940032958984,53.114768981933594,291.813720703125,74.33455657958984,183.85421752929688,265.3177795410156,69.00050354003906,198.77999877929688,250.68551635742188,88.1210708618164,93.68428802490234,66.7725830078125,53.107032775878906,284.0076904296875,544.4403076171875,391.0246887207031,149.56822204589844,26.233144760131836,69.7634048461914,39.48502731323242,313.62579345703125,96.35830688476562,77.45760345458984,10.902626991271973,19.270301818847656,43.718292236328125,113.74271392822266,138.51443481445312,411.4159851074219,114.71344757080078,35.97984313964844,71.96493530273438,59.95634460449219,126.3184814453125,372.1838684082031
2023-09-26,307.50592041015625,170.2919921875,149.3157501220703,108.54206085205078,137.60020446777344,142.0388641357422,153.84693908691406,99.00100708007812,53.233009338378906,161.08718872070312,28.589277267456055,33.27349853515625,133.98416137695312,102.21845245361328,255.4302215576172,49.408180236816406,52.929115295410156,288.0528564453125,73.62094116210938,180.0498504638672,260.7228088378906,68.7903060913086,195.63999938964844,252.73338317871094,86.70916748046875,92.49243927001953,65.63165283203125,52.55046844482422,278.3437194824219,542.192626953125,387.09454345703125,147.50865173339844,25.824440002441406,70.41598510742188,38.62046813964844,308.83807373046875,93.9482192993164,76.65531921386719,10.772627830505371,19.08066749572754,43.18269348144531,112.86901092529297,136.35113525390625,412.3923034667969,114.75990295410156,35.81742477416992,70.81981658935547,60.363590240478516,123.02779388427734,367.5750427246094
2023-09-27,308.14630126953125,168.77684020996094,147.52230834960938,112.0759048461914,138.40721130371094,140.1553955078125,156.8175048828125,97.63892364501953,52.68684768676758,158.33267211914062,28.324560165405273,34.04066848754883,133.9186553955078,101.9650650024414,251.53753662109375,49.86748504638672,52.675048828125,287.36737060546875,73.29156494140625,180.04026794433594,263.8087463378906,67.88267517089844,195.4600067138672,252.677001953125,87.46638488769531,91.81963348388672,64.2054672241211,51.96696853637695,278.4788818359375,541.9462280273438,387.0661926269531,146.3178253173828,25.91948890686035,70.43465423583984,38.819976806640625,307.05462646484375,94.16648864746094,76.17022705078125,10.73796272277832,18.98133659362793,42.54188537597656,116.22089385986328,136.80892944335938,422.69781494140625,113.02266693115234,35.82596969604492,71.08980560302734,59.28070831298828,122.47296142578125,372.15478515625
2023-09-28,308.9836730957031,169.03433227539062,147.3063507080078,111.39524841308594,140.12567138671875,139.2041778564453,156.4049072265625,97.97708892822266,52.55500411987305,158.26730346679688,28.315736770629883,34.60129165649414,132.431396484375,103.45622253417969,253.39797973632812,50.504886627197266,52.942142486572266,288.9573974609375,73.13471984863281,179.30239868164062,267.2234802246094,68.13105773925781,190.42999267578125,254.40548706054688,88.61009979248047,94.30903625488281,64.43549346923828,52.19139099121094,280.1288146972656,536.711669921875,389.1874694824219,146.63992309570312,26.195125579833984,70.3134536743164,38.86748123168945,310.15423583984375,94.71217346191406,76.67398071289062,10.885295867919922,18.872976303100586,43.125301361083984,115.87153625488281,139.58262634277344,424.8826599121094,112.9669189453125,36.0225830078125,70.7918930053711,59.336238861083984,124.89312744140625,373.8260803222656
2023-09-29,311.06231689453125,169.5492706298828,146.2452850341797,109.63298797607422,137.68563842773438,138.74758911132812,154.59872436523438,96.70891571044922,52.715087890625,158.2113037109375,29.26871109008789,34.96520233154297,131.23411560058594,103.2320556640625,251.3466796875,50.392398834228516,52.092018127441406,287.6910705566406,73.41705322265625,177.0312957763672,264.0892333984375,67.93999481201172,191.67999267578125,252.47035217285156,87.19821166992188,93.08836364746094,64.24226379394531,52.101627349853516,276.0280456542969,529.4957275390625,387.2934265136719,145.62481689453125,26.02404022216797,69.86595153808594,38.819976806640625,308.5996398925781,95.37609100341797,76.1888656616211,10.763961791992188,20.0830135345459,42.80011749267578,113.11449432373047,139.91476440429688,425.5496826171875,112.2701644897461,35.94565200805664,70.21468353271484,59.22517776489258,124.1661376953125,366.68438720703125
2023-10-02,317.0224914550781,172.0646514892578,145.68191528320312,107.81478118896484,136.4988555908203,138.11024475097656,152.69168090820312,96.33317565917969,52.24424362182617,157.95916748046875,29.94814682006836,34.876686096191406,131.70181274414062,104.00201416015625,245.9178924560547,50.982940673828125,52.14738845825195,285.47265625,70.75076293945312,174.99017333984375,262.85101318359375,67.60559844970703,187.8300018310547,250.16883850097656,85.80998992919922,92.0118637084961,64.12266540527344,51.93106460571289,277.4464111328125,530.6390991210938,386.2138671875,145.90785217285156,25.377717971801758,69.08282470703125,37.63238525390625,303.76422119140625,95.12142944335938,75.01344299316406,10.668628692626953,20.245553970336914,42.11149215698242,110.5651626586914,139.20562744140625,427.51214599609375,110.56080627441406,35.54387664794922,69.0788803100586,57.920166015625,123.75479888916016,363.24468994140625
2023-10-03,308.73736572265625,170.72772216796875,145.86032104492188,108.00126647949219,135.4924774169922,138.39561462402344,153.04925537109375,95.6004638671875,51.67924880981445,156.58656311035156,29.91285514831543,35.10289764404297,131.31829833984375,101.86759948730469,242.80755615234375,50.652496337890625,51.81841278076172,277.9604797363281,69.62934112548828,173.58151245117188,260.1907653808594,67.3285140991211,188.9199981689453,245.19009399414062,84.99754333496094,92.06954193115234,63.71780776977539,51.36552429199219,274.4262390136719,517.7254028320312,382.4351806640625,141.583740234375,24.626840591430664,68.30901336669922,36.73930740356445,291.95697021484375,91.03791046142578,72.78384399414062,10.460628509521484,20.362945556640625,42.341033935546875,111.0372543334961,138.01177978515625,419.86529541015625,111.9914779663086,35.159202575683594,68.7157974243164,58.253353118896484,123.0660400390625,362.2148132324219
2023-10-04,314.224609375,171.9755096435547,146.02931213378906,103.96392059326172,136.10011291503906,138.85220336914062,149.4827423095703,95.97621154785156,51.82990646362305,157.71640014648438,29.392248153686523,35.33895492553711,131.95436096191406,104.36262512207031,244.06692504882812,50.46366882324219,52.44053268432617,278.38897705078125,69.02552032470703,174.88475036621094,256.3794250488281,67.41449737548828,186.72999572753906,249.3515625,85.85730743408203,91.93497467041016,63.46937942504883,50.9256591796875,275.07275390625,523.9061889648438,380.0676574707031,143.1259765625,24.65535545349121,69.67948150634766,37.02434158325195,294.322265625,92.59310150146484,73.78202819824219,10.39129638671875,20.12816619873047,42.98183822631836,107.00556945800781,137.9848175048828,408.24505615234375,112.42810821533203,35.60371780395508,68.39927673339844,58.40144348144531,127.43770599365234,366.31512451171875
2023-10-05,314.6186828613281,173.21337890625,147.5504608154297,101.62357330322266,136.67396545410156,136.78802490234375,150.27117919921875,97.31952667236328,49.32505416870117,149.49026489257812,29.533432006835938,35.29961013793945,132.37530517578125,105.60040283203125,240.65126037597656,50.104896545410156,51.81515884399414,277.7319641113281,68.87650299072266,172.50823974609375,252.28744506835938,66.1820068359375,186.2899932861328,249.01339721679688,85.75477600097656,92.4636001586914,64.17787170410156,51.16142272949219,275.3332824707031,533.7838745117188,376.2985534667969,144.16490173339844,24.7694091796875,69.6421890258789,37.33785629272461,296.13433837890625,92.71134185791016,73.83800506591797,10.3132963180542,20.028833389282227,42.22626876831055,107.09053802490234,137.67962646484375,406.0989074707031,110.07772064208984,35.89436340332031,68.08273315429688,57.716548919677734,125.62974548339844,365.04229736328125
2023-10-06,322.4014587402344,175.76837158203125,148.01995849609375,99.92657470703125,138.7781219482422,137.0638885498047,148.7400665283203,97.58255004882812,50.04072570800781,149.66763305664062,29.23341941833496,35.59467315673828,132.8523406982422,107.1695556640625,236.82537841796875,50.46366882324219,50.945491790771484,278.7983093261719,69.3235092163086,176.95465087890625,257.3564147949219,66.33487701416016,187.3800048828125,251.2584991455078,87.92386627197266,93.11719512939453,64.31587982177734,51.37905502319336,278.1122131347656,557.1864624023438,379.49945068359375,146.3505401611328,24.77891731262207,69.67948150634766,37.70838928222656,298.0227355957031,92.91142272949219,74.93880462646484,10.399962425231934,19.694717407226562,41.556766510009766,108.8939437866211,138.47854614257812,409.1634216308594,110.375,35.96274948120117,67.83135223388672,58.38930130004883,127.35163879394531,367.8115234375
2023-10-09,324.9234619140625,177.25381469726562,148.86505126953125,103.42313385009766,138.46250915527344,136.36949157714844,152.8567352294922,98.16495513916016,49.795894622802734,150.66671752929688,29.29518699645996,35.46681594848633,133.01136779785156,107.52041625976562,238.4473114013672,50.90740966796875,50.75983428955078,281.2167053222656,69.83323669433594,178.73704528808594,262.4447326660156,66.22023010253906,188.49000549316406,255.08187866210938,86.96947479248047,93.00187683105469,65.55803680419922,51.33371353149414,279.5016784667969,563.633544921875,413.4027404785156,145.86050415039062,25.007030487060547,69.97782135009766,37.7178840637207,298.146728515625,94.61213684082031,74.54700469970703,10.460628509521484,20.1101016998291,42.67578125,115.02175903320312,138.54136657714844,455.9247131347656,110.15203857421875,36.50129318237305,68.79959869384766,59.7628288269043,123.17124938964844,372.0868225097656
2023-10-10,323.5146484375,176.65963745117188,148.69601440429688,102.9848861694336,139.3041534423828,137.72023010253906,152.69168090820312,97.32891845703125,50.87881851196289,153.50526428222656,29.26871109008789,35.830726623535156,132.9271697998047,106.9258804321289,239.97386169433594,50.86020278930664,51.33309555053711,284.891845703125,71.08010864257812,178.56451416015625,264.2923889160156,66.39220428466797,193.52999877929688,254.80946350097656,87.93177032470703,93.77079010009766,65.99968719482422,51.134220123291016,281.5182800292969,571.0762329101562,412.048583984375,147.9285125732422,25.672367095947266,70.82620239257812,37.83189392089844,300.2067565917969,95.37609100341797,74.75222778320312,10.573294639587402,20.209434509277344,42.88619613647461,113.67156982421875,139.6274871826172,449.6504821777344,111.21110534667969,36.32177734375,69.0323257446289,59.1087646484375,124.62528991699219,379.7629089355469
2023-10-11,327.48486328125,178.0559539794922,146.6490478515625,99.29254150390625,139.78237915039062,136.02703857421875,147.70404052734375,97.18801879882812,50.57748031616211,151.84323120117188,29.215770721435547,36.27333068847656,133.97479248046875,107.2486801147461,239.40139770507812,50.66193771362305,51.53829574584961,283.77783203125,70.88406372070312,179.5802764892578,263.9248046875,65.79985046386719,196.07000732421875,266.4108581542969,89.33576202392578,89.04187774658203,65.99968719482422,51.36998748779297,284.1138610839844,596.6770629882812,413.5164489746094,148.4969940185547,25.681869506835938,71.74917602539062,37.70838928222656,298.53778076171875,94.72126770019531,73.60478210449219,10.616628646850586,20.408098220825195,42.264522552490234,113.34110260009766,139.40309143066406,457.62615966796875,110.87667083740234,36.38161087036133,68.6133804321289,58.61354446411133,126.76808166503906,378.3247985839844
2023-10-12,326.2435607910156,178.9571533203125,146.78990173339844,99.27388763427734,139.4571990966797,136.33145141601562,147.82322692871094,97.31012725830078,49.72997283935547,147.60409545898438,29.04811668395996,36.23398208618164,132.11337280273438,106.73023986816406,234.88853454589844,50.84131622314453,51.7728157043457,278.9887390136719,69.80970001220703,176.26467895507812,260.8099365234375,66.59284210205078,191.3000030517578,267.7636413574219,87.8134536743164,87.16690826416016,65.25440216064453,51.01633834838867,285.41644287109375,601.8229370117188,411.139404296875,148.2715606689453,25.567811965942383,71.56272888183594,37.75589370727539,295.514404296875,93.25702667236328,72.58792877197266,10.399962425231934,21.843891143798828,42.33146667480469,114.35139465332031,139.4749298095703,461.4350891113281,111.24826049804688,36.10806655883789,67.74756622314453,57.49229049682617,124.41484069824219,371.44549560546875
2023-10-13,322.8644714355469,177.1151885986328,147.27818298339844,102.444091796875,141.55177307128906,137.63462829589844,150.41790771484375,97.70466613769531,49.80530548095703,149.39688110351562,28.33338737487793,35.378299713134766,129.51303100585938,105.88899993896484,236.91123962402344,50.76578903198242,52.05944061279297,277.94146728515625,69.5430679321289,175.9005584716797,259.19439697265625,67.78712463378906,184.91000366210938,266.880615234375,86.27536010742188,87.8241195678711,65.82486724853516,51.206764221191406,294.38031005859375,600.5413208007812,417.69281005859375,148.0951385498047,25.43474578857422,72.3924560546875,38.91497802734375,294.9898376464844,91.53812408447266,72.56927490234375,10.235296249389648,20.99505615234375,42.23582458496094,117.8921127319336,139.20562744140625,473.8480529785156,111.86141967773438,36.46709060668945,68.25961303710938,58.90320587158203,122.88430786132812,369.8714294433594
2023-10-16,327.7015686035156,176.9864044189453,147.91665649414062,102.5186996459961,141.40830993652344,138.94735717773438,151.646484375,97.82679748535156,50.31381607055664,150.40528869628906,29.356948852539062,35.95859146118164,130.21458435058594,106.3389663696289,238.46640014648438,51.133995056152344,52.50893783569336,283.09234619140625,70.53116607666016,178.45912170410156,261.9513854980469,68.93363189697266,184.92999267578125,269.4920654296875,86.08604431152344,89.0902099609375,65.77885437011719,51.841514587402344,301.1732482910156,607.8755493164062,417.0772705078125,149.75152587890625,25.65335464477539,73.83750915527344,39.570526123046875,299.8443908691406,91.19252014160156,73.44619750976562,10.3392972946167,20.57063865661621,42.36016082763672,118.31700134277344,140.61489868164062,472.8039855957031,113.05982208251953,36.646610260009766,69.37678527832031,59.09942626953125,124.69227600097656,379.4714660644531
2023-10-17,327.130126953125,175.431640625,146.56455993652344,103.86135864257812,141.1022491455078,139.12803649902344,153.6543731689453,97.85497283935547,50.91648864746094,149.74234008789062,28.898109436035156,35.46681594848633,131.25283813476562,106.66177368164062,239.611328125,50.92628860473633,52.57733917236328,281.7688903808594,71.00952911376953,178.54537963867188,263.7507019042969,68.86674499511719,185.60000610351562,267.1811828613281,86.78016662597656,89.05155181884766,66.25732421875,52.02287673950195,299.69696044921875,599.6639404296875,417.7591247558594,151.31971740722656,26.252155303955078,75.03085327148438,39.88404846191406,295.04705810546875,91.62906646728516,74.93880462646484,10.4346284866333,20.63385009765625,42.551448822021484,118.45862579345703,141.0906524658203,472.7362976074219,113.1248550415039,36.92015838623047,70.00985717773438,58.847145080566406,125.74451446533203,380.03497314453125
2023-10-18,325.2091064453125,174.1343536376953,143.4095916748047,105.31591796875,139.55284118652344,142.71426391601562,154.87379455566406,95.80712890625,50.897647857666016,151.29234313964844,27.715715408325195,35.05372619628906,130.9254150390625,105.88899993896484,244.27684020996094,50.76578903198242,52.61642074584961,276.3418273925781,69.3235092163086,175.8142852783203,250.759033203125,69.81260681152344,185.69000244140625,266.39208984375,84.84767150878906,92.3569107055664,65.41080474853516,51.55134582519531,300.9898681640625,598.6092529296875,422.4373474121094,148.51658630371094,25.957509994506836,74.27567291259766,39.456520080566406,287.98944091796875,89.17350006103516,69.85457611083984,10.183296203613281,19.189027786254883,42.30277633666992,119.52556610107422,138.07461547851562,474.43780517578125,114.6669921875,36.860321044921875,69.37678527832031,59.052703857421875,122.23381042480469,371.39697265625
2023-10-19,326.40118408203125,173.75807189941406,143.0246124267578,105.38118743896484,138.9598388671875,141.91110229492188,155.03880310058594,94.34169006347656,51.18014907836914,149.91973876953125,27.521589279174805,35.083229064941406,129.09207153320312,105.97703552246094,246.51895141601562,50.3409309387207,52.36561965942383,273.0380554199219,68.2726821899414,174.6643524169922,244.63565063476562,69.92727661132812,182.7899932861328,263.5927734375,84.35865020751953,92.2409439086914,65.52681732177734,51.21583557128906,299.28204345703125,582.4028930664062,425.3825988769531,146.64454650878906,25.624841690063477,73.12896728515625,39.12399673461914,285.34759521484375,88.55506134033203,68.02611541748047,9.992630004882812,18.927156448364258,42.561012268066406,119.32728576660156,136.4947509765625,473.64501953125,114.1374740600586,36.42435836791992,68.74372100830078,58.73501968383789,118.94312286376953,370.561279296875
2023-10-20,321.8201904296875,171.2030792236328,143.66310119628906,103.57231903076172,136.7218017578125,141.71966552734375,152.9575958251953,96.44589233398438,51.387325286865234,149.39688110351562,27.045103073120117,34.34556579589844,128.29702758789062,99.62858581542969,246.26132202148438,49.97272491455078,51.7109260559082,272.6952209472656,67.87272644042969,173.7540283203125,242.3117218017578,70.46583557128906,180.0399932861328,261.91119384765625,83.67242431640625,93.53601837158203,64.0791244506836,51.197696685791016,296.0110168457031,576.3303833007812,420.6380310058594,138.75465393066406,25.007030487060547,72.53231048583984,38.259429931640625,286.1678466796875,87.60921478271484,68.22200775146484,10.087963104248047,19.198060989379883,42.20713806152344,117.13675689697266,136.40499877929688,469.5461120605469,114.35112762451172,36.50984191894531,67.8220443725586,59.090087890625,119.30662536621094,364.5175476074219
2023-10-23,324.43084716796875,171.3218994140625,142.15135192871094,102.05248260498047,134.8567657470703,141.8153839111328,147.31893920898438,97.08467864990234,50.925907135009766,149.4715576171875,27.21275520324707,33.29316711425781,127.56743621826172,101.39911651611328,243.0555877685547,49.283512115478516,52.443790435791016,271.41943359375,67.12773895263672,172.98739624023438,240.4836883544922,69.20597076416016,181.02999877929688,256.5097351074219,84.15357208251953,92.56953430175781,64.02342987060547,50.78057098388672,290.4821472167969,568.4539794921875,422.5226135253906,141.714599609375,24.303680419921875,72.30854797363281,37.50886917114258,285.37628173828125,86.82707977294922,66.88799285888672,9.949297904968262,19.830167770385742,41.43242645263672,114.56855010986328,132.9939727783203,464.6157531738281,113.16201782226562,36.014034271240234,67.40311431884766,59.08073425292969,118.32134246826172,362.6908874511719
2023-10-24,325.6228942871094,171.7576446533203,142.0011444091797,101.06414031982422,135.0193634033203,143.4905548095703,143.6240692138672,96.7840805053711,52.39491653442383,151.4417266845703,26.850980758666992,34.02099609375,128.88632202148438,100.94914245605469,245.45989990234375,50.048248291015625,53.17340087890625,269.74371337890625,70.67233276367188,173.88818359375,242.65206909179688,70.05227661132812,182.36000061035156,259.3842468261719,89.6197280883789,91.63204956054688,64.0048828125,50.88938522338867,293.9461669921875,584.0096435546875,417.541259765625,141.54798889160156,24.208629608154297,72.85861206054688,37.318851470947266,285.338134765625,87.23632049560547,66.75738525390625,9.871299743652344,19.297393798828125,41.70979309082031,113.25611877441406,134.03524780273438,462.5275573730469,111.94502258300781,36.36452102661133,64.67533874511719,59.473182678222656,117.5177993774414,362.98236083984375
2023-10-25,335.61236572265625,169.44033813476562,142.3203887939453,101.25060272216797,134.28289794921875,144.16062927246094,142.90892028808594,97.34770202636719,52.84691619873047,151.59112548828125,27.115694046020508,32.289955139160156,128.22218322753906,99.21776580810547,246.1850128173828,49.47233581542969,53.01380157470703,267.4776916503906,70.099853515625,170.65878295898438,238.16949462890625,70.6004867553711,177.72999572753906,255.66432189941406,87.71090698242188,90.4336166381836,63.5965461730957,51.33371353149414,293.2225036621094,578.1246948242188,423.9715576171875,140.66587829589844,24.284666061401367,73.08234405517578,37.081336975097656,283.0300598144531,85.00813293457031,66.60814666748047,10.001297950744629,19.568296432495117,42.36016082763672,113.6904525756836,131.88986206054688,467.1872863769531,110.34713745117188,36.6038703918457,66.14629364013672,61.34193801879883,116.20726013183594,361.36944580078125
2023-10-26,323.0221252441406,165.27117919921875,139.9072265625,100.3275146484375,134.627197265625,143.39483642578125,141.88206481933594,99.15131378173828,52.526756286621094,150.7134246826172,27.495119094848633,31.985048294067383,134.47052001953125,98.21022033691406,244.08602905273438,48.499881744384766,52.69133758544922,264.6880187988281,69.51954650878906,168.71348571777344,235.7288360595703,70.2831039428711,179.08999633789062,253.36282348632812,85.81786346435547,90.82987976074219,63.08615493774414,48.03298568725586,293.54083251953125,560.0255126953125,422.3426818847656,140.48947143554688,24.826438903808594,73.18490600585938,37.67038345336914,283.2493591308594,84.37149810791016,67.233154296875,9.836630821228027,19.595388412475586,42.819252014160156,111.7076416015625,124.0624771118164,461.8894958496094,111.63844299316406,33.5606689453125,66.89107513427734,61.435367584228516,116.7142562866211,359.06658935546875
2023-10-27,324.91357421875,166.5882568359375,136.71470642089844,98.41606903076172,129.7781219482422,140.86773681640625,132.3468780517578,96.58680725097656,52.018253326416016,149.0420379638672,26.568614959716797,34.95536804199219,133.31069946289062,98.78734588623047,244.0192413330078,48.67926025390625,52.495906829833984,263.2216796875,68.63340759277344,169.61428833007812,231.9658203125,69.04248046875,179.69000244140625,245.71617126464844,83.8853988647461,89.73774719238281,61.51781463623047,46.26472854614258,292.5953063964844,552.267333984375,419.89935302734375,138.4998016357422,23.923490524291992,71.43220520019531,36.8248176574707,276.4969482421875,80.38801574707031,65.67525482177734,8.631969451904297,19.089696884155273,42.49406051635742,111.22610473632812,121.02845764160156,457.3361511230469,108.5634536743164,33.5948600769043,65.20599365234375,61.014896392822266,115.48023986816406,350.91436767578125
2023-10-30,332.30224609375,168.63819885253906,138.05743408203125,98.72376251220703,131.43272399902344,142.87791442871094,133.94216918945312,96.45529174804688,52.87517547607422,151.52577209472656,26.956863403320312,35.10289764404297,133.41357421875,99.43296813964844,248.2077178955078,48.6887092590332,53.098487854003906,268.0013122558594,70.2018051147461,172.24951171875,235.46632385253906,71.052490234375,182.35000610351562,247.2379608154297,86.61451721191406,89.88272094726562,63.11398696899414,46.473289489746094,294.5057678222656,557.6695556640625,422.21954345703125,140.4208526611328,24.41773796081543,72.50431823730469,37.461368560791016,286.9117126464844,81.87043762207031,66.65730285644531,8.467304229736328,19.053577423095703,42.991397857666016,111.547119140625,124.57412719726562,453.0921325683594,111.03459167480469,34.40695571899414,66.4907455444336,60.575740814208984,116.53250122070312,357.3758850097656
2023-10-31,333.09033203125,169.1135711669922,139.28749084472656,98.69580078125,133.00128173828125,143.61502075195312,133.61209106445312,96.47406768798828,53.195350646972656,152.45950317382812,26.965688705444336,35.89958190917969,135.29367065429688,101.14479064941406,250.13499450683594,49.21741485595703,53.22551345825195,271.0576171875,71.32321166992188,175.613037109375,219.8016357421875,72.24503326416016,186.82000732421875,240.20193481445312,85.68377685546875,91.38076782226562,64.04199981689453,46.727195739746094,298.3460388183594,546.0569458007812,430.5533752441406,143.12596130371094,25.03554344177246,73.2221908569336,37.784393310546875,289.5631103515625,82.3070068359375,66.8744888305664,8.58172607421875,19.0355167388916,43.393096923828125,112.17030334472656,126.79129791259766,455.75067138671875,111.14608001708984,34.33856964111328,66.6303939819336,60.958839416503906,117.4412612915039,355.00506591796875
2023-11-01,340.9322204589844,172.28250122070312,139.6161346435547,98.49999237060547,132.8865203857422,143.21295166015625,132.0076141357422,96.614990234375,53.14826202392578,153.9441375732422,26.92156982421875,36.67658233642578,136.00454711914062,103.44352722167969,249.9441375732422,49.27406692504883,53.70106506347656,272.9046936035156,71.01737213134766,176.31260681152344,225.42184448242188,72.06230163574219,189.3800048828125,245.03038024902344,84.59527587890625,91.82535552978516,63.78216552734375,46.50049591064453,298.5487060546875,546.5794067382812,428.4130554199219,143.53761291503906,25.092575073242188,74.76049041748047,37.63238525390625,292.9488830566406,82.73445129394531,66.99724578857422,8.722554206848145,18.629161834716797,43.412235260009766,110.15917205810547,125.48970794677734,452.6861267089844,110.9881362915039,34.107765197753906,66.44419860839844,60.828025817871094,117.63258361816406,359.9702453613281
2023-11-02,343.14874267578125,175.8476104736328,141.071533203125,101.73545837402344,135.2584686279297,144.9647216796875,136.39015197753906,96.614990234375,53.760345458984375,155.77423095703125,26.91274070739746,37.079837799072266,137.51052856445312,104.53910827636719,254.60011291503906,49.80277633666992,53.912776947021484,280.4264221191406,72.38972473144531,178.6507568359375,232.5103302001953,71.93728637695312,192.00999450683594,250.4318389892578,85.0133285522461,92.74349975585938,64.62664794921875,46.36447525024414,307.6959228515625,572.0421752929688,433.773193359375,147.85012817382812,26.252155303955078,75.73007202148438,38.83055877685547,299.2435302734375,85.7538833618164,69.3674087524414,8.924995422363281,19.414783477783203,43.42179489135742,115.21060180664062,127.45555114746094,459.94635009765625,112.45597076416016,34.7659797668457,67.42173767089844,61.893211364746094,119.4979476928711,362.97265625
2023-11-03,347.5622253417969,174.93649291992188,142.1044158935547,100.49535369873047,136.7696075439453,143.65330505371094,135.3357696533203,97.11284637451172,53.43076705932617,155.73687744140625,27.583358764648438,37.51259994506836,138.34300231933594,105.69336700439453,255.57334899902344,50.048248291015625,53.63266372680664,281.4547119140625,73.60525512695312,181.10397338867188,234.0952911376953,71.9565200805664,195.0500030517578,253.503662109375,85.91252899169922,92.62752532958984,65.19273376464844,47.89695739746094,299.7451477050781,559.7396240234375,429.32220458984375,149.7221221923828,27.012535095214844,76.06568908691406,39.8945426940918,312.4622497558594,87.00895690917969,72.01142120361328,9.294670104980469,19.965620040893555,43.393096923828125,113.06729125976562,128.23648071289062,454.9289245605469,110.91383361816406,34.7659797668457,67.87792205810547,61.426025390625,122.74079895019531,371.3677978515625
2023-11-06,351.23687744140625,177.49147033691406,142.4424285888672,98.71443939208984,137.80259704589844,144.48609924316406,134.7764892578125,98.0146484375,53.6473503112793,155.65284729003906,27.512767791748047,37.44845962524414,139.3438720703125,106.73023986816406,256.56561279296875,50.31260681152344,53.70431900024414,280.46453857421875,73.33861541748047,179.6761474609375,231.6935577392578,72.33158111572266,192.9499969482422,256.2936096191406,88.16840362548828,91.81568145751953,65.9629898071289,47.86975860595703,296.06890869140625,586.7305297851562,427.2576904296875,149.94757080078125,26.926992416381836,75.64615631103516,39.62614822387695,308.9239501953125,86.11767578125,71.69035339355469,9.074625015258789,19.658597946166992,43.19225311279297,111.85870361328125,127.70689392089844,455.33502197265625,112.21442413330078,34.65486145019531,67.55205535888672,60.940147399902344,122.20510864257812,367.52972412109375
2023-11-07,355.177490234375,180.0563507080078,141.6912841796875,97.16664123535156,137.73562622070312,144.1510467529297,132.40187072753906,97.69527435302734,53.8451042175293,156.1010284423828,27.574535369873047,38.257625579833984,139.21295166015625,106.61286163330078,256.3366394042969,50.16154861450195,53.95512008666992,280.65496826171875,73.0484619140625,178.82327270507812,228.4264373779297,72.35082244873047,191.41000366210938,254.6779022216797,88.18416595458984,91.62239074707031,65.19273376464844,47.416358947753906,284.6734619140625,591.4031982421875,426.30120849609375,149.937744140625,26.76541519165039,75.15203857421875,39.338584899902344,308.9620666503906,85.59019470214844,71.30320739746094,8.951400756835938,19.550233840942383,43.144439697265625,108.81840515136719,127.32987213134766,452.144775390625,111.86141967773438,34.629207611083984,67.13312530517578,60.828025817871094,122.26251220703125,358.77508544921875
2023-11-08,357.8078918457031,181.11598205566406,141.1748504638672,95.9731674194336,138.41468811035156,143.59584045410156,130.5590057373047,98.07102966308594,53.760345458984375,156.297119140625,27.19510841369629,37.418853759765625,138.46463012695312,109.88002014160156,255.2107696533203,50.03881072998047,53.51539993286133,281.7498779296875,72.3975830078125,176.91632080078125,228.32920837402344,72.36042785644531,191.8300018310547,256.6976318359375,89.80115509033203,91.56439971923828,63.800716400146484,47.53424072265625,284.98223876953125,610.3302612304688,421.1020812988281,149.96714782714844,26.508787155151367,72.62553405761719,39.28107833862305,309.5438537597656,86.27227783203125,71.7375717163086,8.845780372619629,18.963275909423828,41.958457946777344,108.06305694580078,127.41963195800781,445.1648864746094,112.09365844726562,34.36421203613281,67.05864715576172,61.00555419921875,123.9269790649414,358.9013977050781
2023-11-09,355.33514404296875,180.640625,138.42364501953125,96.00112915039062,138.00340270996094,143.92132568359375,130.13726806640625,96.17347717285156,53.35542678833008,155.14866638183594,26.542282104492188,37.30044174194336,138.70111083984375,109.73329162597656,254.65737915039062,49.09468460083008,53.39162826538086,274.0853271484375,71.91136932373047,177.0512237548828,227.67771911621094,72.26426696777344,193.3300018310547,248.0552215576172,89.20167541503906,90.41429138183594,61.9354133605957,45.71157455444336,278.7682800292969,582.9154663085938,419.01861572265625,149.33987426757812,26.16661262512207,69.90324401855469,38.72512435913086,305.938720703125,85.4083023071289,70.05674743652344,8.53771686553955,18.46662139892578,41.97759246826172,107.77979278564453,125.62435150146484,445.7546081542969,111.59200286865234,34.28727722167969,67.1796875,61.22980499267578,122.45601654052734,359.1443176269531
2023-11-10,364.18182373046875,184.83511352539062,138.26400756835938,96.73773956298828,140.05015563964844,144.93601989746094,131.06326293945312,95.24349975585938,53.411930084228516,155.8582763671875,26.36342430114746,38.346431732177734,140.9715118408203,110.60387420654297,255.4969940185547,49.6517219543457,54.13100814819336,277.6272277832031,72.78182983398438,179.97189331054688,233.0548553466797,72.54316711425781,196.64999389648438,251.10821533203125,90.92118835449219,90.82020568847656,62.80774688720703,45.892940521240234,282.9173278808594,589.2146606445312,421.30096435546875,151.30992126464844,26.30918312072754,70.77958679199219,39.19480514526367,310.4498596191406,84.2350845336914,71.13323974609375,8.678544044494629,18.74655532836914,41.97759246826172,109.15833282470703,125.424560546875,447.8620910644531,112.26087951660156,34.21034240722656,67.4962158203125,60.996212005615234,123.84044647216797,363.39044189453125
2023-11-13,361.2362060546875,183.24855041503906,138.62083435058594,97.75405883789062,139.42849731445312,145.9411163330078,132.02593994140625,96.2580337524414,53.609683990478516,156.65196228027344,25.916284561157227,37.724754333496094,140.1011962890625,111.66033172607422,256.84228515625,49.311832427978516,54.61632537841797,274.2757873535156,72.68772888183594,179.77911376953125,234.98985290527344,73.04325866699219,204.5399932861328,250.5258331298828,91.11837005615234,92.5792007446289,62.91912078857422,45.47581100463867,283.7954406738281,604.0015258789062,421.4524841308594,151.2707061767578,26.328197479248047,69.85662078857422,39.07978820800781,311.7851257324219,83.98041534423828,70.85938262939453,8.643338203430176,18.64487075805664,42.25495910644531,109.47148132324219,125.47903442382812,448.9351806640625,112.61390686035156,34.19325256347656,67.99893951416016,60.884090423583984,124.29232025146484,359.2803649902344
2023-11-14,364.77288818359375,185.8664093017578,138.64901733398438,98.13043975830078,141.97259521484375,145.61563110351562,132.9886474609375,95.97621154785156,53.76976776123047,156.96942138671875,26.166685104370117,38.88916015625,142.2864227294922,113.56778717041016,259.027099609375,50.199310302734375,54.6065559387207,289.0906982421875,74.47572326660156,183.37452697753906,241.0087432861328,73.72610473632812,207.47000122070312,253.6540069580078,92.48294067382812,93.82596588134766,63.568721771240234,45.811336517333984,279.897216796875,603.2508544921875,420.68536376953125,153.78961181640625,27.772918701171875,69.66085052490234,40.335472106933594,323.0487365722656,88.23674011230469,73.94720458984375,9.153841972351074,19.49530601501465,42.5919189453125,109.64228057861328,130.0198211669922,451.3036804199219,112.53958892822266,34.381309509277344,69.1886215209961,60.8747444152832,128.35911560058594,364.33294677734375
2023-11-15,364.9210205078125,186.4315948486328,139.71942138671875,97.53765106201172,143.21595764160156,144.945556640625,133.45626831054688,95.20591735839844,53.87335205078125,156.16641235351562,26.99836540222168,40.073307037353516,144.3392333984375,111.57227325439453,257.9776611328125,50.303165435791016,55.30033493041992,293.43231201171875,75.92648315429688,182.70941162109375,244.14947509765625,72.58163452148438,208.7100067138672,256.4815368652344,91.7336196899414,94.71512603759766,64.15335845947266,46.763465881347656,273.0464782714844,581.2469482421875,421.55670166015625,156.2594757080078,28.153108596801758,69.95916748046875,41.063961029052734,321.9805908203125,89.45542907714844,75.24089813232422,9.2154541015625,19.920522689819336,42.85186004638672,109.1583251953125,133.6524200439453,449.5248718261719,112.92047882080078,34.83436965942383,69.54458618164062,60.44493103027344,128.46490478515625,370.0755310058594
2023-11-16,371.33746337890625,188.11734008789062,140.9401092529297,96.40852355957031,144.85145568847656,146.29527282714844,131.34393310546875,95.80712890625,53.81685256958008,156.59591674804688,26.62276840209961,42.777095794677734,144.7932891845703,112.16897583007812,263.444580078125,45.355934143066406,50.824974060058594,291.7660827636719,76.23712921142578,183.82757568359375,241.34909057617188,73.0721206665039,206.60000610351562,254.6826629638672,93.81596374511719,96.89938354492188,63.33671951293945,46.10150146484375,272.3324890136719,581.4544067382812,421.9827880859375,155.88705444335938,28.077070236206055,69.47438049316406,40.766815185546875,321.09356689453125,88.64601135253906,75.22200012207031,8.942598342895508,19.181015014648438,41.07077407836914,106.27349090576172,133.41627502441406,448.4518127441406,113.06910705566406,34.7916259765625,69.24482727050781,60.75326919555664,129.94546508789062,367.8309631347656
2023-11-17,365.0986633300781,188.0974884033203,140.64898681640625,98.76085662841797,146.1617889404297,144.6105499267578,133.83607482910156,95.58167266845703,53.920433044433594,155.7088623046875,26.756908416748047,43.231014251708984,144.6324920654297,112.84392547607422,263.091552734375,45.09157943725586,50.6002311706543,292.5563659667969,75.94242858886719,184.30950927734375,246.0747528076172,72.68742370605469,208.0399932861328,251.2648468017578,94.59684753417969,96.21317291259766,63.85640335083008,46.10150146484375,272.6412048339844,584.3777465820312,421.1209716796875,159.3272247314453,28.49527931213379,70.34141540527344,41.178993225097656,323.49700927734375,88.93704223632812,75.80745697021484,9.03941822052002,19.615476608276367,40.858970642089844,108.74076843261719,134.38800048828125,448.732177734375,112.5953140258789,34.89420700073242,69.28229522705078,60.51034164428711,130.62808227539062,373.26251220703125
2023-11-20,372.5911560058594,189.8427276611328,141.88893127441406,98.32804107666016,146.61129760742188,143.84475708007812,133.76197814941406,96.45529174804688,54.052268981933594,155.48477172851562,26.810565948486328,44.14872360229492,146.01361083984375,114.36990356445312,266.22100830078125,45.573089599609375,50.58393859863281,293.43231201171875,75.65565490722656,184.87820434570312,243.52719116210938,72.58163452148438,217.7100067138672,251.22695922851562,94.707275390625,97.80786895751953,63.34599685668945,44.34231948852539,274.32012939453125,590.1946411132812,420.2970886230469,160.5915985107422,28.523794174194336,70.85417938232422,41.01604080200195,323.74493408203125,89.88288879394531,75.259765625,9.101031303405762,19.439844131469727,41.32109069824219,109.49993896484375,135.83197021484375,450.3272705078125,111.982177734375,34.91130447387695,68.95443725585938,59.92168045043945,130.33001708984375,369.55078125
2023-11-21,368.2772521972656,189.03953552246094,143.0341796875,98.29039764404297,146.3052520751953,143.21295166015625,133.44696044921875,96.0137939453125,54.64552688598633,156.6799774169922,27.09673500061035,43.063262939453125,145.59739685058594,113.5482406616211,267.5949401855469,45.12934494018555,50.7663459777832,290.71881103515625,74.8670883178711,184.33843994140625,242.51593017578125,73.63953399658203,218.27000427246094,248.8315887451172,94.5653076171875,98.49407196044922,63.178955078125,43.96146011352539,276.43328857421875,585.2566528320312,424.4071350097656,159.06260681152344,28.191125869750977,69.63288116455078,40.83390808105469,319.47216796875,88.21855926513672,74.0982894897461,8.969003677368164,19.39362335205078,41.40774154663086,109.29116821289062,136.0135955810547,455.4026794433594,112.92047882080078,34.84291458129883,69.06684875488281,60.416908264160156,131.31068420410156,371.8050537109375
2023-11-22,372.9958801269531,189.70388793945312,142.75021362304688,97.86698150634766,146.6495361328125,144.5626983642578,133.7156524658203,95.51591491699219,55.012779235839844,158.00582885742188,27.1146240234375,43.09286117553711,146.75149536132812,113.7047348022461,268.9879150390625,45.393699645996094,50.37874221801758,294.3939208984375,75.96631622314453,185.3697967529297,239.20989990234375,74.32235717773438,219.91000366210938,250.50738525390625,94.33655548095703,99.25757598876953,64.16262817382812,44.81385040283203,278.1893615722656,587.7159423828125,426.5379333496094,160.53277587890625,28.162612915039062,70.57447814941406,41.00644302368164,322.97247314453125,88.90975952148438,74.11717224121094,9.030616760253906,19.125551223754883,42.18756103515625,108.98751068115234,136.90357971191406,455.77001953125,113.63581085205078,35.21049880981445,69.62889862060547,60.613121032714844,131.3683624267578,360.251953125
2023-11-24,372.5813293457031,188.37515258789062,144.34031677246094,98.39390563964844,146.85037231445312,144.90728759765625,134.24371337890625,95.69440460205078,55.154029846191406,158.14590454101562,27.275590896606445,43.3790283203125,146.79879760742188,113.71451568603516,269.56988525390625,45.658050537109375,50.83148956298828,295.8221435546875,76.42831420898438,186.43011474609375,240.52259826660156,74.35121154785156,220.0,251.33108520507812,94.6283950805664,99.42189025878906,64.4224853515625,45.12216567993164,277.74554443359375,593.6513061523438,428.06268310546875,161.15025329589844,28.257659912109375,70.27615356445312,41.14064025878906,323.4588317871094,89.38267517089844,74.26827239990234,9.153841972351074,19.273452758789062,42.53415298461914,109.59483337402344,138.06602478027344,457.6529541015625,113.73799133300781,35.449851989746094,69.60079193115234,60.902774810791016,131.1857147216797,359.6982116699219
2023-11-27,373.7461242675781,188.19667053222656,143.18560791015625,97.8199234008789,146.51565551757812,144.7732696533203,133.74343872070312,95.28106689453125,55.05044937133789,157.16551208496094,26.953651428222656,43.49745178222656,147.16775512695312,113.92971801757812,268.9020080566406,45.2520751953125,51.06275177001953,296.0316162109375,77.32044219970703,186.0059814453125,240.55177307128906,74.15887451171875,219.3000030517578,250.2044219970703,94.6283950805664,99.26725006103516,63.79143524169922,44.451133728027344,276.21136474609375,584.2000122070312,421.8880920410156,160.77780151367188,28.096078872680664,69.8472900390625,41.23649597167969,322.0854797363281,88.3731689453125,73.60725402832031,9.101031303405762,18.58940887451172,42.44750213623047,108.94005584716797,135.8501434326172,454.6150207519531,113.71013641357422,35.42420196533203,68.56099700927734,59.407772064208984,131.9932861328125,351.9443359375
2023-11-28,377.7835998535156,188.80154418945312,143.51690673828125,97.76347351074219,146.85037231445312,145.77838134765625,134.8088836669922,94.10684967041016,55.163455963134766,157.6697235107422,26.551225662231445,43.64546585083008,147.24339294433594,113.7047348022461,269.14056396484375,45.17654800415039,51.67184829711914,298.33575439453125,78.46746826171875,187.25906372070312,240.65870666503906,74.88977813720703,222.3699951171875,251.38784790039062,93.7449722290039,98.63902282714844,64.32968139648438,44.36045455932617,276.0376281738281,584.2691040039062,424.52081298828125,162.3656005859375,28.06756591796875,69.4650650024414,41.571990966796875,322.0281982421875,89.48272705078125,72.59687805175781,9.127435684204102,18.469236373901367,42.28384017944336,109.11087036132812,136.89451599121094,456.25531005859375,113.32923889160156,35.74903869628906,69.36661529541016,59.258262634277344,132.75283813476562,349.81640625
2023-11-29,373.9830017089844,187.78018188476562,143.97120666503906,96.29560852050781,147.596435546875,144.66795349121094,133.3265380859375,94.99925994873047,54.833858489990234,156.08238220214844,26.899995803833008,44.3460807800293,147.96237182617188,113.6753921508789,267.5090637207031,45.36537551879883,50.838008880615234,298.115234375,78.43560028076172,187.2494354248047,242.55482482910156,74.89939880371094,224.42999267578125,252.41041564941406,93.75287628173828,100.15641021728516,62.083900451660156,44.179100036621094,253.6424102783203,584.5259399414062,421.43353271484375,164.10037231445312,28.80893325805664,70.13632202148438,41.96499252319336,327.1822204589844,90.18299865722656,74.17383575439453,9.321075439453125,18.469236373901367,42.01426696777344,108.15242767333984,138.30210876464844,453.6638488769531,113.1248550415039,35.697750091552734,68.56099700927734,58.48273849487305,134.16612243652344,353.6253356933594
2023-11-30,374.0422668457031,188.35531616210938,146.384765625,96.67198944091797,149.2797393798828,146.95578002929688,133.0393524169922,96.2674331665039,55.46980667114258,158.33570861816406,27.248764038085938,44.1092529296875,149.99624633789062,113.6753921508789,270.51324462890625,45.676944732666016,50.710975646972656,300.4827575683594,78.91353607177734,188.84951782226562,243.78970336914062,75.75533294677734,231.6300048828125,255.2886199951172,96.07183074951172,100.7942886352539,63.05830764770508,44.77758026123047,253.65203857421875,583.7160034179688,427.0702819824219,167.3739776611328,29.21132469177246,71.41354370117188,42.74141311645508,328.4130554199219,91.06519317626953,74.91983032226562,9.030616760253906,18.432262420654297,42.62080001831055,109.6707534790039,137.68458557128906,461.1858825683594,114.94570922851562,35.937103271484375,69.06684875488281,59.48251724243164,136.51197814941406,354.0820007324219
2023-12-01,369.6988220214844,189.63450622558594,149.9057159423828,96.9072265625,150.00662231445312,146.13255310058594,134.16033935546875,97.18801879882812,55.65964126586914,158.71206665039062,25.853687286376953,43.16194152832031,151.8787841796875,114.60466003417969,274.4676208496094,45.76191329956055,50.27125549316406,306.3583984375,79.53483581542969,190.64239501953125,249.6627655029297,75.6880111694336,233.8699951171875,257.9490661621094,96.62397766113281,101.36450958251953,63.55016326904297,45.430477142333984,259.5765380859375,576.8027954101562,428.63446044921875,170.30450439453125,29.66161346435547,72.3924560546875,43.15359115600586,335.03814697265625,93.1751708984375,76.38347625732422,9.312273979187012,19.21799087524414,42.93851089477539,109.34810638427734,140.68148803710938,465.7283020019531,115.23369598388672,36.41581344604492,70.33145904541016,59.92168045043945,138.08868408203125,358.3572998046875
2023-12-04,364.3977966308594,187.83969116210938,150.3789825439453,96.38030242919922,151.10650634765625,145.55819702148438,134.21591186523438,98.69102478027344,55.593196868896484,159.13543701171875,26.184568405151367,41.790306091308594,152.39906311035156,113.25476837158203,274.630859375,45.36537551879883,50.25822830200195,310.5758361816406,82.39442443847656,191.20147705078125,247.7082977294922,75.95729064941406,234.8699951171875,258.0342712402344,95.85887145996094,101.66413879394531,63.55016326904297,45.32166290283203,253.68101501464844,578.4225463867188,429.8553466796875,169.8046417236328,29.527482986450195,73.03573608398438,43.24944305419922,335.9613037109375,92.7750015258789,76.6856460571289,9.41789436340332,19.21799087524414,43.005897521972656,108.683837890625,141.59872436523438,466.2038879394531,115.35446166992188,36.330322265625,69.909912109375,60.687870025634766,137.627197265625,358.47381591796875
2023-12-05,367.7343444824219,191.7961883544922,150.06661987304688,94.5078353881836,151.08740234375,140.4848175048828,132.35377502441406,99.79007720947266,55.678627014160156,158.0064239501953,26.0146541595459,41.365989685058594,152.67340087890625,112.03202819824219,275.02435302734375,45.2520751953125,50.72400665283203,310.07745361328125,81.0004653930664,189.84234619140625,248.1361541748047,74.7070541381836,234.16000366210938,256.453125,94.83348083496094,100.8522720336914,65.90729522705078,45.54835510253906,249.9002227783203,580.86181640625,425.6109924316406,167.28573608398438,29.29754638671875,73.66969299316406,42.64555358886719,328.61492919921875,91.44718170166016,75.70357513427734,9.329876899719238,18.95916175842285,42.85186004638672,107.36478424072266,140.00038146972656,462.59326171875,112.82756805419922,36.390159606933594,69.45092010498047,60.28607940673828,137.146484375,350.9046630859375
2023-12-06,364.0621337890625,190.7054443359375,148.23989868164062,93.25637817382812,149.49972534179688,140.3795166015625,132.0480194091797,99.22645568847656,55.62167739868164,157.6018524169922,25.74637222290039,40.72458267211914,151.62332153320312,109.5865478515625,275.33148193359375,45.03493118286133,50.17354202270508,312.5791015625,81.87666320800781,190.6520538330078,248.8945770263672,74.50509643554688,236.88999938964844,255.0140838623047,94.50218963623047,101.42250061035156,68.20877075195312,45.23098373413086,249.6190948486328,581.9482421875,428.63446044921875,164.17881774902344,29.249645233154297,73.98666381835938,42.655147552490234,328.8265075683594,90.8287353515625,74.98593139648438,9.409092903137207,19.763376235961914,42.88074493408203,104.8785171508789,141.0265655517578,466.16510009765625,113.75657653808594,35.35581970214844,68.56099700927734,61.56618118286133,137.194580078125,355.1799621582031
2023-12-07,366.18450927734375,192.63905334472656,147.0851593017578,92.60713195800781,149.9588165283203,140.23594665527344,131.9461212158203,97.58255004882812,55.75456237792969,157.5548095703125,25.603286743164062,41.592952728271484,151.56658935546875,110.40824127197266,275.2643127441406,45.56364059448242,49.84334182739258,312.6366882324219,82.2669677734375,190.6520538330078,250.29478454589844,74.64934539794922,237.3300018310547,256.8697204589844,94.24189758300781,100.56233978271484,68.68204498291016,45.48488235473633,250.05531311035156,580.9804077148438,426.4407653808594,165.2667236328125,29.374195098876953,72.76537322998047,43.5178337097168,331.3746032714844,90.89240264892578,75.87355041503906,9.523515701293945,21.177688598632812,43.13106155395508,105.19168090820312,142.12545776367188,463.437744140625,113.96294403076172,35.32162094116211,69.1605224609375,62.03337097167969,139.38661193847656,350.982421875
2023-12-08,369.4223937988281,194.0669708251953,146.1575927734375,93.6703872680664,151.61341857910156,138.94366455078125,133.69711303710938,97.46043395996094,55.63117218017578,155.8800811767578,25.737430572509766,42.135684967041016,153.21263122558594,111.13209533691406,274.054931640625,45.676944732666016,49.32025909423828,312.9241943359375,82.33866119384766,187.58677673339844,252.32704162597656,74.21656799316406,244.6999969482422,254.79627990722656,95.117431640625,101.00691986083984,69.6935806274414,45.62090301513672,250.88905334472656,590.6390991210938,427.3087463378906,165.0804901123047,29.66161346435547,73.66969299316406,44.188812255859375,337.3459777832031,89.5281982421875,77.69603729248047,9.690750122070312,21.408784866333008,42.919254302978516,106.34941101074219,141.94381713867188,462.24383544921875,112.50898742675781,35.304527282714844,69.08557891845703,61.173744201660156,138.42518615722656,353.36297607421875
2023-12-11,366.530029296875,191.5581817626953,146.76336669921875,93.73625946044922,152.1681671142578,139.58502197265625,133.7341766357422,98.04283905029297,56.03931427001953,157.8935089111328,25.61223030090332,43.95136642456055,154.6789093017578,112.61894226074219,277.5294494628906,46.63051223754883,49.44449234008789,317.58251953125,82.17138671875,193.158203125,253.70779418945312,74.6685791015625,248.0800018310547,257.655517578125,94.8729019165039,102.65960693359375,68.4500503540039,46.32820510864258,292.7394104003906,576.8027954101562,430.39898681640625,165.04127502441406,29.556224822998047,74.66724395751953,44.09295654296875,338.240234375,89.91016387939453,78.20594024658203,9.743558883666992,21.260883331298828,43.41025161743164,106.43482208251953,141.47158813476562,464.6800231933594,113.47516632080078,35.381465911865234,70.33145904541016,61.743717193603516,140.21343994140625,350.79779052734375
2023-12-12,369.5704650878906,193.0753631591797,146.77284240722656,92.25897979736328,153.52627563476562,139.6999053955078,132.02024841308594,98.033447265625,56.400001525878906,158.5050506591797,25.55857276916504,43.457977294921875,155.81410217285156,98.61126708984375,279.708251953125,46.57386016845703,49.483726501464844,319.375,81.69347381591797,194.23779296875,254.2036590576172,75.58222961425781,248.6300048828125,259.4070739746094,96.48200225830078,103.10418701171875,68.29228973388672,45.80226135253906,287.6402587890625,577.5138549804688,430.75189208984375,167.6385955810547,29.450838088989258,75.34783172607422,44.54347610473633,339.0575256347656,90.3648910522461,78.94249725341797,9.822776794433594,21.196176528930664,42.60154724121094,105.39096069335938,141.0992431640625,465.1556396484375,114.22560119628906,35.35581970214844,69.86307525634766,62.36040115356445,139.7615509033203,349.20428466796875
2023-12-13,369.5605773925781,196.29806518554688,147.4542999267578,93.07760620117188,154.0427703857422,142.2270050048828,133.9750518798828,100.61673736572266,56.88407897949219,161.83566284179688,23.841552734375,43.9809684753418,154.782958984375,100.74372863769531,284.0369567871094,46.91374206542969,50.363155364990234,329.15179443359375,82.99182891845703,195.75112915039062,260.56292724609375,76.35160827636719,250.91000366210938,266.6310119628906,95.58279418945312,103.65507507324219,69.86991882324219,47.02644348144531,288.0958557128906,590.0960083007812,430.5706787109375,171.08859252929688,30.696321487426758,77.46411895751953,45.779991149902344,348.7886047363281,93.86637115478516,80.85939025878906,9.893189430236816,22.76763153076172,43.05403518676758,106.14064025878906,142.80654907226562,470.7462158203125,115.96098327636719,35.92000961303711,70.50008392333984,63.388214111328125,141.78054809570312,366.32489013671875
2023-12-14,361.22900390625,196.4468231201172,148.4765167236328,95.58049774169922,156.8451385498047,138.47463989257812,138.90380859375,100.1814956665039,56.03931427001953,158.29806518554688,23.36758041381836,44.582908630371094,154.11131286621094,98.12217712402344,278.364501953125,46.67771530151367,49.748531341552734,337.2127990722656,85.26197814941406,196.06924438476562,277.2874755859375,73.35102081298828,256.239990234375,261.6130676269531,95.7168960571289,104.95983123779297,69.12749481201172,46.672786712646484,289.5112609863281,566.5612182617188,424.6858825683594,175.30308532714844,32.51663589477539,76.93728637695312,48.41598129272461,368.73150634765625,98.7718276977539,85.96800231933594,10.632538795471191,23.23906898498535,41.966129302978516,109.0823974609375,147.44720458984375,450.02410888671875,113.35321807861328,35.99694061279297,71.58670043945312,61.96796798706055,143.39573669433594,377.4114990234375
2023-12-15,365.9674072265625,195.91136169433594,146.85801696777344,94.94066619873047,158.03106689453125,137.80455017089844,138.366455078125,99.45294189453125,55.62167739868164,157.12200927734375,23.81472396850586,45.549957275390625,153.468017578125,101.06653594970703,275.72503662109375,47.08368682861328,49.93488311767578,339.31195068359375,85.21417999267578,196.0595703125,277.8417053222656,74.03385162353516,264.2699890136719,260.7893371582031,97.19977569580078,103.69373321533203,69.07182312011719,46.146846771240234,281.62005615234375,564.9514770507812,421.3858337402344,176.92027282714844,32.19089889526367,75.5731430053711,48.224273681640625,365.8852233886719,97.81465911865234,86.4779052734375,10.579728126525879,23.29453468322754,42.46676254272461,108.69332885742188,147.9739227294922,447.4908752441406,112.03996276855469,35.6891975402832,70.9590835571289,60.940147399902344,142.94386291503906,375.1280822753906
2023-12-18,367.8627014160156,194.24545288085938,147.123046875,95.6463623046875,158.98751831054688,139.92002868652344,138.6721954345703,100.33287811279297,56.02033233642578,158.91903686523438,24.199260711669922,45.08616638183594,153.95050048828125,102.70988464355469,278.5660400390625,47.43301773071289,50.6639289855957,336.25433349609375,84.33002471923828,197.69825744628906,277.81256103515625,75.072509765625,260.4100036621094,260.81781005859375,97.52316284179688,104.43792724609375,69.48942565917969,46.554908752441406,283.14208984375,572.5757446289062,426.25006103515625,179.1255340576172,32.02802658081055,74.79230499267578,47.601226806640625,361.93316650390625,98.26563262939453,85.7035903930664,10.500513076782227,23.091167449951172,43.8338623046875,109.03495788574219,146.7297821044922,451.73236083984375,113.11870574951172,36.073883056640625,67.7647476196289,61.98665237426758,143.01113891601562,371.91192626953125
2023-12-19,368.4648742675781,195.28665161132812,148.0884552001953,96.9072265625,161.1107635498047,139.92002868652344,140.48805236816406,100.7586669921875,55.83998489379883,158.0157928466797,25.182973861694336,46.04335021972656,152.83421325683594,103.93262481689453,279.0460205078125,47.37636947631836,50.847007751464844,337.4620666503906,84.63270568847656,197.21629333496094,284.86212158203125,75.13982391357422,263.510009765625,263.6202392578125,99.33734130859375,104.78585052490234,70.77008056640625,47.25313949584961,285.3232727050781,572.6251831054688,427.08941650390625,182.0560760498047,32.104671478271484,74.78289031982422,48.013397216796875,367.7507019042969,99.60012817382812,86.79896545410156,10.579728126525879,24.0617733001709,43.39099884033203,110.54379272460938,146.77517700195312,450.5094299316406,113.28755950927734,36.27903366088867,69.26355743408203,62.332374572753906,143.74183654785156,382.77508544921875
2023-12-20,365.8587341308594,193.19436645507812,145.06915283203125,95.28880310058594,159.2935791015625,137.75669860839844,139.20028686523438,99.68948364257812,54.68199157714844,155.8895263671875,24.70900535583496,45.15523910522461,151.40576171875,101.8784408569336,277.37591552734375,47.01759719848633,50.25200271606445,334.1934814453125,82.57762145996094,195.57762145996094,281.7019348144531,74.38967895507812,260.25,260.5337829589844,97.3102035522461,103.80005645751953,71.67953491210938,46.21031951904297,286.8064880371094,563.1441650390625,422.13934326171875,177.05747985839844,31.596899032592773,73.93618774414062,47.294490814208984,363.0101318359375,97.5385513305664,86.06241607666016,10.386089324951172,23.47941017150879,43.323604583740234,110.73358154296875,142.54322814941406,443.71527099609375,111.43961334228516,35.26398849487305,66.20974731445312,60.108558654785156,140.67491149902344,376.2843933105469
2023-12-21,368.74127197265625,193.0456085205078,146.55514526367188,95.72164154052734,160.20216369628906,138.09170532226562,139.62646484375,100.6640396118164,55.04267883300781,157.09378051757812,25.317113876342773,46.457801818847656,152.0963592529297,103.55113220214844,279.679443359375,46.923187255859375,50.60835647583008,334.49066162109375,84.08309173583984,197.65005493164062,282.052001953125,74.92825317382812,262.0199890136719,264.4628601074219,100.14976501464844,104.84385681152344,72.96018981933594,46.48235321044922,288.1540222167969,564.9119262695312,427.3087463378906,181.1151885986328,31.807668685913086,74.25605010986328,47.399932861328125,365.9429016113281,98.37606811523438,87.46941375732422,10.861385345458984,24.08950424194336,43.342864990234375,110.8664321899414,142.72482299804688,445.7147521972656,112.03057098388672,35.27274703979492,66.44393920898438,59.99642562866211,142.0497283935547,382.19207763671875
2023-12-22,369.7678527832031,191.97467041015625,147.14198303222656,95.89102172851562,160.1065216064453,139.06809997558594,139.94143676757812,101.90353393554688,55.35590362548828,157.7617950439453,25.397600173950195,47.365638732910156,153.3828887939453,103.88371276855469,279.9770202636719,47.29140090942383,51.21316909790039,334.1264343261719,84.69642639160156,198.21871948242188,282.3340148925781,75.49566650390625,260.44000244140625,269.03582763671875,99.92891693115234,105.37540435791016,73.0901107788086,47.416358947753906,288.9780578613281,563.3219604492188,427.49951171875,181.87965393066406,32.02802658081055,74.94282531738281,47.1411247253418,366.01983642578125,99.29642486572266,87.26167297363281,10.870187759399414,24.23740577697754,43.45838928222656,111.65406799316406,143.7147216796875,449.5097351074219,112.76225280761719,35.316490173339844,66.94041442871094,60.2767448425293,143.01113891601562,385.573486328125
2023-12-26,369.8468322753906,191.42930603027344,147.78558349609375,96.10741424560547,161.05340576171875,139.6999053955078,141.201416015625,101.83729553222656,55.58371353149414,158.8719940185547,25.406543731689453,49.83259963989258,154.39511108398438,103.87394714355469,281.0903625488281,47.47077560424805,51.13470458984375,334.8165283203125,86.11426544189453,200.53211975097656,287.4583435058594,76.01500701904297,262.7900085449219,268.7896423339844,100.54415130615234,105.56871032714844,73.31282043457031,46.65464782714844,290.94598388671875,563.5984497070312,429.368896484375,182.26190185546875,32.43999099731445,75.21564483642578,47.582054138183594,366.94293212890625,100.0326919555664,87.66770935058594,10.958205223083496,24.597919464111328,43.5354118347168,112.94464111328125,143.51492309570312,450.8394470214844,112.64968872070312,35.29899215698242,67.81159973144531,60.45426940917969,143.91488647460938,389.8972473144531
2023-12-27,369.26446533203125,191.5284423828125,147.9843292236328,95.65577697753906,162.01937866210938,139.8147430419922,140.73822021484375,102.1684799194336,55.72608947753906,159.3800506591797,25.585399627685547,50.08916473388672,154.631591796875,103.62938690185547,282.7123718261719,47.6218376159668,51.61528778076172,334.06890869140625,86.61610412597656,201.47677612304688,289.8794860839844,76.07271575927734,262.1000061035156,271.2796630859375,101.1834487915039,106.10993194580078,73.1457748413086,46.437015533447266,289.9959411621094,574.30419921875,428.21484375,183.3400115966797,32.420833587646484,75.61078643798828,47.28490447998047,369.7026672363281,100.0326919555664,88.44203186035156,10.905394554138184,24.625648498535156,43.52578353881836,112.44169616699219,142.43423461914062,450.5676574707031,112.85604858398438,35.15898895263672,67.60549926757812,60.49164581298828,144.36679077148438,390.2568054199219
2023-12-28,370.45892333984375,191.95484924316406,148.2020263671875,94.27259063720703,162.88018798828125,139.49888610839844,138.7555694580078,102.91595458984375,55.7640495300293,159.3706512451172,25.74637222290039,49.72405242919922,154.90594482421875,103.93262481689453,283.9505920410156,47.659610748291016,51.51394271850586,332.9474182128906,87.37281799316406,201.62135314941406,288.67376708984375,76.20735168457031,260.3500061035156,273.1069641113281,101.27816009521484,106.69949340820312,73.28498077392578,46.44608688354492,290.2479553222656,573.6522827148438,430.3703918457031,184.0653076171875,32.459163665771484,76.3351821899414,47.428688049316406,371.5584716796875,100.32720947265625,88.42313385009766,10.861385345458984,24.588674545288086,43.48727035522461,110.55327606201172,142.86102294921875,451.9847106933594,113.33446502685547,35.15898895263672,67.69918060302734,60.70655822753906,144.57827758789062,389.369384765625
2023-12-29,371.2091369628906,190.9136505126953,148.3534698486328,94.07499694824219,162.6889190673828,140.27423095703125,138.1904296875,103.15250396728516,55.934906005859375,159.79400634765625,25.74637222290039,49.58590316772461,154.7167510986328,103.1305160522461,284.5937194824219,47.69737243652344,51.54009246826172,332.1710205078125,87.07809448242188,202.14186096191406,287.4972229003906,76.65937042236328,260.6600036621094,272.69036865234375,100.73357391357422,106.38055419921875,73.27569580078125,46.5276985168457,290.2964782714844,575.6966552734375,432.2874450683594,183.6144561767578,32.257957458496094,76.21287536621094,47.17946243286133,370.9430236816406,99.11235046386719,88.05487060546875,10.729358673095703,24.135725021362305,44.00716018676758,110.14523315429688,142.78842163085938,454.37237548828125,113.98170471191406,35.29899215698242,67.65235137939453,60.86539840698242,143.78028869628906,389.9642639160156
2024-01-02,366.10552978515625,184.0814971923828,151.41062927246094,96.3144302368164,164.58261108398438,142.38015747070312,138.4868927001953,107.14537811279297,56.77967071533203,162.68243408203125,26.586994171142578,47.16828155517578,152.77745056152344,101.79039764404297,285.1024169921875,47.687931060791016,52.07625961303711,330.7620544433594,87.61974334716797,201.45748901367188,284.6190185546875,77.6307144165039,251.75999450683594,281.5616149902344,99.4076156616211,106.16793060302734,75.02964782714844,47.84254837036133,300.62091064453125,584.8616333007812,435.0342712402344,184.5651397705078,32.47832107543945,78.31082916259766,47.28490447998047,373.37579345703125,99.31483459472656,88.66866302490234,10.702953338623047,24.6348934173584,44.546295166015625,111.58763885498047,143.7964630126953,456.26507568359375,114.77904510498047,36.384037017822266,68.15818786621094,62.369747161865234,141.5978546142578,390.9784851074219
2024-01-03,365.83905029296875,182.7032012939453,152.35716247558594,97.1236343383789,163.8653106689453,141.51864624023438,141.12730407714844,108.593017578125,56.91255569458008,162.72006225585938,26.586994171142578,46.428192138671875,151.4530792236328,100.22528076171875,282.5589294433594,48.05900573730469,52.07952117919922,324.2250061035156,85.85938262939453,197.14878845214844,276.4414978027344,76.83247375488281,243.91000366210938,284.68597412109375,97.9159164428711,105.84898376464844,75.05748748779297,47.42542266845703,294.3778076171875,610.0457153320312,437.8956298828125,182.61473083496094,32.12383270263672,78.53662872314453,46.66185760498047,367.1160583496094,97.82386779785156,86.78953552246094,10.306873321533203,23.63655662536621,44.786983489990234,113.8082046508789,143.06991577148438,460.9141540527344,114.19745635986328,36.226531982421875,68.50477600097656,62.3510627746582,140.00192260742188,383.60577392578125
2024-01-04,363.21319580078125,180.38282775878906,152.03533935546875,96.27678680419922,164.95274353027344,142.29400634765625,139.58013916015625,110.71247100830078,56.72271728515625,161.32763671875,26.0146541595459,46.250572204589844,152.1720428466797,100.3524398803711,280.0153503417969,47.649871826171875,51.5760612487793,324.5413513183594,86.16207885742188,197.5054473876953,278.1918029785156,77.2652359008789,244.94000244140625,287.0340270996094,98.38947296142578,107.26004791259766,74.71412658691406,47.7373161315918,296.8594970703125,606.8853759765625,436.7033996582031,184.01100158691406,32.38250732421875,79.47740936279297,47.236976623535156,368.2314758300781,97.6121826171875,87.01615142822266,10.280467987060547,22.425609588623047,44.19007873535156,110.53431701660156,142.57044982910156,457.8568115234375,114.93850708007812,36.33154296875,67.21207427978516,61.426025390625,139.31930541992188,382.6695556640625
2024-01-05,363.0256652832031,179.65895080566406,152.50857543945312,96.5684814453125,165.78033447265625,141.11660766601562,139.33926391601562,110.91117095947266,56.637290954589844,158.947265625,26.354482650756836,46.27030944824219,150.5638427734375,100.4894027709961,277.37591552734375,47.65938949584961,51.232784271240234,328.7107849121094,86.49661254882812,196.1848907470703,280.9435119628906,76.91902923583984,249.0,286.873046875,99.67597198486328,107.0860824584961,75.55860137939453,47.91160202026367,304.00421142578125,610.8851318359375,435.396728515625,185.8988800048828,32.98609161376953,78.37669372558594,47.850440979003906,371.58734130859375,97.71342468261719,88.04541778564453,10.430098533630371,23.118900299072266,44.33448791503906,110.58174896240234,144.14154052734375,456.0709533691406,114.67585754394531,36.3052864074707,66.3315200805664,60.725250244140625,140.30958557128906,386.15106201171875
2024-01-08,369.8764953613281,184.00216674804688,152.88719177246094,94.95947265625,165.53977966308594,142.33229064941406,138.5054473876953,111.06256103515625,57.054931640625,159.10719299316406,26.45285415649414,47.8096923828125,152.43690490722656,102.37731170654297,280.1689453125,48.011436462402344,51.73625183105469,333.4937744140625,86.71168518066406,195.34629821777344,284.1717834472656,77.32295989990234,229.0,294.3336486816406,101.24658203125,108.6324462890625,74.87188720703125,47.50798797607422,304.04302978515625,618.2724609375,437.399658203125,186.04637145996094,32.72740936279297,79.01641845703125,47.850440979003906,373.91424560546875,98.41287994384766,88.30038452148438,10.53571891784668,23.692018508911133,44.25747299194336,108.6553726196289,145.23130798339844,461.28302001953125,115.57638549804688,36.67280197143555,66.56571197509766,60.39821243286133,141.70361328125,388.1211242675781
2024-01-09,370.96234130859375,183.58570861816406,152.9818572998047,93.7833023071289,164.2310028076172,142.91622924804688,134.98487854003906,112.05604553222656,56.950523376464844,157.28196716308594,26.291881561279297,47.41497802734375,151.43417358398438,101.36976623535156,279.1803283691406,47.488121032714844,52.08279037475586,331.82598876953125,86.9028549194336,194.35345458984375,284.2106628417969,77.72689056396484,225.75999450683594,290.9063415527344,101.6412353515625,108.95138549804688,74.57491302490234,47.0401496887207,303.3062744140625,617.7293090820312,435.1964416503906,183.64718627929688,32.21963882446289,80.9638442993164,47.24656677246094,368.9910583496094,97.76863861083984,86.93116760253906,10.421296119689941,23.442434310913086,44.51741409301758,107.00419616699219,145.24951171875,458.34210205078125,115.979736328125,36.629051208496094,66.20037078857422,60.70939636230469,140.58839416503906,383.47900390625
2024-01-10,377.8526611328125,184.62689208984375,153.20899963378906,92.8611831665039,164.57742309570312,143.52886962890625,133.87313842773438,112.4629135131836,57.14035415649414,157.04673767089844,25.925228118896484,46.84264373779297,152.5220489501953,102.04733276367188,282.2709655761719,47.80210494995117,52.73011016845703,341.9957275390625,86.26563262939453,195.09567260742188,285.2413024902344,77.46721649169922,227.83999633789062,288.3595275878906,102.36735534667969,110.56541442871094,73.53555297851562,46.47141647338867,298.3136901855469,622.380859375,434.34759521484375,181.8772735595703,32.19089889526367,79.49622344970703,47.04526901245117,367.2794494628906,98.83625030517578,86.38349151611328,10.412494659423828,22.813854217529297,44.42113494873047,105.50485229492188,146.41192626953125,458.0703430175781,115.6326675415039,35.929019927978516,64.94513702392578,59.549530029296875,141.6074676513672,383.9568786621094
2024-01-11,379.68878173828125,184.03192138671875,152.52749633789062,92.84236907958984,163.8845672607422,144.074462890625,134.5957794189453,112.05604553222656,56.77017593383789,156.30348205566406,25.397600173950195,47.01039505004883,153.40182495117188,102.88201141357422,282.3284606933594,47.992401123046875,52.6712646484375,341.7369689941406,86.75947570800781,194.39202880859375,283.9870300292969,77.4768295288086,222.66000366210938,286.96771240234375,102.4699478149414,110.22550964355469,73.24786376953125,46.06779861450195,297.9937438964844,627.8423461914062,432.1825256347656,181.936279296875,31.759769439697266,80.33351135253906,47.006927490234375,365.1544189453125,100.55729675292969,85.46753692626953,10.306873321533203,22.213003158569336,44.141937255859375,105.33403015136719,144.6228485107422,453.5959167480469,116.14859008789062,36.40153884887695,65.07627868652344,59.464656829833984,140.74220275878906,380.5533142089844
2024-01-12,383.4794921875,184.35914611816406,153.701171875,94.04676818847656,162.68165588378906,144.16062927246094,136.43942260742188,112.24528503417969,57.320701599121094,157.3760528564453,25.66588592529297,46.49726867675781,156.84523010253906,104.67904663085938,281.67584228515625,47.89725875854492,52.739925384521484,340.95098876953125,86.12223815917969,193.84259033203125,282.38262939453125,77.81343841552734,217.6999969482422,290.1962585449219,102.4383773803711,110.63338470458984,71.0484848022461,46.15035629272461,295.6865234375,634.953125,441.7679443359375,178.9962615966797,31.424449920654297,81.264892578125,45.43491744995117,363.2312927246094,101.68932342529297,84.70264434814453,10.086828231811523,21.510467529296875,44.31523895263672,105.99829864501953,143.7692108154297,466.9317932128906,116.47689819335938,36.17403030395508,65.16056823730469,59.775840759277344,139.9346160888672,376.9352111816406
2024-01-16,385.2563171386719,182.08837890625,151.9312286376953,91.92024993896484,161.6615753173828,143.38525390625,133.1227264404297,112.1128158569336,56.941036224365234,156.34109497070312,25.326061248779297,46.43806457519531,157.9425811767578,104.64958190917969,279.3914794921875,48.135128021240234,52.906654357910156,343.55810546875,85.73989868164062,190.6327667236328,279.2904968261719,77.35181427001953,200.52000427246094,287.3274841308594,101.00192260742188,110.47801208496094,71.84656524658203,45.865989685058594,297.5574951171875,626.7066040039062,436.6748046875,177.94415283203125,30.772964477539062,80.89797973632812,44.878963470458984,365.8275451660156,98.07235717773438,81.18046569824219,10.086828231811523,21.140714645385742,44.68107986450195,103.09449768066406,141.0629119873047,463.8453674316406,115.44505310058594,35.85027313232422,64.72968292236328,59.24776840209961,138.2136993408203,375.803955078125
2024-01-17,384.46661376953125,181.14634704589844,151.84603881835938,91.25218963623047,160.7954864501953,143.52886962890625,132.59463500976562,111.77218627929688,56.941036224365234,156.59515380859375,25.174030303955078,45.45127868652344,157.110107421875,104.51210021972656,279.4587097167969,47.859195709228516,52.65818405151367,340.9414367675781,84.49727630615234,190.8062744140625,270.9282531738281,77.86152648925781,203.05999755859375,287.8955078125,100.14161682128906,110.64311218261719,71.4475326538086,45.84764099121094,299.0504455566406,621.1167602539062,435.36810302734375,177.97366333007812,30.46638298034668,81.35897827148438,44.73517990112305,362.68316650390625,97.31766510009766,79.70736694335938,9.919595718383789,20.493640899658203,44.79661178588867,102.07910919189453,140.3636474609375,459.943603515625,115.67957305908203,35.649009704589844,64.5610580444336,59.49294662475586,137.55992126464844,369.23089599609375
2024-01-18,388.8100891113281,187.04641723632812,152.58432006835938,91.08281707763672,161.11305236816406,142.70138549804688,131.39024353027344,112.1601333618164,57.10239028930664,157.28196716308594,25.12037467956543,46.12229537963867,157.8290557861328,106.74119567871094,282.5300598144531,48.28736114501953,53.367618560791016,343.05010986328125,84.7840576171875,192.90760803222656,274.1078186035156,77.73649597167969,211.61000061035156,288.2837219238281,101.4596939086914,110.73051452636719,68.56140899658203,45.94853973388672,299.632080078125,615.6256103515625,438.3247985839844,176.78387451171875,30.399320602416992,81.2837142944336,44.514713287353516,362.4235534667969,97.81465911865234,79.22578430175781,9.673145294189453,20.475154876708984,44.43076705932617,101.4717788696289,142.1527099609375,460.6715393066406,115.41691589355469,35.386497497558594,64.39244079589844,59.70040512084961,139.35777282714844,371.94207763671875
2024-01-19,393.5483703613281,189.95181274414062,153.02915954589844,91.22395324707031,163.89418029785156,142.15231323242188,131.77935791015625,112.49129486083984,56.78916549682617,155.9741668701172,25.2902889251709,47.51365661621094,162.21844482421875,107.69371032714844,288.4520568847656,48.78213119506836,53.086463928222656,347.37298583984375,85.83547973632812,193.53414916992188,278.6795654296875,77.76553344726562,215.02000427246094,291.4270324707031,102.45416259765625,111.38117218017578,68.56609344482422,45.96689224243164,292.8266906738281,620.790771484375,436.5984802246094,180.10736083984375,30.868772506713867,82.12100982666016,46.12507247924805,367.51025390625,100.77818298339844,80.58554077148438,9.857982635498047,20.336498260498047,44.22859191894531,102.3637924194336,142.47962951660156,456.64361572265625,115.16365051269531,35.290245056152344,63.87723159790039,59.549530029296875,135.93511962890625,373.23907470703125
2024-01-22,391.4161376953125,192.26223754882812,153.77688598632812,91.10163116455078,163.70172119140625,142.43167114257812,132.01095581054688,113.00222778320312,56.54237747192383,155.34381103515625,25.317113876342773,47.58273696899414,163.49551391601562,108.11595916748047,286.41729736328125,49.06757354736328,53.0897331237793,341.8903503417969,86.04259490966797,193.78475952148438,281.9911193847656,77.8042221069336,214.92999267578125,293.6519775390625,103.57492065429688,110.89559936523438,69.23096466064453,45.471534729003906,295.7059020996094,623.0623168945312,437.5522766113281,181.91659545898438,31.1849308013916,73.78565979003906,46.518070220947266,371.1257629394531,101.82738494873047,80.95382690429688,9.857982635498047,20.85415267944336,44.218963623046875,102.54409790039062,144.0325469970703,452.89703369140625,114.7602767944336,35.4214973449707,48.42079544067383,59.57781219482422,136.65615844726562,375.0627746582031
2024-01-23,393.7754211425781,193.5413818359375,151.2592010498047,92.12725067138672,162.62391662597656,148.3269805908203,131.640380859375,113.39016723632812,56.808143615722656,157.7241668701172,25.42443084716797,48.24387741088867,164.54559326171875,109.8147964477539,287.99139404296875,49.248348236083984,53.22377395629883,336.2255859375,76.54779052734375,195.6161651611328,282.1473693847656,78.76202392578125,211.5,293.4152526855469,102.56465911865234,110.7110824584961,70.32659912109375,45.9760627746582,295.09515380859375,621.877197265625,419.3448181152344,182.368896484375,31.395706176757812,74.77348327636719,47.08361053466797,366.13519287109375,101.01748657226562,81.90754699707031,10.007613182067871,20.872642517089844,44.52703857421875,102.47766876220703,145.35845947265625,454.1588439941406,117.20857238769531,35.386497497558594,49.001583099365234,61.05830764770508,136.94461059570312,377.8616943359375
2024-01-24,397.3884582519531,192.8671417236328,150.45468139648438,93.71744537353516,164.0770263671875,146.53526306152344,134.26223754882812,112.48182678222656,55.91592025756836,155.80484008789062,25.335006713867188,48.44123458862305,164.53610229492188,112.2500991821289,288.3657531738281,48.820186614990234,52.471839904785156,332.86114501953125,74.26968383789062,192.65696716308594,283.9546203613281,77.47528839111328,214.1300048828125,289.2400207519531,102.54887390136719,107.57427215576172,69.47443389892578,46.08613967895508,295.192138671875,625.847412109375,411.69549560546875,182.71307373046875,31.596899032592773,74.82051849365234,47.43827438354492,364.8179016113281,101.00826263427734,82.69132232666016,9.708353042602539,20.67852210998535,44.38262176513672,104.0719223022461,142.19808959960938,450.2764892578125,110.7266845703125,34.94022750854492,49.30134201049805,60.01158905029297,135.58901977539062,378.78814697265625
2024-01-25,399.6687927246094,192.53988647460938,151.0225830078125,96.09801483154297,166.42510986328125,149.90675354003906,137.64382934570312,113.66455841064453,56.15321731567383,156.70803833007812,24.935598373413086,48.8951530456543,180.14495849609375,112.92767333984375,285.2655334472656,49.79069137573242,53.236846923828125,336.4076843261719,76.45220947265625,195.24990844726562,293.8111877441406,78.57819366455078,201.8800048828125,293.74664306640625,102.54887390136719,109.205810546875,67.41426849365234,45.50822830200195,289.4433898925781,619.8427124023438,411.11370849609375,184.92544555664062,31.989707946777344,75.47907257080078,47.81210708618164,367.99102783203125,102.5084457397461,83.11624908447266,9.981207847595215,21.362565994262695,44.70033264160156,106.33042907714844,145.04061889648438,421.77020263671875,113.02490234375,35.18523406982422,48.13039779663086,60.79426574707031,137.2810821533203,383.2742004394531
2024-01-26,398.7408142089844,190.80458068847656,150.96578979492188,96.9166259765625,165.7899627685547,150.40768432617188,138.171875,114.31741333007812,56.3525390625,157.93113708496094,24.935598373413086,43.07312774658203,177.29754638671875,112.57416534423828,280.5144958496094,49.60990524291992,53.70436096191406,340.55804443359375,76.46016693115234,194.517333984375,292.50213623046875,80.13583374023438,205.47000122070312,295.17620849609375,103.54334259033203,108.77851104736328,68.36007690429688,45.59078598022461,288.71630859375,631.32861328125,410.0359802246094,198.0620574951172,32.02802658081055,74.81111907958984,48.233863830566406,363.269775390625,101.3211898803711,82.84239196777344,10.02521800994873,21.12222671508789,44.57518005371094,106.5012435913086,144.6682891845703,425.0799560546875,113.66276550292969,35.17648696899414,48.75802230834961,60.83198547363281,137.52145385742188,383.8691101074219
2024-01-29,404.45648193359375,190.12037658691406,150.83328247070312,97.03894805908203,166.22300720214844,150.42694091796875,138.11631774902344,114.75265502929688,56.694244384765625,158.20399475097656,24.94467544555664,43.260616302490234,177.03265380859375,111.70018768310547,280.5624694824219,49.752628326416016,53.95608901977539,340.9414367675781,76.77082061767578,195.72222900390625,296.2337951660156,81.22908020019531,205.19000244140625,296.766845703125,103.4723129272461,110.17694854736328,68.80957794189453,45.746726989746094,289.743896484375,637.0074462890625,408.2237854003906,197.50157165527344,32.200477600097656,74.38776397705078,48.26261901855469,365.9332580566406,102.7569351196289,82.738525390625,10.166045188903809,21.00205421447754,44.79661178588867,105.90339660644531,143.50582885742188,425.4196472167969,113.75657653808594,35.465248107910156,51.465240478515625,60.59624481201172,137.348388671875,387.8285217285156
2024-01-30,403.3409729003906,186.4613494873047,150.27487182617188,98.65736389160156,169.62965393066406,151.70811462402344,139.07981872558594,115.11221313476562,56.8556022644043,159.58702087402344,24.527114868164062,42.3527717590332,177.72323608398438,112.10279846191406,282.80841064453125,49.70505905151367,54.13589859008789,342.2832946777344,76.26899719238281,198.4693603515625,297.7088928222656,81.49031066894531,200.44000244140625,297.87457275390625,105.70592498779297,110.20610046386719,69.15603637695312,45.30641555786133,289.8117370605469,636.9876098632812,411.72412109375,200.736572265625,33.33099365234375,73.96441650390625,49.06779098510742,372.0007019042969,102.81214904785156,83.54903411865234,10.368486404418945,21.039030075073242,44.91213607788086,108.22834014892578,131.7362060546875,430.45703125,114.1599349975586,35.403995513916016,52.45819854736328,61.62409210205078,137.55030822753906,387.0970764160156
2024-01-31,392.4723815917969,182.8518829345703,150.3979034423828,96.73784637451172,167.7916259765625,151.3709716796875,136.58766174316406,114.27957153320312,56.4664421081543,158.56150817871094,24.581579208374023,42.51066207885742,173.74063110351562,109.6871337890625,280.9560241699219,47.745018005371094,54.02474594116211,338.31512451171875,75.15385437011719,194.96072387695312,293.3618469238281,81.46126556396484,211.0399932861328,297.53375244140625,104.51414489746094,109.88561248779297,69.64300537109375,44.82941436767578,291.7506103515625,637.6098022460938,409.55908203125,197.3836212158203,32.58370590209961,73.62572479248047,48.09967041015625,369.250732421875,99.81180572509766,83.18669128417969,10.315674781799316,20.86339569091797,44.42113494873047,106.15961456298828,128.866455078125,433.6211853027344,113.47516632080078,35.10648727416992,52.064762115478516,61.20918655395508,135.5986328125,383.830078125
2024-02-01,398.5927734375,185.29127502441406,149.88677978515625,96.34265899658203,167.1853485107422,153.3360595703125,137.01382446289062,119.57817840576172,57.88071060180664,161.54400634765625,24.77220344543457,42.78696060180664,176.80560302734375,113.4481201171875,286.1005859375,47.745018005371094,55.025142669677734,345.1300964355469,76.3964614868164,190.18934631347656,300.571044921875,83.31883239746094,209.80999755859375,307.2854919433594,106.8740234375,111.18695068359375,69.22159576416016,44.64594650268555,297.9259033203125,652.2461547851562,409.9024658203125,199.82212829589844,32.14299392700195,73.53164672851562,47.03786087036133,369.0968322753906,101.11871337890625,82.78620910644531,10.65014362335205,21.491981506347656,44.96990203857422,105.69463348388672,129.32962036132812,433.09698486328125,115.78274536132812,36.50654983520508,53.170127868652344,61.13373947143555,136.04086303710938,383.9275817871094
2024-02-02,405.9371643066406,184.2897491455078,148.2304229736328,95.94745635986328,168.14767456054688,152.2860870361328,141.0439453125,119.60655975341797,57.46307373046875,160.85719299316406,24.445419311523438,42.03700256347656,175.75555419921875,113.70343780517578,285.1119689941406,47.745018005371094,55.437068939208984,342.4079284667969,75.56804656982422,189.03268432617188,307.7998352050781,81.86761474609375,209.3800048828125,305.9884338378906,107.76590728759766,108.87561798095703,68.44435119628906,44.68264389038086,313.94091796875,659.376708984375,406.278076171875,202.9587860107422,32.066341400146484,72.40270233154297,47.45293045043945,372.9527282714844,100.99905395507812,83.21529388427734,10.685349464416504,20.9281063079834,44.42113494873047,104.98291015625,128.82106018066406,433.4464416503906,114.68524169921875,36.191532135009766,52.16780090332031,61.10545349121094,134.68527221679688,382.8743896484375
2024-02-05,400.438720703125,186.10438537597656,147.46377563476562,95.55227661132812,167.92633056640625,152.4016876220703,141.12730407714844,119.38894653320312,56.988487243652344,160.81015014648438,24.11863136291504,42.20475769042969,173.51358032226562,114.2926254272461,274.477294921875,47.1075325012207,55.139564514160156,340.4046325683594,73.86344146728516,186.04454040527344,313.9638671875,81.35484313964844,206.6300048828125,304.83343505859375,108.68933868408203,108.42888641357422,67.8356704711914,44.01299285888672,311.4494934082031,697.448974609375,402.2054443359375,202.4966583251953,31.606483459472656,72.16751098632812,47.00890350341797,368.2987365722656,99.61853790283203,81.8994140625,10.201251983642578,20.484397888183594,44.27672576904297,104.35659790039062,126.30548095703125,429.2729187011719,113.48454284667969,35.456504821777344,49.610469818115234,59.90785598754883,132.26251220703125,376.4670715332031
2024-02-06,400.2807922363281,187.7107696533203,149.60284423828125,96.21092224121094,168.50372314453125,153.12417602539062,141.14584350585938,120.05125427246094,56.89357376098633,161.2805633544922,24.962827682495117,42.29877853393555,173.50411987304688,113.22227478027344,273.2102966308594,47.554725646972656,55.515533447265625,341.46856689453125,74.68387603759766,186.6518096923828,315.2533264160156,81.01622772216797,208.5800018310547,299.2474670410156,108.58672332763672,110.7110824584961,69.07176971435547,45.187171936035156,317.5665588378906,696.2935180664062,407.2127990722656,202.2115020751953,31.654380798339844,73.1176986694336,46.61314010620117,370.1930236816406,100.29959106445312,82.09965515136719,10.623736381530762,21.362565994262695,43.31398391723633,105.8274917602539,132.51722717285156,434.98968505859375,113.81285095214844,35.52649688720703,49.994537353515625,61.13373947143555,134.49298095703125,379.2659912109375
2024-02-07,408.7308044433594,187.8198699951172,149.52711486816406,96.18270111083984,168.8212890625,153.27825927734375,140.9420166015625,120.60951232910156,56.941036224365234,161.32763671875,25.01729393005371,42.33836364746094,173.81629943847656,115.15676879882812,275.7825927734375,47.35491180419922,55.37495422363281,347.64141845703125,74.74759674072266,187.09521484375,316.10321044921875,81.13233184814453,211.9199981689453,280.12255859375,109.31285858154297,110.0409927368164,71.21621704101562,44.61842346191406,320.4457702636719,716.391357421875,410.2171630859375,205.5841522216797,31.78850746154785,70.01312255859375,46.796539306640625,371.7988586425781,100.98986053466797,82.00430297851562,11.266264915466309,21.085248947143555,42.957759857177734,106.5866470336914,133.7159881591797,440.5511779785156,113.56897735595703,35.22898864746094,50.00399398803711,60.07759475708008,133.99302673339844,376.3890686035156
2024-02-08,408.7900390625,186.73899841308594,148.03164672851562,97.82933807373047,168.2150421142578,152.81593322753906,142.73008728027344,119.79579162597656,56.78916549682617,163.5668487548828,25.026371002197266,42.061256408691406,175.9927978515625,114.57740020751953,280.1977233886719,47.52618408203125,55.371681213378906,348.62860107421875,74.23782348632812,186.47830200195312,314.54998779296875,81.51932525634766,209.22000122070312,279.1568298339844,109.74695587158203,109.18639373779297,70.30786895751953,44.68264389038086,322.1325988769531,726.563720703125,407.260498046875,207.67857360839844,31.73102569580078,69.4298324584961,46.67105484008789,370.2410888671875,100.23517608642578,81.67057037353516,11.292671203613281,20.83566665649414,43.747215270996094,108.08599853515625,134.33352661132812,437.95001220703125,112.81853485107422,35.080230712890625,49.83378601074219,60.40763854980469,133.28158569335938,376.27203369140625
2024-02-09,415.1473083496094,187.50352478027344,148.37240600585938,95.75926971435547,168.41712951660156,151.6407012939453,139.93218994140625,118.6982192993164,56.53289031982422,157.75238037109375,25.01729393005371,42.862892150878906,177.88294982910156,114.53811645507812,277.8365783691406,47.697444915771484,55.34226608276367,348.082275390625,73.99884796142578,187.80850219726562,309.82196044921875,80.74534606933594,209.1999969482422,275.6253662109375,109.9284896850586,108.58426666259766,71.46904754638672,45.69169616699219,324.69189453125,730.9880981445312,406.7835693359375,208.91748046875,31.683122634887695,69.3075180053711,46.39112854003906,369.4910583496094,97.86067962646484,81.8994140625,11.160646438598633,20.558349609375,43.71833419799805,105.48587036132812,132.8259735107422,441.5411682128906,112.38702392578125,35.09773254394531,50.16475296020508,58.785709381103516,134.19496154785156,371.8445739746094
2024-02-12,409.92523193359375,185.8156280517578,149.40408325195312,97.07658386230469,169.16773986816406,151.34205627441406,140.89569091796875,118.59414672851562,56.665767669677734,160.5184783935547,25.10806655883789,43.57545852661133,177.7111358642578,113.7525405883789,277.8078308105469,47.56424331665039,55.67572784423828,350.2868957519531,75.37686157226562,190.22792053222656,314.1885681152344,80.84208679199219,209.3300018310547,278.7591247558594,110.63092041015625,109.28348541259766,72.37740325927734,45.636653900146484,326.94097900390625,728.1241455078125,408.281005859375,208.71099853515625,32.21005630493164,70.04133605957031,47.22127151489258,377.5490417480469,101.22915649414062,82.8338851928711,11.424697875976562,20.918859481811523,44.1323127746582,105.42892456054688,133.9066925048828,438.192626953125,112.63093566894531,35.482749938964844,50.81722640991211,59.4835205078125,135.4640350341797,379.743896484375
2024-02-13,401.10015869140625,183.72067260742188,148.09793090820312,96.24085998535156,167.6953887939453,150.5329132080078,139.52452087402344,118.6792984008789,56.33355712890625,158.8908233642578,24.481727600097656,42.714439392089844,175.3627471923828,111.63146209716797,275.57147216796875,47.23121643066406,55.29649353027344,342.7530212402344,73.80767822265625,187.00843811035156,305.60186767578125,80.7550277709961,204.4600067138672,275.0193786621094,111.89373016357422,108.12781524658203,71.72189331054688,44.68264389038086,327.1058044433594,733.7633056640625,406.8026428222656,206.16429138183594,31.376543045043945,69.17581176757812,46.56488037109375,364.1928405761719,96.39732360839844,80.0686264038086,11.160646438598633,19.920522689819336,43.87237548828125,104.16681671142578,131.5908966064453,433.04852294921875,111.20509338378906,35.20273971557617,49.61629104614258,59.34206771850586,133.38735961914062,369.8745422363281
2024-02-14,404.9768981933594,182.83702087402344,147.40696716308594,95.76602172851562,169.39869689941406,149.91641235351562,139.90435791015625,119.0483169555664,56.276607513427734,157.6112518310547,24.608810424804688,43.73380661010742,175.23867797851562,112.20101165771484,276.5888366699219,47.84016036987305,55.11994934082031,343.3664855957031,73.61651611328125,187.83743286132812,309.3823547363281,80.98721313476562,203.3800048828125,274.6312255859375,115.62696075439453,108.82705688476562,71.55333709716797,44.847755432128906,328.2593994140625,749.2366333007812,398.85772705078125,207.37371826171875,31.7406063079834,68.71484375,46.84480667114258,363.5101623535156,97.88829803466797,80.09722900390625,11.055025100708008,19.91128158569336,44.269622802734375,104.49894714355469,130.97337341308594,433.24261474609375,111.06439208984375,35.35149383544922,50.37278366088867,58.81399917602539,134.6948699951172,375.24810791015625
2024-02-15,402.0792541503906,182.549072265625,149.4703369140625,98.51061248779297,173.09405517578125,151.2457275390625,144.66217041015625,119.72956848144531,56.381019592285156,157.93113708496094,24.971908569335938,43.595252990722656,178.38888549804688,110.7476806640625,280.1305847167969,46.67937088012695,55.34553527832031,346.09820556640625,74.806884765625,190.8062744140625,315.59521484375,80.85176849365234,205.3300018310547,275.823974609375,117.1028823852539,110.36146545410156,71.73126220703125,45.3522834777832,328.8314208984375,749.7015991210938,403.5598449707031,208.97647094726562,32.64118576049805,69.02529907226562,50.2329216003418,370.60650634765625,99.63694763183594,81.68963623046875,11.31716251373291,20.604570388793945,45.412940979003906,106.08545684814453,133.4798583984375,436.765869140625,111.43022918701172,35.15024185180664,51.356224060058594,59.68154525756836,137.5635986328125,355.6264953613281
2024-02-16,399.60675048828125,181.01014709472656,149.29867553710938,98.51061248779297,172.2856903076172,151.72740173339844,144.8213653564453,120.91229248046875,56.37152862548828,156.48223876953125,25.071758270263672,43.060829162597656,179.12396240234375,109.30416107177734,280.2840881347656,46.08945083618164,55.69534683227539,347.3155212402344,73.89183807373047,190.05441284179688,314.46209716796875,80.76470184326172,203.88999938964844,270.7000427246094,117.72639465332031,110.7208023071289,72.19947814941406,45.73755645751953,330.6636047363281,773.7227783203125,404.4659423828125,209.0059814453125,32.66034698486328,67.34129333496094,50.10743713378906,369.6641540527344,100.18916320800781,82.48107147216797,11.11829948425293,20.548477172851562,46.15900421142578,105.67448425292969,136.28994750976562,437.6976318359375,110.96121215820312,35.15898895263672,50.73211669921875,60.44536209106445,137.0709991455078,351.7450256347656
2024-02-20,398.3507995605469,180.26548767089844,150.54798889160156,97.57991790771484,172.9593048095703,152.690673828125,144.2313232421875,120.514892578125,57.61494445800781,158.67442321777344,25.044527053833008,44.060401916503906,175.1145782470703,106.4957046508789,280.8887939453125,45.937217712402344,57.49344253540039,347.5263977050781,74.35340118408203,191.7605438232422,306.4810791015625,81.85794067382812,203.3699951171875,270.51873779296875,117.30018615722656,113.27491760253906,71.4596939086914,45.73755645751953,330.9156799316406,747.6041259765625,404.65667724609375,208.93714904785156,32.53580093383789,67.77406311035156,49.97229766845703,369.7410888671875,100.69535064697266,81.3844985961914,11.073102951049805,20.856985092163086,46.5078125,104.69009399414062,136.5011749267578,440.56085205078125,111.76792907714844,35.22024154663086,50.49571990966797,62.02958297729492,136.34657287597656,348.5268249511719
2024-02-21,397.7474670410156,181.02008056640625,151.3300018310547,99.5742416381836,174.0852508544922,154.5112762451172,145.57998657226562,121.22451782226562,58.127498626708984,158.84375,25.11714744567871,43.021244049072266,171.54429626464844,106.21092987060547,282.0981750488281,46.12751007080078,56.78728103637695,349.0216369628906,74.26433563232422,192.3292236328125,309.80242919921875,82.53515625,201.57000732421875,270.47100830078125,117.65535736083984,114.46943664550781,72.24629211425781,46.700740814208984,332.88360595703125,737.9581298828125,407.7850646972656,207.3638916015625,32.28670120239258,68.86536407470703,50.831398010253906,373.3469543457031,100.6217269897461,81.48938751220703,10.973670959472656,20.333457946777344,46.323726654052734,107.8726577758789,136.16139221191406,446.4717712402344,112.98736572265625,35.412750244140625,50.9685173034668,61.8692741394043,137.78575134277344,348.4390869140625
2024-02-22,407.1131286621094,183.05545043945312,153.01803588867188,99.48877716064453,176.17349243164062,154.66542053222656,145.5706024169922,122.30317687988281,58.042076110839844,158.29806518554688,25.008216857910156,42.53630065917969,175.849609375,109.00956726074219,284.0273742675781,46.21314239501953,57.34632873535156,355.9324645996094,74.68541717529297,193.5630340576172,314.6379089355469,83.20272827148438,201.5,272.1122131347656,119.70745086669922,115.58625793457031,72.19947814941406,47.08601760864258,331.7008972167969,761.4351196289062,409.06304931640625,210.41207885742188,32.200477600097656,68.4702377319336,51.5167350769043,375.46240234375,102.06668090820312,81.86126708984375,10.955592155456543,20.165178298950195,46.352787017822266,107.25143432617188,137.50216674804688,443.6084899902344,113.55020904541016,35.78901290893555,50.77939987182617,61.36005401611328,138.49085998535156,347.9416809082031
2024-02-23,405.8175354003906,181.21864318847656,154.3436279296875,98.61506652832031,177.058837890625,155.1181640625,144.84947204589844,122.48294067382812,58.089534759521484,159.5682373046875,25.198843002319336,42.54619598388672,177.29107666015625,109.93262481689453,285.7838439941406,46.48907470703125,57.395362854003906,356.5267639160156,74.96884155273438,193.3895721435547,316.3865051269531,83.44459533691406,200.8300018310547,275.9289245605469,121.01761627197266,116.01356506347656,72.2931137084961,47.388729095458984,333.7173156738281,761.3362426757812,411.19000244140625,210.97251892089844,32.497474670410156,69.19463348388672,51.98972702026367,376.0201110839844,102.14950561523438,82.52874755859375,10.973670959472656,20.314760208129883,46.71128463745117,106.5728759765625,136.4919891357422,449.3780517578125,114.10365295410156,35.990272521972656,50.542991638183594,61.59580612182617,139.44711303710938,355.6264953613281
2024-02-26,403.0484313964844,179.8683319091797,153.34228515625,99.00444030761719,176.4525604248047,154.337890625,144.6527862548828,121.90577697753906,57.62443542480469,158.30747985839844,24.672351837158203,42.54619598388672,175.77325439453125,108.97029113769531,285.1791687011719,46.05139923095703,58.45460510253906,356.18170166015625,74.35340118408203,192.0015411376953,317.851806640625,83.34785461425781,200.5399932861328,273.2476806640625,122.15415954589844,115.26578521728516,71.57205963134766,46.342987060546875,331.8463134765625,763.6908569335938,409.33966064453125,213.3323974609375,32.200477600097656,68.63015747070312,52.25034713745117,375.2220458984375,101.66171264648438,81.68963623046875,10.801923751831055,19.622955322265625,45.79081726074219,107.44258117675781,135.4542694091797,447.6627502441406,113.71905517578125,35.62275695800781,50.278221130371094,61.29404830932617,137.486328125,354.21240234375
2024-02-27,402.9891052246094,181.32786560058594,153.5234832763672,98.7955093383789,176.5391845703125,153.45167541503906,142.50804138183594,122.08555603027344,57.27324295043945,158.21340942382812,24.409109115600586,42.28887939453125,176.4796600341797,109.37289428710938,281.9542541503906,45.96576690673828,58.444801330566406,359.9773864746094,74.74211120605469,191.0279541015625,320.04974365234375,83.59939575195312,201.39999389648438,265.7287902832031,121.53853607177734,115.95529174804688,71.42223358154297,46.33381271362305,330.32427978515625,756.8446655273438,410.5318603515625,214.33534240722656,32.84238052368164,68.6960220336914,52.906742095947266,375.78936767578125,102.02985382080078,81.51799774169922,10.84712028503418,20.221271514892578,46.86631774902344,106.66844177246094,136.16139221191406,446.7076721191406,113.6815414428711,35.78901290893555,49.91889572143555,60.54909133911133,136.10511779785156,351.7256164550781
2024-02-28,403.2264404296875,180.12648010253906,154.06707763671875,99.0709228515625,177.43417358398438,154.1741485595703,142.6766357421875,121.29075622558594,57.33019256591797,157.15023803710938,24.545269012451172,41.5565185546875,176.89015197753906,109.66749572753906,283.32672119140625,45.7278938293457,58.47422409057617,361.9422912597656,74.0618896484375,190.44000244140625,321.9350891113281,83.98638916015625,207.0,264.7459411621094,122.817138671875,116.5865478515625,70.41088104248047,46.70991516113281,324.8858337402344,749.5630493164062,412.4871520996094,214.384521484375,32.871124267578125,68.39496612548828,52.819862365722656,380.7474365234375,103.40117645263672,82.05197143554688,11.11829948425293,19.781883239746094,47.02133560180664,107.07940673828125,135.70223999023438,447.2826843261719,113.71905517578125,35.867767333984375,50.126922607421875,60.63396072387695,135.68975830078125,355.77276611328125
2024-02-29,409.0811767578125,179.46128845214844,153.90496826171875,99.2608642578125,179.0508575439453,153.1049041748047,142.3675537109375,120.30673217773438,56.96950912475586,156.74729919433594,24.109554290771484,42.60557556152344,176.63241577148438,109.66749572753906,282.1297912597656,46.022850036621094,57.483638763427734,364.8178405761719,74.5963363647461,192.61099243164062,326.2332763671875,83.70580291748047,203.72000122070312,261.28228759765625,123.827392578125,115.21721649169922,69.64300537109375,46.55397033691406,325.8648986816406,745.6453247070312,411.4399108886719,215.7512664794922,33.3052864074707,67.83049774169922,53.65964889526367,376.7480163574219,104.32151794433594,82.04244232177734,11.244847297668457,19.875370025634766,48.0677604675293,107.5572738647461,136.15220642089844,449.3000793457031,113.66276550292969,35.797767639160156,50.22148513793945,60.52079772949219,136.77159118652344,356.0068054199219
2024-03-01,410.9207458496094,178.37904357910156,154.6106719970703,100.51443481445312,178.30984497070312,153.01820373535156,143.11680603027344,120.12696075439453,56.50440979003906,156.0363006591797,24.136789321899414,43.36763000488281,179.65853881835938,111.72966003417969,280.6336669921875,46.05139923095703,57.6307487487793,368.49853515625,74.38580322265625,192.55284118652344,328.9098815917969,83.67678833007812,200.0,267.4844665527344,125.21650695800781,115.19779968261719,69.14667510986328,46.682395935058594,322.7821044921875,773.7821655273438,409.7297058105469,215.9872589111328,33.14126968383789,68.02806091308594,53.14805603027344,375.8280944824219,104.44116973876953,82.46200561523438,11.253888130187988,20.090391159057617,47.631752014160156,109.18199920654297,135.96856689453125,443.33563232421875,115.28559875488281,35.7540168762207,51.29003143310547,60.29448318481445,134.7624969482422,358.7375183105469
2024-03-04,410.3471374511719,173.85154724121094,152.43629455566406,99.10890197753906,179.64749145507812,153.70211791992188,139.43609619140625,117.37357330322266,56.77017593383789,156.77577209472656,23.501367568969727,45.13915252685547,184.29795837402344,112.00460815429688,280.83636474609375,46.745967864990234,58.16037368774414,364.58782958984375,74.04569244384766,193.1053009033203,330.81475830078125,84.0057373046875,200.5399932861328,266.58758544921875,127.07915496826172,116.57684326171875,69.19351196289062,46.70991516113281,326.5047302246094,783.8338623046875,414.9947204589844,215.2498016357422,33.913116455078125,67.97162628173828,53.87200927734375,379.8468933105469,107.26663970947266,85.85660552978516,11.516027450561523,19.23965835571289,47.83522415161133,106.6971206665039,138.310302734375,448.3839111328125,115.83903503417969,34.765220642089844,50.32550048828125,60.69997024536133,134.4727325439453,355.3924865722656
2024-03-05,398.2122802734375,168.9070281982422,152.56024169921875,100.32450103759766,181.44708251953125,153.47093200683594,140.10105895996094,116.21923828125,56.49491882324219,153.61880493164062,23.673839569091797,42.714439392089844,183.23831176757812,108.94083404541016,282.3807678222656,46.57470703125,58.88615417480469,362.7474365234375,75.05790710449219,191.2735137939453,325.813232421875,83.90898895263672,201.13999938964844,263.97308349609375,124.59298706054688,115.06183624267578,69.02495574951172,47.53550338745117,323.90557861328125,769.3004150390625,415.0331726074219,213.56838989257812,34.14467239379883,68.66780090332031,54.634578704833984,378.5492248535156,106.99974060058594,84.98887634277344,11.37139892578125,19.641653060913086,47.94180679321289,106.29570770263672,137.4378662109375,446.6102294921875,115.96098327636719,34.948978424072266,50.55244827270508,60.79426574707031,134.05738830566406,357.64520263671875
2024-03-06,397.6584777832031,167.9141845703125,151.9594268798828,101.39763641357422,182.39015197753906,153.71177673339844,138.92100524902344,117.08971405029297,56.52339172363281,154.52891540527344,24.681428909301758,44.05050277709961,187.2572784423828,110.24685668945312,282.7571716308594,46.78403091430664,59.405967712402344,363.9431457519531,74.92024230957031,194.32650756835938,327.8646240234375,84.34434509277344,201.0,263.9158630371094,125.88737487792969,115.89703369140625,69.61490631103516,48.96652603149414,330.80755615234375,771.457275390625,416.474365234375,214.7974853515625,34.17361831665039,68.32911682128906,55.126869201660156,377.2516174316406,107.68080139160156,81.68009948730469,11.19061279296875,19.52946662902832,48.92041015625,107.0316162109375,140.09185791015625,449.3487854003906,117.07723999023438,36.270286560058594,51.204925537109375,61.520362854003906,135.34205627441406,357.5476989746094
2024-03-07,404.63079833984375,167.7950439453125,151.51121520996094,101.96745300292969,180.7926788330078,154.7232208251953,139.89501953125,117.31680297851562,56.41898727416992,154.63320922851562,24.318336486816406,45.67357635498047,187.62002563476562,112.47595977783203,281.00042724609375,46.52714157104492,59.20000457763672,363.0849609375,75.00122833251953,196.3715362548828,332.34844970703125,85.27312469482422,203.02999877929688,260.3567199707031,131.41220092773438,117.43144226074219,69.57746124267578,48.874786376953125,333.6500244140625,771.843017578125,413.1212463378906,219.6843719482422,34.37622833251953,69.29812622070312,55.02069091796875,376.14764404296875,107.57955932617188,82.13780212402344,11.217730522155762,19.57621192932129,53.75527572631836,107.7484130859375,140.8816375732422,444.7974853515625,119.2655258178711,36.3577880859375,51.29948425292969,60.61509704589844,136.09542846679688,366.0224304199219
2024-03-08,401.7430114746094,169.51268005371094,152.13111877441406,102.9266357421875,181.1294708251953,154.463134765625,140.3726806640625,116.85318756103516,56.49491882324219,154.5763397216797,24.708662033081055,43.54576873779297,187.05677795410156,110.39415740966797,282.3904113769531,47.098018646240234,58.96461868286133,359.9993896484375,76.0377426147461,194.5688018798828,331.3422546386719,85.20539855957031,198.49000549316406,261.20599365234375,132.56454467773438,117.47029113769531,70.29850006103516,49.34262466430664,332.72528076171875,754.0151977539062,415.9170837402344,219.63523864746094,34.3472785949707,70.67166137695312,55.088253021240234,374.7532043457031,108.55513000488281,82.99597930908203,11.009828567504883,19.781883239746094,54.23004913330078,107.99691009521484,141.38673400878906,447.81866455078125,119.02870178222656,36.63779830932617,51.82902908325195,61.53922653198242,135.93124389648438,364.8326416015625
2024-03-11,400.06170654296875,171.518310546875,153.7618865966797,103.53443908691406,181.1968536376953,155.61907958984375,142.35816955566406,116.1624526977539,57.178321838378906,156.1690216064453,25.752561569213867,44.39689254760742,183.02830505371094,112.07333374023438,284.58154296875,47.7830810546875,59.494239807128906,358.2347717285156,76.1592025756836,194.12298583984375,327.2199401855469,85.26344299316406,192.49000549316406,262.7421875,131.45956420898438,116.7225112915039,71.11321258544922,49.86549758911133,333.1925354003906,726.5411376953125,417.6944885253906,216.50840759277344,34.62708282470703,70.85983276367188,55.107566833496094,373.949462890625,108.26982116699219,82.90062713623047,10.946553230285645,20.137136459350586,53.280513763427734,110.14728546142578,142.1121826171875,447.5751037597656,120.09915161132812,37.346580505371094,51.92359161376953,61.916419982910156,137.64088439941406,365.7591247558594
2024-03-12,410.7030944824219,171.99488830566406,155.20196533203125,102.8696517944336,182.68844604492188,155.985107421875,142.25515747070312,116.05839538574219,57.425113677978516,155.9888916015625,25.425777435302734,44.772972106933594,188.80374145507812,125.24169921875,284.08929443359375,47.640357971191406,60.22982406616211,361.1468811035156,79.94085693359375,192.99867248535156,329.4373474121094,85.87295532226562,184.24000549316406,263.8681335449219,132.16989135742188,117.27606964111328,70.42960357666016,49.90218734741211,334.8182373046875,746.90185546875,417.8482360839844,218.92724609375,34.69461441040039,70.63404846191406,55.60951232910156,375.9056091308594,108.46308898925781,83.00552368164062,10.946553230285645,19.894067764282227,53.5905647277832,109.9274673461914,144.5274200439453,447.175537109375,120.03284454345703,37.67034149169922,53.96610641479492,61.97299575805664,136.49147033691406,363.41851806640625
2024-03-13,410.525146484375,169.9098663330078,153.63790893554688,104.01876831054688,184.1704559326172,156.341552734375,144.12831115722656,115.5853042602539,58.01359558105469,156.70941162109375,25.61639976501465,42.78371810913086,187.77273559570312,123.25811004638672,273.0368957519531,47.67841720581055,60.10232162475586,365.4377136230469,84.27313232421875,193.5802001953125,333.6183166503906,86.29863739013672,182.35000610351562,263.34332275390625,134.3009033203125,116.69337463378906,70.30786895751953,48.29688262939453,339.47149658203125,749.7611083984375,417.5504455566406,219.08457946777344,34.810394287109375,71.44309997558594,55.81221389770508,379.9049377441406,108.23300170898438,85.19866180419922,11.181573867797852,19.679044723510742,54.336631774902344,112.34545135498047,142.1213836669922,446.5810241699219,121.16014099121094,37.93285369873047,55.10084533691406,62.265323638916016,137.04202270507812,369.4649963378906
2024-03-14,420.5335998535156,171.76651000976562,151.83546447753906,105.86116790771484,180.88890075683594,155.57090759277344,145.823486328125,114.74736785888672,57.88443374633789,156.21641540527344,25.53470230102539,42.30867385864258,184.65115356445312,123.26790618896484,271.9461975097656,47.37394332885742,60.0511474609375,361.85076904296875,83.50384521484375,190.30430603027344,334.0091247558594,85.47628784179688,181.14999389648438,259.0972595214844,131.60952758789062,115.42115783691406,71.56269836425781,48.15011215209961,340.2405700683594,752.6201171875,418.6744689941406,216.78372192382812,34.434112548828125,70.53070831298828,55.37784194946289,376.3219299316406,106.88428497314453,84.96027374267578,10.919434547424316,19.27705192565918,53.78434753417969,114.47671508789062,141.32244873046875,449.1441345214844,118.23295593261719,38.74664306640625,55.04410934448242,61.81269073486328,134.22158813476562,370.8108215332031
2024-03-15,411.8305969238281,171.3892364501953,150.85316467285156,105.67121124267578,183.13113403320312,155.45530700683594,145.68299865722656,115.70907592773438,57.29124450683594,156.1026611328125,25.36223602294922,42.199806213378906,182.39828491210938,123.2777328491211,269.4461364746094,46.5556755065918,59.716548919677734,359.8836975097656,85.0262222290039,191.60302734375,338.9422912597656,85.57302856445312,182.52999877929688,256.5495300292969,133.29856872558594,112.15808868408203,72.48040771484375,48.01250457763672,342.7131652832031,746.1300659179688,418.7225341796875,214.8073272705078,34.16396713256836,70.03649139404297,55.512977600097656,374.9662170410156,106.83777618408203,84.27372741699219,10.901357650756836,19.464027404785156,54.31725311279297,114.72520446777344,140.84487915039062,450.0115051269531,117.91088104248047,38.38787078857422,56.08428192138672,62.953712463378906,133.1591033935547,373.8925476074219
2024-03-18,412.72064208984375,172.48138427734375,149.4989471435547,106.6493911743164,185.40225219726562,155.29156494140625,145.55191040039062,115.63291931152344,57.530433654785156,162.3596649169922,25.16253089904785,42.26908874511719,182.99014282226562,125.49701690673828,268.90557861328125,46.879173278808594,59.89369201660156,358.6108703613281,84.86426544189453,190.70162963867188,343.7581787109375,85.39888763427734,179.83999633789062,258.4865417480469,134.1035614013672,109.19609832763672,72.63961029052734,47.32452392578125,343.2778015136719,754.5294799804688,416.2052917480469,217.2753448486328,34.74285888671875,69.6278076171875,55.76395034790039,372.21600341796875,106.99588775634766,83.87323760986328,11.009828567504883,19.342493057250977,54.44321060180664,114.93547058105469,139.30210876464844,450.6352844238281,117.68353271484375,38.947898864746094,57.12445831298828,63.877830505371094,134.3278350830078,375.7649230957031
2024-03-19,416.76556396484375,174.8245391845703,148.9744110107422,107.39964294433594,186.4896697998047,155.8887939453125,146.68511962890625,116.35655975341797,57.6261100769043,162.87159729003906,25.080835342407227,41.61589813232422,184.56524658203125,126.86196899414062,273.04656982421875,46.7554817199707,59.90353012084961,365.8426818847656,85.28535461425781,192.91143798828125,345.7119140625,85.88262939453125,181.13999938964844,259.27850341796875,136.9054718017578,109.89533233642578,73.09846496582031,47.517154693603516,343.024658203125,764.541748046875,420.0387878417969,217.9833221435547,34.762149810791016,69.77037811279297,55.03034210205078,376.370361328125,106.80986785888672,84.3118667602539,11.11829948425293,19.361188888549805,54.72419357299805,116.6175308227539,140.68878173828125,455.5958557128906,118.46031951904297,39.05290603637695,57.71073532104492,64.71707916259766,136.77159118652344,381.8113708496094
2024-03-20,420.5434265136719,177.39608764648438,148.54525756835938,107.30467224121094,188.93397521972656,156.0429229736328,144.74642944335938,117.92765808105469,58.123626708984375,162.92848205566406,25.144378662109375,41.76435089111328,185.1571044921875,126.91108703613281,274.57171630859375,47.145591735839844,60.277496337890625,370.6639099121094,87.54460906982422,194.98558044433594,348.20294189453125,85.47628784179688,187.77999877929688,260.53802490234375,137.27642822265625,108.28321075439453,73.9599838256836,47.590545654296875,344.4459228515625,764.620849609375,423.1324768066406,224.0993194580078,35.456817626953125,70.3121109008789,55.310272216796875,383.93341064453125,109.75846862792969,87.10572814941406,11.66065502166748,19.716442108154297,55.06331253051758,116.51241302490234,142.1213836669922,458.78271484375,117.86351013183594,39.19290542602539,57.97550964355469,65.47147369384766,137.40907287597656,384.2884216308594
2024-03-21,424.6378173828125,170.14813232421875,148.5357208251953,107.77951049804688,191.56112670898438,155.91769409179688,145.03677368164062,117.70866394042969,57.855735778808594,163.48780822753906,25.10806655883789,41.982078552246094,183.1905975341797,126.6851806640625,273.6836242675781,47.45957946777344,60.47432327270508,381.068115234375,87.35028076171875,195.17942810058594,356.125244140625,85.88262939453125,187.6999969482422,264.2593688964844,139.41531372070312,108.29293823242188,73.29511260986328,47.32452392578125,344.3388671875,762.0486450195312,425.7745666503906,225.28907775878906,36.19007110595703,69.46622467041016,55.8411750793457,400.62823486328125,112.12105560302734,89.06048583984375,11.678733825683594,19.445327758789062,55.24740219116211,118.04158020019531,142.63565063476562,455.6055603027344,118.23295593261719,39.33291244506836,59.072418212890625,64.83967590332031,138.71302795410156,387.78955078125
2024-03-22,424.0148010253906,171.05165100097656,148.03981018066406,107.77951049804688,189.21307373046875,155.7250518798828,144.84947204589844,117.92765808105469,57.87487030029297,163.08016967773438,24.83574676513672,42.130531311035156,182.17872619628906,125.48719024658203,272.8149108886719,47.36442947387695,59.90353012084961,376.3240051269531,86.46762084960938,194.54940795898438,349.8244934082031,86.29863739013672,188.85000610351562,263.51507568359375,138.2393341064453,107.38004302978516,73.49176025390625,47.636409759521484,342.4503479003906,762.3948364257812,428.3879089355469,222.18194580078125,35.74625778198242,69.01004028320312,55.146175384521484,393.9561462402344,110.33515930175781,87.67784881591797,11.669694900512695,19.23965835571289,54.79201889038086,117.58282470703125,143.50808715820312,456.83355712890625,118.34664154052734,38.44731903076172,58.62798309326172,65.16028594970703,137.69882202148438,388.9792785644531
2024-03-25,418.1996154785156,169.63186645507812,148.03025817871094,108.88115692138672,187.48086547851562,154.30899047851562,146.5446319580078,119.31784057617188,57.788761138916016,163.63003540039062,24.899288177490234,41.39817428588867,180.22174072265625,123.8080062866211,268.94415283203125,47.269287109375,59.60829162597656,369.7961120605469,84.89665985107422,192.36871337890625,347.7145080566406,85.75685119628906,191.41000366210938,267.9520263671875,136.9291534423828,106.8362045288086,73.9599838256836,47.92995071411133,346.120361328125,764.8978881835938,428.8009338378906,222.25074768066406,35.56294631958008,68.98151397705078,54.76006317138672,392.1356201171875,110.0654067993164,86.90548706054688,11.66065502166748,19.286401748657227,54.22035598754883,120.6411361694336,143.7835693359375,457.3890380859375,118.5834732055664,38.69778823852539,59.1102409362793,65.19800567626953,136.3369140625,388.1697998046875
2024-03-26,417.0029296875,168.5,148.55479431152344,108.06442260742188,188.35658264160156,154.65579223632812,145.42074584960938,119.5177993774414,57.92270278930664,163.7532501220703,25.044527053833008,41.5565185546875,179.94491577148438,124.19097137451172,268.94415283203125,47.145591735839844,59.54924392700195,366.3440856933594,83.10706329345703,194.8111114501953,348.14434814453125,86.0083999633789,187.5,268.8584289550781,136.9765167236328,108.28321075439453,74.27838134765625,48.20514678955078,348.2425537109375,766.63916015625,428.4935302734375,220.70701599121094,35.78485107421875,68.8199462890625,54.7118034362793,393.3363952636719,109.6561508178711,87.03897857666016,11.244847297668457,19.174217224121094,54.636993408203125,120.4117660522461,132.04722595214844,457.96405029296875,119.44550323486328,38.57255172729492,58.457767486572266,64.44361877441406,136.98406982421875,388.6477355957031
2024-03-27,416.78533935546875,172.07431030273438,150.64337158203125,109.18505096435547,192.00379943847656,156.64013671875,146.43226623535156,125.44990539550781,58.391517639160156,164.54962158203125,25.216995239257812,43.318145751953125,182.1405029296875,123.01260375976562,272.2261047363281,47.35491180419922,59.75591278076172,372.0910339355469,84.6942138671875,198.81393432617188,356.2132263183594,87.02423858642578,191.9499969482422,273.1808776855469,142.16197204589844,110.20610046386719,74.38138580322266,48.84727478027344,353.7037353515625,769.8842163085938,438.8602294921875,223.94200134277344,36.47951889038086,69.39019775390625,55.60951232910156,402.1195983886719,112.41870880126953,89.15584564208984,11.805282592773438,19.6510009765625,55.13113784790039,121.22412872314453,135.29815673828125,465.22467041015625,120.56332397460938,39.05560302734375,59.56414031982422,65.68836212158203,139.61131286621094,400.48187255859375
2024-03-28,416.0831604003906,170.25735473632812,150.8627166748047,110.39112854003906,192.7544403076172,156.29339599609375,147.73410034179688,125.64031982421875,58.535037994384766,165.91477966308594,25.189767837524414,43.714012145996094,182.2932891845703,123.34647369384766,272.15850830078125,47.488121032714844,59.21464157104492,369.88287353515625,85.89268493652344,198.9302520751953,357.9520263671875,87.1209945678711,192.99000549316406,271.2916259765625,138.5392608642578,110.38090515136719,74.6904067993164,49.746246337890625,353.5577087402344,769.6665649414062,437.02520751953125,223.88299560546875,36.58564376831055,69.6183090209961,55.94735336303711,404.4824523925781,113.40467071533203,89.7851791381836,12.004146575927734,20.277362823486328,55.35398864746094,121.64464569091797,136.4919891357422,466.4916076660156,122.53372955322266,39.01982498168945,59.393924713134766,65.98068237304688,139.9590606689453,402.0479736328125
2024-04-01,419.8907165527344,168.8177032470703,150.47169494628906,111.10340118408203,191.44564819335938,154.6846923828125,148.98907470703125,124.72624969482422,58.05664825439453,163.9902801513672,25.16253089904785,44.060401916503906,181.2145538330078,123.21881103515625,270.48858642578125,47.611812591552734,59.04734420776367,354.86962890625,91.05734252929688,195.79002380371094,355.3242492675781,86.16319274902344,189.5,270.0703125,138.40509033203125,108.85618591308594,74.50311279296875,48.6087646484375,354.4240417480469,752.4420776367188,435.02679443359375,223.8043212890625,36.1997184753418,69.26663970947266,55.60951232910156,400.4346008300781,111.8978271484375,89.1844482421875,12.01318645477295,18.267391204833984,55.21834182739258,122.98265075683594,135.56446838378906,459.367431640625,122.01271057128906,38.662010192871094,58.958946228027344,66.13155364990234,138.49085998535156,395.5876770019531
2024-04-02,416.7952575683594,167.6361846923828,150.42401123046875,113.27818298339844,191.36868286132812,154.675048828125,149.64468383789062,124.1168441772461,57.549564361572266,162.5303192138672,25.008216857910156,43.486385345458984,180.3076629638672,122.09934997558594,268.0947265625,46.964813232421875,58.22068405151367,350.01947021484375,89.91453552246094,194.0648193359375,356.3890380859375,86.16319274902344,188.0399932861328,263.55322265625,134.96145629882812,108.78821563720703,69.12796020507812,48.37944030761719,353.46038818359375,755.8157348632812,435.4591369628906,221.7591094970703,35.98746109008789,68.51580810546875,55.3585319519043,397.1808776855469,110.27005004882812,88.40253448486328,12.004146575927734,17.50079345703125,56.02253723144531,124.88455200195312,136.9695281982422,454.50433349609375,120.9612045288086,38.40259552001953,59.289913177490234,66.53704071044922,136.82952880859375,395.45062255859375
2024-04-03,415.8161315917969,168.44039916992188,147.11473083496094,113.29717254638672,190.82977294921875,150.4173126220703,150.2628173828125,123.6883544921875,57.243404388427734,160.8617706298828,24.708662033081055,39.91366195678711,182.23599243164062,123.9651107788086,265.97113037109375,46.753780364990234,58.486392974853516,347.03033447265625,90.25350189208984,191.87440490722656,367.0954895019531,85.23441314697266,184.9199981689453,261.84527587890625,144.0102996826172,108.0695571899414,69.85838317871094,47.86574172973633,351.4939880371094,767.7174682617188,430.3286437988281,222.84072875976562,36.12253189086914,67.37531280517578,55.146175384521484,400.90911865234375,110.21424865722656,88.67906951904297,12.338600158691406,17.295124053955078,55.96440124511719,125.80205535888672,139.83473205566406,445.3919982910156,119.4170913696289,37.678016662597656,59.24263000488281,65.05656433105469,136.8971405029297,397.4376525878906
2024-04-04,413.27447509765625,167.61631774902344,145.43624877929688,113.696044921875,189.3778533935547,149.74302673339844,150.49696350097656,121.55547332763672,56.7363166809082,160.8333282470703,24.19124984741211,39.31985092163086,179.41030883789062,121.95205688476562,260.7103576660156,46.14944839477539,58.55528259277344,344.8897705078125,87.68701934814453,190.01351928710938,361.2342834472656,84.55718994140625,183.2899932861328,255.8053436279297,145.7607421875,106.93331909179688,69.20287322998047,47.69870376586914,350.8125,759.8917846679688,436.2277526855469,216.58740234375,35.62083435058594,66.10174560546875,54.7118034362793,393.4041748046875,108.13999938964844,87.99252319335938,11.940873146057129,17.743860244750977,55.65435028076172,125.916748046875,137.7501220703125,447.7991943359375,119.83391571044922,37.150230407714844,59.800540924072266,66.3673095703125,135.0039825439453,398.4947814941406
2024-04-05,420.83026123046875,168.3708953857422,145.33135986328125,115.26302337646484,191.12014770507812,150.36917114257812,151.34922790527344,121.86968994140625,56.93723678588867,160.349853515625,24.200326919555664,38.31038284301758,180.55589294433594,122.64927673339844,257.4284362792969,46.5715217590332,58.899723052978516,345.07293701171875,88.16156768798828,191.07965087890625,370.52423095703125,85.02156829833984,183.13999938964844,257.5801086425781,154.57225036621094,107.99186706542969,69.83965301513672,47.62445831298828,352.8373718261719,775.8497924804688,437.51519775390625,219.41815185546875,35.80414581298828,66.13025665283203,55.406803131103516,395.1666259765625,108.49344635009766,88.17369842529297,12.004146575927734,17.884092330932617,55.52838897705078,127.60838317871094,138.99903869628906,442.94580078125,119.65392303466797,37.25758743286133,60.00857162475586,65.81094360351562,134.29885864257812,403.8099060058594
2024-04-08,419.9105224609375,167.2489471435547,144.56842041015625,114.48428344726562,192.1171417236328,150.3113555908203,151.0401611328125,120.50807189941406,56.707611083984375,160.7669677734375,24.127708435058594,37.58791732788086,181.20501708984375,122.10917663574219,258.2682800292969,46.27415084838867,58.83082962036133,349.10345458984375,89.03321075439453,191.67088317871094,364.8291320800781,84.86677551269531,181.55999755859375,256.864501953125,154.78982543945312,107.33148193359375,69.70855712890625,47.4202995300293,348.4859313964844,769.003662109375,434.63287353515625,221.04559326171875,36.180419921875,65.97818756103516,55.78325653076172,397.5585632324219,109.33990478515625,88.87930297851562,12.121657371520996,17.912139892578125,53.648704528808594,126.55706024169922,137.8511199951172,444.75848388671875,119.40762329101562,37.53489303588867,59.74380111694336,66.00897216796875,135.13919067382812,402.0577392578125
2024-04-09,421.5818786621094,168.46026611328125,145.23599243164062,115.08258056640625,190.82974243164062,150.90858459472656,151.72384643554688,120.6509017944336,57.13815689086914,161.74343872070312,24.30925750732422,37.934303283691406,180.71815490722656,121.3998794555664,260.0829772949219,47.972023010253906,58.840675354003906,348.4960632324219,89.69178009033203,192.3008575439453,363.2954406738281,84.79906463623047,178.1199951171875,257.9713134765625,152.78225708007812,109.19609832763672,68.69719696044922,47.88429641723633,347.99920654296875,749.1673583984375,430.0115966796875,216.83396911621094,36.4023323059082,66.472412109375,55.58054733276367,397.7231140136719,111.2932357788086,89.70890045166016,12.239168167114258,17.930835723876953,53.6971435546875,126.39460754394531,138.2735595703125,443.10174560546875,121.19802856445312,37.669071197509766,60.424644470214844,66.74125671386719,137.35110473632812,402.7723388671875
2024-04-10,418.59521484375,166.58372497558594,143.2427978515625,116.0512466430664,189.20364379882812,151.46730041503906,152.35134887695312,120.6889877319336,56.37274169921875,160.16970825195312,23.89169692993164,36.81597137451172,177.59657287597656,119.94185638427734,259.3397521972656,47.204620361328125,59.65749740600586,338.02435302734375,89.71115112304688,189.62582397460938,363.4615478515625,83.74451446533203,174.6300048828125,254.2405242919922,154.8788299560547,107.96273040771484,66.62767028808594,46.66863250732422,348.349609375,753.8567504882812,433.9891662597656,214.67391967773438,35.36033630371094,64.74264526367188,54.9627685546875,388.0877685546875,108.4376449584961,87.39179992675781,11.805282592773438,16.846385955810547,54.84046173095703,126.93936157226562,135.23385620117188,446.26910400390625,120.4591293334961,37.284420013427734,60.415184020996094,65.47640991210938,133.0335235595703,403.2519836425781
2024-04-11,423.2136535644531,173.79196166992188,141.89810180664062,115.66188049316406,189.16488647460938,150.1187286376953,151.62083435058594,120.11769104003906,56.49712371826172,159.61038208007812,23.90985107421875,37.24153137207031,177.46290588378906,121.40972137451172,259.29144287109375,47.51158142089844,59.13591384887695,334.9483947753906,90.24382019042969,190.80825805664062,363.3736267089844,83.20272827148438,173.36000061035156,257.6278076171875,155.93699645996094,108.23464965820312,65.30728149414062,45.58287811279297,343.7158508300781,751.4923706054688,434.5752258300781,215.21641540527344,35.070892333984375,65.2463607788086,54.72145080566406,384.9114990234375,109.49803161621094,82.8052749633789,11.787203788757324,16.902477264404297,54.404457092285156,127.03492736816406,136.84095764160156,446.1911315917969,119.43604278564453,37.0607795715332,59.1669807434082,63.717063903808594,132.90798950195312,404.1035461425781
2024-04-12,417.2501525878906,175.29122924804688,140.68695068359375,114.3133316040039,176.93011474609375,149.62741088867188,148.87669372558594,119.72727966308594,55.76041030883789,159.36390686035156,23.474138259887695,35.321556091308594,173.99766540527344,119.31136322021484,258.1041564941406,46.51396179199219,59.18511962890625,330.60931396484375,88.43274688720703,190.12013244628906,357.1705322265625,83.05760192871094,169.5500030517578,255.032470703125,153.1927490234375,106.4876708984375,64.27719116210938,44.80337142944336,340.5617980957031,743.627197265625,432.73052978515625,215.21641540527344,34.530601501464844,64.69512939453125,54.509090423583984,377.1741027832031,107.14472961425781,82.18547821044922,11.398515701293945,16.68745994567871,53.48398971557617,125.3910903930664,133.0758056640625,444.514892578125,117.36144256591797,36.72085952758789,57.65399932861328,62.95626449584961,129.84605407714844,388.8630676269531
2024-04-15,409.0811767578125,171.458740234375,140.75367736816406,113.65804290771484,177.02691650390625,149.74302673339844,147.59359741210938,120.15576934814453,55.626468658447266,158.2736358642578,23.519527435302734,35.935157775878906,173.02395629882812,118.09962463378906,256.98443603515625,46.27415084838867,58.978458404541016,325.845947265625,88.42306518554688,188.06539916992188,355.4903259277344,83.36719512939453,167.82000732421875,253.34356689453125,152.27139282226562,106.27296447753906,64.57686614990234,45.016807556152344,339.646728515625,742.766357421875,435.30535888671875,215.41366577148438,34.684967041015625,64.3909912109375,54.991737365722656,388.2040100097656,106.27037811279297,82.94830322265625,11.055024147033691,16.5004825592041,53.63901138305664,124.48314666748047,133.02069091796875,439.8173828125,118.79187774658203,36.63140106201172,57.22847366333008,64.0213851928711,130.4159393310547,385.4664611816406
2024-04-16,410.0108337402344,168.1723175048828,137.7591094970703,112.7178726196289,175.00392150878906,150.2246551513672,146.36671447753906,119.07980346679688,55.549922943115234,158.79507446289062,23.319820404052734,35.88566970825195,175.41050720214844,118.8286361694336,256.21221923828125,45.96718978881836,58.88988494873047,322.8568115234375,88.18094635009766,184.84764099121094,351.5534973144531,83.36719512939453,170.5500030517578,253.4676055908203,155.3029327392578,106.58527374267578,64.64241790771484,44.78480911254883,337.6510925292969,738.7792358398438,436.4871520996094,215.3544921875,33.45965576171875,63.97279739379883,54.45117950439453,384.31103515625,104.27984619140625,84.9984130859375,10.928473472595215,16.491132736206055,53.561500549316406,123.79502868652344,131.22076416015625,438.90130615234375,118.6781997680664,36.452491760253906,56.992069244384766,64.51589965820312,128.95742797851562,384.69317626953125
2024-04-17,407.301025390625,166.8021697998047,138.06431579589844,112.66088104248047,174.30697631835938,151.1975860595703,146.4790802001953,119.3749771118164,55.98046875,160.67218017578125,23.07473373413086,35.31166076660156,174.79000854492188,116.90760040283203,260.57525634765625,45.84248733520508,58.702903747558594,320.9283142089844,88.0937728881836,184.49871826171875,350.0296630859375,83.92832946777344,170.2100067138672,251.96954345703125,154.2230682373047,103.35482788085938,64.23973846435547,44.39505386352539,336.9014892578125,742.766357421875,438.1589050292969,214.69366455078125,33.990299224853516,63.61163330078125,55.19444274902344,391.13818359375,103.61012268066406,85.89474487304688,10.883275985717773,16.48178482055664,53.5421142578125,122.64816284179688,130.63302612304688,440.55810546875,119.3223648071289,36.765586853027344,57.1339111328125,65.15308380126953,130.35800170898438,388.4812927246094
2024-04-18,399.814453125,165.8489990234375,138.98939514160156,112.55641174316406,175.43946838378906,152.4938201904297,147.57485961914062,119.2416763305664,56.36317443847656,163.3171844482422,23.04749870300293,34.67826843261719,173.23397827148438,114.27725219726562,261.56951904296875,46.14944839477539,58.319091796875,320.9862365722656,88.59739685058594,185.19656372070312,349.648681640625,83.8896255493164,170.22999572753906,250.71002197265625,151.51844787597656,102.7399673461914,64.97953033447266,44.82193374633789,339.52984619140625,737.997802734375,438.19732666015625,214.5260009765625,34.511295318603516,62.87982177734375,56.70026779174805,390.36346435546875,101.12661743164062,86.06637573242188,10.901357650756836,16.44439125061035,53.84248352050781,122.15118408203125,131.0830078125,440.99664306640625,118.9908218383789,36.94449234008789,58.36321258544922,65.70465087890625,130.5028839111328,392.12255859375
2024-04-19,394.7212219238281,163.82357788085938,141.0588836669922,113.84798431396484,179.8436279296875,153.31790161132812,149.8507080078125,119.76536560058594,57.568702697753906,165.0805206298828,23.60122299194336,33.84693908691406,173.33897399902344,113.17387390136719,262.54443359375,46.35089111328125,58.58480453491211,323.3678894042969,89.36249542236328,188.27862548828125,347.7172546386719,84.78486633300781,169.82000732421875,256.6068115234375,146.68380737304688,104.70166015625,65.94866943359375,45.40657043457031,343.044189453125,718.567138671875,445.6720886230469,227.88082885742188,35.66907501220703,63.4500732421875,58.25436019897461,391.225341796875,101.13591766357422,86.44779205322266,10.973670959472656,17.05205726623535,54.81139373779297,123.65168762207031,131.1105499267578,450.82037353515625,120.14653015136719,37.651180267333984,59.19534683227539,66.96949005126953,126.43643951416016,391.8485107421875
2024-04-22,396.54095458984375,164.65756225585938,142.21282958984375,114.49376678466797,183.337890625,155.6447296142578,151.64891052246094,120.86990356445312,57.93227005004883,167.2894287109375,23.83723258972168,34.054771423339844,173.64443969726562,112.82908630371094,266.0097351074219,46.178226470947266,59.18511962890625,324.091064453125,89.70146942138672,189.55799865722656,350.6094665527344,85.95257568359375,170.47999572753906,259.4502868652344,148.79400634765625,104.49671173095703,65.835205078125,45.6014404296875,343.81317138671875,723.5336303710938,443.23175048828125,229.81402587890625,36.4023323059082,63.630653381347656,58.97832107543945,404.1531677246094,103.71244812011719,87.81134796142578,11.64257526397705,17.03335952758789,55.16020965576172,123.6038818359375,133.48902893066406,459.0068664550781,122.13585662841797,38.08055877685547,59.10078811645508,67.68273162841797,126.68757629394531,391.1535339355469
2024-04-23,403.078125,165.7100067138672,142.63243103027344,114.94011688232422,185.98036193847656,156.575439453125,152.5199432373047,120.81275939941406,58.01837921142578,162.32174682617188,23.89169692993164,33.92611312866211,173.92129516601562,113.38075256347656,267.2645568847656,46.35089111328125,58.151790618896484,326.8777160644531,90.06948852539062,190.12013244628906,356.13909912109375,86.19583892822266,169.17999267578125,261.005615234375,161.1084747314453,105.00421142578125,64.76679992675781,45.462249755859375,343.2972412109375,737.7405395507812,442.0307922363281,235.6925506591797,37.019805908203125,63.70669174194336,58.82387161254883,410.5929260253906,104.1217269897461,89.40376281738281,11.69681167602539,16.874431610107422,53.90061569213867,124.09130096435547,136.71240234375,462.61279296875,128.8711700439453,38.34891891479492,58.429405212402344,67.34989166259766,125.9824447631836,388.8043212890625
2024-04-24,404.5516662597656,167.8148956298828,141.650146484375,114.95912170410156,186.89022827148438,157.6418914794922,153.19427490234375,120.9270248413086,58.889041900634766,168.1900634765625,23.846309661865234,34.14384078979492,175.74462890625,113.62704467773438,267.1391296386719,46.37966537475586,58.91940689086914,321.1019287109375,89.12036895751953,188.79232788085938,356.4037780761719,86.47803497314453,164.3300018310547,260.4998779296875,157.7103729248047,104.32102966308594,64.07657623291016,45.34160614013672,342.9371032714844,724.3943481445312,441.127685546875,235.850341796875,36.97157669067383,63.75420379638672,58.49567794799805,409.6632995605469,103.30317687988281,89.48957824707031,11.705850601196289,16.650062561035156,54.404457092285156,123.55609130859375,134.64614868164062,462.5055847167969,130.51950073242188,38.39364242553711,58.2119140625,68.10118103027344,126.06939697265625,386.2691345214844
2024-04-25,394.64215087890625,168.6787109375,140.0193634033203,115.22503662109375,187.17092895507812,157.59339904785156,154.79579162597656,124.46914672851562,59.070831298828125,167.4980010986328,22.929494857788086,34.74754333496094,161.2440185546875,113.1837387084961,266.029052734375,46.139854431152344,59.25400924682617,320.1087341308594,88.52959442138672,187.07681274414062,331.38336181640625,86.88673400878906,166.80999755859375,257.0362243652344,159.7611083984375,104.291748046875,63.660552978515625,41.48116683959961,345.10797119140625,717.1424560546875,446.54638671875,233.8579864501953,36.57599639892578,62.0339469909668,57.84894561767578,406.7677917480469,101.22892761230469,88.259521484375,11.787203788757324,16.4537410736084,54.171913146972656,124.34934997558594,135.353271484375,475.6526794433594,129.24063110351562,38.948265075683594,57.682373046875,67.88243865966797,124.82337188720703,385.7209777832031
2024-04-26,401.8418884277344,168.0928955078125,139.370849609375,112.02458953857422,187.28709411621094,156.37184143066406,155.36709594726562,124.92619323730469,59.070831298828125,166.45513916015625,23.056575775146484,31.55088996887207,159.5447998046875,115.46926879882812,263.6061706542969,45.90964126586914,59.204803466796875,323.1075439453125,88.93636322021484,187.49359130859375,336.6581115722656,88.56044006347656,167.22000122070312,257.6087341308594,160.8409881591797,104.9456558227539,63.51873016357422,41.620361328125,345.0689697265625,725.6903686523438,443.1933288574219,232.41793823242188,36.49881362915039,62.17650604248047,57.82964324951172,414.0500183105469,106.05644226074219,88.51697540283203,11.561223030090332,16.54722785949707,53.76497268676758,124.47358703613281,135.53692626953125,468.2361145019531,128.11334228515625,38.80513381958008,56.83131790161133,67.3593978881836,125.7216567993164,385.0063781738281
2024-04-29,397.8167419433594,172.26295471191406,140.0193634033203,113.62005615234375,187.08383178710938,156.7305908203125,155.77919006347656,123.89783477783203,59.35785675048828,166.98606872558594,23.274433135986328,31.036258697509766,159.83119201660156,114.75996398925781,264.05023193359375,45.83289337158203,59.28353500366211,324.75634765625,89.25596618652344,187.80372619628906,342.9523620605469,88.05442810058594,173.49000549316406,263.71551513671875,162.9611053466797,104.69189453125,63.774009704589844,41.42548370361328,346.98675537109375,729.3410034179688,449.2077331542969,235.65309143066406,36.228660583496094,62.67072296142578,57.72346496582031,417.18756103515625,104.25194549560547,88.64207458496094,11.525066375732422,16.846385955810547,53.84248352050781,124.4544906616211,136.4185333251953,473.85943603515625,128.7669677734375,39.19873046875,57.38922119140625,66.78880310058594,126.28189086914062,392.47491455078125
2024-04-30,385.03912353515625,169.1155548095703,137.8926544189453,112.3189926147461,185.59320068359375,158.2235870361328,151.0401611328125,123.0408935546875,59.09952926635742,166.76800537109375,23.25628089904785,30.155445098876953,158.65701293945312,112.06066131591797,263.5579528808594,45.065494537353516,58.40766143798828,322.26861572265625,93.46887969970703,186.79574584960938,328.0205078125,89.4459457397461,167.83999633789062,261.3872985839844,160.31591796875,103.42314147949219,64.01984405517578,40.77589416503906,347.5708312988281,772.7730712890625,446.6905212402344,230.82994079589844,35.707664489746094,61.96741485595703,57.260128021240234,413.21722412109375,101.91724395751953,87.4198989868164,10.982709884643555,16.575273513793945,53.65839385986328,120.05815124511719,135.43589782714844,472.69970703125,129.33535766601562,39.18978500366211,55.46963882446289,67.00753021240234,124.60122680664062,383.1270751953125
2024-05-01,390.5872497558594,168.0928955078125,144.17739868164062,110.19171142578125,185.7093505859375,158.41751098632812,149.5041961669922,122.6409683227539,59.25261688232422,166.0474853515625,24.672351837158203,30.05647850036621,156.96734619140625,112.92759704589844,264.899658203125,44.93120193481445,57.91559982299805,320.0990905761719,95.33808135986328,189.28660583496094,324.5890197753906,89.42648315429688,171.4600067138672,264.6600646972656,158.2156219482422,103.7354507446289,53.24114227294922,41.026451110839844,347.7071228027344,768.4694213867188,443.6160583496094,228.2950897216797,35.649776458740234,62.26205062866211,57.45318603515625,413.4496154785156,102.59626770019531,88.09354400634766,11.027905464172363,16.210674285888672,53.06735610961914,118.8348159790039,134.00332641601562,474.005615234375,129.2785186767578,39.19873046875,55.195404052734375,66.560546875,126.4847183227539,379.2998046875
2024-05-02,393.455322265625,171.7963104248047,142.97576904296875,110.39112854003906,185.51577758789062,158.84408569335938,150.53439331054688,122.12677764892578,59.310020446777344,166.33189392089844,25.144378662109375,30.195032119750977,157.21554565429688,113.25270080566406,263.7896423339844,44.88324737548828,58.76194763183594,323.5317687988281,93.75943756103516,187.677734375,328.87353515625,90.40930938720703,178.85000610351562,265.63336181640625,161.12828063964844,103.37433624267578,52.14436340332031,40.55317306518555,335.3634033203125,747.8515625,445.0284118652344,229.3208770751953,35.58224105834961,62.09097671508789,57.75242614746094,418.8919372558594,103.39619445800781,89.16175079345703,11.290044784545898,16.3882999420166,53.37740707397461,116.83735656738281,135.1971435546875,462.9246520996094,129.3069610595703,39.34185791015625,56.122108459472656,67.18821716308594,127.74039459228516,387.5807189941406
2024-05-03,402.1781311035156,182.07249450683594,142.3558807373047,110.16321563720703,184.4026336669922,159.44522094726562,150.08486938476562,121.41265106201172,59.482234954833984,166.99551391601562,25.24422836303711,30.581005096435547,158.18923950195312,114.0802230834961,260.93243408203125,45.19978713989258,58.87020492553711,330.5899963378906,94.08873748779297,189.78089904785156,330.1578369140625,90.3801040649414,179.7899932861328,297.02581787109375,162.58460998535156,103.35482788085938,52.853485107421875,40.822296142578125,332.4429931640625,727.134765625,443.7890319824219,227.61453247070312,35.93922424316406,61.5682373046875,57.85859680175781,424.32452392578125,103.71244812011719,90.11446380615234,11.235809326171875,16.650062561035156,53.0770378112793,116.8182373046875,134.47166442871094,457.1648864746094,128.91856384277344,38.99299240112305,55.95189666748047,66.48448181152344,128.38754272460938,392.47491455078125
2024-05-06,408.9822998046875,180.41441345214844,141.6978302001953,110.87548065185547,185.8448486328125,159.42579650878906,152.00485229492188,121.46977996826172,59.654457092285156,166.68267822265625,25.56193733215332,30.774776458740234,160.9576416015625,116.5824966430664,259.9478454589844,45.19020462036133,58.91940689086914,330.0500793457031,93.5463638305664,188.99586486816406,335.40313720703125,90.67202758789062,178.35000610351562,285.7569885253906,166.4087371826172,103.10107421875,52.91967010498047,40.738773345947266,333.3288269042969,758.5068359375,444.6249084472656,231.12583923339844,36.36373519897461,62.29056167602539,58.09991455078125,429.64093017578125,104.18683624267578,91.22116088867188,11.299084663391113,16.135883331298828,53.52274703979492,118.07980346679688,134.69204711914062,456.9407653808594,128.8048858642578,38.90353775024414,56.916419982910156,65.75220489501953,128.5034637451172,393.3363037109375
2024-05-07,404.8285827636719,181.09950256347656,141.83132934570312,110.32466125488281,185.60287475585938,160.70553588867188,152.35134887695312,124.14541625976562,59.912784576416016,168.76834106445312,25.207918167114258,30.486604690551758,160.73805236816406,116.17857360839844,258.2103271484375,45.353271484375,59.65749740600586,328.50726318359375,92.52946472167969,190.7888946533203,338.246337890625,91.54780578613281,176.7100067138672,286.5393981933594,167.2112274169922,103.61833190917969,52.702213287353516,40.868690490722656,337.5050354003906,769.478515625,448.37188720703125,231.45135498046875,36.50845718383789,62.21452331542969,58.167484283447266,429.76678466796875,103.47991180419922,92.18352508544922,11.13440227508545,16.220022201538086,53.5905647277832,118.07024383544922,135.0777587890625,461.7064514160156,128.8143310546875,39.22557067871094,58.24028015136719,66.48448181152344,129.63357543945312,396.9874572753906
2024-05-08,406.015380859375,181.43707275390625,142.0507049560547,110.30567169189453,189.3778533935547,160.03659057617188,152.22959899902344,123.35509490966797,60.13283157348633,168.1900634765625,25.661787033081055,29.81089210510254,162.18907165527344,115.64661407470703,259.16595458984375,46.0439338684082,59.34257888793945,326.7137756347656,93.31393432617188,191.95193481445312,337.75616455078125,90.95421600341797,180.35000610351562,293.2281188964844,167.2904815673828,102.41790771484375,51.917442321777344,40.525333404541016,338.1378173828125,766.738037109375,447.87225341796875,233.00975036621094,36.38302993774414,61.701297760009766,59.10380172729492,432.8172607421875,103.7031478881836,92.03917694091797,11.116103172302246,16.10783576965332,53.65839385986328,117.61148834228516,135.70223999023438,459.620849609375,128.7669677734375,39.619163513183594,58.656349182128906,66.12309265136719,128.88015747070312,396.84063720703125
2024-05-09,407.7757263183594,183.25404357910156,142.9090118408203,112.48045349121094,191.16854858398438,160.9770050048828,154.95501708984375,124.00257110595703,60.16154479980469,168.80628967285156,25.96586036682129,29.90032386779785,160.29946899414062,114.90774536132812,258.6447448730469,45.84248733520508,59.68623733520508,335.015869140625,94.2630615234375,194.4525146484375,344.8936462402344,91.54780578613281,181.25,298.5238342285156,165.943115234375,102.15438079833984,52.645477294921875,41.518287658691406,341.6618347167969,763.3248291015625,450.0148010253906,235.8700714111328,36.93297576904297,61.37815475463867,59.49213409423828,441.1549987792969,103.52642059326172,94.41617584228516,11.097805976867676,16.126535415649414,53.29020690917969,117.9268798828125,135.96856689453125,461.3945617675781,129.45849609375,39.994873046875,59.04404830932617,66.81732177734375,130.404052734375,400.3448181152344
2024-05-10,410.1690368652344,181.9913787841797,142.9662322998047,112.02458953857422,192.39784240722656,161.76229858398438,155.30154418945312,123.84071350097656,60.52511215209961,170.44635009765625,25.809219360351562,29.66183853149414,161.14784240722656,114.93730163574219,265.4498596191406,46.10148620605469,59.725738525390625,334.0419921875,95.81263732910156,196.67198181152344,347.8447265625,92.54035186767578,178.50999450683594,295.93798828125,161.86141967773438,102.22270965576172,52.77785110473633,41.70388412475586,339.15020751953125,751.8980102539062,450.4855651855469,238.98687744140625,37.09699249267578,62.68974304199219,60.08433532714844,440.3511962890625,103.80546569824219,94.57976531982422,10.969717979431152,16.07044219970703,54.162227630615234,117.25362396240234,136.84140014648438,462.7297058105469,129.46798706054688,40.16484069824219,59.554683685302734,67.23576354980469,131.3552703857422,399.2583312988281
2024-05-13,409.1603088378906,185.20269775390625,144.21556091308594,111.97711181640625,192.35910034179688,160.81219482421875,154.09336853027344,123.10752868652344,60.8312873840332,171.49867248535156,26.205432891845703,30.317676544189453,161.54315185546875,114.6417465209961,261.897705078125,46.69622039794922,59.6566162109375,328.76763916015625,96.49057006835938,197.52490234375,349.6976623535156,91.9175796508789,178.44000244140625,294.3159484863281,158.01747131347656,102.25198364257812,53.392425537109375,41.81523895263672,339.88037109375,749.6224975585938,452.09967041015625,235.3867645263672,36.86543655395508,64.19139862060547,59.47271728515625,439.21820068359375,104.80073547363281,94.84922790527344,11.280787467956543,16.93987464904785,53.48398971557617,116.94583129882812,139.84060668945312,464.53271484375,129.1079864501953,40.29007339477539,59.223716735839844,67.17870330810547,131.7532196044922,399.3561706542969
2024-05-14,411.9690246582031,186.34603881835938,144.36814880371094,112.65686798095703,195.04998779296875,160.70553588867188,153.2317352294922,122.50765228271484,60.372032165527344,170.52220153808594,26.150146484375,30.854272842407227,161.3502960205078,119.0749282836914,261.2606201171875,46.95521545410156,59.11347579956055,328.32403564453125,96.92639923095703,196.95306396484375,351.1683349609375,92.02461242675781,180.75999450683594,297.1402893066406,158.5128173828125,101.51025390625,52.94803237915039,41.49044418334961,337.23248291015625,755.8355712890625,448.85223388671875,238.22738647460938,37.135589599609375,64.29595184326172,60.08433532714844,443.97296142578125,106.37269592285156,95.63836669921875,11.381424903869629,17.15489387512207,53.84437942504883,116.4168472290039,137.37066650390625,462.0183410644531,127.98070526123047,40.70155715942383,58.31592559814453,67.37841796875,131.40379333496094,404.04486083984375
2024-05-15,419.17181396484375,188.622802734375,145.59840393066406,113.5280990600586,195.6307373046875,161.4326629638672,152.70724487304688,125.43084716796875,60.400733947753906,170.13351440429688,26.555574417114258,31.072887420654297,162.21798706054688,119.82363891601562,264.359130859375,47.645877838134766,59.0838508605957,336.201904296875,98.04984283447266,198.74607849121094,352.9919128417969,91.9856948852539,176.99000549316406,304.420654296875,161.9505615234375,102.07630920410156,53.19386291503906,41.34196472167969,334.17578125,779.9570922851562,445.87384033203125,238.39508056640625,37.540809631347656,63.68767166137695,60.52120590209961,451.3520202636719,107.04241180419922,96.73543548583984,11.26248836517334,16.724851608276367,52.96774673461914,116.08982849121094,137.37066650390625,457.7106628417969,127.04290008544922,41.0146484375,57.27678680419922,66.40840148925781,131.0737762451172,405.2585754394531
2024-05-16,417.1011657714844,188.7421112060547,147.13380432128906,112.84835052490234,195.97923278808594,162.7415008544922,152.39505004882812,124.62149810791016,60.582523345947266,173.59381103515625,26.64771842956543,31.828094482421875,162.9025115966797,120.34577178955078,264.0116271972656,46.370079040527344,63.21172332763672,330.4743347167969,101.55577087402344,201.318359375,343.8543701171875,91.9856948852539,182.9600067138672,302.4314270019531,159.62242126464844,102.34957885742188,54.385196685791016,40.93364715576172,330.2623596191406,764.1997680664062,446.5944519042969,238.020263671875,37.83989715576172,64.49554443359375,59.27855682373047,449.8316650390625,107.94467163085938,95.8308334350586,11.326531410217285,17.145544052124023,53.026187896728516,115.25305938720703,138.9677734375,458.7242736816406,127.5733871459961,41.104103088378906,58.716331481933594,67.9014663696289,130.82144165039062,386.0830993652344
2024-05-17,416.328369140625,188.77191162109375,147.47714233398438,114.54293060302734,198.22483825683594,162.52822875976562,153.88978576660156,124.91668701171875,60.30506134033203,172.7216339111328,26.389719009399414,31.629356384277344,162.96035766601562,121.66586303710938,262.9208679199219,46.207000732421875,63.843746185302734,331.9013977050781,101.94316864013672,200.68504333496094,349.29571533203125,91.59646606445312,184.9499969482422,300.26934814453125,158.4038543701172,101.58831787109375,54.53647994995117,40.859413146972656,329.7269287109375,763.0897827148438,447.9107360839844,239.499755859375,37.907440185546875,64.36248779296875,59.297969818115234,452.93048095703125,108.60507202148438,96.44673919677734,11.235041618347168,16.9959659576416,52.792423248291016,117.0612564086914,138.5778045654297,458.26617431640625,127.21340942382812,41.22039031982422,58.744930267333984,67.74929809570312,130.49142456054688,388.61834716796875
2024-05-20,421.4110107421875,189.93515014648438,145.4293975830078,113.6142578125,189.31008911132812,162.20828247070312,152.44236755371094,124.72624969482422,59.86494445800781,170.9393310546875,26.288362503051758,31.897653579711914,163.81838989257812,122.67071533203125,258.5675048828125,45.209388732910156,63.37959671020508,325.7399597167969,101.8947525024414,199.36965942382812,355.64886474609375,91.8494644165039,186.61000061035156,302.258544921875,157.7995147705078,100.72947692871094,54.27174377441406,40.23765563964844,324.528564453125,776.1514892578125,448.75616455078125,238.98687744140625,37.453975677490234,64.53355407714844,58.92905807495117,448.3016357421875,108.94922637939453,96.55259704589844,11.116103172302246,16.891695022583008,52.49047088623047,116.27257537841797,137.04566955566406,457.0187072753906,126.5787124633789,41.05937957763672,58.02992630004883,67.93000030517578,129.8411102294922,383.1955871582031
2024-05-21,425.0768127441406,191.2375946044922,145.40054321289062,112.82919311523438,193.123779296875,163.21658325195312,151.33554077148438,124.50724029541016,60.190242767333984,171.66932678222656,26.316001892089844,31.5399227142334,167.24090576171875,122.7790756225586,256.636962890625,45.027130126953125,64.3375015258789,324.1296081542969,99.88996887207031,198.2881622314453,352.0409240722656,92.60846710205078,184.77999877929688,302.5564270019531,159.50352478027344,100.48548889160156,54.19609451293945,39.22615051269531,327.45880126953125,795.9620971679688,449.93792724609375,239.75621032714844,38.25476837158203,63.95380401611328,59.66687774658203,455.535400390625,109.414306640625,97.70741271972656,11.116103172302246,15.81108283996582,52.266448974609375,115.8109130859375,135.0306854248047,459.9034423828125,126.69239044189453,41.444026947021484,58.41126251220703,67.169189453125,129.80226135253906,378.5558776855469
2024-05-22,426.5431213378906,189.79595947265625,147.57327270507812,110.56016540527344,191.95257568359375,162.69302368164062,149.0650634765625,124.83097076416016,60.2763557434082,172.6268310546875,27.2742919921875,31.221940994262695,167.45301818847656,122.74952697753906,256.5404052734375,45.49715805053711,64.43624877929688,318.7684326171875,98.29196166992188,197.5963897705078,348.97222900390625,92.20950317382812,186.27999877929688,297.3288269042969,159.31529235839844,102.30078125,54.30955505371094,39.291107177734375,327.54638671875,795.7045288085938,451.28302001953125,236.8070831298828,38.36089324951172,64.43851470947266,59.15234375,447.75933837890625,109.4608154296875,96.94715881347656,11.006314277648926,15.612020492553711,52.51969528198242,113.67571258544922,133.49859619140625,462.6225280761719,126.81554412841797,41.435081481933594,59.01186752319336,66.90291595458984,130.74375915527344,377.84136962890625
2024-05-23,423.0556640625,185.7992401123047,143.9199981689453,108.6740951538086,190.60711669921875,160.4437713623047,148.4690704345703,124.82144927978516,59.405696868896484,169.95339965820312,26.435789108276367,29.8903865814209,164.5414581298828,122.2470932006836,248.97265625,44.700984954833984,64.03135681152344,315.2007751464844,97.04368591308594,194.2738800048828,343.8347473144531,91.20722961425781,172.2100067138672,294.53240966796875,163.7239227294922,101.72496032714844,52.61711502075195,38.5487174987793,328.8703308105469,801.1947631835938,448.75616455078125,232.2404022216797,37.79165267944336,62.88932418823242,57.938812255859375,443.6630554199219,108.7446060180664,95.1956787109375,11.079507827758789,15.119111061096191,51.925540924072266,113.15633392333984,129.1622314453125,455.3326721191406,124.89250183105469,40.82680130004883,57.88692855834961,65.70465087890625,127.17186737060547,371.2145690917969
2024-05-24,426.1864318847656,188.88128662109375,141.29541015625,108.58792877197266,194.275634765625,160.2886505126953,149.2353515625,123.29796600341797,59.3195915222168,168.7399139404297,26.610858917236328,30.526351928710938,164.75357055664062,121.08463287353516,249.1464080810547,44.528316497802734,64.56463623046875,313.4747619628906,97.19972229003906,194.56617736816406,342.07000732421875,90.78881072998047,174.52000427246094,293.8982238769531,165.7747039794922,101.45169830322266,52.51310348510742,38.270320892333984,323.78875732421875,800.1838989257812,449.0155944824219,234.92318725585938,38.303009033203125,62.42361831665039,58.453346252441406,446.5972595214844,109.94448852539062,95.24378967285156,11.125253677368164,15.19494342803955,51.613853454589844,112.7716064453125,128.75367736816406,456.585693359375,124.98724365234375,40.6926155090332,57.66765213012695,64.953369140625,127.56009674072266,367.025146484375
2024-05-28,426.3450012207031,188.89125061035156,138.805419921875,109.96658325195312,193.1044158935547,158.13633728027344,150.45570373535156,120.060546875,59.14736557006836,164.36949157714844,26.07642936706543,30.86421012878418,163.56773376464844,122.64115142822266,244.73512268066406,44.39402389526367,64.2288818359375,316.9460754394531,96.2342529296875,194.06924438476562,339.68756103515625,89.46541595458984,175.0800018310547,288.4688415527344,166.9932403564453,99.499755859375,50.70720291137695,37.57433319091797,324.3728332519531,800.6100463867188,440.4935607910156,234.00592041015625,37.936378479003906,60.76988983154297,57.74464797973633,445.2705993652344,108.2051010131836,94.95509338378906,10.686098098754883,14.578804016113281,50.951507568359375,114.41629791259766,127.75082397460938,445.8863830566406,122.3442611694336,40.68367385864258,58.04899215698242,63.41274642944336,125.79356384277344,361.45556640625
2024-05-29,425.20562744140625,189.1894989013672,138.86309814453125,108.78897094726562,191.7589569091797,156.7208709716797,148.43124389648438,119.879638671875,59.032562255859375,162.25538635253906,25.634143829345703,29.94007110595703,161.0514678955078,121.90229797363281,240.70994567871094,44.20217514038086,64.11036682128906,314.25579833984375,95.14202117919922,192.01341247558594,331.4912414550781,88.83290100097656,171.64999389648438,284.7979431152344,162.07937622070312,98.30908203125,50.745018005371094,37.35160827636719,324.0905456542969,804.2471313476562,434.95953369140625,232.71383666992188,37.35749435424805,60.35170364379883,57.035945892333984,442.7140808105469,107.2098388671875,93.60780334472656,10.576309204101562,14.11432933807373,50.542415618896484,110.8479995727539,124.80730438232422,436.96868896484375,121.40643310546875,40.38846969604492,57.2291145324707,63.232051849365234,123.41551971435547,357.25634765625
2024-05-30,410.83953857421875,190.18370056152344,139.670654296875,109.1336441040039,192.93988037109375,157.62249755859375,149.7178192138672,118.57514953613281,59.29088592529297,161.62020874023438,25.984291076660156,29.99969482421875,159.6824493408203,115.35104370117188,243.31619262695312,44.240543365478516,64.08074951171875,319.6154479980469,95.76615142822266,195.75486755371094,332.60888671875,88.48259735107422,172.75,289.2471618652344,162.67379760742188,99.2947998046875,52.98585891723633,37.35160827636719,322.221435546875,807.745361328125,442.8570861816406,233.976318359375,37.270660400390625,60.902950286865234,57.48252868652344,438.63201904296875,107.47957611083984,93.5693130493164,10.768440246582031,14.58828353881836,50.63007736206055,109.24179077148438,127.08226013183594,437.0959167480469,122.83686065673828,40.647884368896484,57.333984375,63.384212493896484,125.3276596069336,360.5550842285156
2024-05-31,411.2952880859375,191.13815307617188,141.00698852539062,112.26434326171875,196.1340789794922,159.52273559570312,153.5397491455078,119.53685760498047,60.209381103515625,163.91441345214844,26.408143997192383,30.655534744262695,160.858642578125,115.4495849609375,249.89935302734375,44.60505294799805,64.93988800048828,325.14007568359375,97.6580810546875,197.0020294189453,331.8931884765625,90.45795440673828,177.61000061035156,293.9078063964844,163.6050567626953,99.7339859008789,56.351837158203125,38.13111877441406,335.480224609375,812.9780883789062,451.8882751464844,236.7183380126953,38.58280563354492,61.08353042602539,58.171810150146484,444.75994873046875,109.60033416748047,94.15633392333984,11.097805976867676,15.375044822692871,51.00994873046875,112.0310287475586,129.0043487548828,441.25616455078125,126.27556610107422,41.37246322631836,59.52667236328125,65.38130950927734,127.55040740966797,366.82940673828125
2024-06-03,409.70013427734375,192.9078826904297,142.03567504882812,109.57404327392578,195.3500518798828,159.62939453125,148.9610137939453,122.27913665771484,60.209381103515625,162.33120727539062,27.0070743560791,30.099063873291016,159.34500122070312,117.50853729248047,252.35736083984375,44.74894714355469,64.9991455078125,318.4794006347656,97.2874984741211,197.2650909423828,324.87335205078125,89.98113250732422,184.57000732421875,295.41656494140625,159.95924377441406,100.39764404296875,56.928592681884766,38.76215744018555,332.4331970214844,823.8001098632812,452.284912109375,233.6409912109375,38.476680755615234,60.28517150878906,57.60873031616211,443.2596740722656,108.67017364501953,93.74253845214844,11.15269947052002,15.090672492980957,50.51319122314453,109.52072143554688,128.5308074951172,439.8465881347656,127.78178405761719,41.64082717895508,59.09767150878906,64.43031311035156,127.79306030273438,360.32989501953125
2024-06-04,412.2265930175781,193.2260284423828,142.09335327148438,107.86988067626953,192.7753143310547,161.9174346923828,147.70277404785156,122.55525970458984,61.175716400146484,164.85299682617188,27.17293357849121,29.8407039642334,159.85598754882812,118.28679656982422,255.24278259277344,45.48756790161133,65.7694091796875,318.72216796875,96.1659927368164,201.91268920898438,321.15753173828125,91.28507232666016,188.6199951171875,295.36846923828125,159.8800048828125,100.9441909790039,56.975868225097656,38.74359130859375,329.4714050292969,825.1181640625,453.53265380859375,234.00592041015625,38.28371047973633,60.97898864746094,56.987403869628906,443.57135009765625,108.4283447265625,92.94377899169922,11.006314277648926,15.270776748657227,50.68851852416992,107.98182678222656,125.94013977050781,438.9264221191406,130.15003967285156,41.89129638671875,58.935604095458984,64.80120849609375,127.81246948242188,361.5534362792969
2024-06-05,420.09332275390625,194.7372283935547,140.33401489257812,108.30071258544922,190.9362335205078,160.98670959472656,146.6148681640625,123.25987243652344,61.156585693359375,164.47377014160156,27.228214263916016,30.585975646972656,161.36961364746094,120.80878448486328,252.59048461914062,44.14461898803711,66.25330352783203,320.6640319824219,96.6048355102539,203.90036010742188,323.0007629394531,91.13911437988281,189.85000610351562,295.37811279296875,161.03912353515625,100.7490005493164,57.39189147949219,38.270320892333984,326.6562805175781,824.2955322265625,449.9925231933594,231.48092651367188,38.55385971069336,60.712860107421875,56.967987060546875,449.7870178222656,108.6980972290039,93.02076721191406,11.042909622192383,15.109631538391113,50.337867736816406,107.94334411621094,127.7415542602539,433.033447265625,129.6290283203125,41.748165130615234,58.22059631347656,64.15451049804688,129.29754638671875,363.1391906738281
2024-06-06,420.5985412597656,193.35528564453125,140.7666473388672,109.11449432373047,190.59747314453125,163.33291625976562,147.5135955810547,124.27871704101562,61.37663650512695,164.19883728027344,26.537145614624023,30.22824478149414,162.16014099121094,121.66586303710938,253.29974365234375,44.34606170654297,66.31255340576172,321.47967529296875,95.78565216064453,203.1013946533203,321.8634948730469,91.45049285888672,191.4199981689453,293.7540588378906,159.12705993652344,101.76399230957031,57.61880874633789,37.936241149902344,330.3023376464844,829.77587890625,453.271484375,230.15927124023438,38.303009033203125,60.684349060058594,56.04570388793945,446.29925537109375,108.11209106445312,93.20362091064453,11.042909622192383,15.033798217773438,50.60085678100586,107.91449737548828,127.73225402832031,435.3926086425781,129.7805938720703,41.76606750488281,58.31592559814453,64.08795166015625,126.78359985351562,363.41326904296875
2024-06-07,419.93475341796875,195.75132751464844,141.40115356445312,107.94647216796875,193.53997802734375,161.96591186523438,147.65548706054688,124.42152404785156,61.14701461791992,163.42965698242188,26.33443260192871,30.546226501464844,163.9051513671875,124.0499267578125,248.9180908203125,43.971954345703125,65.05839538574219,317.5278625488281,98.36023712158203,203.42291259765625,322.5007019042969,91.3629150390625,190.24000549316406,293.1101989746094,160.41497802734375,104.99444580078125,58.41303253173828,38.49303436279297,330.488037109375,842.3619995117188,454.73199462890625,229.48855590820312,38.613624572753906,61.49220657348633,56.657325744628906,443.1914367675781,107.47957611083984,93.48269653320312,11.116103172302246,15.014841079711914,50.63007736206055,107.72212982177734,127.80653381347656,430.752685546875,128.53802490234375,41.77500915527344,58.41126251220703,64.15451049804688,124.63851928710938,360.7801818847656
2024-06-10,423.9176330566406,192.00314331054688,141.44923400878906,108.26242065429688,193.2108917236328,162.2470703125,148.2798614501953,125.20233917236328,60.840843200683594,158.5183563232422,25.864503860473633,30.71515464782715,164.26187133789062,122.65100860595703,246.58639526367188,43.98154067993164,66.12493133544922,322.897216796875,98.16519165039062,205.33265686035156,323.1576232910156,91.3726577758789,190.1199951171875,292.8219299316406,161.326416015625,104.9066162109375,56.994773864746094,39.50455093383789,331.0256652832031,857.2371826171875,452.1494140625,229.26168823242188,38.50685119628906,62.014930725097656,56.239871978759766,441.8664245605469,107.03311157226562,92.76094055175781,11.326531410217285,15.109631538391113,50.29890823364258,108.97248077392578,127.84365844726562,426.57275390625,129.4842987060547,41.587154388427734,59.05953598022461,63.621971130371094,124.68704986572266,360.5060729980469
2024-06-11,428.6831970214844,205.9519805908203,141.093505859375,107.39118957519531,188.12921142578125,162.37307739257812,148.04336547851562,125.53559112548828,60.802574157714844,157.72531127929688,25.827646255493164,30.7250919342041,163.23992919921875,122.04022216796875,247.0430145263672,43.904808044433594,65.8978042602539,325.96539306640625,98.80883026123047,204.10498046875,320.90264892578125,91.4310302734375,185.5,288.95892333984375,158.86947631835938,103.26699829101562,56.73004150390625,39.922142028808594,330.3316345214844,858.0499267578125,447.6420593261719,221.45985412597656,37.720603942871094,61.672786712646484,55.46321487426758,432.82550048828125,106.49360656738281,91.83707427978516,11.079507827758789,15.100152969360352,50.035919189453125,109.28986358642578,127.53726196289062,420.74835205078125,129.65634155273438,41.50664520263672,58.62099838256836,63.69804382324219,125.76445770263672,357.4031982421875
2024-06-12,436.9858093261719,211.83775329589844,139.79563903808594,106.20401000976562,185.38992309570312,160.14321899414062,145.8958740234375,123.97402954101562,60.16154479980469,156.54046630859375,25.48671531677246,30.56610107421875,162.93142700195312,138.29518127441406,247.23733520507812,43.76091384887695,65.4830322265625,334.1407775878906,98.70155334472656,203.15011596679688,322.29486083984375,90.72068786621094,182.6699981689453,289.3240661621094,159.55307006835938,101.8713607788086,56.72058868408203,39.35606384277344,328.48419189453125,859.5166625976562,444.0729064941406,220.97653198242188,38.25447463989258,61.150047302246094,55.62825393676758,437.14141845703125,110.12123107910156,92.04879760742188,11.0520601272583,14.73046875,48.86708068847656,107.90486907958984,126.6829833984375,418.13470458984375,129.2166748046875,41.03253936767578,57.648590087890625,62.09085464477539,126.57978057861328,362.2582092285156
2024-06-13,437.5009765625,213.0009765625,139.83409118652344,105.3519287109375,187.45164489746094,161.33572387695312,144.5903778076172,123.18370056152344,60.26679229736328,156.06271362304688,25.47750473022461,30.26799201965332,163.047119140625,137.77304077148438,246.47952270507812,43.665000915527344,65.86817169189453,337.7720947265625,99.02337646484375,203.2767791748047,319.97119140625,92.20950317382812,180.6999969482422,286.8448486328125,154.24288940429688,100.96369934082031,57.70391082763672,38.49303436279297,326.6269836425781,875.40283203125,443.54095458984375,219.15185546875,38.1088752746582,60.408729553222656,55.599124908447266,434.8519592285156,108.4283447265625,91.6253662109375,10.923973083496094,14.645156860351562,49.20800018310547,106.65453338623047,125.25299835205078,414.48345947265625,133.26931762695312,40.925193786621094,57.89645767211914,62.39517593383789,125.97797393798828,369.951904296875
2024-06-14,438.4818420410156,211.2611083984375,139.92062377929688,104.4615478515625,187.5677947998047,161.70413208007812,144.33493041992188,123.2884292602539,60.3101692199707,156.5213623046875,25.366931915283203,30.258056640625,163.13389587402344,136.07859802246094,246.36293029785156,43.81847381591797,66.1841812133789,336.76226806640625,98.39924621582031,203.17935180664062,315.17694091796875,92.07328033447266,177.27000427246094,286.9600830078125,154.43112182617188,101.18819427490234,56.93804931640625,38.23320007324219,325.7863464355469,870.5665283203125,443.32818603515625,221.74588012695312,38.08945846557617,62.59263610839844,55.725337982177734,434.9591064453125,108.02407836914062,91.90443420410156,10.713545799255371,14.739948272705078,49.07162857055664,105.2118148803711,125.95869445800781,415.1393127441406,133.32666015625,40.51383972167969,56.72385025024414,62.29056167602539,123.58052825927734,370.0008239746094
2024-06-17,444.2282409667969,215.41693115234375,140.31478881835938,103.74349975585938,188.7293243408203,162.39248657226562,144.92147827148438,122.12940979003906,60.37766647338867,158.74769592285156,24.860145568847656,30.784713745117188,163.41346740722656,139.2113494873047,246.294921875,43.82806396484375,66.57919311523438,339.34503173828125,98.03839874267578,206.51158142089844,316.0887756347656,93.36747741699219,178.38999938964844,291.43817138671875,161.71278381347656,100.96369934082031,57.76063919067383,38.0197639465332,326.38262939453125,877.0677490234375,443.9762268066406,225.14871215820312,38.351539611816406,61.83259582519531,56.540828704833984,438.5832824707031,110.0360107421875,93.38646697998047,10.841631889343262,14.360784530639648,49.7242317199707,105.35609436035156,126.14441680908203,420.7091979980469,134.24424743652344,40.861209869384766,57.35305404663086,63.04185104370117,124.50263214111328,371.1950378417969
2024-06-18,442.2170104980469,213.05072021484375,140.0263671875,104.72004699707031,190.6845703125,163.42015075683594,145.05392456054688,122.59877014160156,60.38731384277344,159.07257080078125,25.25636100769043,30.436920166015625,164.42576599121094,142.49191284179688,243.65234375,44.096656799316406,66.75695037841797,343.5880126953125,98.27245330810547,207.40798950195312,318.7751159667969,94.39894104003906,174.99000549316406,294.0423583984375,163.4366455078125,101.49073028564453,57.68499755859375,37.87128448486328,327.2622985839844,883.4597778320312,444.93377685546875,226.1744842529297,38.81747055053711,60.75507354736328,57.32719039916992,445.6465148925781,110.53429412841797,93.89649963378906,10.777588844299316,15.270776748657227,50.63007736206055,105.23106384277344,124.61229705810547,416.842529296875,135.4103546142578,40.95261764526367,57.11471939086914,63.39372634887695,124.10466766357422,374.66009521484375
2024-06-20,441.5829162597656,208.46734619140625,142.0741424560547,106.97949981689453,192.30104064941406,162.5572967529297,148.18527221679688,124.20800018310547,59.95342254638672,159.26365661621094,25.5604305267334,30.426984786987305,167.67474365234375,140.78759765625,246.57669067382812,44.816097259521484,67.16183471679688,343.1705322265625,99.14041900634766,208.6453857421875,322.68701171875,94.3405532836914,176.3000030517578,297.79010009765625,163.46632385253906,104.00871276855469,57.675537109375,38.08472442626953,330.2729797363281,878.0389404296875,451.0661315917969,227.0621795654297,38.81747055053711,65.89254760742188,57.23982238769531,446.25054931640625,111.1171875,93.77140808105469,10.923973083496094,15.043277740478516,48.9742317199707,107.07772064208984,127.0915298461914,425.3100280761719,133.92884826660156,41.52851486206055,58.163387298583984,63.4222526550293,124.68704986572266,373.4561462402344
2024-06-21,445.625244140625,206.2900390625,143.00669860839844,106.04125213623047,190.00701904296875,163.12928771972656,146.89866638183594,125.21379089355469,60.52229690551758,159.8369598388672,25.5604305267334,30.894020080566406,166.26719665527344,139.39854431152344,252.00759887695312,45.36286163330078,67.06307983398438,345.4619140625,99.85231018066406,209.57102966308594,321.4222412109375,94.65194702148438,176.55999755859375,296.1275939941406,162.71340942382812,103.17915344238281,58.02537536621094,38.9106330871582,332.32568359375,875.9478149414062,452.284912109375,227.22988891601562,38.332130432128906,67.98988342285156,56.4049072265625,438.5832824707031,111.33342742919922,92.53960418701172,10.83248233795166,15.138069152832031,48.906044006347656,107.08734130859375,126.84083557128906,422.97039794921875,133.3075714111328,41.811893463134766,58.487525939941406,63.79315185546875,124.81322479248047,367.1034851074219
2024-06-24,443.5347595214844,206.93626403808594,143.3623809814453,109.19108581542969,192.50428771972656,163.3135223388672,150.7111358642578,127.35944366455078,61.67932891845703,160.6013641357422,26.131717681884766,30.37729835510254,168.72561645507812,137.8124542236328,252.96942138671875,45.353271484375,68.04074096679688,340.6849060058594,100.43743896484375,210.35049438476562,323.53997802734375,96.32564544677734,179.10000610351562,305.7275695800781,159.0478057861328,102.76924896240234,58.36575698852539,39.189022064208984,335.4145812988281,882.1218872070312,456.0668029785156,228.30496215820312,38.846588134765625,68.04761505126953,57.28835678100586,450.1864318847656,111.76589965820312,93.44420623779297,11.189295768737793,15.081193923950195,48.720977783203125,110.77104949951172,128.69796752929688,421.5804443359375,133.5273895263672,42.46091842651367,59.231136322021484,64.73463439941406,124.38614654541016,370.167236328125
2024-06-25,446.784423828125,207.86090087890625,141.5069122314453,109.49745178222656,191.7202606201172,161.76229858398438,149.9070281982422,127.32111358642578,61.55398178100586,159.9038543701172,25.790790557861328,30.546226501464844,166.40216064453125,137.1031494140625,250.0548095703125,45.44919967651367,66.57919311523438,328.4898376464844,99.52073669433594,208.9474334716797,320.9908447265625,96.04345703125,175.10000610351562,306.8422546386719,158.24534606933594,102.95467376708984,57.14605712890625,39.15190887451172,331.1722717285156,896.4917602539062,452.739501953125,227.4369659423828,38.22535705566406,66.97008514404297,55.53116989135742,445.5978088378906,110.38387298583984,94.11785125732422,11.06120777130127,14.882133483886719,48.52616882324219,110.5979232788086,124.76085662841797,419.4366455078125,132.30393981933594,42.43349075317383,57.820194244384766,63.96432113647461,121.54219818115234,361.6513366699219
2024-06-26,447.98321533203125,212.01670837402344,141.1511993408203,109.53575897216797,191.10076904296875,162.34400939941406,147.53250122070312,125.96092987060547,61.756465911865234,159.32101440429688,25.265575408935547,30.347488403320312,165.69834899902344,136.17710876464844,250.49195861816406,44.95038604736328,67.43833923339844,331.8881530761719,98.93560791015625,207.95359802246094,320.3340148925781,95.58611297607422,178.5,300.605712890625,159.14688110351562,102.35933685302734,57.325706481933594,39.4395866394043,329.9797058105469,893.171875,451.6948547363281,227.52577209472656,37.85649490356445,66.68144989013672,55.346710205078125,444.1169738769531,109.53773498535156,93.24210357666016,11.079507827758789,14.844218254089355,48.09760284423828,109.27063751220703,128.28009033203125,422.3830871582031,133.0208282470703,42.3786506652832,57.839256286621094,61.025726318359375,121.57132720947266,368.287841796875
2024-06-27,448.6668701171875,212.86180114746094,140.1705780029297,110.00487518310547,192.7849884033203,161.539306640625,147.88253784179688,124.3517074584961,61.62147521972656,158.86233520507812,25.615718841552734,30.397172927856445,164.71499633789062,138.09814453125,250.8223114013672,45.5163459777832,67.03345489501953,331.5677490234375,100.61297607421875,208.87924194335938,321.0496826171875,95.52771759033203,182.50999450683594,301.4417419433594,159.0081787109375,102.13487243652344,55.179420471191406,38.5208740234375,326.6269836425781,900.8820190429688,451.8302307128906,225.2769317626953,38.09917068481445,66.21966552734375,55.744747161865234,434.4720153808594,108.5223617553711,92.16427612304688,11.189295768737793,11.554981231689453,48.087860107421875,109.61688995361328,126.12584686279297,425.73095703125,133.19285583496094,41.555938720703125,57.78205871582031,60.58827209472656,121.23160552978516,368.81646728515625
2024-06-28,442.8213806152344,209.40191650390625,140.51669311523438,110.21550750732422,195.7759552001953,159.8911590576172,147.97714233398438,118.58526611328125,61.37078857421875,157.5915069580078,25.781572341918945,30.774776458740234,166.73956298828125,139.1029815673828,247.58705139160156,45.57389450073242,66.86557006835938,334.2378234863281,99.65727233886719,208.060791015625,326.57928466796875,94.42813873291016,182.00999450683594,300.2501220703125,157.49240112304688,101.41265869140625,55.841270446777344,38.539432525634766,323.1275634765625,897.2548828125,451.80126953125,228.3838653564453,38.603919982910156,66.00801086425781,57.65727615356445,440.6681823730469,108.40953826904297,93.53082275390625,11.472915649414062,11.464930534362793,48.63331604003906,110.01123809814453,127.0729751586914,426.7489929199219,132.0936737060547,41.63821029663086,57.629520416259766,60.16032028198242,122.1925277709961,367.1557312011719
2024-07-01,452.51104736328125,215.49649047851562,140.78585815429688,110.06232452392578,198.86367797851562,157.75823974609375,148.0717315673828,122.51256561279297,61.01403045654297,155.6422882080078,26.002716064453125,30.645597457885742,168.81239318847656,140.96493530273438,242.87510681152344,45.583492279052734,66.63844299316406,326.4217529296875,98.11641693115234,205.53724670410156,322.63800048828125,92.968505859375,186.6999969482422,298.86639404296875,157.49240112304688,100.71971130371094,54.98086166381836,38.32600021362305,318.92437744140625,906.1642456054688,451.1628723144531,230.61297607421875,38.83687973022461,66.03687286376953,58.822261810302734,451.7160339355469,107.03691101074219,95.42664337158203,11.674196243286133,10.97675895690918,49.2469596862793,109.99198913574219,126.23725891113281,425.8190612792969,131.73046875,42.076988220214844,57.8106575012207,60.19835662841797,120.33863067626953,354.7347412109375
2024-07-02,455.0374755859375,218.99612426757812,140.39169311523438,109.31555938720703,202.13531494140625,158.9022674560547,148.28932189941406,122.34014892578125,60.88868713378906,156.3015899658203,25.643360137939453,30.874147415161133,170.93336486816406,141.152099609375,240.73770141601562,45.353271484375,67.22108459472656,325.2372131347656,99.10139465332031,207.75872802734375,321.3438415527344,93.53289794921875,185.4199981689453,298.63568115234375,159.94932556152344,100.71971130371094,54.385196685791016,37.537208557128906,318.57244873046875,898.572998046875,450.4471130371094,232.74342346191406,39.72991180419922,65.80597686767578,59.19118118286133,453.6157531738281,107.74201965332031,95.89820098876953,11.774835586547852,10.967279434204102,49.120330810546875,109.76116943359375,125.27156066894531,428.13897705078125,131.8929443359375,42.09526824951172,59.231136322021484,60.07472610473633,121.21219635009766,358.6261291503906
2024-07-03,456.5137023925781,220.26870727539062,140.0648193359375,109.87084197998047,201.99981689453125,158.8343963623047,148.25148010253906,120.54891204833984,61.06224822998047,155.3651885986328,25.523576736450195,31.033138275146484,169.4197540283203,142.2357940673828,242.8848419189453,45.17101287841797,67.38896179199219,323.9458312988281,99.10139465332031,207.00851440429688,324.1380310058594,93.30909729003906,184.30999755859375,297.29998779296875,161.48492431640625,99.8706283569336,53.60988998413086,37.17528533935547,318.1032409667969,890.0401611328125,450.7662658691406,232.48699951171875,39.70079040527344,64.06461334228516,58.89022445678711,455.8663024902344,108.84201049804688,96.427490234375,11.774835586547852,10.521763801574707,49.43202209472656,110.38632202148438,125.8658447265625,427.86492919921875,131.44371032714844,42.00386047363281,59.76500701904297,59.98914337158203,121.2024917602539,356.50360107421875
2024-07-05,463.2409362792969,225.03102111816406,140.82431030273438,108.5400619506836,199.32322692871094,160.17233276367188,145.98101806640625,121.1236343383789,61.47684860229492,157.07554626464844,25.846073150634766,31.818159103393555,169.6993408203125,142.67909240722656,243.94381713867188,45.13231658935547,69.16651153564453,324.8585205078125,98.80883026123047,206.79417419433594,321.92230224609375,94.43787384033203,184.8300018310547,298.7414245605469,159.0081787109375,101.52000427246094,53.53424072265625,37.36370849609375,311.9353332519531,906.3623657226562,447.0230712890625,233.10031127929688,39.225154876708984,64.16082763671875,57.88056182861328,452.7779541015625,107.92066192626953,95.84044647216797,11.74738883972168,10.673429489135742,50.493717193603516,108.25112915039062,126.60868835449219,425.5547180175781,132.1796875,42.14097595214844,58.49706268310547,59.7989387512207,121.55191802978516,353.7913818359375
2024-07-08,461.9331970214844,226.50247192382812,139.86293029785156,107.4007568359375,199.6930694580078,161.44236755371094,145.9999237060547,120.48186492919922,60.70548629760742,154.90655517578125,25.735502243041992,33.77574157714844,171.2611846923828,142.8760986328125,240.7960205078125,44.56151580810547,68.81100463867188,329.732666015625,98.59427642822266,206.19981384277344,322.6183776855469,94.95360565185547,185.83999633789062,299.29876708984375,162.010009765625,99.66567993164062,53.78953170776367,37.67460632324219,316.4904479980469,909.7615966796875,446.63616943359375,231.9923553466797,39.428993225097656,64.98821258544922,57.28835678100586,452.84613037109375,107.8078384399414,96.80280303955078,11.87547492980957,10.256348609924316,50.59111022949219,107.94334411621094,125.84725952148438,421.1692810058594,133.12594604492188,42.06784439086914,60.422813415527344,59.437557220458984,123.2699203491211,348.84857177734375
2024-07-09,455.2950439453125,227.3574676513672,141.37229919433594,106.21358489990234,202.08740234375,160.60861206054688,144.72279357910156,120.73091125488281,60.445159912109375,154.69635009765625,25.542001724243164,34.3719596862793,170.14280700683594,138.59071350097656,238.8238067626953,44.309974670410156,69.02826690673828,327.29559326171875,97.21923065185547,205.1962432861328,319.6771240234375,94.42813873291016,183.24000549316406,303.5750427246094,161.61373901367188,99.19721221923828,54.47974395751953,38.49422836303711,320.9770812988281,924.131591796875,445.2239074707031,235.19754028320312,40.20553970336914,65.19024658203125,58.13297653198242,460.6497802734375,107.61981201171875,98.74676513671875,11.80228328704834,10.227911949157715,50.51319122314453,106.94307708740234,124.68659210205078,414.786865234375,133.26931762695312,42.689449310302734,60.184478759765625,59.618247985839844,121.58103942871094,342.7952880859375
2024-07-10,461.9430847167969,231.63259887695312,143.66043090820312,107.15184020996094,202.25286865234375,161.71383666992188,146.75677490234375,121.9378433227539,60.58015060424805,156.31114196777344,26.122501373291016,34.65019226074219,171.4539794921875,139.9600830078125,243.3608856201172,44.764678955078125,69.53190612792969,334.1795654296875,99.15015411376953,208.9864044189453,322.04974365234375,94.76871490478516,183.72999572753906,309.1101379394531,164.15985107421875,100.57332611083984,54.394649505615234,38.739173889160156,322.4823913574219,931.3461303710938,445.91070556640625,236.36489868164062,40.51615905761719,66.1427001953125,57.97764587402344,466.5537414550781,109.13345336914062,99.56475067138672,12.049307823181152,10.673429489135742,51.613853454589844,108.23189544677734,125.95869445800781,417.243896484375,134.56924438476562,42.89970016479492,61.233158111572266,60.165557861328125,122.9205093383789,345.43865966796875
2024-07-11,450.4997863769531,226.25390625,143.9199981689453,108.42517852783203,201.91221618652344,160.49224853515625,146.87974548339844,123.53749084472656,60.840476989746094,156.65512084960938,26.408143997192383,33.2888298034668,171.9071044921875,141.0369110107422,247.5482177734375,45.238739013671875,68.92950439453125,343.5103759765625,100.67150115966797,209.33718872070312,324.6478576660156,95.12876892089844,183.91000366210938,312.3965759277344,160.68650817871094,101.67616271972656,55.03759002685547,38.390602111816406,326.0502624511719,925.7568359375,445.3013610839844,236.1868438720703,40.584110260009766,67.31643676757812,58.40481185913086,466.8849792480469,110.15823364257812,100.70032501220703,12.323779106140137,10.834572792053223,51.38007736206055,109.63612365722656,128.36366271972656,422.9018859863281,134.7890625,43.03681564331055,61.25222396850586,60.655250549316406,125.90033721923828,355.33416748046875
2024-07-12,449.36041259765625,229.20672607421875,144.09304809570312,108.4443130493164,199.46922302246094,161.52963256835938,147.1919403076172,122.37846374511719,61.41899490356445,158.97702026367188,26.64771842956543,34.27259063720703,176.2648162841797,143.0226593017578,246.67384338378906,45.83856964111328,68.37648010253906,349.31658935546875,101.46141815185547,209.5904998779297,329.02056884765625,95.43041229248047,182.30999755859375,317.9124450683594,157.79864501953125,101.71520233154297,55.784542083740234,38.11738967895508,327.2525634765625,939.8888549804688,448.5416259765625,236.06813049316406,40.37055587768555,67.30680847167969,54.890419006347656,467.5182189941406,110.95736694335938,100.1710205078125,12.836125373840332,10.900925636291504,51.126834869384766,108.81858825683594,132.18003845214844,423.11724853515625,135.2765350341797,43.6309928894043,61.280818939208984,60.52082443237305,126.78359985351562,358.99951171875
2024-07-15,449.7666320800781,233.04440307617188,143.47775268554688,110.30166625976562,204.4427947998047,159.5615234375,149.50970458984375,122.7232894897461,61.139381408691406,156.5691375732422,26.813573837280273,34.242774963378906,176.3130340576172,141.34320068359375,244.3712921142578,45.85791778564453,68.74187469482422,348.04461669921875,100.17412567138672,210.18487548828125,339.00128173828125,94.63248443603516,179.11000061035156,317.2590026855469,158.344482421875,101.01858520507812,55.4725227355957,37.825340270996094,323.95843505859375,941.930419921875,448.68670654296875,241.38046264648438,40.66176223754883,68.12457275390625,56.04570388793945,479.550048828125,111.63427734375,101.29698181152344,13.0191068649292,11.090507507324219,50.766441345214844,110.19397735595703,133.8514404296875,422.8040771484375,134.7794952392578,43.62185287475586,60.4418830871582,60.35759735107422,127.03598022460938,365.2297058105469
2024-07-16,445.3676452636719,233.4619903564453,145.17942810058594,111.0963134765625,207.91749572753906,161.8592529296875,149.2542724609375,120.15618133544922,61.96858215332031,157.4290771484375,27.182146072387695,34.12353515625,179.13780212402344,140.8887176513672,249.94790649414062,45.87726974487305,69.11714172363281,358.3949279785156,100.74950408935547,212.86428833007812,353.5213623046875,94.77845001220703,186.0500030517578,320.13226318359375,161.60940551757812,100.78311920166016,56.786773681640625,38.814544677734375,332.0617980957031,933.1498413085938,453.2327575683594,246.9500274658203,42.836082458496094,68.92310333251953,58.482479095458984,490.0621032714844,113.52398681640625,102.22083282470703,13.165492057800293,11.11894416809082,52.208003997802734,110.79029083251953,136.80422973632812,425.97564697265625,136.16543579101562,43.90523147583008,61.54775619506836,60.3960075378418,129.31695556640625,370.968505859375
2024-07-17,439.42303466796875,227.55633544921875,150.53436279296875,112.62814331054688,211.0807342529297,164.27333068847656,152.5275115966797,120.58723449707031,62.87492370605469,162.33084106445312,27.670503616333008,34.242774963378906,180.7189178466797,137.57916259765625,253.57179260253906,46.94148254394531,70.14417266845703,361.08447265625,102.04653930664062,214.55966186523438,350.7957458496094,96.71488189697266,184.83999633789062,322.5635070800781,155.46658325195312,102.7061538696289,58.24283981323242,40.651641845703125,336.99810791015625,897.4630737304688,460.47747802734375,247.27650451660156,42.69047927856445,70.5201416015625,59.1329231262207,489.24371337890625,111.07958221435547,102.93297576904297,13.247833251953125,11.232693672180176,53.3768424987793,111.64630126953125,136.85069274902344,430.87994384765625,137.207275390625,45.148433685302734,62.65364074707031,62.738861083984375,129.8313751220703,378.4564514160156
2024-07-18,436.3021240234375,222.8834991455078,149.41912841796875,113.73872375488281,204.37466430664062,163.30384826660156,153.22756958007812,119.01630401611328,62.85564422607422,162.78945922851562,27.37564468383789,34.65019226074219,178.56900024414062,136.36399841308594,252.13385009765625,46.47710037231445,69.9367904663086,355.4432373046875,101.44190979003906,212.0848388671875,349.0604248046875,95.85857391357422,180.22999572753906,318.0469665527344,157.58033752441406,98.1830825805664,56.64494323730469,39.935638427734375,332.8535461425781,841.28173828125,460.4097595214844,246.52464294433594,41.74892044067383,70.72217559814453,57.51165008544922,473.68511962890625,109.67875671386719,100.86392211914062,13.311877250671387,10.768218994140625,53.38658142089844,112.15605163574219,134.41783142089844,430.3316955566406,137.6947479248047,45.093589782714844,61.76702880859375,62.91170120239258,127.84161376953125,374.04425048828125
2024-07-19,433.0722351074219,223.01275634765625,148.7173309326172,111.12503051757812,204.18002319335938,163.8178253173828,150.55978393554688,120.4722900390625,62.952064514160156,161.82440185546875,27.615217208862305,32.7721061706543,176.6697235107422,136.8876190185547,249.95762634277344,45.780513763427734,69.86766052246094,352.8022766113281,101.34439086914062,209.10336303710938,340.82489013671875,95.92703247070312,179.6699981689453,318.3545227050781,157.9177703857422,100.10611724853516,56.3234748840332,40.17116928100586,328.2789001464844,849.7748413085938,459.3651123046875,239.77784729003906,41.64215087890625,69.8082046508789,57.5019416809082,472.4380798339844,107.92066192626953,98.24632263183594,12.790380477905273,10.43645191192627,53.09437561035156,109.98238372802734,134.807861328125,428.6969909667969,137.2837371826172,45.20328140258789,61.19502258300781,61.817081451416016,124.27937316894531,371.5089416503906
2024-07-22,438.8484191894531,222.66477966308594,148.2847137451172,110.3591079711914,204.6666717529297,164.10067749023438,148.51637268066406,120.3956527709961,62.45067596435547,160.2000732421875,27.2742919921875,33.15964889526367,177.5373992919922,138.47817993164062,252.15330505371094,45.296783447265625,69.50227355957031,352.69549560546875,102.36837005615234,211.4027862548828,342.44915771484375,95.79988861083984,178.89999389648438,322.8517761230469,161.5200958251953,101.7642593383789,55.773677825927734,40.199432373046875,328.23004150390625,858.198486328125,459.0458984375,242.1224365234375,41.05973815917969,69.66389465332031,57.41456604003906,474.4937744140625,109.03003692626953,98.5831527709961,12.918466567993164,10.711344718933105,53.435279846191406,108.02991485595703,134.807861328125,428.8536071777344,137.77120971679688,45.15757751464844,61.15688705444336,62.02832794189453,124.59968566894531,372.6783447265625
2024-07-23,440.7407531738281,223.7086944580078,146.46768188476562,108.57836151123047,204.71534729003906,162.5108642578125,145.7729034423828,119.14083099365234,62.633872985839844,158.88145446777344,27.182146072387695,32.7422981262207,177.4892120361328,141.38270568847656,246.81956481933594,44.851749420166016,69.76891326904297,349.17095947265625,102.13430786132812,211.80227661132812,338.80682373046875,94.43061828613281,186.47999572753906,320.2283630371094,170.68971252441406,101.96048736572266,55.42945098876953,40.491485595703125,328.6014709472656,870.4080200195312,484.8714294433594,244.2493133544922,41.16651153564453,68.4709243774414,57.92910385131836,479.47210693359375,110.0078125,99.6032485961914,12.653144836425781,10.644990921020508,52.4417724609375,106.59681701660156,118.55810546875,432.9649658203125,129.8761749267578,44.9016227722168,59.31693649291992,61.44261169433594,122.99815368652344,365.0822448730469
2024-07-24,424.9381103515625,217.276123046875,150.24595642089844,110.11019134521484,203.0217742919922,163.85684204101562,146.70001220703125,120.61595916748047,63.45343780517578,160.68734741210938,27.624431610107422,31.50017547607422,177.41207885742188,137.0950927734375,246.15890502929688,45.3258056640625,69.71953582763672,340.1314392089844,100.69100189208984,208.16795349121094,330.8034973144531,94.47952270507812,180.07000732421875,322.5057678222656,161.0635986328125,105.23750305175781,55.97447204589844,42.07421112060547,334.5054931640625,852.1632080078125,498.32586669921875,238.4027862548828,40.95296096801758,70.71256256103516,57.705814361572266,474.1625061035156,107.53519439697266,98.13084411621094,12.506759643554688,10.578638076782227,52.77294158935547,106.85651397705078,119.34738159179688,432.78875732421875,134.30162048339844,45.17585754394531,59.72687530517578,62.90210723876953,121.56160736083984,362.98919677734375
2024-07-25,414.53509521484375,216.23219299316406,153.47621154785156,112.42708587646484,203.09963989257812,162.78395080566406,149.03668212890625,120.54891204833984,63.70412063598633,163.41055297851562,27.808719635009766,30.90395736694336,185.08624267578125,136.15655517578125,244.30328369140625,45.703125,69.14676666259766,343.02490234375,100.82752990722656,197.25535583496094,338.93475341796875,94.37193298339844,184.35000610351562,321.2469787597656,163.4155731201172,103.96202087402344,56.079654693603516,42.648895263671875,333.4693603515625,813.8204345703125,504.3228454589844,237.6014862060547,40.457916259765625,73.60840606689453,57.95823287963867,479.0434265136719,108.57876586914062,99.6609878540039,10.210347175598145,10.910405158996582,51.925540924072266,106.78917694091797,118.0009765625,460.6383056640625,134.8368682861328,45.523223876953125,60.36560821533203,63.20936584472656,122.2410659790039,375.0760498046875
2024-07-26,421.34161376953125,216.69949340820312,154.43759155273438,112.33135986328125,206.57432556152344,164.93946838378906,149.3204803466797,119.9837646484375,64.64903259277344,165.06356811523438,28.75249671936035,31.152381896972656,184.864501953125,137.33216857910156,244.82791137695312,46.322303771972656,68.90975189208984,349.06414794921875,124.0083999633789,197.5379180908203,345.0185241699219,97.2082748413086,186.88999938964844,321.7754821777344,168.5164031982422,103.2555923461914,58.32666015625,47.52897644042969,335.9032897949219,797.3991088867188,507.61138916015625,243.2501678466797,40.44820785522461,74.08943939208984,58.62810134887695,486.1748962402344,105.37284088134766,100.26727294921875,10.237793922424316,11.204256057739258,52.86061096191406,106.62567138671875,119.62594604492188,470.16290283203125,135.54415893554688,46.09912109375,60.99481964111328,63.67985534667969,123.80377197265625,379.851806640625
2024-07-29,422.78814697265625,216.9778594970703,152.4379119873047,111.15375518798828,205.22145080566406,165.73924255371094,148.14743041992188,122.39762115478516,64.4369125366211,165.5031280517578,28.70577049255371,30.63566017150879,184.62347412109375,136.64064025878906,253.9798126220703,46.4287223815918,68.75175476074219,351.1614074707031,122.05797576904297,196.2322998046875,339.16119384765625,98.66557312011719,185.42999267578125,319.52691650390625,168.575927734375,102.79444885253906,58.87167739868164,46.14408874511719,338.7380065917969,800.5407104492188,510.3583679199219,245.2287139892578,39.885215759277344,74.78214263916016,57.8514404296875,480.0274658203125,106.33179473876953,98.62165069580078,10.073110580444336,11.318004608154297,52.792423248291016,104.95213317871094,119.42166900634766,467.2164611816406,134.62657165527344,46.190528869628906,60.3465461730957,64.31358337402344,123.98818969726562,370.2413024902344
2024-07-30,419.01336669921875,217.5346221923828,155.1009521484375,113.13556671142578,209.4456024169922,157.7122039794922,150.9571075439453,110.39540100097656,65.25647735595703,165.4744415283203,29.33184242248535,29.94007110595703,184.1799774169922,134.03250122070312,258.85693359375,46.5738410949707,68.3271255493164,353.1227111816406,123.60855865478516,197.4404754638672,336.3949890136719,98.28413391113281,186.86000061035156,320.26678466796875,166.20413208007812,103.33409118652344,60.4111213684082,46.21003341674805,344.82769775390625,783.1184692382812,520.0502319335938,249.76942443847656,40.069644927978516,75.09000396728516,58.259185791015625,492.6438293457031,105.95571899414062,99.85345458984375,9.917576789855957,11.526544570922852,53.27943801879883,105.71196746826172,119.81166076660156,476.45721435546875,130.3540802001953,46.20881652832031,59.5838737487793,65.34098815917969,123.4737548828125,365.3279113769531
2024-07-31,414.4855651855469,220.795654296875,151.75534057617188,113.53766632080078,207.11940002441406,156.79539489746094,151.8085174560547,108.36470794677734,64.35013580322266,164.9871368408203,28.53757667541504,30.546226501464844,185.24049377441406,137.76686096191406,257.8465576171875,46.87375259399414,67.78397369384766,357.46282958984375,124.38872528076172,199.496337890625,340.8052062988281,97.01268005371094,190.60000610351562,319.4884338378906,168.90341186523438,103.94239044189453,57.68602752685547,44.80630874633789,340.8200988769531,797.0523071289062,524.170654296875,250.32342529296875,39.12808609008789,73.17546081542969,57.60873031616211,495.9172668457031,107.37535858154297,100.21757507324219,9.89927864074707,11.251651763916016,53.084632873535156,106.95269012451172,121.05592346191406,474.09808349609375,129.08287048339844,44.80106735229492,59.116729736328125,64.46720886230469,123.2505111694336,365.53436279296875
2024-08-01,413.2569885253906,217.09716796875,154.55296325683594,111.967529296875,202.40859985351562,161.6038055419922,144.38223266601562,109.02564239501953,65.52644348144531,167.1752471923828,28.640361785888672,28.866878509521484,182.84954833984375,135.85028076171875,261.1011657714844,45.848243713378906,68.91963195800781,348.1611328125,123.33549499511719,199.3306884765625,326.3539123535156,98.7144775390625,178.30999755859375,322.4289245605469,168.4568634033203,108.0730209350586,57.399169921875,45.3809814453125,325.1118469238281,824.969482421875,530.8833618164062,246.0102081298828,38.34183883666992,73.58915710449219,55.22050476074219,487.23681640625,105.3258285522461,98.80962371826172,9.780341148376465,11.194777488708496,53.6593132019043,104.2500228881836,121.25092315673828,482.94732666015625,132.3612823486328,45.72433090209961,57.65812683105469,64.97611236572266,122.18281555175781,351.7081298828125
2024-08-02,404.7166442871094,218.5885009765625,157.80247497558594,111.90052032470703,193.82403564453125,165.8855438232422,140.53195190429688,110.3475112915039,66.84739685058594,170.11817932128906,28.43478775024414,21.3445987701416,182.3289337158203,131.6713409423828,268.8152160644531,45.141990661621094,67.60621643066406,345.1026916503906,122.13597869873047,198.46353149414062,315.869873046875,100.55320739746094,169.9499969482422,320.9490661621094,159.0590057373047,109.21114349365234,56.72028732299805,45.94624328613281,329.7353210449219,797.2406005859375,530.79638671875,229.78628540039062,36.47813415527344,73.85853576660156,51.706119537353516,458.5162353515625,100.09854888916016,93.07097625732422,9.17650318145752,10.881967544555664,52.91904830932617,101.7300796508789,118.91094970703125,484.1121826171875,133.9097137451172,46.68415451049805,56.161376953125,66.52201843261719,119.83389282226562,347.6202392578125
2024-08-05,391.49981689453125,208.05975341796875,155.0240478515625,109.88040924072266,189.69720458984375,163.9153594970703,136.85189819335938,107.57923889160156,65.66144561767578,166.29615783691406,27.790029525756836,19.983234405517578,176.72756958007812,126.31676483154297,260.8097229003906,43.28445816040039,66.74707794189453,339.8401794433594,121.5216064453125,194.58566284179688,311.8633117675781,98.75360107421875,167.02999877929688,312.521484375,157.1536102294922,106.5816650390625,55.27646255493164,44.83456802368164,318.3769836425781,768.3026733398438,527.5173950195312,223.4945831298828,35.575401306152344,71.99211883544922,50.5993766784668,447.195556640625,96.98663330078125,89.40056610107422,8.883734703063965,10.161559104919434,52.500221252441406,100.57592010498047,117.01669311523438,482.23272705078125,131.56797790527344,45.11186599731445,55.46543502807617,65.56182861328125,115.88343811035156,338.8646240234375
2024-08-06,395.9186706542969,206.0315399169922,152.83209228515625,109.2964096069336,194.9920196533203,163.9446258544922,135.49905395507812,106.4681167602539,65.61323547363281,164.81515502929688,27.397565841674805,19.704999923706055,180.09225463867188,126.66253662109375,262.3739318847656,43.6907958984375,66.89521026611328,343.6268615722656,121.79467010498047,193.69898986816406,321.3531188964844,100.40650177001953,165.0399932861328,316.1058654785156,161.03384399414062,107.4352798461914,55.78323745727539,44.57078170776367,321.87640380859375,786.061767578125,523.8224487304688,228.63873291015625,35.837486267089844,71.37639617919922,50.832374572753906,458.1070251464844,97.6729507446289,90.27447509765625,8.94777774810791,10.341660499572754,52.7242431640625,101.75894165039062,115.60530090332031,476.2614440917969,132.93478393554688,45.2307014465332,55.255699157714844,65.22576141357422,115.56311798095703,340.0634460449219
2024-08-07,394.74957275390625,208.6065673828125,152.7647705078125,110.75164794921875,195.0504150390625,165.8270263671875,134.72332763671875,107.75166320800781,66.008544921875,164.1462860107422,26.958383560180664,18.989999771118164,180.09225463867188,124.38040924072266,261.7035217285156,43.65209197998047,66.07554626464844,332.4512939453125,119.78571319580078,192.84158325195312,320.7230529785156,100.18154907226562,163.24000549316406,300.29815673828125,160.89492797851562,107.86698150634766,53.99519348144531,43.80767822265625,321.6026916503906,765.210693359375,530.5448608398438,226.34364318847656,36.20634078979492,71.19359588623047,50.76441955566406,460.8251953125,96.67638397216797,89.43941497802734,9.077859878540039,10.218433380126953,52.500221252441406,102.84577941894531,114.50960540771484,479.4134826660156,133.833251953125,45.73347091674805,55.46543502807617,66.10913848876953,114.8448715209961,339.98486328125
2024-08-08,398.9702453613281,212.0763702392578,154.03382873535156,112.86749267578125,198.61270141601562,166.65606689453125,136.6910858154297,109.1214370727539,66.26887512207031,164.7004852294922,26.874282836914062,20.489999771118164,185.69361877441406,127.40348815917969,263.4717712402344,44.338993072509766,66.81620788574219,338.21868896484375,122.02870178222656,194.69284057617188,330.921630859375,100.45540618896484,168.8699951171875,312.0121765136719,164.348388671875,107.69036865234375,55.3147087097168,44.13740921020508,327.47735595703125,837.7239379882812,533.5530395507812,231.03273010253906,37.08965301513672,72.7232894897461,51.220706939697266,473.2564697265625,98.56610107421875,91.88634490966797,9.41235637664795,10.294265747070312,52.90930938720703,104.13459014892578,117.1931381225586,480.95037841796875,135.0089111328125,46.117401123046875,55.751434326171875,66.29158020019531,115.72814178466797,343.0900573730469
2024-08-09,402.2694396972656,214.9894256591797,154.41836547851562,113.78658294677734,200.30624389648438,166.33419799804688,137.16407775878906,109.72489929199219,66.22066497802734,164.7196044921875,26.67805290222168,19.709999084472656,186.1896209716797,130.466064453125,260.28509521484375,43.99070739746094,67.10257720947266,338.5100402832031,121.09249877929688,193.1436309814453,332.9888916015625,99.8294448852539,167.91000366210938,309.8981018066406,165.85682678222656,106.66016387939453,54.60714340209961,44.01494216918945,328.5721435546875,883.6778564453125,533.5142822265625,235.29649353027344,37.15760803222656,70.86649322509766,51.612003326416016,477.6308288574219,99.04556274414062,91.97374725341797,9.384480476379395,10.123642921447754,52.51969528198242,104.46162414550781,116.83098602294922,483.9066162109375,134.12001037597656,46.09912109375,55.71330261230469,66.3683853149414,115.73784637451172,340.03399658203125
2024-08-12,403.0521545410156,216.52230834960938,153.7069549560547,113.93020629882812,200.68585205078125,162.6961669921875,137.1924591064453,108.6999740600586,65.72892761230469,163.79273986816406,26.584611892700195,19.360000610351562,184.2737274169922,130.9797821044922,261.7909851074219,43.400550842285156,67.84322357177734,335.7622375488281,120.30257415771484,191.74057006835938,330.7936706542969,99.0567855834961,164.1300048828125,307.5053405761719,165.5988006591797,105.767333984375,53.36411666870117,44.33525466918945,320.713134765625,876.4432983398438,538.6697387695312,234.5050811767578,37.05082702636719,70.22189331054688,50.9272346496582,472.9934387207031,98.37806701660156,92.09025573730469,9.161481857299805,9.668646812438965,51.85735321044922,106.59288787841797,115.9395751953125,491.0721435546875,132.1892547607422,45.98942947387695,55.36056900024414,65.5810317993164,115.58164978027344,339.0316162109375
2024-08-13,410.1856384277344,220.24496459960938,152.2744903564453,112.8387680053711,202.38914489746094,163.16436767578125,136.36941528320312,109.5716323852539,66.008544921875,164.7004852294922,26.958383560180664,20.469999313354492,185.7422637939453,132.63951110839844,262.6167907714844,43.893959045410156,67.28034973144531,339.8984375,122.2432632446289,191.68211364746094,333.5205078125,98.3819351196289,168.75999450683594,310.82061767578125,166.68048095703125,106.19902801513672,53.373680114746094,46.21945571899414,325.2291564941406,899.90087890625,541.0975341796875,236.42425537109375,37.33232498168945,71.17434692382812,51.7196044921875,479.2675476074219,99.12078857421875,93.90604400634766,9.421647071838379,10.009894371032715,51.243717193603516,104.95568084716797,117.45311737060547,491.77691650390625,132.32305908203125,46.72072219848633,55.65610885620117,66.44519805908203,116.42118835449219,344.51495361328125
2024-08-14,413.0093078613281,220.69290161132812,152.36099243164062,113.88233184814453,204.62774658203125,164.63710021972656,136.86134338378906,108.7957534790039,66.12425231933594,165.9808807373047,26.98641586303711,19.920000076293945,187.03570556640625,133.96334838867188,263.432861328125,43.9616813659668,67.8037338256836,345.3260192871094,123.04293060302734,192.5298309326172,332.329345703125,99.9370346069336,168.5,310.1287536621094,166.67054748535156,107.81791687011719,53.536224365234375,45.60708999633789,327.3600769042969,923.3189086914062,544.7730102539062,241.14305114746094,37.67207336425781,71.32828521728516,52.4924201965332,485.8534240722656,99.59086608886719,96.556884765625,9.458813667297363,9.886666297912598,51.33137893676758,105.91475677490234,117.38812255859375,494.34161376953125,134.59791564941406,46.793846130371094,55.65610885620117,67.59742736816406,117.01666259765625,345.1929931640625
2024-08-15,417.89263916015625,223.6790008544922,152.9474334716797,114.58686065673828,205.9027557373047,163.77880859375,138.8763885498047,108.53712463378906,66.1917495727539,164.8438262939453,26.82756233215332,20.690000534057617,188.6209259033203,135.2772674560547,267.0469970703125,46.95115280151367,72.26736450195312,349.6078796386719,124.0083999633789,193.3677520751953,340.25390625,99.2132797241211,176.41000366210938,312.68487548828125,168.64541625976562,108.8481216430664,55.03742218017578,46.26655960083008,329.11956787109375,924.5098266601562,541.93896484375,246.82142639160156,37.885616302490234,71.52069854736328,53.38261413574219,486.1651306152344,101.76262664794922,97.72209167480469,9.718976974487305,10.256348609924316,51.83116912841797,107.75540161132812,119.36595916748047,493.0690612792969,135.51547241210938,46.38249588012695,56.113712310791016,66.01312255859375,119.16429138183594,366.7921447753906
2024-08-16,415.35174560546875,225.00283813476562,153.23585510253906,114.0464096069336,208.25814819335938,163.7495574951172,139.32101440429688,108.88195037841797,66.70277404785156,164.93934631347656,26.44444465637207,20.8700008392334,188.45558166503906,135.81077575683594,270.56396484375,47.85089874267578,72.74073791503906,351.5400695800781,123.901123046875,194.4649658203125,338.1275939941406,99.75121307373047,179.99000549316406,311.0399169921875,168.12936401367188,108.906982421875,55.79279708862305,46.5020866394043,334.6130065917969,915.12158203125,541.7842407226562,249.0076904296875,38.186527252197266,70.98193359375,54.12608337402344,491.2701721191406,102.27031707763672,98.4989013671875,9.765435218811035,10.351140022277832,52.125160217285156,107.70697021484375,120.3873519897461,495.9666442871094,136.16543579101562,46.91268539428711,56.332977294921875,66.28197479248047,119.48643493652344,371.3713684082031
2024-08-19,418.388916015625,224.84356689453125,153.46658325195312,114.39383697509766,209.6986541748047,164.26649475097656,140.45938110351562,109.60037231445312,66.50991821289062,166.08596801757812,26.91166114807129,21.520000457763672,189.37948608398438,136.25534057617188,279.3661193847656,48.353981018066406,73.00813293457031,352.520751953125,123.93038940429688,194.99400329589844,339.2793273925781,99.6142807006836,179.63999938964844,317.3586120605469,169.62786865234375,109.7900161743164,56.22307586669922,46.445560455322266,334.6227722167969,914.8139038085938,540.1012573242188,251.32257080078125,38.50685119628906,71.62652587890625,55.22171401977539,491.6793212890625,102.86261749267578,98.79991912841797,9.96055793762207,10.28478717803955,51.70376968383789,108.24946594238281,121.26190948486328,494.2143249511719,137.12127685546875,46.91268539428711,56.89545440673828,67.04051971435547,120.31620025634766,366.4482116699219
2024-08-20,421.6345520019531,225.460693359375,153.9761505126953,110.58168029785156,208.79348754882812,166.20741271972656,138.4122314453125,110.29004669189453,66.8956069946289,168.02565002441406,27.00510597229004,20.989999771118164,190.64376831054688,137.49026489257812,277.5007629394531,48.60552215576172,73.82022094726562,356.59869384765625,124.5350112915039,196.0030517578125,337.9503479003906,100.79771423339844,172.10000610351562,317.9198303222656,168.69503784179688,108.68132019042969,56.318695068359375,46.14408874511719,334.8866882324219,942.7601318359375,538.7664794921875,250.3629913330078,37.55558776855469,71.91514587402344,54.92824172973633,484.5284118652344,102.01646423339844,97.85804748535156,9.923391342163086,10.171037673950195,50.99818801879883,106.41851043701172,121.19609069824219,497.3174743652344,137.86680603027344,47.02238082885742,56.256710052490234,67.16534423828125,120.07215881347656,366.13372802734375
2024-08-21,420.9795227050781,225.3511962890625,155.1970977783203,109.87714385986328,208.87135314941406,165.96359252929688,139.01490783691406,111.14254760742188,67.07878875732422,167.41412353515625,27.1265811920166,21.40999984741211,191.79135131835938,138.5078125,281.4646301269531,48.808692932128906,74.5134506225586,359.69598388671875,126.027099609375,197.3256072998047,337.6255187988281,101.19872283935547,173.42999267578125,318.5004577636719,169.8957977294922,109.28963470458984,55.76411056518555,45.63534927368164,334.6911926269531,944.7449340820312,535.6229248046875,243.65576171875,37.61382293701172,72.28074645996094,54.25325393676758,483.67108154296875,102.99423217773438,97.77064514160156,10.081347465515137,10.083691596984863,51.6547737121582,106.19570922851562,120.27452087402344,496.162353515625,138.1917724609375,47.36061096191406,56.939369201660156,67.81828308105469,121.97573852539062,370.5164489746094
2024-08-22,412.4534912109375,223.4898681640625,156.08157348632812,110.7264404296875,210.84713745117188,165.95382690429688,139.40708923339844,111.64065551757812,66.84739685058594,167.92054748535156,26.892972946166992,20.100000381469727,190.57569885253906,136.4134063720703,280.9788818359375,48.58617401123047,74.85017395019531,354.7441711425781,125.4127197265625,196.07164001464844,337.0250244140625,101.66817474365234,172.75999450683594,314.0299072265625,168.3873748779297,109.98624420166016,55.20953369140625,44.86282730102539,338.6695861816406,946.9282836914062,538.7858276367188,245.10009765625,38.08945846557617,73.02153778076172,54.742374420166016,484.9278564453125,102.69338989257812,97.64441680908203,10.146388053894043,9.734304428100586,51.174583435058594,106.5347671508789,119.2777099609375,498.8739013671875,138.2108917236328,47.3788948059082,56.96820831298828,67.85668182373047,122.18074035644531,370.0644226074219
2024-08-23,413.68426513671875,225.78916931152344,157.7928466796875,112.26095581054688,212.48231506347656,164.99798583984375,141.21510314941406,111.68853759765625,67.2909164428711,168.04473876953125,27.00510597229004,20.540000915527344,190.71185302734375,137.510009765625,281.2800598144531,49.089256286621094,74.96900939941406,364.67694091796875,127.31437683105469,198.3640594482422,342.9807434082031,101.92247772216797,174.9600067138672,318.1617126464844,169.91566467285156,110.56512451171875,56.175270080566406,45.324462890625,346.020263671875,945.5092163085938,536.8319702148438,248.60208129882812,38.603919982910156,73.81044006347656,55.46627426147461,496.2972412109375,103.06005859375,98.93585968017578,10.471593856811523,9.996344566345215,50.90998840332031,107.92009735107422,120.34034729003906,498.59002685546875,137.26461791992188,47.936500549316406,58.170074462890625,68.01032257080078,123.51812744140625,374.57489013671875
2024-08-26,410.4088134765625,226.12757873535156,158.2543182373047,114.6640625,213.31935119628906,166.14889526367188,142.05691528320312,111.37244415283203,68.30331420898438,168.14031982421875,27.023794174194336,20.1299991607666,192.54019165039062,137.22349548339844,280.4639587402344,49.13763427734375,75.29582214355469,363.2398986816406,129.27532958984375,199.70620727539062,345.6878662109375,102.78315734863281,173.47999572753906,316.2071228027344,169.91566467285156,110.5749282836914,56.12746047973633,45.446937561035156,345.971435546875,943.3159790039062,539.82080078125,251.15440368652344,38.7495231628418,74.04133605957031,55.485836029052734,494.78717041015625,102.74040222167969,99.36310577392578,10.322928428649902,10.073986053466797,51.71357345581055,110.01261138916016,121.55342864990234,501.1939392089844,137.77120971679688,48.18331527709961,58.40082931518555,68.16394805908203,123.87931823730469,376.4517822265625
2024-08-27,410.7562255859375,226.97366333007812,157.84747314453125,113.57350158691406,214.30239868164062,165.07601928710938,140.5741729736328,111.5927505493164,68.93968963623047,167.5001220703125,26.930349349975586,20.06999969482422,193.2695770263672,136.80859375,281.39666748046875,49.06023025512695,75.39485931396484,362.3369445800781,128.83412170410156,201.92027282714844,345.64849853515625,103.59494018554688,173.0500030517578,316.35223388671875,169.6874237060547,110.96739196777344,54.94179916381836,45.33388137817383,345.92254638671875,947.2359619140625,542.0549926757812,252.29205322265625,38.50685119628906,74.07981872558594,55.03584289550781,494.19287109375,101.44297790527344,99.12034606933594,10.35080337524414,9.171402931213379,51.664573669433594,108.91791534423828,120.27452087402344,501.6246032714844,137.1977081298828,48.45755386352539,58.22776794433594,68.20235443115234,124.08432006835938,369.46502685546875
2024-08-28,407.5404052734375,225.44078063964844,158.78709411621094,112.4539794921875,215.38275146484375,164.89071655273438,139.6654052734375,112.45484924316406,69.18073272705078,166.18150329589844,26.86494255065918,19.610000610351562,193.00701904296875,136.21580505371094,278.88037109375,48.22821044921875,75.34535217285156,361.8612365722656,129.0399932861328,200.8328399658203,342.7740173339844,103.4677963256836,170.7100067138672,318.82940673828125,170.56069946289062,110.77116394042969,54.7314453125,46.21945571899414,349.8715515136719,941.7379760742188,545.5081176757812,254.32992553710938,38.77864074707031,75.58065032958984,55.82822036743164,490.3641357421875,101.0763168334961,99.23686981201172,10.257887840270996,9.103466987609863,52.19375991821289,108.64665985107422,119.60684967041016,502.720947265625,137.5035858154297,48.64952087402344,58.612361907958984,68.71125793457031,124.60169982910156,371.40087890625
2024-08-29,410.04156494140625,228.72547912597656,159.08737182617188,114.00779724121094,216.27821350097656,165.83677673339844,141.02377319335938,112.51231384277344,69.4699935913086,164.43295288085938,26.83690643310547,20.1299991607666,193.43490600585938,137.7372283935547,279.66729736328125,48.75063705444336,75.68206787109375,358.5594787597656,130.3146209716797,203.29180908203125,346.160400390625,103.48735809326172,172.25999450683594,320.30023193359375,172.25767517089844,110.63379669189453,54.47327423095703,46.841243743896484,352.93109130859375,933.0643920898438,548.2840576171875,257.0503845214844,38.992191314697266,76.43690490722656,56.10212326049805,496.959716796875,98.67891693115234,99.6252670288086,10.322928428649902,8.977299690246582,51.448974609375,110.79731750488281,119.40937042236328,508.38873291015625,136.89186096191406,48.77749252319336,58.49697494506836,68.51921844482422,125.77313995361328,375.2038269042969
2024-08-30,414.0316467285156,227.9391632080078,160.66635131835938,113.82443237304688,218.79905700683594,167.30953979492188,141.53079223632812,113.46061706542969,69.87495422363281,165.18780517578125,27.107894897460938,22.040000915527344,196.57615661621094,139.58462524414062,280.4445495605469,48.89575958251953,76.48424530029297,359.96612548828125,132.05987548828125,203.68368530273438,350.5509338378906,104.1622085571289,173.74000549316406,323.0289611816406,173.28976440429688,111.1341781616211,54.7314453125,47.057926177978516,353.66424560546875,952.7339477539062,549.4932250976562,255.87318420410156,39.5551872253418,76.00396728515625,57.19776153564453,500.0467224121094,99.69427490234375,100.60598754882812,10.397260665893555,8.977299690246582,52.14476013183594,110.23543548583984,120.8857650756836,512.1673583984375,138.26824951171875,49.15228271484375,58.64120864868164,69.41218566894531,126.64195251464844,379.0558776855469
2024-09-03,406.3890380859375,221.73805236816406,161.92564392089844,111.44062042236328,214.419189453125,170.21604919433594,138.38352966308594,111.66938781738281,70.39561462402344,169.64044189453125,26.44444465637207,20.100000381469727,195.74951171875,137.81625366210938,279.008056640625,48.43138122558594,76.4248275756836,356.2931823730469,128.29486083984375,200.69569396972656,334.93804931640625,105.41411590576172,161.02000427246094,319.8164367675781,162.9590606689453,112.49797058105469,54.86531066894531,47.59492492675781,357.2515869140625,949.2704467773438,551.7011108398438,251.57977294921875,39.506649017333984,76.67742919921875,57.09992980957031,477.71246337890625,98.22764587402344,96.39180755615234,10.20213794708252,8.705554962158203,52.62495040893555,106.41851043701172,119.89836883544922,513.6807250976562,140.83937072753906,49.42652130126953,58.28545379638672,69.73866271972656,124.90432739257812,379.0067138671875
2024-09-04,405.8530578613281,219.82691955566406,162.119384765625,110.0798110961914,213.47508239746094,171.56202697753906,135.90589904785156,110.92224884033203,69.96172332763672,170.57687377929688,26.52854347229004,19.43000030517578,198.50177001953125,139.05116271972656,281.4608154296875,48.083091735839844,76.494140625,356.2248229980469,129.5694580078125,201.3618621826172,331.50244140625,106.38237762451172,163.22000122070312,319.9422302246094,165.09266662597656,112.24288177490234,56.70116424560547,47.067344665527344,359.7635803222656,939.1279907226562,559.0542602539062,249.03736877441406,39.31251525878906,76.12904357910156,56.85537338256836,480.828857421875,98.35926818847656,97.24630737304688,10.174263000488281,8.394988059997559,52.2917594909668,105.1688003540039,121.23370361328125,514.6536865234375,141.79519653320312,50.011558532714844,59.05464172363281,70.65084075927734,123.65479278564453,385.1582946777344
2024-09-05,405.3468322753906,221.349853515625,159.82359313964844,109.22087860107422,211.82046508789062,171.1426239013672,134.8153533935547,113.5947265625,68.62150573730469,171.32215881347656,26.640676498413086,19.399999618530273,197.0235137939453,140.8887176513672,281.4021911621094,47.53163528442383,76.21685028076172,353.4701232910156,128.83412170410156,198.85389709472656,328.36212158203125,106.14764404296875,162.14999389648438,313.8653869628906,162.601806640625,110.96739196777344,55.52507019042969,46.91661071777344,348.4596252441406,905.8226318359375,553.0336303710938,249.13629150390625,38.96306610107422,75.7826919555664,55.6227912902832,478.1240539550781,97.8891830444336,96.67340850830078,10.0070161819458,8.482335090637207,52.30155944824219,104.09349060058594,119.80432891845703,510.43768310546875,141.50845336914062,49.609344482421875,57.75663375854492,71.5438232421875,122.29788208007812,377.0413513183594
2024-09-06,398.7066955566406,219.7970733642578,159.23269653320312,108.70936584472656,206.78846740722656,171.25965881347656,132.54818725585938,112.87629699707031,68.59257507324219,170.7396697998047,26.687397003173828,18.889999389648438,195.22434997558594,140.09837341308594,282.9070739746094,46.9221305847168,75.89994049072266,351.7117919921875,126.08879852294922,194.1024932861328,324.22760009765625,105.49235534667969,157.6199951171875,310.1883544921875,160.0017547607422,111.71305847167969,55.21909713745117,45.88030242919922,346.86016845703125,895.85888671875,551.1272583007812,241.4398193359375,37.86882019042969,75.73458862304688,52.82501983642578,470.0194091796875,95.60459899902344,93.78952026367188,9.830475807189941,8.51145076751709,51.22358322143555,102.7081527709961,119.93598175048828,506.1233215332031,141.58555603027344,49.07915115356445,57.17974090576172,72.0719223022461,121.8097915649414,374.9482727050781
2024-09-09,402.69677734375,219.8866424560547,161.3928680419922,110.99667358398438,211.0223388671875,171.7180633544922,134.2126922607422,110.54866790771484,69.27715301513672,171.55801391601562,27.481664657592773,19.06999969482422,197.93768310546875,138.2015380859375,284.646484375,47.11562728881836,76.59317779541016,357.05511474609375,125.95152282714844,197.07090759277344,328.83465576171875,104.75881958007812,162.91000366210938,315.37493896484375,164.09036254882812,114.2345962524414,53.99519348144531,45.69187545776367,350.90289306640625,901.376708984375,560.7952270507812,248.2261962890625,38.5625,76.16751861572266,53.402183532714844,478.8002624511719,97.3438949584961,95.33342742919922,9.904808044433594,8.647323608398438,50.92958450317383,102.30126953125,121.19609069824219,515.174560546875,141.84576416015625,49.48136901855469,57.208587646484375,72.15834045410156,123.13741302490234,380.5200500488281
2024-09-10,411.11358642578125,219.09034729003906,162.1387481689453,106.952880859375,200.07264709472656,173.40541076660156,132.23252868652344,110.47203826904297,68.98789978027344,171.19216918945312,27.790029525756836,18.979999542236328,199.67852783203125,154.00845336914062,284.62689208984375,47.202693939208984,78.04898834228516,362.28125,127.54969024658203,196.86517333984375,328.9527893066406,104.49474334716797,160.07000732421875,318.28753662109375,165.70794677734375,114.90177154541016,54.4445915222168,46.42671203613281,351.38372802734375,894.4100341796875,556.53515625,242.78521728515625,38.37686538696289,78.3514404296875,52.77610778808594,457.78900146484375,97.53192138671875,93.81865692138672,9.58889389038086,8.618207931518555,51.25298309326172,100.75125885009766,122.08944702148438,511.0075988769531,140.94947814941406,49.435665130615234,56.775917053222656,71.85108184814453,122.89335632324219,380.5888366699219
2024-09-11,419.8876953125,221.62852478027344,159.65892028808594,105.89127349853516,201.6980743408203,169.63082885742188,131.89772033691406,109.8781509399414,68.53472137451172,169.2377166748047,27.715272903442383,19.639999389648438,204.12294006347656,155.28286743164062,283.6106872558594,47.51228332519531,78.07868194580078,361.9100341796875,127.68693542480469,199.892333984375,329.7796936035156,103.80032348632812,161.3300018310547,319.3035583496094,165.082763671875,114.4013900756836,53.650970458984375,45.776668548583984,351.0697326660156,913.90087890625,551.4482421875,251.451171875,38.103302001953125,77.87040710449219,52.56089782714844,461.74822998046875,97.8797836303711,94.21675872802734,9.709685325622559,8.482335090637207,50.468994140625,99.36592864990234,120.8387451171875,507.03729248046875,138.00999450683594,48.60380935668945,56.72784423828125,70.20915985107422,122.51264953613281,381.8564758300781
2024-09-12,423.81817626953125,221.73805236816406,159.4845428466797,107.34857940673828,201.0849151611328,169.1919403076172,133.1699981689453,110.39540100097656,68.67936706542969,170.6529998779297,27.248058319091797,19.360000610351562,205.79568481445312,159.43218994140625,285.6822814941406,47.99601745605469,78.89078521728516,365.7587585449219,129.45179748535156,200.50955200195312,334.2882995605469,104.0057144165039,162.77000427246094,319.3809814453125,168.4072265625,114.62705993652344,55.008731842041016,45.446937561035156,355.37744140625,927.9236450195312,552.722412109375,252.41073608398438,37.888362884521484,80.00621795654297,50.447898864746094,464.5804138183594,98.59429168701172,93.83806610107422,9.86764144897461,8.579386711120605,54.09492492675781,99.68561553955078,120.76351165771484,509.6022644042969,137.21974182128906,48.11932373046875,57.32395935058594,70.10353088378906,122.50288391113281,380.2940368652344
2024-09-13,427.38140869140625,221.4692840576172,160.3369903564453,107.27136993408203,198.8657684326172,169.7869110107422,134.50926208496094,110.97972106933594,69.32494354248047,170.75889587402344,27.350847244262695,19.65999984741211,208.88829040527344,160.07432556152344,289.7669677734375,48.17983627319336,79.82169342041016,371.1900329589844,130.579345703125,200.00010681152344,339.9290466308594,103.40911865234375,156.77000427246094,321.69366455078125,176.921875,114.20516204833984,55.43901062011719,46.285404205322266,357.87957763671875,916.6995239257812,554.3174438476562,256.21942138671875,37.7613525390625,80.41405487060547,51.631568908691406,469.41180419921875,99.4791030883789,95.4013900756836,9.932682037353516,8.93847942352295,54.790706634521484,100.26687622070312,119.65386199951172,510.8209533691406,138.31842041015625,48.41184616088867,58.064308166503906,70.77566528320312,123.9574203491211,387.8409423828125
2024-09-16,428.1258239746094,215.3179168701172,161.76095581054688,108.77692413330078,202.311279296875,172.8689727783203,135.925048828125,113.74722290039062,69.99478912353516,170.614501953125,28.098392486572266,20.90999984741211,211.19320678710938,168.27415466308594,289.9233093261719,49.36981964111328,79.78208923339844,373.16326904296875,131.98143005371094,200.5193328857422,342.5377197265625,103.1156997680664,155.5500030517578,324.4127197265625,180.05780029296875,115.41197204589844,55.811920166015625,47.095611572265625,359.9696350097656,916.53076171875,557.2451171875,258.2870178222656,38.20100402832031,80.75393676757812,52.61959457397461,475.45843505859375,100.72545623779297,97.18804931640625,10.034889221191406,8.754080772399902,55.06510543823242,102.25283813476562,121.22429656982422,512.2852172851562,138.97377014160156,48.18815231323242,58.08354187011719,71.6590347290039,124.308837890625,387.8212890625
2024-09-17,431.9074401855469,215.7857208251953,161.8384552001953,110.19563293457031,203.66415405273438,171.5425262451172,137.18775939941406,114.0654296875,69.70355224609375,170.28713989257812,27.874128341674805,21.469999313354492,208.24644470214844,165.44866943359375,287.05035400390625,48.9634895324707,77.84101104736328,374.3647766113281,130.96173095703125,200.08828735351562,348.1784973144531,102.2647933959961,156.38999938964844,322.0323181152344,178.9562530517578,115.90254211425781,55.29559326171875,46.62456512451172,349.548828125,899.3025512695312,551.4968872070312,262.55072021484375,38.640655517578125,80.6471176147461,53.32392120361328,475.6838684082031,102.67583465576172,96.9452896118164,10.12780475616455,8.792901992797852,53.93812561035156,104.9072494506836,122.86054992675781,511.77423095703125,136.52581787109375,47.06966018676758,58.13161087036133,71.53421783447266,124.42599487304688,390.9855041503906
2024-09-18,427.5997619628906,219.66766357421875,160.947265625,110.58168029785156,201.99008178710938,169.63082885742188,137.7139129638672,114.40293884277344,69.65501403808594,168.68893432617188,27.799373626708984,20.770000457763672,209.03419494628906,162.54415893554688,285.3695983886719,48.92478561401367,78.26686096191406,375.116943359375,130.75584411621094,197.5411376953125,349.586181640625,100.91509246826172,155.11000061035156,322.1484375,182.1517333984375,112.71382904052734,55.8597297668457,46.86008834838867,348.7245788574219,898.1016845703125,550.0184326171875,259.3652648925781,38.709049224853516,81.46281433105469,53.07936477661133,474.8900146484375,102.87562561035156,96.42095184326172,10.20213794708252,8.744375228881836,53.52653121948242,105.22694396972656,122.86054992675781,512.6389770507812,136.02467346191406,47.190834045410156,58.198917388916016,72.02391815185547,124.42599487304688,394.1202392578125
2024-09-19,435.4210510253906,227.8097686767578,159.65892028808594,111.9521255493164,204.861328125,167.30953979492188,138.69920349121094,113.04328918457031,68.5580062866211,168.15939331054688,27.715272903442383,21.139999389648438,208.01303100585938,165.5672149658203,287.1480712890625,49.7664794921875,77.28642272949219,381.3003234863281,131.22645568847656,199.5592498779297,367.4927062988281,99.7707748413086,154.58999633789062,325.0804443359375,184.74185180664062,111.99758911132812,55.84061050415039,46.1817741394043,350.55950927734375,908.0952758789062,549.7169799804688,265.86474609375,39.9303092956543,81.47252655029297,54.585853576660156,493.7550964355469,105.17803955078125,97.80949401855469,10.146388053894043,8.715259552001953,53.73233413696289,107.09664916992188,124.2523193359375,513.2581787109375,135.0223846435547,46.8180046081543,60.044979095458984,71.91828918457031,126.15386199951172,402.63018798828125
2024-09-20,432.02655029296875,227.1428680419922,159.01959228515625,111.24758911132812,205.4550323486328,169.92344665527344,139.35926818847656,112.98543548583984,69.54822540283203,164.8089141845703,27.491010665893555,21.84000015258789,211.71835327148438,165.9722900390625,290.06011962890625,50.279239654541016,78.29656219482422,380.8314514160156,132.1383056640625,199.2163848876953,363.07269287109375,100.79771423339844,153.2899932861328,326.4641418457031,186.00216674804688,111.55606842041016,54.98960876464844,46.549190521240234,349.4605407714844,914.4963989257812,556.2725219726562,266.1021423339844,39.3441047668457,81.51136016845703,55.0651969909668,488.4631042480469,103.0278549194336,99.49903869628906,10.109223365783691,8.453219413757324,54.28112030029297,106.4378890991211,120.93278503417969,516.0787353515625,135.64881896972656,46.967132568359375,58.99695587158203,71.5438232421875,123.48884582519531,398.8567199707031
2024-09-23,430.2796936035156,225.42088317871094,158.1090087890625,113.26466369628906,205.7957000732422,169.48455810546875,141.13856506347656,111.50043487548828,69.63558959960938,165.70428466796875,27.388221740722656,22.559999465942383,214.44142150878906,163.947021484375,292.2392578125,50.49208068847656,79.55431365966797,382.8828430175781,132.99131774902344,199.6278533935547,365.38604736328125,101.04222869873047,156.3000030517578,324.75140380859375,187.23272705078125,112.64513397216797,55.04698181152344,47.11444854736328,348.28302001953125,911.5488891601562,564.6275024414062,264.4302978515625,38.95330047607422,81.55992126464844,53.91086959838867,487.4635009765625,102.84709167480469,99.49903869628906,10.137096405029297,8.307641983032227,55.01610565185547,106.26351165771484,121.06443786621094,523.95068359375,136.09213256835938,47.554344177246094,58.56428527832031,71.23655700683594,124.2697982788086,401.86370849609375
2024-09-24,425.9720153808594,226.31671142578125,157.6827850341797,112.96548461914062,205.9416961669922,168.96762084960938,141.05247497558594,110.85436248779297,69.24727630615234,163.59580993652344,27.565765380859375,22.809999465942383,214.89849853515625,163.798828125,293.4216613769531,50.81134796142578,79.89102172851562,391.3813781738281,134.5404815673828,201.0973358154297,379.91607666015625,101.5116958618164,155.80999755859375,320.2131652832031,188.21519470214844,111.2028579711914,55.534629821777344,47.9906005859375,346.54620361328125,917.4140014648438,562.7989501953125,263.35198974609375,38.5429573059082,81.36570739746094,52.981536865234375,488.0612487792969,104.15052032470703,99.60585021972656,10.099930763244629,8.278526306152344,54.93770980834961,105.50787353515625,121.79793548583984,520.7271118164062,135.93792724609375,47.712791442871094,58.39121627807617,70.8332748413086,125.2655258178711,403.77008056640625
2024-09-25,428.89007568359375,225.32135009765625,155.57106018066406,110.7650375366211,204.57907104492188,168.0117645263672,137.7234649658203,110.63257598876953,69.36376953125,163.0951690673828,27.033138275146484,23.540000915527344,215.15135192871094,164.2730255126953,293.6170959472656,50.9371223449707,80.61397552490234,387.73773193359375,133.93258666992188,202.57664489746094,372.355712890625,101.47257232666016,152.22000122070312,302.7374572753906,187.8876953125,110.48663330078125,56.07008361816406,47.057926177978516,342.3170166015625,917.5430908203125,562.1278686523438,263.3124694824219,38.34755325317383,79.8314208984375,52.443504333496094,481.3188781738281,102.23818969726562,99.37281036376953,9.681809425354004,8.006780624389648,55.46689224243164,102.42721557617188,123.66927337646484,519.0072631835938,136.08248901367188,47.57298278808594,55.90095901489258,70.82367706298828,124.79694366455078,399.8786926269531
2024-09-26,428.0960388183594,226.4660186767578,156.3363037109375,108.86380004882812,204.18002319335938,168.93836975097656,135.82937622070312,109.05113983154297,69.31523132324219,163.37437438964844,27.070514678955078,23.920000076293945,217.2908935546875,166.07107543945312,296.72454833984375,51.13060760498047,79.14826965332031,387.5130920410156,136.7171173095703,202.82156372070312,384.8676452636719,100.79771423339844,154.5800018310547,308.77557373046875,183.45510864257812,110.60436248779297,56.42387390136719,47.218082427978516,338.51959228515625,902.4187622070312,561.6026000976562,265.27117919921875,38.611351013183594,80.63740539550781,55.16301727294922,486.9832763671875,104.06488800048828,101.5672836303711,9.923391342163086,8.268821716308594,54.359519958496094,99.11404418945312,125.38078308105469,515.2728271484375,137.0269775390625,47.61958312988281,57.083595275878906,71.04451751708984,131.34722900390625,404.34002685546875
2024-09-27,424.83056640625,226.73475646972656,156.3459930419922,111.77839660644531,204.8808135986328,169.2699737548828,139.17752075195312,109.62971496582031,69.69384002685547,163.67283630371094,27.182647705078125,23.90999984741211,214.77206420898438,166.70333862304688,296.763671875,51.295082092285156,79.00961303710938,390.2774963378906,134.618896484375,203.40939331054688,384.9858093261719,101.38455200195312,156.32000732421875,312.2301025390625,184.24026489257812,110.31002044677734,58.69001007080078,47.962345123291016,341.1788024902344,871.1280517578125,566.4268798828125,268.14996337890625,38.494110107421875,81.19091033935547,54.68368148803711,488.54150390625,104.1885757446289,101.09149169921875,10.016305923461914,8.792901992797852,55.38850021362305,101.44876861572266,126.25532531738281,517.7100830078125,137.37393188476562,47.58230209350586,57.689327239990234,71.41899871826172,131.35699462890625,410.7568664550781
2024-09-30,427.09356689453125,231.920654296875,156.98533630371094,113.12954711914062,205.23118591308594,168.92860412597656,140.8802947998047,109.50435638427734,69.76181030273438,163.72097778320312,27.042484283447266,23.459999084472656,215.00547790527344,168.34332275390625,297.5649719238281,51.48857498168945,79.97026062011719,395.81622314453125,134.03060913085938,202.50808715820312,385.0251770019531,101.53125,152.0399932861328,311.7849426269531,187.42059326171875,111.8602294921875,60.124271392822266,48.744285583496094,339.94244384765625,879.2161254882812,568.5667114257812,268.2884521484375,38.767669677734375,81.41424560546875,55.26084518432617,485.20947265625,103.63675689697266,101.21772003173828,9.811893463134766,8.695849418640137,56.15288162231445,101.99127197265625,128.2113037109375,518.968017578125,137.12335205078125,47.57298278808594,57.43934631347656,70.91008758544922,129.30699157714844,411.5457763671875
2024-10-01,417.5552062988281,225.16209411621094,156.9175262451172,115.74497985839844,201.5131378173828,168.77255249023438,143.20486450195312,110.6422119140625,69.61618041992188,165.00148010253906,26.790185928344727,22.690000534057617,213.3230438232422,165.14239501953125,296.06988525390625,51.024192810058594,80.4852294921875,399.5770568847656,134.3835906982422,201.881103515625,386.275390625,100.08374786376953,154.22000122070312,309.95611572265625,185.1546173095703,111.41871643066406,58.842994689941406,49.83712387084961,341.5614929199219,877.7672119140625,589.283935546875,265.7163391113281,38.31824493408203,81.51136016845703,54.184776306152344,480.3682556152344,101.90519714355469,101.39250946044922,9.988431930541992,8.443513870239258,55.57469177246094,105.95350646972656,125.32435607910156,534.5054931640625,137.24864196777344,47.47045135498047,57.227813720703125,71.64944458007812,127.62792205810547,410.6681213378906
2024-10-02,414.0217590332031,225.72946166992188,156.12319946289062,117.27949523925781,201.75645446777344,167.68019104003906,144.40061950683594,108.07721710205078,68.9366226196289,163.23959350585938,26.734119415283203,22.389999389648438,213.69256591796875,165.685791015625,296.8320617675781,51.29714584350586,79.65333557128906,401.7358703613281,132.785400390625,199.73561096191406,387.9095153808594,99.8196792602539,152.88999938964844,309.38519287109375,185.29373168945312,111.49720001220703,59.5123176574707,50.6473274230957,334.3199157714844,884.3071899414062,586.6967163085938,268.011474609375,38.3280143737793,82.28821563720703,54.09672927856445,482.15185546875,102.12401580810547,101.48959350585938,9.73755931854248,8.443513870239258,54.967105865478516,106.91258239746094,125.07984924316406,529.5818481445312,136.6221923828125,47.15354537963867,56.52592849731445,70.38199615478516,127.56934356689453,410.7174072265625
2024-10-03,413.4361267089844,224.6245880126953,155.4741973876953,118.3025131225586,199.75146484375,165.92454528808594,144.68760681152344,106.24507904052734,68.46092224121094,162.25753784179688,26.481822967529297,22.260000228881836,216.6004180908203,164.8460235595703,296.5291442871094,51.1119270324707,79.65333557128906,402.0484313964844,132.1481170654297,198.75595092773438,384.9956359863281,97.77554321289062,150.52000427246094,307.2080078125,182.75941467285156,110.1137924194336,60.16251754760742,51.061851501464844,334.1726989746094,878.8290405273438,589.2450561523438,265.7064514160156,38.34755325317383,81.73470306396484,53.783695220947266,476.379638671875,101.30581665039062,101.53815460205078,9.709685325622559,8.414399147033691,54.50651550292969,108.90823364257812,122.9263916015625,528.3141479492188,134.96453857421875,46.58498001098633,56.21825408935547,70.13233947753906,124.79694366455078,403.0748291015625
2024-10-04,412.9596862792969,225.74935913085938,155.270751953125,120.4739990234375,206.8413848876953,164.7151336669922,144.1997528076172,105.84971618652344,68.12113952636719,161.71839904785156,26.706087112426758,22.59000015258789,219.79029846191406,168.79776000976562,296.8320617675781,51.42388153076172,80.15841674804688,398.90301513671875,132.6285400390625,199.6376190185547,390.90216064453125,96.86595916748047,155.0,309.3174743652344,185.9298095703125,110.51606750488281,61.75932312011719,51.404808044433594,335.29132080078125,880.4268798828125,588.573974609375,273.7206115722656,39.187782287597656,82.1425552368164,55.72061538696289,485.25848388671875,103.1991195678711,104.75218200683594,9.821183204650879,8.46292495727539,54.77111053466797,110.96200561523438,123.4247817993164,527.4885864257812,135.78372192382812,46.69683074951172,56.94898223876953,70.67964935302734,125.50958251953125,402.3352355957031
2024-10-07,406.4882507324219,220.66302490234375,154.53456115722656,120.99515533447266,206.55738830566406,162.99853515625,144.563232421875,104.71185302734375,66.9950180053711,160.9866943359375,27.285436630249023,22.3799991607666,220.8795166015625,167.9185028076172,293.9884338378906,51.18991470336914,78.336181640625,398.6099853515625,132.21673583984375,199.19679260253906,392.0440673828125,96.40628051757812,155.91000366210938,307.178955078125,184.81671142578125,111.22248840332031,62.390403747558594,50.909427642822266,333.88812255859375,891.5816650390625,588.97265625,271.55841064453125,39.04123306274414,81.98719024658203,55.91626739501953,484.7292785644531,101.44851684570312,104.5191421508789,9.746851921081543,8.608502388000488,54.8397102355957,111.13639068603516,123.37776184082031,524.7662353515625,135.677734375,46.52906036376953,56.593231201171875,69.84427642822266,125.6852798461914,400.4122619628906
2024-10-08,411.6197509765625,224.72413635253906,154.68954467773438,117.78136444091797,206.38113403320312,164.01290893554688,142.2960662841797,104.64435577392578,67.1600570678711,164.0771942138672,27.266746520996094,23.31999969482422,222.3383026123047,172.26539611816406,295.01446533203125,51.40438461303711,78.9402847290039,404.5882263183594,132.05987548828125,202.7921905517578,381.9143981933594,98.37215423583984,154.64999389648438,307.4015197753906,186.31739807128906,112.46853637695312,63.01191329956055,49.9948844909668,337.4794921875,906.7852783203125,591.4140014648438,266.91650390625,39.011924743652344,82.74462127685547,56.05321502685547,486.6402587890625,101.41998291015625,104.37349700927734,9.746851921081543,8.812311172485352,54.87890625,107.33883666992188,123.1520767211914,523.4691772460938,136.86312866210938,46.1841926574707,55.33367919921875,69.60423278808594,124.20147705078125,394.7320861816406
2024-10-09,414.3492736816406,228.47665405273438,155.61949157714844,117.82959747314453,208.9957733154297,165.0955352783203,143.15701293945312,106.33185577392578,67.53865814208984,166.1182861328125,28.21052360534668,23.459999084472656,227.8622283935547,176.1380615234375,296.9004211425781,52.21352005004883,79.62362670898438,406.4344787597656,132.37359619140625,209.35598754882812,390.01617431640625,98.78294372558594,149.3699951171875,311.9784851074219,188.1162872314453,113.76364135742188,63.0788459777832,50.29973602294922,340.2171936035156,912.7596435546875,588.554443359375,269.20770263671875,39.26594161987305,83.64771270751953,56.287994384765625,495.078125,102.20013427734375,105.87855529785156,9.86764144897461,8.647323608398438,55.025909423828125,107.50353240966797,125.07044219970703,523.0562744140625,137.0269775390625,46.8180046081543,54.77601623535156,69.2009506225586,124.4064712524414,399.86004638671875
2024-10-10,412.7413330078125,227.9789581298828,155.48387145996094,118.84296417236328,208.4278106689453,164.78341674804688,144.08493041992188,105.49293518066406,67.2280044555664,166.55154418945312,27.4162540435791,23.219999313354492,226.61741638183594,173.68251037597656,297.1056823730469,52.19401931762695,78.84126281738281,400.4659729003906,130.85389709472656,209.25802612304688,390.4591979980469,97.06157684326172,146.6199951171875,310.6238098144531,186.96340942382812,113.43987274169922,63.9202880859375,49.918678283691406,343.9262390136719,903.7783203125,581.1429443359375,268.26544189453125,39.05099868774414,82.2202377319336,56.49342346191406,493.6473388671875,102.751953125,104.9463882446289,9.923391342163086,8.763785362243652,54.1047248840332,108.36572265625,124.91999053955078,518.0049438476562,135.94757080078125,46.305362701416016,55.08369445800781,69.0363540649414,124.31861114501953,400.1361389160156
2024-10-11,413.2177429199219,226.4958953857422,156.4041290283203,119.29656982421875,217.681884765625,166.87062072753906,144.8502197265625,105.81114959716797,67.53865814208984,168.30381774902344,27.248058319091797,23.559999465942383,226.850830078125,174.0389404296875,298.0828857421875,52.88616943359375,79.32653045654297,402.3610534667969,132.11868286132812,211.5994415283203,395.7553405761719,97.9026870727539,151.02000427246094,317.7262878417969,189.98472595214844,113.9304428100586,63.70991897583008,49.728145599365234,343.73004150390625,924.986083984375,587.64013671875,273.9090881347656,40.985477447509766,82.49214172363281,59.662925720214844,505.9757080078125,103.684326171875,107.25738525390625,9.96055793762207,8.93847942352295,54.2517204284668,107.03852081298828,126.5750732421875,519.587158203125,137.0944366455078,46.45449447631836,55.737510681152344,68.56190490722656,125.19718933105469,405.3824157714844
2024-10-14,416.0167541503906,230.228515625,156.5397491455078,119.75016784667969,216.88868713378906,168.255615234375,145.19461059570312,105.77257537841797,68.28617858886719,169.5458221435547,27.173301696777344,23.440000534057617,228.79586791992188,174.385498046875,302.77337646484375,52.90566635131836,79.51469421386719,405.799560546875,133.1089630126953,213.1767120361328,387.8111267089844,98.51887512207031,148.99000549316406,314.1169738769531,191.44569396972656,115.03913116455078,64.50354766845703,50.1758918762207,344.85845947265625,922.4555053710938,594.1569213867188,274.2661437988281,40.94639587402344,82.58924865722656,60.807464599609375,512.2968139648438,104.35031127929688,109.02462005615234,10.146388053894043,8.73466968536377,54.16352081298828,106.05037689208984,126.54685974121094,524.8646240234375,138.33767700195312,46.47313690185547,55.6798210144043,68.5812759399414,125.44123840332031,402.0689697265625
2024-10-15,415.6197204589844,232.76670837402344,158.96145629882812,116.15032958984375,217.7798309326172,169.28948974609375,141.32034301757812,107.54685974121094,68.28617858886719,169.3532257080078,27.509700775146484,22.65999984741211,226.55906677246094,172.37548828125,306.1935729980469,52.72044372558594,80.86156463623047,405.955810546875,133.0795440673828,212.85342407226562,381.9440002441406,99.32086944580078,152.35000610351562,314.57177734375,189.39834594726562,114.39839172363281,62.1513557434082,50.26163101196289,342.29742431640625,906.3883056640625,588.4474487304688,275.0496826171875,41.171112060546875,83.33696746826172,61.65853500366211,511.9342041015625,104.14099884033203,108.96635437011719,10.072056770324707,10.112807273864746,55.01610565185547,101.92345428466797,125.82276916503906,517.84765625,139.9664306640625,46.51042175292969,55.449058532714844,68.96857452392578,126.77861022949219,396.4183654785156
2024-10-16,413.01922607421875,230.70626831054688,159.1358184814453,116.44952392578125,219.00390625,168.12884521484375,142.2769317626953,106.47650146484375,68.50946807861328,167.98611450195312,27.724618911743164,22.309999465942383,227.2495574951172,173.04881286621094,305.78314208984375,54.962623596191406,80.43572235107422,408.9156494140625,133.6874542236328,214.5090789794922,387.4862365722656,98.96876525878906,154.89999389648438,311.22369384765625,190.99844360351562,116.1431884765625,62.17048263549805,50.842742919921875,351.854736328125,909.4647827148438,596.063232421875,279.3840637207031,41.81593704223633,84.24005889892578,62.49982452392578,519.2645874023438,106.15798950195312,116.04499053955078,10.248595237731934,10.743643760681152,55.515899658203125,101.8750228881836,127.74112701416016,522.2701416015625,140.6507110595703,46.75275421142578,56.04518508911133,68.74586486816406,127.25695037841797,403.69610595703125
2024-10-17,413.6147766113281,231.07456970214844,159.31988525390625,116.15032958984375,219.76776123046875,168.0312957763672,144.6397705078125,105.83043670654297,67.8590316772461,168.1690216064453,27.350847244262695,22.440000534057617,226.4812469482422,173.9498291015625,307.5225830078125,54.982120513916016,80.10889434814453,405.9753723144531,133.030517578125,215.08706665039062,388.3426513671875,98.32324981689453,155.30999755859375,310.9333801269531,191.43572998046875,116.21220397949219,60.87964630126953,50.6617431640625,346.4971618652344,910.1594848632812,592.9411010742188,283.4506530761719,41.62053298950195,84.83241271972656,62.97916030883789,518.4217529296875,107.70878601074219,115.97702026367188,10.285762786865234,10.345730781555176,55.40810012817383,102.83409118652344,127.33676147460938,518.8697509765625,140.79525756835938,46.361289978027344,56.372093200683594,68.43602752685547,128.23316955566406,399.52471923828125
2024-10-18,415.0440673828125,233.91136169433594,159.9495086669922,115.82218933105469,220.6980438232422,168.0381622314453,144.2093048095703,104.81792449951172,68.38326263427734,168.5445098876953,27.30412483215332,22.770000457763672,225.81993103027344,172.9696044921875,309.3401184082031,55.33306884765625,80.52484130859375,405.3892822265625,132.50106811523438,217.50686645507812,387.7224426269531,98.74591827392578,155.0,311.2527770996094,191.42581176757812,117.69084930419922,57.695587158203125,50.69984817504883,329.6982116699219,911.0030517578125,595.0711669921875,274.533935546875,41.34697341918945,84.21092987060547,62.959598541259766,517.9318237304688,110.01117706298828,117.550048828125,10.313636779785156,10.471899032592773,55.39829635620117,102.36908721923828,127.82575225830078,521.6411743164062,140.13992309570312,46.240116119384766,54.22797393798828,67.70984649658203,127.8133773803711,403.06500244140625
2024-10-21,415.659423828125,235.38450622558594,157.73123168945312,115.8897476196289,218.377197265625,166.33108520507812,144.33364868164062,102.54220581054688,67.42216491699219,168.4963836669922,27.033138275146484,22.84000015258789,225.38230895996094,172.04873657226562,307.708251953125,55.1673469543457,80.0296630859375,396.9884338378906,132.20692443847656,216.9974365234375,385.7762451171875,97.66468811035156,159.82000732421875,306.4919128417969,193.0358428955078,115.32501220703125,56.240509033203125,49.65193557739258,314.22406005859375,899.2529296875,597.7945556640625,268.533203125,40.79984664916992,83.79336547851562,62.62699508666992,507.44580078125,108.46990966796875,114.85064697265625,10.109223365783691,10.141921997070312,55.212100982666016,101.7103271484375,123.50001525878906,520.5208740234375,138.9833984375,45.727474212646484,53.96836853027344,66.586669921875,125.75362396240234,401.31951904296875
2024-10-22,424.3243713378906,234.7673797607422,158.33180236816406,116.48812103271484,219.4739532470703,166.48805236816406,144.37191772460938,102.83149719238281,67.42216491699219,167.88018798828125,26.949039459228516,22.399999618530273,225.8685760498047,173.58348083496094,307.5128173828125,55.177093505859375,81.22798156738281,392.5437927246094,129.1576690673828,217.8301544189453,383.7805480957031,97.96939849853516,159.8800048828125,309.3174743652344,175.57388305664062,114.46739196777344,54.96428680419922,50.26163101196289,311.5059814453125,902.2500610351562,561.1940307617188,270.1796875,41.327430725097656,85.60926818847656,63.399803161621094,507.93572998046875,107.43286895751953,114.88949584960938,10.322928428649902,9.443148612976074,55.30030059814453,101.72002410888672,123.50001525878906,511.23370361328125,132.75755310058594,46.659549713134766,53.54531478881836,66.88683319091797,123.58645629882812,401.0137939453125
2024-10-23,421.4360656738281,229.69100952148438,160.66635131835938,116.0731201171875,218.7786865234375,166.37034606933594,143.9510040283203,102.58077239990234,66.02420806884766,166.51304626464844,26.967729568481445,21.979999542236328,226.35484313964844,171.39524841308594,291.76043701171875,54.86513900756836,82.46591186523438,390.385009765625,125.41226196289062,215.8610076904297,381.0834655761719,97.29117584228516,157.05999755859375,304.7114562988281,180.5729522705078,115.3447265625,54.89661407470703,50.547428131103516,311.6139221191406,896.3948364257812,555.4749145507812,269.0192565917969,41.366512298583984,84.7061767578125,63.15524673461914,506.8577575683594,104.20759582519531,114.85064697265625,10.276471138000488,9.074352264404297,56.46647644042969,101.24533081054688,123.57524871826172,507.4991760253906,131.92869567871094,46.41720962524414,53.92029571533203,66.40270233154297,123.27407836914062,402.9762268066406
2024-10-24,421.5650939941406,229.5018768310547,158.544921875,115.41683959960938,220.31613159179688,166.40957641601562,143.92230224609375,102.0986328125,65.33494567871094,165.75245666503906,26.76215362548828,22.34000015258789,212.38938903808594,172.6626434326172,294.7017517089844,54.553184509277344,82.2381362915039,393.35455322265625,124.00037384033203,204.84950256347656,382.3974304199219,98.03820037841797,155.1999969482422,305.4759216308594,178.63494873046875,114.88141632080078,54.258506774902344,50.41405487060547,312.2713317871094,884.5553588867188,548.7734375,267.77947998046875,41.66938400268555,86.21131896972656,64.00631713867188,514.01171875,106.56709289550781,115.71485137939453,10.443719863891602,9.06464672088623,55.555091857910156,101.10969543457031,130.10150146484375,514.6536865234375,132.0443572998047,46.547698974609375,54.324119567871094,66.43175506591797,124.21121978759766,405.37255859375
2024-10-25,424.9595947265625,230.3380126953125,155.84230041503906,115.32034301757812,217.70147705078125,165.0360870361328,144.26670837402344,100.26649475097656,64.9660415649414,165.39620971679688,26.584611892700195,22.68000030517578,208.77159118652344,171.8111114501953,285.93634033203125,54.338714599609375,81.71326446533203,389.6719055175781,122.31396484375,203.77186584472656,381.320556640625,93.97866821289062,155.00999450683594,306.72418212890625,177.9988555908203,112.59442901611328,54.616233825683594,49.46140670776367,310.9073791503906,885.9248657226562,546.906005859375,265.1708679199219,40.926856994628906,86.42496490478516,63.12590408325195,502.3497009277344,105.92013549804688,113.49124145507812,10.285762786865234,8.987005233764648,56.22147750854492,101.29376220703125,129.236328125,510.3983459472656,130.60838317871094,46.33332443237305,54.38180923461914,66.131591796875,123.44003295898438,402.27606201171875
2024-10-28,423.4112548828125,232.3187713623047,156.5397491455078,114.75093078613281,220.8253631591797,166.09564208984375,144.00839233398438,100.50757598876953,64.72333526611328,163.51878356933594,26.967729568481445,22.920000076293945,207.05996704101562,170.72193908691406,290.0210266113281,53.89027404785156,81.95094299316406,393.5597229003906,127.74577331542969,201.9104766845703,385.9046630859375,94.10645294189453,150.69000244140625,306.90802001953125,174.28187561035156,112.44656372070312,55.45737838745117,50.14731216430664,309.0135803222656,888.7929077148438,539.9807739257812,269.25726318359375,41.64007568359375,86.19190216064453,64.18240356445312,513.1102294921875,106.93814086914062,115.67601013183594,10.564509391784668,9.161698341369629,55.9666862487793,100.03437042236328,127.27093505859375,503.3224182128906,130.70472717285156,46.83664321899414,55.035621643066406,66.10254669189453,124.34789276123047,406.634765625
2024-10-29,428.7312927246094,232.5875244140625,155.0770263671875,113.18745422363281,218.2792510986328,164.0059356689453,142.07606506347656,100.02542877197266,63.645748138427734,161.26588439941406,26.59395408630371,22.899999618530273,204.64810180664062,171.7220001220703,288.2718505859375,54.28022766113281,80.91107940673828,385.92083740234375,126.7457046508789,201.7929229736328,382.8420104980469,93.1038589477539,152.97999572753906,305.77587890625,172.97991943359375,111.7861099243164,54.384193420410156,50.01394271850586,302.4490661621094,896.7222900390625,531.8397827148438,268.22576904296875,41.55214309692383,85.53157806396484,63.879146575927734,513.7962036132812,106.91911315917969,115.8410873413086,9.67251968383789,9.074352264404297,54.869110107421875,99.12373352050781,126.3023452758789,495.3620300292969,129.63494873046875,46.55702209472656,54.15104675292969,65.7927017211914,123.50836944580078,400.4122619628906
2024-10-30,429.3069763183594,229.03407287597656,155.5807342529297,112.6180419921875,219.75796508789062,163.0150604248047,141.62643432617188,101.08614349365234,63.995235443115234,160.02389526367188,26.650020599365234,22.299999237060547,199.27005004882812,172.8408660888672,284.8712158203125,54.19248580932617,80.60407257080078,383.42987060546875,125.06908416748047,200.0491180419922,374.671630859375,93.04488372802734,154.2899932861328,305.3307800292969,173.56629943847656,112.82115173339844,54.51955032348633,50.16636657714844,307.02166748046875,840.4029541015625,531.0032958984375,271.84600830078125,41.33720397949219,85.73551177978516,63.98676300048828,513.9137573242188,106.3768081665039,114.50109100341797,9.72826862335205,8.967594146728516,54.624114990234375,99.76313018798828,125.82276916503906,496.6297912597656,129.53858947753906,47.06966018676758,53.39147186279297,66.05413055419922,122.67859649658203,399.08099365234375
2024-10-31,403.3220520019531,224.8634796142578,154.85423278808594,112.70491027832031,217.31956481933594,162.05360412597656,142.36305236816406,98.66577911376953,63.403053283691406,159.8987274169922,26.44444465637207,21.520000457763672,201.04005432128906,166.18704223632812,285.44775390625,53.393096923828125,81.15866088867188,384.6313781738281,125.9613265991211,201.49900817871094,371.66827392578125,92.11109161376953,149.30999755859375,309.8013000488281,170.72389221191406,111.75653076171875,54.58722686767578,53.12909698486328,308.9056396484375,823.442626953125,531.1102905273438,267.87860107421875,40.85846710205078,86.25017547607422,63.507415771484375,507.4359436035156,104.52156829833984,113.77198028564453,9.561020851135254,9.181108474731445,54.65351486206055,106.11819458007812,126.06725311279297,500.24639892578125,129.31692504882812,50.76066970825195,53.083797454833984,65.8604736328125,121.54621124267578,399.08099365234375
2024-11-01,407.3121032714844,221.87738037109375,155.1157684326172,110.93875885009766,218.3184356689453,161.97512817382812,146.4286346435547,98.24148559570312,63.111812591552734,159.4269561767578,26.248212814331055,23.200000762939453,202.52801513671875,168.3455810546875,288.47705078125,54.1047477722168,81.39634704589844,383.49822998046875,124.73573303222656,204.9376678466797,375.0569152832031,91.73757934570312,154.58999633789062,308.8916931152344,170.64434814453125,116.91209411621094,53.95878601074219,51.74775695800781,310.55413818359375,812.7146606445312,530.429443359375,270.46734619140625,40.79984664916992,86.92021179199219,63.27263641357422,508.9646911621094,106.61466217041016,114.35918426513672,9.495979309082031,9.181108474731445,55.437496185302734,104.47129821777344,126.057861328125,498.2120666503906,129.7313232421875,50.21074295043945,52.53575134277344,66.07349395751953,121.44860076904297,394.87017822265625
2024-11-04,405.41632080078125,220.98153686523438,153.2849578857422,114.4710464477539,215.2239227294922,161.95550537109375,147.2895965576172,98.23184967041016,63.20888900756836,160.1490478515625,25.939851760864258,22.520000457763672,200.6510467529297,167.91981506347656,286.1708984375,54.42645263671875,81.65382385253906,386.4092102050781,123.3924789428711,203.32119750976562,371.984375,92.01280212402344,155.07000732421875,306.65643310546875,170.70401000976562,115.97561645507812,52.8372688293457,52.824249267578125,306.4623718261719,800.0218505859375,528.240966796875,267.98773193359375,40.37973403930664,87.24065399169922,62.313961029052734,501.2423095703125,107.02376556396484,113.66431427001953,9.62606143951416,9.054941177368164,55.14350128173828,105.45943450927734,125.07044219970703,498.6936340332031,128.89288330078125,50.22006607055664,53.17033004760742,65.92826080322266,121.88787841796875,396.1127014160156
2024-11-05,408.39398193359375,222.41488647460938,153.39151000976562,114.808837890625,216.89849853515625,162.62261962890625,146.75389099121094,98.01971435546875,63.46129608154297,161.6028594970703,26.15477180480957,23.31999969482422,201.86669921875,170.08824157714844,290.5389404296875,54.7481575012207,82.87195587158203,390.8245544433594,124.04939270019531,204.53599548339844,378.7518615722656,92.65170288085938,151.0,308.9594421386719,174.18247985839844,116.05448913574219,53.50437927246094,53.30057144165039,312.4185485839844,799.9423828125,531.7911376953125,273.6908874511719,40.917091369628906,87.60966491699219,62.67591094970703,516.4225463867188,108.95512390136719,115.29871368408203,9.849059104919434,9.33639144897461,56.24108123779297,105.79850769042969,125.86035919189453,504.05950927734375,129.94337463378906,50.50900650024414,49.99741744995117,66.14127349853516,121.6828842163086,394.8208312988281
2024-11-06,417.04901123046875,221.68824768066406,152.9362335205078,116.77764129638672,241.93841552734375,158.0017852783203,150.87689208984375,97.132568359375,61.84006118774414,158.57974243164062,25.56608009338379,25.049999237060547,207.73101806640625,179.455078125,287.294677734375,56.415164947509766,82.63427734375,379.37591552734375,131.3048858642578,212.0010986328125,411.85821533203125,88.6806411743164,147.16000366210938,311.3785705566406,179.648681640625,115.1377182006836,59.566402435302734,52.66230010986328,309.3079833984375,770.4876098632812,536.7224731445312,292.75421142578125,44.36592483520508,89.0371322631836,70.89313507080078,584.0623779296875,115.41516876220703,128.68711853027344,10.397260665893555,8.95788860321045,58.60282897949219,110.0804214477539,125.93560028076172,514.1231079101562,126.86898040771484,50.60221481323242,51.208892822265625,63.89493179321289,122.76646423339844,400.0868225097656
2024-11-07,422.2598571777344,226.42620849609375,151.82223510742188,116.92242431640625,231.47982788085938,160.31712341308594,149.96810913085938,97.55684661865234,61.80122756958008,157.89614868164062,25.659521102905273,26.229999542236328,207.81854248046875,184.53456115722656,287.9396057128906,56.61989212036133,83.04032135009766,390.1896057128906,130.4715118408203,213.07875061035156,403.2926330566406,89.22125244140625,150.97999572753906,311.4946594238281,177.7504119873047,113.65906524658203,55.17699432373047,52.11928939819336,313.4978332519531,791.3977661132812,536.7418823242188,284.4822082519531,43.74064254760742,95.06746673583984,68.30079650878906,570.528564453125,114.22591400146484,125.7021255493164,10.321919441223145,8.996710777282715,58.122650146484375,108.88886260986328,126.15187072753906,511.6071472167969,127.45687866210938,49.90316390991211,50.46855163574219,62.87826919555664,122.9812240600586,405.4613037109375
2024-11-08,419.39141845703125,226.15716552734375,150.60169982910156,116.88380432128906,232.06736755371094,164.53573608398438,150.12115478515625,99.24434661865234,62.05363845825195,158.96484375,25.355859756469727,26.200000762939453,207.84771728515625,187.3861846923828,292.15130615234375,56.60039520263672,84.01085662841797,396.4999694824219,131.71669006347656,215.02828979492188,388.63140869140625,90.99053955078125,151.67999267578125,314.755615234375,183.6737518310547,114.93070220947266,53.69774627685547,51.5762825012207,313.7726135253906,825.2290649414062,549.1138916015625,285.2558288574219,44.09236145019531,93.77593994140625,68.91079711914062,577.476806640625,111.90448760986328,126.7688980102539,10.331336975097656,8.802605628967285,58.71063232421875,108.85958862304688,124.5438461303711,519.8721313476562,128.76759338378906,50.378517150878906,50.122413635253906,63.43985366821289,122.53216552734375,388.5982971191406
2024-11-11,414.89520263671875,223.4368133544922,150.1851348876953,116.26614379882812,234.32948303222656,162.8875274658203,149.70982360839844,97.132568359375,61.509986877441406,158.14646911621094,24.90036392211914,25.049999237060547,207.70184326171875,187.26739501953125,294.65289306640625,57.156063079833984,83.39684295654297,398.83465576171875,130.40286254882812,220.6614227294922,391.76324462890625,90.39094543457031,148.9600067138672,311.39788818359375,183.42530822753906,115.1377182006836,53.95878601074219,56.98731994628906,336.6258239746094,826.1221313476562,554.9691772460938,290.58203125,45.02052307128906,94.2226333618164,71.39016723632812,590.2952270507812,112.19940948486328,130.67385864257812,10.576199531555176,9.11317253112793,58.40683364868164,109.30834197998047,123.7633285522461,524.5009765625,128.43026733398438,50.266666412353516,50.34355926513672,62.06493377685547,122.9616928100586,397.0692138671875
2024-11-12,419.87774658203125,223.4368133544922,147.8603057861328,116.15032958984375,234.59390258789062,162.70111083984375,148.55230712890625,95.0593490600586,61.35465621948242,158.22349548339844,24.85291862487793,24.15999984741211,206.6824493408203,187.7129669189453,291.838623046875,57.23405075073242,84.16930389404297,393.74530029296875,127.80461883544922,229.15516662597656,388.2757873535156,89.93880462646484,145.1699981689453,289.17108154296875,181.51710510253906,114.7828369140625,52.23782730102539,56.225196838378906,333.4956359863281,812.645263671875,550.4756469726562,286.1584167480469,44.805580139160156,91.62017059326172,71.42952728271484,580.740234375,112.3326187133789,129.48963928222656,10.453767776489258,8.744375228881836,58.48523712158203,107.9328384399414,122.3809585571289,522.2308349609375,127.3508529663086,50.74202346801758,49.44936752319336,62.21985626220703,119.49700927734375,388.2925720214844
2024-11-13,422.0315856933594,224.3236541748047,148.4415283203125,117.23124694824219,236.16073608398438,163.4271240234375,151.83349609375,94.98220825195312,61.160499572753906,158.60861206054688,25.355859756469727,24.920000076293945,206.74124145507812,187.76246643066406,290.5682373046875,57.692237854003906,84.67438507080078,400.690673828125,128.88314819335938,228.33224487304688,382.4073181152344,89.5161361694336,139.97000122070312,291.6869812011719,182.43145751953125,114.0927963256836,52.469871520996094,55.64408493041992,325.8125305175781,805.6487426757812,542.470703125,285.2955322265625,44.81534957885742,89.94993591308594,71.59678649902344,582.3375854492188,112.73220825195312,129.93003845214844,10.453767776489258,8.763785362243652,58.387237548828125,109.0839614868164,125.70989990234375,511.44989013671875,127.3990478515625,51.497005462646484,49.87242126464844,63.159061431884766,121.1361083984375,384.0522155761719
2024-11-14,423.7090148925781,227.41270446777344,147.11441040039062,117.30908203125,236.8560028076172,163.91766357421875,154.77987670898438,94.84720611572266,60.723636627197266,159.0033416748047,24.69159507751465,25.030000686645508,204.8494873046875,185.20785522460938,291.75067138671875,56.46390914916992,83.65433502197266,396.32415771484375,129.7361602783203,225.9810333251953,382.69378662109375,89.8896484375,138.13999938964844,286.355224609375,177.30316162109375,113.39289855957031,53.262672424316406,55.729820251464844,317.8055419921875,780.2628784179688,524.2435302734375,285.9500732421875,44.844661712646484,89.44497680664062,71.62630462646484,576.8397827148438,113.97855377197266,129.60707092285156,10.425514221191406,8.550271987915039,57.89725112915039,110.15704345703125,124.73192596435547,491.7159729003906,126.90752410888672,51.62749481201172,50.48777770996094,62.65557098388672,121.23426055908203,389.1702575683594
2024-11-15,411.9075927734375,224.2041015625,149.177734375,116.09278869628906,240.22470092773438,166.33108520507812,154.41635131835938,92.87041473388672,59.937294006347656,152.7163848876953,23.53388214111328,24.350000381469727,200.92874145507812,181.9304656982422,285.9559020996094,56.015472412109375,83.43645477294922,398.7272033691406,127.93233489990234,225.43955993652344,379.4434509277344,91.9636459350586,140.19000244140625,274.433837890625,175.8422088623047,114.25052642822266,51.42569351196289,53.55778884887695,315.48980712890625,741.76318359375,520.197265625,284.5317687988281,45.675113677978516,85.84232330322266,73.14147186279297,581.6712036132812,112.99859619140625,131.2023162841797,10.36900806427002,8.229999542236328,57.16810989379883,109.57173156738281,126.07667541503906,485.4754333496094,129.22056579589844,52.13081741333008,51.29542541503906,61.203189849853516,120.26258087158203,393.4205322265625
2024-11-18,412.6619567871094,227.2134246826172,149.9236297607422,117.06583404541016,239.9504852294922,167.5181884765625,155.35372924804688,93.11148834228516,60.05378723144531,152.4371795654297,23.590818405151367,24.84000015258789,203.96731567382812,183.90086364746094,284.4608459472656,55.86924743652344,83.2680892944336,400.9348449707031,128.306884765625,225.30174255371094,379.8287353515625,93.00556182861328,143.8699951171875,271.89788818359375,176.42860412597656,115.68974304199219,54.190826416015625,54.110321044921875,316.4023742675781,722.8760986328125,516.4331665039062,283.212646484375,45.645809173583984,85.90058135986328,72.89550018310547,576.2321166992188,112.89395141601562,130.9282989501953,10.557363510131836,8.65999984741211,57.207523345947266,110.97650146484375,128.63742065429688,480.2569274902344,131.08058166503906,52.51296615600586,50.680076599121094,60.883670806884766,121.1361083984375,398.9231872558594
2024-11-19,414.6767883300781,227.4724884033203,148.2090301513672,115.4311294555664,238.05068969726562,167.5279998779297,154.2327423095703,93.09220886230469,60.76247024536133,150.88710021972656,23.818565368652344,24.200000762939453,206.0845184326172,187.03964233398438,284.0992431640625,55.576786041259766,85.76376342773438,397.379150390625,126.3552474975586,224.66180419921875,377.724365234375,92.01280212402344,145.60000610351562,273.0585632324219,176.4683380126953,115.4630126953125,53.92011260986328,55.47260284423828,316.451416015625,725.3910522460938,518.6702880859375,283.2225341796875,45.342933654785156,85.21112823486328,72.24614715576172,569.7544555664062,112.21844482421875,129.42112731933594,10.406679153442383,8.289999961853027,57.2469367980957,110.32288360595703,126.80012512207031,482.5566101074219,130.69508361816406,52.06557083129883,50.94929122924805,60.786842346191406,118.83940887451172,394.54473876953125
2024-11-20,412.3939208984375,228.18994140625,148.3155975341797,117.0755615234375,235.78860473632812,167.65554809570312,155.90455627441406,93.9600601196289,61.15079116821289,152.83192443847656,23.66673469543457,24.010000228881836,210.3483428955078,188.8714141845703,284.275146484375,56.05447006225586,86.3381576538086,390.7366638183594,126.01024627685547,223.155517578125,376.9044189453125,92.30768585205078,146.0800018310547,280.7835998535156,176.88575744628906,114.28009796142578,54.9449577331543,55.13917922973633,317.32476806640625,748.9302368164062,520.0999755859375,285.3648986816406,45.00098419189453,86.06566619873047,72.39373779296875,570.2933959960938,111.80933380126953,128.8828582763672,10.105308532714844,8.239999771118164,56.764137268066406,110.65457916259766,125.74346923828125,483.50006103515625,131.42755126953125,52.17741775512695,51.458885192871094,61.77446365356445,119.0455322265625,399.34722900390625
2024-11-21,410.61370849609375,227.71165466308594,150.63075256347656,118.64214324951172,239.6860809326172,169.4803466796875,156.19447326660156,96.29363250732422,61.89830780029297,154.3723602294922,23.84703254699707,24.440000534057617,217.99378967285156,190.5348663330078,281.8907775878906,56.11296081542969,87.5364761352539,400.94464111328125,125.49768829345703,222.58450317382812,384.8969421386719,92.64187622070312,143.41000366210938,282.76361083984375,177.601318359375,115.59117126464844,55.205997467041016,55.47260284423828,323.87945556640625,745.4609985351562,527.1807861328125,290.61181640625,45.39178466796875,87.16297149658203,73.62357330322266,584.1898193359375,112.43727111816406,132.11251831054688,10.171234130859375,8.300000190734863,57.71989440917969,109.1620101928711,125.05805206298828,487.853759765625,132.06362915039062,52.224021911621094,51.62387466430664,62.08430099487305,120.40980529785156,431.4756774902344
2024-11-22,414.72113037109375,229.05686950683594,150.3110809326172,118.50592041015625,243.3975372314453,172.9435272216797,156.89993286132812,95.63792419433594,62.05363845825195,155.9705810546875,24.340486526489258,24.5,218.55250549316406,190.39625549316406,283.6594543457031,57.07807540893555,89.56668090820312,410.2734680175781,126.58193969726562,225.5576934814453,392.7017517089844,93.3004379272461,149.2899932861328,287.2796630859375,180.0362548828125,116.08405303955078,56.085811614990234,56.082298278808594,322.28985595703125,743.5624389648438,527.3850708007812,298.8441467285156,45.919368743896484,87.58052825927734,74.73535919189453,590.7265014648438,114.0166015625,131.81890869140625,10.529111862182617,8.65999984741211,58.35049819946289,109.01567840576172,128.34231567382812,488.3057861328125,133.4032440185547,52.87647247314453,51.565643310546875,62.93636703491211,120.38036346435547,440.4593811035156
2024-11-25,416.5013732910156,232.04624938964844,150.90199279785156,116.73500061035156,245.10145568847656,174.0325164794922,154.96717834472656,97.54721069335938,62.50020217895508,156.98150634765625,24.833938598632812,24.8700008392334,221.64990234375,186.13861083984375,289.4347229003906,57.2632942199707,88.6357650756836,418.7427062988281,128.4547576904297,227.0246124267578,400.7634582519531,93.71327209472656,153.10000610351562,286.7626953125,179.10206604003906,116.44878387451172,58.087154388427734,55.996559143066406,326.7643127441406,750.5108032226562,507.611328125,302.7222900390625,46.40787124633789,87.8718490600586,75.66020965576172,590.9714965820312,116.99451446533203,130.8108673095703,10.736302375793457,9.0600004196167,59.20772171020508,103.5039291381836,130.93161010742188,476.9057312011719,134.09716796875,52.89511489868164,51.44917678833008,63.44953155517578,123.4622573852539,456.277099609375
2024-11-26,425.6510925292969,234.22850036621094,150.88246154785156,114.78892517089844,244.78810119628906,175.91616821289062,157.064208984375,97.99077606201172,62.66524124145508,156.1246337890625,24.454360961914062,24.049999237060547,224.29641723632812,188.49514770507812,289.5715026855469,58.091922760009766,90.42827606201172,419.572998046875,131.04710388183594,226.82769775390625,402.917236328125,94.93212127685547,150.75999450683594,273.1170959472656,183.46507263183594,116.28120422363281,57.052642822265625,55.958457946777344,328.71697998046875,784.6268310546875,507.1833801269531,303.079345703125,46.652122497558594,88.70696258544922,76.10294342041016,593.3920288085938,117.92688751220703,128.48158264160156,10.453767776489258,8.729999542236328,59.68067169189453,104.16728210449219,128.47557067871094,480.01129150390625,134.66575622558594,53.67805480957031,52.138275146484375,63.89493179321289,121.0674057006836,454.64996337890625
2024-11-27,420.67840576171875,234.0989532470703,151.7417449951172,114.48728942871094,244.61181640625,175.9652099609375,156.6583251953125,99.43721771240234,62.54874801635742,156.66378784179688,24.51129722595215,23.649999618530273,222.42425537109375,180.9007110595703,288.3500061035156,57.799468994140625,90.9927749633789,419.49444580078125,130.58384704589844,226.0794677734375,398.8370056152344,95.10905456542969,152.39999389648438,273.1756286621094,179.4896697998047,117.25711059570312,57.971134185791016,56.46335983276367,330.1888732910156,783.5034790039062,511.36572265625,301.7701110839844,46.671661376953125,89.7363052368164,75.96520233154297,593.323486328125,118.1266860961914,128.4130859375,10.453767776489258,9.0600004196167,59.61170196533203,104.76235961914062,129.1609649658203,480.6500244140625,134.1549835205078,53.73398208618164,52.76913070678711,64.1273193359375,121.16555786132812,459.5412292480469
2024-11-29,421.1458740234375,236.490478515625,151.3609161376953,114.7791976928711,244.5432891845703,175.8671112060547,156.484375,98.01006317138672,62.6807975769043,157.36660766601562,24.87189483642578,24.049999237060547,222.90455627441406,183.01963806152344,289.2588195800781,57.72148132324219,91.6067886352539,421.3995056152344,131.61878967285156,229.31846618652344,401.2179260253906,94.98126220703125,155.44000244140625,275.90667724609375,181.04006958007812,117.07966613769531,57.86478042602539,56.41572952270508,331.4644775390625,790.620849609375,514.9254760742188,302.1965637207031,46.417640686035156,89.90138244628906,74.94197082519531,596.4006958007812,117.8222427368164,128.8045654296875,10.482022285461426,9.020000457763672,60.18318557739258,105.6891098022461,129.1990509033203,481.210205078125,134.299560546875,53.81787109375,52.99235916137695,64.15636444091797,122.06854248046875,459.4425964355469
2024-12-02,428.624755859375,238.7424774169922,151.15586853027344,114.67215728759766,241.14520263671875,176.2987823486328,156.75497436523438,97.01685333251953,62.260189056396484,156.98150634765625,24.501806259155273,23.93000030517578,222.88494873046875,179.6234130859375,287.48931884765625,57.93594741821289,91.74543762207031,419.2685852050781,130.9879608154297,226.38467407226562,397.6613464355469,95.45308685302734,156.5399932861328,271.2541198730469,179.3306427001953,115.14756774902344,57.120323181152344,57.10163116455078,330.73834228515625,795.04443359375,509.2782897949219,299.7963562011719,45.95845031738281,91.29971313476562,74.06632232666016,592.59912109375,117.63195037841797,128.23690795898438,10.340754508972168,8.979999542236328,59.266841888427734,103.5429458618164,127.58073425292969,478.40740966796875,134.50193786621094,53.29590606689453,52.67207717895508,64.88255310058594,123.63892364501953,456.53350830078125
2024-12-03,428.84356689453125,241.79165649414062,148.7733154296875,114.49702453613281,239.74485778808594,172.09979248046875,156.47471618652344,98.21256256103516,62.13302230834961,155.68174743652344,24.25507926940918,22.469999313354492,224.4630584716797,181.08883666992188,289.5144348144531,57.98469543457031,92.6070327758789,421.61553955078125,129.27285766601562,223.4410400390625,394.4504699707031,92.99573516845703,155.0,271.46868896484375,179.60891723632812,114.63497161865234,57.2266731262207,55.910823822021484,328.618896484375,808.4940795898438,506.0092468261719,299.64752197265625,45.74351119995117,89.81398010253906,72.94469451904297,592.9635009765625,117.4321517944336,127.65950012207031,10.190069198608398,8.949999809265137,59.089481353759766,103.45514678955078,123.47782897949219,478.8613586425781,131.8516082763672,53.03492736816406,51.60446548461914,64.1369857788086,123.84503936767578,452.884765625
2024-12-04,435.0295715332031,242.15037536621094,146.9278106689453,111.19843292236328,238.35427856445312,171.795654296875,152.9958038330078,97.74971008300781,60.85162353515625,154.2183074951172,23.941926956176758,21.959999084472656,228.8640899658203,186.33663940429688,290.0944519042969,58.12117004394531,93.53795623779297,420.2113037109375,128.5828857421875,226.22715759277344,394.69744873046875,93.19231414794922,158.27999877929688,271.41015625,181.52703857421875,114.31951904296875,56.12448501586914,55.60597610473633,325.288330078125,824.9058837890625,506.4986267089844,300.1335754394531,45.30385208129883,88.94001770019531,71.8821029663086,589.6445922851562,117.02305603027344,127.21910095214844,10.114726066589355,8.739999771118164,59.030364990234375,100.977294921875,122.59249877929688,480.2529296875,131.8323211669922,52.61549758911133,50.24568557739258,63.26556396484375,124.4830093383789,449.93621826171875
2024-12-05,440.2011413574219,242.18028259277344,146.0001678466797,111.68494415283203,240.39117431640625,172.69825744628906,153.97181701660156,99.85186004638672,61.54612350463867,154.51678466796875,24.387935638427734,20.799999237060547,230.09913635253906,184.4058380126953,294.4002685546875,58.51111602783203,94.3797607421875,418.8561706542969,131.42166137695312,222.7814178466797,390.2220458984375,93.47737121582031,156.6699981689453,267.5768737792969,171.84693908691406,113.94493103027344,54.973960876464844,56.0537223815918,317.88824462890625,820.7109375,506.47900390625,298.0804138183594,45.919368743896484,90.68795013427734,72.47244262695312,587.7634887695312,118.63092803955078,127.54205322265625,9.832192420959473,8.470000267028809,59.81861877441406,101.8845443725586,121.45967102050781,473.2951965332031,133.14303588867188,53.044246673583984,50.74066925048828,63.46889877319336,123.17761993408203,441.9090270996094
2024-12-06,441.14593505859375,241.98098754882812,145.79510498046875,110.50757598876953,242.23219299316406,170.53009033203125,150.0193634033203,99.40827178955078,61.16463851928711,153.21080017089844,24.416400909423828,20.920000076293945,233.32394409179688,189.8021697998047,293.9186096191406,58.38438034057617,94.77588653564453,423.5991516113281,131.20481872558594,222.8700408935547,390.2714538574219,92.62223052978516,153.92999267578125,265.8699645996094,174.50050354003906,113.95478820800781,53.45603561401367,56.568153381347656,313.15850830078125,821.79443359375,502.1236877441406,301.51220703125,45.92919158935547,89.46440124511719,73.13163757324219,590.5997924804688,117.81272888183594,127.18972778320312,9.898117065429688,8.5600004196167,58.360347747802734,100.69439697265625,119.57481384277344,467.4526062011719,131.00387573242188,53.426395416259766,49.90599060058594,62.99445343017578,123.24632263183594,437.84613037109375
2024-12-09,443.5825500488281,245.8771514892578,146.07827758789062,109.85564422607422,238.75579833984375,167.55743408203125,151.79750061035156,100.08328247070312,61.23310852050781,154.84207153320312,24.767513275146484,20.809999465942383,225.4432373046875,188.57437133789062,296.26812744140625,57.468013763427734,92.9239501953125,421.4486083984375,129.60800170898438,221.6000213623047,394.4504699707031,91.35423278808594,157.0399932861328,270.7956848144531,170.26670837402344,113.26475524902344,54.21016311645508,55.929874420166016,314.4788818359375,798.8020629882812,499.1678466796875,294.30145263671875,45.103939056396484,87.96895599365234,71.44921112060547,585.1240234375,117.58438110351562,125.83914184570312,9.982878684997559,8.850000381469727,56.921783447265625,100.6358642578125,122.35450744628906,472.9004211425781,129.27310180664062,52.06557083129883,50.44950485229492,63.79811096191406,124.51245880126953,443.1811218261719
2024-12-10,440.9072265625,246.8935546875,145.71697998046875,109.63184356689453,237.8254852294922,169.01922607421875,151.72018432617188,97.3929214477539,61.53634262084961,155.20132446289062,24.264570236206055,20.15999984741211,227.12916564941406,175.9895477294922,295.6192932128906,57.243797302246094,93.63699340820312,414.9773254394531,127.9126205444336,225.52818298339844,383.71142578125,92.28801727294922,164.10000610351562,268.9619445800781,170.21702575683594,113.85620880126953,53.320682525634766,55.36781311035156,306.812744140625,794.8257446289062,502.0355529785156,299.64752197265625,44.94675064086914,89.66831970214844,70.88839721679688,576.1716918945312,117.05159759521484,124.0873031616211,9.945205688476562,10.420000076293945,59.83832550048828,99.85543823242188,123.96331787109375,473.8971862792969,129.38978576660156,51.720703125,50.54656219482422,64.04016876220703,123.09910583496094,437.8066711425781
2024-12-11,446.5363464355469,245.6180877685547,143.18797302246094,108.90206909179688,238.48159790039062,167.4004669189453,150.95675659179688,96.18756866455078,61.272239685058594,152.22042846679688,23.941926956176758,20.1200008392334,225.56085205078125,176.82127380371094,291.08734130859375,57.117069244384766,94.04303741455078,413.78912353515625,127.9126205444336,225.5084686279297,384.18560791015625,91.17729949951172,165.9600067138672,266.6795654296875,167.60317993164062,112.51557159423828,50.04312515258789,53.967430114746094,289.7265319824219,791.2969360351562,493.5204772949219,299.87567138671875,45.270957946777344,89.70716094970703,70.44564819335938,583.5877075195312,115.79573822021484,124.87024688720703,9.803938865661621,9.84000015258789,60.42951583862305,99.68960571289062,122.9161605834961,469.3968505859375,126.99783325195312,50.97504425048828,51.36182403564453,63.420494079589844,120.32146453857422,441.8202819824219
2024-12-12,447.10321044921875,247.0828857421875,142.79739379882812,108.80475616455078,236.52304077148438,167.61630249023438,149.5072021484375,97.63399505615234,62.44603729248047,154.28858947753906,24.074783325195312,20.780000686645508,227.65846252441406,173.59339904785156,291.6083984375,57.37052536010742,93.18143463134766,406.9544982910156,127.89290618896484,224.1597137451172,376.1930847167969,91.9636459350586,167.75,267.31353759765625,163.81661987304688,112.23955535888672,47.93544006347656,53.61494445800781,278.81854248046875,777.6981811523438,486.0233154296875,297.852294921875,45.270957946777344,89.70716094970703,69.6585464477539,582.6520385742188,115.08218383789062,125.18343353271484,9.785103797912598,9.729999542236328,62.37059020996094,98.44091796875,122.78289031982422,475.20977783203125,127.27007293701172,51.254669189453125,51.517120361328125,63.98208236694336,121.72500610351562,433.3887939453125
2024-12-13,444.8257141113281,247.25228881835938,143.16842651367188,107.85118103027344,234.9660186767578,167.82232666015625,148.6954345703125,98.35721588134766,61.741756439208984,153.38560485839844,24.27406120300293,20.34000015258789,226.24700927734375,171.682373046875,291.578857421875,57.14630889892578,93.54669952392578,409.4683837890625,128.0604705810547,224.09078979492188,375.92633056640625,91.84569549560547,169.64999389648438,263.9582214355469,164.98934936523438,111.7663803100586,47.732398986816406,53.13861846923828,277.73468017578125,784.427978515625,484.1343688964844,299.6773376464844,44.8681526184082,89.95196533203125,69.30435943603516,576.6148071289062,114.9091567993164,124.6843032836914,9.785103797912598,10.390000343322754,61.148799896240234,98.54822540283203,122.5734634399414,473.71954345703125,127.70762634277344,51.18941879272461,50.857139587402344,64.57271575927734,121.87223815917969,434.3354797363281
2024-12-16,449.1221008300781,250.15196228027344,140.46363830566406,105.54509735107422,234.6134796142578,167.9008026123047,144.3371124267578,97.25884246826172,61.1842041015625,151.4921875,23.960908889770508,20.829999923706055,224.7864990234375,169.5436553955078,292.6700744628906,56.883094787597656,94.16207122802734,403.3113098144531,127.61691284179688,232.34088134765625,374.3554992675781,91.3345718383789,173.1699981689453,259.9396667480469,164.77069091796875,111.01720428466797,45.054283142089844,53.224361419677734,269.26055908203125,774.3681030273438,481.1981201171875,301.09564208984375,44.67166519165039,90.13803100585938,70.81952667236328,577.4520263671875,114.65922546386719,126.27955627441406,9.408390998840332,10.180000305175781,61.1093864440918,97.13370513916016,122.3735580444336,476.2855529785156,127.72709655761719,50.9843635559082,50.16804122924805,63.51731491088867,120.37055206298828,432.3434753417969
2024-12-17,451.9764404296875,252.58334350585938,142.96337890625,105.0975112915039,233.41876220703125,167.10614013671875,143.129150390625,97.25884246826172,62.01564407348633,151.60870361328125,25.080665588378906,20.440000534057617,224.43365478515625,168.0386505126953,291.0676574707031,57.048828125,94.70796203613281,401.1116638183594,126.21723937988281,229.515380859375,371.2730407714844,91.89483642578125,173.02999877929688,259.4031982421875,164.7806396484375,111.67767333984375,42.579200744628906,54.92007064819336,261.70281982421875,773.9904174804688,480.18023681640625,298.8838195800781,44.259037017822266,90.8724594116211,69.66838073730469,565.9783325195312,113.32308197021484,125.01705169677734,9.389555931091309,9.970000267028809,60.2718620300293,95.85575866699219,121.20265197753906,474.0057678222656,127.5131607055664,50.453086853027344,49.97393035888672,63.83683776855469,119.80127716064453,437.4418029785156
2024-12-18,434.999755859375,247.1725616455078,141.3424530029297,103.55036926269531,225.59439086914062,165.8798065185547,139.2346649169922,95.58699035644531,61.4776496887207,149.9483184814453,24.5682315826416,19.299999237060547,215.80799865722656,163.78097534179688,285.9556884765625,56.08371353149414,92.85192108154297,386.7255859375,123.73330688476562,223.34259033203125,359.5065612792969,91.16747283935547,172.6199951171875,252.4097137451172,158.9665985107422,110.33702087402344,43.77806854248047,54.1484260559082,278.2766418457031,760.1630859375,472.6733093261719,285.4343566894531,42.73625183105469,88.80628204345703,67.65143585205078,541.9183349609375,108.45909881591797,118.45986938476562,9.125856399536133,9.699999809265137,59.9959716796875,93.50472259521484,117.87081909179688,461.541015625,126.76446533203125,49.63286209106445,48.38222122192383,61.88096618652344,119.00627136230469,420.0956115722656
2024-12-19,434.6416931152344,248.90638732910156,140.1999969482422,102.6649169921875,228.13072204589844,165.9877166748047,136.4031982421875,96.73395538330078,61.086387634277344,147.07421875,24.454360961914062,19.059999465942383,219.48370361328125,167.12770080566406,285.3167419433594,56.18120193481445,92.70304107666016,378.0841064453125,125.3104019165039,223.36227416992188,356.0289306640625,91.3345718383789,177.0399932861328,254.76036071777344,163.78680419921875,110.8200454711914,42.327823638916016,53.63399887084961,270.7779846191406,753.0357666015625,469.4630126953125,290.6911315917969,42.61835861206055,89.19796752929688,67.73998260498047,545.6016845703125,108.59367370605469,117.9313735961914,9.172945976257324,9.350000381469727,60.06494903564453,92.85111999511719,116.75703430175781,461.0179748535156,127.81459045410156,49.390525817871094,47.926055908203125,61.9777946472168,117.30828094482422,420.71685791015625
2024-12-20,434.2140808105469,253.5897674560547,141.0690460205078,103.01520538330078,232.67453002929688,164.8791046142578,138.04603576660156,95.30511474609375,61.1842041015625,148.3559112548828,25.014240264892578,19.520000457763672,218.93478393554688,167.98912048339844,287.7251892089844,57.048828125,91.55168914794922,385.527587890625,127.42964172363281,224.77993774414062,361.63067626953125,90.45974731445312,177.35000610351562,256.896484375,167.3348388671875,112.60429382324219,42.88858413696289,54.6152229309082,272.8669738769531,763.1949462890625,478.6240539550781,296.2157287597656,43.39448928833008,90.64722442626953,69.20596313476562,557.5283203125,111.62165069580078,120.8087158203125,9.30479621887207,9.550000190734863,60.94187545776367,92.79258728027344,119.64144897460938,463.39642333984375,127.68819427490234,50.18278503417969,49.003379821777344,61.590492248535156,117.98551177978516,426.49566650390625
2024-12-23,432.8714294433594,254.3670196533203,141.8502197265625,103.4336166381836,233.44815063476562,164.92816162109375,138.16200256347656,96.58816528320312,61.01791763305664,146.89944458007812,25.34636878967285,20.200000762939453,217.53311157226562,167.4742431640625,286.3587646484375,57.49726486206055,89.67579650878906,385.3802795410156,127.13391876220703,223.6182403564453,360.98846435546875,90.34180450439453,177.69000244140625,257.501220703125,167.98086547851562,112.68315124511719,42.675880432128906,54.85338592529297,277.508056640625,791.54541015625,476.1478271484375,296.3645324707031,43.11940383911133,91.45999145507812,69.4027328491211,562.137451171875,111.57357788085938,121.79718017578125,9.323630332946777,9.300000190734863,60.06494903564453,94.0217514038086,119.70808410644531,461.0870361328125,127.80487060546875,49.94044494628906,48.92572784423828,61.53239822387695,117.92662811279297,426.3871765136719
2024-12-24,436.92913818359375,257.2866516113281,142.41656494140625,103.53091430664062,237.28688049316406,165.74244689941406,139.0027313232422,96.6659164428711,61.467872619628906,148.37535095214844,25.37483787536621,20.399999618530273,219.9639892578125,169.72189331054688,289.0130615234375,58.34539031982422,91.9884033203125,389.0038146972656,128.4941864013672,225.3509521484375,363.1422119140625,90.81361389160156,179.33999633789062,257.9791259765625,170.4356689453125,113.12674713134766,42.782230377197266,55.02486038208008,275.9610290527344,790.9390258789062,477.75299072265625,300.9865417480469,43.600807189941406,91.9985580444336,70.43580627441406,573.9656372070312,112.53484344482422,124.3515396118164,9.436644554138184,9.1899995803833,60.92217254638672,94.73389434814453,120.1935806274414,464.9261474609375,128.52439880371094,49.837913513183594,49.13925552368164,61.71636962890625,118.74127197265625,426.8408203125
2024-12-26,435.7157897949219,258.1037292480469,142.1529083251953,103.61848449707031,238.0996856689453,166.9393768310547,139.13803100585938,97.07416534423828,61.203765869140625,148.01608276367188,25.204029083251953,20.440000534057617,220.43447875976562,169.98924255371094,289.809326171875,58.47211837768555,92.09759521484375,388.0218200683594,129.3024444580078,228.2650604248047,362.6976318359375,90.79395294189453,180.3800048828125,256.70135498046875,171.0915985107422,113.62947845458984,43.43000793457031,55.25349807739258,277.4587707519531,789.4181518554688,479.56365966796875,301.51220703125,43.767818450927734,92.44900512695312,70.60307312011719,572.42919921875,113.02508544921875,125.30086517333984,9.483734130859375,9.680000305175781,61.83851623535156,94.51927947998047,120.28877258300781,466.0512390136719,129.44813537597656,49.98044204711914,49.119842529296875,61.7357292175293,118.98664855957031,427.8269348144531
2024-12-27,428.1772155761719,254.6858673095703,141.63539123535156,103.60875701904297,236.17051696777344,166.3212890625,139.1573486328125,96.90892028808594,61.086387634277344,148.45301818847656,25.26096534729004,20.299999237060547,218.3662872314453,167.29603576660156,288.6492919921875,58.11142349243164,90.97602081298828,385.7828674316406,128.31674194335938,225.9514923095703,360.4648132324219,90.2435073852539,180.72000122070312,256.1844177246094,169.30970764160156,113.35347747802734,43.01427459716797,54.94865036010742,274.6307678222656,778.5133666992188,478.57513427734375,298.5961608886719,43.56150436401367,92.15524291992188,69.96354675292969,567.4556274414062,111.18907928466797,124.05793762207031,9.446063041687012,9.619999885559082,61.424686431884766,94.54853820800781,120.05078887939453,465.1827392578125,128.15492248535156,49.77140426635742,49.09072494506836,61.919700622558594,118.15235900878906,424.09930419921875
2024-12-30,422.5083312988281,251.307861328125,139.96563720703125,102.9081802368164,234.35887145996094,163.92745971679688,138.25863647460938,95.61615753173828,60.67555618286133,147.31698608398438,25.07117462158203,19.81999969482422,215.8863983154297,165.26622009277344,284.6973571777344,57.70198059082031,89.89415740966797,382.4146423339844,127.28179168701172,223.08660888671875,358.63714599609375,89.24091339111328,176.5500030517578,252.91690063476562,167.33868408203125,111.19464111328125,42.482513427734375,53.405364990234375,271.113037109375,769.2388305664062,473.0941467285156,294.9064636230469,43.13905334472656,90.09886169433594,69.27483367919922,564.8655395507812,109.4491958618164,123.06947326660156,9.30479621887207,9.260000228881836,60.33098602294922,94.71437072753906,119.29874420166016,460.4158935546875,127.00753784179688,49.48634338378906,48.59573745727539,61.35810852050781,116.88623809814453,418.7544860839844
